variant,router_metric,seed,step,source_variant,cancel_active,slot_to_expert_NMI,per_slot_route_purity,max_load,load_entropy_norm,active_experts,target_accuracy,cross_entropy_loss,slot_component_variance_ratio,position_component_variance_ratio,residual_component_variance_ratio,alpha,cancel_until
R2P2_alpha_0,dot_product,20260521,0,original,0,1.000088900581841e-06,1.0,1.0,-0.0,1,0.225,3.442857676744461,0.16776642203330994,0.7427613139152527,0.0894722267985344,0.0,
R2P2_alpha_0,dot_product,20260521,1,original,0,0.08311061510511254,0.8499999940395355,0.8500000238418579,0.3049201449937279,2,0.25,3.0376278549432754,0.20921096205711365,0.6823692321777344,0.10841982066631317,0.0,
R2P2_alpha_0,dot_product,20260521,2,original,0,0.08311061510511256,0.8499999940395355,0.8500000238418579,0.3049201449937279,2,0.25,2.675804540514946,0.26606661081314087,0.60836261510849,0.12557081878185272,0.0,
R2P2_alpha_0,dot_product,20260521,5,original,0,0.08852022993815487,0.9749999940395355,0.9750000238418579,0.0843304513508173,2,0.5,1.7683840483427047,0.5330944657325745,0.35838404297828674,0.10852134972810745,0.0,
R2P2_alpha_0,dot_product,20260521,10,original,0,1.000088900581841e-06,1.0,1.0,-0.0,1,1.0,0.5698025222867728,0.8832728266716003,0.08014712482690811,0.036580055952072144,0.0,
R2P2_alpha_0,dot_product,20260521,20,original,0,1.000088900581841e-06,1.0,1.0,-0.0,1,1.0,0.02204294057446532,0.998651921749115,0.0007296133553609252,0.0006184978410601616,0.0,
R2P2_alpha_0,dot_product,20260521,50,original,0,1.000088900581841e-06,1.0,1.0,-0.0,1,1.0,0.0040371524228248745,0.9999997615814209,1.209128299706208e-07,1.3706127788282174e-07,0.0,
R2P2_alpha_0,dot_product,20260521,1600,original,0,1.000088900581841e-06,1.0,1.0,-0.0,1,1.0,3.658762570921681e-05,0.9999995827674866,2.0644880294184986e-07,2.389145663528325e-07,0.0,
R2P2_alpha_0,dot_product,20260522,0,original,0,1.000088900581841e-06,1.0,1.0,-0.0,1,0.0,3.550990563631058,0.24910278618335724,0.6413460969924927,0.10955111682415009,0.0,
R2P2_alpha_0,dot_product,20260522,1,original,0,1.000088900581841e-06,1.0,1.0,-0.0,1,0.225,3.1181113183498383,0.28409555554389954,0.617742657661438,0.09816168993711472,0.0,
R2P2_alpha_0,dot_product,20260522,2,original,0,1.000088900581841e-06,1.0,1.0,-0.0,1,0.375,2.7154725193977356,0.31398552656173706,0.5929584503173828,0.09305606037378311,0.0,
R2P2_alpha_0,dot_product,20260522,5,original,0,1.000088900581841e-06,1.0,1.0,-0.0,1,0.3,1.7547498917207123,0.47113263607025146,0.45400357246398926,0.07486379891633987,0.0,
R2P2_alpha_0,dot_product,20260522,10,original,0,1.000088900581841e-06,1.0,1.0,-0.0,1,1.0,0.7956297613680363,0.8029668927192688,0.15805333852767944,0.03897963836789131,0.0,
R2P2_alpha_0,dot_product,20260522,20,original,0,1.000088900581841e-06,1.0,1.0,-0.0,1,1.0,0.03615129875252023,0.9907884001731873,0.006179132964462042,0.0030324324034154415,0.0,
R2P2_alpha_0,dot_product,20260522,50,original,0,1.000088900581841e-06,1.0,1.0,-0.0,1,1.0,0.004881632060278207,0.9994786381721497,0.00033439075923524797,0.00018689941498450935,0.0,
R2P2_alpha_0,dot_product,20260522,1600,original,0,1.000088900581841e-06,1.0,1.0,-0.0,1,1.0,4.385314632600057e-05,0.9998472929000854,9.280034282710403e-05,5.999041968607344e-05,0.0,
R2P2_alpha_0,dot_product,20260523,0,original,0,1.000088900581841e-06,1.0,1.0,-0.0,1,0.05,3.440250724554062,0.20814839005470276,0.7135859727859497,0.07826564460992813,0.0,
R2P2_alpha_0,dot_product,20260523,1,original,0,1.000088900581841e-06,1.0,1.0,-0.0,1,0.25,3.0184906840324404,0.21587002277374268,0.6941301822662354,0.0899997428059578,0.0,
R2P2_alpha_0,dot_product,20260523,2,original,0,0.18704991971812218,0.9249999970197678,0.925000011920929,0.19215576435455758,2,0.25,2.656384938955307,0.24185161292552948,0.6534715294837952,0.10467693209648132,0.0,
R2P2_alpha_0,dot_product,20260523,5,original,0,1.000088900581841e-06,1.0,1.0,-0.0,1,0.6,1.6987531930208206,0.4799315631389618,0.4205191135406494,0.09954933822154999,0.0,
R2P2_alpha_0,dot_product,20260523,10,original,0,1.000088900581841e-06,1.0,1.0,-0.0,1,1.0,0.6115267801098525,0.8428972363471985,0.12058039009571075,0.03652232885360718,0.0,
R2P2_alpha_0,dot_product,20260523,20,original,0,1.000088900581841e-06,1.0,1.0,-0.0,1,1.0,0.02559677851386368,0.9927952289581299,0.004124994855374098,0.0030798192601650953,0.0,
R2P2_alpha_0,dot_product,20260523,50,original,0,1.000088900581841e-06,1.0,1.0,-0.0,1,1.0,0.0042775158595759425,0.9977172017097473,0.0009070919477380812,0.0013757947599515319,0.0,
R2P2_alpha_0,dot_product,20260523,1600,original,0,1.000088900581841e-06,1.0,1.0,-0.0,1,1.0,3.580980701372028e-05,0.9997217059135437,0.00013117461639922112,0.00014721097250003368,0.0,
R2P2_alpha_0,dot_product,20260524,0,original,0,1.000088900581841e-06,1.0,1.0,-0.0,1,0.0,3.47450767159462,0.33783119916915894,0.5649762749671936,0.09719250351190567,0.0,
R2P2_alpha_0,dot_product,20260524,1,original,0,0.08852022993815485,0.9749999940395355,0.9750000238418579,0.0843304513508173,2,0.225,3.063661366701126,0.3108181059360504,0.6042436957359314,0.08493811637163162,0.0,
R2P2_alpha_0,dot_product,20260524,2,original,0,1.000088900581841e-06,1.0,1.0,-0.0,1,0.25,2.689919650554657,0.3200857937335968,0.6011570692062378,0.078757144510746,0.0,
R2P2_alpha_0,dot_product,20260524,5,original,0,1.000088900581841e-06,1.0,1.0,-0.0,1,0.25,1.7723510175943376,0.47795015573501587,0.44638997316360474,0.0756598562002182,0.0,
R2P2_alpha_0,dot_product,20260524,10,original,0,1.000088900581841e-06,1.0,1.0,-0.0,1,1.0,0.812880152463913,0.7877969145774841,0.1701071411371231,0.04209589585661888,0.0,
R2P2_alpha_0,dot_product,20260524,20,original,0,1.000088900581841e-06,1.0,1.0,-0.0,1,1.0,0.031112168869003653,0.9864763617515564,0.008029761724174023,0.005493919365108013,0.0,
R2P2_alpha_0,dot_product,20260524,50,original,0,1.000088900581841e-06,1.0,1.0,-0.0,1,1.0,0.004422461235662922,0.9962582588195801,0.001806627493351698,0.0019352269591763616,0.0,
R2P2_alpha_0,dot_product,20260524,1600,original,0,1.000088900581841e-06,1.0,1.0,-0.0,1,1.0,4.087899915248272e-05,0.9995620846748352,0.00020504540589172393,0.0002329064009245485,0.0,
R2P2_alpha_0,dot_product,20260525,0,original,0,0.08852022993815485,0.9749999940395355,0.9750000238418579,0.0843304513508173,2,0.25,3.348937511444092,0.23901046812534332,0.6499563455581665,0.11103326082229614,0.0,
R2P2_alpha_0,dot_product,20260525,1,original,0,1.000088900581841e-06,1.0,1.0,-0.0,1,0.25,2.9360532730817797,0.27837732434272766,0.6052778363227844,0.11634484678506851,0.0,
R2P2_alpha_0,dot_product,20260525,2,original,0,1.000088900581841e-06,1.0,1.0,-0.0,1,0.25,2.5720165759325027,0.30665287375450134,0.5625,0.13084712624549866,0.0,
R2P2_alpha_0,dot_product,20260525,5,original,0,1.000088900581841e-06,1.0,1.0,-0.0,1,0.525,1.7173414081335068,0.45905181765556335,0.39926877617836,0.14167939126491547,0.0,
R2P2_alpha_0,dot_product,20260525,10,original,0,1.000088900581841e-06,1.0,1.0,-0.0,1,1.0,0.6905196000356227,0.8882070183753967,0.07761073112487793,0.03418227657675743,0.0,
R2P2_alpha_0,dot_product,20260525,20,original,0,1.000088900581841e-06,1.0,1.0,-0.0,1,1.0,0.02370461778191384,0.9974514842033386,0.0017557431710883975,0.0007927499827928841,0.0,
R2P2_alpha_0,dot_product,20260525,50,original,0,1.000088900581841e-06,1.0,1.0,-0.0,1,1.0,0.004486893769353628,0.9999886155128479,7.739557986496948e-06,3.698230102600064e-06,0.0,
R2P2_alpha_0,dot_product,20260525,1600,original,0,1.000088900581841e-06,1.0,1.0,-0.0,1,1.0,3.9168414423329524e-05,0.9999831318855286,1.0225297046417836e-05,6.585763458133442e-06,0.0,
R2P2_alpha_0,dot_product,20260526,0,original,0,0.013019350780144998,0.8499999940395355,0.8500000238418579,0.3049201449937279,2,0.0,3.7648286283016206,0.27730557322502136,0.6297672390937805,0.09292715042829514,0.0,
R2P2_alpha_0,dot_product,20260526,1,original,0,0.08852022993815487,0.9749999940395355,0.9750000238418579,0.0843304513508173,2,0.0,3.331215101480484,0.34191498160362244,0.5545499324798584,0.10353519022464752,0.0,
R2P2_alpha_0,dot_product,20260526,2,original,0,1.000088900581841e-06,1.0,1.0,-0.0,1,0.25,2.906769114732742,0.41332361102104187,0.47927770018577576,0.10739871114492416,0.0,
R2P2_alpha_0,dot_product,20260526,5,original,0,1.000088900581841e-06,1.0,1.0,-0.0,1,0.5,1.7834352917969227,0.603373646736145,0.3134084939956665,0.08321796357631683,0.0,
R2P2_alpha_0,dot_product,20260526,10,original,0,1.000088900581841e-06,1.0,1.0,-0.0,1,1.0,0.7617074247449637,0.7854776382446289,0.16827614605426788,0.046246279031038284,0.0,
R2P2_alpha_0,dot_product,20260526,20,original,0,1.000088900581841e-06,1.0,1.0,-0.0,1,1.0,0.03059201641008258,0.9721091985702515,0.019503476098179817,0.008387362584471703,0.0,
R2P2_alpha_0,dot_product,20260526,50,original,0,1.000088900581841e-06,1.0,1.0,-0.0,1,1.0,0.004597274109255522,0.9912210702896118,0.005764535162597895,0.003014465095475316,0.0,
R2P2_alpha_0,dot_product,20260526,1600,original,0,1.000088900581841e-06,1.0,1.0,-0.0,1,1.0,4.075086171724251e-05,0.9950392246246338,0.002729173982515931,0.002231542021036148,0.0,
R2P2_alpha_0,dot_product,20260527,0,original,0,0.08852022993815487,0.9749999940395355,0.9750000238418579,0.0843304513508173,2,0.0,3.831163763999939,0.3717069923877716,0.5641283988952637,0.06416457146406174,0.0,
R2P2_alpha_0,dot_product,20260527,1,original,0,0.2671569304263323,0.875,0.824999988079071,0.33450791126117735,2,0.0,3.3315560579299928,0.402186781167984,0.5330328345298767,0.06478046625852585,0.0,
R2P2_alpha_0,dot_product,20260527,2,original,0,0.5278675351415099,0.9500000029802322,0.699999988079071,0.4406454778951333,2,0.475,2.8682786701247096,0.438820481300354,0.4946475028991699,0.06653191149234772,0.0,
R2P2_alpha_0,dot_product,20260527,5,original,0,0.48718144512887673,0.949999988079071,0.699999988079071,0.4406454778951333,2,0.5,1.7322190195322036,0.482465535402298,0.44600045680999756,0.07153394818305969,0.0,
R2P2_alpha_0,dot_product,20260527,10,original,0,0.6368979998637679,1.0,0.75,0.40563905424694935,2,0.975,0.7666644090786576,0.5938400626182556,0.34069231152534485,0.06546750664710999,0.0,
R2P2_alpha_0,dot_product,20260527,20,original,0,0.6368979998637679,1.0,0.75,0.40563905424694935,2,1.0,0.04332900330482516,0.9676981568336487,0.02003244124352932,0.012269433587789536,0.0,
R2P2_alpha_0,dot_product,20260527,50,original,0,0.6368979998637679,1.0,0.75,0.40563905424694935,2,1.0,0.004472183075267822,0.9997847676277161,0.00012507711653597653,9.020058496389538e-05,0.0,
R2P2_alpha_0,dot_product,20260527,1600,original,0,0.6368979998637679,1.0,0.75,0.40563905424694935,2,1.0,4.1576292596801066e-05,0.999839723110199,8.882935799192637e-05,7.149008888518438e-05,0.0,
R2P2_alpha_0,dot_product,20260528,0,original,0,0.5613605580209552,0.9749999940395355,0.7250000238418579,0.4242740623985381,2,0.0,3.1513808131217957,0.35893213748931885,0.49977394938468933,0.14129391312599182,0.0,
R2P2_alpha_0,dot_product,20260528,1,original,0,0.0851134311566733,0.8749999850988388,0.875,0.2717822268558429,2,0.25,2.7707562863826753,0.3989533483982086,0.4773932695388794,0.123653344810009,0.0,
R2P2_alpha_0,dot_product,20260528,2,original,0,0.06857426065974208,0.949999988079071,0.949999988079071,0.143198495029347,2,0.275,2.4242380231618883,0.4828273057937622,0.40908825397491455,0.10808446258306503,0.0,
R2P2_alpha_0,dot_product,20260528,5,original,0,1.000088900581841e-06,1.0,1.0,-0.0,1,0.775,1.5075605735182762,0.7788091897964478,0.15958958864212036,0.0616011805832386,0.0,
R2P2_alpha_0,dot_product,20260528,10,original,0,1.000088900581841e-06,1.0,1.0,-0.0,1,1.0,0.38351133204996585,0.9541208148002625,0.027996089309453964,0.017883170396089554,0.0,
R2P2_alpha_0,dot_product,20260528,20,original,0,1.000088900581841e-06,1.0,1.0,-0.0,1,1.0,0.01885071287397295,0.9989954233169556,0.00036214510328136384,0.0006424871389754117,0.0,
R2P2_alpha_0,dot_product,20260528,50,original,0,1.000088900581841e-06,1.0,1.0,-0.0,1,1.0,0.004322951013455168,0.9999855756759644,3.928152182197664e-06,1.046035140461754e-05,0.0,
R2P2_alpha_0,dot_product,20260528,1600,original,0,1.000088900581841e-06,1.0,1.0,-0.0,1,1.0,3.297571947769029e-05,0.9999920129776001,2.328748450963758e-06,5.698182121705031e-06,0.0,
R2P2_alpha_0.05,dot_product,20260521,0,original,0,0.6581986194606974,0.8500000089406967,0.550000011920929,0.8005071790356627,4,0.225,3.435012000799179,0.16776642203330994,0.7427613139152527,0.0894722267985344,0.05,
R2P2_alpha_0.05,dot_product,20260521,1,original,0,0.6530628372611855,0.7750000059604645,0.5249999761581421,0.8476191605084408,4,0.25,2.9745921909809114,0.20818297564983368,0.6830819249153137,0.10873520374298096,0.05,
R2P2_alpha_0.05,dot_product,20260521,2,original,0,0.6126353893821751,0.8499999940395355,0.6000000238418579,0.75136210465571,4,0.275,2.5810432960279286,0.2806398272514343,0.5938595533370972,0.12550058960914612,0.05,
R2P2_alpha_0.05,dot_product,20260521,5,original,0,0.5951437789499552,0.9249999970197678,0.675000011920929,0.615948468811162,4,0.525,1.5239128902554513,0.6154807806015015,0.2916717231273651,0.09284745901823044,0.05,
R2P2_alpha_0.05,dot_product,20260521,10,original,0,0.8417442805882991,0.9749999940395355,0.4749999940395355,0.821599217328803,4,1.0,0.26283353473991156,0.9034206867218018,0.06253565102815628,0.034043651074171066,0.05,
R2P2_alpha_0.05,dot_product,20260521,20,original,0,0.8417442805882991,0.9749999940395355,0.4749999940395355,0.821599217328803,4,1.0,0.017839950951747598,0.9733421802520752,0.01222981046885252,0.014428015798330307,0.05,
R2P2_alpha_0.05,dot_product,20260521,50,original,0,0.8417442805882991,0.9749999940395355,0.4749999940395355,0.821599217328803,4,1.0,0.004148037388222292,0.9845038056373596,0.005768417380750179,0.00972780305892229,0.05,
R2P2_alpha_0.05,dot_product,20260521,1600,original,0,0.8417442805882993,0.9749999940395355,0.4749999940395355,0.821599217328803,4,1.0,2.9563449515990214e-05,0.988524854183197,0.003614338580518961,0.007860726676881313,0.05,
R2P2_alpha_0.05,dot_product,20260522,0,original,0,0.304199313294813,0.8250000029802322,0.824999988079071,0.4100309752020329,3,0.0,3.5493222773075104,0.24910278618335724,0.6413460969924927,0.10955111682415009,0.05,
R2P2_alpha_0.05,dot_product,20260522,1,original,0,0.40573166115870446,0.7750000059604645,0.5249999761581421,0.6143948635345928,3,0.225,3.1161305487155913,0.2844296395778656,0.6166476011276245,0.09892280399799347,0.05,
R2P2_alpha_0.05,dot_product,20260522,2,original,0,0.27419004035591205,0.8499999940395355,0.800000011920929,0.41532047361196944,3,0.4,2.7404829850420356,0.3404117226600647,0.5681452751159668,0.09144286811351776,0.05,
R2P2_alpha_0.05,dot_product,20260522,5,original,0,0.23361700894308304,0.9000000059604645,0.8999999761581421,0.23449780700565565,2,0.35,1.7976258501410485,0.5883270502090454,0.35004982352256775,0.06162312999367714,0.05,
R2P2_alpha_0.05,dot_product,20260522,10,original,0,0.6368979998637679,1.0,0.75,0.40563905424694935,2,1.0,0.6145957723259926,0.8501222729682922,0.11783239245414734,0.03204532340168953,0.05,
R2P2_alpha_0.05,dot_product,20260522,20,original,0,0.6368979998637679,1.0,0.75,0.40563905424694935,2,1.0,0.036894847825169566,0.9897116422653198,0.005902150645852089,0.004386262968182564,0.05,
R2P2_alpha_0.05,dot_product,20260522,50,original,0,0.6368979998637679,1.0,0.75,0.40563905424694935,2,1.0,0.004934625997702824,0.9991476535797119,0.0005358761409297585,0.0003164100053254515,0.05,
R2P2_alpha_0.05,dot_product,20260522,1600,original,0,0.6368979998637679,1.0,0.75,0.40563905424694935,2,1.0,3.980020046583377e-05,0.9999718070030212,1.7914187992573716e-05,1.0328151802241337e-05,0.05,
R2P2_alpha_0.05,dot_product,20260523,0,original,0,0.36823317676647616,0.7999999970197678,0.75,0.5675718129152644,4,0.025,3.4241046965122224,0.20814839005470276,0.7135859727859497,0.07826564460992813,0.05,
R2P2_alpha_0.05,dot_product,20260523,1,original,0,1.0000000000001803,1.0,0.25,1.0000000027478353,4,0.25,2.9332016527652742,0.21519024670124054,0.6990675926208496,0.08574213087558746,0.05,
R2P2_alpha_0.05,dot_product,20260523,2,original,0,0.7630676477642586,0.875,0.375,0.9160005803787241,4,0.475,2.52975589632988,0.24957378208637238,0.6506409645080566,0.09978535026311874,0.05,
R2P2_alpha_0.05,dot_product,20260523,5,original,0,0.7191185228009798,0.9249999970197678,0.44999998807907104,0.8283700023106209,4,0.8,1.4175051927566529,0.5195797681808472,0.3826886713504791,0.09773153066635132,0.05,
R2P2_alpha_0.05,dot_product,20260523,10,original,0,0.8052544338082631,0.9749999940395355,0.4749999940395355,0.7611683834252564,3,0.975,0.2943227285053581,0.8638138175010681,0.10075696557760239,0.03542923927307129,0.05,
R2P2_alpha_0.05,dot_product,20260523,20,original,0,0.8417442805882991,0.9749999940395355,0.4749999940395355,0.821599217328803,4,1.0,0.01928591658361256,0.9772394895553589,0.011006876826286316,0.011753689497709274,0.05,
R2P2_alpha_0.05,dot_product,20260523,50,original,0,0.8417442805882993,0.9749999940395355,0.4749999940395355,0.821599217328803,4,1.0,0.004268150093048461,0.9846845269203186,0.006752060726284981,0.008563363924622536,0.05,
R2P2_alpha_0.05,dot_product,20260523,1600,original,0,0.8417442805882993,0.9749999940395355,0.4749999940395355,0.821599217328803,4,1.0,3.360451019034372e-05,0.9901571273803711,0.0036630453541874886,0.006179722957313061,0.05,
R2P2_alpha_0.05,dot_product,20260524,0,original,0,0.1833601555808498,0.8999999910593033,0.8999999761581421,0.30949782870957465,4,0.0,3.4759830832481384,0.33783119916915894,0.5649762749671936,0.09719250351190567,0.05,
R2P2_alpha_0.05,dot_product,20260524,1,original,0,0.20263744113401969,0.8999999910593033,0.8999999761581421,0.2750617210294831,3,0.2,3.0474613469094036,0.3094036877155304,0.6073237061500549,0.08327261358499527,0.05,
R2P2_alpha_0.05,dot_product,20260524,2,original,0,0.16328504948167274,0.9249999970197678,0.925000011920929,0.22659187203464912,3,0.25,2.6663374215364457,0.324947714805603,0.5966430902481079,0.0784091129899025,0.05,
R2P2_alpha_0.05,dot_product,20260524,5,original,0,1.000088900581841e-06,1.0,1.0,-0.0,1,0.35,1.7623999932780863,0.4795035719871521,0.44057315587997437,0.07992329448461533,0.05,
R2P2_alpha_0.05,dot_product,20260524,10,original,0,1.000088900581841e-06,1.0,1.0,-0.0,1,1.0,0.8084436303004623,0.7745891213417053,0.17815375328063965,0.04725707694888115,0.05,
R2P2_alpha_0.05,dot_product,20260524,20,original,0,1.000088900581841e-06,1.0,1.0,-0.0,1,1.0,0.030620889319106937,0.9853752255439758,0.008726926520466805,0.005897810682654381,0.05,
R2P2_alpha_0.05,dot_product,20260524,50,original,0,1.000088900581841e-06,1.0,1.0,-0.0,1,1.0,0.004393917501874967,0.9940902590751648,0.0029534255154430866,0.0029563293792307377,0.05,
R2P2_alpha_0.05,dot_product,20260524,1600,original,0,1.000088900581841e-06,1.0,1.0,-0.0,1,1.0,3.901047039107652e-05,0.9993773102760315,0.00027843491989187896,0.000344415515428409,0.05,
R2P2_alpha_0.05,dot_product,20260525,0,original,0,0.2432038524195432,0.875,0.875,0.3169027352229551,3,0.25,3.360792189836502,0.23901046812534332,0.6499563455581665,0.11103326082229614,0.05,
R2P2_alpha_0.05,dot_product,20260525,1,original,0,0.08852022993815487,0.9749999940395355,0.9750000238418579,0.0843304513508173,2,0.275,2.9390322834253313,0.27580493688583374,0.6072050333023071,0.11698995530605316,0.05,
R2P2_alpha_0.05,dot_product,20260525,2,original,0,1.000088900581841e-06,1.0,1.0,-0.0,1,0.25,2.570948746800423,0.30337193608283997,0.5642719864845276,0.1323561668395996,0.05,
R2P2_alpha_0.05,dot_product,20260525,5,original,0,1.000088900581841e-06,1.0,1.0,-0.0,1,0.55,1.7258062422275544,0.4521322548389435,0.4006477892398834,0.1472199559211731,0.05,
R2P2_alpha_0.05,dot_product,20260525,10,original,0,1.000088900581841e-06,1.0,1.0,-0.0,1,1.0,0.7148704424500465,0.8795989155769348,0.0843970999121666,0.03600408881902695,0.05,
R2P2_alpha_0.05,dot_product,20260525,20,original,0,0.6368979998637679,1.0,0.75,0.40563905424694935,2,1.0,0.022771210831706412,0.9979436993598938,0.0013905403902754188,0.0006657776539213955,0.05,
R2P2_alpha_0.05,dot_product,20260525,50,original,0,0.6368979998637679,1.0,0.75,0.40563905424694935,2,1.0,0.0045495062717236575,0.9999781847000122,1.2417522157193162e-05,9.53900507738581e-06,0.05,
R2P2_alpha_0.05,dot_product,20260525,1600,original,0,0.6368979998637679,1.0,0.75,0.40563905424694935,2,1.0,3.8778023463237335e-05,0.999971866607666,1.385121595376404e-05,1.4330279554997105e-05,0.05,
R2P2_alpha_0.05,dot_product,20260526,0,original,0,0.8387939559387657,0.9000000059604645,0.4000000059604645,0.9304820355293252,4,0.0,3.7871034860610964,0.27730557322502136,0.6297672390937805,0.09292715042829514,0.05,
R2P2_alpha_0.05,dot_product,20260526,1,original,0,1.0000000000001803,1.0,0.25,1.0000000027478353,4,0.2,3.2931341946125032,0.33387312293052673,0.5626529455184937,0.10347391664981842,0.05,
R2P2_alpha_0.05,dot_product,20260526,2,original,0,0.8343601402385008,0.9500000029802322,0.44999998807907104,0.86724891631262,4,0.25,2.844385415315628,0.41772380471229553,0.47555166482925415,0.10672453045845032,0.05,
R2P2_alpha_0.05,dot_product,20260526,5,original,0,0.8417442805882993,0.9749999940395355,0.4749999940395355,0.8215993033201284,4,0.8,1.4716009229421616,0.6350244879722595,0.2858303189277649,0.07914526760578156,0.05,
R2P2_alpha_0.05,dot_product,20260526,10,original,0,0.735408743598159,0.875,0.375,0.8468939096697523,4,1.0,0.3354203192517161,0.7967973351478577,0.16165001690387726,0.041552696377038956,0.05,
R2P2_alpha_0.05,dot_product,20260526,20,original,0,1.0000000000001803,1.0,0.25,1.0000000027478353,4,1.0,0.020026733679696918,0.9397836923599243,0.044743411242961884,0.015473010949790478,0.05,
R2P2_alpha_0.05,dot_product,20260526,50,original,0,1.0000000000001803,1.0,0.25,1.0000000027478353,4,1.0,0.004401921184035018,0.9607217907905579,0.029840555042028427,0.009437639266252518,0.05,
R2P2_alpha_0.05,dot_product,20260526,1600,original,0,1.0000000000001803,1.0,0.25,1.0000000027478353,4,1.0,3.3229028895220834e-05,0.985084056854248,0.010020708665251732,0.004895175341516733,0.05,
R2P2_alpha_0.05,dot_product,20260527,0,original,0,0.6105727716430853,0.9500000029802322,0.699999988079071,0.5381488490230042,3,0.0,3.8122735619544983,0.3717069923877716,0.5641283988952637,0.06416457146406174,0.05,
R2P2_alpha_0.05,dot_product,20260527,1,original,0,0.7420611258360611,0.875,0.375,0.7806390552773876,3,0.0,3.261255168914795,0.393132746219635,0.5398956537246704,0.06697159260511398,0.05,
R2P2_alpha_0.05,dot_product,20260527,2,original,0,0.5466850749394856,0.8250000029802322,0.4749999940395355,0.683495428859459,3,0.475,2.788025438785553,0.4349426329135895,0.4974845051765442,0.06757288426160812,0.05,
R2P2_alpha_0.05,dot_product,20260527,5,original,0,0.5436599464230782,0.949999988079071,0.699999988079071,0.5027179721924908,3,0.675,1.6220795361325144,0.5067771673202515,0.423414021730423,0.06980874389410019,0.05,
R2P2_alpha_0.05,dot_product,20260527,10,original,0,0.5436599464230782,0.949999988079071,0.699999988079071,0.5027179721924908,3,0.975,0.6719135578488931,0.6176494359970093,0.3224802613258362,0.05987028405070305,0.05,
R2P2_alpha_0.05,dot_product,20260527,20,original,0,1.0000000000001803,1.0,0.25,1.0000000027478353,4,1.0,0.027585376612842084,0.9721800088882446,0.017613312229514122,0.010206816717982292,0.05,
R2P2_alpha_0.05,dot_product,20260527,50,original,0,1.0000000000001803,1.0,0.25,1.0000000027478353,4,1.0,0.004076291376259178,0.9991019368171692,0.0002386412234045565,0.0006594941951334476,0.05,
R2P2_alpha_0.05,dot_product,20260527,1600,original,0,1.0000000000001803,1.0,0.25,1.0000000027478353,4,1.0,3.880780404870165e-05,0.9996844530105591,9.82883429969661e-05,0.00021731438755523413,0.05,
R2P2_alpha_0.05,dot_product,20260528,0,original,0,0.5098616671310715,0.875,0.625,0.47721702965749424,2,0.0,3.145279113017023,0.35893213748931885,0.49977394938468933,0.14129391312599182,0.05,
R2P2_alpha_0.05,dot_product,20260528,1,original,0,0.48718144512887673,0.949999988079071,0.699999988079071,0.4406454778951333,2,0.5,2.7172998547554017,0.4083658456802368,0.4680840075016022,0.12355005741119385,0.05,
R2P2_alpha_0.05,dot_product,20260528,2,original,0,0.3111159903384943,0.8999999910593033,0.75,0.40563905424694935,2,0.55,2.341384840011597,0.4975704550743103,0.3955956697463989,0.10683388262987137,0.05,
R2P2_alpha_0.05,dot_product,20260528,5,original,0,0.2815547992055248,0.875,0.875,0.2717822268558429,2,0.9,1.3650139823555947,0.7846890687942505,0.15573281049728394,0.059578053653240204,0.05,
R2P2_alpha_0.05,dot_product,20260528,10,original,0,0.6368979998637679,1.0,0.75,0.40563905424694935,2,1.0,0.23499100264161826,0.9584038257598877,0.025249145925045013,0.016347113996744156,0.05,
R2P2_alpha_0.05,dot_product,20260528,20,original,0,0.6368979998637679,1.0,0.75,0.40563905424694935,2,1.0,0.017431135985680156,0.9922202825546265,0.0043648588471114635,0.003414817852899432,0.05,
R2P2_alpha_0.05,dot_product,20260528,50,original,0,0.6368979998637679,1.0,0.75,0.40563905424694935,2,1.0,0.004287738009588793,0.9968421459197998,0.0018301174277439713,0.0013276993995532393,0.05,
R2P2_alpha_0.05,dot_product,20260528,1600,original,0,0.6368979998637679,1.0,0.75,0.40563905424694935,2,1.0,2.9512802575482057e-05,0.9998283386230469,8.801136573310941e-05,8.37652842164971e-05,0.05,
R2P2_alpha_0.1,dot_product,20260521,0,original,0,0.8806436264743885,0.9249999970197678,0.32499998807907104,0.9835170135064929,4,0.225,3.4258929550647736,0.16776642203330994,0.7427613139152527,0.0894722267985344,0.1,
R2P2_alpha_0.1,dot_product,20260521,1,original,0,0.6181434989237283,0.8500000089406967,0.6000000238418579,0.7452342768141427,4,0.25,2.9981094509363175,0.20584626495838165,0.6860495805740356,0.10810413956642151,0.1,
R2P2_alpha_0.1,dot_product,20260521,2,original,0,0.595143778949955,0.9249999970197678,0.675000011920929,0.615948468811162,4,0.3,2.5963490277528765,0.27667036652565,0.5980044603347778,0.12532515823841095,0.1,
R2P2_alpha_0.1,dot_product,20260521,5,original,0,0.5941906349123078,0.949999988079071,0.699999988079071,0.5631488060960373,4,0.525,1.5223819725215435,0.6112072467803955,0.29496508836746216,0.09382771700620651,0.1,
R2P2_alpha_0.1,dot_product,20260521,10,original,0,0.8417442805882991,0.9749999940395355,0.4749999940395355,0.821599217328803,4,1.0,0.2888618029654026,0.9008110165596008,0.06390406936407089,0.03528492525219917,0.1,
R2P2_alpha_0.1,dot_product,20260521,20,original,0,0.8417442805882991,0.9749999940395355,0.4749999940395355,0.821599217328803,4,1.0,0.01799069461412728,0.973243236541748,0.012265775352716446,0.01449095830321312,0.1,
R2P2_alpha_0.1,dot_product,20260521,50,original,0,0.8417442805882991,0.9749999940395355,0.4749999940395355,0.821599217328803,4,1.0,0.004170029779197648,0.9840664863586426,0.006000661291182041,0.009932942688465118,0.1,
R2P2_alpha_0.1,dot_product,20260521,1600,original,0,0.8417442805882993,0.9749999940395355,0.4749999940395355,0.821599217328803,4,1.0,2.8678343142019003e-05,0.9888030290603638,0.003369715763255954,0.007827208377420902,0.1,
R2P2_alpha_0.1,dot_product,20260522,0,original,0,0.6877381565959764,0.8999999910593033,0.550000011920929,0.7737357576630799,4,0.0,3.5457615315914155,0.24910278618335724,0.6413460969924927,0.10955111682415009,0.1,
R2P2_alpha_0.1,dot_product,20260522,1,original,0,0.5469494667189807,0.875,0.625,0.6746510490561882,4,0.225,3.1086114406585694,0.2876538634300232,0.6135848164558411,0.0987614095211029,0.1,
R2P2_alpha_0.1,dot_product,20260522,2,original,0,0.25364148717683926,0.8499999940395355,0.8500000238418579,0.3987923389247755,4,0.35,2.728868976980448,0.3568032383918762,0.5526672601699829,0.09052952378988266,0.1,
R2P2_alpha_0.1,dot_product,20260522,5,original,0,0.2815547992055249,0.875,0.875,0.2717822268558429,2,0.375,1.7559538632631302,0.6149663925170898,0.32577723264694214,0.059256285429000854,0.1,
R2P2_alpha_0.1,dot_product,20260522,10,original,0,0.6368979998637679,1.0,0.75,0.40563905424694935,2,1.0,0.5955125964712351,0.860942542552948,0.109383225440979,0.029674140736460686,0.1,
R2P2_alpha_0.1,dot_product,20260522,20,original,0,0.6368979998637679,1.0,0.75,0.40563905424694935,2,1.0,0.03775068051181733,0.9885618090629578,0.006797919515520334,0.004640358500182629,0.1,
R2P2_alpha_0.1,dot_product,20260522,50,original,0,0.6368979998637679,1.0,0.75,0.40563905424694935,2,1.0,0.004928401764482259,0.9983132481575012,0.0009737052023410797,0.0007130240555852652,0.1,
R2P2_alpha_0.1,dot_product,20260522,1600,original,0,0.6368979998637679,1.0,0.75,0.40563905424694935,2,1.0,3.855749055219349e-05,0.9999706745147705,1.750434239511378e-05,1.1836386875074822e-05,0.1,
R2P2_alpha_0.1,dot_product,20260523,0,original,0,0.7514319279316788,0.8499999940395355,0.4000000059604645,0.954435951124148,4,0.025,3.410670679807663,0.20814839005470276,0.7135859727859497,0.07826564460992813,0.1,
R2P2_alpha_0.1,dot_product,20260523,1,original,0,1.0000000000001803,1.0,0.25,1.0000000027478353,4,0.25,2.918512690067291,0.21488520503044128,0.6994488835334778,0.08566603809595108,0.1,
R2P2_alpha_0.1,dot_product,20260523,2,original,0,0.744558972870716,0.875,0.375,0.8868595820425534,4,0.5,2.503823420405388,0.2526003122329712,0.6477362513542175,0.09966352581977844,0.1,
R2P2_alpha_0.1,dot_product,20260523,5,original,0,0.6272168905116711,0.8500000089406967,0.44999998807907104,0.796316735756065,4,0.775,1.4237321719527245,0.5316246151924133,0.371947705745697,0.09642767906188965,0.1,
R2P2_alpha_0.1,dot_product,20260523,10,original,0,0.8417442805882991,0.9749999940395355,0.4749999940395355,0.821599217328803,4,1.0,0.2512081328779459,0.8754884600639343,0.09095826745033264,0.03355327621102333,0.1,
R2P2_alpha_0.1,dot_product,20260523,20,original,0,0.8343601402385008,0.9500000029802322,0.44999998807907104,0.86724891631262,4,1.0,0.018710262631066142,0.9751165509223938,0.011922438628971577,0.012961042113602161,0.1,
R2P2_alpha_0.1,dot_product,20260523,50,original,0,0.8417442805882993,0.9749999940395355,0.4749999940395355,0.821599217328803,4,1.0,0.004296877991873771,0.9825592637062073,0.007843281142413616,0.009597505442798138,0.1,
R2P2_alpha_0.1,dot_product,20260523,1600,original,0,1.0000000000001803,1.0,0.25,1.0000000027478353,4,1.0,3.271941600360151e-05,0.9930624961853027,0.0027516097761690617,0.004185972735285759,0.1,
R2P2_alpha_0.1,dot_product,20260524,0,original,0,0.4312091262312969,0.6500000059604645,0.6499999761581421,0.7430801081207605,4,0.0,3.4820456564426423,0.33783119916915894,0.5649762749671936,0.09719250351190567,0.1,
R2P2_alpha_0.1,dot_product,20260524,1,original,0,0.38558731842113536,0.7249999940395355,0.7250000238418579,0.609704896645564,4,0.2,3.0313549876213073,0.3085182011127472,0.6083246469497681,0.08315704762935638,0.1,
R2P2_alpha_0.1,dot_product,20260524,2,original,0,0.2916707965316869,0.8250000029802322,0.824999988079071,0.42071539738688485,3,0.25,2.6480925787240266,0.3321779668331146,0.5882596969604492,0.07956239581108093,0.1,
R2P2_alpha_0.1,dot_product,20260524,5,original,0,0.1242308847268948,0.949999988079071,0.949999988079071,0.1681984950980429,3,0.5,1.7450653210282325,0.49938610196113586,0.41867920756340027,0.08193463832139969,0.1,
R2P2_alpha_0.1,dot_product,20260524,10,original,0,0.16328504948167274,0.9249999970197678,0.925000011920929,0.22659187203464912,3,1.0,0.7282715456094593,0.7811996340751648,0.17094118893146515,0.04785909876227379,0.1,
R2P2_alpha_0.1,dot_product,20260524,20,original,0,0.866025403784751,1.0,0.5,0.7500000020608765,3,1.0,0.0251161209307611,0.9852797985076904,0.00820525549352169,0.0065149120055139065,0.1,
R2P2_alpha_0.1,dot_product,20260524,50,original,0,0.7417664110783095,0.9500000029802322,0.550000011920929,0.7193793509880078,3,1.0,0.005286560923559591,0.9973349571228027,0.0010652095079421997,0.0015997735317796469,0.1,
R2P2_alpha_0.1,dot_product,20260524,1600,original,0,0.6368979998637679,1.0,0.75,0.40563905424694935,2,1.0,3.654292931969394e-05,0.99803626537323,0.0008759873453527689,0.0010878341272473335,0.1,
R2P2_alpha_0.1,dot_product,20260525,0,original,0,0.6581986194606975,0.8500000089406967,0.550000011920929,0.8005071790356627,4,0.25,3.384180749952793,0.23901046812534332,0.6499563455581665,0.11103326082229614,0.1,
R2P2_alpha_0.1,dot_product,20260525,1,original,0,0.21752735685019406,0.8749999850988388,0.875,0.3574666707446139,4,0.275,2.948461957089603,0.2820444107055664,0.601292073726654,0.11666341871023178,0.1,
R2P2_alpha_0.1,dot_product,20260525,2,original,0,0.15095719193169269,0.9249999821186066,0.925000011920929,0.251591872103345,4,0.275,2.586491560935974,0.32033786177635193,0.5484325885772705,0.13122954964637756,0.1,
R2P2_alpha_0.1,dot_product,20260525,5,original,0,1.000088900581841e-06,1.0,1.0,-0.0,1,0.525,1.7587190866470337,0.4943564832210541,0.36779317259788513,0.1378502994775772,0.1,
R2P2_alpha_0.1,dot_product,20260525,10,original,0,0.08852022993815487,0.9749999940395355,0.9750000238418579,0.0843304513508173,2,1.0,0.664917948609218,0.8881634473800659,0.07872361689805984,0.033112987875938416,0.1,
R2P2_alpha_0.1,dot_product,20260525,20,original,0,0.866025403784751,1.0,0.5,0.7500000020608765,3,1.0,0.019739219173789024,0.9973107576370239,0.0018469516653567553,0.0008421848178841174,0.1,
R2P2_alpha_0.1,dot_product,20260525,50,original,0,0.866025403784751,1.0,0.5,0.7500000020608765,3,1.0,0.004547606862615794,0.9999633431434631,2.0256522475392558e-05,1.6541343939024955e-05,0.1,
R2P2_alpha_0.1,dot_product,20260525,1600,original,0,0.866025403784751,1.0,0.5,0.7500000020608765,3,1.0,3.5639958059618945e-05,0.9999647736549377,1.854590664152056e-05,1.6554162357351743e-05,0.1,
R2P2_alpha_0.1,dot_product,20260526,0,original,0,0.9404189282521158,0.9749999940395355,0.2750000059604645,0.9981935829744978,4,0.0,3.7887861728668213,0.27730557322502136,0.6297672390937805,0.09292715042829514,0.1,
R2P2_alpha_0.1,dot_product,20260526,1,original,0,1.0000000000001803,1.0,0.25,1.0000000027478353,4,0.2,3.2816483080387115,0.3269854485988617,0.5697342753410339,0.10328028351068497,0.1,
R2P2_alpha_0.1,dot_product,20260526,2,original,0,0.8343601402385008,0.9500000029802322,0.44999998807907104,0.86724891631262,4,0.25,2.8219272077083586,0.40863850712776184,0.4840868413448334,0.10727477818727493,0.1,
R2P2_alpha_0.1,dot_product,20260526,5,original,0,0.8417442805882993,0.9749999940395355,0.4749999940395355,0.8215993033201284,4,0.825,1.4039499443024397,0.6324766874313354,0.2888537645339966,0.07866953313350677,0.1,
R2P2_alpha_0.1,dot_product,20260526,10,original,0,1.0000000000001803,1.0,0.25,1.0000000027478353,4,1.0,0.1988754431135021,0.7971823215484619,0.16152024269104004,0.04129742830991745,0.1,
R2P2_alpha_0.1,dot_product,20260526,20,original,0,1.0000000000001803,1.0,0.25,1.0000000027478353,4,1.0,0.019323742599226534,0.941914439201355,0.04335090517997742,0.014734572730958462,0.1,
R2P2_alpha_0.1,dot_product,20260526,50,original,0,1.0000000000001803,1.0,0.25,1.0000000027478353,4,1.0,0.00438843410811387,0.9619525074958801,0.0293646939098835,0.008682827465236187,0.1,
R2P2_alpha_0.1,dot_product,20260526,1600,original,0,1.0000000000001803,1.0,0.25,1.0000000027478353,4,1.0,3.256445952501963e-05,0.9842045903205872,0.010839574970304966,0.004955904558300972,0.1,
R2P2_alpha_0.1,dot_product,20260527,0,original,0,0.6748357603134092,0.9000000059604645,0.6000000238418579,0.6763621044496223,3,0.0,3.799036665633321,0.3717069923877716,0.5641283988952637,0.06416457146406174,0.1,
R2P2_alpha_0.1,dot_product,20260527,1,original,0,0.8340170934575095,0.9249999970197678,0.42500001192092896,0.9024600423109934,4,0.0,3.255870485305786,0.3898265063762665,0.5426658987998962,0.06750762462615967,0.1,
R2P2_alpha_0.1,dot_product,20260527,2,original,0,0.5454416849795938,0.875,0.5,0.6868961278062947,4,0.475,2.771542692184448,0.43304890394210815,0.4991113841533661,0.06783966720104218,0.1,
R2P2_alpha_0.1,dot_product,20260527,5,original,0,0.5436599464230782,0.949999988079071,0.699999988079071,0.5027179721924908,3,0.625,1.592860470712185,0.5132220387458801,0.417783260345459,0.06899480521678925,0.1,
R2P2_alpha_0.1,dot_product,20260527,10,original,0,0.6785005458129816,0.9749999940395355,0.5,0.5715992596375069,3,0.75,0.6772348108701408,0.6251691579818726,0.3163260817527771,0.05850476771593094,0.1,
R2P2_alpha_0.1,dot_product,20260527,20,original,0,1.0000000000001803,1.0,0.25,1.0000000027478353,4,1.0,0.021281020529568196,0.965365469455719,0.022256014868617058,0.012378476560115814,0.1,
R2P2_alpha_0.1,dot_product,20260527,50,original,0,1.0000000000001803,1.0,0.25,1.0000000027478353,4,1.0,0.0043834340525791046,0.9982348084449768,0.0007379165617749095,0.0010272810468450189,0.1,
R2P2_alpha_0.1,dot_product,20260527,1600,original,0,1.0000000000001803,1.0,0.25,1.0000000027478353,4,1.0,3.694821634780965e-05,0.999187707901001,0.0003669440920930356,0.0004454194859135896,0.1,
R2P2_alpha_0.1,dot_product,20260528,0,original,0,0.60484341540886,0.875,0.625,0.7100818828910389,4,0.0,3.1503985336050393,0.35893213748931885,0.49977394938468933,0.14129391312599182,0.1,
R2P2_alpha_0.1,dot_product,20260528,1,original,0,0.5789816528667865,0.8499999940395355,0.6000000238418579,0.7349866045711567,4,0.475,2.7103454232215882,0.4183118939399719,0.45880982279777527,0.12287832051515579,0.1,
R2P2_alpha_0.1,dot_product,20260528,2,original,0,0.6591363499301048,0.875,0.574999988079071,0.7513267622209576,4,0.8,2.287143164873123,0.524985134601593,0.3702522814273834,0.10476254671812057,0.1,
R2P2_alpha_0.1,dot_product,20260528,5,original,0,0.6181088799638396,0.9249999970197678,0.675000011920929,0.5815123826289018,3,1.0,1.1712336644530297,0.8181387186050415,0.1282655894756317,0.05359572172164917,0.1,
R2P2_alpha_0.1,dot_product,20260528,10,original,0,0.866025403784751,1.0,0.5,0.7500000020608765,3,1.0,0.17567330412566662,0.9596394300460815,0.02417183108627796,0.016188783571124077,0.1,
R2P2_alpha_0.1,dot_product,20260528,20,original,0,0.866025403784751,1.0,0.5,0.7500000020608765,3,1.0,0.017171294358558954,0.9916854500770569,0.0045186360366642475,0.0037959699984639883,0.1,
R2P2_alpha_0.1,dot_product,20260528,50,original,0,0.866025403784751,1.0,0.5,0.7500000020608765,3,1.0,0.004323107632808387,0.9932994246482849,0.003093786770477891,0.0036067506298422813,0.1,
R2P2_alpha_0.1,dot_product,20260528,1600,original,0,0.866025403784751,1.0,0.5,0.7500000020608765,3,1.0,3.060651029045403e-05,0.9997979402542114,0.00010078398190671578,0.00010133944306289777,0.1,
R2P2_alpha_0.2,dot_product,20260521,0,original,0,1.0000000000001803,1.0,0.25,1.0000000027478353,4,0.225,3.4313076812773944,0.16776642203330994,0.7427613139152527,0.0894722267985344,0.2,
R2P2_alpha_0.2,dot_product,20260521,1,original,0,0.5927981160388345,0.7250000014901161,0.44999998807907104,0.8762889263812472,4,0.25,2.9724253922700883,0.20637421309947968,0.6854715347290039,0.10815424472093582,0.2,
R2P2_alpha_0.2,dot_product,20260521,2,original,0,0.5965512101796101,0.9000000059604645,0.6499999761581421,0.6680801079146729,4,0.3,2.592941477894783,0.27863556146621704,0.5961029529571533,0.12526154518127441,0.2,
R2P2_alpha_0.2,dot_product,20260521,5,original,0,0.5941906349123078,0.949999988079071,0.699999988079071,0.5631488060960373,4,0.525,1.5417856405489148,0.6182281374931335,0.28931063413619995,0.09246132522821426,0.2,
R2P2_alpha_0.2,dot_product,20260521,10,original,0,0.8417442805882991,0.9749999940395355,0.4749999940395355,0.821599217328803,4,1.0,0.2733708702027798,0.9042179584503174,0.06182505935430527,0.03395691514015198,0.2,
R2P2_alpha_0.2,dot_product,20260521,20,original,0,0.8417442805882991,0.9749999940395355,0.4749999940395355,0.821599217328803,4,1.0,0.01856013123615412,0.9697368741035461,0.015490570105612278,0.014772527851164341,0.2,
R2P2_alpha_0.2,dot_product,20260521,50,original,0,0.8417442805882991,0.9749999940395355,0.4749999940395355,0.821599217328803,4,1.0,0.0042580617708154024,0.9887387156486511,0.0036188322119414806,0.0076424903236329556,0.2,
R2P2_alpha_0.2,dot_product,20260521,1600,original,0,0.8417442805882993,0.9749999940395355,0.4749999940395355,0.821599217328803,4,1.0,3.107139646090218e-05,0.9896411895751953,0.0030012736096978188,0.007357516326010227,0.2,
R2P2_alpha_0.2,dot_product,20260522,0,original,0,0.8480673495594986,0.875,0.375,0.9528194861886885,4,0.0,3.544907546043396,0.24910278618335724,0.6413460969924927,0.10955111682415009,0.2,
R2P2_alpha_0.2,dot_product,20260522,1,original,0,0.4704256177331704,0.7250000089406967,0.625,0.7641154781304416,4,0.15,3.099070258066058,0.29479119181632996,0.605495035648346,0.09971369802951813,0.2,
R2P2_alpha_0.2,dot_product,20260522,2,original,0,0.27409385801124087,0.8250000029802322,0.824999988079071,0.45515148356914503,4,0.35,2.717895182967186,0.3773423433303833,0.5335059762001038,0.08915167301893234,0.2,
R2P2_alpha_0.2,dot_product,20260522,5,original,0,0.304199313294813,0.8250000029802322,0.824999988079071,0.4100309752020329,3,0.425,1.7179365649819374,0.6461212038993835,0.298598974943161,0.055279914289712906,0.2,
R2P2_alpha_0.2,dot_product,20260522,10,original,0,0.866025403784751,1.0,0.5,0.7500000020608765,3,1.0,0.36816571417730304,0.886923611164093,0.08859200775623322,0.024484427645802498,0.2,
R2P2_alpha_0.2,dot_product,20260522,20,original,0,0.866025403784751,1.0,0.5,0.7500000020608765,3,1.0,0.023165479628369214,0.9738222360610962,0.014570426195859909,0.011607364751398563,0.2,
R2P2_alpha_0.2,dot_product,20260522,50,original,0,0.866025403784751,1.0,0.5,0.7500000020608765,3,1.0,0.004918661352712661,0.9866567254066467,0.006618402898311615,0.006724996026605368,0.2,
R2P2_alpha_0.2,dot_product,20260522,1600,original,0,0.866025403784751,1.0,0.5,0.7500000020608765,3,1.0,3.36671078002837e-05,0.9970177412033081,0.0008179857395589352,0.0021642320789396763,0.2,
R2P2_alpha_0.2,dot_product,20260523,0,original,0,1.0000000000001803,1.0,0.25,1.0000000027478353,4,0.025,3.4051973938941957,0.20814839005470276,0.7135859727859497,0.07826564460992813,0.2,
R2P2_alpha_0.2,dot_product,20260523,1,original,0,0.8480673495594984,0.875,0.375,0.9528194861886885,4,0.25,2.9263701260089876,0.21491920948028564,0.6998615860939026,0.08521921932697296,0.2,
R2P2_alpha_0.2,dot_product,20260523,2,original,0,0.7231622551303084,0.9249999970197678,0.5249999761581421,0.7927397545920948,4,0.5,2.5094422519207003,0.2540840804576874,0.646760106086731,0.09915580600500107,0.2,
R2P2_alpha_0.2,dot_product,20260523,5,original,0,0.595953634697766,0.8500000089406967,0.44999998807907104,0.7541450419206465,4,0.775,1.462493424117565,0.533160388469696,0.37085041403770447,0.09598933160305023,0.2,
R2P2_alpha_0.2,dot_product,20260523,10,original,0,0.7856854705501443,0.9500000029802322,0.44999998807907104,0.8318180824777693,4,1.0,0.2771474211476743,0.8781092166900635,0.08923821151256561,0.03265265002846718,0.2,
R2P2_alpha_0.2,dot_product,20260523,20,original,0,0.9404189282521158,0.9749999940395355,0.2750000059604645,0.9981935829744978,4,1.0,0.01862999112345278,0.9804182648658752,0.008845797739923,0.010735915042459965,0.2,
R2P2_alpha_0.2,dot_product,20260523,50,original,0,1.0000000000001803,1.0,0.25,1.0000000027478353,4,1.0,0.004178226453950629,0.9880204200744629,0.004574352875351906,0.007405346259474754,0.2,
R2P2_alpha_0.2,dot_product,20260523,1600,original,0,1.0000000000001803,1.0,0.25,1.0000000027478353,4,1.0,3.0910475697965015e-05,0.9959015846252441,0.0013309279456734657,0.0027674611192196608,0.2,
R2P2_alpha_0.2,dot_product,20260524,0,original,0,1.0000000000001803,1.0,0.25,1.0000000027478353,4,0.0,3.4933183014392855,0.33783119916915894,0.5649762749671936,0.09719250351190567,0.2,
R2P2_alpha_0.2,dot_product,20260524,1,original,0,0.8343601402385008,0.9500000029802322,0.44999998807907104,0.86724891631262,4,0.2,3.000556582212448,0.30461379885673523,0.6101351976394653,0.08525093644857407,0.2,
R2P2_alpha_0.2,dot_product,20260524,2,original,0,0.7557349280195718,0.9249999970197678,0.42500001192092896,0.7758157158426147,3,0.225,2.569673651456833,0.33555522561073303,0.5820910930633545,0.08235371857881546,0.2,
R2P2_alpha_0.2,dot_product,20260524,5,original,0,0.7744952575923134,0.9500000029802322,0.44999998807907104,0.7697455881804118,3,0.85,1.4073224127292634,0.5461490750312805,0.37331971526145935,0.08053123950958252,0.2,
R2P2_alpha_0.2,dot_product,20260524,10,original,0,0.866025403784751,1.0,0.5,0.7500000020608765,3,1.0,0.2888227172894403,0.853915810585022,0.11063229292631149,0.035451970994472504,0.2,
R2P2_alpha_0.2,dot_product,20260524,20,original,0,0.866025403784751,1.0,0.5,0.7500000020608765,3,1.0,0.02721923691860866,0.9756295084953308,0.013774799183011055,0.010595709085464478,0.2,
R2P2_alpha_0.2,dot_product,20260524,50,original,0,0.866025403784751,1.0,0.5,0.7500000020608765,3,1.0,0.004780062404461205,0.9876521229743958,0.006514342967420816,0.005833637434989214,0.2,
R2P2_alpha_0.2,dot_product,20260524,1600,original,0,0.866025403784751,1.0,0.5,0.7500000020608765,3,1.0,3.271345813118387e-05,0.9952529668807983,0.0018660160712897778,0.002880923682823777,0.2,
R2P2_alpha_0.2,dot_product,20260525,0,original,0,0.8806436264743885,0.9249999970197678,0.32499998807907104,0.9835170135064929,4,0.25,3.399972641468048,0.23901046812534332,0.6499563455581665,0.11103326082229614,0.2,
R2P2_alpha_0.2,dot_product,20260525,1,original,0,0.3694681178984066,0.7250000089406967,0.7250000238418579,0.629825447939643,4,0.275,2.953071618080139,0.2794380784034729,0.6036065220832825,0.11695533990859985,0.2,
R2P2_alpha_0.2,dot_product,20260525,2,original,0,0.1833601555808498,0.8999999910593033,0.8999999761581421,0.30949782870957465,4,0.275,2.6032136380672455,0.32277217507362366,0.5459222197532654,0.1313055157661438,0.2,
R2P2_alpha_0.2,dot_product,20260525,5,original,0,0.08852022993815487,0.9749999940395355,0.9750000238418579,0.0843304513508173,2,0.45,1.7787845358252525,0.5186076760292053,0.34908270835876465,0.132309690117836,0.2,
R2P2_alpha_0.2,dot_product,20260525,10,original,0,0.3466416947692052,0.8500000089406967,0.800000011920929,0.4420918519888895,3,1.0,0.5587839303538203,0.8968464136123657,0.07249476760625839,0.030658768489956856,0.2,
R2P2_alpha_0.2,dot_product,20260525,20,original,0,0.866025403784751,1.0,0.5,0.7500000020608765,3,1.0,0.01916544921696186,0.9956063032150269,0.003144313581287861,0.0012494535185396671,0.2,
R2P2_alpha_0.2,dot_product,20260525,50,original,0,0.866025403784751,1.0,0.5,0.7500000020608765,3,1.0,0.004466369142755866,0.9998484253883362,0.00010091881267726421,5.0667982577579096e-05,0.2,
R2P2_alpha_0.2,dot_product,20260525,1600,original,0,0.866025403784751,1.0,0.5,0.7500000020608765,3,1.0,3.428994805290131e-05,0.9999111294746399,5.8897636336041614e-05,3.002272751473356e-05,0.2,
R2P2_alpha_0.2,dot_product,20260526,0,original,0,1.0000000000001803,1.0,0.25,1.0000000027478353,4,0.0,3.7895525634288787,0.27730557322502136,0.6297672390937805,0.09292715042829514,0.2,
R2P2_alpha_0.2,dot_product,20260526,1,original,0,1.0000000000001803,1.0,0.25,1.0000000027478353,4,0.2,3.2790579557418824,0.32270750403404236,0.5739510655403137,0.1033414900302887,0.2,
R2P2_alpha_0.2,dot_product,20260526,2,original,0,0.8343601402385008,0.9500000029802322,0.44999998807907104,0.86724891631262,4,0.25,2.814771905913949,0.404041051864624,0.488472044467926,0.10748697817325592,0.2,
R2P2_alpha_0.2,dot_product,20260526,5,original,0,0.8417442805882993,0.9749999940395355,0.4749999940395355,0.8215993033201284,4,0.9,1.3841385159641504,0.630618691444397,0.2911180853843689,0.07826316356658936,0.2,
R2P2_alpha_0.2,dot_product,20260526,10,original,0,0.8618387297192595,0.9000000059604645,0.3499999940395355,0.9703226765149491,4,1.0,0.23823997098952532,0.7966896295547485,0.16147324442863464,0.041836995631456375,0.2,
R2P2_alpha_0.2,dot_product,20260526,20,original,0,1.0000000000001803,1.0,0.25,1.0000000027478353,4,1.0,0.01942803245037794,0.940983772277832,0.04418632388114929,0.014829779043793678,0.2,
R2P2_alpha_0.2,dot_product,20260526,50,original,0,1.0000000000001803,1.0,0.25,1.0000000027478353,4,1.0,0.004379389836685732,0.9618027210235596,0.029718101024627686,0.008479150012135506,0.2,
R2P2_alpha_0.2,dot_product,20260526,1600,original,0,1.0000000000001803,1.0,0.25,1.0000000027478353,4,1.0,3.203697729077248e-05,0.9813090562820435,0.013334961608052254,0.005355962086468935,0.2,
R2P2_alpha_0.2,dot_product,20260527,0,original,0,0.9404189282521158,0.9749999940395355,0.2750000059604645,0.9981935829744978,4,0.0,3.781044441461563,0.3717069923877716,0.5641283988952637,0.06416457146406174,0.2,
R2P2_alpha_0.2,dot_product,20260527,1,original,0,0.9057917190389746,0.9500000029802322,0.30000001192092896,0.9927376913498516,4,0.0,3.2175362026318908,0.3878677785396576,0.5457021594047546,0.06643000990152359,0.2,
R2P2_alpha_0.2,dot_product,20260527,2,original,0,0.7638096609452468,0.9249999970197678,0.4749999940395355,0.8552237173816416,4,0.5,2.699311393499374,0.4293353855609894,0.5028372406959534,0.0678272470831871,0.2,
R2P2_alpha_0.2,dot_product,20260527,5,original,0,0.8417442805882993,0.9749999940395355,0.4749999940395355,0.821599217328803,4,0.9,1.3168188581243156,0.5163871049880981,0.41253143548965454,0.07108145952224731,0.2,
R2P2_alpha_0.2,dot_product,20260527,10,original,0,0.7583580164656423,0.9249999970197678,0.42500001192092896,0.8393928003610455,4,0.825,0.45235421061515807,0.6926735043525696,0.2528393566608429,0.05448713153600693,0.2,
R2P2_alpha_0.2,dot_product,20260527,20,original,0,1.0000000000001803,1.0,0.25,1.0000000027478353,4,1.0,0.020115375122986733,0.972041666507721,0.018003039062023163,0.009955372661352158,0.2,
R2P2_alpha_0.2,dot_product,20260527,50,original,0,1.0000000000001803,1.0,0.25,1.0000000027478353,4,1.0,0.004209170135436579,0.9994446039199829,0.0002442008117213845,0.00031116537866182625,0.2,
R2P2_alpha_0.2,dot_product,20260527,1600,original,0,1.0000000000001803,1.0,0.25,1.0000000027478353,4,1.0,3.446575510679395e-05,0.9998133182525635,8.637418068246916e-05,0.00010038602340500802,0.2,
R2P2_alpha_0.2,dot_product,20260528,0,original,0,0.8440906733385238,0.9249999970197678,0.32499998807907104,0.9877849349703044,4,0.0,3.1377434611320494,0.35893213748931885,0.49977394938468933,0.14129391312599182,0.2,
R2P2_alpha_0.2,dot_product,20260528,1,original,0,0.8340170934575095,0.9249999970197678,0.42500001192092896,0.9024600423109934,4,0.55,2.6669194877147673,0.41253113746643066,0.46379199624061584,0.1236768290400505,0.2,
R2P2_alpha_0.2,dot_product,20260528,2,original,0,0.8343601402385008,0.9500000029802322,0.44999998807907104,0.86724891631262,4,0.6,2.2156100889667867,0.5260624289512634,0.3682344853878021,0.10570310801267624,0.2,
R2P2_alpha_0.2,dot_product,20260528,5,original,0,0.7856854705501443,0.9500000029802322,0.44999998807907104,0.8318180824777693,4,0.925,0.9802760079503059,0.8321536779403687,0.11686233431100845,0.05098399892449379,0.2,
R2P2_alpha_0.2,dot_product,20260528,10,original,0,0.8618387297192591,0.9000000059604645,0.3499999940395355,0.9703226765149491,4,1.0,0.13780244644731282,0.9661517143249512,0.020185261964797974,0.013663161545991898,0.2,
R2P2_alpha_0.2,dot_product,20260528,20,original,0,1.0000000000001803,1.0,0.25,1.0000000027478353,4,1.0,0.01624540623743087,0.9980511665344238,0.0009181922068819404,0.0010306708281859756,0.2,
R2P2_alpha_0.2,dot_product,20260528,50,original,0,1.0000000000001803,1.0,0.25,1.0000000027478353,4,1.0,0.004231412115041166,0.9995272159576416,0.000149591825902462,0.00032315606949850917,0.2,
R2P2_alpha_0.2,dot_product,20260528,1600,original,0,1.0000000000001803,1.0,0.25,1.0000000027478353,4,1.0,2.8279021080379607e-05,0.9998225569725037,6.031800148775801e-05,0.00011714054562617093,0.2,
R2P2_alpha_0.4,dot_product,20260521,0,original,0,1.0000000000001803,1.0,0.25,1.0000000027478353,4,0.225,3.431737703084946,0.16776642203330994,0.7427613139152527,0.0894722267985344,0.4,
R2P2_alpha_0.4,dot_product,20260521,1,original,0,0.6875415367403965,0.7750000059604645,0.4749999940395355,0.8978476395975038,4,0.25,2.9610810548067095,0.20639032125473022,0.6854478716850281,0.10816191136837006,0.4,
R2P2_alpha_0.4,dot_product,20260521,2,original,0,0.5965512101796101,0.9000000059604645,0.6499999761581421,0.6680801079146729,4,0.3,2.5964382705278695,0.27950015664100647,0.5953437685966492,0.12515589594841003,0.4,
R2P2_alpha_0.4,dot_product,20260521,5,original,0,0.5951437789499552,0.9249999970197678,0.675000011920929,0.615948468811162,4,0.525,1.528782164538279,0.6203156113624573,0.28760525584220886,0.09207911044359207,0.4,
R2P2_alpha_0.4,dot_product,20260521,10,original,0,0.8417442805882991,0.9749999940395355,0.4749999940395355,0.821599217328803,4,1.0,0.2594167534261942,0.9053293466567993,0.06102660670876503,0.03364408761262894,0.4,
R2P2_alpha_0.4,dot_product,20260521,20,original,0,0.8417442805882991,0.9749999940395355,0.4749999940395355,0.821599217328803,4,1.0,0.018411928066052498,0.964815080165863,0.018936624750494957,0.016248254105448723,0.4,
R2P2_alpha_0.4,dot_product,20260521,50,original,0,0.8417442805882991,0.9749999940395355,0.4749999940395355,0.821599217328803,4,1.0,0.0042281016707420346,0.9851148724555969,0.00599065562710166,0.008894447237253189,0.4,
R2P2_alpha_0.4,dot_product,20260521,1600,original,0,0.8417442805882993,0.9749999940395355,0.4749999940395355,0.821599217328803,4,1.0,3.12800055326079e-05,0.98912113904953,0.0034433796536177397,0.0074353693053126335,0.4,
R2P2_alpha_0.4,dot_product,20260522,0,original,0,1.0000000000001803,1.0,0.25,1.0000000027478353,4,0.0,3.5427029013633726,0.24910278618335724,0.6413460969924927,0.10955111682415009,0.4,
R2P2_alpha_0.4,dot_product,20260522,1,original,0,0.5165563752048606,0.7250000089406967,0.574999988079071,0.8209242714154918,4,0.15,3.087179221585393,0.30522915720939636,0.5966748595237732,0.09809593111276627,0.4,
R2P2_alpha_0.4,dot_product,20260522,2,original,0,0.34057556812990464,0.7500000149011612,0.75,0.5958801142516199,4,0.375,2.6958098500967025,0.3947417438030243,0.5188088417053223,0.08644955605268478,0.4,
R2P2_alpha_0.4,dot_product,20260522,5,original,0,0.4200237779867266,0.7750000059604645,0.7250000238418579,0.56095323257946,3,0.525,1.630796816945076,0.6716293692588806,0.278499037027359,0.04987163096666336,0.4,
R2P2_alpha_0.4,dot_product,20260522,10,original,0,0.866025403784751,1.0,0.5,0.7500000020608765,3,1.0,0.336840795725584,0.8940228223800659,0.08270257711410522,0.023274553939700127,0.4,
R2P2_alpha_0.4,dot_product,20260522,20,original,0,0.866025403784751,1.0,0.5,0.7500000020608765,3,1.0,0.022478695679455995,0.972676157951355,0.01487951073795557,0.012444349005818367,0.4,
R2P2_alpha_0.4,dot_product,20260522,50,original,0,0.866025403784751,1.0,0.5,0.7500000020608765,3,1.0,0.004716972436290235,0.9864462018013,0.006171399727463722,0.007382409647107124,0.4,
R2P2_alpha_0.4,dot_product,20260522,1600,original,0,0.866025403784751,1.0,0.5,0.7500000020608765,3,1.0,3.161081922371522e-05,0.9963670969009399,0.0009877191623672843,0.002645216416567564,0.4,
R2P2_alpha_0.4,dot_product,20260523,0,original,0,1.0000000000001803,1.0,0.25,1.0000000027478353,4,0.025,3.4046722054481506,0.20814839005470276,0.7135859727859497,0.07826564460992813,0.4,
R2P2_alpha_0.4,dot_product,20260523,1,original,0,0.8387939559387659,0.9000000059604645,0.4000000059604645,0.9304820355293252,4,0.25,2.927954709529877,0.21492697298526764,0.7000030875205994,0.08506989479064941,0.4,
R2P2_alpha_0.4,dot_product,20260523,2,original,0,0.6877381565959764,0.8999999910593033,0.550000011920929,0.7737357576630799,4,0.5,2.516668048501015,0.2543783485889435,0.6466770172119141,0.09894463419914246,0.4,
R2P2_alpha_0.4,dot_product,20260523,5,original,0,0.6525591414734523,0.8999999910593033,0.4749999940395355,0.7240593428832865,4,0.775,1.478489487618208,0.5331264734268188,0.37095797061920166,0.09591548889875412,0.4,
R2P2_alpha_0.4,dot_product,20260523,10,original,0,0.7583580164656424,0.9249999970197678,0.42500001192092896,0.8393928003610455,4,0.975,0.2896898644976318,0.8773775100708008,0.08988144248723984,0.03274109587073326,0.4,
R2P2_alpha_0.4,dot_product,20260523,20,original,0,0.8618387297192593,0.9000000059604645,0.3499999940395355,0.9703226765149491,4,1.0,0.01901774937286973,0.9797303676605225,0.0091395890340209,0.011130102910101414,0.4,
R2P2_alpha_0.4,dot_product,20260523,50,original,0,1.0000000000001803,1.0,0.25,1.0000000027478353,4,1.0,0.004201961919898167,0.9883787035942078,0.004458033945411444,0.007163268513977528,0.4,
R2P2_alpha_0.4,dot_product,20260523,1600,original,0,1.0000000000001803,1.0,0.25,1.0000000027478353,4,1.0,3.119955144939013e-05,0.9959807395935059,0.0012568337842822075,0.0027623779606074095,0.4,
R2P2_alpha_0.4,dot_product,20260524,0,original,0,1.0000000000001803,1.0,0.25,1.0000000027478353,4,0.0,3.49356227517128,0.33783119916915894,0.5649762749671936,0.09719250351190567,0.4,
R2P2_alpha_0.4,dot_product,20260524,1,original,0,0.7426912634330712,0.9000000059604645,0.4000000059604645,0.8444015370934485,4,0.15,3.006776306591928,0.304683119058609,0.6100374460220337,0.08527947217226028,0.4,
R2P2_alpha_0.4,dot_product,20260524,2,original,0,0.7453838340382948,0.9000000059604645,0.4000000059604645,0.7794358646519514,3,0.25,2.58138764500618,0.3361315131187439,0.5811503529548645,0.08271819353103638,0.4,
R2P2_alpha_0.4,dot_product,20260524,5,original,0,0.7744952575923134,0.9500000029802322,0.44999998807907104,0.7697455881804118,3,0.825,1.389695930480957,0.5501364469528198,0.3691924512386322,0.08067111670970917,0.4,
R2P2_alpha_0.4,dot_product,20260524,10,original,0,0.866025403784751,1.0,0.5,0.7500000020608765,3,1.0,0.26817187361884864,0.8606681227684021,0.1050567775964737,0.0342751145362854,0.4,
R2P2_alpha_0.4,dot_product,20260524,20,original,0,0.866025403784751,1.0,0.5,0.7500000020608765,3,1.0,0.024718092195689677,0.9765837788581848,0.013406338170170784,0.010009861551225185,0.4,
R2P2_alpha_0.4,dot_product,20260524,50,original,0,0.866025403784751,1.0,0.5,0.7500000020608765,3,1.0,0.004651423753239214,0.9875335097312927,0.006594731472432613,0.005871699657291174,0.4,
R2P2_alpha_0.4,dot_product,20260524,1600,original,0,0.866025403784751,1.0,0.5,0.7500000020608765,3,1.0,3.232902345189359e-05,0.9955745339393616,0.0018021719297394156,0.0026232958771288395,0.4,
R2P2_alpha_0.4,dot_product,20260525,0,original,0,1.0000000000001803,1.0,0.25,1.0000000027478353,4,0.25,3.4062594532966615,0.23901046812534332,0.6499563455581665,0.11103326082229614,0.4,
R2P2_alpha_0.4,dot_product,20260525,1,original,0,0.7227531091533705,0.875,0.4749999940395355,0.8774041478807671,4,0.275,2.9415366142988204,0.2803386151790619,0.6021327376365662,0.11752867698669434,0.4,
R2P2_alpha_0.4,dot_product,20260525,2,original,0,0.4994525873950064,0.7999999970197678,0.6499999761581421,0.6882006592087518,4,0.45,2.564226054213941,0.3281242847442627,0.5401784181594849,0.13169731199741364,0.4,
R2P2_alpha_0.4,dot_product,20260525,5,original,0,0.19501128654329902,0.9000000059604645,0.8999999761581421,0.28449782864087875,3,0.475,1.7380342438817025,0.5632060170173645,0.3144806921482086,0.12231334298849106,0.4,
R2P2_alpha_0.4,dot_product,20260525,10,original,0,0.866025403784751,1.0,0.5,0.7500000020608765,3,1.0,0.33690761756151916,0.9113062024116516,0.06186974048614502,0.026824021711945534,0.4,
R2P2_alpha_0.4,dot_product,20260525,20,original,0,0.866025403784751,1.0,0.5,0.7500000020608765,3,1.0,0.018753089383244513,0.9942492842674255,0.004145369865000248,0.0016054307343438268,0.4,
R2P2_alpha_0.4,dot_product,20260525,50,original,0,0.866025403784751,1.0,0.5,0.7500000020608765,3,1.0,0.004268237270662212,0.9996553659439087,0.00023736940056551248,0.00010730113717727363,0.4,
R2P2_alpha_0.4,dot_product,20260525,1600,original,0,0.866025403784751,1.0,0.5,0.7500000020608765,3,1.0,3.3047228862415066e-05,0.9998953342437744,7.416866719722748e-05,3.0608585802838206e-05,0.4,
R2P2_alpha_0.4,dot_product,20260526,0,original,0,1.0000000000001803,1.0,0.25,1.0000000027478353,4,0.0,3.7896714389324186,0.27730557322502136,0.6297672390937805,0.09292715042829514,0.4,
R2P2_alpha_0.4,dot_product,20260526,1,original,0,1.0000000000001803,1.0,0.25,1.0000000027478353,4,0.2,3.278512638807297,0.3228474259376526,0.5737650990486145,0.10338740795850754,0.4,
R2P2_alpha_0.4,dot_product,20260526,2,original,0,0.8417442805882993,0.9749999940395355,0.4749999940395355,0.8215993033201284,4,0.25,2.818075148202479,0.4043232202529907,0.48825156688690186,0.107425257563591,0.4,
R2P2_alpha_0.4,dot_product,20260526,5,original,0,0.7856854705501443,0.9500000029802322,0.44999998807907104,0.8318180824777693,4,1.0,1.3788857594132424,0.6307759284973145,0.2912812829017639,0.0779428780078888,0.4,
R2P2_alpha_0.4,dot_product,20260526,10,original,0,0.8340170934575095,0.9249999970197678,0.42500001192092896,0.9024600423109934,4,1.0,0.2764738709665835,0.7958018779754639,0.16189953684806824,0.04229848459362984,0.4,
R2P2_alpha_0.4,dot_product,20260526,20,original,0,1.0000000000001803,1.0,0.25,1.0000000027478353,4,1.0,0.019544470697292128,0.9416843056678772,0.04354248568415642,0.014773215167224407,0.4,
R2P2_alpha_0.4,dot_product,20260526,50,original,0,1.0000000000001803,1.0,0.25,1.0000000027478353,4,1.0,0.004400387307396158,0.9652512669563293,0.02718641608953476,0.007562332320958376,0.4,
R2P2_alpha_0.4,dot_product,20260526,1600,original,0,1.0000000000001803,1.0,0.25,1.0000000027478353,4,1.0,3.2159163492906376e-05,0.9812108874320984,0.013533835299313068,0.005255271214991808,0.4,
R2P2_alpha_0.4,dot_product,20260527,0,original,0,1.0000000000001803,1.0,0.25,1.0000000027478353,4,0.0,3.779602992720902,0.3717069923877716,0.5641283988952637,0.06416457146406174,0.4,
R2P2_alpha_0.4,dot_product,20260527,1,original,0,0.8618387297192591,0.9000000059604645,0.3499999940395355,0.9703226765149491,4,0.0,3.2165185034275057,0.388305127620697,0.5451282262802124,0.06656669080257416,0.4,
R2P2_alpha_0.4,dot_product,20260527,2,original,0,0.8417442805882991,0.9749999940395355,0.4749999940395355,0.821599217328803,4,0.5,2.687856304645538,0.42980968952178955,0.5023094415664673,0.06788095831871033,0.4,
R2P2_alpha_0.4,dot_product,20260527,5,original,0,0.8417442805882993,0.9749999940395355,0.4749999940395355,0.821599217328803,4,0.975,1.3011890759691596,0.5183176398277283,0.4105892777442932,0.07109317928552628,0.4,
R2P2_alpha_0.4,dot_product,20260527,10,original,0,0.7426912634330713,0.9000000059604645,0.4000000059604645,0.8444015370934485,4,0.85,0.4329026928637177,0.6979015469551086,0.2482026219367981,0.05389581248164177,0.4,
R2P2_alpha_0.4,dot_product,20260527,20,original,0,1.0000000000001803,1.0,0.25,1.0000000027478353,4,1.0,0.019948079553432762,0.9738678336143494,0.01641784980893135,0.009714361280202866,0.4,
R2P2_alpha_0.4,dot_product,20260527,50,original,0,1.0000000000001803,1.0,0.25,1.0000000027478353,4,1.0,0.0042192152759525925,0.9994726181030273,0.00023359402257483453,0.000293818477075547,0.4,
R2P2_alpha_0.4,dot_product,20260527,1600,original,0,1.0000000000001803,1.0,0.25,1.0000000027478353,4,1.0,3.4361451071163174e-05,0.9998223185539246,8.015148341655731e-05,9.755924838827923e-05,0.4,
R2P2_alpha_0.4,dot_product,20260528,0,original,0,1.0000000000001803,1.0,0.25,1.0000000027478353,4,0.0,3.1353809773921966,0.35893213748931885,0.49977394938468933,0.14129391312599182,0.4,
R2P2_alpha_0.4,dot_product,20260528,1,original,0,0.8806436264743885,0.9249999970197678,0.32499998807907104,0.9835170135064929,4,0.65,2.657640066370368,0.41122323274612427,0.46518176794052124,0.1235949918627739,0.4,
R2P2_alpha_0.4,dot_product,20260528,2,original,0,0.8343601402385008,0.9500000029802322,0.44999998807907104,0.86724891631262,4,0.6,2.2292918890714644,0.5265549421310425,0.3680456578731537,0.1053994670510292,0.4,
R2P2_alpha_0.4,dot_product,20260528,5,original,0,0.8417442805882991,0.9749999940395355,0.4749999940395355,0.821599217328803,4,0.875,0.994851219910197,0.8319689035415649,0.11728895455598831,0.05074213817715645,0.4,
R2P2_alpha_0.4,dot_product,20260528,10,original,0,1.0000000000001803,1.0,0.25,1.0000000027478353,4,1.0,0.09437698799883946,0.9661245942115784,0.020273130387067795,0.013602267019450665,0.4,
R2P2_alpha_0.4,dot_product,20260528,20,original,0,1.0000000000001803,1.0,0.25,1.0000000027478353,4,1.0,0.0161205800017342,0.996850848197937,0.0018405081937089562,0.0013086487306281924,0.4,
R2P2_alpha_0.4,dot_product,20260528,50,original,0,1.0000000000001803,1.0,0.25,1.0000000027478353,4,1.0,0.0041196729289367795,0.9972732663154602,0.0013302098959684372,0.0013965993421152234,0.4,
R2P2_alpha_0.4,dot_product,20260528,1600,original,0,1.0000000000001803,1.0,0.25,1.0000000027478353,4,1.0,2.6383647400507472e-05,0.9996830224990845,0.00015472827362827957,0.00016238032549154013,0.4,
R2P2_alpha_0.6,dot_product,20260521,0,original,0,1.0000000000001803,1.0,0.25,1.0000000027478353,4,0.225,3.431849205493927,0.16776642203330994,0.7427613139152527,0.0894722267985344,0.6,
R2P2_alpha_0.6,dot_product,20260521,1,original,0,0.6875415367403965,0.7750000059604645,0.4749999940395355,0.8978476395975038,4,0.25,2.9613581240177154,0.2063937485218048,0.6854482293128967,0.1081581860780716,0.6,
R2P2_alpha_0.6,dot_product,20260521,2,original,0,0.5965512101796101,0.9000000059604645,0.6499999761581421,0.6680801079146729,4,0.3,2.596720892190933,0.2794744372367859,0.5953612327575684,0.12516433000564575,0.6,
R2P2_alpha_0.6,dot_product,20260521,5,original,0,0.5951437789499552,0.9249999970197678,0.675000011920929,0.615948468811162,4,0.525,1.5290559872984886,0.6202450394630432,0.28767380118370056,0.09208113700151443,0.6,
R2P2_alpha_0.6,dot_product,20260521,10,original,0,0.8417442805882991,0.9749999940395355,0.4749999940395355,0.821599217328803,4,1.0,0.25917526967823507,0.9053636789321899,0.06098992004990578,0.03364643082022667,0.6,
R2P2_alpha_0.6,dot_product,20260521,20,original,0,0.8417442805882991,0.9749999940395355,0.4749999940395355,0.821599217328803,4,1.0,0.01840520789846778,0.9647368788719177,0.018987689167261124,0.0162754338234663,0.6,
R2P2_alpha_0.6,dot_product,20260521,50,original,0,0.8417442805882991,0.9749999940395355,0.4749999940395355,0.821599217328803,4,1.0,0.0042278642999008294,0.9849942922592163,0.006080610677599907,0.008925040252506733,0.6,
R2P2_alpha_0.6,dot_product,20260521,1600,original,0,0.8417442805882993,0.9749999940395355,0.4749999940395355,0.821599217328803,4,1.0,3.13366277168825e-05,0.9890854954719543,0.003462812164798379,0.00745171494781971,0.6,
R2P2_alpha_0.6,dot_product,20260522,0,original,0,1.0000000000001803,1.0,0.25,1.0000000027478353,4,0.0,3.5423207342624665,0.24910278618335724,0.6413460969924927,0.10955111682415009,0.6,
R2P2_alpha_0.6,dot_product,20260522,1,original,0,0.5537753884409516,0.7500000149011612,0.550000011920929,0.8407481956324953,4,0.125,3.0822242975234984,0.3053124248981476,0.5965752005577087,0.09811238199472427,0.6,
R2P2_alpha_0.6,dot_product,20260522,2,original,0,0.4020886557042136,0.7500000149011612,0.699999988079071,0.659517650671829,4,0.375,2.6803246930241587,0.3978019058704376,0.5163106918334961,0.08588756620883942,0.6,
R2P2_alpha_0.6,dot_product,20260522,5,original,0,0.5699862657165133,0.8500000014901161,0.574999988079071,0.6591185219348391,3,0.675,1.5422479335218668,0.6802548766136169,0.27166056632995605,0.048084601759910583,0.6,
R2P2_alpha_0.6,dot_product,20260522,10,original,0,0.866025403784751,1.0,0.5,0.7500000020608765,3,1.0,0.331757527962327,0.8978544473648071,0.0782727375626564,0.02387283742427826,0.6,
R2P2_alpha_0.6,dot_product,20260522,20,original,0,0.866025403784751,1.0,0.5,0.7500000020608765,3,1.0,0.022464967996347694,0.9770649075508118,0.012150127440690994,0.010784910060465336,0.6,
R2P2_alpha_0.6,dot_product,20260522,50,original,0,0.866025403784751,1.0,0.5,0.7500000020608765,3,1.0,0.0047740665671881285,0.9898778200149536,0.0044710151851177216,0.005651249550282955,0.6,
R2P2_alpha_0.6,dot_product,20260522,1600,original,0,0.866025403784751,1.0,0.5,0.7500000020608765,3,1.0,3.163466417390737e-05,0.9979791641235352,0.0005570260691456497,0.001463918830268085,0.6,
R2P2_alpha_0.6,dot_product,20260523,0,original,0,1.0000000000001803,1.0,0.25,1.0000000027478353,4,0.025,3.4044572591781614,0.20814839005470276,0.7135859727859497,0.07826564460992813,0.6,
R2P2_alpha_0.6,dot_product,20260523,1,original,0,0.8340170934575095,0.9249999970197678,0.42500001192092896,0.9024600423109934,4,0.25,2.930126976966858,0.2149958461523056,0.6999963521957397,0.08500785380601883,0.6,
R2P2_alpha_0.6,dot_product,20260523,2,original,0,0.6591363499301047,0.875,0.574999988079071,0.7513267622209576,4,0.5,2.526116022467613,0.25448212027549744,0.6467539072036743,0.09876397997140884,0.6,
R2P2_alpha_0.6,dot_product,20260523,5,original,0,0.6525591414734523,0.8999999910593033,0.4749999940395355,0.7240593428832865,4,0.775,1.4769384667277337,0.5330011248588562,0.37121492624282837,0.09578381478786469,0.6,
R2P2_alpha_0.6,dot_product,20260523,10,original,0,0.7856854705501443,0.9500000029802322,0.44999998807907104,0.8318180824777693,4,1.0,0.2849209103733301,0.8774277567863464,0.08987745642662048,0.03269483149051666,0.6,
R2P2_alpha_0.6,dot_product,20260523,20,original,0,0.8618387297192593,0.9000000059604645,0.3499999940395355,0.9703226765149491,4,1.0,0.018807281833142044,0.9803748726844788,0.008961415849626064,0.010663815774023533,0.6,
R2P2_alpha_0.6,dot_product,20260523,50,original,0,1.0000000000001803,1.0,0.25,1.0000000027478353,4,1.0,0.004190200922312215,0.9889290928840637,0.004330330528318882,0.006740535609424114,0.6,
R2P2_alpha_0.6,dot_product,20260523,1600,original,0,1.0000000000001803,1.0,0.25,1.0000000027478353,4,1.0,3.165551306665293e-05,0.996429443359375,0.0011120510753244162,0.0024584135971963406,0.6,
R2P2_alpha_0.6,dot_product,20260524,0,original,0,1.0000000000001803,1.0,0.25,1.0000000027478353,4,0.0,3.4936744034290315,0.33783119916915894,0.5649762749671936,0.09719250351190567,0.6,
R2P2_alpha_0.6,dot_product,20260524,1,original,0,0.785685470550144,0.9500000029802322,0.44999998807907104,0.8318180824777693,4,0.15,3.0099318623542786,0.30473560094833374,0.6099695563316345,0.0852949246764183,0.6,
R2P2_alpha_0.6,dot_product,20260524,2,original,0,0.7453838340382948,0.9000000059604645,0.4000000059604645,0.7794358646519514,3,0.25,2.5801890552043916,0.33652007579803467,0.5806218385696411,0.08285806328058243,0.6,
R2P2_alpha_0.6,dot_product,20260524,5,original,0,0.7744952575923134,0.9500000029802322,0.44999998807907104,0.7697455881804118,3,0.85,1.3877445966005326,0.5500752925872803,0.3691946268081665,0.08073007315397263,0.6,
R2P2_alpha_0.6,dot_product,20260524,10,original,0,0.866025403784751,1.0,0.5,0.7500000020608765,3,1.0,0.26487943399697544,0.8610232472419739,0.10483897477388382,0.03413777053356171,0.6,
R2P2_alpha_0.6,dot_product,20260524,20,original,0,0.866025403784751,1.0,0.5,0.7500000020608765,3,1.0,0.024688756139948965,0.9762014746665955,0.01371027436107397,0.010088276118040085,0.6,
R2P2_alpha_0.6,dot_product,20260524,50,original,0,0.866025403784751,1.0,0.5,0.7500000020608765,3,1.0,0.00466014237026684,0.9872225522994995,0.006931306794285774,0.0058461809530854225,0.6,
R2P2_alpha_0.6,dot_product,20260524,1600,original,0,0.866025403784751,1.0,0.5,0.7500000020608765,3,1.0,3.2227699239228966e-05,0.9960187077522278,0.0017055491916835308,0.0022757169790565968,0.6,
R2P2_alpha_0.6,dot_product,20260525,0,original,0,1.0000000000001803,1.0,0.25,1.0000000027478353,4,0.25,3.4064740359783174,0.23901046812534332,0.6499563455581665,0.11103326082229614,0.6,
R2P2_alpha_0.6,dot_product,20260525,1,original,0,0.7653912339736928,0.8999999910593033,0.44999998807907104,0.8914372442605689,4,0.275,2.940916121006012,0.280332088470459,0.6021398901939392,0.11752799153327942,0.6,
R2P2_alpha_0.6,dot_product,20260525,2,original,0,0.5789816528667865,0.8499999940395355,0.6000000238418579,0.7349866045711567,4,0.475,2.5556625217199325,0.32837823033332825,0.5399125814437866,0.13170912861824036,0.6,
R2P2_alpha_0.6,dot_product,20260525,5,original,0,0.21098066447046881,0.875,0.875,0.3669027138625155,4,0.475,1.7292222470045089,0.5674811005592346,0.3113543689250946,0.12116460502147675,0.6,
R2P2_alpha_0.6,dot_product,20260525,10,original,0,0.866025403784751,1.0,0.5,0.7500000020608765,3,1.0,0.3291544007137418,0.9125676155090332,0.06096017733216286,0.026472220197319984,0.6,
R2P2_alpha_0.6,dot_product,20260525,20,original,0,0.866025403784751,1.0,0.5,0.7500000020608765,3,1.0,0.018614677665755152,0.9933009147644043,0.004797293804585934,0.0019017686136066914,0.6,
R2P2_alpha_0.6,dot_product,20260525,50,original,0,0.866025403784751,1.0,0.5,0.7500000020608765,3,1.0,0.004227381746750325,0.9995244741439819,0.0003280474338680506,0.0001474447053624317,0.6,
R2P2_alpha_0.6,dot_product,20260525,1600,original,0,0.866025403784751,1.0,0.5,0.7500000020608765,3,1.0,3.2627030668663794e-05,0.9998849630355835,8.164599421434104e-05,3.347283563925885e-05,0.6,
R2P2_alpha_0.6,dot_product,20260526,0,original,0,1.0000000000001803,1.0,0.25,1.0000000027478353,4,0.0,3.78966001868248,0.27730557322502136,0.6297672390937805,0.09292715042829514,0.6,
R2P2_alpha_0.6,dot_product,20260526,1,original,0,1.0000000000001803,1.0,0.25,1.0000000027478353,4,0.2,3.2784832775592805,0.3229685425758362,0.5736058354377747,0.10342570394277573,0.6,
R2P2_alpha_0.6,dot_product,20260526,2,original,0,0.8417442805882993,0.9749999940395355,0.4749999940395355,0.8215993033201284,4,0.25,2.8173005640506745,0.40436553955078125,0.4882192015647888,0.10741525143384933,0.6,
R2P2_alpha_0.6,dot_product,20260526,5,original,0,0.7583580164656423,0.9249999970197678,0.42500001192092896,0.8393928003610455,4,1.0,1.3780751867219805,0.6308116912841797,0.2913520634174347,0.07783626019954681,0.6,
R2P2_alpha_0.6,dot_product,20260526,10,original,0,0.7630676477642586,0.875,0.375,0.9160005803787241,4,1.0,0.2846156595274806,0.7950584888458252,0.16255071759223938,0.042390793561935425,0.6,
R2P2_alpha_0.6,dot_product,20260526,20,original,0,1.0000000000001803,1.0,0.25,1.0000000027478353,4,1.0,0.019445487204939126,0.9415059685707092,0.043757934123277664,0.014736211858689785,0.6,
R2P2_alpha_0.6,dot_product,20260526,50,original,0,1.0000000000001803,1.0,0.25,1.0000000027478353,4,1.0,0.004359810578171164,0.9634271264076233,0.028347674757242203,0.008225237019360065,0.6,
R2P2_alpha_0.6,dot_product,20260526,1600,original,0,1.0000000000001803,1.0,0.25,1.0000000027478353,4,1.0,3.167935942656186e-05,0.9805213809013367,0.014402979984879494,0.005075637251138687,0.6,
R2P2_alpha_0.6,dot_product,20260527,0,original,0,1.0000000000001803,1.0,0.25,1.0000000027478353,4,0.0,3.779367798566818,0.3717069923877716,0.5641283988952637,0.06416457146406174,0.6,
R2P2_alpha_0.6,dot_product,20260527,1,original,0,0.8480673495594984,0.875,0.375,0.9528194861886885,4,0.0,3.2164935886859896,0.38838258385658264,0.5450483560562134,0.06656905263662338,0.6,
R2P2_alpha_0.6,dot_product,20260527,2,original,0,0.8417442805882991,0.9749999940395355,0.4749999940395355,0.821599217328803,4,0.5,2.68577321767807,0.42998820543289185,0.5021643042564392,0.06784744560718536,0.6,
R2P2_alpha_0.6,dot_product,20260527,5,original,0,0.8417442805882993,0.9749999940395355,0.4749999940395355,0.821599217328803,4,1.0,1.2971647582948207,0.5188989043235779,0.410023033618927,0.07107804715633392,0.6,
R2P2_alpha_0.6,dot_product,20260527,10,original,0,0.735408743598159,0.875,0.375,0.8468939096697523,4,0.875,0.4144509145990014,0.6991105675697327,0.2471778690814972,0.0537116676568985,0.6,
R2P2_alpha_0.6,dot_product,20260527,20,original,0,1.0000000000001803,1.0,0.25,1.0000000027478353,4,1.0,0.019796131341718138,0.9745117425918579,0.015913769602775574,0.009574485011398792,0.6,
R2P2_alpha_0.6,dot_product,20260527,50,original,0,1.0000000000001803,1.0,0.25,1.0000000027478353,4,1.0,0.004211536381626501,0.999520480632782,0.00021239764464553446,0.00026712199905887246,0.6,
R2P2_alpha_0.6,dot_product,20260527,1600,original,0,1.0000000000001803,1.0,0.25,1.0000000027478353,4,1.0,3.432866997172823e-05,0.9998323321342468,7.553803152404726e-05,9.215612953994423e-05,0.6,
R2P2_alpha_0.6,dot_product,20260528,0,original,0,1.0000000000001803,1.0,0.25,1.0000000027478353,4,0.0,3.1354014813899993,0.35893213748931885,0.49977394938468933,0.14129391312599182,0.6,
R2P2_alpha_0.6,dot_product,20260528,1,original,0,0.9404189282521158,0.9749999940395355,0.2750000059604645,0.9981935829744978,4,0.7,2.652041357755661,0.4118265211582184,0.4646897315979004,0.1234837993979454,0.6,
R2P2_alpha_0.6,dot_product,20260528,2,original,0,0.8340170934575095,0.9249999970197678,0.42500001192092896,0.9024600423109934,4,0.625,2.2228926539421083,0.5277454853057861,0.36712080240249634,0.10513371974229813,0.6,
R2P2_alpha_0.6,dot_product,20260528,5,original,0,0.8343601402385008,0.9500000029802322,0.44999998807907104,0.86724891631262,4,0.875,0.980449878424406,0.8336191773414612,0.11612417548894882,0.050256695598363876,0.6,
R2P2_alpha_0.6,dot_product,20260528,10,original,0,1.0000000000001803,1.0,0.25,1.0000000027478353,4,1.0,0.0844333378074225,0.9685156941413879,0.018852001056075096,0.01263226568698883,0.6,
R2P2_alpha_0.6,dot_product,20260528,20,original,0,1.0000000000001803,1.0,0.25,1.0000000027478353,4,1.0,0.0158651732141152,0.9981528520584106,0.001075138570740819,0.0007719095447100699,0.6,
R2P2_alpha_0.6,dot_product,20260528,50,original,0,1.0000000000001803,1.0,0.25,1.0000000027478353,4,1.0,0.004114286560798064,0.9992790818214417,0.0003555083821993321,0.0003652936720754951,0.6,
R2P2_alpha_0.6,dot_product,20260528,1600,original,0,1.0000000000001803,1.0,0.25,1.0000000027478353,4,1.0,2.6124372925551143e-05,0.9997275471687317,0.00013466265227179974,0.00013774115359410644,0.6,
R2P2_alpha_0.8,dot_product,20260521,0,original,0,0.9404189282521158,0.9749999940395355,0.2750000059604645,0.9981935829744978,4,0.225,3.433075267076492,0.16776642203330994,0.7427613139152527,0.0894722267985344,0.8,
R2P2_alpha_0.8,dot_product,20260521,1,original,0,0.6875415367403965,0.7750000059604645,0.4749999940395355,0.8978476395975038,4,0.25,2.9616615787148475,0.20642179250717163,0.6854220032691956,0.10815616697072983,0.8,
R2P2_alpha_0.8,dot_product,20260521,2,original,0,0.5965512101796101,0.9000000059604645,0.6499999761581421,0.6680801079146729,4,0.3,2.5972194723784923,0.27947700023651123,0.5953758955001831,0.12514719367027283,0.8,
R2P2_alpha_0.8,dot_product,20260521,5,original,0,0.5951437789499552,0.9249999970197678,0.675000011920929,0.615948468811162,4,0.525,1.52924979403615,0.6205589771270752,0.2874443531036377,0.0919966995716095,0.8,
R2P2_alpha_0.8,dot_product,20260521,10,original,0,0.8417442805882991,0.9749999940395355,0.4749999940395355,0.821599217328803,4,1.0,0.2592862431833055,0.9054358005523682,0.06094085052609444,0.03362344950437546,0.8,
R2P2_alpha_0.8,dot_product,20260521,20,original,0,0.8417442805882991,0.9749999940395355,0.4749999940395355,0.821599217328803,4,1.0,0.01838979688473046,0.9645233750343323,0.01916213147342205,0.016314517706632614,0.8,
R2P2_alpha_0.8,dot_product,20260521,50,original,0,0.8417442805882991,0.9749999940395355,0.4749999940395355,0.821599217328803,4,1.0,0.004228134133154526,0.9847437739372253,0.006306871771812439,0.008949327282607555,0.8,
R2P2_alpha_0.8,dot_product,20260521,1600,original,0,0.8417442805882993,0.9749999940395355,0.4749999940395355,0.821599217328803,4,1.0,3.135450851914357e-05,0.9890561699867249,0.0034883799962699413,0.007455550134181976,0.8,
R2P2_alpha_0.8,dot_product,20260522,0,original,0,1.0000000000001803,1.0,0.25,1.0000000027478353,4,0.0,3.5421243011951447,0.24910278618335724,0.6413460969924927,0.10955111682415009,0.8,
R2P2_alpha_0.8,dot_product,20260522,1,original,0,0.5711015799664955,0.7250000089406967,0.5249999761581421,0.8689880908694702,4,0.125,3.0791947305202485,0.3053693175315857,0.5964971780776978,0.09813355654478073,0.8,
R2P2_alpha_0.8,dot_product,20260522,2,original,0,0.4020886557042136,0.7500000149011612,0.699999988079071,0.659517650671829,4,0.375,2.6801266103982924,0.39822834730148315,0.5161454081535339,0.08562630414962769,0.8,
R2P2_alpha_0.8,dot_product,20260522,5,original,0,0.5700218548323459,0.875,0.550000011920929,0.6426422400168803,3,0.7,1.5529529062099754,0.6814965009689331,0.27089619636535645,0.04760728031396866,0.8,
R2P2_alpha_0.8,dot_product,20260522,10,original,0,0.866025403784751,1.0,0.5,0.7500000020608765,3,1.0,0.3367969490587711,0.8980125188827515,0.07805568724870682,0.02393188513815403,0.8,
R2P2_alpha_0.8,dot_product,20260522,20,original,0,0.866025403784751,1.0,0.5,0.7500000020608765,3,1.0,0.022645594831556082,0.979218602180481,0.010785093531012535,0.009996403008699417,0.8,
R2P2_alpha_0.8,dot_product,20260522,50,original,0,0.866025403784751,1.0,0.5,0.7500000020608765,3,1.0,0.004811973293544725,0.990588366985321,0.004129936918616295,0.00528168398886919,0.8,
R2P2_alpha_0.8,dot_product,20260522,1600,original,0,0.866025403784751,1.0,0.5,0.7500000020608765,3,1.0,3.200718110747402e-05,0.9982978105545044,0.0004719161370303482,0.0012302594259381294,0.8,
R2P2_alpha_0.8,dot_product,20260523,0,original,0,1.0000000000001803,1.0,0.25,1.0000000027478353,4,0.025,3.4044129252433777,0.20814839005470276,0.7135859727859497,0.07826564460992813,0.8,
R2P2_alpha_0.8,dot_product,20260523,1,original,0,0.8340170934575095,0.9249999970197678,0.42500001192092896,0.9024600423109934,4,0.25,2.930017501115799,0.2149866223335266,0.700014591217041,0.0849987119436264,0.8,
R2P2_alpha_0.8,dot_product,20260523,2,original,0,0.6591363499301047,0.875,0.574999988079071,0.7513267622209576,4,0.5,2.525920268893242,0.2545062303543091,0.6467390656471252,0.09875470399856567,0.8,
R2P2_alpha_0.8,dot_product,20260523,5,original,0,0.5867951515907956,0.875,0.44999998807907104,0.7250617437638404,4,0.775,1.4735389307141304,0.5332390069961548,0.3710292875766754,0.09573176503181458,0.8,
R2P2_alpha_0.8,dot_product,20260523,10,original,0,0.7583580164656424,0.9249999970197678,0.42500001192092896,0.8393928003610455,4,1.0,0.29344281181693077,0.8773674368858337,0.08992075175046921,0.03271185979247093,0.8,
R2P2_alpha_0.8,dot_product,20260523,20,original,0,0.8618387297192593,0.9000000059604645,0.3499999940395355,0.9703226765149491,4,1.0,0.019165709204389713,0.9805052876472473,0.00873649213463068,0.010758190415799618,0.8,
R2P2_alpha_0.8,dot_product,20260523,50,original,0,1.0000000000001803,1.0,0.25,1.0000000027478353,4,1.0,0.004235453990986571,0.9890972971916199,0.004146881867200136,0.006755927111953497,0.8,
R2P2_alpha_0.8,dot_product,20260523,1600,original,0,1.0000000000001803,1.0,0.25,1.0000000027478353,4,1.0,3.148564460389025e-05,0.9961816668510437,0.0011668694205582142,0.0026513179764151573,0.8,
R2P2_alpha_0.8,dot_product,20260524,0,original,0,1.0000000000001803,1.0,0.25,1.0000000027478353,4,0.0,3.4936691582202912,0.33783119916915894,0.5649762749671936,0.09719250351190567,0.8,
R2P2_alpha_0.8,dot_product,20260524,1,original,0,0.785685470550144,0.9500000029802322,0.44999998807907104,0.8318180824777693,4,0.15,3.00994593501091,0.3047783672809601,0.6099187135696411,0.08530297875404358,0.8,
R2P2_alpha_0.8,dot_product,20260524,2,original,0,0.7453838340382948,0.9000000059604645,0.4000000059604645,0.7794358646519514,3,0.25,2.5802725672721865,0.3365706503391266,0.5805614590644836,0.082867830991745,0.8,
R2P2_alpha_0.8,dot_product,20260524,5,original,0,0.7744952575923134,0.9500000029802322,0.44999998807907104,0.7697455881804118,3,0.85,1.3881866008043289,0.5500881671905518,0.3691743016242981,0.08073760569095612,0.8,
R2P2_alpha_0.8,dot_product,20260524,10,original,0,0.866025403784751,1.0,0.5,0.7500000020608765,3,1.0,0.2648266954347491,0.8609831929206848,0.10486595332622528,0.034150850027799606,0.8,
R2P2_alpha_0.8,dot_product,20260524,20,original,0,0.866025403784751,1.0,0.5,0.7500000020608765,3,1.0,0.024746914790011943,0.9758310914039612,0.013899901881814003,0.01026903372257948,0.8,
R2P2_alpha_0.8,dot_product,20260524,50,original,0,0.866025403784751,1.0,0.5,0.7500000020608765,3,1.0,0.004665461736294674,0.9870326519012451,0.007215643767267466,0.005751719698309898,0.8,
R2P2_alpha_0.8,dot_product,20260524,1600,original,0,0.866025403784751,1.0,0.5,0.7500000020608765,3,1.0,3.223067824364989e-05,0.9960915446281433,0.0017857598140835762,0.0021227404940873384,0.8,
R2P2_alpha_0.8,dot_product,20260525,0,original,0,1.0000000000001803,1.0,0.25,1.0000000027478353,4,0.25,3.4065429985523226,0.23901046812534332,0.6499563455581665,0.11103326082229614,0.8,
R2P2_alpha_0.8,dot_product,20260525,1,original,0,0.8340170934575095,0.9249999970197678,0.42500001192092896,0.9024600423109934,4,0.275,2.940152344107628,0.28033629059791565,0.6021151542663574,0.11754857748746872,0.8,
R2P2_alpha_0.8,dot_product,20260525,2,original,0,0.5789816528667865,0.8499999940395355,0.6000000238418579,0.7349866045711567,4,0.475,2.555992195010185,0.32861846685409546,0.539668619632721,0.13171285390853882,0.8,
R2P2_alpha_0.8,dot_product,20260525,5,original,0,0.24130525682895154,0.8499999940395355,0.8500000238418579,0.41435625287990707,4,0.475,1.7152415752410888,0.571064829826355,0.30883148312568665,0.12010370939970016,0.8,
R2P2_alpha_0.8,dot_product,20260525,10,original,0,0.866025403784751,1.0,0.5,0.7500000020608765,3,1.0,0.3145333135151304,0.9142811894416809,0.05977245420217514,0.025946443900465965,0.8,
R2P2_alpha_0.8,dot_product,20260525,20,original,0,0.866025403784751,1.0,0.5,0.7500000020608765,3,1.0,0.018454356910660864,0.9928459525108337,0.005110665690153837,0.002043426502496004,0.8,
R2P2_alpha_0.8,dot_product,20260525,50,original,0,0.866025403784751,1.0,0.5,0.7500000020608765,3,1.0,0.0041782920365221795,0.9994387030601501,0.0003888017381541431,0.00017241996829397976,0.8,
R2P2_alpha_0.8,dot_product,20260525,1600,original,0,0.866025403784751,1.0,0.5,0.7500000020608765,3,1.0,3.244226072638412e-05,0.9998881220817566,7.960652146721259e-05,3.225174805265851e-05,0.8,
R2P2_alpha_0.8,dot_product,20260526,0,original,0,1.0000000000001803,1.0,0.25,1.0000000027478353,4,0.0,3.7896379828453064,0.27730557322502136,0.6297672390937805,0.09292715042829514,0.8,
R2P2_alpha_0.8,dot_product,20260526,1,original,0,1.0000000000001803,1.0,0.25,1.0000000027478353,4,0.2,3.278495304659009,0.32301992177963257,0.5735697746276855,0.10341019928455353,0.8,
R2P2_alpha_0.8,dot_product,20260526,2,original,0,0.8417442805882993,0.9749999940395355,0.4749999940395355,0.8215993033201284,4,0.25,2.816921669244766,0.40444234013557434,0.48817333579063416,0.1073843464255333,0.8,
R2P2_alpha_0.8,dot_product,20260526,5,original,0,0.7856854705501443,0.9500000029802322,0.44999998807907104,0.8318180824777693,4,1.0,1.378122654557228,0.6308368444442749,0.29139965772628784,0.0777636170387268,0.8,
R2P2_alpha_0.8,dot_product,20260526,10,original,0,0.8343601402385008,0.9500000029802322,0.44999998807907104,0.86724891631262,4,1.0,0.31000904852990063,0.7949663996696472,0.16248267889022827,0.04255087301135063,0.8,
R2P2_alpha_0.8,dot_product,20260526,20,original,0,1.0000000000001803,1.0,0.25,1.0000000027478353,4,1.0,0.019502802286297083,0.9426534175872803,0.042699359357357025,0.014647314324975014,0.8,
R2P2_alpha_0.8,dot_product,20260526,50,original,0,1.0000000000001803,1.0,0.25,1.0000000027478353,4,1.0,0.004373518953798339,0.9647234678268433,0.027106501162052155,0.00817002821713686,0.8,
R2P2_alpha_0.8,dot_product,20260526,1600,original,0,1.0000000000001803,1.0,0.25,1.0000000027478353,4,1.0,3.1634656897949755e-05,0.9809092283248901,0.014075467362999916,0.005015296395868063,0.8,
R2P2_alpha_0.8,dot_product,20260527,0,original,0,1.0000000000001803,1.0,0.25,1.0000000027478353,4,0.0,3.77922977656126,0.3717069923877716,0.5641283988952637,0.06416457146406174,0.8,
R2P2_alpha_0.8,dot_product,20260527,1,original,0,0.8480673495594984,0.875,0.375,0.9528194861886885,4,0.0,3.216238021850586,0.38842397928237915,0.545007586479187,0.06656833738088608,0.8,
R2P2_alpha_0.8,dot_product,20260527,2,original,0,0.8417442805882991,0.9749999940395355,0.4749999940395355,0.821599217328803,4,0.5,2.685127118229866,0.4300956726074219,0.502080500125885,0.06782383471727371,0.8,
R2P2_alpha_0.8,dot_product,20260527,5,original,0,0.8417442805882993,0.9749999940395355,0.4749999940395355,0.821599217328803,4,1.0,1.2958832934498787,0.51922208070755,0.4096985459327698,0.07107936590909958,0.8,
R2P2_alpha_0.8,dot_product,20260527,10,original,0,0.735408743598159,0.875,0.375,0.8468939096697523,4,0.875,0.4142590639181435,0.6995846033096313,0.24677352607250214,0.05364193022251129,0.8,
R2P2_alpha_0.8,dot_product,20260527,20,original,0,1.0000000000001803,1.0,0.25,1.0000000027478353,4,1.0,0.019772617635317145,0.97461998462677,0.01581967994570732,0.009560294449329376,0.8,
R2P2_alpha_0.8,dot_product,20260527,50,original,0,1.0000000000001803,1.0,0.25,1.0000000027478353,4,1.0,0.004212645906955003,0.9995264410972595,0.00020962482085451484,0.00026388693368062377,0.8,
R2P2_alpha_0.8,dot_product,20260527,1600,original,0,1.0000000000001803,1.0,0.25,1.0000000027478353,4,1.0,3.430780925555155e-05,0.999833345413208,7.489466952392831e-05,9.174234583042562e-05,0.8,
R2P2_alpha_0.8,dot_product,20260528,0,original,0,1.0000000000001803,1.0,0.25,1.0000000027478353,4,0.0,3.135445421934128,0.35893213748931885,0.49977394938468933,0.14129391312599182,0.8,
R2P2_alpha_0.8,dot_product,20260528,1,original,0,0.9404189282521158,0.9749999940395355,0.2750000059604645,0.9981935829744978,4,0.7,2.652173954248428,0.411837100982666,0.46467819809913635,0.12348482012748718,0.8,
R2P2_alpha_0.8,dot_product,20260528,2,original,0,0.8340170934575095,0.9249999970197678,0.42500001192092896,0.9024600423109934,4,0.625,2.22238038610667,0.5277753472328186,0.3671102821826935,0.1051144152879715,0.8,
R2P2_alpha_0.8,dot_product,20260528,5,original,0,0.8343601402385008,0.9500000029802322,0.44999998807907104,0.86724891631262,4,0.9,0.9796461418271065,0.8333966135978699,0.11630840599536896,0.050295017659664154,0.8,
R2P2_alpha_0.8,dot_product,20260528,10,original,0,1.0000000000001803,1.0,0.25,1.0000000027478353,4,1.0,0.0859028029779438,0.968227744102478,0.019001487642526627,0.012770780362188816,0.8,
R2P2_alpha_0.8,dot_product,20260528,20,original,0,1.0000000000001803,1.0,0.25,1.0000000027478353,4,1.0,0.015864575700834393,0.9981197118759155,0.0010947055416181684,0.0007856842712499201,0.8,
R2P2_alpha_0.8,dot_product,20260528,50,original,0,1.0000000000001803,1.0,0.25,1.0000000027478353,4,1.0,0.004112353955861181,0.9992119073867798,0.00038689252687618136,0.0004012957797385752,0.8,
R2P2_alpha_0.8,dot_product,20260528,1600,original,0,1.0000000000001803,1.0,0.25,1.0000000027478353,4,1.0,2.6166095540247625e-05,0.9997254014015198,0.0001351475075352937,0.00013949480489827693,0.8,
R2P2_alpha_1,dot_product,20260521,0,original,0,0.9404189282521158,0.9749999940395355,0.2750000059604645,0.9981935829744978,4,0.225,3.433100390434265,0.16776642203330994,0.7427613139152527,0.0894722267985344,1.0,
R2P2_alpha_1,dot_product,20260521,1,original,0,0.6875415367403965,0.7750000059604645,0.4749999940395355,0.8978476395975038,4,0.25,2.961745594255626,0.20641371607780457,0.6854557394981384,0.108130544424057,1.0,
R2P2_alpha_1,dot_product,20260521,2,original,0,0.5965512101796101,0.9000000059604645,0.6499999761581421,0.6680801079146729,4,0.3,2.597358763217926,0.2794511914253235,0.5954118967056274,0.12513671815395355,1.0,
R2P2_alpha_1,dot_product,20260521,5,original,0,0.5951437789499552,0.9249999970197678,0.675000011920929,0.615948468811162,4,0.525,1.5293495818506926,0.620539665222168,0.2874577045440674,0.09200272709131241,1.0,
R2P2_alpha_1,dot_product,20260521,10,original,0,0.8417442805882991,0.9749999940395355,0.4749999940395355,0.821599217328803,4,1.0,0.25919246387784367,0.9054595828056335,0.060919955372810364,0.033620499074459076,1.0,
R2P2_alpha_1,dot_product,20260521,20,original,0,0.8417442805882991,0.9749999940395355,0.4749999940395355,0.821599217328803,4,1.0,0.018386440456379206,0.9645125269889832,0.019167665392160416,0.016319861635565758,1.0,
R2P2_alpha_1,dot_product,20260521,50,original,0,0.8417442805882991,0.9749999940395355,0.4749999940395355,0.821599217328803,4,1.0,0.004228347633033991,0.9847056865692139,0.006335454992949963,0.00895901769399643,1.0,
R2P2_alpha_1,dot_product,20260521,1600,original,0,0.8417442805882993,0.9749999940395355,0.4749999940395355,0.821599217328803,4,1.0,3.137238909403095e-05,0.9890475273132324,0.003493344644084573,0.00745916785672307,1.0,
R2P2_alpha_1,dot_product,20260522,0,original,0,1.0000000000001803,1.0,0.25,1.0000000027478353,4,0.0,3.5420248329639437,0.24910278618335724,0.6413460969924927,0.10955111682415009,1.0,
R2P2_alpha_1,dot_product,20260522,1,original,0,0.6164492612928844,0.75,0.5,0.8848727524684609,4,0.125,3.0749389227479695,0.30533725023269653,0.596538782119751,0.09812399744987488,1.0,
R2P2_alpha_1,dot_product,20260522,2,original,0,0.4020886557042136,0.7500000149011612,0.699999988079071,0.659517650671829,4,0.375,2.6804416835308076,0.3994717597961426,0.515122652053833,0.08540564775466919,1.0,
R2P2_alpha_1,dot_product,20260522,5,original,0,0.6713694931486852,0.9249999970197678,0.5,0.6524600416240346,3,0.75,1.5491569755598902,0.6833729147911072,0.2694067060947418,0.04722042754292488,1.0,
R2P2_alpha_1,dot_product,20260522,10,original,0,0.866025403784751,1.0,0.5,0.7500000020608765,3,1.0,0.34040004657581446,0.8987169861793518,0.0772109255194664,0.024072179570794106,1.0,
R2P2_alpha_1,dot_product,20260522,20,original,0,0.866025403784751,1.0,0.5,0.7500000020608765,3,1.0,0.022755459044128658,0.9806901216506958,0.009789733216166496,0.009520121850073338,1.0,
R2P2_alpha_1,dot_product,20260522,50,original,0,0.866025403784751,1.0,0.5,0.7500000020608765,3,1.0,0.004837843580753542,0.9907592535018921,0.004038532264530659,0.0052022431045770645,1.0,
R2P2_alpha_1,dot_product,20260522,1600,original,0,0.866025403784751,1.0,0.5,0.7500000020608765,3,1.0,3.251678426750004e-05,0.9985932111740112,0.0003927258076146245,0.0010141911916434765,1.0,
R2P2_alpha_1,dot_product,20260523,0,original,0,1.0000000000001803,1.0,0.25,1.0000000027478353,4,0.025,3.404362124204636,0.20814839005470276,0.7135859727859497,0.07826564460992813,1.0,
R2P2_alpha_1,dot_product,20260523,1,original,0,0.8340170934575095,0.9249999970197678,0.42500001192092896,0.9024600423109934,4,0.25,2.929948168992996,0.21500320732593536,0.6999966502189636,0.085000179708004,1.0,
R2P2_alpha_1,dot_product,20260523,2,original,0,0.6591363499301047,0.875,0.574999988079071,0.7513267622209576,4,0.5,2.5257984206080435,0.25455203652381897,0.6466963291168213,0.0987517312169075,1.0,
R2P2_alpha_1,dot_product,20260523,5,original,0,0.5867951515907956,0.875,0.44999998807907104,0.7250617437638404,4,0.775,1.473402227461338,0.5335372090339661,0.37078168988227844,0.09568119049072266,1.0,
R2P2_alpha_1,dot_product,20260523,10,original,0,0.7583580164656424,0.9249999970197678,0.42500001192092896,0.8393928003610455,4,1.0,0.2943844605237246,0.8770254254341125,0.09017468243837357,0.03279992192983627,1.0,
R2P2_alpha_1,dot_product,20260523,20,original,0,0.8618387297192593,0.9000000059604645,0.3499999940395355,0.9703226765149491,4,1.0,0.019179696775972845,0.9805746078491211,0.008703771978616714,0.010721558704972267,1.0,
R2P2_alpha_1,dot_product,20260523,50,original,0,1.0000000000001803,1.0,0.25,1.0000000027478353,4,1.0,0.004236857441719621,0.9892019033432007,0.004099879879504442,0.006698084529489279,1.0,
R2P2_alpha_1,dot_product,20260523,1600,original,0,1.0000000000001803,1.0,0.25,1.0000000027478353,4,1.0,3.1539287283521845e-05,0.9961991310119629,0.0011569628259167075,0.0026438625063747168,1.0,
R2P2_alpha_1,dot_product,20260524,0,original,0,1.0000000000001803,1.0,0.25,1.0000000027478353,4,0.0,3.4937114357948302,0.33783119916915894,0.5649762749671936,0.09719250351190567,1.0,
R2P2_alpha_1,dot_product,20260524,1,original,0,0.785685470550144,0.9500000029802322,0.44999998807907104,0.8318180824777693,4,0.15,3.009944760799408,0.30477964878082275,0.6099166870117188,0.08530358225107193,1.0,
R2P2_alpha_1,dot_product,20260524,2,original,0,0.7453838340382948,0.9000000059604645,0.4000000059604645,0.7794358646519514,3,0.25,2.5803497672080993,0.3365933895111084,0.5805481672286987,0.08285849541425705,1.0,
R2P2_alpha_1,dot_product,20260524,5,original,0,0.7744952575923134,0.9500000029802322,0.44999998807907104,0.7697455881804118,3,0.85,1.3884398905560373,0.5500963926315308,0.3691592216491699,0.08074436336755753,1.0,
R2P2_alpha_1,dot_product,20260524,10,original,0,0.866025403784751,1.0,0.5,0.7500000020608765,3,1.0,0.25942134419456125,0.8618274927139282,0.10416888445615768,0.03400355204939842,1.0,
R2P2_alpha_1,dot_product,20260524,20,original,0,0.866025403784751,1.0,0.5,0.7500000020608765,3,1.0,0.024863901548087597,0.9764626622200012,0.013568702153861523,0.009968699887394905,1.0,
R2P2_alpha_1,dot_product,20260524,50,original,0,0.866025403784751,1.0,0.5,0.7500000020608765,3,1.0,0.00468004637514241,0.9872254133224487,0.00686819851398468,0.005906391888856888,1.0,
R2P2_alpha_1,dot_product,20260524,1600,original,0,0.866025403784751,1.0,0.5,0.7500000020608765,3,1.0,3.2227698829956354e-05,0.99552321434021,0.0018377776723355055,0.0026388780679553747,1.0,
R2P2_alpha_1,dot_product,20260525,0,original,0,1.0000000000001803,1.0,0.25,1.0000000027478353,4,0.25,3.4066196501255037,0.23901046812534332,0.6499563455581665,0.11103326082229614,1.0,
R2P2_alpha_1,dot_product,20260525,1,original,0,0.8340170934575095,0.9249999970197678,0.42500001192092896,0.9024600423109934,4,0.275,2.940203881263733,0.28031861782073975,0.6021405458450317,0.1175408884882927,1.0,
R2P2_alpha_1,dot_product,20260525,2,original,0,0.6877381565959764,0.8999999910593033,0.550000011920929,0.7737357576630799,4,0.475,2.5469515949487684,0.3285958766937256,0.5396889448165894,0.13171514868736267,1.0,
R2P2_alpha_1,dot_product,20260525,5,original,0,0.268460988805624,0.824999988079071,0.824999988079071,0.4612793114107123,4,0.5,1.6988724648952485,0.5728101134300232,0.30758094787597656,0.1196090504527092,1.0,
R2P2_alpha_1,dot_product,20260525,10,original,0,0.8417442805882993,0.9749999940395355,0.4749999940395355,0.821599217328803,4,1.0,0.30585080331075004,0.9148898720741272,0.05931263044476509,0.025797495618462563,1.0,
R2P2_alpha_1,dot_product,20260525,20,original,0,0.866025403784751,1.0,0.5,0.7500000020608765,3,1.0,0.018446907054749318,0.9897996783256531,0.007090234197676182,0.003110054647549987,1.0,
R2P2_alpha_1,dot_product,20260525,50,original,0,0.866025403784751,1.0,0.5,0.7500000020608765,3,1.0,0.0041371146740857515,0.9979121685028076,0.0014356808969751,0.0006523202173411846,1.0,
R2P2_alpha_1,dot_product,20260525,1600,original,0,0.866025403784751,1.0,0.5,0.7500000020608765,3,1.0,3.11250492813997e-05,0.9997747540473938,0.00016022316413000226,6.507772923214361e-05,1.0,
R2P2_alpha_1,dot_product,20260526,0,original,0,1.0000000000001803,1.0,0.25,1.0000000027478353,4,0.0,3.789624363183975,0.27730557322502136,0.6297672390937805,0.09292715042829514,1.0,
R2P2_alpha_1,dot_product,20260526,1,original,0,1.0000000000001803,1.0,0.25,1.0000000027478353,4,0.2,3.2785348296165466,0.32302549481391907,0.5735616087913513,0.10341290384531021,1.0,
R2P2_alpha_1,dot_product,20260526,2,original,0,0.8417442805882993,0.9749999940395355,0.4749999940395355,0.8215993033201284,4,0.25,2.8168094964697956,0.40443477034568787,0.48818981647491455,0.10737539827823639,1.0,
R2P2_alpha_1,dot_product,20260526,5,original,0,0.7856854705501443,0.9500000029802322,0.44999998807907104,0.8318180824777693,4,1.0,1.3782768368721008,0.6308319568634033,0.2914447784423828,0.07772331684827805,1.0,
R2P2_alpha_1,dot_product,20260526,10,original,0,0.8343601402385008,0.9500000029802322,0.44999998807907104,0.86724891631262,4,1.0,0.3148530825972557,0.7949265837669373,0.162454754114151,0.04261879250407219,1.0,
R2P2_alpha_1,dot_product,20260526,20,original,0,1.0000000000001803,1.0,0.25,1.0000000027478353,4,1.0,0.019524671119870617,0.9430870413780212,0.042347874492406845,0.014565075747668743,1.0,
R2P2_alpha_1,dot_product,20260526,50,original,0,1.0000000000001803,1.0,0.25,1.0000000027478353,4,1.0,0.004380785816647403,0.9654041528701782,0.026602160185575485,0.007993594743311405,1.0,
R2P2_alpha_1,dot_product,20260526,1600,original,0,1.0000000000001803,1.0,0.25,1.0000000027478353,4,1.0,3.163167671118572e-05,0.9809959530830383,0.014003257267177105,0.005000749137252569,1.0,
R2P2_alpha_1,dot_product,20260527,0,original,0,1.0000000000001803,1.0,0.25,1.0000000027478353,4,0.0,3.7791603028774263,0.3717069923877716,0.5641283988952637,0.06416457146406174,1.0,
R2P2_alpha_1,dot_product,20260527,1,original,0,0.8480673495594984,0.875,0.375,0.9528194861886885,4,0.0,3.2161025285720823,0.38844192028045654,0.5449889898300171,0.06656913459300995,1.0,
R2P2_alpha_1,dot_product,20260527,2,original,0,0.8417442805882991,0.9749999940395355,0.4749999940395355,0.821599217328803,4,0.5,2.684693548083305,0.43017759919166565,0.502020537853241,0.06780192255973816,1.0,
R2P2_alpha_1,dot_product,20260527,5,original,0,0.8417442805882993,0.9749999940395355,0.4749999940395355,0.821599217328803,4,1.0,1.2951357394456864,0.5193469524383545,0.4095803201198578,0.07107269763946533,1.0,
R2P2_alpha_1,dot_product,20260527,10,original,0,0.735408743598159,0.875,0.375,0.8468939096697523,4,0.875,0.4141043313778937,0.6997728943824768,0.2466280311346054,0.053599148988723755,1.0,
R2P2_alpha_1,dot_product,20260527,20,original,0,1.0000000000001803,1.0,0.25,1.0000000027478353,4,1.0,0.01976033116225153,0.9746781587600708,0.015765495598316193,0.009556302800774574,1.0,
R2P2_alpha_1,dot_product,20260527,50,original,0,1.0000000000001803,1.0,0.25,1.0000000027478353,4,1.0,0.004214562667766586,0.9995256066322327,0.0002102184371324256,0.0002642847830429673,1.0,
R2P2_alpha_1,dot_product,20260527,1600,original,0,1.0000000000001803,1.0,0.25,1.0000000027478353,4,1.0,3.427204828767572e-05,0.9998334050178528,7.470804848708212e-05,9.19449666980654e-05,1.0,
R2P2_alpha_1,dot_product,20260528,0,original,0,1.0000000000001803,1.0,0.25,1.0000000027478353,4,0.0,3.135452616214752,0.35893213748931885,0.49977394938468933,0.14129391312599182,1.0,
R2P2_alpha_1,dot_product,20260528,1,original,0,0.9404189282521158,0.9749999940395355,0.2750000059604645,0.9981935829744978,4,0.7,2.6521273970603945,0.4120362102985382,0.46450626850128174,0.12345755845308304,1.0,
R2P2_alpha_1,dot_product,20260528,2,original,0,0.8340170934575095,0.9249999970197678,0.42500001192092896,0.9024600423109934,4,0.625,2.2225081592798235,0.5279873609542847,0.36693647503852844,0.10507622361183167,1.0,
R2P2_alpha_1,dot_product,20260528,5,original,0,0.8343601402385008,0.9500000029802322,0.44999998807907104,0.86724891631262,4,0.9,0.9797775269020349,0.8335546255111694,0.11619705706834793,0.050248295068740845,1.0,
R2P2_alpha_1,dot_product,20260528,10,original,0,1.0000000000001803,1.0,0.25,1.0000000027478353,4,1.0,0.08631445802748203,0.9679093956947327,0.0191597118973732,0.012930909171700478,1.0,
R2P2_alpha_1,dot_product,20260528,20,original,0,1.0000000000001803,1.0,0.25,1.0000000027478353,4,1.0,0.01591064448002726,0.9980431795120239,0.0011340806959196925,0.0008227832149714231,1.0,
R2P2_alpha_1,dot_product,20260528,50,original,0,1.0000000000001803,1.0,0.25,1.0000000027478353,4,1.0,0.004111186595400796,0.9990427494049072,0.00045998336281627417,0.0004972313763573766,1.0,
R2P2_alpha_1,dot_product,20260528,1600,original,0,1.0000000000001803,1.0,0.25,1.0000000027478353,4,1.0,2.6085631134264986e-05,0.9997280240058899,0.0001320053415838629,0.0001400573382852599,1.0,
R2P3_cancel_0_10,dot_product,20260521,0,original,1,0.188986119669889,0.550000011920929,0.5,0.8750000024043559,4,0.225,3.4269165992736816,0.16776642203330994,0.7427613139152527,0.0894722267985344,,10
R2P3_cancel_0_10,dot_product,20260521,1,original,1,0.1652825290843093,0.625,0.574999988079071,0.7658959285234987,4,0.25,3.026321458816528,0.2030150443315506,0.6885680556297302,0.10841692984104156,,10
R2P3_cancel_0_10,dot_product,20260521,2,original,1,0.24740939735634812,0.6000000089406967,0.550000011920929,0.8005071790356627,4,0.25,2.667117315530777,0.2534080743789673,0.6195472478866577,0.12704475224018097,,10
R2P3_cancel_0_10,dot_product,20260521,5,original,1,0.7986382324449568,0.8499999940395355,0.3499999940395355,0.9703226765149491,4,0.55,1.6390052184462547,0.5098699331283569,0.37811756134033203,0.1120125874876976,,10
R2P3_cancel_0_10,dot_product,20260521,10,original,1,1.0000000000001803,1.0,0.25,1.0000000027478353,4,1.0,0.32007480338215827,0.8684797286987305,0.09174628555774689,0.03977402672171593,,10
R2P3_cancel_0_10,dot_product,20260521,20,original,0,1.0000000000001803,1.0,0.25,1.0000000027478353,4,1.0,0.01668337555602193,0.9782841801643372,0.013400081545114517,0.008315718732774258,,10
R2P3_cancel_0_10,dot_product,20260521,50,original,0,1.0000000000001803,1.0,0.25,1.0000000027478353,4,1.0,0.004102067096391692,0.9942411780357361,0.002472847467288375,0.0032861013896763325,,10
R2P3_cancel_0_10,dot_product,20260521,1600,original,0,1.0000000000001803,1.0,0.25,1.0000000027478353,4,1.0,3.0290611766758958e-05,0.9971115589141846,0.0010821024188771844,0.0018062375020235777,,10
R2P3_cancel_0_10,dot_product,20260522,0,original,1,0.3789510720768804,0.7250000089406967,0.574999988079071,0.8209242714154918,4,0.0,3.555974096059799,0.24910278618335724,0.6413460969924927,0.10955111682415009,,10
R2P3_cancel_0_10,dot_product,20260522,1,original,1,0.42640481540792524,0.7000000029802322,0.5249999761581421,0.8623371777953036,4,0.25,3.135943740606308,0.29028141498565674,0.6121873259544373,0.09753123670816422,,10
R2P3_cancel_0_10,dot_product,20260522,2,original,1,0.47441391167520924,0.675000011920929,0.3499999940395355,0.9367388503590396,4,0.45,2.7684797942638397,0.3328336775302887,0.5775724649429321,0.0895938128232956,,10
R2P3_cancel_0_10,dot_product,20260522,5,original,1,0.4720525546461094,0.7249999940395355,0.5,0.8422489162439242,4,0.475,1.8041023150086404,0.49319472908973694,0.43793943524360657,0.06886600703001022,,10
R2P3_cancel_0_10,dot_product,20260522,10,original,1,0.6863339595436013,0.8999999910593033,0.42500001192092896,0.8344401299728237,4,0.825,0.6985863592475653,0.7351250052452087,0.22079412639141083,0.044080886989831924,,10
R2P3_cancel_0_10,dot_product,20260522,20,original,0,0.866025403784751,1.0,0.5,0.7500000020608765,3,1.0,0.04602774097584188,0.9663936495780945,0.024494607001543045,0.00911172479391098,,10
R2P3_cancel_0_10,dot_product,20260522,50,original,0,0.866025403784751,1.0,0.5,0.7500000020608765,3,1.0,0.0055755253531970085,0.985003650188446,0.007988587953150272,0.007007761858403683,,10
R2P3_cancel_0_10,dot_product,20260522,1600,original,0,0.866025403784751,1.0,0.5,0.7500000020608765,3,1.0,4.4160050947539276e-05,0.9921106696128845,0.004276479594409466,0.003612849395722151,,10
R2P3_cancel_0_10,dot_product,20260523,0,original,1,0.3276187034457191,0.6000000089406967,0.5249999761581421,0.8689880908694702,4,0.05,3.4025349617004395,0.20814839005470276,0.7135859727859497,0.07826564460992813,,10
R2P3_cancel_0_10,dot_product,20260523,1,original,1,0.2098376557992731,0.5,0.5,0.8953227623001868,4,0.25,2.988790182955563,0.21268679201602936,0.6986211538314819,0.08869220316410065,,10
R2P3_cancel_0_10,dot_product,20260523,2,original,1,0.24324321814386476,0.5500000044703484,0.4749999940395355,0.9151505561268346,4,0.3,2.61742804646492,0.2378750443458557,0.6587751507759094,0.10334981977939606,,10
R2P3_cancel_0_10,dot_product,20260523,5,original,1,0.511170070877287,0.75,0.44999998807907104,0.9080664187551447,4,0.625,1.649019220471382,0.46125873923301697,0.4381382167339325,0.10060305148363113,,10
R2P3_cancel_0_10,dot_product,20260523,10,original,1,0.823063987754695,0.9249999821186066,0.2750000059604645,0.9981935829744978,4,1.0,0.4300244988873601,0.8138484358787537,0.14593684673309326,0.04021471366286278,,10
R2P3_cancel_0_10,dot_product,20260523,20,original,0,1.0000000000001803,1.0,0.25,1.0000000027478353,4,1.0,0.020657234685495497,0.9729142785072327,0.017630966380238533,0.009454857558012009,,10
R2P3_cancel_0_10,dot_product,20260523,50,original,0,1.0000000000001803,1.0,0.25,1.0000000027478353,4,1.0,0.004368869046447799,0.9920639395713806,0.003516358556225896,0.0044196913950145245,,10
R2P3_cancel_0_10,dot_product,20260523,1600,original,0,1.0000000000001803,1.0,0.25,1.0000000027478353,4,1.0,3.462968361418461e-05,0.9976811408996582,0.0007258849800564349,0.0015928482171148062,,10
R2P3_cancel_0_10,dot_product,20260524,0,original,1,0.5268761557035951,0.6749999970197678,0.2750000059604645,0.9943793517436624,4,0.0,3.488182175159454,0.33783119916915894,0.5649762749671936,0.09719250351190567,,10
R2P3_cancel_0_10,dot_product,20260524,1,original,1,0.41559153720777725,0.5499999970197678,0.375,0.9511619173996727,4,0.2,3.0703167974948884,0.3099908232688904,0.6060832738876343,0.08392592519521713,,10
R2P3_cancel_0_10,dot_product,20260524,2,original,1,0.4152805366253636,0.6000000089406967,0.44999998807907104,0.9080663327638193,4,0.25,2.702449369430542,0.3229314982891083,0.5983666777610779,0.07870189100503922,,10
R2P3_cancel_0_10,dot_product,20260524,5,original,1,0.49028310703155786,0.75,0.5,0.7500000020608765,3,0.625,1.7265863239765167,0.4521826207637787,0.46606507897377014,0.08175236731767654,,10
R2P3_cancel_0_10,dot_product,20260524,10,original,1,0.6533486047397786,0.9000000059604645,0.4000000059604645,0.7839707031899019,3,1.0,0.5585507399402558,0.7693818211555481,0.18567797541618347,0.044940285384655,,10
R2P3_cancel_0_10,dot_product,20260524,20,original,0,0.866025403784751,1.0,0.5,0.7500000020608765,3,1.0,0.02570997912553139,0.9660623669624329,0.022972693666815758,0.010964905843138695,,10
R2P3_cancel_0_10,dot_product,20260524,50,original,0,0.866025403784751,1.0,0.5,0.7500000020608765,3,1.0,0.004526863457431318,0.9861502051353455,0.008420736528933048,0.005429032724350691,,10
R2P3_cancel_0_10,dot_product,20260524,1600,original,0,0.866025403784751,1.0,0.5,0.7500000020608765,3,1.0,3.569061118469108e-05,0.9957504868507385,0.0024584420025348663,0.0017911350587382913,,10
R2P3_cancel_0_10,dot_product,20260525,0,original,1,0.3033142057611442,0.5499999970197678,0.42500001192092896,0.9156411366384208,4,0.25,3.373247986845672,0.23901046812534332,0.6499563455581665,0.11103326082229614,,10
R2P3_cancel_0_10,dot_product,20260525,1,original,1,0.3735040293018395,0.5750000029802322,0.44999998807907104,0.8762889263812472,4,0.25,2.962815356254578,0.28760799765586853,0.5967603325843811,0.11563178151845932,,10
R2P3_cancel_0_10,dot_product,20260525,2,original,1,0.44492137440884144,0.6000000089406967,0.3499999940395355,0.9586435066775066,4,0.25,2.610723614692688,0.3228308856487274,0.5485854148864746,0.12858374416828156,,10
R2P3_cancel_0_10,dot_product,20260525,5,original,1,0.6093401488264395,0.875,0.42500001192092896,0.7758157158426147,3,0.575,1.6779103755950928,0.49363288283348083,0.37531644105911255,0.1310507357120514,,10
R2P3_cancel_0_10,dot_product,20260525,10,original,1,0.7117931457071518,0.9249999970197678,0.42500001192092896,0.7758157158426147,3,0.975,0.4453134503215551,0.8856130242347717,0.08066251873970032,0.03372450917959213,,10
R2P3_cancel_0_10,dot_product,20260525,20,original,0,0.866025403784751,1.0,0.5,0.7500000020608765,3,1.0,0.020622109016403555,0.9888030886650085,0.007500230800360441,0.0036966654006391764,,10
R2P3_cancel_0_10,dot_product,20260525,50,original,0,0.866025403784751,1.0,0.5,0.7500000020608765,3,1.0,0.004092433862388134,0.9948803782463074,0.0035568021703511477,0.0015627833781763911,,10
R2P3_cancel_0_10,dot_product,20260525,1600,original,0,0.866025403784751,1.0,0.5,0.7500000020608765,3,1.0,3.127108484477503e-05,0.9996270537376404,0.0002532613871153444,0.0001197578021674417,,10
R2P3_cancel_0_10,dot_product,20260526,0,original,1,0.38296424213791763,0.5750000029802322,0.42500001192092896,0.9444744580121979,4,0.0,3.7733811676502227,0.27730557322502136,0.6297672390937805,0.09292715042829514,,10
R2P3_cancel_0_10,dot_product,20260526,1,original,1,0.35615867345357255,0.7000000029802322,0.5249999761581421,0.8134366627448778,4,0.0,3.352472484111786,0.34297552704811096,0.5537177920341492,0.10330671817064285,,10
R2P3_cancel_0_10,dot_product,20260526,2,original,1,0.45785318748532966,0.7999999970197678,0.550000011920929,0.7183331805228093,4,0.25,2.9451511204242706,0.40934833884239197,0.4829770028591156,0.10767462849617004,,10
R2P3_cancel_0_10,dot_product,20260526,5,original,1,0.484547715665042,0.6500000059604645,0.3499999940395355,0.9416915207472613,4,0.55,1.8967819511890411,0.5847465991973877,0.32847359776496887,0.08677976578474045,,10
R2P3_cancel_0_10,dot_product,20260526,10,original,1,0.8798111495188131,0.949999988079071,0.30000001192092896,0.9947455028073494,4,1.0,0.553275066614151,0.7319795489311218,0.21609902381896973,0.05192149430513382,,10
R2P3_cancel_0_10,dot_product,20260526,20,original,0,0.8417442805882993,0.9749999940395355,0.4749999940395355,0.821599217328803,4,1.0,0.032404118550766726,0.9448683261871338,0.041790999472141266,0.013340655714273453,,10
R2P3_cancel_0_10,dot_product,20260526,50,original,0,0.8417442805882993,0.9749999940395355,0.4749999940395355,0.821599217328803,4,1.0,0.004825794149655849,0.9782285094261169,0.01515269186347723,0.0066187395714223385,,10
R2P3_cancel_0_10,dot_product,20260526,1600,original,0,0.8417442805882993,0.9749999940395355,0.4749999940395355,0.821599217328803,4,1.0,3.865286216750974e-05,0.9853071570396423,0.008114640600979328,0.00657819164916873,,10
R2P3_cancel_0_10,dot_product,20260527,0,original,1,0.5025201812277174,0.7999999970197678,0.44999998807907104,0.7697455881804118,3,0.0,3.777429699897766,0.3717069923877716,0.5641283988952637,0.06416457146406174,,10
R2P3_cancel_0_10,dot_product,20260527,1,original,1,0.5600253869842722,0.8250000029802322,0.4749999940395355,0.757720303258108,3,0.0,3.2997201561927794,0.39907416701316833,0.5360033512115479,0.06492242962121964,,10
R2P3_cancel_0_10,dot_product,20260527,2,original,1,0.5983863098727265,0.875,0.4749999940395355,0.7611683834252564,3,0.475,2.8421161651611326,0.43313539028167725,0.5002167820930481,0.06664787977933884,,10
R2P3_cancel_0_10,dot_product,20260527,5,original,1,0.735775446543157,0.949999988079071,0.4749999940395355,0.757720303258108,3,0.7,1.6785007536411285,0.4763209819793701,0.4507911503314972,0.07288779318332672,,10
R2P3_cancel_0_10,dot_product,20260527,10,original,1,0.757884519667158,0.9249999821186066,0.44999998807907104,0.8914372442605689,4,1.0,0.5999037696048617,0.5766806602478027,0.35614168643951416,0.0671776682138443,,10
R2P3_cancel_0_10,dot_product,20260527,20,original,0,0.866025403784751,1.0,0.5,0.7500000020608765,3,1.0,0.047924517528736034,0.9322555065155029,0.04840372875332832,0.019340772181749344,,10
R2P3_cancel_0_10,dot_product,20260527,50,original,0,0.866025403784751,1.0,0.5,0.7500000020608765,3,1.0,0.004995575692737475,0.9911988377571106,0.0062031554989516735,0.002597878687083721,,10
R2P3_cancel_0_10,dot_product,20260527,1600,original,0,0.866025403784751,1.0,0.5,0.7500000020608765,3,1.0,4.0184594081438266e-05,0.9948877692222595,0.003460531821474433,0.0016517136245965958,,10
R2P3_cancel_0_10,dot_product,20260528,0,original,1,0.5178238464842502,0.7250000014901161,0.42500001192092896,0.7694744575313266,3,0.0,3.162482941150665,0.35893213748931885,0.49977394938468933,0.14129391312599182,,10
R2P3_cancel_0_10,dot_product,20260528,1,original,1,0.5372886127571759,0.7750000059604645,0.42500001192092896,0.7598362058116731,3,0.525,2.7529281437397004,0.3998391628265381,0.4768278896808624,0.12333296239376068,,10
R2P3_cancel_0_10,dot_product,20260528,2,original,1,0.5366868795495151,0.7999999970197678,0.4000000059604645,0.8153204747111036,4,0.6,2.3855907201766966,0.48105666041374207,0.41074633598327637,0.10819701105356216,,10
R2P3_cancel_0_10,dot_product,20260528,5,original,1,0.6914244482672713,0.824999988079071,0.4000000059604645,0.954435951124148,4,0.825,1.373291371203959,0.776291012763977,0.1621129810810089,0.06159612908959389,,10
R2P3_cancel_0_10,dot_product,20260528,10,original,1,0.9404189282521158,0.9749999940395355,0.2750000059604645,0.9981935829744978,4,1.0,0.2360139487311244,0.9478018879890442,0.03260531276464462,0.019592799246311188,,10
R2P3_cancel_0_10,dot_product,20260528,20,original,0,0.866025403784751,1.0,0.5,0.7500000020608765,3,1.0,0.018642577342689037,0.9913545250892639,0.004056776408106089,0.004588550888001919,,10
R2P3_cancel_0_10,dot_product,20260528,50,original,0,0.866025403784751,1.0,0.5,0.7500000020608765,3,1.0,0.004577267519198358,0.9990112781524658,0.0004011109413113445,0.0005876116920262575,,10
R2P3_cancel_0_10,dot_product,20260528,1600,original,0,0.866025403784751,1.0,0.5,0.7500000020608765,3,1.0,3.277902833360713e-05,0.9998137950897217,7.790826202835888e-05,0.0001081931623048149,,10
R2P3_cancel_0_final,dot_product,20260521,0,original,1,0.188986119669889,0.550000011920929,0.5,0.8750000024043559,4,0.225,3.4269165992736816,0.16776642203330994,0.7427613139152527,0.0894722267985344,,10000000
R2P3_cancel_0_final,dot_product,20260521,1,original,1,0.1652825290843093,0.625,0.574999988079071,0.7658959285234987,4,0.25,3.026321458816528,0.2030150443315506,0.6885680556297302,0.10841692984104156,,10000000
R2P3_cancel_0_final,dot_product,20260521,2,original,1,0.24740939735634812,0.6000000089406967,0.550000011920929,0.8005071790356627,4,0.25,2.667117315530777,0.2534080743789673,0.6195472478866577,0.12704475224018097,,10000000
R2P3_cancel_0_final,dot_product,20260521,5,original,1,0.7986382324449568,0.8499999940395355,0.3499999940395355,0.9703226765149491,4,0.55,1.6390052184462547,0.5098699331283569,0.37811756134033203,0.1120125874876976,,10000000
R2P3_cancel_0_final,dot_product,20260521,10,original,1,1.0000000000001803,1.0,0.25,1.0000000027478353,4,1.0,0.32007480338215827,0.8684797286987305,0.09174628555774689,0.03977402672171593,,10000000
R2P3_cancel_0_final,dot_product,20260521,20,original,1,1.0000000000001803,1.0,0.25,1.0000000027478353,4,1.0,0.016789468307979404,0.9765862822532654,0.01447485014796257,0.008938995189964771,,10000000
R2P3_cancel_0_final,dot_product,20260521,50,original,1,1.0000000000001803,1.0,0.25,1.0000000027478353,4,1.0,0.004091253801016137,0.9926424026489258,0.0033776641357690096,0.003979924600571394,,10000000
R2P3_cancel_0_final,dot_product,20260521,1600,original,1,1.0000000000001803,1.0,0.25,1.0000000027478353,4,1.0,2.993299272020522e-05,0.9969350099563599,0.0011725913500413299,0.0018925205804407597,,10000000
R2P3_cancel_0_final,dot_product,20260522,0,original,1,0.3789510720768804,0.7250000089406967,0.574999988079071,0.8209242714154918,4,0.0,3.555974096059799,0.24910278618335724,0.6413460969924927,0.10955111682415009,,10000000
R2P3_cancel_0_final,dot_product,20260522,1,original,1,0.42640481540792524,0.7000000029802322,0.5249999761581421,0.8623371777953036,4,0.25,3.135943740606308,0.29028141498565674,0.6121873259544373,0.09753123670816422,,10000000
R2P3_cancel_0_final,dot_product,20260522,2,original,1,0.47441391167520924,0.675000011920929,0.3499999940395355,0.9367388503590396,4,0.45,2.7684797942638397,0.3328336775302887,0.5775724649429321,0.0895938128232956,,10000000
R2P3_cancel_0_final,dot_product,20260522,5,original,1,0.4720525546461094,0.7249999940395355,0.5,0.8422489162439242,4,0.475,1.8041023150086404,0.49319472908973694,0.43793943524360657,0.06886600703001022,,10000000
R2P3_cancel_0_final,dot_product,20260522,10,original,1,0.6863339595436013,0.8999999910593033,0.42500001192092896,0.8344401299728237,4,0.825,0.6985863592475653,0.7351250052452087,0.22079412639141083,0.044080886989831924,,10000000
R2P3_cancel_0_final,dot_product,20260522,20,original,1,0.866025403784751,1.0,0.5,0.7500000020608765,3,1.0,0.03441764400340617,0.9617018103599548,0.02845906652510166,0.009839124977588654,,10000000
R2P3_cancel_0_final,dot_product,20260522,50,original,1,0.866025403784751,1.0,0.5,0.7500000020608765,3,1.0,0.005239753761634347,0.9857796430587769,0.009096956811845303,0.005123371724039316,,10000000
R2P3_cancel_0_final,dot_product,20260522,1600,original,1,0.866025403784751,1.0,0.5,0.7500000020608765,3,1.0,4.371901468402939e-05,0.9907106161117554,0.005695228464901447,0.0035941412206739187,,10000000
R2P3_cancel_0_final,dot_product,20260523,0,original,1,0.3276187034457191,0.6000000089406967,0.5249999761581421,0.8689880908694702,4,0.05,3.4025349617004395,0.20814839005470276,0.7135859727859497,0.07826564460992813,,10000000
R2P3_cancel_0_final,dot_product,20260523,1,original,1,0.2098376557992731,0.5,0.5,0.8953227623001868,4,0.25,2.988790182955563,0.21268679201602936,0.6986211538314819,0.08869220316410065,,10000000
R2P3_cancel_0_final,dot_product,20260523,2,original,1,0.24324321814386476,0.5500000044703484,0.4749999940395355,0.9151505561268346,4,0.3,2.61742804646492,0.2378750443458557,0.6587751507759094,0.10334981977939606,,10000000
R2P3_cancel_0_final,dot_product,20260523,5,original,1,0.511170070877287,0.75,0.44999998807907104,0.9080664187551447,4,0.625,1.649019220471382,0.46125873923301697,0.4381382167339325,0.10060305148363113,,10000000
R2P3_cancel_0_final,dot_product,20260523,10,original,1,0.823063987754695,0.9249999821186066,0.2750000059604645,0.9981935829744978,4,1.0,0.4300244988873601,0.8138484358787537,0.14593684673309326,0.04021471366286278,,10000000
R2P3_cancel_0_final,dot_product,20260523,20,original,1,0.9404189282521158,0.9749999940395355,0.2750000059604645,0.9981935829744978,4,1.0,0.021292918524704874,0.9649935364723206,0.02353835478425026,0.011468199081718922,,10000000
R2P3_cancel_0_final,dot_product,20260523,50,original,1,1.0000000000001803,1.0,0.25,1.0000000027478353,4,1.0,0.004268666880670935,0.9873364567756653,0.007190854288637638,0.005472708959132433,,10000000
R2P3_cancel_0_final,dot_product,20260523,1600,original,1,1.0000000000001803,1.0,0.25,1.0000000027478353,4,1.0,3.419159925215354e-05,0.9972212314605713,0.0009576663724146783,0.001821085810661316,,10000000
R2P3_cancel_0_final,dot_product,20260524,0,original,1,0.5268761557035951,0.6749999970197678,0.2750000059604645,0.9943793517436624,4,0.0,3.488182175159454,0.33783119916915894,0.5649762749671936,0.09719250351190567,,10000000
R2P3_cancel_0_final,dot_product,20260524,1,original,1,0.41559153720777725,0.5499999970197678,0.375,0.9511619173996727,4,0.2,3.0703167974948884,0.3099908232688904,0.6060832738876343,0.08392592519521713,,10000000
R2P3_cancel_0_final,dot_product,20260524,2,original,1,0.4152805366253636,0.6000000089406967,0.44999998807907104,0.9080663327638193,4,0.25,2.702449369430542,0.3229314982891083,0.5983666777610779,0.07870189100503922,,10000000
R2P3_cancel_0_final,dot_product,20260524,5,original,1,0.49028310703155786,0.75,0.5,0.7500000020608765,3,0.625,1.7265863239765167,0.4521826207637787,0.46606507897377014,0.08175236731767654,,10000000
R2P3_cancel_0_final,dot_product,20260524,10,original,1,0.6533486047397786,0.9000000059604645,0.4000000059604645,0.7839707031899019,3,1.0,0.5585507399402558,0.7693818211555481,0.18567797541618347,0.044940285384655,,10000000
R2P3_cancel_0_final,dot_product,20260524,20,original,1,0.7817453639989483,0.9249999970197678,0.42500001192092896,0.8764653805810325,4,1.0,0.030503826323547402,0.965133547782898,0.023197898641228676,0.011668631806969643,,10000000
R2P3_cancel_0_final,dot_product,20260524,50,original,1,0.8417442805882991,0.9749999940395355,0.4749999940395355,0.8215993033201284,4,1.0,0.004496165207820013,0.990306556224823,0.005364706739783287,0.0043287998996675014,,10000000
R2P3_cancel_0_final,dot_product,20260524,1600,original,1,0.8417442805882993,0.9749999940395355,0.4749999940395355,0.8215993033201284,4,1.0,3.873331224895083e-05,0.9944072365760803,0.0028576229233294725,0.002735152840614319,,10000000
R2P3_cancel_0_final,dot_product,20260525,0,original,1,0.3033142057611442,0.5499999970197678,0.42500001192092896,0.9156411366384208,4,0.25,3.373247986845672,0.23901046812534332,0.6499563455581665,0.11103326082229614,,10000000
R2P3_cancel_0_final,dot_product,20260525,1,original,1,0.3735040293018395,0.5750000029802322,0.44999998807907104,0.8762889263812472,4,0.25,2.962815356254578,0.28760799765586853,0.5967603325843811,0.11563178151845932,,10000000
R2P3_cancel_0_final,dot_product,20260525,2,original,1,0.44492137440884144,0.6000000089406967,0.3499999940395355,0.9586435066775066,4,0.25,2.610723614692688,0.3228308856487274,0.5485854148864746,0.12858374416828156,,10000000
R2P3_cancel_0_final,dot_product,20260525,5,original,1,0.6093401488264395,0.875,0.42500001192092896,0.7758157158426147,3,0.575,1.6779103755950928,0.49363288283348083,0.37531644105911255,0.1310507357120514,,10000000
R2P3_cancel_0_final,dot_product,20260525,10,original,1,0.7117931457071518,0.9249999970197678,0.42500001192092896,0.7758157158426147,3,0.975,0.4453134503215551,0.8856130242347717,0.08066251873970032,0.03372450917959213,,10000000
R2P3_cancel_0_final,dot_product,20260525,20,original,1,1.0000000000001803,1.0,0.25,1.0000000027478353,4,1.0,0.01932645204651635,0.9873490929603577,0.008295737206935883,0.004355210345238447,,10000000
R2P3_cancel_0_final,dot_product,20260525,50,original,1,1.0000000000001803,1.0,0.25,1.0000000027478353,4,1.0,0.004179889881561394,0.997302234172821,0.0017150804633274674,0.0009827448520809412,,10000000
R2P3_cancel_0_final,dot_product,20260525,1600,original,1,1.0000000000001803,1.0,0.25,1.0000000027478353,4,1.0,3.308002815174405e-05,0.999580979347229,0.0002644586784299463,0.00015466708282474428,,10000000
R2P3_cancel_0_final,dot_product,20260526,0,original,1,0.38296424213791763,0.5750000029802322,0.42500001192092896,0.9444744580121979,4,0.0,3.7733811676502227,0.27730557322502136,0.6297672390937805,0.09292715042829514,,10000000
R2P3_cancel_0_final,dot_product,20260526,1,original,1,0.35615867345357255,0.7000000029802322,0.5249999761581421,0.8134366627448778,4,0.0,3.352472484111786,0.34297552704811096,0.5537177920341492,0.10330671817064285,,10000000
R2P3_cancel_0_final,dot_product,20260526,2,original,1,0.45785318748532966,0.7999999970197678,0.550000011920929,0.7183331805228093,4,0.25,2.9451511204242706,0.40934833884239197,0.4829770028591156,0.10767462849617004,,10000000
R2P3_cancel_0_final,dot_product,20260526,5,original,1,0.484547715665042,0.6500000059604645,0.3499999940395355,0.9416915207472613,4,0.55,1.8967819511890411,0.5847465991973877,0.32847359776496887,0.08677976578474045,,10000000
R2P3_cancel_0_final,dot_product,20260526,10,original,1,0.8798111495188131,0.949999988079071,0.30000001192092896,0.9947455028073494,4,1.0,0.553275066614151,0.7319795489311218,0.21609902381896973,0.05192149430513382,,10000000
R2P3_cancel_0_final,dot_product,20260526,20,original,1,1.0000000000001803,1.0,0.25,1.0000000027478353,4,1.0,0.02093664528802037,0.9432094693183899,0.04205985739827156,0.014730608090758324,,10000000
R2P3_cancel_0_final,dot_product,20260526,50,original,1,1.0000000000001803,1.0,0.25,1.0000000027478353,4,1.0,0.004440688964677975,0.9763501286506653,0.017776209861040115,0.005873566959053278,,10000000
R2P3_cancel_0_final,dot_product,20260526,1600,original,1,1.0000000000001803,1.0,0.25,1.0000000027478353,4,1.0,3.709425118358922e-05,0.9858942627906799,0.010155181400477886,0.003950499463826418,,10000000
R2P3_cancel_0_final,dot_product,20260527,0,original,1,0.5025201812277174,0.7999999970197678,0.44999998807907104,0.7697455881804118,3,0.0,3.777429699897766,0.3717069923877716,0.5641283988952637,0.06416457146406174,,10000000
R2P3_cancel_0_final,dot_product,20260527,1,original,1,0.5600253869842722,0.8250000029802322,0.4749999940395355,0.757720303258108,3,0.0,3.2997201561927794,0.39907416701316833,0.5360033512115479,0.06492242962121964,,10000000
R2P3_cancel_0_final,dot_product,20260527,2,original,1,0.5983863098727265,0.875,0.4749999940395355,0.7611683834252564,3,0.475,2.8421161651611326,0.43313539028167725,0.5002167820930481,0.06664787977933884,,10000000
R2P3_cancel_0_final,dot_product,20260527,5,original,1,0.735775446543157,0.949999988079071,0.4749999940395355,0.757720303258108,3,0.7,1.6785007536411285,0.4763209819793701,0.4507911503314972,0.07288779318332672,,10000000
R2P3_cancel_0_final,dot_product,20260527,10,original,1,0.757884519667158,0.9249999821186066,0.44999998807907104,0.8914372442605689,4,1.0,0.5999037696048617,0.5766806602478027,0.35614168643951416,0.0671776682138443,,10000000
R2P3_cancel_0_final,dot_product,20260527,20,original,1,0.9404189282521158,0.9749999940395355,0.2750000059604645,0.9981935829744978,4,1.0,0.035301169380545616,0.9233293533325195,0.056252796202898026,0.02041785605251789,,10000000
R2P3_cancel_0_final,dot_product,20260527,50,original,1,1.0000000000001803,1.0,0.25,1.0000000027478353,4,1.0,0.004437990620499477,0.9829719066619873,0.013029689900577068,0.00399839086458087,,10000000
R2P3_cancel_0_final,dot_product,20260527,1600,original,1,1.0000000000001803,1.0,0.25,1.0000000027478353,4,1.0,3.7255155893944904e-05,0.9901989102363586,0.007338988594710827,0.0024620683398097754,,10000000
R2P3_cancel_0_final,dot_product,20260528,0,original,1,0.5178238464842502,0.7250000014901161,0.42500001192092896,0.7694744575313266,3,0.0,3.162482941150665,0.35893213748931885,0.49977394938468933,0.14129391312599182,,10000000
R2P3_cancel_0_final,dot_product,20260528,1,original,1,0.5372886127571759,0.7750000059604645,0.42500001192092896,0.7598362058116731,3,0.525,2.7529281437397004,0.3998391628265381,0.4768278896808624,0.12333296239376068,,10000000
R2P3_cancel_0_final,dot_product,20260528,2,original,1,0.5366868795495151,0.7999999970197678,0.4000000059604645,0.8153204747111036,4,0.6,2.3855907201766966,0.48105666041374207,0.41074633598327637,0.10819701105356216,,10000000
R2P3_cancel_0_final,dot_product,20260528,5,original,1,0.6914244482672713,0.824999988079071,0.4000000059604645,0.954435951124148,4,0.825,1.373291371203959,0.776291012763977,0.1621129810810089,0.06159612908959389,,10000000
R2P3_cancel_0_final,dot_product,20260528,10,original,1,0.9404189282521158,0.9749999940395355,0.2750000059604645,0.9981935829744978,4,1.0,0.2360139487311244,0.9478018879890442,0.03260531276464462,0.019592799246311188,,10000000
R2P3_cancel_0_final,dot_product,20260528,20,original,1,1.0000000000001803,1.0,0.25,1.0000000027478353,4,1.0,0.016769365151412786,0.9827951788902283,0.008965656161308289,0.008239173330366611,,10000000
R2P3_cancel_0_final,dot_product,20260528,50,original,1,1.0000000000001803,1.0,0.25,1.0000000027478353,4,1.0,0.004196828056592494,0.9944475889205933,0.0031681889668107033,0.002384179038926959,,10000000
R2P3_cancel_0_final,dot_product,20260528,1600,original,1,1.0000000000001803,1.0,0.25,1.0000000027478353,4,1.0,2.809722391248215e-05,0.9995162487030029,0.0002801748050842434,0.00020360149210318923,,10000000
R2P4_route_at_slot,dot_product,20260521,0,route_at_slot,0,0.8340418236967407,0.9749999940395355,0.5,0.8086244161910855,4,0.225,3.442767304182053,0.9711824059486389,0.018777556717395782,0.010040096007287502,,
R2P4_route_at_slot,dot_product,20260521,1,route_at_slot,0,0.8340418236967407,0.9749999940395355,0.5,0.8086244161910855,4,0.25,3.0355950206518174,0.9711612462997437,0.018503500148653984,0.010335398837924004,,
R2P4_route_at_slot,dot_product,20260521,2,route_at_slot,0,0.8181997183293465,0.9500000029802322,0.5,0.8402410187951008,4,0.25,2.6821986085735263,0.9698916077613831,0.019228260964155197,0.01088008563965559,,
R2P4_route_at_slot,dot_product,20260521,5,route_at_slot,0,0.8086699369303963,0.9249999970197678,0.5,0.8601613392879128,4,0.5,1.7739511758089066,0.9604620933532715,0.025396404787898064,0.014141642488539219,,
R2P4_route_at_slot,dot_product,20260521,10,route_at_slot,0,0.579808366433165,0.7999999970197678,0.550000011920929,0.7888280091982203,4,1.0,0.571686515212059,0.936401903629303,0.03811124712228775,0.025486938655376434,,
R2P4_route_at_slot,dot_product,20260521,20,route_at_slot,0,0.5081937015254129,0.875,0.574999988079071,0.5604399933536227,3,1.0,0.022062629531137645,0.8947242498397827,0.04819587245583534,0.05707980692386627,,
R2P4_route_at_slot,dot_product,20260521,50,route_at_slot,0,0.6707905761124943,0.9500000029802322,0.5,0.6172489156256612,3,1.0,0.004026938293827697,0.863818347454071,0.05640818178653717,0.07977348566055298,,
R2P4_route_at_slot,dot_product,20260521,1600,route_at_slot,0,0.6707905761124943,0.9500000029802322,0.5,0.6172489156256612,3,1.0,3.6396898940438406e-05,0.8656395673751831,0.0557841882109642,0.07857616990804672,,
R2P4_route_at_slot,dot_product,20260522,0,route_at_slot,0,0.6368979998637679,1.0,0.75,0.40563905424694935,2,0.0,3.5509716629981996,0.9641903042793274,0.024837994948029518,0.010971717536449432,,
R2P4_route_at_slot,dot_product,20260522,1,route_at_slot,0,0.6368979998637679,1.0,0.75,0.40563905424694935,2,0.225,3.1160744965076446,0.9630231261253357,0.02587013505399227,0.01110685896128416,,
R2P4_route_at_slot,dot_product,20260522,2,route_at_slot,0,0.6368979998637679,1.0,0.75,0.40563905424694935,2,0.375,2.7120832741260528,0.9602198004722595,0.02823813073337078,0.011542079970240593,,
R2P4_route_at_slot,dot_product,20260522,5,route_at_slot,0,0.18704991971812218,0.9249999970197678,0.925000011920929,0.19215576435455758,2,0.3,1.751547164376825,0.9439919590950012,0.041159793734550476,0.014848298393189907,,
R2P4_route_at_slot,dot_product,20260522,10,route_at_slot,0,0.08852022993815487,0.9749999940395355,0.9750000238418579,0.0843304513508173,2,1.0,0.7896194376051426,0.9115775227546692,0.06282968074083328,0.025592710822820663,,
R2P4_route_at_slot,dot_product,20260522,20,route_at_slot,0,0.08852022993815487,0.9749999940395355,0.9750000238418579,0.0843304513508173,2,1.0,0.03567837843147572,0.8890981674194336,0.06449346244335175,0.046408310532569885,,
R2P4_route_at_slot,dot_product,20260522,50,route_at_slot,0,0.08852022993815487,0.9749999940395355,0.9750000238418579,0.0843304513508173,2,1.0,0.004881678719539195,0.8914543986320496,0.053827472031116486,0.054718177765607834,,
R2P4_route_at_slot,dot_product,20260522,1600,route_at_slot,0,0.08852022993815487,0.9749999940395355,0.9750000238418579,0.0843304513508173,2,1.0,4.405579347803723e-05,0.8919563293457031,0.05336955189704895,0.05467415228486061,,
R2P4_route_at_slot,dot_product,20260523,0,route_at_slot,0,0.6234862600936161,0.9749999940395355,0.5249999761581421,0.49909795237014226,2,0.05,3.439644825458527,0.9660349488258362,0.021957524120807648,0.012007498182356358,,
R2P4_route_at_slot,dot_product,20260523,1,route_at_slot,0,0.6234862600936159,0.9749999940395355,0.5249999761581421,0.49909795237014226,2,0.25,3.020218777656555,0.9659324288368225,0.022053172811865807,0.012014499865472317,,
R2P4_route_at_slot,dot_product,20260523,2,route_at_slot,0,0.6234862600936159,0.9749999940395355,0.5249999761581421,0.49909795237014226,2,0.25,2.6474253058433534,0.9647188782691956,0.023051219061017036,0.012229980900883675,,
R2P4_route_at_slot,dot_product,20260523,5,route_at_slot,0,0.6234862600936159,0.9749999940395355,0.5249999761581421,0.49909795237014226,2,0.575,1.7019906495697796,0.9547328352928162,0.03071911260485649,0.01454816572368145,,
R2P4_route_at_slot,dot_product,20260523,10,route_at_slot,0,0.6234862600936159,0.9749999940395355,0.5249999761581421,0.49909795237014226,2,1.0,0.6128102160524577,0.9282363653182983,0.04739246144890785,0.024371279403567314,,
R2P4_route_at_slot,dot_product,20260523,20,route_at_slot,0,0.6713694931486851,0.9249999970197678,0.5,0.6524600416240346,3,1.0,0.025605742033803836,0.8664660453796387,0.07519764453172684,0.05833638831973076,,
R2P4_route_at_slot,dot_product,20260523,50,route_at_slot,0,0.5081937015254128,0.875,0.574999988079071,0.5604399933536227,3,1.0,0.004257577081443742,0.8032956123352051,0.10365176945924759,0.09305261820554733,,
R2P4_route_at_slot,dot_product,20260523,1600,route_at_slot,0,0.5764638946393464,0.9500000029802322,0.550000011920929,0.4963872478185681,2,1.0,3.569358204913442e-05,0.8030864596366882,0.10418751835823059,0.09272602945566177,,
R2P4_route_at_slot,dot_product,20260524,0,route_at_slot,0,0.5058030003437588,0.9000000059604645,0.6499999761581421,0.4670340228912328,2,0.0,3.474424111843109,0.9735537171363831,0.01578223891556263,0.010663950815796852,,
R2P4_route_at_slot,dot_product,20260524,1,route_at_slot,0,0.7071067811870577,1.0,0.5,0.5000000013739176,2,0.225,3.0603416562080383,0.9731704592704773,0.016239788383245468,0.010589832440018654,,
R2P4_route_at_slot,dot_product,20260524,2,route_at_slot,0,0.7071067811870577,1.0,0.5,0.5000000013739176,2,0.25,2.684472385048866,0.9714483022689819,0.01776786334812641,0.010783962905406952,,
R2P4_route_at_slot,dot_product,20260524,5,route_at_slot,0,0.5289541353506781,0.9249999970197678,0.7250000238418579,0.5749459130363089,4,0.275,1.764137640595436,0.9596525430679321,0.027185795828700066,0.013161560520529747,,
R2P4_route_at_slot,dot_product,20260524,10,route_at_slot,0,0.41270139919582344,0.7999999821186066,0.574999988079071,0.6278979953757609,4,1.0,0.8104497715830803,0.9292029738426208,0.047760892659425735,0.023036085069179535,,
R2P4_route_at_slot,dot_product,20260524,20,route_at_slot,0,0.5607311067039387,0.9249999821186066,0.675000011920929,0.615948468811162,4,1.0,0.03104078842297895,0.8923521041870117,0.06285932660102844,0.04478858411312103,,
R2P4_route_at_slot,dot_product,20260524,50,route_at_slot,0,0.5737565337882139,0.949999988079071,0.699999988079071,0.5381488490230042,3,1.0,0.004423628986114636,0.8837122917175293,0.06177505478262901,0.05451267212629318,,
R2P4_route_at_slot,dot_product,20260524,1600,route_at_slot,0,0.47577344276570044,0.9249999821186066,0.675000011920929,0.5184451406789539,3,1.0,4.100053331228537e-05,0.8889418840408325,0.05908564105629921,0.0519724115729332,,
R2P4_route_at_slot,dot_product,20260525,0,route_at_slot,0,0.6946559459915626,0.9249999970197678,0.4749999940395355,0.7507598214123884,3,0.25,3.348982810974121,0.9735348224639893,0.015683535486459732,0.010781627148389816,,
R2P4_route_at_slot,dot_product,20260525,1,route_at_slot,0,0.6946559459915627,0.9249999970197678,0.4749999940395355,0.7507598214123884,3,0.25,2.9362311184406282,0.9744778871536255,0.014844140969216824,0.010677890852093697,,
R2P4_route_at_slot,dot_product,20260525,2,route_at_slot,0,0.6946559459915627,0.9249999970197678,0.4749999940395355,0.7507598214123884,3,0.25,2.572237658500671,0.9743942022323608,0.014811307191848755,0.010794523172080517,,
R2P4_route_at_slot,dot_product,20260525,5,route_at_slot,0,0.6736897171307114,0.875,0.42500001192092896,0.866056732576839,4,0.525,1.7163063410669566,0.9691832661628723,0.018404178321361542,0.012412655167281628,,
R2P4_route_at_slot,dot_product,20260525,10,route_at_slot,0,0.7638096609452466,0.9249999970197678,0.4749999940395355,0.8552237173816416,4,1.0,0.6851201654411853,0.9509350657463074,0.028820505365729332,0.020244477316737175,,
R2P4_route_at_slot,dot_product,20260525,20,route_at_slot,0,0.8806436264743885,0.9249999970197678,0.32499998807907104,0.9835170135064929,4,1.0,0.023536872788099572,0.9087244272232056,0.043818023055791855,0.04745754972100258,,
R2P4_route_at_slot,dot_product,20260525,50,route_at_slot,0,1.0000000000001803,1.0,0.25,1.0000000027478353,4,1.0,0.0044768369640223685,0.8901259899139404,0.047503698617219925,0.06237022206187248,,
R2P4_route_at_slot,dot_product,20260525,1600,route_at_slot,0,0.9057917190389749,0.9500000029802322,0.30000001192092896,0.9927376913498516,4,1.0,3.9061129336914745e-05,0.8899207711219788,0.04809869825839996,0.061980534344911575,,
R2P4_route_at_slot,dot_product,20260526,0,route_at_slot,0,0.4528043170097635,0.949999988079071,0.75,0.40563905424694935,2,0.0,3.764854687452316,0.9725102782249451,0.016597874462604523,0.01089188177138567,,
R2P4_route_at_slot,dot_product,20260526,1,route_at_slot,0,0.4528043170097635,0.949999988079071,0.75,0.40563905424694935,2,0.0,3.3313814222812654,0.972520112991333,0.01650460623204708,0.010975425131618977,,
R2P4_route_at_slot,dot_product,20260526,2,route_at_slot,0,0.4528043170097635,0.949999988079071,0.75,0.40563905424694935,2,0.25,2.906917405128479,0.9717010259628296,0.017066791653633118,0.0112321050837636,,
R2P4_route_at_slot,dot_product,20260526,5,route_at_slot,0,0.6234862600936159,0.9749999940395355,0.5249999761581421,0.49909795237014226,2,0.5,1.7834281206130982,0.9653621315956116,0.021581344306468964,0.013056505471467972,,
R2P4_route_at_slot,dot_product,20260526,10,route_at_slot,0,0.5058030003437588,0.9000000059604645,0.6499999761581421,0.4670340228912328,2,1.0,0.7616658994928003,0.9479020833969116,0.031988829374313354,0.020109102129936218,,
R2P4_route_at_slot,dot_product,20260526,20,route_at_slot,0,0.7071067811870577,1.0,0.5,0.5000000013739176,2,1.0,0.030596459946536925,0.9114950299263,0.04521340876817703,0.043291520327329636,,
R2P4_route_at_slot,dot_product,20260526,50,route_at_slot,0,0.5058030003437588,0.9000000059604645,0.6499999761581421,0.4670340228912328,2,1.0,0.004596710170153529,0.8910776376724243,0.05202414467930794,0.05689815804362297,,
R2P4_route_at_slot,dot_product,20260526,1600,route_at_slot,0,0.5058030003437588,0.9000000059604645,0.6499999761581421,0.4670340228912328,2,1.0,4.0756821999821116e-05,0.8961701393127441,0.04823623597621918,0.055593717843294144,,
R2P4_route_at_slot,dot_product,20260527,0,route_at_slot,0,0.567354039806079,0.9249999970197678,0.675000011920929,0.5815123826289018,3,0.0,3.8297146283090115,0.9676272869110107,0.022048844024538994,0.010323842987418175,,
R2P4_route_at_slot,dot_product,20260527,1,route_at_slot,0,0.5737565337882139,0.949999988079071,0.699999988079071,0.5381488490230042,3,0.0,3.3291390240192413,0.9657823443412781,0.02374080941081047,0.010476864874362946,,
R2P4_route_at_slot,dot_product,20260527,2,route_at_slot,0,0.6120021075351896,0.9749999940395355,0.7250000238418579,0.48470489630208463,3,0.475,2.871096581220627,0.9629423022270203,0.026226619258522987,0.010831039398908615,,
R2P4_route_at_slot,dot_product,20260527,5,route_at_slot,0,0.6120021075351896,0.9749999940395355,0.7250000238418579,0.48470489630208463,3,0.475,1.8052521213889121,0.9480262994766235,0.038464464247226715,0.013509294018149376,,
R2P4_route_at_slot,dot_product,20260527,10,route_at_slot,0,0.7187547923781619,0.9249999970197678,0.42500001192092896,0.7789619664574989,3,0.975,0.7950729737989605,0.9167609810829163,0.06039607897400856,0.0228428915143013,,
R2P4_route_at_slot,dot_product,20260527,20,route_at_slot,0,0.7972065060800143,0.9749999940395355,0.5,0.748193582287539,3,1.0,0.04373414670699276,0.9285200238227844,0.04285037890076637,0.02862958423793316,,
R2P4_route_at_slot,dot_product,20260527,50,route_at_slot,0,0.650736686735023,0.875,0.625,0.6493974605687951,3,1.0,0.00441770302131772,0.9419878125190735,0.029626687988638878,0.028385546058416367,,
R2P4_route_at_slot,dot_product,20260527,1600,route_at_slot,0,0.507369805899628,0.9000000059604645,0.6499999761581421,0.5319996953327298,3,1.0,4.187729127806961e-05,0.9422258734703064,0.029527146369218826,0.02824697457253933,,
R2P4_route_at_slot,dot_product,20260528,0,route_at_slot,0,1.0000000000001803,1.0,0.25,1.0000000027478353,4,0.0,3.1555705785751345,0.9725058078765869,0.015645144507288933,0.011849002912640572,,
R2P4_route_at_slot,dot_product,20260528,1,route_at_slot,0,1.0000000000001803,1.0,0.25,1.0000000027478353,4,0.25,2.7663273572921754,0.9730038046836853,0.015244615264236927,0.011751716025173664,,
R2P4_route_at_slot,dot_product,20260528,2,route_at_slot,0,1.0000000000001803,1.0,0.25,1.0000000027478353,4,0.25,2.419751989841461,0.9723754525184631,0.01573364995419979,0.011890843510627747,,
R2P4_route_at_slot,dot_product,20260528,5,route_at_slot,0,0.8806436264743885,0.9249999970197678,0.32499998807907104,0.9835170135064929,4,0.775,1.4959808656945826,0.9657987952232361,0.020552221685647964,0.013649092055857182,,
R2P4_route_at_slot,dot_product,20260528,10,route_at_slot,0,0.866025403784751,1.0,0.5,0.7500000020608765,3,1.0,0.3800446207635105,0.9459104537963867,0.03267806023359299,0.02141149714589119,,
R2P4_route_at_slot,dot_product,20260528,20,route_at_slot,0,0.6181088799638396,0.9249999970197678,0.675000011920929,0.5815123826289018,3,1.0,0.018707904126495124,0.9073197245597839,0.050833772867918015,0.04184645786881447,,
R2P4_route_at_slot,dot_product,20260528,50,route_at_slot,0,0.34664169476920514,0.8500000089406967,0.800000011920929,0.4420918519888895,3,1.0,0.004322221403708681,0.8858340978622437,0.05966903269290924,0.054496895521879196,,
R2P4_route_at_slot,dot_product,20260528,1600,route_at_slot,0,0.304199313294813,0.8250000029802322,0.824999988079071,0.4100309752020329,3,1.0,3.327075301058357e-05,0.886753261089325,0.0596468523144722,0.05359994247555733,,
R2P4_varied_b,dot_product,20260521,0,varied_b,0,0.025458826181984986,0.7000000029802322,0.699999988079071,0.5381488490230042,3,0.14375,3.417296901345253,0.2279646247625351,0.6983774900436401,0.07365797460079193,,
R2P4_varied_b,dot_product,20260521,1,varied_b,0,0.019766046805297588,0.7187500149011612,0.71875,0.5162637987267354,3,0.1375,3.1097263962030413,0.24562445282936096,0.6764965653419495,0.07787902653217316,,
R2P4_varied_b,dot_product,20260521,2,varied_b,0,0.030002906765183756,0.7312500029802322,0.731249988079071,0.49817586738754127,3,0.26875,2.818045988678932,0.2644336521625519,0.6497985124588013,0.08576788008213043,,
R2P4_varied_b,dot_product,20260521,5,varied_b,0,0.04083236451564305,0.9500000029802322,0.949999988079071,0.16348044129234507,3,0.40625,2.0508182771503924,0.32688409090042114,0.5629615783691406,0.11015433818101883,,
R2P4_varied_b,dot_product,20260521,10,varied_b,0,0.04556062191860268,0.9812500178813934,0.981249988079071,0.07579075493692349,3,0.83125,1.1583964798599482,0.5350993275642395,0.3543897867202759,0.11051089316606522,,
R2P4_varied_b,dot_product,20260521,20,varied_b,0,0.01517729661018989,0.9812500178813934,0.981249988079071,0.0671817280169006,2,1.0,0.09174989979655948,0.9668301343917847,0.02289455011487007,0.01027534157037735,,
R2P4_varied_b,dot_product,20260521,50,varied_b,0,1.000088900581841e-06,1.0,1.0,-0.0,1,1.0,0.0046500119693519085,0.9985061883926392,0.0009517033468000591,0.0005422158865258098,,
R2P4_varied_b,dot_product,20260521,1600,varied_b,0,1.000088900581841e-06,1.0,1.0,-0.0,1,1.0,5.502772553427349e-05,0.9987770318984985,0.0007332623354159296,0.0004897610051557422,,
R2P4_varied_b,dot_product,20260522,0,varied_b,0,0.011644989592738445,0.48124999552965164,0.48124998807907104,0.8076774797154349,4,0.0,3.7240249782800676,0.27654555439949036,0.6218074560165405,0.10164698958396912,,
R2P4_varied_b,dot_product,20260522,1,varied_b,0,0.007201150145888195,0.4937499985098839,0.4937500059604645,0.7742361411857652,4,0.0625,3.347360095381737,0.2705110013484955,0.6293637752532959,0.10012535005807877,,
R2P4_varied_b,dot_product,20260522,2,varied_b,0,0.00762826405704288,0.3812500014901161,0.3812499940395355,0.8034172114795869,4,0.19375,2.999450884759426,0.24952054023742676,0.6512425541877747,0.099236860871315,,
R2P4_varied_b,dot_product,20260522,5,varied_b,0,0.0002736585986131956,0.4687499925494194,0.46875,0.7635518049922386,3,0.3,2.1325750393792986,0.17513494193553925,0.7220397591590881,0.10282522439956665,,
R2P4_varied_b,dot_product,20260522,10,varied_b,0,8.268805461388389e-13,0.4749999940395355,0.4749999940395355,0.7611683834252564,3,0.76875,1.3262214646674693,0.24714207649230957,0.6354822516441345,0.11737570911645889,,
R2P4_varied_b,dot_product,20260522,20,varied_b,0,0.021085396962088818,0.46875,0.40625,0.7787583389988774,3,1.0,0.15610361983126494,0.9168945550918579,0.06465011835098267,0.018455348908901215,,
R2P4_varied_b,dot_product,20260522,50,varied_b,0,0.026260685060528352,0.5,0.4375,0.7730898768177646,3,1.0,0.005244494904763997,0.9979139566421509,0.0014737184392288327,0.000612338655628264,,
R2P4_varied_b,dot_product,20260522,1600,varied_b,0,0.026260685060528352,0.5,0.4375,0.7730898768177646,3,1.0,5.533615913009271e-05,0.9982699751853943,0.0012077454011887312,0.0005223391344770789,,
R2P4_varied_b,dot_product,20260523,0,varied_b,0,0.04866134181152102,0.5875000059604645,0.5874999761581421,0.6537010684326606,3,0.0125,3.5479375272989273,0.2990855574607849,0.6223280429840088,0.07858647406101227,,
R2P4_varied_b,dot_product,20260523,1,varied_b,0,0.01104843258791041,0.5562499985098839,0.5562499761581421,0.7030873914761112,3,0.0625,3.229466123692691,0.2789033353328705,0.639133632183075,0.08196300268173218,,
R2P4_varied_b,dot_product,20260523,2,varied_b,0,0.014029027551374983,0.5250000059604645,0.5249999761581421,0.7523711268683221,4,0.175,2.933101660013199,0.25956663489341736,0.6524379253387451,0.0879955142736435,,
R2P4_varied_b,dot_product,20260523,5,varied_b,0,0.008903970132135805,0.5,0.5,0.770854274339199,4,0.31875,2.1327837785705923,0.24286827445030212,0.6479861736297607,0.10914561152458191,,
R2P4_varied_b,dot_product,20260523,10,varied_b,0,0.03434595674643867,0.5062499940395355,0.5062500238418579,0.7419743456670381,3,0.7875,1.2101583351381122,0.45283010601997375,0.44803962111473083,0.09913026541471481,,
R2P4_varied_b,dot_product,20260523,20,varied_b,0,0.1307606550762268,0.5562500059604645,0.5562499761581421,0.7001982549242668,3,1.0,0.10463034185522702,0.9565320014953613,0.033706724643707275,0.00976122822612524,,
R2P4_varied_b,dot_product,20260523,50,varied_b,0,0.1745211711727568,0.5625,0.5625,0.6831573109678627,3,1.0,0.00512957000573806,0.9966951012611389,0.002237011445686221,0.0010677955579012632,,
R2P4_varied_b,dot_product,20260523,1600,varied_b,0,0.17452117117275687,0.5625,0.5625,0.6831573109678627,3,1.0,5.046671735726704e-05,0.9982605576515198,0.0011202194727957249,0.0006191906286403537,,
R2P4_varied_b,dot_product,20260524,0,varied_b,0,7.214116486587585e-13,0.25,0.25,1.0000000027478353,4,0.0,3.5321064993739126,0.3155227601528168,0.5789153575897217,0.10556188225746155,,
R2P4_varied_b,dot_product,20260524,1,varied_b,0,0.004166692670250002,0.3062499985098839,0.3062500059604645,0.9907917936466643,4,0.09375,3.211129699647427,0.3023122549057007,0.5986795425415039,0.09900833666324615,,
R2P4_varied_b,dot_product,20260524,2,varied_b,0,7.214116486587585e-13,0.25,0.25,1.0000000027478353,4,0.175,2.908699110150337,0.27915382385253906,0.6237460374832153,0.09710020571947098,,
R2P4_varied_b,dot_product,20260524,5,varied_b,0,7.214116486587585e-13,0.25,0.25,1.0000000027478353,4,0.28125,2.1198498010635376,0.23417797684669495,0.665370762348175,0.10045131295919418,,
R2P4_varied_b,dot_product,20260524,10,varied_b,0,7.214116486587585e-13,0.25,0.25,1.0000000027478353,4,0.70625,1.3379207959398627,0.30673903226852417,0.5777974724769592,0.115463487803936,,
R2P4_varied_b,dot_product,20260524,20,varied_b,0,7.214116486587585e-13,0.25,0.25,1.0000000027478353,4,1.0,0.18877330165123568,0.9245404601097107,0.05645109713077545,0.019008440896868706,,
R2P4_varied_b,dot_product,20260524,50,varied_b,0,0.17712022268544642,0.4375,0.3125,0.9886084738939609,4,1.0,0.005250474769854918,0.9982507228851318,0.0010956191690638661,0.0006537051522172987,,
R2P4_varied_b,dot_product,20260524,1600,varied_b,0,0.17712022268544642,0.4375,0.3125,0.9886084738939609,4,1.0,5.619516466595087e-05,0.9985217452049255,0.000855645164847374,0.0006225921679288149,,
R2P4_varied_b,dot_product,20260525,0,varied_b,0,0.007220105821690319,0.6812500059604645,0.6812499761581421,0.4515084610672436,2,0.0625,3.661792390048504,0.30758288502693176,0.6051799654960632,0.0872371569275856,,
R2P4_varied_b,dot_product,20260525,1,varied_b,0,0.010907630878135103,0.5625,0.5625,0.494349683362471,2,0.0625,3.3305136784911156,0.3225148618221283,0.5873371958732605,0.09014786034822464,,
R2P4_varied_b,dot_product,20260525,2,varied_b,0,1.0202301375871509e-12,0.5,0.5,0.5000000013739176,2,0.11875,3.0269632011651995,0.33374765515327454,0.5667040944099426,0.09954830259084702,,
R2P4_varied_b,dot_product,20260525,5,varied_b,0,1.0202301375871509e-12,0.5,0.5,0.5000000013739176,2,0.45,2.182401352003217,0.3308553695678711,0.5376072525978088,0.13153737783432007,,
R2P4_varied_b,dot_product,20260525,10,varied_b,0,1.0202301375871509e-12,0.5,0.5,0.5000000013739176,2,0.83125,1.213397122034803,0.476294606924057,0.3862746059894562,0.13743090629577637,,
R2P4_varied_b,dot_product,20260525,20,varied_b,0,1.0202301375871509e-12,0.5,0.5,0.5000000013739176,2,1.0,0.06827889024280012,0.9812827110290527,0.01287532877177,0.005841922014951706,,
R2P4_varied_b,dot_product,20260525,50,varied_b,0,1.0202301375871509e-12,0.5,0.5,0.5000000013739176,2,1.0,0.005309426807798445,0.9992164373397827,0.0004503844247665256,0.0003331402549520135,,
R2P4_varied_b,dot_product,20260525,1600,varied_b,0,1.0202301375871509e-12,0.5,0.5,0.5000000013739176,2,1.0,5.637471529098548e-05,0.9995154738426208,0.00028712957282550633,0.00019737175898626447,,
R2P4_varied_b,dot_product,20260526,0,varied_b,0,0.00036332927070972874,0.4624999910593033,0.4625000059604645,0.7657749387286168,3,0.0625,3.7087997451424597,0.295867919921875,0.5979540944099426,0.10617794841527939,,
R2P4_varied_b,dot_product,20260526,1,varied_b,0,0.00037999595548058316,0.48749999701976776,0.48750001192092896,0.7559145714153739,3,0.0625,3.370331673324108,0.31630948185920715,0.5820247530937195,0.10166569799184799,,
R2P4_varied_b,dot_product,20260526,2,varied_b,0,0.00028660732962993026,0.4937499985098839,0.4937500059604645,0.7530408273107818,3,0.24375,3.0450768820941447,0.3331151008605957,0.5675647854804993,0.09932002425193787,,
R2P4_varied_b,dot_product,20260526,5,varied_b,0,8.330144190993321e-13,0.5,0.5,0.7500000020608765,3,0.39375,2.152318110875785,0.3793841004371643,0.5261547565460205,0.09446126222610474,,
R2P4_varied_b,dot_product,20260526,10,varied_b,0,8.330144190993321e-13,0.5,0.5,0.7500000020608765,3,0.8625,1.1987132787704469,0.5343400835990906,0.385017067193985,0.08064287900924683,,
R2P4_varied_b,dot_product,20260526,20,varied_b,0,0.005282926286888304,0.5250000059604645,0.5249999761581421,0.7361231519193836,3,1.0,0.07686538336565718,0.96783846616745,0.02372732199728489,0.008434280753135681,,
R2P4_varied_b,dot_product,20260526,50,varied_b,0,0.054547872713173046,0.5625,0.5625,0.7098683664299927,3,1.0,0.0048045866133179516,0.9988421201705933,0.0006465886253863573,0.0005112592480145395,,
R2P4_varied_b,dot_product,20260526,1600,varied_b,0,0.05454787271317307,0.5625,0.5625,0.7098683664299927,3,1.0,5.403089292030927e-05,0.9994021058082581,0.0003111449768766761,0.0002867958683054894,,
R2P4_varied_b,dot_product,20260527,0,varied_b,0,0.012697540261771577,0.48750000447034836,0.48750001192092896,0.7449167108493244,3,0.0625,3.370620908215642,0.24769283831119537,0.6580665707588196,0.09424076229333878,,
R2P4_varied_b,dot_product,20260527,1,varied_b,0,0.010264726804559431,0.4437499940395355,0.40625,0.775495656129359,3,0.175,3.009570566192269,0.24505916237831116,0.6528357863426208,0.1021050214767456,,
R2P4_varied_b,dot_product,20260527,2,varied_b,0,0.04787150846510589,0.4749999940395355,0.4000000059604645,0.7808564413480782,3,0.325,2.6773973263800146,0.24637086689472198,0.6459135413169861,0.10771554708480835,,
R2P4_varied_b,dot_product,20260527,5,varied_b,0,0.08599410049610122,0.5750000029802322,0.574999988079071,0.6690291941734593,3,0.4,1.8846011441200972,0.2722504138946533,0.6138103008270264,0.11393925547599792,,
R2P4_varied_b,dot_product,20260527,10,varied_b,0,1.1326957359166933e-12,0.75,0.75,0.40563905424694935,2,0.7625,1.1477747103432194,0.46614012122154236,0.4302772581577301,0.1035827249288559,,
R2P4_varied_b,dot_product,20260527,20,varied_b,0,1.1326957359166933e-12,0.75,0.75,0.40563905424694935,2,1.0,0.15250964407459833,0.9534947872161865,0.0324862003326416,0.014019000343978405,,
R2P4_varied_b,dot_product,20260527,50,varied_b,0,1.132695735916693e-12,0.75,0.75,0.40563905424694935,2,1.0,0.004939781672874233,0.9990460276603699,0.0005885352729819715,0.00036526675103232265,,
R2P4_varied_b,dot_product,20260527,1600,varied_b,0,1.132695735916693e-12,0.75,0.75,0.40563905424694935,2,1.0,5.4094959409667354e-05,0.9996684193611145,0.00018335362256038934,0.00014824073878116906,,
R2P4_varied_b,dot_product,20260528,0,varied_b,0,0.02795714292360644,0.4624999985098839,0.4124999940395355,0.8530341202621817,4,0.0,3.2589989045634864,0.43471193313598633,0.4585516154766083,0.10673650354146957,,
R2P4_varied_b,dot_product,20260528,1,varied_b,0,0.002865199085033771,0.44999999552965164,0.44999998807907104,0.7697455881804118,3,0.25,2.9381168372929096,0.4670417606830597,0.4309968650341034,0.10196138173341751,,
R2P4_varied_b,dot_product,20260528,2,varied_b,0,0.0017322665177772884,0.46875,0.46875,0.7635518049922386,3,0.275,2.641465488448739,0.5107746124267578,0.39096444845199585,0.09826090186834335,,
R2P4_varied_b,dot_product,20260528,5,varied_b,0,0.0007425276597073642,0.4749999940395355,0.4749999940395355,0.7611683834252564,3,0.6125,1.8139785710722207,0.6720502972602844,0.24715164303779602,0.08079809695482254,,
R2P4_varied_b,dot_product,20260528,10,varied_b,0,0.0052439695549059365,0.45624999701976776,0.45625001192092896,0.7678390745042722,3,1.0,0.6655357425101102,0.9008817672729492,0.06830965727567673,0.03080866113305092,,
R2P4_varied_b,dot_product,20260528,20,varied_b,0,0.11533332610221102,0.5249999985098839,0.4124999940395355,0.777929468613044,3,1.0,0.028413433709647506,0.9968138337135315,0.0017408126732334495,0.0014453994808718562,,
R2P4_varied_b,dot_product,20260528,50,varied_b,0,0.12417335784243466,0.5625,0.4375,0.7730898768177646,3,1.0,0.00422898010656354,0.9999228715896606,3.2306361390510574e-05,4.48597056674771e-05,,
R2P4_varied_b,dot_product,20260528,1600,varied_b,0,0.12417335784243465,0.5625,0.4375,0.7730898768177646,3,1.0,4.2000273924713835e-05,0.9999526143074036,2.0687715732492507e-05,2.677513111848384e-05,,
R2P4_varied_filler,dot_product,20260521,0,varied_filler,0,0.005787613559842488,0.559374988079071,0.559374988079071,0.49490191965439145,2,0.01875,3.448223420418799,0.38609400391578674,0.4217933118343353,0.19211262464523315,,
R2P4_varied_filler,dot_product,20260521,1,varied_filler,0,0.06382018019932698,0.9156250059604645,0.9156249761581421,0.2087051174013017,2,0.25,3.0866841316223144,0.46241194009780884,0.3305395543575287,0.20704863965511322,,
R2P4_varied_filler,dot_product,20260521,2,varied_filler,0,1.000088900581841e-06,1.0,1.0,-0.0,1,0.275,2.749661077931523,0.5477603077888489,0.24496987462043762,0.2072698473930359,,
R2P4_varied_filler,dot_product,20260521,5,varied_filler,0,1.000088900581841e-06,1.0,1.0,-0.0,1,0.428125,1.7478740815073253,0.7819490432739258,0.09755928814411163,0.12049166113138199,,
R2P4_varied_filler,dot_product,20260521,10,varied_filler,0,1.000088900581841e-06,1.0,1.0,-0.0,1,1.0,0.5049245687201619,0.9406529068946838,0.02560572139918804,0.03374132513999939,,
R2P4_varied_filler,dot_product,20260521,20,varied_filler,0,1.000088900581841e-06,1.0,1.0,-0.0,1,1.0,0.021247103069617877,0.9951459765434265,0.0021344823762774467,0.002719584386795759,,
R2P4_varied_filler,dot_product,20260521,50,varied_filler,0,1.000088900581841e-06,1.0,1.0,-0.0,1,1.0,0.004674394912581192,0.9987978339195251,0.0005109933554194868,0.0006911439122632146,,
R2P4_varied_filler,dot_product,20260521,1600,varied_filler,0,1.000088900581841e-06,1.0,1.0,-0.0,1,1.0,3.622294407250593e-05,0.9994727969169617,0.00017817340267356485,0.00034897829755209386,,
R2P4_varied_filler,dot_product,20260522,0,varied_filler,0,1.000088900581841e-06,1.0,1.0,-0.0,1,0.0,3.5173890996724366,0.36217552423477173,0.41042324900627136,0.22740116715431213,,
R2P4_varied_filler,dot_product,20260522,1,varied_filler,0,1.000088900581841e-06,1.0,1.0,-0.0,1,0.175,3.1595978289842606,0.34707266092300415,0.42907804250717163,0.22384938597679138,,
R2P4_varied_filler,dot_product,20260522,2,varied_filler,0,1.000088900581841e-06,1.0,1.0,-0.0,1,0.290625,2.812984435260296,0.3447974920272827,0.4388841688632965,0.2163183093070984,,
R2P4_varied_filler,dot_product,20260522,5,varied_filler,0,1.000088900581841e-06,1.0,1.0,-0.0,1,0.303125,1.8970076341181994,0.49156302213668823,0.3184705972671509,0.18996642529964447,,
R2P4_varied_filler,dot_product,20260522,10,varied_filler,0,1.000088900581841e-06,1.0,1.0,-0.0,1,0.996875,0.9658592583145946,0.8716467618942261,0.06341129541397095,0.06494178622961044,,
R2P4_varied_filler,dot_product,20260522,20,varied_filler,0,1.000088900581841e-06,1.0,1.0,-0.0,1,1.0,0.04424009833310265,0.9968156218528748,0.0012257841881364584,0.0019586049020290375,,
R2P4_varied_filler,dot_product,20260522,50,varied_filler,0,1.000088900581841e-06,1.0,1.0,-0.0,1,1.0,0.005207317501117359,0.9965269565582275,0.002707215491682291,0.0007658193353563547,,
R2P4_varied_filler,dot_product,20260522,1600,varied_filler,0,1.000088900581841e-06,1.0,1.0,-0.0,1,1.0,4.29069685765171e-05,0.9998520016670227,0.00010612147889332846,4.197806993033737e-05,,
R2P4_varied_filler,dot_product,20260523,0,varied_filler,0,1.000088900581841e-06,1.0,1.0,-0.0,1,0.23125,3.3696005338802935,0.4645852744579315,0.38624051213264465,0.1491742879152298,,
R2P4_varied_filler,dot_product,20260523,1,varied_filler,0,0.09782481346730194,0.96875,0.96875,0.10763922240104888,3,0.25,3.0228493439033626,0.45658519864082336,0.3688490092754364,0.17456583678722382,,
R2P4_varied_filler,dot_product,20260523,2,varied_filler,0,0.09673391609376976,0.9593749940395355,0.9593750238418579,0.14066334176864106,3,0.253125,2.7082912800833583,0.4554002285003662,0.34607088565826416,0.19852891564369202,,
R2P4_varied_filler,dot_product,20260523,5,varied_filler,0,1.000088900581841e-06,1.0,1.0,-0.0,1,0.371875,1.8524154663085937,0.5181565284729004,0.25741153955459595,0.22443193197250366,,
R2P4_varied_filler,dot_product,20260523,10,varied_filler,0,1.000088900581841e-06,1.0,1.0,-0.0,1,1.0,0.7280497627099975,0.8386010527610779,0.07447391003370285,0.08692503720521927,,
R2P4_varied_filler,dot_product,20260523,20,varied_filler,0,1.000088900581841e-06,1.0,1.0,-0.0,1,1.0,0.025237420672783627,0.9959746599197388,0.0013218396343290806,0.002703604521229863,,
R2P4_varied_filler,dot_product,20260523,50,varied_filler,0,1.000088900581841e-06,1.0,1.0,-0.0,1,1.0,0.004651094959262992,0.99957275390625,0.0001159417734015733,0.00031132527510635555,,
R2P4_varied_filler,dot_product,20260523,1600,varied_filler,0,1.000088900581841e-06,1.0,1.0,-0.0,1,1.0,3.942805459473675e-05,0.9997407793998718,7.261263090185821e-05,0.0001866215607151389,,
R2P4_varied_filler,dot_product,20260524,0,varied_filler,0,1.000088900581841e-06,1.0,1.0,-0.0,1,0.0,3.481526090018451,0.4364365041255951,0.42438483238220215,0.13917866349220276,,
R2P4_varied_filler,dot_product,20260524,1,varied_filler,0,1.000088900581841e-06,1.0,1.0,-0.0,1,0.015625,3.1338419554755093,0.41346094012260437,0.4693829417228699,0.11715613305568695,,
R2P4_varied_filler,dot_product,20260524,2,varied_filler,0,1.000088900581841e-06,1.0,1.0,-0.0,1,0.25,2.79713069871068,0.4140058159828186,0.4834684729576111,0.10252569615840912,,
R2P4_varied_filler,dot_product,20260524,5,varied_filler,0,1.000088900581841e-06,1.0,1.0,-0.0,1,0.25,1.8893404264003038,0.5346564650535583,0.3767883777618408,0.08855525404214859,,
R2P4_varied_filler,dot_product,20260524,10,varied_filler,0,1.000088900581841e-06,1.0,1.0,-0.0,1,0.921875,0.9341055412776769,0.8499857187271118,0.0987514853477478,0.0512627549469471,,
R2P4_varied_filler,dot_product,20260524,20,varied_filler,0,1.000088900581841e-06,1.0,1.0,-0.0,1,1.0,0.03354104284371715,0.9927348494529724,0.0028760398272424936,0.004389096051454544,,
R2P4_varied_filler,dot_product,20260524,50,varied_filler,0,1.000088900581841e-06,1.0,1.0,-0.0,1,1.0,0.004917927421047352,0.9989464282989502,0.0003518620796967298,0.0007017453317530453,,
R2P4_varied_filler,dot_product,20260524,1600,varied_filler,0,1.000088900581841e-06,1.0,1.0,-0.0,1,1.0,4.119488587548403e-05,0.9996692538261414,0.00010843243944691494,0.0002223323826910928,,
R2P4_varied_filler,dot_product,20260525,0,varied_filler,0,0.11641658806133497,0.9500000029802322,0.949999988079071,0.143198495029347,2,0.25,3.2756931675598024,0.4828915297985077,0.35192394256591797,0.16518452763557434,,
R2P4_varied_filler,dot_product,20260525,1,varied_filler,0,1.000088900581841e-06,1.0,1.0,-0.0,1,0.25,2.940336536243558,0.5100039839744568,0.3304803967475891,0.1595156192779541,,
R2P4_varied_filler,dot_product,20260525,2,varied_filler,0,1.000088900581841e-06,1.0,1.0,-0.0,1,0.278125,2.6185934018343686,0.5466204881668091,0.29867008328437805,0.1547093391418457,,
R2P4_varied_filler,dot_product,20260525,5,varied_filler,0,1.000088900581841e-06,1.0,1.0,-0.0,1,0.43125,1.738175710849464,0.6964475512504578,0.19326196610927582,0.11029049009084702,,
R2P4_varied_filler,dot_product,20260525,10,varied_filler,0,1.000088900581841e-06,1.0,1.0,-0.0,1,1.0,0.8292130649089813,0.8834622502326965,0.0724068284034729,0.04413090646266937,,
R2P4_varied_filler,dot_product,20260525,20,varied_filler,0,1.000088900581841e-06,1.0,1.0,-0.0,1,1.0,0.02644311505573569,0.995661199092865,0.0013308145571500063,0.0030080738943070173,,
R2P4_varied_filler,dot_product,20260525,50,varied_filler,0,1.000088900581841e-06,1.0,1.0,-0.0,1,1.0,0.00472513736858673,0.9979820847511292,0.0006182522629387677,0.001399625325575471,,
R2P4_varied_filler,dot_product,20260525,1600,varied_filler,0,1.000088900581841e-06,1.0,1.0,-0.0,1,1.0,3.7380345395376936e-05,0.9987148642539978,0.00039917303365655243,0.0008859266526997089,,
R2P4_varied_filler,dot_product,20260526,0,varied_filler,0,0.01463578657104666,0.765625,0.765625,0.3927801694159134,2,0.0,3.7297424085438253,0.43128353357315063,0.41957804560661316,0.14913836121559143,,
R2P4_varied_filler,dot_product,20260526,1,varied_filler,0,0.08852022993815487,0.9749999940395355,0.9750000238418579,0.0843304513508173,2,0.0,3.3680772677063944,0.4484579563140869,0.3778729736804962,0.1736689656972885,,
R2P4_varied_filler,dot_product,20260526,2,varied_filler,0,1.000088900581841e-06,1.0,1.0,-0.0,1,0.25,3.0107557505369185,0.498420387506485,0.31922009587287903,0.18235953152179718,,
R2P4_varied_filler,dot_product,20260526,5,varied_filler,0,1.000088900581841e-06,1.0,1.0,-0.0,1,0.509375,1.9141917151398957,0.7103018760681152,0.17310746014118195,0.11659063398838043,,
R2P4_varied_filler,dot_product,20260526,10,varied_filler,0,1.000088900581841e-06,1.0,1.0,-0.0,1,1.0,0.6551466529956087,0.933921754360199,0.038637902587652206,0.027440281584858894,,
R2P4_varied_filler,dot_product,20260526,20,varied_filler,0,1.000088900581841e-06,1.0,1.0,-0.0,1,1.0,0.027438355845515617,0.9968693256378174,0.0009214365854859352,0.002209234982728958,,
R2P4_varied_filler,dot_product,20260526,50,varied_filler,0,1.000088900581841e-06,1.0,1.0,-0.0,1,1.0,0.004763551299402024,0.9997310042381287,6.396743992809206e-05,0.00020503233827184886,,
R2P4_varied_filler,dot_product,20260526,1600,varied_filler,0,1.000088900581841e-06,1.0,1.0,-0.0,1,1.0,4.149513613356248e-05,0.9998862147331238,2.762079020612873e-05,8.617674757260829e-05,,
R2P4_varied_filler,dot_product,20260527,0,varied_filler,0,0.13449258628707278,0.9406249970197678,0.940625011920929,0.16247943777082946,2,0.0,3.966986671462655,0.44579485058784485,0.3725094199180603,0.18169569969177246,,
R2P4_varied_filler,dot_product,20260527,1,varied_filler,0,0.4049051440417309,0.8812500089406967,0.59375,0.4872446930943639,2,0.0,3.5510428003966807,0.4623091220855713,0.3554198741912842,0.18227098882198334,,
R2P4_varied_filler,dot_product,20260527,2,varied_filler,0,0.08852022993815487,0.9749999940395355,0.9750000238418579,0.0843304513508173,2,0.19375,3.18513235040009,0.5019293427467346,0.31598880887031555,0.18208180367946625,,
R2P4_varied_filler,dot_product,20260527,5,varied_filler,0,1.000088900581841e-06,1.0,1.0,-0.0,1,0.428125,2.093313012830913,0.635635495185852,0.22712558507919312,0.137239009141922,,
R2P4_varied_filler,dot_product,20260527,10,varied_filler,0,1.000088900581841e-06,1.0,1.0,-0.0,1,0.9125,0.9515663561876864,0.7971166968345642,0.13017380237579346,0.07270943373441696,,
R2P4_varied_filler,dot_product,20260527,20,varied_filler,0,1.000088900581841e-06,1.0,1.0,-0.0,1,1.0,0.03197588224720675,0.9972653388977051,0.0007969789439812303,0.0019377564312890172,,
R2P4_varied_filler,dot_product,20260527,50,varied_filler,0,1.000088900581841e-06,1.0,1.0,-0.0,1,1.0,0.004520745156332851,0.9996988773345947,7.875946175772697e-05,0.00022234163770917803,,
R2P4_varied_filler,dot_product,20260527,1600,varied_filler,0,1.000088900581841e-06,1.0,1.0,-0.0,1,1.0,4.013769922721622e-05,0.9998343586921692,4.467309918254614e-05,0.00012100870662834495,,
R2P4_varied_filler,dot_product,20260528,0,varied_filler,0,0.1695819037483259,0.9343750029802322,0.934374988079071,0.1746903457179927,2,0.0125,3.108466998487711,0.4926375150680542,0.3009682893753052,0.20639421045780182,,
R2P4_varied_filler,dot_product,20260528,1,varied_filler,0,0.24609226996013014,0.800000011920929,0.5625,0.494349683362471,2,0.315625,2.7447388278320433,0.4928191602230072,0.3098789155483246,0.19730186462402344,,
R2P4_varied_filler,dot_product,20260528,2,varied_filler,0,0.16391137291936445,0.6749999970197678,0.612500011920929,0.48158362616723827,2,0.4375,2.445579798705876,0.524084210395813,0.291597843170166,0.1843179613351822,,
R2P4_varied_filler,dot_product,20260528,5,varied_filler,0,0.1658567161304892,0.7093749940395355,0.6468750238418579,0.46841401168175595,2,0.509375,1.6126868885010481,0.6906708478927612,0.1650535613298416,0.14427565038204193,,
R2P4_varied_filler,dot_product,20260528,10,varied_filler,0,0.6368979998637679,1.0,0.75,0.40563905424694935,2,1.0,0.5030036221724004,0.9003470540046692,0.037035707384347916,0.06261730939149857,,
R2P4_varied_filler,dot_product,20260528,20,varied_filler,0,0.6368979998637679,1.0,0.75,0.40563905424694935,2,1.0,0.019264747620763956,0.9971839785575867,0.0009156546439044178,0.0019003330962732434,,
R2P4_varied_filler,dot_product,20260528,50,varied_filler,0,0.6368979998637679,1.0,0.75,0.40563905424694935,2,1.0,0.0046925769667723214,0.9986401200294495,0.00039218785241246223,0.0009676759364083409,,
R2P4_varied_filler,dot_product,20260528,1600,varied_filler,0,0.6368979998637679,1.0,0.75,0.40563905424694935,2,1.0,3.589922031324022e-05,0.9992038607597351,0.00024302751990035176,0.0005530115449801087,,
