variant,seed,step,source_variant,slot,expert,count,fraction
R2P2_alpha_0,20260521,0,original,0,0,0,0.0
R2P2_alpha_0,20260521,0,original,0,1,0,0.0
R2P2_alpha_0,20260521,0,original,0,2,320,1.0
R2P2_alpha_0,20260521,0,original,0,3,0,0.0
R2P2_alpha_0,20260521,0,original,1,0,0,0.0
R2P2_alpha_0,20260521,0,original,1,1,0,0.0
R2P2_alpha_0,20260521,0,original,1,2,320,1.0
R2P2_alpha_0,20260521,0,original,1,3,0,0.0
R2P2_alpha_0,20260521,0,original,2,0,0,0.0
R2P2_alpha_0,20260521,0,original,2,1,0,0.0
R2P2_alpha_0,20260521,0,original,2,2,320,1.0
R2P2_alpha_0,20260521,0,original,2,3,0,0.0
R2P2_alpha_0,20260521,0,original,3,0,0,0.0
R2P2_alpha_0,20260521,0,original,3,1,0,0.0
R2P2_alpha_0,20260521,0,original,3,2,320,1.0
R2P2_alpha_0,20260521,0,original,3,3,0,0.0
R2P2_alpha_0,20260521,1,original,0,0,64,0.2
R2P2_alpha_0,20260521,1,original,0,1,0,0.0
R2P2_alpha_0,20260521,1,original,0,2,256,0.8
R2P2_alpha_0,20260521,1,original,0,3,0,0.0
R2P2_alpha_0,20260521,1,original,1,0,32,0.1
R2P2_alpha_0,20260521,1,original,1,1,0,0.0
R2P2_alpha_0,20260521,1,original,1,2,288,0.9
R2P2_alpha_0,20260521,1,original,1,3,0,0.0
R2P2_alpha_0,20260521,1,original,2,0,0,0.0
R2P2_alpha_0,20260521,1,original,2,1,0,0.0
R2P2_alpha_0,20260521,1,original,2,2,320,1.0
R2P2_alpha_0,20260521,1,original,2,3,0,0.0
R2P2_alpha_0,20260521,1,original,3,0,96,0.3
R2P2_alpha_0,20260521,1,original,3,1,0,0.0
R2P2_alpha_0,20260521,1,original,3,2,224,0.7
R2P2_alpha_0,20260521,1,original,3,3,0,0.0
R2P2_alpha_0,20260521,2,original,0,0,64,0.2
R2P2_alpha_0,20260521,2,original,0,1,0,0.0
R2P2_alpha_0,20260521,2,original,0,2,256,0.8
R2P2_alpha_0,20260521,2,original,0,3,0,0.0
R2P2_alpha_0,20260521,2,original,1,0,32,0.1
R2P2_alpha_0,20260521,2,original,1,1,0,0.0
R2P2_alpha_0,20260521,2,original,1,2,288,0.9
R2P2_alpha_0,20260521,2,original,1,3,0,0.0
R2P2_alpha_0,20260521,2,original,2,0,0,0.0
R2P2_alpha_0,20260521,2,original,2,1,0,0.0
R2P2_alpha_0,20260521,2,original,2,2,320,1.0
R2P2_alpha_0,20260521,2,original,2,3,0,0.0
R2P2_alpha_0,20260521,2,original,3,0,96,0.3
R2P2_alpha_0,20260521,2,original,3,1,0,0.0
R2P2_alpha_0,20260521,2,original,3,2,224,0.7
R2P2_alpha_0,20260521,2,original,3,3,0,0.0
R2P2_alpha_0,20260521,5,original,0,0,32,0.1
R2P2_alpha_0,20260521,5,original,0,1,0,0.0
R2P2_alpha_0,20260521,5,original,0,2,288,0.9
R2P2_alpha_0,20260521,5,original,0,3,0,0.0
R2P2_alpha_0,20260521,5,original,1,0,0,0.0
R2P2_alpha_0,20260521,5,original,1,1,0,0.0
R2P2_alpha_0,20260521,5,original,1,2,320,1.0
R2P2_alpha_0,20260521,5,original,1,3,0,0.0
R2P2_alpha_0,20260521,5,original,2,0,0,0.0
R2P2_alpha_0,20260521,5,original,2,1,0,0.0
R2P2_alpha_0,20260521,5,original,2,2,320,1.0
R2P2_alpha_0,20260521,5,original,2,3,0,0.0
R2P2_alpha_0,20260521,5,original,3,0,0,0.0
R2P2_alpha_0,20260521,5,original,3,1,0,0.0
R2P2_alpha_0,20260521,5,original,3,2,320,1.0
R2P2_alpha_0,20260521,5,original,3,3,0,0.0
R2P2_alpha_0,20260521,10,original,0,0,0,0.0
R2P2_alpha_0,20260521,10,original,0,1,0,0.0
R2P2_alpha_0,20260521,10,original,0,2,320,1.0
R2P2_alpha_0,20260521,10,original,0,3,0,0.0
R2P2_alpha_0,20260521,10,original,1,0,0,0.0
R2P2_alpha_0,20260521,10,original,1,1,0,0.0
R2P2_alpha_0,20260521,10,original,1,2,320,1.0
R2P2_alpha_0,20260521,10,original,1,3,0,0.0
R2P2_alpha_0,20260521,10,original,2,0,0,0.0
R2P2_alpha_0,20260521,10,original,2,1,0,0.0
R2P2_alpha_0,20260521,10,original,2,2,320,1.0
R2P2_alpha_0,20260521,10,original,2,3,0,0.0
R2P2_alpha_0,20260521,10,original,3,0,0,0.0
R2P2_alpha_0,20260521,10,original,3,1,0,0.0
R2P2_alpha_0,20260521,10,original,3,2,320,1.0
R2P2_alpha_0,20260521,10,original,3,3,0,0.0
R2P2_alpha_0,20260521,20,original,0,0,0,0.0
R2P2_alpha_0,20260521,20,original,0,1,0,0.0
R2P2_alpha_0,20260521,20,original,0,2,320,1.0
R2P2_alpha_0,20260521,20,original,0,3,0,0.0
R2P2_alpha_0,20260521,20,original,1,0,0,0.0
R2P2_alpha_0,20260521,20,original,1,1,0,0.0
R2P2_alpha_0,20260521,20,original,1,2,320,1.0
R2P2_alpha_0,20260521,20,original,1,3,0,0.0
R2P2_alpha_0,20260521,20,original,2,0,0,0.0
R2P2_alpha_0,20260521,20,original,2,1,0,0.0
R2P2_alpha_0,20260521,20,original,2,2,320,1.0
R2P2_alpha_0,20260521,20,original,2,3,0,0.0
R2P2_alpha_0,20260521,20,original,3,0,0,0.0
R2P2_alpha_0,20260521,20,original,3,1,0,0.0
R2P2_alpha_0,20260521,20,original,3,2,320,1.0
R2P2_alpha_0,20260521,20,original,3,3,0,0.0
R2P2_alpha_0,20260521,50,original,0,0,0,0.0
R2P2_alpha_0,20260521,50,original,0,1,0,0.0
R2P2_alpha_0,20260521,50,original,0,2,320,1.0
R2P2_alpha_0,20260521,50,original,0,3,0,0.0
R2P2_alpha_0,20260521,50,original,1,0,0,0.0
R2P2_alpha_0,20260521,50,original,1,1,0,0.0
R2P2_alpha_0,20260521,50,original,1,2,320,1.0
R2P2_alpha_0,20260521,50,original,1,3,0,0.0
R2P2_alpha_0,20260521,50,original,2,0,0,0.0
R2P2_alpha_0,20260521,50,original,2,1,0,0.0
R2P2_alpha_0,20260521,50,original,2,2,320,1.0
R2P2_alpha_0,20260521,50,original,2,3,0,0.0
R2P2_alpha_0,20260521,50,original,3,0,0,0.0
R2P2_alpha_0,20260521,50,original,3,1,0,0.0
R2P2_alpha_0,20260521,50,original,3,2,320,1.0
R2P2_alpha_0,20260521,50,original,3,3,0,0.0
R2P2_alpha_0,20260521,1600,original,0,0,0,0.0
R2P2_alpha_0,20260521,1600,original,0,1,0,0.0
R2P2_alpha_0,20260521,1600,original,0,2,320,1.0
R2P2_alpha_0,20260521,1600,original,0,3,0,0.0
R2P2_alpha_0,20260521,1600,original,1,0,0,0.0
R2P2_alpha_0,20260521,1600,original,1,1,0,0.0
R2P2_alpha_0,20260521,1600,original,1,2,320,1.0
R2P2_alpha_0,20260521,1600,original,1,3,0,0.0
R2P2_alpha_0,20260521,1600,original,2,0,0,0.0
R2P2_alpha_0,20260521,1600,original,2,1,0,0.0
R2P2_alpha_0,20260521,1600,original,2,2,320,1.0
R2P2_alpha_0,20260521,1600,original,2,3,0,0.0
R2P2_alpha_0,20260521,1600,original,3,0,0,0.0
R2P2_alpha_0,20260521,1600,original,3,1,0,0.0
R2P2_alpha_0,20260521,1600,original,3,2,320,1.0
R2P2_alpha_0,20260521,1600,original,3,3,0,0.0
R2P2_alpha_0,20260522,0,original,0,0,0,0.0
R2P2_alpha_0,20260522,0,original,0,1,0,0.0
R2P2_alpha_0,20260522,0,original,0,2,0,0.0
R2P2_alpha_0,20260522,0,original,0,3,320,1.0
R2P2_alpha_0,20260522,0,original,1,0,0,0.0
R2P2_alpha_0,20260522,0,original,1,1,0,0.0
R2P2_alpha_0,20260522,0,original,1,2,0,0.0
R2P2_alpha_0,20260522,0,original,1,3,320,1.0
R2P2_alpha_0,20260522,0,original,2,0,0,0.0
R2P2_alpha_0,20260522,0,original,2,1,0,0.0
R2P2_alpha_0,20260522,0,original,2,2,0,0.0
R2P2_alpha_0,20260522,0,original,2,3,320,1.0
R2P2_alpha_0,20260522,0,original,3,0,0,0.0
R2P2_alpha_0,20260522,0,original,3,1,0,0.0
R2P2_alpha_0,20260522,0,original,3,2,0,0.0
R2P2_alpha_0,20260522,0,original,3,3,320,1.0
R2P2_alpha_0,20260522,1,original,0,0,0,0.0
R2P2_alpha_0,20260522,1,original,0,1,0,0.0
R2P2_alpha_0,20260522,1,original,0,2,0,0.0
R2P2_alpha_0,20260522,1,original,0,3,320,1.0
R2P2_alpha_0,20260522,1,original,1,0,0,0.0
R2P2_alpha_0,20260522,1,original,1,1,0,0.0
R2P2_alpha_0,20260522,1,original,1,2,0,0.0
R2P2_alpha_0,20260522,1,original,1,3,320,1.0
R2P2_alpha_0,20260522,1,original,2,0,0,0.0
R2P2_alpha_0,20260522,1,original,2,1,0,0.0
R2P2_alpha_0,20260522,1,original,2,2,0,0.0
R2P2_alpha_0,20260522,1,original,2,3,320,1.0
R2P2_alpha_0,20260522,1,original,3,0,0,0.0
R2P2_alpha_0,20260522,1,original,3,1,0,0.0
R2P2_alpha_0,20260522,1,original,3,2,0,0.0
R2P2_alpha_0,20260522,1,original,3,3,320,1.0
R2P2_alpha_0,20260522,2,original,0,0,0,0.0
R2P2_alpha_0,20260522,2,original,0,1,0,0.0
R2P2_alpha_0,20260522,2,original,0,2,0,0.0
R2P2_alpha_0,20260522,2,original,0,3,320,1.0
R2P2_alpha_0,20260522,2,original,1,0,0,0.0
R2P2_alpha_0,20260522,2,original,1,1,0,0.0
R2P2_alpha_0,20260522,2,original,1,2,0,0.0
R2P2_alpha_0,20260522,2,original,1,3,320,1.0
R2P2_alpha_0,20260522,2,original,2,0,0,0.0
R2P2_alpha_0,20260522,2,original,2,1,0,0.0
R2P2_alpha_0,20260522,2,original,2,2,0,0.0
R2P2_alpha_0,20260522,2,original,2,3,320,1.0
R2P2_alpha_0,20260522,2,original,3,0,0,0.0
R2P2_alpha_0,20260522,2,original,3,1,0,0.0
R2P2_alpha_0,20260522,2,original,3,2,0,0.0
R2P2_alpha_0,20260522,2,original,3,3,320,1.0
R2P2_alpha_0,20260522,5,original,0,0,0,0.0
R2P2_alpha_0,20260522,5,original,0,1,0,0.0
R2P2_alpha_0,20260522,5,original,0,2,0,0.0
R2P2_alpha_0,20260522,5,original,0,3,320,1.0
R2P2_alpha_0,20260522,5,original,1,0,0,0.0
R2P2_alpha_0,20260522,5,original,1,1,0,0.0
R2P2_alpha_0,20260522,5,original,1,2,0,0.0
R2P2_alpha_0,20260522,5,original,1,3,320,1.0
R2P2_alpha_0,20260522,5,original,2,0,0,0.0
R2P2_alpha_0,20260522,5,original,2,1,0,0.0
R2P2_alpha_0,20260522,5,original,2,2,0,0.0
R2P2_alpha_0,20260522,5,original,2,3,320,1.0
R2P2_alpha_0,20260522,5,original,3,0,0,0.0
R2P2_alpha_0,20260522,5,original,3,1,0,0.0
R2P2_alpha_0,20260522,5,original,3,2,0,0.0
R2P2_alpha_0,20260522,5,original,3,3,320,1.0
R2P2_alpha_0,20260522,10,original,0,0,0,0.0
R2P2_alpha_0,20260522,10,original,0,1,0,0.0
R2P2_alpha_0,20260522,10,original,0,2,0,0.0
R2P2_alpha_0,20260522,10,original,0,3,320,1.0
R2P2_alpha_0,20260522,10,original,1,0,0,0.0
R2P2_alpha_0,20260522,10,original,1,1,0,0.0
R2P2_alpha_0,20260522,10,original,1,2,0,0.0
R2P2_alpha_0,20260522,10,original,1,3,320,1.0
R2P2_alpha_0,20260522,10,original,2,0,0,0.0
R2P2_alpha_0,20260522,10,original,2,1,0,0.0
R2P2_alpha_0,20260522,10,original,2,2,0,0.0
R2P2_alpha_0,20260522,10,original,2,3,320,1.0
R2P2_alpha_0,20260522,10,original,3,0,0,0.0
R2P2_alpha_0,20260522,10,original,3,1,0,0.0
R2P2_alpha_0,20260522,10,original,3,2,0,0.0
R2P2_alpha_0,20260522,10,original,3,3,320,1.0
R2P2_alpha_0,20260522,20,original,0,0,0,0.0
R2P2_alpha_0,20260522,20,original,0,1,0,0.0
R2P2_alpha_0,20260522,20,original,0,2,0,0.0
R2P2_alpha_0,20260522,20,original,0,3,320,1.0
R2P2_alpha_0,20260522,20,original,1,0,0,0.0
R2P2_alpha_0,20260522,20,original,1,1,0,0.0
R2P2_alpha_0,20260522,20,original,1,2,0,0.0
R2P2_alpha_0,20260522,20,original,1,3,320,1.0
R2P2_alpha_0,20260522,20,original,2,0,0,0.0
R2P2_alpha_0,20260522,20,original,2,1,0,0.0
R2P2_alpha_0,20260522,20,original,2,2,0,0.0
R2P2_alpha_0,20260522,20,original,2,3,320,1.0
R2P2_alpha_0,20260522,20,original,3,0,0,0.0
R2P2_alpha_0,20260522,20,original,3,1,0,0.0
R2P2_alpha_0,20260522,20,original,3,2,0,0.0
R2P2_alpha_0,20260522,20,original,3,3,320,1.0
R2P2_alpha_0,20260522,50,original,0,0,0,0.0
R2P2_alpha_0,20260522,50,original,0,1,0,0.0
R2P2_alpha_0,20260522,50,original,0,2,0,0.0
R2P2_alpha_0,20260522,50,original,0,3,320,1.0
R2P2_alpha_0,20260522,50,original,1,0,0,0.0
R2P2_alpha_0,20260522,50,original,1,1,0,0.0
R2P2_alpha_0,20260522,50,original,1,2,0,0.0
R2P2_alpha_0,20260522,50,original,1,3,320,1.0
R2P2_alpha_0,20260522,50,original,2,0,0,0.0
R2P2_alpha_0,20260522,50,original,2,1,0,0.0
R2P2_alpha_0,20260522,50,original,2,2,0,0.0
R2P2_alpha_0,20260522,50,original,2,3,320,1.0
R2P2_alpha_0,20260522,50,original,3,0,0,0.0
R2P2_alpha_0,20260522,50,original,3,1,0,0.0
R2P2_alpha_0,20260522,50,original,3,2,0,0.0
R2P2_alpha_0,20260522,50,original,3,3,320,1.0
R2P2_alpha_0,20260522,1600,original,0,0,0,0.0
R2P2_alpha_0,20260522,1600,original,0,1,0,0.0
R2P2_alpha_0,20260522,1600,original,0,2,0,0.0
R2P2_alpha_0,20260522,1600,original,0,3,320,1.0
R2P2_alpha_0,20260522,1600,original,1,0,0,0.0
R2P2_alpha_0,20260522,1600,original,1,1,0,0.0
R2P2_alpha_0,20260522,1600,original,1,2,0,0.0
R2P2_alpha_0,20260522,1600,original,1,3,320,1.0
R2P2_alpha_0,20260522,1600,original,2,0,0,0.0
R2P2_alpha_0,20260522,1600,original,2,1,0,0.0
R2P2_alpha_0,20260522,1600,original,2,2,0,0.0
R2P2_alpha_0,20260522,1600,original,2,3,320,1.0
R2P2_alpha_0,20260522,1600,original,3,0,0,0.0
R2P2_alpha_0,20260522,1600,original,3,1,0,0.0
R2P2_alpha_0,20260522,1600,original,3,2,0,0.0
R2P2_alpha_0,20260522,1600,original,3,3,320,1.0
R2P2_alpha_0,20260523,0,original,0,0,0,0.0
R2P2_alpha_0,20260523,0,original,0,1,0,0.0
R2P2_alpha_0,20260523,0,original,0,2,320,1.0
R2P2_alpha_0,20260523,0,original,0,3,0,0.0
R2P2_alpha_0,20260523,0,original,1,0,0,0.0
R2P2_alpha_0,20260523,0,original,1,1,0,0.0
R2P2_alpha_0,20260523,0,original,1,2,320,1.0
R2P2_alpha_0,20260523,0,original,1,3,0,0.0
R2P2_alpha_0,20260523,0,original,2,0,0,0.0
R2P2_alpha_0,20260523,0,original,2,1,0,0.0
R2P2_alpha_0,20260523,0,original,2,2,320,1.0
R2P2_alpha_0,20260523,0,original,2,3,0,0.0
R2P2_alpha_0,20260523,0,original,3,0,0,0.0
R2P2_alpha_0,20260523,0,original,3,1,0,0.0
R2P2_alpha_0,20260523,0,original,3,2,320,1.0
R2P2_alpha_0,20260523,0,original,3,3,0,0.0
R2P2_alpha_0,20260523,1,original,0,0,0,0.0
R2P2_alpha_0,20260523,1,original,0,1,0,0.0
R2P2_alpha_0,20260523,1,original,0,2,320,1.0
R2P2_alpha_0,20260523,1,original,0,3,0,0.0
R2P2_alpha_0,20260523,1,original,1,0,0,0.0
R2P2_alpha_0,20260523,1,original,1,1,0,0.0
R2P2_alpha_0,20260523,1,original,1,2,320,1.0
R2P2_alpha_0,20260523,1,original,1,3,0,0.0
R2P2_alpha_0,20260523,1,original,2,0,0,0.0
R2P2_alpha_0,20260523,1,original,2,1,0,0.0
R2P2_alpha_0,20260523,1,original,2,2,320,1.0
R2P2_alpha_0,20260523,1,original,2,3,0,0.0
R2P2_alpha_0,20260523,1,original,3,0,0,0.0
R2P2_alpha_0,20260523,1,original,3,1,0,0.0
R2P2_alpha_0,20260523,1,original,3,2,320,1.0
R2P2_alpha_0,20260523,1,original,3,3,0,0.0
R2P2_alpha_0,20260523,2,original,0,0,0,0.0
R2P2_alpha_0,20260523,2,original,0,1,0,0.0
R2P2_alpha_0,20260523,2,original,0,2,320,1.0
R2P2_alpha_0,20260523,2,original,0,3,0,0.0
R2P2_alpha_0,20260523,2,original,1,0,0,0.0
R2P2_alpha_0,20260523,2,original,1,1,0,0.0
R2P2_alpha_0,20260523,2,original,1,2,320,1.0
R2P2_alpha_0,20260523,2,original,1,3,0,0.0
R2P2_alpha_0,20260523,2,original,2,0,0,0.0
R2P2_alpha_0,20260523,2,original,2,1,96,0.3
R2P2_alpha_0,20260523,2,original,2,2,224,0.7
R2P2_alpha_0,20260523,2,original,2,3,0,0.0
R2P2_alpha_0,20260523,2,original,3,0,0,0.0
R2P2_alpha_0,20260523,2,original,3,1,0,0.0
R2P2_alpha_0,20260523,2,original,3,2,320,1.0
R2P2_alpha_0,20260523,2,original,3,3,0,0.0
R2P2_alpha_0,20260523,5,original,0,0,0,0.0
R2P2_alpha_0,20260523,5,original,0,1,0,0.0
R2P2_alpha_0,20260523,5,original,0,2,320,1.0
R2P2_alpha_0,20260523,5,original,0,3,0,0.0
R2P2_alpha_0,20260523,5,original,1,0,0,0.0
R2P2_alpha_0,20260523,5,original,1,1,0,0.0
R2P2_alpha_0,20260523,5,original,1,2,320,1.0
R2P2_alpha_0,20260523,5,original,1,3,0,0.0
R2P2_alpha_0,20260523,5,original,2,0,0,0.0
R2P2_alpha_0,20260523,5,original,2,1,0,0.0
R2P2_alpha_0,20260523,5,original,2,2,320,1.0
R2P2_alpha_0,20260523,5,original,2,3,0,0.0
R2P2_alpha_0,20260523,5,original,3,0,0,0.0
R2P2_alpha_0,20260523,5,original,3,1,0,0.0
R2P2_alpha_0,20260523,5,original,3,2,320,1.0
R2P2_alpha_0,20260523,5,original,3,3,0,0.0
R2P2_alpha_0,20260523,10,original,0,0,0,0.0
R2P2_alpha_0,20260523,10,original,0,1,0,0.0
R2P2_alpha_0,20260523,10,original,0,2,320,1.0
R2P2_alpha_0,20260523,10,original,0,3,0,0.0
R2P2_alpha_0,20260523,10,original,1,0,0,0.0
R2P2_alpha_0,20260523,10,original,1,1,0,0.0
R2P2_alpha_0,20260523,10,original,1,2,320,1.0
R2P2_alpha_0,20260523,10,original,1,3,0,0.0
R2P2_alpha_0,20260523,10,original,2,0,0,0.0
R2P2_alpha_0,20260523,10,original,2,1,0,0.0
R2P2_alpha_0,20260523,10,original,2,2,320,1.0
R2P2_alpha_0,20260523,10,original,2,3,0,0.0
R2P2_alpha_0,20260523,10,original,3,0,0,0.0
R2P2_alpha_0,20260523,10,original,3,1,0,0.0
R2P2_alpha_0,20260523,10,original,3,2,320,1.0
R2P2_alpha_0,20260523,10,original,3,3,0,0.0
R2P2_alpha_0,20260523,20,original,0,0,0,0.0
R2P2_alpha_0,20260523,20,original,0,1,0,0.0
R2P2_alpha_0,20260523,20,original,0,2,320,1.0
R2P2_alpha_0,20260523,20,original,0,3,0,0.0
R2P2_alpha_0,20260523,20,original,1,0,0,0.0
R2P2_alpha_0,20260523,20,original,1,1,0,0.0
R2P2_alpha_0,20260523,20,original,1,2,320,1.0
R2P2_alpha_0,20260523,20,original,1,3,0,0.0
R2P2_alpha_0,20260523,20,original,2,0,0,0.0
R2P2_alpha_0,20260523,20,original,2,1,0,0.0
R2P2_alpha_0,20260523,20,original,2,2,320,1.0
R2P2_alpha_0,20260523,20,original,2,3,0,0.0
R2P2_alpha_0,20260523,20,original,3,0,0,0.0
R2P2_alpha_0,20260523,20,original,3,1,0,0.0
R2P2_alpha_0,20260523,20,original,3,2,320,1.0
R2P2_alpha_0,20260523,20,original,3,3,0,0.0
R2P2_alpha_0,20260523,50,original,0,0,0,0.0
R2P2_alpha_0,20260523,50,original,0,1,0,0.0
R2P2_alpha_0,20260523,50,original,0,2,320,1.0
R2P2_alpha_0,20260523,50,original,0,3,0,0.0
R2P2_alpha_0,20260523,50,original,1,0,0,0.0
R2P2_alpha_0,20260523,50,original,1,1,0,0.0
R2P2_alpha_0,20260523,50,original,1,2,320,1.0
R2P2_alpha_0,20260523,50,original,1,3,0,0.0
R2P2_alpha_0,20260523,50,original,2,0,0,0.0
R2P2_alpha_0,20260523,50,original,2,1,0,0.0
R2P2_alpha_0,20260523,50,original,2,2,320,1.0
R2P2_alpha_0,20260523,50,original,2,3,0,0.0
R2P2_alpha_0,20260523,50,original,3,0,0,0.0
R2P2_alpha_0,20260523,50,original,3,1,0,0.0
R2P2_alpha_0,20260523,50,original,3,2,320,1.0
R2P2_alpha_0,20260523,50,original,3,3,0,0.0
R2P2_alpha_0,20260523,1600,original,0,0,0,0.0
R2P2_alpha_0,20260523,1600,original,0,1,0,0.0
R2P2_alpha_0,20260523,1600,original,0,2,320,1.0
R2P2_alpha_0,20260523,1600,original,0,3,0,0.0
R2P2_alpha_0,20260523,1600,original,1,0,0,0.0
R2P2_alpha_0,20260523,1600,original,1,1,0,0.0
R2P2_alpha_0,20260523,1600,original,1,2,320,1.0
R2P2_alpha_0,20260523,1600,original,1,3,0,0.0
R2P2_alpha_0,20260523,1600,original,2,0,0,0.0
R2P2_alpha_0,20260523,1600,original,2,1,0,0.0
R2P2_alpha_0,20260523,1600,original,2,2,320,1.0
R2P2_alpha_0,20260523,1600,original,2,3,0,0.0
R2P2_alpha_0,20260523,1600,original,3,0,0,0.0
R2P2_alpha_0,20260523,1600,original,3,1,0,0.0
R2P2_alpha_0,20260523,1600,original,3,2,320,1.0
R2P2_alpha_0,20260523,1600,original,3,3,0,0.0
R2P2_alpha_0,20260524,0,original,0,0,0,0.0
R2P2_alpha_0,20260524,0,original,0,1,320,1.0
R2P2_alpha_0,20260524,0,original,0,2,0,0.0
R2P2_alpha_0,20260524,0,original,0,3,0,0.0
R2P2_alpha_0,20260524,0,original,1,0,0,0.0
R2P2_alpha_0,20260524,0,original,1,1,320,1.0
R2P2_alpha_0,20260524,0,original,1,2,0,0.0
R2P2_alpha_0,20260524,0,original,1,3,0,0.0
R2P2_alpha_0,20260524,0,original,2,0,0,0.0
R2P2_alpha_0,20260524,0,original,2,1,320,1.0
R2P2_alpha_0,20260524,0,original,2,2,0,0.0
R2P2_alpha_0,20260524,0,original,2,3,0,0.0
R2P2_alpha_0,20260524,0,original,3,0,0,0.0
R2P2_alpha_0,20260524,0,original,3,1,320,1.0
R2P2_alpha_0,20260524,0,original,3,2,0,0.0
R2P2_alpha_0,20260524,0,original,3,3,0,0.0
R2P2_alpha_0,20260524,1,original,0,0,0,0.0
R2P2_alpha_0,20260524,1,original,0,1,320,1.0
R2P2_alpha_0,20260524,1,original,0,2,0,0.0
R2P2_alpha_0,20260524,1,original,0,3,0,0.0
R2P2_alpha_0,20260524,1,original,1,0,0,0.0
R2P2_alpha_0,20260524,1,original,1,1,320,1.0
R2P2_alpha_0,20260524,1,original,1,2,0,0.0
R2P2_alpha_0,20260524,1,original,1,3,0,0.0
R2P2_alpha_0,20260524,1,original,2,0,0,0.0
R2P2_alpha_0,20260524,1,original,2,1,288,0.9
R2P2_alpha_0,20260524,1,original,2,2,32,0.1
R2P2_alpha_0,20260524,1,original,2,3,0,0.0
R2P2_alpha_0,20260524,1,original,3,0,0,0.0
R2P2_alpha_0,20260524,1,original,3,1,320,1.0
R2P2_alpha_0,20260524,1,original,3,2,0,0.0
R2P2_alpha_0,20260524,1,original,3,3,0,0.0
R2P2_alpha_0,20260524,2,original,0,0,0,0.0
R2P2_alpha_0,20260524,2,original,0,1,320,1.0
R2P2_alpha_0,20260524,2,original,0,2,0,0.0
R2P2_alpha_0,20260524,2,original,0,3,0,0.0
R2P2_alpha_0,20260524,2,original,1,0,0,0.0
R2P2_alpha_0,20260524,2,original,1,1,320,1.0
R2P2_alpha_0,20260524,2,original,1,2,0,0.0
R2P2_alpha_0,20260524,2,original,1,3,0,0.0
R2P2_alpha_0,20260524,2,original,2,0,0,0.0
R2P2_alpha_0,20260524,2,original,2,1,320,1.0
R2P2_alpha_0,20260524,2,original,2,2,0,0.0
R2P2_alpha_0,20260524,2,original,2,3,0,0.0
R2P2_alpha_0,20260524,2,original,3,0,0,0.0
R2P2_alpha_0,20260524,2,original,3,1,320,1.0
R2P2_alpha_0,20260524,2,original,3,2,0,0.0
R2P2_alpha_0,20260524,2,original,3,3,0,0.0
R2P2_alpha_0,20260524,5,original,0,0,0,0.0
R2P2_alpha_0,20260524,5,original,0,1,320,1.0
R2P2_alpha_0,20260524,5,original,0,2,0,0.0
R2P2_alpha_0,20260524,5,original,0,3,0,0.0
R2P2_alpha_0,20260524,5,original,1,0,0,0.0
R2P2_alpha_0,20260524,5,original,1,1,320,1.0
R2P2_alpha_0,20260524,5,original,1,2,0,0.0
R2P2_alpha_0,20260524,5,original,1,3,0,0.0
R2P2_alpha_0,20260524,5,original,2,0,0,0.0
R2P2_alpha_0,20260524,5,original,2,1,320,1.0
R2P2_alpha_0,20260524,5,original,2,2,0,0.0
R2P2_alpha_0,20260524,5,original,2,3,0,0.0
R2P2_alpha_0,20260524,5,original,3,0,0,0.0
R2P2_alpha_0,20260524,5,original,3,1,320,1.0
R2P2_alpha_0,20260524,5,original,3,2,0,0.0
R2P2_alpha_0,20260524,5,original,3,3,0,0.0
R2P2_alpha_0,20260524,10,original,0,0,0,0.0
R2P2_alpha_0,20260524,10,original,0,1,320,1.0
R2P2_alpha_0,20260524,10,original,0,2,0,0.0
R2P2_alpha_0,20260524,10,original,0,3,0,0.0
R2P2_alpha_0,20260524,10,original,1,0,0,0.0
R2P2_alpha_0,20260524,10,original,1,1,320,1.0
R2P2_alpha_0,20260524,10,original,1,2,0,0.0
R2P2_alpha_0,20260524,10,original,1,3,0,0.0
R2P2_alpha_0,20260524,10,original,2,0,0,0.0
R2P2_alpha_0,20260524,10,original,2,1,320,1.0
R2P2_alpha_0,20260524,10,original,2,2,0,0.0
R2P2_alpha_0,20260524,10,original,2,3,0,0.0
R2P2_alpha_0,20260524,10,original,3,0,0,0.0
R2P2_alpha_0,20260524,10,original,3,1,320,1.0
R2P2_alpha_0,20260524,10,original,3,2,0,0.0
R2P2_alpha_0,20260524,10,original,3,3,0,0.0
R2P2_alpha_0,20260524,20,original,0,0,0,0.0
R2P2_alpha_0,20260524,20,original,0,1,320,1.0
R2P2_alpha_0,20260524,20,original,0,2,0,0.0
R2P2_alpha_0,20260524,20,original,0,3,0,0.0
R2P2_alpha_0,20260524,20,original,1,0,0,0.0
R2P2_alpha_0,20260524,20,original,1,1,320,1.0
R2P2_alpha_0,20260524,20,original,1,2,0,0.0
R2P2_alpha_0,20260524,20,original,1,3,0,0.0
R2P2_alpha_0,20260524,20,original,2,0,0,0.0
R2P2_alpha_0,20260524,20,original,2,1,320,1.0
R2P2_alpha_0,20260524,20,original,2,2,0,0.0
R2P2_alpha_0,20260524,20,original,2,3,0,0.0
R2P2_alpha_0,20260524,20,original,3,0,0,0.0
R2P2_alpha_0,20260524,20,original,3,1,320,1.0
R2P2_alpha_0,20260524,20,original,3,2,0,0.0
R2P2_alpha_0,20260524,20,original,3,3,0,0.0
R2P2_alpha_0,20260524,50,original,0,0,0,0.0
R2P2_alpha_0,20260524,50,original,0,1,320,1.0
R2P2_alpha_0,20260524,50,original,0,2,0,0.0
R2P2_alpha_0,20260524,50,original,0,3,0,0.0
R2P2_alpha_0,20260524,50,original,1,0,0,0.0
R2P2_alpha_0,20260524,50,original,1,1,320,1.0
R2P2_alpha_0,20260524,50,original,1,2,0,0.0
R2P2_alpha_0,20260524,50,original,1,3,0,0.0
R2P2_alpha_0,20260524,50,original,2,0,0,0.0
R2P2_alpha_0,20260524,50,original,2,1,320,1.0
R2P2_alpha_0,20260524,50,original,2,2,0,0.0
R2P2_alpha_0,20260524,50,original,2,3,0,0.0
R2P2_alpha_0,20260524,50,original,3,0,0,0.0
R2P2_alpha_0,20260524,50,original,3,1,320,1.0
R2P2_alpha_0,20260524,50,original,3,2,0,0.0
R2P2_alpha_0,20260524,50,original,3,3,0,0.0
R2P2_alpha_0,20260524,1600,original,0,0,0,0.0
R2P2_alpha_0,20260524,1600,original,0,1,320,1.0
R2P2_alpha_0,20260524,1600,original,0,2,0,0.0
R2P2_alpha_0,20260524,1600,original,0,3,0,0.0
R2P2_alpha_0,20260524,1600,original,1,0,0,0.0
R2P2_alpha_0,20260524,1600,original,1,1,320,1.0
R2P2_alpha_0,20260524,1600,original,1,2,0,0.0
R2P2_alpha_0,20260524,1600,original,1,3,0,0.0
R2P2_alpha_0,20260524,1600,original,2,0,0,0.0
R2P2_alpha_0,20260524,1600,original,2,1,320,1.0
R2P2_alpha_0,20260524,1600,original,2,2,0,0.0
R2P2_alpha_0,20260524,1600,original,2,3,0,0.0
R2P2_alpha_0,20260524,1600,original,3,0,0,0.0
R2P2_alpha_0,20260524,1600,original,3,1,320,1.0
R2P2_alpha_0,20260524,1600,original,3,2,0,0.0
R2P2_alpha_0,20260524,1600,original,3,3,0,0.0
R2P2_alpha_0,20260525,0,original,0,0,0,0.0
R2P2_alpha_0,20260525,0,original,0,1,0,0.0
R2P2_alpha_0,20260525,0,original,0,2,320,1.0
R2P2_alpha_0,20260525,0,original,0,3,0,0.0
R2P2_alpha_0,20260525,0,original,1,0,0,0.0
R2P2_alpha_0,20260525,0,original,1,1,0,0.0
R2P2_alpha_0,20260525,0,original,1,2,320,1.0
R2P2_alpha_0,20260525,0,original,1,3,0,0.0
R2P2_alpha_0,20260525,0,original,2,0,0,0.0
R2P2_alpha_0,20260525,0,original,2,1,0,0.0
R2P2_alpha_0,20260525,0,original,2,2,320,1.0
R2P2_alpha_0,20260525,0,original,2,3,0,0.0
R2P2_alpha_0,20260525,0,original,3,0,0,0.0
R2P2_alpha_0,20260525,0,original,3,1,32,0.1
R2P2_alpha_0,20260525,0,original,3,2,288,0.9
R2P2_alpha_0,20260525,0,original,3,3,0,0.0
R2P2_alpha_0,20260525,1,original,0,0,0,0.0
R2P2_alpha_0,20260525,1,original,0,1,0,0.0
R2P2_alpha_0,20260525,1,original,0,2,320,1.0
R2P2_alpha_0,20260525,1,original,0,3,0,0.0
R2P2_alpha_0,20260525,1,original,1,0,0,0.0
R2P2_alpha_0,20260525,1,original,1,1,0,0.0
R2P2_alpha_0,20260525,1,original,1,2,320,1.0
R2P2_alpha_0,20260525,1,original,1,3,0,0.0
R2P2_alpha_0,20260525,1,original,2,0,0,0.0
R2P2_alpha_0,20260525,1,original,2,1,0,0.0
R2P2_alpha_0,20260525,1,original,2,2,320,1.0
R2P2_alpha_0,20260525,1,original,2,3,0,0.0
R2P2_alpha_0,20260525,1,original,3,0,0,0.0
R2P2_alpha_0,20260525,1,original,3,1,0,0.0
R2P2_alpha_0,20260525,1,original,3,2,320,1.0
R2P2_alpha_0,20260525,1,original,3,3,0,0.0
R2P2_alpha_0,20260525,2,original,0,0,0,0.0
R2P2_alpha_0,20260525,2,original,0,1,0,0.0
R2P2_alpha_0,20260525,2,original,0,2,320,1.0
R2P2_alpha_0,20260525,2,original,0,3,0,0.0
R2P2_alpha_0,20260525,2,original,1,0,0,0.0
R2P2_alpha_0,20260525,2,original,1,1,0,0.0
R2P2_alpha_0,20260525,2,original,1,2,320,1.0
R2P2_alpha_0,20260525,2,original,1,3,0,0.0
R2P2_alpha_0,20260525,2,original,2,0,0,0.0
R2P2_alpha_0,20260525,2,original,2,1,0,0.0
R2P2_alpha_0,20260525,2,original,2,2,320,1.0
R2P2_alpha_0,20260525,2,original,2,3,0,0.0
R2P2_alpha_0,20260525,2,original,3,0,0,0.0
R2P2_alpha_0,20260525,2,original,3,1,0,0.0
R2P2_alpha_0,20260525,2,original,3,2,320,1.0
R2P2_alpha_0,20260525,2,original,3,3,0,0.0
R2P2_alpha_0,20260525,5,original,0,0,0,0.0
R2P2_alpha_0,20260525,5,original,0,1,0,0.0
R2P2_alpha_0,20260525,5,original,0,2,320,1.0
R2P2_alpha_0,20260525,5,original,0,3,0,0.0
R2P2_alpha_0,20260525,5,original,1,0,0,0.0
R2P2_alpha_0,20260525,5,original,1,1,0,0.0
R2P2_alpha_0,20260525,5,original,1,2,320,1.0
R2P2_alpha_0,20260525,5,original,1,3,0,0.0
R2P2_alpha_0,20260525,5,original,2,0,0,0.0
R2P2_alpha_0,20260525,5,original,2,1,0,0.0
R2P2_alpha_0,20260525,5,original,2,2,320,1.0
R2P2_alpha_0,20260525,5,original,2,3,0,0.0
R2P2_alpha_0,20260525,5,original,3,0,0,0.0
R2P2_alpha_0,20260525,5,original,3,1,0,0.0
R2P2_alpha_0,20260525,5,original,3,2,320,1.0
R2P2_alpha_0,20260525,5,original,3,3,0,0.0
R2P2_alpha_0,20260525,10,original,0,0,0,0.0
R2P2_alpha_0,20260525,10,original,0,1,0,0.0
R2P2_alpha_0,20260525,10,original,0,2,320,1.0
R2P2_alpha_0,20260525,10,original,0,3,0,0.0
R2P2_alpha_0,20260525,10,original,1,0,0,0.0
R2P2_alpha_0,20260525,10,original,1,1,0,0.0
R2P2_alpha_0,20260525,10,original,1,2,320,1.0
R2P2_alpha_0,20260525,10,original,1,3,0,0.0
R2P2_alpha_0,20260525,10,original,2,0,0,0.0
R2P2_alpha_0,20260525,10,original,2,1,0,0.0
R2P2_alpha_0,20260525,10,original,2,2,320,1.0
R2P2_alpha_0,20260525,10,original,2,3,0,0.0
R2P2_alpha_0,20260525,10,original,3,0,0,0.0
R2P2_alpha_0,20260525,10,original,3,1,0,0.0
R2P2_alpha_0,20260525,10,original,3,2,320,1.0
R2P2_alpha_0,20260525,10,original,3,3,0,0.0
R2P2_alpha_0,20260525,20,original,0,0,0,0.0
R2P2_alpha_0,20260525,20,original,0,1,0,0.0
R2P2_alpha_0,20260525,20,original,0,2,320,1.0
R2P2_alpha_0,20260525,20,original,0,3,0,0.0
R2P2_alpha_0,20260525,20,original,1,0,0,0.0
R2P2_alpha_0,20260525,20,original,1,1,0,0.0
R2P2_alpha_0,20260525,20,original,1,2,320,1.0
R2P2_alpha_0,20260525,20,original,1,3,0,0.0
R2P2_alpha_0,20260525,20,original,2,0,0,0.0
R2P2_alpha_0,20260525,20,original,2,1,0,0.0
R2P2_alpha_0,20260525,20,original,2,2,320,1.0
R2P2_alpha_0,20260525,20,original,2,3,0,0.0
R2P2_alpha_0,20260525,20,original,3,0,0,0.0
R2P2_alpha_0,20260525,20,original,3,1,0,0.0
R2P2_alpha_0,20260525,20,original,3,2,320,1.0
R2P2_alpha_0,20260525,20,original,3,3,0,0.0
R2P2_alpha_0,20260525,50,original,0,0,0,0.0
R2P2_alpha_0,20260525,50,original,0,1,0,0.0
R2P2_alpha_0,20260525,50,original,0,2,320,1.0
R2P2_alpha_0,20260525,50,original,0,3,0,0.0
R2P2_alpha_0,20260525,50,original,1,0,0,0.0
R2P2_alpha_0,20260525,50,original,1,1,0,0.0
R2P2_alpha_0,20260525,50,original,1,2,320,1.0
R2P2_alpha_0,20260525,50,original,1,3,0,0.0
R2P2_alpha_0,20260525,50,original,2,0,0,0.0
R2P2_alpha_0,20260525,50,original,2,1,0,0.0
R2P2_alpha_0,20260525,50,original,2,2,320,1.0
R2P2_alpha_0,20260525,50,original,2,3,0,0.0
R2P2_alpha_0,20260525,50,original,3,0,0,0.0
R2P2_alpha_0,20260525,50,original,3,1,0,0.0
R2P2_alpha_0,20260525,50,original,3,2,320,1.0
R2P2_alpha_0,20260525,50,original,3,3,0,0.0
R2P2_alpha_0,20260525,1600,original,0,0,0,0.0
R2P2_alpha_0,20260525,1600,original,0,1,0,0.0
R2P2_alpha_0,20260525,1600,original,0,2,320,1.0
R2P2_alpha_0,20260525,1600,original,0,3,0,0.0
R2P2_alpha_0,20260525,1600,original,1,0,0,0.0
R2P2_alpha_0,20260525,1600,original,1,1,0,0.0
R2P2_alpha_0,20260525,1600,original,1,2,320,1.0
R2P2_alpha_0,20260525,1600,original,1,3,0,0.0
R2P2_alpha_0,20260525,1600,original,2,0,0,0.0
R2P2_alpha_0,20260525,1600,original,2,1,0,0.0
R2P2_alpha_0,20260525,1600,original,2,2,320,1.0
R2P2_alpha_0,20260525,1600,original,2,3,0,0.0
R2P2_alpha_0,20260525,1600,original,3,0,0,0.0
R2P2_alpha_0,20260525,1600,original,3,1,0,0.0
R2P2_alpha_0,20260525,1600,original,3,2,320,1.0
R2P2_alpha_0,20260525,1600,original,3,3,0,0.0
R2P2_alpha_0,20260526,0,original,0,0,0,0.0
R2P2_alpha_0,20260526,0,original,0,1,288,0.9
R2P2_alpha_0,20260526,0,original,0,2,0,0.0
R2P2_alpha_0,20260526,0,original,0,3,32,0.1
R2P2_alpha_0,20260526,0,original,1,0,0,0.0
R2P2_alpha_0,20260526,0,original,1,1,256,0.8
R2P2_alpha_0,20260526,0,original,1,2,0,0.0
R2P2_alpha_0,20260526,0,original,1,3,64,0.2
R2P2_alpha_0,20260526,0,original,2,0,0,0.0
R2P2_alpha_0,20260526,0,original,2,1,288,0.9
R2P2_alpha_0,20260526,0,original,2,2,0,0.0
R2P2_alpha_0,20260526,0,original,2,3,32,0.1
R2P2_alpha_0,20260526,0,original,3,0,0,0.0
R2P2_alpha_0,20260526,0,original,3,1,256,0.8
R2P2_alpha_0,20260526,0,original,3,2,0,0.0
R2P2_alpha_0,20260526,0,original,3,3,64,0.2
R2P2_alpha_0,20260526,1,original,0,0,0,0.0
R2P2_alpha_0,20260526,1,original,0,1,320,1.0
R2P2_alpha_0,20260526,1,original,0,2,0,0.0
R2P2_alpha_0,20260526,1,original,0,3,0,0.0
R2P2_alpha_0,20260526,1,original,1,0,0,0.0
R2P2_alpha_0,20260526,1,original,1,1,320,1.0
R2P2_alpha_0,20260526,1,original,1,2,0,0.0
R2P2_alpha_0,20260526,1,original,1,3,0,0.0
R2P2_alpha_0,20260526,1,original,2,0,0,0.0
R2P2_alpha_0,20260526,1,original,2,1,320,1.0
R2P2_alpha_0,20260526,1,original,2,2,0,0.0
R2P2_alpha_0,20260526,1,original,2,3,0,0.0
R2P2_alpha_0,20260526,1,original,3,0,0,0.0
R2P2_alpha_0,20260526,1,original,3,1,288,0.9
R2P2_alpha_0,20260526,1,original,3,2,0,0.0
R2P2_alpha_0,20260526,1,original,3,3,32,0.1
R2P2_alpha_0,20260526,2,original,0,0,0,0.0
R2P2_alpha_0,20260526,2,original,0,1,320,1.0
R2P2_alpha_0,20260526,2,original,0,2,0,0.0
R2P2_alpha_0,20260526,2,original,0,3,0,0.0
R2P2_alpha_0,20260526,2,original,1,0,0,0.0
R2P2_alpha_0,20260526,2,original,1,1,320,1.0
R2P2_alpha_0,20260526,2,original,1,2,0,0.0
R2P2_alpha_0,20260526,2,original,1,3,0,0.0
R2P2_alpha_0,20260526,2,original,2,0,0,0.0
R2P2_alpha_0,20260526,2,original,2,1,320,1.0
R2P2_alpha_0,20260526,2,original,2,2,0,0.0
R2P2_alpha_0,20260526,2,original,2,3,0,0.0
R2P2_alpha_0,20260526,2,original,3,0,0,0.0
R2P2_alpha_0,20260526,2,original,3,1,320,1.0
R2P2_alpha_0,20260526,2,original,3,2,0,0.0
R2P2_alpha_0,20260526,2,original,3,3,0,0.0
R2P2_alpha_0,20260526,5,original,0,0,0,0.0
R2P2_alpha_0,20260526,5,original,0,1,320,1.0
R2P2_alpha_0,20260526,5,original,0,2,0,0.0
R2P2_alpha_0,20260526,5,original,0,3,0,0.0
R2P2_alpha_0,20260526,5,original,1,0,0,0.0
R2P2_alpha_0,20260526,5,original,1,1,320,1.0
R2P2_alpha_0,20260526,5,original,1,2,0,0.0
R2P2_alpha_0,20260526,5,original,1,3,0,0.0
R2P2_alpha_0,20260526,5,original,2,0,0,0.0
R2P2_alpha_0,20260526,5,original,2,1,320,1.0
R2P2_alpha_0,20260526,5,original,2,2,0,0.0
R2P2_alpha_0,20260526,5,original,2,3,0,0.0
R2P2_alpha_0,20260526,5,original,3,0,0,0.0
R2P2_alpha_0,20260526,5,original,3,1,320,1.0
R2P2_alpha_0,20260526,5,original,3,2,0,0.0
R2P2_alpha_0,20260526,5,original,3,3,0,0.0
R2P2_alpha_0,20260526,10,original,0,0,0,0.0
R2P2_alpha_0,20260526,10,original,0,1,320,1.0
R2P2_alpha_0,20260526,10,original,0,2,0,0.0
R2P2_alpha_0,20260526,10,original,0,3,0,0.0
R2P2_alpha_0,20260526,10,original,1,0,0,0.0
R2P2_alpha_0,20260526,10,original,1,1,320,1.0
R2P2_alpha_0,20260526,10,original,1,2,0,0.0
R2P2_alpha_0,20260526,10,original,1,3,0,0.0
R2P2_alpha_0,20260526,10,original,2,0,0,0.0
R2P2_alpha_0,20260526,10,original,2,1,320,1.0
R2P2_alpha_0,20260526,10,original,2,2,0,0.0
R2P2_alpha_0,20260526,10,original,2,3,0,0.0
R2P2_alpha_0,20260526,10,original,3,0,0,0.0
R2P2_alpha_0,20260526,10,original,3,1,320,1.0
R2P2_alpha_0,20260526,10,original,3,2,0,0.0
R2P2_alpha_0,20260526,10,original,3,3,0,0.0
R2P2_alpha_0,20260526,20,original,0,0,0,0.0
R2P2_alpha_0,20260526,20,original,0,1,320,1.0
R2P2_alpha_0,20260526,20,original,0,2,0,0.0
R2P2_alpha_0,20260526,20,original,0,3,0,0.0
R2P2_alpha_0,20260526,20,original,1,0,0,0.0
R2P2_alpha_0,20260526,20,original,1,1,320,1.0
R2P2_alpha_0,20260526,20,original,1,2,0,0.0
R2P2_alpha_0,20260526,20,original,1,3,0,0.0
R2P2_alpha_0,20260526,20,original,2,0,0,0.0
R2P2_alpha_0,20260526,20,original,2,1,320,1.0
R2P2_alpha_0,20260526,20,original,2,2,0,0.0
R2P2_alpha_0,20260526,20,original,2,3,0,0.0
R2P2_alpha_0,20260526,20,original,3,0,0,0.0
R2P2_alpha_0,20260526,20,original,3,1,320,1.0
R2P2_alpha_0,20260526,20,original,3,2,0,0.0
R2P2_alpha_0,20260526,20,original,3,3,0,0.0
R2P2_alpha_0,20260526,50,original,0,0,0,0.0
R2P2_alpha_0,20260526,50,original,0,1,320,1.0
R2P2_alpha_0,20260526,50,original,0,2,0,0.0
R2P2_alpha_0,20260526,50,original,0,3,0,0.0
R2P2_alpha_0,20260526,50,original,1,0,0,0.0
R2P2_alpha_0,20260526,50,original,1,1,320,1.0
R2P2_alpha_0,20260526,50,original,1,2,0,0.0
R2P2_alpha_0,20260526,50,original,1,3,0,0.0
R2P2_alpha_0,20260526,50,original,2,0,0,0.0
R2P2_alpha_0,20260526,50,original,2,1,320,1.0
R2P2_alpha_0,20260526,50,original,2,2,0,0.0
R2P2_alpha_0,20260526,50,original,2,3,0,0.0
R2P2_alpha_0,20260526,50,original,3,0,0,0.0
R2P2_alpha_0,20260526,50,original,3,1,320,1.0
R2P2_alpha_0,20260526,50,original,3,2,0,0.0
R2P2_alpha_0,20260526,50,original,3,3,0,0.0
R2P2_alpha_0,20260526,1600,original,0,0,0,0.0
R2P2_alpha_0,20260526,1600,original,0,1,320,1.0
R2P2_alpha_0,20260526,1600,original,0,2,0,0.0
R2P2_alpha_0,20260526,1600,original,0,3,0,0.0
R2P2_alpha_0,20260526,1600,original,1,0,0,0.0
R2P2_alpha_0,20260526,1600,original,1,1,320,1.0
R2P2_alpha_0,20260526,1600,original,1,2,0,0.0
R2P2_alpha_0,20260526,1600,original,1,3,0,0.0
R2P2_alpha_0,20260526,1600,original,2,0,0,0.0
R2P2_alpha_0,20260526,1600,original,2,1,320,1.0
R2P2_alpha_0,20260526,1600,original,2,2,0,0.0
R2P2_alpha_0,20260526,1600,original,2,3,0,0.0
R2P2_alpha_0,20260526,1600,original,3,0,0,0.0
R2P2_alpha_0,20260526,1600,original,3,1,320,1.0
R2P2_alpha_0,20260526,1600,original,3,2,0,0.0
R2P2_alpha_0,20260526,1600,original,3,3,0,0.0
R2P2_alpha_0,20260527,0,original,0,0,0,0.0
R2P2_alpha_0,20260527,0,original,0,1,0,0.0
R2P2_alpha_0,20260527,0,original,0,2,320,1.0
R2P2_alpha_0,20260527,0,original,0,3,0,0.0
R2P2_alpha_0,20260527,0,original,1,0,0,0.0
R2P2_alpha_0,20260527,0,original,1,1,0,0.0
R2P2_alpha_0,20260527,0,original,1,2,320,1.0
R2P2_alpha_0,20260527,0,original,1,3,0,0.0
R2P2_alpha_0,20260527,0,original,2,0,0,0.0
R2P2_alpha_0,20260527,0,original,2,1,0,0.0
R2P2_alpha_0,20260527,0,original,2,2,320,1.0
R2P2_alpha_0,20260527,0,original,2,3,0,0.0
R2P2_alpha_0,20260527,0,original,3,0,0,0.0
R2P2_alpha_0,20260527,0,original,3,1,0,0.0
R2P2_alpha_0,20260527,0,original,3,2,288,0.9
R2P2_alpha_0,20260527,0,original,3,3,32,0.1
R2P2_alpha_0,20260527,1,original,0,0,0,0.0
R2P2_alpha_0,20260527,1,original,0,1,0,0.0
R2P2_alpha_0,20260527,1,original,0,2,288,0.9
R2P2_alpha_0,20260527,1,original,0,3,32,0.1
R2P2_alpha_0,20260527,1,original,1,0,0,0.0
R2P2_alpha_0,20260527,1,original,1,1,0,0.0
R2P2_alpha_0,20260527,1,original,1,2,320,1.0
R2P2_alpha_0,20260527,1,original,1,3,0,0.0
R2P2_alpha_0,20260527,1,original,2,0,0,0.0
R2P2_alpha_0,20260527,1,original,2,1,0,0.0
R2P2_alpha_0,20260527,1,original,2,2,320,1.0
R2P2_alpha_0,20260527,1,original,2,3,0,0.0
R2P2_alpha_0,20260527,1,original,3,0,0,0.0
R2P2_alpha_0,20260527,1,original,3,1,0,0.0
R2P2_alpha_0,20260527,1,original,3,2,128,0.4
R2P2_alpha_0,20260527,1,original,3,3,192,0.6
R2P2_alpha_0,20260527,2,original,0,0,0,0.0
R2P2_alpha_0,20260527,2,original,0,1,0,0.0
R2P2_alpha_0,20260527,2,original,0,2,256,0.8
R2P2_alpha_0,20260527,2,original,0,3,64,0.2
R2P2_alpha_0,20260527,2,original,1,0,0,0.0
R2P2_alpha_0,20260527,2,original,1,1,0,0.0
R2P2_alpha_0,20260527,2,original,1,2,320,1.0
R2P2_alpha_0,20260527,2,original,1,3,0,0.0
R2P2_alpha_0,20260527,2,original,2,0,0,0.0
R2P2_alpha_0,20260527,2,original,2,1,0,0.0
R2P2_alpha_0,20260527,2,original,2,2,320,1.0
R2P2_alpha_0,20260527,2,original,2,3,0,0.0
R2P2_alpha_0,20260527,2,original,3,0,0,0.0
R2P2_alpha_0,20260527,2,original,3,1,0,0.0
R2P2_alpha_0,20260527,2,original,3,2,0,0.0
R2P2_alpha_0,20260527,2,original,3,3,320,1.0
R2P2_alpha_0,20260527,5,original,0,0,0,0.0
R2P2_alpha_0,20260527,5,original,0,1,0,0.0
R2P2_alpha_0,20260527,5,original,0,2,288,0.9
R2P2_alpha_0,20260527,5,original,0,3,32,0.1
R2P2_alpha_0,20260527,5,original,1,0,0,0.0
R2P2_alpha_0,20260527,5,original,1,1,0,0.0
R2P2_alpha_0,20260527,5,original,1,2,288,0.9
R2P2_alpha_0,20260527,5,original,1,3,32,0.1
R2P2_alpha_0,20260527,5,original,2,0,0,0.0
R2P2_alpha_0,20260527,5,original,2,1,0,0.0
R2P2_alpha_0,20260527,5,original,2,2,320,1.0
R2P2_alpha_0,20260527,5,original,2,3,0,0.0
R2P2_alpha_0,20260527,5,original,3,0,0,0.0
R2P2_alpha_0,20260527,5,original,3,1,0,0.0
R2P2_alpha_0,20260527,5,original,3,2,0,0.0
R2P2_alpha_0,20260527,5,original,3,3,320,1.0
R2P2_alpha_0,20260527,10,original,0,0,0,0.0
R2P2_alpha_0,20260527,10,original,0,1,0,0.0
R2P2_alpha_0,20260527,10,original,0,2,320,1.0
R2P2_alpha_0,20260527,10,original,0,3,0,0.0
R2P2_alpha_0,20260527,10,original,1,0,0,0.0
R2P2_alpha_0,20260527,10,original,1,1,0,0.0
R2P2_alpha_0,20260527,10,original,1,2,320,1.0
R2P2_alpha_0,20260527,10,original,1,3,0,0.0
R2P2_alpha_0,20260527,10,original,2,0,0,0.0
R2P2_alpha_0,20260527,10,original,2,1,0,0.0
R2P2_alpha_0,20260527,10,original,2,2,320,1.0
R2P2_alpha_0,20260527,10,original,2,3,0,0.0
R2P2_alpha_0,20260527,10,original,3,0,0,0.0
R2P2_alpha_0,20260527,10,original,3,1,0,0.0
R2P2_alpha_0,20260527,10,original,3,2,0,0.0
R2P2_alpha_0,20260527,10,original,3,3,320,1.0
R2P2_alpha_0,20260527,20,original,0,0,0,0.0
R2P2_alpha_0,20260527,20,original,0,1,0,0.0
R2P2_alpha_0,20260527,20,original,0,2,320,1.0
R2P2_alpha_0,20260527,20,original,0,3,0,0.0
R2P2_alpha_0,20260527,20,original,1,0,0,0.0
R2P2_alpha_0,20260527,20,original,1,1,0,0.0
R2P2_alpha_0,20260527,20,original,1,2,320,1.0
R2P2_alpha_0,20260527,20,original,1,3,0,0.0
R2P2_alpha_0,20260527,20,original,2,0,0,0.0
R2P2_alpha_0,20260527,20,original,2,1,0,0.0
R2P2_alpha_0,20260527,20,original,2,2,320,1.0
R2P2_alpha_0,20260527,20,original,2,3,0,0.0
R2P2_alpha_0,20260527,20,original,3,0,0,0.0
R2P2_alpha_0,20260527,20,original,3,1,0,0.0
R2P2_alpha_0,20260527,20,original,3,2,0,0.0
R2P2_alpha_0,20260527,20,original,3,3,320,1.0
R2P2_alpha_0,20260527,50,original,0,0,0,0.0
R2P2_alpha_0,20260527,50,original,0,1,0,0.0
R2P2_alpha_0,20260527,50,original,0,2,320,1.0
R2P2_alpha_0,20260527,50,original,0,3,0,0.0
R2P2_alpha_0,20260527,50,original,1,0,0,0.0
R2P2_alpha_0,20260527,50,original,1,1,0,0.0
R2P2_alpha_0,20260527,50,original,1,2,320,1.0
R2P2_alpha_0,20260527,50,original,1,3,0,0.0
R2P2_alpha_0,20260527,50,original,2,0,0,0.0
R2P2_alpha_0,20260527,50,original,2,1,0,0.0
R2P2_alpha_0,20260527,50,original,2,2,320,1.0
R2P2_alpha_0,20260527,50,original,2,3,0,0.0
R2P2_alpha_0,20260527,50,original,3,0,0,0.0
R2P2_alpha_0,20260527,50,original,3,1,0,0.0
R2P2_alpha_0,20260527,50,original,3,2,0,0.0
R2P2_alpha_0,20260527,50,original,3,3,320,1.0
R2P2_alpha_0,20260527,1600,original,0,0,0,0.0
R2P2_alpha_0,20260527,1600,original,0,1,0,0.0
R2P2_alpha_0,20260527,1600,original,0,2,320,1.0
R2P2_alpha_0,20260527,1600,original,0,3,0,0.0
R2P2_alpha_0,20260527,1600,original,1,0,0,0.0
R2P2_alpha_0,20260527,1600,original,1,1,0,0.0
R2P2_alpha_0,20260527,1600,original,1,2,320,1.0
R2P2_alpha_0,20260527,1600,original,1,3,0,0.0
R2P2_alpha_0,20260527,1600,original,2,0,0,0.0
R2P2_alpha_0,20260527,1600,original,2,1,0,0.0
R2P2_alpha_0,20260527,1600,original,2,2,320,1.0
R2P2_alpha_0,20260527,1600,original,2,3,0,0.0
R2P2_alpha_0,20260527,1600,original,3,0,0,0.0
R2P2_alpha_0,20260527,1600,original,3,1,0,0.0
R2P2_alpha_0,20260527,1600,original,3,2,0,0.0
R2P2_alpha_0,20260527,1600,original,3,3,320,1.0
R2P2_alpha_0,20260528,0,original,0,0,0,0.0
R2P2_alpha_0,20260528,0,original,0,1,320,1.0
R2P2_alpha_0,20260528,0,original,0,2,0,0.0
R2P2_alpha_0,20260528,0,original,0,3,0,0.0
R2P2_alpha_0,20260528,0,original,1,0,0,0.0
R2P2_alpha_0,20260528,0,original,1,1,288,0.9
R2P2_alpha_0,20260528,0,original,1,2,32,0.1
R2P2_alpha_0,20260528,0,original,1,3,0,0.0
R2P2_alpha_0,20260528,0,original,2,0,0,0.0
R2P2_alpha_0,20260528,0,original,2,1,320,1.0
R2P2_alpha_0,20260528,0,original,2,2,0,0.0
R2P2_alpha_0,20260528,0,original,2,3,0,0.0
R2P2_alpha_0,20260528,0,original,3,0,0,0.0
R2P2_alpha_0,20260528,0,original,3,1,0,0.0
R2P2_alpha_0,20260528,0,original,3,2,320,1.0
R2P2_alpha_0,20260528,0,original,3,3,0,0.0
R2P2_alpha_0,20260528,1,original,0,0,0,0.0
R2P2_alpha_0,20260528,1,original,0,1,32,0.1
R2P2_alpha_0,20260528,1,original,0,2,288,0.9
R2P2_alpha_0,20260528,1,original,0,3,0,0.0
R2P2_alpha_0,20260528,1,original,1,0,0,0.0
R2P2_alpha_0,20260528,1,original,1,1,32,0.1
R2P2_alpha_0,20260528,1,original,1,2,288,0.9
R2P2_alpha_0,20260528,1,original,1,3,0,0.0
R2P2_alpha_0,20260528,1,original,2,0,0,0.0
R2P2_alpha_0,20260528,1,original,2,1,96,0.3
R2P2_alpha_0,20260528,1,original,2,2,224,0.7
R2P2_alpha_0,20260528,1,original,2,3,0,0.0
R2P2_alpha_0,20260528,1,original,3,0,0,0.0
R2P2_alpha_0,20260528,1,original,3,1,0,0.0
R2P2_alpha_0,20260528,1,original,3,2,320,1.0
R2P2_alpha_0,20260528,1,original,3,3,0,0.0
R2P2_alpha_0,20260528,2,original,0,0,0,0.0
R2P2_alpha_0,20260528,2,original,0,1,32,0.1
R2P2_alpha_0,20260528,2,original,0,2,288,0.9
R2P2_alpha_0,20260528,2,original,0,3,0,0.0
R2P2_alpha_0,20260528,2,original,1,0,0,0.0
R2P2_alpha_0,20260528,2,original,1,1,0,0.0
R2P2_alpha_0,20260528,2,original,1,2,320,1.0
R2P2_alpha_0,20260528,2,original,1,3,0,0.0
R2P2_alpha_0,20260528,2,original,2,0,0,0.0
R2P2_alpha_0,20260528,2,original,2,1,32,0.1
R2P2_alpha_0,20260528,2,original,2,2,288,0.9
R2P2_alpha_0,20260528,2,original,2,3,0,0.0
R2P2_alpha_0,20260528,2,original,3,0,0,0.0
R2P2_alpha_0,20260528,2,original,3,1,0,0.0
R2P2_alpha_0,20260528,2,original,3,2,320,1.0
R2P2_alpha_0,20260528,2,original,3,3,0,0.0
R2P2_alpha_0,20260528,5,original,0,0,0,0.0
R2P2_alpha_0,20260528,5,original,0,1,0,0.0
R2P2_alpha_0,20260528,5,original,0,2,320,1.0
R2P2_alpha_0,20260528,5,original,0,3,0,0.0
R2P2_alpha_0,20260528,5,original,1,0,0,0.0
R2P2_alpha_0,20260528,5,original,1,1,0,0.0
R2P2_alpha_0,20260528,5,original,1,2,320,1.0
R2P2_alpha_0,20260528,5,original,1,3,0,0.0
R2P2_alpha_0,20260528,5,original,2,0,0,0.0
R2P2_alpha_0,20260528,5,original,2,1,0,0.0
R2P2_alpha_0,20260528,5,original,2,2,320,1.0
R2P2_alpha_0,20260528,5,original,2,3,0,0.0
R2P2_alpha_0,20260528,5,original,3,0,0,0.0
R2P2_alpha_0,20260528,5,original,3,1,0,0.0
R2P2_alpha_0,20260528,5,original,3,2,320,1.0
R2P2_alpha_0,20260528,5,original,3,3,0,0.0
R2P2_alpha_0,20260528,10,original,0,0,0,0.0
R2P2_alpha_0,20260528,10,original,0,1,0,0.0
R2P2_alpha_0,20260528,10,original,0,2,320,1.0
R2P2_alpha_0,20260528,10,original,0,3,0,0.0
R2P2_alpha_0,20260528,10,original,1,0,0,0.0
R2P2_alpha_0,20260528,10,original,1,1,0,0.0
R2P2_alpha_0,20260528,10,original,1,2,320,1.0
R2P2_alpha_0,20260528,10,original,1,3,0,0.0
R2P2_alpha_0,20260528,10,original,2,0,0,0.0
R2P2_alpha_0,20260528,10,original,2,1,0,0.0
R2P2_alpha_0,20260528,10,original,2,2,320,1.0
R2P2_alpha_0,20260528,10,original,2,3,0,0.0
R2P2_alpha_0,20260528,10,original,3,0,0,0.0
R2P2_alpha_0,20260528,10,original,3,1,0,0.0
R2P2_alpha_0,20260528,10,original,3,2,320,1.0
R2P2_alpha_0,20260528,10,original,3,3,0,0.0
R2P2_alpha_0,20260528,20,original,0,0,0,0.0
R2P2_alpha_0,20260528,20,original,0,1,0,0.0
R2P2_alpha_0,20260528,20,original,0,2,320,1.0
R2P2_alpha_0,20260528,20,original,0,3,0,0.0
R2P2_alpha_0,20260528,20,original,1,0,0,0.0
R2P2_alpha_0,20260528,20,original,1,1,0,0.0
R2P2_alpha_0,20260528,20,original,1,2,320,1.0
R2P2_alpha_0,20260528,20,original,1,3,0,0.0
R2P2_alpha_0,20260528,20,original,2,0,0,0.0
R2P2_alpha_0,20260528,20,original,2,1,0,0.0
R2P2_alpha_0,20260528,20,original,2,2,320,1.0
R2P2_alpha_0,20260528,20,original,2,3,0,0.0
R2P2_alpha_0,20260528,20,original,3,0,0,0.0
R2P2_alpha_0,20260528,20,original,3,1,0,0.0
R2P2_alpha_0,20260528,20,original,3,2,320,1.0
R2P2_alpha_0,20260528,20,original,3,3,0,0.0
R2P2_alpha_0,20260528,50,original,0,0,0,0.0
R2P2_alpha_0,20260528,50,original,0,1,0,0.0
R2P2_alpha_0,20260528,50,original,0,2,320,1.0
R2P2_alpha_0,20260528,50,original,0,3,0,0.0
R2P2_alpha_0,20260528,50,original,1,0,0,0.0
R2P2_alpha_0,20260528,50,original,1,1,0,0.0
R2P2_alpha_0,20260528,50,original,1,2,320,1.0
R2P2_alpha_0,20260528,50,original,1,3,0,0.0
R2P2_alpha_0,20260528,50,original,2,0,0,0.0
R2P2_alpha_0,20260528,50,original,2,1,0,0.0
R2P2_alpha_0,20260528,50,original,2,2,320,1.0
R2P2_alpha_0,20260528,50,original,2,3,0,0.0
R2P2_alpha_0,20260528,50,original,3,0,0,0.0
R2P2_alpha_0,20260528,50,original,3,1,0,0.0
R2P2_alpha_0,20260528,50,original,3,2,320,1.0
R2P2_alpha_0,20260528,50,original,3,3,0,0.0
R2P2_alpha_0,20260528,1600,original,0,0,0,0.0
R2P2_alpha_0,20260528,1600,original,0,1,0,0.0
R2P2_alpha_0,20260528,1600,original,0,2,320,1.0
R2P2_alpha_0,20260528,1600,original,0,3,0,0.0
R2P2_alpha_0,20260528,1600,original,1,0,0,0.0
R2P2_alpha_0,20260528,1600,original,1,1,0,0.0
R2P2_alpha_0,20260528,1600,original,1,2,320,1.0
R2P2_alpha_0,20260528,1600,original,1,3,0,0.0
R2P2_alpha_0,20260528,1600,original,2,0,0,0.0
R2P2_alpha_0,20260528,1600,original,2,1,0,0.0
R2P2_alpha_0,20260528,1600,original,2,2,320,1.0
R2P2_alpha_0,20260528,1600,original,2,3,0,0.0
R2P2_alpha_0,20260528,1600,original,3,0,0,0.0
R2P2_alpha_0,20260528,1600,original,3,1,0,0.0
R2P2_alpha_0,20260528,1600,original,3,2,320,1.0
R2P2_alpha_0,20260528,1600,original,3,3,0,0.0
R2P2_alpha_0.05,20260521,0,original,0,0,320,1.0
R2P2_alpha_0.05,20260521,0,original,0,1,0,0.0
R2P2_alpha_0.05,20260521,0,original,0,2,0,0.0
R2P2_alpha_0.05,20260521,0,original,0,3,0,0.0
R2P2_alpha_0.05,20260521,0,original,1,0,0,0.0
R2P2_alpha_0.05,20260521,0,original,1,1,192,0.6
R2P2_alpha_0.05,20260521,0,original,1,2,128,0.4
R2P2_alpha_0.05,20260521,0,original,1,3,0,0.0
R2P2_alpha_0.05,20260521,0,original,2,0,0,0.0
R2P2_alpha_0.05,20260521,0,original,2,1,0,0.0
R2P2_alpha_0.05,20260521,0,original,2,2,320,1.0
R2P2_alpha_0.05,20260521,0,original,2,3,0,0.0
R2P2_alpha_0.05,20260521,0,original,3,0,0,0.0
R2P2_alpha_0.05,20260521,0,original,3,1,0,0.0
R2P2_alpha_0.05,20260521,0,original,3,2,256,0.8
R2P2_alpha_0.05,20260521,0,original,3,3,64,0.2
R2P2_alpha_0.05,20260521,1,original,0,0,320,1.0
R2P2_alpha_0.05,20260521,1,original,0,1,0,0.0
R2P2_alpha_0.05,20260521,1,original,0,2,0,0.0
R2P2_alpha_0.05,20260521,1,original,0,3,0,0.0
R2P2_alpha_0.05,20260521,1,original,1,0,160,0.5
R2P2_alpha_0.05,20260521,1,original,1,1,160,0.5
R2P2_alpha_0.05,20260521,1,original,1,2,0,0.0
R2P2_alpha_0.05,20260521,1,original,1,3,0,0.0
R2P2_alpha_0.05,20260521,1,original,2,0,0,0.0
R2P2_alpha_0.05,20260521,1,original,2,1,0,0.0
R2P2_alpha_0.05,20260521,1,original,2,2,320,1.0
R2P2_alpha_0.05,20260521,1,original,2,3,0,0.0
R2P2_alpha_0.05,20260521,1,original,3,0,192,0.6
R2P2_alpha_0.05,20260521,1,original,3,1,0,0.0
R2P2_alpha_0.05,20260521,1,original,3,2,0,0.0
R2P2_alpha_0.05,20260521,1,original,3,3,128,0.4
R2P2_alpha_0.05,20260521,2,original,0,0,320,1.0
R2P2_alpha_0.05,20260521,2,original,0,1,0,0.0
R2P2_alpha_0.05,20260521,2,original,0,2,0,0.0
R2P2_alpha_0.05,20260521,2,original,0,3,0,0.0
R2P2_alpha_0.05,20260521,2,original,1,0,0,0.0
R2P2_alpha_0.05,20260521,2,original,1,1,96,0.3
R2P2_alpha_0.05,20260521,2,original,1,2,224,0.7
R2P2_alpha_0.05,20260521,2,original,1,3,0,0.0
R2P2_alpha_0.05,20260521,2,original,2,0,0,0.0
R2P2_alpha_0.05,20260521,2,original,2,1,0,0.0
R2P2_alpha_0.05,20260521,2,original,2,2,320,1.0
R2P2_alpha_0.05,20260521,2,original,2,3,0,0.0
R2P2_alpha_0.05,20260521,2,original,3,0,0,0.0
R2P2_alpha_0.05,20260521,2,original,3,1,0,0.0
R2P2_alpha_0.05,20260521,2,original,3,2,224,0.7
R2P2_alpha_0.05,20260521,2,original,3,3,96,0.3
R2P2_alpha_0.05,20260521,5,original,0,0,320,1.0
R2P2_alpha_0.05,20260521,5,original,0,1,0,0.0
R2P2_alpha_0.05,20260521,5,original,0,2,0,0.0
R2P2_alpha_0.05,20260521,5,original,0,3,0,0.0
R2P2_alpha_0.05,20260521,5,original,1,0,0,0.0
R2P2_alpha_0.05,20260521,5,original,1,1,32,0.1
R2P2_alpha_0.05,20260521,5,original,1,2,288,0.9
R2P2_alpha_0.05,20260521,5,original,1,3,0,0.0
R2P2_alpha_0.05,20260521,5,original,2,0,0,0.0
R2P2_alpha_0.05,20260521,5,original,2,1,0,0.0
R2P2_alpha_0.05,20260521,5,original,2,2,320,1.0
R2P2_alpha_0.05,20260521,5,original,2,3,0,0.0
R2P2_alpha_0.05,20260521,5,original,3,0,0,0.0
R2P2_alpha_0.05,20260521,5,original,3,1,0,0.0
R2P2_alpha_0.05,20260521,5,original,3,2,256,0.8
R2P2_alpha_0.05,20260521,5,original,3,3,64,0.2
R2P2_alpha_0.05,20260521,10,original,0,0,320,1.0
R2P2_alpha_0.05,20260521,10,original,0,1,0,0.0
R2P2_alpha_0.05,20260521,10,original,0,2,0,0.0
R2P2_alpha_0.05,20260521,10,original,0,3,0,0.0
R2P2_alpha_0.05,20260521,10,original,1,0,0,0.0
R2P2_alpha_0.05,20260521,10,original,1,1,32,0.1
R2P2_alpha_0.05,20260521,10,original,1,2,288,0.9
R2P2_alpha_0.05,20260521,10,original,1,3,0,0.0
R2P2_alpha_0.05,20260521,10,original,2,0,0,0.0
R2P2_alpha_0.05,20260521,10,original,2,1,0,0.0
R2P2_alpha_0.05,20260521,10,original,2,2,320,1.0
R2P2_alpha_0.05,20260521,10,original,2,3,0,0.0
R2P2_alpha_0.05,20260521,10,original,3,0,0,0.0
R2P2_alpha_0.05,20260521,10,original,3,1,0,0.0
R2P2_alpha_0.05,20260521,10,original,3,2,0,0.0
R2P2_alpha_0.05,20260521,10,original,3,3,320,1.0
R2P2_alpha_0.05,20260521,20,original,0,0,320,1.0
R2P2_alpha_0.05,20260521,20,original,0,1,0,0.0
R2P2_alpha_0.05,20260521,20,original,0,2,0,0.0
R2P2_alpha_0.05,20260521,20,original,0,3,0,0.0
R2P2_alpha_0.05,20260521,20,original,1,0,0,0.0
R2P2_alpha_0.05,20260521,20,original,1,1,32,0.1
R2P2_alpha_0.05,20260521,20,original,1,2,288,0.9
R2P2_alpha_0.05,20260521,20,original,1,3,0,0.0
R2P2_alpha_0.05,20260521,20,original,2,0,0,0.0
R2P2_alpha_0.05,20260521,20,original,2,1,0,0.0
R2P2_alpha_0.05,20260521,20,original,2,2,320,1.0
R2P2_alpha_0.05,20260521,20,original,2,3,0,0.0
R2P2_alpha_0.05,20260521,20,original,3,0,0,0.0
R2P2_alpha_0.05,20260521,20,original,3,1,0,0.0
R2P2_alpha_0.05,20260521,20,original,3,2,0,0.0
R2P2_alpha_0.05,20260521,20,original,3,3,320,1.0
R2P2_alpha_0.05,20260521,50,original,0,0,320,1.0
R2P2_alpha_0.05,20260521,50,original,0,1,0,0.0
R2P2_alpha_0.05,20260521,50,original,0,2,0,0.0
R2P2_alpha_0.05,20260521,50,original,0,3,0,0.0
R2P2_alpha_0.05,20260521,50,original,1,0,0,0.0
R2P2_alpha_0.05,20260521,50,original,1,1,32,0.1
R2P2_alpha_0.05,20260521,50,original,1,2,288,0.9
R2P2_alpha_0.05,20260521,50,original,1,3,0,0.0
R2P2_alpha_0.05,20260521,50,original,2,0,0,0.0
R2P2_alpha_0.05,20260521,50,original,2,1,0,0.0
R2P2_alpha_0.05,20260521,50,original,2,2,320,1.0
R2P2_alpha_0.05,20260521,50,original,2,3,0,0.0
R2P2_alpha_0.05,20260521,50,original,3,0,0,0.0
R2P2_alpha_0.05,20260521,50,original,3,1,0,0.0
R2P2_alpha_0.05,20260521,50,original,3,2,0,0.0
R2P2_alpha_0.05,20260521,50,original,3,3,320,1.0
R2P2_alpha_0.05,20260521,1600,original,0,0,320,1.0
R2P2_alpha_0.05,20260521,1600,original,0,1,0,0.0
R2P2_alpha_0.05,20260521,1600,original,0,2,0,0.0
R2P2_alpha_0.05,20260521,1600,original,0,3,0,0.0
R2P2_alpha_0.05,20260521,1600,original,1,0,0,0.0
R2P2_alpha_0.05,20260521,1600,original,1,1,32,0.1
R2P2_alpha_0.05,20260521,1600,original,1,2,288,0.9
R2P2_alpha_0.05,20260521,1600,original,1,3,0,0.0
R2P2_alpha_0.05,20260521,1600,original,2,0,0,0.0
R2P2_alpha_0.05,20260521,1600,original,2,1,0,0.0
R2P2_alpha_0.05,20260521,1600,original,2,2,320,1.0
R2P2_alpha_0.05,20260521,1600,original,2,3,0,0.0
R2P2_alpha_0.05,20260521,1600,original,3,0,0,0.0
R2P2_alpha_0.05,20260521,1600,original,3,1,0,0.0
R2P2_alpha_0.05,20260521,1600,original,3,2,0,0.0
R2P2_alpha_0.05,20260521,1600,original,3,3,320,1.0
R2P2_alpha_0.05,20260522,0,original,0,0,64,0.2
R2P2_alpha_0.05,20260522,0,original,0,1,0,0.0
R2P2_alpha_0.05,20260522,0,original,0,2,0,0.0
R2P2_alpha_0.05,20260522,0,original,0,3,256,0.8
R2P2_alpha_0.05,20260522,0,original,1,0,0,0.0
R2P2_alpha_0.05,20260522,0,original,1,1,160,0.5
R2P2_alpha_0.05,20260522,0,original,1,2,0,0.0
R2P2_alpha_0.05,20260522,0,original,1,3,160,0.5
R2P2_alpha_0.05,20260522,0,original,2,0,0,0.0
R2P2_alpha_0.05,20260522,0,original,2,1,0,0.0
R2P2_alpha_0.05,20260522,0,original,2,2,0,0.0
R2P2_alpha_0.05,20260522,0,original,2,3,320,1.0
R2P2_alpha_0.05,20260522,0,original,3,0,0,0.0
R2P2_alpha_0.05,20260522,0,original,3,1,0,0.0
R2P2_alpha_0.05,20260522,0,original,3,2,0,0.0
R2P2_alpha_0.05,20260522,0,original,3,3,320,1.0
R2P2_alpha_0.05,20260522,1,original,0,0,64,0.2
R2P2_alpha_0.05,20260522,1,original,0,1,192,0.6
R2P2_alpha_0.05,20260522,1,original,0,2,0,0.0
R2P2_alpha_0.05,20260522,1,original,0,3,64,0.2
R2P2_alpha_0.05,20260522,1,original,1,0,0,0.0
R2P2_alpha_0.05,20260522,1,original,1,1,320,1.0
R2P2_alpha_0.05,20260522,1,original,1,2,0,0.0
R2P2_alpha_0.05,20260522,1,original,1,3,0,0.0
R2P2_alpha_0.05,20260522,1,original,2,0,0,0.0
R2P2_alpha_0.05,20260522,1,original,2,1,160,0.5
R2P2_alpha_0.05,20260522,1,original,2,2,0,0.0
R2P2_alpha_0.05,20260522,1,original,2,3,160,0.5
R2P2_alpha_0.05,20260522,1,original,3,0,0,0.0
R2P2_alpha_0.05,20260522,1,original,3,1,0,0.0
R2P2_alpha_0.05,20260522,1,original,3,2,0,0.0
R2P2_alpha_0.05,20260522,1,original,3,3,320,1.0
R2P2_alpha_0.05,20260522,2,original,0,0,32,0.1
R2P2_alpha_0.05,20260522,2,original,0,1,288,0.9
R2P2_alpha_0.05,20260522,2,original,0,2,0,0.0
R2P2_alpha_0.05,20260522,2,original,0,3,0,0.0
R2P2_alpha_0.05,20260522,2,original,1,0,0,0.0
R2P2_alpha_0.05,20260522,2,original,1,1,320,1.0
R2P2_alpha_0.05,20260522,2,original,1,2,0,0.0
R2P2_alpha_0.05,20260522,2,original,1,3,0,0.0
R2P2_alpha_0.05,20260522,2,original,2,0,0,0.0
R2P2_alpha_0.05,20260522,2,original,2,1,288,0.9
R2P2_alpha_0.05,20260522,2,original,2,2,0,0.0
R2P2_alpha_0.05,20260522,2,original,2,3,32,0.1
R2P2_alpha_0.05,20260522,2,original,3,0,0,0.0
R2P2_alpha_0.05,20260522,2,original,3,1,128,0.4
R2P2_alpha_0.05,20260522,2,original,3,2,0,0.0
R2P2_alpha_0.05,20260522,2,original,3,3,192,0.6
R2P2_alpha_0.05,20260522,5,original,0,0,0,0.0
R2P2_alpha_0.05,20260522,5,original,0,1,320,1.0
R2P2_alpha_0.05,20260522,5,original,0,2,0,0.0
R2P2_alpha_0.05,20260522,5,original,0,3,0,0.0
R2P2_alpha_0.05,20260522,5,original,1,0,0,0.0
R2P2_alpha_0.05,20260522,5,original,1,1,320,1.0
R2P2_alpha_0.05,20260522,5,original,1,2,0,0.0
R2P2_alpha_0.05,20260522,5,original,1,3,0,0.0
R2P2_alpha_0.05,20260522,5,original,2,0,0,0.0
R2P2_alpha_0.05,20260522,5,original,2,1,320,1.0
R2P2_alpha_0.05,20260522,5,original,2,2,0,0.0
R2P2_alpha_0.05,20260522,5,original,2,3,0,0.0
R2P2_alpha_0.05,20260522,5,original,3,0,0,0.0
R2P2_alpha_0.05,20260522,5,original,3,1,192,0.6
R2P2_alpha_0.05,20260522,5,original,3,2,0,0.0
R2P2_alpha_0.05,20260522,5,original,3,3,128,0.4
R2P2_alpha_0.05,20260522,10,original,0,0,0,0.0
R2P2_alpha_0.05,20260522,10,original,0,1,320,1.0
R2P2_alpha_0.05,20260522,10,original,0,2,0,0.0
R2P2_alpha_0.05,20260522,10,original,0,3,0,0.0
R2P2_alpha_0.05,20260522,10,original,1,0,0,0.0
R2P2_alpha_0.05,20260522,10,original,1,1,320,1.0
R2P2_alpha_0.05,20260522,10,original,1,2,0,0.0
R2P2_alpha_0.05,20260522,10,original,1,3,0,0.0
R2P2_alpha_0.05,20260522,10,original,2,0,0,0.0
R2P2_alpha_0.05,20260522,10,original,2,1,320,1.0
R2P2_alpha_0.05,20260522,10,original,2,2,0,0.0
R2P2_alpha_0.05,20260522,10,original,2,3,0,0.0
R2P2_alpha_0.05,20260522,10,original,3,0,0,0.0
R2P2_alpha_0.05,20260522,10,original,3,1,0,0.0
R2P2_alpha_0.05,20260522,10,original,3,2,0,0.0
R2P2_alpha_0.05,20260522,10,original,3,3,320,1.0
R2P2_alpha_0.05,20260522,20,original,0,0,0,0.0
R2P2_alpha_0.05,20260522,20,original,0,1,320,1.0
R2P2_alpha_0.05,20260522,20,original,0,2,0,0.0
R2P2_alpha_0.05,20260522,20,original,0,3,0,0.0
R2P2_alpha_0.05,20260522,20,original,1,0,0,0.0
R2P2_alpha_0.05,20260522,20,original,1,1,320,1.0
R2P2_alpha_0.05,20260522,20,original,1,2,0,0.0
R2P2_alpha_0.05,20260522,20,original,1,3,0,0.0
R2P2_alpha_0.05,20260522,20,original,2,0,0,0.0
R2P2_alpha_0.05,20260522,20,original,2,1,320,1.0
R2P2_alpha_0.05,20260522,20,original,2,2,0,0.0
R2P2_alpha_0.05,20260522,20,original,2,3,0,0.0
R2P2_alpha_0.05,20260522,20,original,3,0,0,0.0
R2P2_alpha_0.05,20260522,20,original,3,1,0,0.0
R2P2_alpha_0.05,20260522,20,original,3,2,0,0.0
R2P2_alpha_0.05,20260522,20,original,3,3,320,1.0
R2P2_alpha_0.05,20260522,50,original,0,0,0,0.0
R2P2_alpha_0.05,20260522,50,original,0,1,320,1.0
R2P2_alpha_0.05,20260522,50,original,0,2,0,0.0
R2P2_alpha_0.05,20260522,50,original,0,3,0,0.0
R2P2_alpha_0.05,20260522,50,original,1,0,0,0.0
R2P2_alpha_0.05,20260522,50,original,1,1,320,1.0
R2P2_alpha_0.05,20260522,50,original,1,2,0,0.0
R2P2_alpha_0.05,20260522,50,original,1,3,0,0.0
R2P2_alpha_0.05,20260522,50,original,2,0,0,0.0
R2P2_alpha_0.05,20260522,50,original,2,1,320,1.0
R2P2_alpha_0.05,20260522,50,original,2,2,0,0.0
R2P2_alpha_0.05,20260522,50,original,2,3,0,0.0
R2P2_alpha_0.05,20260522,50,original,3,0,0,0.0
R2P2_alpha_0.05,20260522,50,original,3,1,0,0.0
R2P2_alpha_0.05,20260522,50,original,3,2,0,0.0
R2P2_alpha_0.05,20260522,50,original,3,3,320,1.0
R2P2_alpha_0.05,20260522,1600,original,0,0,0,0.0
R2P2_alpha_0.05,20260522,1600,original,0,1,320,1.0
R2P2_alpha_0.05,20260522,1600,original,0,2,0,0.0
R2P2_alpha_0.05,20260522,1600,original,0,3,0,0.0
R2P2_alpha_0.05,20260522,1600,original,1,0,0,0.0
R2P2_alpha_0.05,20260522,1600,original,1,1,320,1.0
R2P2_alpha_0.05,20260522,1600,original,1,2,0,0.0
R2P2_alpha_0.05,20260522,1600,original,1,3,0,0.0
R2P2_alpha_0.05,20260522,1600,original,2,0,0,0.0
R2P2_alpha_0.05,20260522,1600,original,2,1,320,1.0
R2P2_alpha_0.05,20260522,1600,original,2,2,0,0.0
R2P2_alpha_0.05,20260522,1600,original,2,3,0,0.0
R2P2_alpha_0.05,20260522,1600,original,3,0,0,0.0
R2P2_alpha_0.05,20260522,1600,original,3,1,0,0.0
R2P2_alpha_0.05,20260522,1600,original,3,2,0,0.0
R2P2_alpha_0.05,20260522,1600,original,3,3,320,1.0
R2P2_alpha_0.05,20260523,0,original,0,0,32,0.1
R2P2_alpha_0.05,20260523,0,original,0,1,0,0.0
R2P2_alpha_0.05,20260523,0,original,0,2,288,0.9
R2P2_alpha_0.05,20260523,0,original,0,3,0,0.0
R2P2_alpha_0.05,20260523,0,original,1,0,0,0.0
R2P2_alpha_0.05,20260523,0,original,1,1,192,0.6
R2P2_alpha_0.05,20260523,0,original,1,2,128,0.4
R2P2_alpha_0.05,20260523,0,original,1,3,0,0.0
R2P2_alpha_0.05,20260523,0,original,2,0,0,0.0
R2P2_alpha_0.05,20260523,0,original,2,1,0,0.0
R2P2_alpha_0.05,20260523,0,original,2,2,320,1.0
R2P2_alpha_0.05,20260523,0,original,2,3,0,0.0
R2P2_alpha_0.05,20260523,0,original,3,0,0,0.0
R2P2_alpha_0.05,20260523,0,original,3,1,0,0.0
R2P2_alpha_0.05,20260523,0,original,3,2,224,0.7
R2P2_alpha_0.05,20260523,0,original,3,3,96,0.3
R2P2_alpha_0.05,20260523,1,original,0,0,320,1.0
R2P2_alpha_0.05,20260523,1,original,0,1,0,0.0
R2P2_alpha_0.05,20260523,1,original,0,2,0,0.0
R2P2_alpha_0.05,20260523,1,original,0,3,0,0.0
R2P2_alpha_0.05,20260523,1,original,1,0,0,0.0
R2P2_alpha_0.05,20260523,1,original,1,1,320,1.0
R2P2_alpha_0.05,20260523,1,original,1,2,0,0.0
R2P2_alpha_0.05,20260523,1,original,1,3,0,0.0
R2P2_alpha_0.05,20260523,1,original,2,0,0,0.0
R2P2_alpha_0.05,20260523,1,original,2,1,0,0.0
R2P2_alpha_0.05,20260523,1,original,2,2,320,1.0
R2P2_alpha_0.05,20260523,1,original,2,3,0,0.0
R2P2_alpha_0.05,20260523,1,original,3,0,0,0.0
R2P2_alpha_0.05,20260523,1,original,3,1,0,0.0
R2P2_alpha_0.05,20260523,1,original,3,2,0,0.0
R2P2_alpha_0.05,20260523,1,original,3,3,320,1.0
R2P2_alpha_0.05,20260523,2,original,0,0,320,1.0
R2P2_alpha_0.05,20260523,2,original,0,1,0,0.0
R2P2_alpha_0.05,20260523,2,original,0,2,0,0.0
R2P2_alpha_0.05,20260523,2,original,0,3,0,0.0
R2P2_alpha_0.05,20260523,2,original,1,0,0,0.0
R2P2_alpha_0.05,20260523,2,original,1,1,320,1.0
R2P2_alpha_0.05,20260523,2,original,1,2,0,0.0
R2P2_alpha_0.05,20260523,2,original,1,3,0,0.0
R2P2_alpha_0.05,20260523,2,original,2,0,160,0.5
R2P2_alpha_0.05,20260523,2,original,2,1,64,0.2
R2P2_alpha_0.05,20260523,2,original,2,2,96,0.3
R2P2_alpha_0.05,20260523,2,original,2,3,0,0.0
R2P2_alpha_0.05,20260523,2,original,3,0,0,0.0
R2P2_alpha_0.05,20260523,2,original,3,1,0,0.0
R2P2_alpha_0.05,20260523,2,original,3,2,0,0.0
R2P2_alpha_0.05,20260523,2,original,3,3,320,1.0
R2P2_alpha_0.05,20260523,5,original,0,0,320,1.0
R2P2_alpha_0.05,20260523,5,original,0,1,0,0.0
R2P2_alpha_0.05,20260523,5,original,0,2,0,0.0
R2P2_alpha_0.05,20260523,5,original,0,3,0,0.0
R2P2_alpha_0.05,20260523,5,original,1,0,0,0.0
R2P2_alpha_0.05,20260523,5,original,1,1,288,0.9
R2P2_alpha_0.05,20260523,5,original,1,2,0,0.0
R2P2_alpha_0.05,20260523,5,original,1,3,32,0.1
R2P2_alpha_0.05,20260523,5,original,2,0,256,0.8
R2P2_alpha_0.05,20260523,5,original,2,1,0,0.0
R2P2_alpha_0.05,20260523,5,original,2,2,32,0.1
R2P2_alpha_0.05,20260523,5,original,2,3,32,0.1
R2P2_alpha_0.05,20260523,5,original,3,0,0,0.0
R2P2_alpha_0.05,20260523,5,original,3,1,0,0.0
R2P2_alpha_0.05,20260523,5,original,3,2,0,0.0
R2P2_alpha_0.05,20260523,5,original,3,3,320,1.0
R2P2_alpha_0.05,20260523,10,original,0,0,320,1.0
R2P2_alpha_0.05,20260523,10,original,0,1,0,0.0
R2P2_alpha_0.05,20260523,10,original,0,2,0,0.0
R2P2_alpha_0.05,20260523,10,original,0,3,0,0.0
R2P2_alpha_0.05,20260523,10,original,1,0,0,0.0
R2P2_alpha_0.05,20260523,10,original,1,1,320,1.0
R2P2_alpha_0.05,20260523,10,original,1,2,0,0.0
R2P2_alpha_0.05,20260523,10,original,1,3,0,0.0
R2P2_alpha_0.05,20260523,10,original,2,0,288,0.9
R2P2_alpha_0.05,20260523,10,original,2,1,32,0.1
R2P2_alpha_0.05,20260523,10,original,2,2,0,0.0
R2P2_alpha_0.05,20260523,10,original,2,3,0,0.0
R2P2_alpha_0.05,20260523,10,original,3,0,0,0.0
R2P2_alpha_0.05,20260523,10,original,3,1,0,0.0
R2P2_alpha_0.05,20260523,10,original,3,2,0,0.0
R2P2_alpha_0.05,20260523,10,original,3,3,320,1.0
R2P2_alpha_0.05,20260523,20,original,0,0,320,1.0
R2P2_alpha_0.05,20260523,20,original,0,1,0,0.0
R2P2_alpha_0.05,20260523,20,original,0,2,0,0.0
R2P2_alpha_0.05,20260523,20,original,0,3,0,0.0
R2P2_alpha_0.05,20260523,20,original,1,0,0,0.0
R2P2_alpha_0.05,20260523,20,original,1,1,320,1.0
R2P2_alpha_0.05,20260523,20,original,1,2,0,0.0
R2P2_alpha_0.05,20260523,20,original,1,3,0,0.0
R2P2_alpha_0.05,20260523,20,original,2,0,288,0.9
R2P2_alpha_0.05,20260523,20,original,2,1,0,0.0
R2P2_alpha_0.05,20260523,20,original,2,2,32,0.1
R2P2_alpha_0.05,20260523,20,original,2,3,0,0.0
R2P2_alpha_0.05,20260523,20,original,3,0,0,0.0
R2P2_alpha_0.05,20260523,20,original,3,1,0,0.0
R2P2_alpha_0.05,20260523,20,original,3,2,0,0.0
R2P2_alpha_0.05,20260523,20,original,3,3,320,1.0
R2P2_alpha_0.05,20260523,50,original,0,0,320,1.0
R2P2_alpha_0.05,20260523,50,original,0,1,0,0.0
R2P2_alpha_0.05,20260523,50,original,0,2,0,0.0
R2P2_alpha_0.05,20260523,50,original,0,3,0,0.0
R2P2_alpha_0.05,20260523,50,original,1,0,0,0.0
R2P2_alpha_0.05,20260523,50,original,1,1,320,1.0
R2P2_alpha_0.05,20260523,50,original,1,2,0,0.0
R2P2_alpha_0.05,20260523,50,original,1,3,0,0.0
R2P2_alpha_0.05,20260523,50,original,2,0,288,0.9
R2P2_alpha_0.05,20260523,50,original,2,1,0,0.0
R2P2_alpha_0.05,20260523,50,original,2,2,32,0.1
R2P2_alpha_0.05,20260523,50,original,2,3,0,0.0
R2P2_alpha_0.05,20260523,50,original,3,0,0,0.0
R2P2_alpha_0.05,20260523,50,original,3,1,0,0.0
R2P2_alpha_0.05,20260523,50,original,3,2,0,0.0
R2P2_alpha_0.05,20260523,50,original,3,3,320,1.0
R2P2_alpha_0.05,20260523,1600,original,0,0,320,1.0
R2P2_alpha_0.05,20260523,1600,original,0,1,0,0.0
R2P2_alpha_0.05,20260523,1600,original,0,2,0,0.0
R2P2_alpha_0.05,20260523,1600,original,0,3,0,0.0
R2P2_alpha_0.05,20260523,1600,original,1,0,0,0.0
R2P2_alpha_0.05,20260523,1600,original,1,1,320,1.0
R2P2_alpha_0.05,20260523,1600,original,1,2,0,0.0
R2P2_alpha_0.05,20260523,1600,original,1,3,0,0.0
R2P2_alpha_0.05,20260523,1600,original,2,0,288,0.9
R2P2_alpha_0.05,20260523,1600,original,2,1,0,0.0
R2P2_alpha_0.05,20260523,1600,original,2,2,32,0.1
R2P2_alpha_0.05,20260523,1600,original,2,3,0,0.0
R2P2_alpha_0.05,20260523,1600,original,3,0,0,0.0
R2P2_alpha_0.05,20260523,1600,original,3,1,0,0.0
R2P2_alpha_0.05,20260523,1600,original,3,2,0,0.0
R2P2_alpha_0.05,20260523,1600,original,3,3,320,1.0
R2P2_alpha_0.05,20260524,0,original,0,0,32,0.1
R2P2_alpha_0.05,20260524,0,original,0,1,288,0.9
R2P2_alpha_0.05,20260524,0,original,0,2,0,0.0
R2P2_alpha_0.05,20260524,0,original,0,3,0,0.0
R2P2_alpha_0.05,20260524,0,original,1,0,0,0.0
R2P2_alpha_0.05,20260524,0,original,1,1,320,1.0
R2P2_alpha_0.05,20260524,0,original,1,2,0,0.0
R2P2_alpha_0.05,20260524,0,original,1,3,0,0.0
R2P2_alpha_0.05,20260524,0,original,2,0,0,0.0
R2P2_alpha_0.05,20260524,0,original,2,1,256,0.8
R2P2_alpha_0.05,20260524,0,original,2,2,64,0.2
R2P2_alpha_0.05,20260524,0,original,2,3,0,0.0
R2P2_alpha_0.05,20260524,0,original,3,0,0,0.0
R2P2_alpha_0.05,20260524,0,original,3,1,288,0.9
R2P2_alpha_0.05,20260524,0,original,3,2,0,0.0
R2P2_alpha_0.05,20260524,0,original,3,3,32,0.1
R2P2_alpha_0.05,20260524,1,original,0,0,32,0.1
R2P2_alpha_0.05,20260524,1,original,0,1,288,0.9
R2P2_alpha_0.05,20260524,1,original,0,2,0,0.0
R2P2_alpha_0.05,20260524,1,original,0,3,0,0.0
R2P2_alpha_0.05,20260524,1,original,1,0,0,0.0
R2P2_alpha_0.05,20260524,1,original,1,1,320,1.0
R2P2_alpha_0.05,20260524,1,original,1,2,0,0.0
R2P2_alpha_0.05,20260524,1,original,1,3,0,0.0
R2P2_alpha_0.05,20260524,1,original,2,0,0,0.0
R2P2_alpha_0.05,20260524,1,original,2,1,224,0.7
R2P2_alpha_0.05,20260524,1,original,2,2,96,0.3
R2P2_alpha_0.05,20260524,1,original,2,3,0,0.0
R2P2_alpha_0.05,20260524,1,original,3,0,0,0.0
R2P2_alpha_0.05,20260524,1,original,3,1,320,1.0
R2P2_alpha_0.05,20260524,1,original,3,2,0,0.0
R2P2_alpha_0.05,20260524,1,original,3,3,0,0.0
R2P2_alpha_0.05,20260524,2,original,0,0,32,0.1
R2P2_alpha_0.05,20260524,2,original,0,1,288,0.9
R2P2_alpha_0.05,20260524,2,original,0,2,0,0.0
R2P2_alpha_0.05,20260524,2,original,0,3,0,0.0
R2P2_alpha_0.05,20260524,2,original,1,0,0,0.0
R2P2_alpha_0.05,20260524,2,original,1,1,320,1.0
R2P2_alpha_0.05,20260524,2,original,1,2,0,0.0
R2P2_alpha_0.05,20260524,2,original,1,3,0,0.0
R2P2_alpha_0.05,20260524,2,original,2,0,0,0.0
R2P2_alpha_0.05,20260524,2,original,2,1,256,0.8
R2P2_alpha_0.05,20260524,2,original,2,2,64,0.2
R2P2_alpha_0.05,20260524,2,original,2,3,0,0.0
R2P2_alpha_0.05,20260524,2,original,3,0,0,0.0
R2P2_alpha_0.05,20260524,2,original,3,1,320,1.0
R2P2_alpha_0.05,20260524,2,original,3,2,0,0.0
R2P2_alpha_0.05,20260524,2,original,3,3,0,0.0
R2P2_alpha_0.05,20260524,5,original,0,0,0,0.0
R2P2_alpha_0.05,20260524,5,original,0,1,320,1.0
R2P2_alpha_0.05,20260524,5,original,0,2,0,0.0
R2P2_alpha_0.05,20260524,5,original,0,3,0,0.0
R2P2_alpha_0.05,20260524,5,original,1,0,0,0.0
R2P2_alpha_0.05,20260524,5,original,1,1,320,1.0
R2P2_alpha_0.05,20260524,5,original,1,2,0,0.0
R2P2_alpha_0.05,20260524,5,original,1,3,0,0.0
R2P2_alpha_0.05,20260524,5,original,2,0,0,0.0
R2P2_alpha_0.05,20260524,5,original,2,1,320,1.0
R2P2_alpha_0.05,20260524,5,original,2,2,0,0.0
R2P2_alpha_0.05,20260524,5,original,2,3,0,0.0
R2P2_alpha_0.05,20260524,5,original,3,0,0,0.0
R2P2_alpha_0.05,20260524,5,original,3,1,320,1.0
R2P2_alpha_0.05,20260524,5,original,3,2,0,0.0
R2P2_alpha_0.05,20260524,5,original,3,3,0,0.0
R2P2_alpha_0.05,20260524,10,original,0,0,0,0.0
R2P2_alpha_0.05,20260524,10,original,0,1,320,1.0
R2P2_alpha_0.05,20260524,10,original,0,2,0,0.0
R2P2_alpha_0.05,20260524,10,original,0,3,0,0.0
R2P2_alpha_0.05,20260524,10,original,1,0,0,0.0
R2P2_alpha_0.05,20260524,10,original,1,1,320,1.0
R2P2_alpha_0.05,20260524,10,original,1,2,0,0.0
R2P2_alpha_0.05,20260524,10,original,1,3,0,0.0
R2P2_alpha_0.05,20260524,10,original,2,0,0,0.0
R2P2_alpha_0.05,20260524,10,original,2,1,320,1.0
R2P2_alpha_0.05,20260524,10,original,2,2,0,0.0
R2P2_alpha_0.05,20260524,10,original,2,3,0,0.0
R2P2_alpha_0.05,20260524,10,original,3,0,0,0.0
R2P2_alpha_0.05,20260524,10,original,3,1,320,1.0
R2P2_alpha_0.05,20260524,10,original,3,2,0,0.0
R2P2_alpha_0.05,20260524,10,original,3,3,0,0.0
R2P2_alpha_0.05,20260524,20,original,0,0,0,0.0
R2P2_alpha_0.05,20260524,20,original,0,1,320,1.0
R2P2_alpha_0.05,20260524,20,original,0,2,0,0.0
R2P2_alpha_0.05,20260524,20,original,0,3,0,0.0
R2P2_alpha_0.05,20260524,20,original,1,0,0,0.0
R2P2_alpha_0.05,20260524,20,original,1,1,320,1.0
R2P2_alpha_0.05,20260524,20,original,1,2,0,0.0
R2P2_alpha_0.05,20260524,20,original,1,3,0,0.0
R2P2_alpha_0.05,20260524,20,original,2,0,0,0.0
R2P2_alpha_0.05,20260524,20,original,2,1,320,1.0
R2P2_alpha_0.05,20260524,20,original,2,2,0,0.0
R2P2_alpha_0.05,20260524,20,original,2,3,0,0.0
R2P2_alpha_0.05,20260524,20,original,3,0,0,0.0
R2P2_alpha_0.05,20260524,20,original,3,1,320,1.0
R2P2_alpha_0.05,20260524,20,original,3,2,0,0.0
R2P2_alpha_0.05,20260524,20,original,3,3,0,0.0
R2P2_alpha_0.05,20260524,50,original,0,0,0,0.0
R2P2_alpha_0.05,20260524,50,original,0,1,320,1.0
R2P2_alpha_0.05,20260524,50,original,0,2,0,0.0
R2P2_alpha_0.05,20260524,50,original,0,3,0,0.0
R2P2_alpha_0.05,20260524,50,original,1,0,0,0.0
R2P2_alpha_0.05,20260524,50,original,1,1,320,1.0
R2P2_alpha_0.05,20260524,50,original,1,2,0,0.0
R2P2_alpha_0.05,20260524,50,original,1,3,0,0.0
R2P2_alpha_0.05,20260524,50,original,2,0,0,0.0
R2P2_alpha_0.05,20260524,50,original,2,1,320,1.0
R2P2_alpha_0.05,20260524,50,original,2,2,0,0.0
R2P2_alpha_0.05,20260524,50,original,2,3,0,0.0
R2P2_alpha_0.05,20260524,50,original,3,0,0,0.0
R2P2_alpha_0.05,20260524,50,original,3,1,320,1.0
R2P2_alpha_0.05,20260524,50,original,3,2,0,0.0
R2P2_alpha_0.05,20260524,50,original,3,3,0,0.0
R2P2_alpha_0.05,20260524,1600,original,0,0,0,0.0
R2P2_alpha_0.05,20260524,1600,original,0,1,320,1.0
R2P2_alpha_0.05,20260524,1600,original,0,2,0,0.0
R2P2_alpha_0.05,20260524,1600,original,0,3,0,0.0
R2P2_alpha_0.05,20260524,1600,original,1,0,0,0.0
R2P2_alpha_0.05,20260524,1600,original,1,1,320,1.0
R2P2_alpha_0.05,20260524,1600,original,1,2,0,0.0
R2P2_alpha_0.05,20260524,1600,original,1,3,0,0.0
R2P2_alpha_0.05,20260524,1600,original,2,0,0,0.0
R2P2_alpha_0.05,20260524,1600,original,2,1,320,1.0
R2P2_alpha_0.05,20260524,1600,original,2,2,0,0.0
R2P2_alpha_0.05,20260524,1600,original,2,3,0,0.0
R2P2_alpha_0.05,20260524,1600,original,3,0,0,0.0
R2P2_alpha_0.05,20260524,1600,original,3,1,320,1.0
R2P2_alpha_0.05,20260524,1600,original,3,2,0,0.0
R2P2_alpha_0.05,20260524,1600,original,3,3,0,0.0
R2P2_alpha_0.05,20260525,0,original,0,0,32,0.1
R2P2_alpha_0.05,20260525,0,original,0,1,0,0.0
R2P2_alpha_0.05,20260525,0,original,0,2,288,0.9
R2P2_alpha_0.05,20260525,0,original,0,3,0,0.0
R2P2_alpha_0.05,20260525,0,original,1,0,0,0.0
R2P2_alpha_0.05,20260525,0,original,1,1,128,0.4
R2P2_alpha_0.05,20260525,0,original,1,2,192,0.6
R2P2_alpha_0.05,20260525,0,original,1,3,0,0.0
R2P2_alpha_0.05,20260525,0,original,2,0,0,0.0
R2P2_alpha_0.05,20260525,0,original,2,1,0,0.0
R2P2_alpha_0.05,20260525,0,original,2,2,320,1.0
R2P2_alpha_0.05,20260525,0,original,2,3,0,0.0
R2P2_alpha_0.05,20260525,0,original,3,0,0,0.0
R2P2_alpha_0.05,20260525,0,original,3,1,0,0.0
R2P2_alpha_0.05,20260525,0,original,3,2,320,1.0
R2P2_alpha_0.05,20260525,0,original,3,3,0,0.0
R2P2_alpha_0.05,20260525,1,original,0,0,0,0.0
R2P2_alpha_0.05,20260525,1,original,0,1,0,0.0
R2P2_alpha_0.05,20260525,1,original,0,2,320,1.0
R2P2_alpha_0.05,20260525,1,original,0,3,0,0.0
R2P2_alpha_0.05,20260525,1,original,1,0,0,0.0
R2P2_alpha_0.05,20260525,1,original,1,1,32,0.1
R2P2_alpha_0.05,20260525,1,original,1,2,288,0.9
R2P2_alpha_0.05,20260525,1,original,1,3,0,0.0
R2P2_alpha_0.05,20260525,1,original,2,0,0,0.0
R2P2_alpha_0.05,20260525,1,original,2,1,0,0.0
R2P2_alpha_0.05,20260525,1,original,2,2,320,1.0
R2P2_alpha_0.05,20260525,1,original,2,3,0,0.0
R2P2_alpha_0.05,20260525,1,original,3,0,0,0.0
R2P2_alpha_0.05,20260525,1,original,3,1,0,0.0
R2P2_alpha_0.05,20260525,1,original,3,2,320,1.0
R2P2_alpha_0.05,20260525,1,original,3,3,0,0.0
R2P2_alpha_0.05,20260525,2,original,0,0,0,0.0
R2P2_alpha_0.05,20260525,2,original,0,1,0,0.0
R2P2_alpha_0.05,20260525,2,original,0,2,320,1.0
R2P2_alpha_0.05,20260525,2,original,0,3,0,0.0
R2P2_alpha_0.05,20260525,2,original,1,0,0,0.0
R2P2_alpha_0.05,20260525,2,original,1,1,0,0.0
R2P2_alpha_0.05,20260525,2,original,1,2,320,1.0
R2P2_alpha_0.05,20260525,2,original,1,3,0,0.0
R2P2_alpha_0.05,20260525,2,original,2,0,0,0.0
R2P2_alpha_0.05,20260525,2,original,2,1,0,0.0
R2P2_alpha_0.05,20260525,2,original,2,2,320,1.0
R2P2_alpha_0.05,20260525,2,original,2,3,0,0.0
R2P2_alpha_0.05,20260525,2,original,3,0,0,0.0
R2P2_alpha_0.05,20260525,2,original,3,1,0,0.0
R2P2_alpha_0.05,20260525,2,original,3,2,320,1.0
R2P2_alpha_0.05,20260525,2,original,3,3,0,0.0
R2P2_alpha_0.05,20260525,5,original,0,0,0,0.0
R2P2_alpha_0.05,20260525,5,original,0,1,0,0.0
R2P2_alpha_0.05,20260525,5,original,0,2,320,1.0
R2P2_alpha_0.05,20260525,5,original,0,3,0,0.0
R2P2_alpha_0.05,20260525,5,original,1,0,0,0.0
R2P2_alpha_0.05,20260525,5,original,1,1,0,0.0
R2P2_alpha_0.05,20260525,5,original,1,2,320,1.0
R2P2_alpha_0.05,20260525,5,original,1,3,0,0.0
R2P2_alpha_0.05,20260525,5,original,2,0,0,0.0
R2P2_alpha_0.05,20260525,5,original,2,1,0,0.0
R2P2_alpha_0.05,20260525,5,original,2,2,320,1.0
R2P2_alpha_0.05,20260525,5,original,2,3,0,0.0
R2P2_alpha_0.05,20260525,5,original,3,0,0,0.0
R2P2_alpha_0.05,20260525,5,original,3,1,0,0.0
R2P2_alpha_0.05,20260525,5,original,3,2,320,1.0
R2P2_alpha_0.05,20260525,5,original,3,3,0,0.0
R2P2_alpha_0.05,20260525,10,original,0,0,0,0.0
R2P2_alpha_0.05,20260525,10,original,0,1,0,0.0
R2P2_alpha_0.05,20260525,10,original,0,2,320,1.0
R2P2_alpha_0.05,20260525,10,original,0,3,0,0.0
R2P2_alpha_0.05,20260525,10,original,1,0,0,0.0
R2P2_alpha_0.05,20260525,10,original,1,1,0,0.0
R2P2_alpha_0.05,20260525,10,original,1,2,320,1.0
R2P2_alpha_0.05,20260525,10,original,1,3,0,0.0
R2P2_alpha_0.05,20260525,10,original,2,0,0,0.0
R2P2_alpha_0.05,20260525,10,original,2,1,0,0.0
R2P2_alpha_0.05,20260525,10,original,2,2,320,1.0
R2P2_alpha_0.05,20260525,10,original,2,3,0,0.0
R2P2_alpha_0.05,20260525,10,original,3,0,0,0.0
R2P2_alpha_0.05,20260525,10,original,3,1,0,0.0
R2P2_alpha_0.05,20260525,10,original,3,2,320,1.0
R2P2_alpha_0.05,20260525,10,original,3,3,0,0.0
R2P2_alpha_0.05,20260525,20,original,0,0,0,0.0
R2P2_alpha_0.05,20260525,20,original,0,1,0,0.0
R2P2_alpha_0.05,20260525,20,original,0,2,320,1.0
R2P2_alpha_0.05,20260525,20,original,0,3,0,0.0
R2P2_alpha_0.05,20260525,20,original,1,0,0,0.0
R2P2_alpha_0.05,20260525,20,original,1,1,320,1.0
R2P2_alpha_0.05,20260525,20,original,1,2,0,0.0
R2P2_alpha_0.05,20260525,20,original,1,3,0,0.0
R2P2_alpha_0.05,20260525,20,original,2,0,0,0.0
R2P2_alpha_0.05,20260525,20,original,2,1,0,0.0
R2P2_alpha_0.05,20260525,20,original,2,2,320,1.0
R2P2_alpha_0.05,20260525,20,original,2,3,0,0.0
R2P2_alpha_0.05,20260525,20,original,3,0,0,0.0
R2P2_alpha_0.05,20260525,20,original,3,1,0,0.0
R2P2_alpha_0.05,20260525,20,original,3,2,320,1.0
R2P2_alpha_0.05,20260525,20,original,3,3,0,0.0
R2P2_alpha_0.05,20260525,50,original,0,0,0,0.0
R2P2_alpha_0.05,20260525,50,original,0,1,0,0.0
R2P2_alpha_0.05,20260525,50,original,0,2,320,1.0
R2P2_alpha_0.05,20260525,50,original,0,3,0,0.0
R2P2_alpha_0.05,20260525,50,original,1,0,0,0.0
R2P2_alpha_0.05,20260525,50,original,1,1,320,1.0
R2P2_alpha_0.05,20260525,50,original,1,2,0,0.0
R2P2_alpha_0.05,20260525,50,original,1,3,0,0.0
R2P2_alpha_0.05,20260525,50,original,2,0,0,0.0
R2P2_alpha_0.05,20260525,50,original,2,1,0,0.0
R2P2_alpha_0.05,20260525,50,original,2,2,320,1.0
R2P2_alpha_0.05,20260525,50,original,2,3,0,0.0
R2P2_alpha_0.05,20260525,50,original,3,0,0,0.0
R2P2_alpha_0.05,20260525,50,original,3,1,0,0.0
R2P2_alpha_0.05,20260525,50,original,3,2,320,1.0
R2P2_alpha_0.05,20260525,50,original,3,3,0,0.0
R2P2_alpha_0.05,20260525,1600,original,0,0,0,0.0
R2P2_alpha_0.05,20260525,1600,original,0,1,0,0.0
R2P2_alpha_0.05,20260525,1600,original,0,2,320,1.0
R2P2_alpha_0.05,20260525,1600,original,0,3,0,0.0
R2P2_alpha_0.05,20260525,1600,original,1,0,0,0.0
R2P2_alpha_0.05,20260525,1600,original,1,1,320,1.0
R2P2_alpha_0.05,20260525,1600,original,1,2,0,0.0
R2P2_alpha_0.05,20260525,1600,original,1,3,0,0.0
R2P2_alpha_0.05,20260525,1600,original,2,0,0,0.0
R2P2_alpha_0.05,20260525,1600,original,2,1,0,0.0
R2P2_alpha_0.05,20260525,1600,original,2,2,320,1.0
R2P2_alpha_0.05,20260525,1600,original,2,3,0,0.0
R2P2_alpha_0.05,20260525,1600,original,3,0,0,0.0
R2P2_alpha_0.05,20260525,1600,original,3,1,0,0.0
R2P2_alpha_0.05,20260525,1600,original,3,2,320,1.0
R2P2_alpha_0.05,20260525,1600,original,3,3,0,0.0
R2P2_alpha_0.05,20260526,0,original,0,0,320,1.0
R2P2_alpha_0.05,20260526,0,original,0,1,0,0.0
R2P2_alpha_0.05,20260526,0,original,0,2,0,0.0
R2P2_alpha_0.05,20260526,0,original,0,3,0,0.0
R2P2_alpha_0.05,20260526,0,original,1,0,0,0.0
R2P2_alpha_0.05,20260526,0,original,1,1,320,1.0
R2P2_alpha_0.05,20260526,0,original,1,2,0,0.0
R2P2_alpha_0.05,20260526,0,original,1,3,0,0.0
R2P2_alpha_0.05,20260526,0,original,2,0,0,0.0
R2P2_alpha_0.05,20260526,0,original,2,1,192,0.6
R2P2_alpha_0.05,20260526,0,original,2,2,128,0.4
R2P2_alpha_0.05,20260526,0,original,2,3,0,0.0
R2P2_alpha_0.05,20260526,0,original,3,0,0,0.0
R2P2_alpha_0.05,20260526,0,original,3,1,0,0.0
R2P2_alpha_0.05,20260526,0,original,3,2,0,0.0
R2P2_alpha_0.05,20260526,0,original,3,3,320,1.0
R2P2_alpha_0.05,20260526,1,original,0,0,320,1.0
R2P2_alpha_0.05,20260526,1,original,0,1,0,0.0
R2P2_alpha_0.05,20260526,1,original,0,2,0,0.0
R2P2_alpha_0.05,20260526,1,original,0,3,0,0.0
R2P2_alpha_0.05,20260526,1,original,1,0,0,0.0
R2P2_alpha_0.05,20260526,1,original,1,1,320,1.0
R2P2_alpha_0.05,20260526,1,original,1,2,0,0.0
R2P2_alpha_0.05,20260526,1,original,1,3,0,0.0
R2P2_alpha_0.05,20260526,1,original,2,0,0,0.0
R2P2_alpha_0.05,20260526,1,original,2,1,0,0.0
R2P2_alpha_0.05,20260526,1,original,2,2,320,1.0
R2P2_alpha_0.05,20260526,1,original,2,3,0,0.0
R2P2_alpha_0.05,20260526,1,original,3,0,0,0.0
R2P2_alpha_0.05,20260526,1,original,3,1,0,0.0
R2P2_alpha_0.05,20260526,1,original,3,2,0,0.0
R2P2_alpha_0.05,20260526,1,original,3,3,320,1.0
R2P2_alpha_0.05,20260526,2,original,0,0,320,1.0
R2P2_alpha_0.05,20260526,2,original,0,1,0,0.0
R2P2_alpha_0.05,20260526,2,original,0,2,0,0.0
R2P2_alpha_0.05,20260526,2,original,0,3,0,0.0
R2P2_alpha_0.05,20260526,2,original,1,0,256,0.8
R2P2_alpha_0.05,20260526,2,original,1,1,64,0.2
R2P2_alpha_0.05,20260526,2,original,1,2,0,0.0
R2P2_alpha_0.05,20260526,2,original,1,3,0,0.0
R2P2_alpha_0.05,20260526,2,original,2,0,0,0.0
R2P2_alpha_0.05,20260526,2,original,2,1,0,0.0
R2P2_alpha_0.05,20260526,2,original,2,2,320,1.0
R2P2_alpha_0.05,20260526,2,original,2,3,0,0.0
R2P2_alpha_0.05,20260526,2,original,3,0,0,0.0
R2P2_alpha_0.05,20260526,2,original,3,1,0,0.0
R2P2_alpha_0.05,20260526,2,original,3,2,0,0.0
R2P2_alpha_0.05,20260526,2,original,3,3,320,1.0
R2P2_alpha_0.05,20260526,5,original,0,0,320,1.0
R2P2_alpha_0.05,20260526,5,original,0,1,0,0.0
R2P2_alpha_0.05,20260526,5,original,0,2,0,0.0
R2P2_alpha_0.05,20260526,5,original,0,3,0,0.0
R2P2_alpha_0.05,20260526,5,original,1,0,288,0.9
R2P2_alpha_0.05,20260526,5,original,1,1,32,0.1
R2P2_alpha_0.05,20260526,5,original,1,2,0,0.0
R2P2_alpha_0.05,20260526,5,original,1,3,0,0.0
R2P2_alpha_0.05,20260526,5,original,2,0,0,0.0
R2P2_alpha_0.05,20260526,5,original,2,1,0,0.0
R2P2_alpha_0.05,20260526,5,original,2,2,320,1.0
R2P2_alpha_0.05,20260526,5,original,2,3,0,0.0
R2P2_alpha_0.05,20260526,5,original,3,0,0,0.0
R2P2_alpha_0.05,20260526,5,original,3,1,0,0.0
R2P2_alpha_0.05,20260526,5,original,3,2,0,0.0
R2P2_alpha_0.05,20260526,5,original,3,3,320,1.0
R2P2_alpha_0.05,20260526,10,original,0,0,320,1.0
R2P2_alpha_0.05,20260526,10,original,0,1,0,0.0
R2P2_alpha_0.05,20260526,10,original,0,2,0,0.0
R2P2_alpha_0.05,20260526,10,original,0,3,0,0.0
R2P2_alpha_0.05,20260526,10,original,1,0,128,0.4
R2P2_alpha_0.05,20260526,10,original,1,1,32,0.1
R2P2_alpha_0.05,20260526,10,original,1,2,0,0.0
R2P2_alpha_0.05,20260526,10,original,1,3,160,0.5
R2P2_alpha_0.05,20260526,10,original,2,0,0,0.0
R2P2_alpha_0.05,20260526,10,original,2,1,0,0.0
R2P2_alpha_0.05,20260526,10,original,2,2,320,1.0
R2P2_alpha_0.05,20260526,10,original,2,3,0,0.0
R2P2_alpha_0.05,20260526,10,original,3,0,0,0.0
R2P2_alpha_0.05,20260526,10,original,3,1,0,0.0
R2P2_alpha_0.05,20260526,10,original,3,2,0,0.0
R2P2_alpha_0.05,20260526,10,original,3,3,320,1.0
R2P2_alpha_0.05,20260526,20,original,0,0,320,1.0
R2P2_alpha_0.05,20260526,20,original,0,1,0,0.0
R2P2_alpha_0.05,20260526,20,original,0,2,0,0.0
R2P2_alpha_0.05,20260526,20,original,0,3,0,0.0
R2P2_alpha_0.05,20260526,20,original,1,0,0,0.0
R2P2_alpha_0.05,20260526,20,original,1,1,320,1.0
R2P2_alpha_0.05,20260526,20,original,1,2,0,0.0
R2P2_alpha_0.05,20260526,20,original,1,3,0,0.0
R2P2_alpha_0.05,20260526,20,original,2,0,0,0.0
R2P2_alpha_0.05,20260526,20,original,2,1,0,0.0
R2P2_alpha_0.05,20260526,20,original,2,2,320,1.0
R2P2_alpha_0.05,20260526,20,original,2,3,0,0.0
R2P2_alpha_0.05,20260526,20,original,3,0,0,0.0
R2P2_alpha_0.05,20260526,20,original,3,1,0,0.0
R2P2_alpha_0.05,20260526,20,original,3,2,0,0.0
R2P2_alpha_0.05,20260526,20,original,3,3,320,1.0
R2P2_alpha_0.05,20260526,50,original,0,0,320,1.0
R2P2_alpha_0.05,20260526,50,original,0,1,0,0.0
R2P2_alpha_0.05,20260526,50,original,0,2,0,0.0
R2P2_alpha_0.05,20260526,50,original,0,3,0,0.0
R2P2_alpha_0.05,20260526,50,original,1,0,0,0.0
R2P2_alpha_0.05,20260526,50,original,1,1,320,1.0
R2P2_alpha_0.05,20260526,50,original,1,2,0,0.0
R2P2_alpha_0.05,20260526,50,original,1,3,0,0.0
R2P2_alpha_0.05,20260526,50,original,2,0,0,0.0
R2P2_alpha_0.05,20260526,50,original,2,1,0,0.0
R2P2_alpha_0.05,20260526,50,original,2,2,320,1.0
R2P2_alpha_0.05,20260526,50,original,2,3,0,0.0
R2P2_alpha_0.05,20260526,50,original,3,0,0,0.0
R2P2_alpha_0.05,20260526,50,original,3,1,0,0.0
R2P2_alpha_0.05,20260526,50,original,3,2,0,0.0
R2P2_alpha_0.05,20260526,50,original,3,3,320,1.0
R2P2_alpha_0.05,20260526,1600,original,0,0,320,1.0
R2P2_alpha_0.05,20260526,1600,original,0,1,0,0.0
R2P2_alpha_0.05,20260526,1600,original,0,2,0,0.0
R2P2_alpha_0.05,20260526,1600,original,0,3,0,0.0
R2P2_alpha_0.05,20260526,1600,original,1,0,0,0.0
R2P2_alpha_0.05,20260526,1600,original,1,1,320,1.0
R2P2_alpha_0.05,20260526,1600,original,1,2,0,0.0
R2P2_alpha_0.05,20260526,1600,original,1,3,0,0.0
R2P2_alpha_0.05,20260526,1600,original,2,0,0,0.0
R2P2_alpha_0.05,20260526,1600,original,2,1,0,0.0
R2P2_alpha_0.05,20260526,1600,original,2,2,320,1.0
R2P2_alpha_0.05,20260526,1600,original,2,3,0,0.0
R2P2_alpha_0.05,20260526,1600,original,3,0,0,0.0
R2P2_alpha_0.05,20260526,1600,original,3,1,0,0.0
R2P2_alpha_0.05,20260526,1600,original,3,2,0,0.0
R2P2_alpha_0.05,20260526,1600,original,3,3,320,1.0
R2P2_alpha_0.05,20260527,0,original,0,0,64,0.2
R2P2_alpha_0.05,20260527,0,original,0,1,0,0.0
R2P2_alpha_0.05,20260527,0,original,0,2,256,0.8
R2P2_alpha_0.05,20260527,0,original,0,3,0,0.0
R2P2_alpha_0.05,20260527,0,original,1,0,0,0.0
R2P2_alpha_0.05,20260527,0,original,1,1,0,0.0
R2P2_alpha_0.05,20260527,0,original,1,2,320,1.0
R2P2_alpha_0.05,20260527,0,original,1,3,0,0.0
R2P2_alpha_0.05,20260527,0,original,2,0,0,0.0
R2P2_alpha_0.05,20260527,0,original,2,1,0,0.0
R2P2_alpha_0.05,20260527,0,original,2,2,320,1.0
R2P2_alpha_0.05,20260527,0,original,2,3,0,0.0
R2P2_alpha_0.05,20260527,0,original,3,0,0,0.0
R2P2_alpha_0.05,20260527,0,original,3,1,0,0.0
R2P2_alpha_0.05,20260527,0,original,3,2,0,0.0
R2P2_alpha_0.05,20260527,0,original,3,3,320,1.0
R2P2_alpha_0.05,20260527,1,original,0,0,320,1.0
R2P2_alpha_0.05,20260527,1,original,0,1,0,0.0
R2P2_alpha_0.05,20260527,1,original,0,2,0,0.0
R2P2_alpha_0.05,20260527,1,original,0,3,0,0.0
R2P2_alpha_0.05,20260527,1,original,1,0,0,0.0
R2P2_alpha_0.05,20260527,1,original,1,1,0,0.0
R2P2_alpha_0.05,20260527,1,original,1,2,160,0.5
R2P2_alpha_0.05,20260527,1,original,1,3,160,0.5
R2P2_alpha_0.05,20260527,1,original,2,0,0,0.0
R2P2_alpha_0.05,20260527,1,original,2,1,0,0.0
R2P2_alpha_0.05,20260527,1,original,2,2,320,1.0
R2P2_alpha_0.05,20260527,1,original,2,3,0,0.0
R2P2_alpha_0.05,20260527,1,original,3,0,0,0.0
R2P2_alpha_0.05,20260527,1,original,3,1,0,0.0
R2P2_alpha_0.05,20260527,1,original,3,2,0,0.0
R2P2_alpha_0.05,20260527,1,original,3,3,320,1.0
R2P2_alpha_0.05,20260527,2,original,0,0,320,1.0
R2P2_alpha_0.05,20260527,2,original,0,1,0,0.0
R2P2_alpha_0.05,20260527,2,original,0,2,0,0.0
R2P2_alpha_0.05,20260527,2,original,0,3,0,0.0
R2P2_alpha_0.05,20260527,2,original,1,0,96,0.3
R2P2_alpha_0.05,20260527,2,original,1,1,0,0.0
R2P2_alpha_0.05,20260527,2,original,1,2,0,0.0
R2P2_alpha_0.05,20260527,2,original,1,3,224,0.7
R2P2_alpha_0.05,20260527,2,original,2,0,192,0.6
R2P2_alpha_0.05,20260527,2,original,2,1,0,0.0
R2P2_alpha_0.05,20260527,2,original,2,2,128,0.4
R2P2_alpha_0.05,20260527,2,original,2,3,0,0.0
R2P2_alpha_0.05,20260527,2,original,3,0,0,0.0
R2P2_alpha_0.05,20260527,2,original,3,1,0,0.0
R2P2_alpha_0.05,20260527,2,original,3,2,0,0.0
R2P2_alpha_0.05,20260527,2,original,3,3,320,1.0
R2P2_alpha_0.05,20260527,5,original,0,0,320,1.0
R2P2_alpha_0.05,20260527,5,original,0,1,0,0.0
R2P2_alpha_0.05,20260527,5,original,0,2,0,0.0
R2P2_alpha_0.05,20260527,5,original,0,3,0,0.0
R2P2_alpha_0.05,20260527,5,original,1,0,288,0.9
R2P2_alpha_0.05,20260527,5,original,1,1,0,0.0
R2P2_alpha_0.05,20260527,5,original,1,2,0,0.0
R2P2_alpha_0.05,20260527,5,original,1,3,32,0.1
R2P2_alpha_0.05,20260527,5,original,2,0,288,0.9
R2P2_alpha_0.05,20260527,5,original,2,1,0,0.0
R2P2_alpha_0.05,20260527,5,original,2,2,32,0.1
R2P2_alpha_0.05,20260527,5,original,2,3,0,0.0
R2P2_alpha_0.05,20260527,5,original,3,0,0,0.0
R2P2_alpha_0.05,20260527,5,original,3,1,0,0.0
R2P2_alpha_0.05,20260527,5,original,3,2,0,0.0
R2P2_alpha_0.05,20260527,5,original,3,3,320,1.0
R2P2_alpha_0.05,20260527,10,original,0,0,320,1.0
R2P2_alpha_0.05,20260527,10,original,0,1,0,0.0
R2P2_alpha_0.05,20260527,10,original,0,2,0,0.0
R2P2_alpha_0.05,20260527,10,original,0,3,0,0.0
R2P2_alpha_0.05,20260527,10,original,1,0,288,0.9
R2P2_alpha_0.05,20260527,10,original,1,1,0,0.0
R2P2_alpha_0.05,20260527,10,original,1,2,0,0.0
R2P2_alpha_0.05,20260527,10,original,1,3,32,0.1
R2P2_alpha_0.05,20260527,10,original,2,0,288,0.9
R2P2_alpha_0.05,20260527,10,original,2,1,0,0.0
R2P2_alpha_0.05,20260527,10,original,2,2,32,0.1
R2P2_alpha_0.05,20260527,10,original,2,3,0,0.0
R2P2_alpha_0.05,20260527,10,original,3,0,0,0.0
R2P2_alpha_0.05,20260527,10,original,3,1,0,0.0
R2P2_alpha_0.05,20260527,10,original,3,2,0,0.0
R2P2_alpha_0.05,20260527,10,original,3,3,320,1.0
R2P2_alpha_0.05,20260527,20,original,0,0,320,1.0
R2P2_alpha_0.05,20260527,20,original,0,1,0,0.0
R2P2_alpha_0.05,20260527,20,original,0,2,0,0.0
R2P2_alpha_0.05,20260527,20,original,0,3,0,0.0
R2P2_alpha_0.05,20260527,20,original,1,0,0,0.0
R2P2_alpha_0.05,20260527,20,original,1,1,320,1.0
R2P2_alpha_0.05,20260527,20,original,1,2,0,0.0
R2P2_alpha_0.05,20260527,20,original,1,3,0,0.0
R2P2_alpha_0.05,20260527,20,original,2,0,0,0.0
R2P2_alpha_0.05,20260527,20,original,2,1,0,0.0
R2P2_alpha_0.05,20260527,20,original,2,2,320,1.0
R2P2_alpha_0.05,20260527,20,original,2,3,0,0.0
R2P2_alpha_0.05,20260527,20,original,3,0,0,0.0
R2P2_alpha_0.05,20260527,20,original,3,1,0,0.0
R2P2_alpha_0.05,20260527,20,original,3,2,0,0.0
R2P2_alpha_0.05,20260527,20,original,3,3,320,1.0
R2P2_alpha_0.05,20260527,50,original,0,0,320,1.0
R2P2_alpha_0.05,20260527,50,original,0,1,0,0.0
R2P2_alpha_0.05,20260527,50,original,0,2,0,0.0
R2P2_alpha_0.05,20260527,50,original,0,3,0,0.0
R2P2_alpha_0.05,20260527,50,original,1,0,0,0.0
R2P2_alpha_0.05,20260527,50,original,1,1,320,1.0
R2P2_alpha_0.05,20260527,50,original,1,2,0,0.0
R2P2_alpha_0.05,20260527,50,original,1,3,0,0.0
R2P2_alpha_0.05,20260527,50,original,2,0,0,0.0
R2P2_alpha_0.05,20260527,50,original,2,1,0,0.0
R2P2_alpha_0.05,20260527,50,original,2,2,320,1.0
R2P2_alpha_0.05,20260527,50,original,2,3,0,0.0
R2P2_alpha_0.05,20260527,50,original,3,0,0,0.0
R2P2_alpha_0.05,20260527,50,original,3,1,0,0.0
R2P2_alpha_0.05,20260527,50,original,3,2,0,0.0
R2P2_alpha_0.05,20260527,50,original,3,3,320,1.0
R2P2_alpha_0.05,20260527,1600,original,0,0,320,1.0
R2P2_alpha_0.05,20260527,1600,original,0,1,0,0.0
R2P2_alpha_0.05,20260527,1600,original,0,2,0,0.0
R2P2_alpha_0.05,20260527,1600,original,0,3,0,0.0
R2P2_alpha_0.05,20260527,1600,original,1,0,0,0.0
R2P2_alpha_0.05,20260527,1600,original,1,1,320,1.0
R2P2_alpha_0.05,20260527,1600,original,1,2,0,0.0
R2P2_alpha_0.05,20260527,1600,original,1,3,0,0.0
R2P2_alpha_0.05,20260527,1600,original,2,0,0,0.0
R2P2_alpha_0.05,20260527,1600,original,2,1,0,0.0
R2P2_alpha_0.05,20260527,1600,original,2,2,320,1.0
R2P2_alpha_0.05,20260527,1600,original,2,3,0,0.0
R2P2_alpha_0.05,20260527,1600,original,3,0,0,0.0
R2P2_alpha_0.05,20260527,1600,original,3,1,0,0.0
R2P2_alpha_0.05,20260527,1600,original,3,2,0,0.0
R2P2_alpha_0.05,20260527,1600,original,3,3,320,1.0
R2P2_alpha_0.05,20260528,0,original,0,0,0,0.0
R2P2_alpha_0.05,20260528,0,original,0,1,320,1.0
R2P2_alpha_0.05,20260528,0,original,0,2,0,0.0
R2P2_alpha_0.05,20260528,0,original,0,3,0,0.0
R2P2_alpha_0.05,20260528,0,original,1,0,0,0.0
R2P2_alpha_0.05,20260528,0,original,1,1,320,1.0
R2P2_alpha_0.05,20260528,0,original,1,2,0,0.0
R2P2_alpha_0.05,20260528,0,original,1,3,0,0.0
R2P2_alpha_0.05,20260528,0,original,2,0,0,0.0
R2P2_alpha_0.05,20260528,0,original,2,1,0,0.0
R2P2_alpha_0.05,20260528,0,original,2,2,320,1.0
R2P2_alpha_0.05,20260528,0,original,2,3,0,0.0
R2P2_alpha_0.05,20260528,0,original,3,0,0,0.0
R2P2_alpha_0.05,20260528,0,original,3,1,160,0.5
R2P2_alpha_0.05,20260528,0,original,3,2,160,0.5
R2P2_alpha_0.05,20260528,0,original,3,3,0,0.0
R2P2_alpha_0.05,20260528,1,original,0,0,0,0.0
R2P2_alpha_0.05,20260528,1,original,0,1,32,0.1
R2P2_alpha_0.05,20260528,1,original,0,2,288,0.9
R2P2_alpha_0.05,20260528,1,original,0,3,0,0.0
R2P2_alpha_0.05,20260528,1,original,1,0,0,0.0
R2P2_alpha_0.05,20260528,1,original,1,1,320,1.0
R2P2_alpha_0.05,20260528,1,original,1,2,0,0.0
R2P2_alpha_0.05,20260528,1,original,1,3,0,0.0
R2P2_alpha_0.05,20260528,1,original,2,0,0,0.0
R2P2_alpha_0.05,20260528,1,original,2,1,0,0.0
R2P2_alpha_0.05,20260528,1,original,2,2,320,1.0
R2P2_alpha_0.05,20260528,1,original,2,3,0,0.0
R2P2_alpha_0.05,20260528,1,original,3,0,0,0.0
R2P2_alpha_0.05,20260528,1,original,3,1,32,0.1
R2P2_alpha_0.05,20260528,1,original,3,2,288,0.9
R2P2_alpha_0.05,20260528,1,original,3,3,0,0.0
R2P2_alpha_0.05,20260528,2,original,0,0,0,0.0
R2P2_alpha_0.05,20260528,2,original,0,1,32,0.1
R2P2_alpha_0.05,20260528,2,original,0,2,288,0.9
R2P2_alpha_0.05,20260528,2,original,0,3,0,0.0
R2P2_alpha_0.05,20260528,2,original,1,0,0,0.0
R2P2_alpha_0.05,20260528,2,original,1,1,256,0.8
R2P2_alpha_0.05,20260528,2,original,1,2,64,0.2
R2P2_alpha_0.05,20260528,2,original,1,3,0,0.0
R2P2_alpha_0.05,20260528,2,original,2,0,0,0.0
R2P2_alpha_0.05,20260528,2,original,2,1,0,0.0
R2P2_alpha_0.05,20260528,2,original,2,2,320,1.0
R2P2_alpha_0.05,20260528,2,original,2,3,0,0.0
R2P2_alpha_0.05,20260528,2,original,3,0,0,0.0
R2P2_alpha_0.05,20260528,2,original,3,1,32,0.1
R2P2_alpha_0.05,20260528,2,original,3,2,288,0.9
R2P2_alpha_0.05,20260528,2,original,3,3,0,0.0
R2P2_alpha_0.05,20260528,5,original,0,0,0,0.0
R2P2_alpha_0.05,20260528,5,original,0,1,0,0.0
R2P2_alpha_0.05,20260528,5,original,0,2,320,1.0
R2P2_alpha_0.05,20260528,5,original,0,3,0,0.0
R2P2_alpha_0.05,20260528,5,original,1,0,0,0.0
R2P2_alpha_0.05,20260528,5,original,1,1,160,0.5
R2P2_alpha_0.05,20260528,5,original,1,2,160,0.5
R2P2_alpha_0.05,20260528,5,original,1,3,0,0.0
R2P2_alpha_0.05,20260528,5,original,2,0,0,0.0
R2P2_alpha_0.05,20260528,5,original,2,1,0,0.0
R2P2_alpha_0.05,20260528,5,original,2,2,320,1.0
R2P2_alpha_0.05,20260528,5,original,2,3,0,0.0
R2P2_alpha_0.05,20260528,5,original,3,0,0,0.0
R2P2_alpha_0.05,20260528,5,original,3,1,0,0.0
R2P2_alpha_0.05,20260528,5,original,3,2,320,1.0
R2P2_alpha_0.05,20260528,5,original,3,3,0,0.0
R2P2_alpha_0.05,20260528,10,original,0,0,0,0.0
R2P2_alpha_0.05,20260528,10,original,0,1,0,0.0
R2P2_alpha_0.05,20260528,10,original,0,2,320,1.0
R2P2_alpha_0.05,20260528,10,original,0,3,0,0.0
R2P2_alpha_0.05,20260528,10,original,1,0,0,0.0
R2P2_alpha_0.05,20260528,10,original,1,1,320,1.0
R2P2_alpha_0.05,20260528,10,original,1,2,0,0.0
R2P2_alpha_0.05,20260528,10,original,1,3,0,0.0
R2P2_alpha_0.05,20260528,10,original,2,0,0,0.0
R2P2_alpha_0.05,20260528,10,original,2,1,0,0.0
R2P2_alpha_0.05,20260528,10,original,2,2,320,1.0
R2P2_alpha_0.05,20260528,10,original,2,3,0,0.0
R2P2_alpha_0.05,20260528,10,original,3,0,0,0.0
R2P2_alpha_0.05,20260528,10,original,3,1,0,0.0
R2P2_alpha_0.05,20260528,10,original,3,2,320,1.0
R2P2_alpha_0.05,20260528,10,original,3,3,0,0.0
R2P2_alpha_0.05,20260528,20,original,0,0,0,0.0
R2P2_alpha_0.05,20260528,20,original,0,1,0,0.0
R2P2_alpha_0.05,20260528,20,original,0,2,320,1.0
R2P2_alpha_0.05,20260528,20,original,0,3,0,0.0
R2P2_alpha_0.05,20260528,20,original,1,0,0,0.0
R2P2_alpha_0.05,20260528,20,original,1,1,320,1.0
R2P2_alpha_0.05,20260528,20,original,1,2,0,0.0
R2P2_alpha_0.05,20260528,20,original,1,3,0,0.0
R2P2_alpha_0.05,20260528,20,original,2,0,0,0.0
R2P2_alpha_0.05,20260528,20,original,2,1,0,0.0
R2P2_alpha_0.05,20260528,20,original,2,2,320,1.0
R2P2_alpha_0.05,20260528,20,original,2,3,0,0.0
R2P2_alpha_0.05,20260528,20,original,3,0,0,0.0
R2P2_alpha_0.05,20260528,20,original,3,1,0,0.0
R2P2_alpha_0.05,20260528,20,original,3,2,320,1.0
R2P2_alpha_0.05,20260528,20,original,3,3,0,0.0
R2P2_alpha_0.05,20260528,50,original,0,0,0,0.0
R2P2_alpha_0.05,20260528,50,original,0,1,0,0.0
R2P2_alpha_0.05,20260528,50,original,0,2,320,1.0
R2P2_alpha_0.05,20260528,50,original,0,3,0,0.0
R2P2_alpha_0.05,20260528,50,original,1,0,0,0.0
R2P2_alpha_0.05,20260528,50,original,1,1,320,1.0
R2P2_alpha_0.05,20260528,50,original,1,2,0,0.0
R2P2_alpha_0.05,20260528,50,original,1,3,0,0.0
R2P2_alpha_0.05,20260528,50,original,2,0,0,0.0
R2P2_alpha_0.05,20260528,50,original,2,1,0,0.0
R2P2_alpha_0.05,20260528,50,original,2,2,320,1.0
R2P2_alpha_0.05,20260528,50,original,2,3,0,0.0
R2P2_alpha_0.05,20260528,50,original,3,0,0,0.0
R2P2_alpha_0.05,20260528,50,original,3,1,0,0.0
R2P2_alpha_0.05,20260528,50,original,3,2,320,1.0
R2P2_alpha_0.05,20260528,50,original,3,3,0,0.0
R2P2_alpha_0.05,20260528,1600,original,0,0,0,0.0
R2P2_alpha_0.05,20260528,1600,original,0,1,0,0.0
R2P2_alpha_0.05,20260528,1600,original,0,2,320,1.0
R2P2_alpha_0.05,20260528,1600,original,0,3,0,0.0
R2P2_alpha_0.05,20260528,1600,original,1,0,0,0.0
R2P2_alpha_0.05,20260528,1600,original,1,1,320,1.0
R2P2_alpha_0.05,20260528,1600,original,1,2,0,0.0
R2P2_alpha_0.05,20260528,1600,original,1,3,0,0.0
R2P2_alpha_0.05,20260528,1600,original,2,0,0,0.0
R2P2_alpha_0.05,20260528,1600,original,2,1,0,0.0
R2P2_alpha_0.05,20260528,1600,original,2,2,320,1.0
R2P2_alpha_0.05,20260528,1600,original,2,3,0,0.0
R2P2_alpha_0.05,20260528,1600,original,3,0,0,0.0
R2P2_alpha_0.05,20260528,1600,original,3,1,0,0.0
R2P2_alpha_0.05,20260528,1600,original,3,2,320,1.0
R2P2_alpha_0.05,20260528,1600,original,3,3,0,0.0
R2P2_alpha_0.1,20260521,0,original,0,0,320,1.0
R2P2_alpha_0.1,20260521,0,original,0,1,0,0.0
R2P2_alpha_0.1,20260521,0,original,0,2,0,0.0
R2P2_alpha_0.1,20260521,0,original,0,3,0,0.0
R2P2_alpha_0.1,20260521,0,original,1,0,0,0.0
R2P2_alpha_0.1,20260521,0,original,1,1,320,1.0
R2P2_alpha_0.1,20260521,0,original,1,2,0,0.0
R2P2_alpha_0.1,20260521,0,original,1,3,0,0.0
R2P2_alpha_0.1,20260521,0,original,2,0,0,0.0
R2P2_alpha_0.1,20260521,0,original,2,1,0,0.0
R2P2_alpha_0.1,20260521,0,original,2,2,320,1.0
R2P2_alpha_0.1,20260521,0,original,2,3,0,0.0
R2P2_alpha_0.1,20260521,0,original,3,0,96,0.3
R2P2_alpha_0.1,20260521,0,original,3,1,0,0.0
R2P2_alpha_0.1,20260521,0,original,3,2,0,0.0
R2P2_alpha_0.1,20260521,0,original,3,3,224,0.7
R2P2_alpha_0.1,20260521,1,original,0,0,320,1.0
R2P2_alpha_0.1,20260521,1,original,0,1,0,0.0
R2P2_alpha_0.1,20260521,1,original,0,2,0,0.0
R2P2_alpha_0.1,20260521,1,original,0,3,0,0.0
R2P2_alpha_0.1,20260521,1,original,1,0,0,0.0
R2P2_alpha_0.1,20260521,1,original,1,1,128,0.4
R2P2_alpha_0.1,20260521,1,original,1,2,192,0.6
R2P2_alpha_0.1,20260521,1,original,1,3,0,0.0
R2P2_alpha_0.1,20260521,1,original,2,0,0,0.0
R2P2_alpha_0.1,20260521,1,original,2,1,0,0.0
R2P2_alpha_0.1,20260521,1,original,2,2,320,1.0
R2P2_alpha_0.1,20260521,1,original,2,3,0,0.0
R2P2_alpha_0.1,20260521,1,original,3,0,0,0.0
R2P2_alpha_0.1,20260521,1,original,3,1,0,0.0
R2P2_alpha_0.1,20260521,1,original,3,2,256,0.8
R2P2_alpha_0.1,20260521,1,original,3,3,64,0.2
R2P2_alpha_0.1,20260521,2,original,0,0,320,1.0
R2P2_alpha_0.1,20260521,2,original,0,1,0,0.0
R2P2_alpha_0.1,20260521,2,original,0,2,0,0.0
R2P2_alpha_0.1,20260521,2,original,0,3,0,0.0
R2P2_alpha_0.1,20260521,2,original,1,0,0,0.0
R2P2_alpha_0.1,20260521,2,original,1,1,64,0.2
R2P2_alpha_0.1,20260521,2,original,1,2,256,0.8
R2P2_alpha_0.1,20260521,2,original,1,3,0,0.0
R2P2_alpha_0.1,20260521,2,original,2,0,0,0.0
R2P2_alpha_0.1,20260521,2,original,2,1,0,0.0
R2P2_alpha_0.1,20260521,2,original,2,2,320,1.0
R2P2_alpha_0.1,20260521,2,original,2,3,0,0.0
R2P2_alpha_0.1,20260521,2,original,3,0,0,0.0
R2P2_alpha_0.1,20260521,2,original,3,1,0,0.0
R2P2_alpha_0.1,20260521,2,original,3,2,288,0.9
R2P2_alpha_0.1,20260521,2,original,3,3,32,0.1
R2P2_alpha_0.1,20260521,5,original,0,0,320,1.0
R2P2_alpha_0.1,20260521,5,original,0,1,0,0.0
R2P2_alpha_0.1,20260521,5,original,0,2,0,0.0
R2P2_alpha_0.1,20260521,5,original,0,3,0,0.0
R2P2_alpha_0.1,20260521,5,original,1,0,0,0.0
R2P2_alpha_0.1,20260521,5,original,1,1,32,0.1
R2P2_alpha_0.1,20260521,5,original,1,2,288,0.9
R2P2_alpha_0.1,20260521,5,original,1,3,0,0.0
R2P2_alpha_0.1,20260521,5,original,2,0,0,0.0
R2P2_alpha_0.1,20260521,5,original,2,1,0,0.0
R2P2_alpha_0.1,20260521,5,original,2,2,320,1.0
R2P2_alpha_0.1,20260521,5,original,2,3,0,0.0
R2P2_alpha_0.1,20260521,5,original,3,0,0,0.0
R2P2_alpha_0.1,20260521,5,original,3,1,0,0.0
R2P2_alpha_0.1,20260521,5,original,3,2,288,0.9
R2P2_alpha_0.1,20260521,5,original,3,3,32,0.1
R2P2_alpha_0.1,20260521,10,original,0,0,320,1.0
R2P2_alpha_0.1,20260521,10,original,0,1,0,0.0
R2P2_alpha_0.1,20260521,10,original,0,2,0,0.0
R2P2_alpha_0.1,20260521,10,original,0,3,0,0.0
R2P2_alpha_0.1,20260521,10,original,1,0,0,0.0
R2P2_alpha_0.1,20260521,10,original,1,1,32,0.1
R2P2_alpha_0.1,20260521,10,original,1,2,288,0.9
R2P2_alpha_0.1,20260521,10,original,1,3,0,0.0
R2P2_alpha_0.1,20260521,10,original,2,0,0,0.0
R2P2_alpha_0.1,20260521,10,original,2,1,0,0.0
R2P2_alpha_0.1,20260521,10,original,2,2,320,1.0
R2P2_alpha_0.1,20260521,10,original,2,3,0,0.0
R2P2_alpha_0.1,20260521,10,original,3,0,0,0.0
R2P2_alpha_0.1,20260521,10,original,3,1,0,0.0
R2P2_alpha_0.1,20260521,10,original,3,2,0,0.0
R2P2_alpha_0.1,20260521,10,original,3,3,320,1.0
R2P2_alpha_0.1,20260521,20,original,0,0,320,1.0
R2P2_alpha_0.1,20260521,20,original,0,1,0,0.0
R2P2_alpha_0.1,20260521,20,original,0,2,0,0.0
R2P2_alpha_0.1,20260521,20,original,0,3,0,0.0
R2P2_alpha_0.1,20260521,20,original,1,0,0,0.0
R2P2_alpha_0.1,20260521,20,original,1,1,32,0.1
R2P2_alpha_0.1,20260521,20,original,1,2,288,0.9
R2P2_alpha_0.1,20260521,20,original,1,3,0,0.0
R2P2_alpha_0.1,20260521,20,original,2,0,0,0.0
R2P2_alpha_0.1,20260521,20,original,2,1,0,0.0
R2P2_alpha_0.1,20260521,20,original,2,2,320,1.0
R2P2_alpha_0.1,20260521,20,original,2,3,0,0.0
R2P2_alpha_0.1,20260521,20,original,3,0,0,0.0
R2P2_alpha_0.1,20260521,20,original,3,1,0,0.0
R2P2_alpha_0.1,20260521,20,original,3,2,0,0.0
R2P2_alpha_0.1,20260521,20,original,3,3,320,1.0
R2P2_alpha_0.1,20260521,50,original,0,0,320,1.0
R2P2_alpha_0.1,20260521,50,original,0,1,0,0.0
R2P2_alpha_0.1,20260521,50,original,0,2,0,0.0
R2P2_alpha_0.1,20260521,50,original,0,3,0,0.0
R2P2_alpha_0.1,20260521,50,original,1,0,0,0.0
R2P2_alpha_0.1,20260521,50,original,1,1,32,0.1
R2P2_alpha_0.1,20260521,50,original,1,2,288,0.9
R2P2_alpha_0.1,20260521,50,original,1,3,0,0.0
R2P2_alpha_0.1,20260521,50,original,2,0,0,0.0
R2P2_alpha_0.1,20260521,50,original,2,1,0,0.0
R2P2_alpha_0.1,20260521,50,original,2,2,320,1.0
R2P2_alpha_0.1,20260521,50,original,2,3,0,0.0
R2P2_alpha_0.1,20260521,50,original,3,0,0,0.0
R2P2_alpha_0.1,20260521,50,original,3,1,0,0.0
R2P2_alpha_0.1,20260521,50,original,3,2,0,0.0
R2P2_alpha_0.1,20260521,50,original,3,3,320,1.0
R2P2_alpha_0.1,20260521,1600,original,0,0,320,1.0
R2P2_alpha_0.1,20260521,1600,original,0,1,0,0.0
R2P2_alpha_0.1,20260521,1600,original,0,2,0,0.0
R2P2_alpha_0.1,20260521,1600,original,0,3,0,0.0
R2P2_alpha_0.1,20260521,1600,original,1,0,0,0.0
R2P2_alpha_0.1,20260521,1600,original,1,1,32,0.1
R2P2_alpha_0.1,20260521,1600,original,1,2,288,0.9
R2P2_alpha_0.1,20260521,1600,original,1,3,0,0.0
R2P2_alpha_0.1,20260521,1600,original,2,0,0,0.0
R2P2_alpha_0.1,20260521,1600,original,2,1,0,0.0
R2P2_alpha_0.1,20260521,1600,original,2,2,320,1.0
R2P2_alpha_0.1,20260521,1600,original,2,3,0,0.0
R2P2_alpha_0.1,20260521,1600,original,3,0,0,0.0
R2P2_alpha_0.1,20260521,1600,original,3,1,0,0.0
R2P2_alpha_0.1,20260521,1600,original,3,2,0,0.0
R2P2_alpha_0.1,20260521,1600,original,3,3,320,1.0
R2P2_alpha_0.1,20260522,0,original,0,0,224,0.7
R2P2_alpha_0.1,20260522,0,original,0,1,0,0.0
R2P2_alpha_0.1,20260522,0,original,0,2,0,0.0
R2P2_alpha_0.1,20260522,0,original,0,3,96,0.3
R2P2_alpha_0.1,20260522,0,original,1,0,0,0.0
R2P2_alpha_0.1,20260522,0,original,1,1,320,1.0
R2P2_alpha_0.1,20260522,0,original,1,2,0,0.0
R2P2_alpha_0.1,20260522,0,original,1,3,0,0.0
R2P2_alpha_0.1,20260522,0,original,2,0,0,0.0
R2P2_alpha_0.1,20260522,0,original,2,1,0,0.0
R2P2_alpha_0.1,20260522,0,original,2,2,32,0.1
R2P2_alpha_0.1,20260522,0,original,2,3,288,0.9
R2P2_alpha_0.1,20260522,0,original,3,0,0,0.0
R2P2_alpha_0.1,20260522,0,original,3,1,0,0.0
R2P2_alpha_0.1,20260522,0,original,3,2,0,0.0
R2P2_alpha_0.1,20260522,0,original,3,3,320,1.0
R2P2_alpha_0.1,20260522,1,original,0,0,96,0.3
R2P2_alpha_0.1,20260522,1,original,0,1,224,0.7
R2P2_alpha_0.1,20260522,1,original,0,2,0,0.0
R2P2_alpha_0.1,20260522,1,original,0,3,0,0.0
R2P2_alpha_0.1,20260522,1,original,1,0,0,0.0
R2P2_alpha_0.1,20260522,1,original,1,1,320,1.0
R2P2_alpha_0.1,20260522,1,original,1,2,0,0.0
R2P2_alpha_0.1,20260522,1,original,1,3,0,0.0
R2P2_alpha_0.1,20260522,1,original,2,0,0,0.0
R2P2_alpha_0.1,20260522,1,original,2,1,256,0.8
R2P2_alpha_0.1,20260522,1,original,2,2,32,0.1
R2P2_alpha_0.1,20260522,1,original,2,3,32,0.1
R2P2_alpha_0.1,20260522,1,original,3,0,0,0.0
R2P2_alpha_0.1,20260522,1,original,3,1,0,0.0
R2P2_alpha_0.1,20260522,1,original,3,2,0,0.0
R2P2_alpha_0.1,20260522,1,original,3,3,320,1.0
R2P2_alpha_0.1,20260522,2,original,0,0,32,0.1
R2P2_alpha_0.1,20260522,2,original,0,1,288,0.9
R2P2_alpha_0.1,20260522,2,original,0,2,0,0.0
R2P2_alpha_0.1,20260522,2,original,0,3,0,0.0
R2P2_alpha_0.1,20260522,2,original,1,0,0,0.0
R2P2_alpha_0.1,20260522,2,original,1,1,320,1.0
R2P2_alpha_0.1,20260522,2,original,1,2,0,0.0
R2P2_alpha_0.1,20260522,2,original,1,3,0,0.0
R2P2_alpha_0.1,20260522,2,original,2,0,0,0.0
R2P2_alpha_0.1,20260522,2,original,2,1,288,0.9
R2P2_alpha_0.1,20260522,2,original,2,2,32,0.1
R2P2_alpha_0.1,20260522,2,original,2,3,0,0.0
R2P2_alpha_0.1,20260522,2,original,3,0,0,0.0
R2P2_alpha_0.1,20260522,2,original,3,1,192,0.6
R2P2_alpha_0.1,20260522,2,original,3,2,0,0.0
R2P2_alpha_0.1,20260522,2,original,3,3,128,0.4
R2P2_alpha_0.1,20260522,5,original,0,0,0,0.0
R2P2_alpha_0.1,20260522,5,original,0,1,320,1.0
R2P2_alpha_0.1,20260522,5,original,0,2,0,0.0
R2P2_alpha_0.1,20260522,5,original,0,3,0,0.0
R2P2_alpha_0.1,20260522,5,original,1,0,0,0.0
R2P2_alpha_0.1,20260522,5,original,1,1,320,1.0
R2P2_alpha_0.1,20260522,5,original,1,2,0,0.0
R2P2_alpha_0.1,20260522,5,original,1,3,0,0.0
R2P2_alpha_0.1,20260522,5,original,2,0,0,0.0
R2P2_alpha_0.1,20260522,5,original,2,1,320,1.0
R2P2_alpha_0.1,20260522,5,original,2,2,0,0.0
R2P2_alpha_0.1,20260522,5,original,2,3,0,0.0
R2P2_alpha_0.1,20260522,5,original,3,0,0,0.0
R2P2_alpha_0.1,20260522,5,original,3,1,160,0.5
R2P2_alpha_0.1,20260522,5,original,3,2,0,0.0
R2P2_alpha_0.1,20260522,5,original,3,3,160,0.5
R2P2_alpha_0.1,20260522,10,original,0,0,0,0.0
R2P2_alpha_0.1,20260522,10,original,0,1,320,1.0
R2P2_alpha_0.1,20260522,10,original,0,2,0,0.0
R2P2_alpha_0.1,20260522,10,original,0,3,0,0.0
R2P2_alpha_0.1,20260522,10,original,1,0,0,0.0
R2P2_alpha_0.1,20260522,10,original,1,1,320,1.0
R2P2_alpha_0.1,20260522,10,original,1,2,0,0.0
R2P2_alpha_0.1,20260522,10,original,1,3,0,0.0
R2P2_alpha_0.1,20260522,10,original,2,0,0,0.0
R2P2_alpha_0.1,20260522,10,original,2,1,320,1.0
R2P2_alpha_0.1,20260522,10,original,2,2,0,0.0
R2P2_alpha_0.1,20260522,10,original,2,3,0,0.0
R2P2_alpha_0.1,20260522,10,original,3,0,0,0.0
R2P2_alpha_0.1,20260522,10,original,3,1,0,0.0
R2P2_alpha_0.1,20260522,10,original,3,2,0,0.0
R2P2_alpha_0.1,20260522,10,original,3,3,320,1.0
R2P2_alpha_0.1,20260522,20,original,0,0,0,0.0
R2P2_alpha_0.1,20260522,20,original,0,1,320,1.0
R2P2_alpha_0.1,20260522,20,original,0,2,0,0.0
R2P2_alpha_0.1,20260522,20,original,0,3,0,0.0
R2P2_alpha_0.1,20260522,20,original,1,0,0,0.0
R2P2_alpha_0.1,20260522,20,original,1,1,320,1.0
R2P2_alpha_0.1,20260522,20,original,1,2,0,0.0
R2P2_alpha_0.1,20260522,20,original,1,3,0,0.0
R2P2_alpha_0.1,20260522,20,original,2,0,0,0.0
R2P2_alpha_0.1,20260522,20,original,2,1,320,1.0
R2P2_alpha_0.1,20260522,20,original,2,2,0,0.0
R2P2_alpha_0.1,20260522,20,original,2,3,0,0.0
R2P2_alpha_0.1,20260522,20,original,3,0,0,0.0
R2P2_alpha_0.1,20260522,20,original,3,1,0,0.0
R2P2_alpha_0.1,20260522,20,original,3,2,0,0.0
R2P2_alpha_0.1,20260522,20,original,3,3,320,1.0
R2P2_alpha_0.1,20260522,50,original,0,0,0,0.0
R2P2_alpha_0.1,20260522,50,original,0,1,320,1.0
R2P2_alpha_0.1,20260522,50,original,0,2,0,0.0
R2P2_alpha_0.1,20260522,50,original,0,3,0,0.0
R2P2_alpha_0.1,20260522,50,original,1,0,0,0.0
R2P2_alpha_0.1,20260522,50,original,1,1,320,1.0
R2P2_alpha_0.1,20260522,50,original,1,2,0,0.0
R2P2_alpha_0.1,20260522,50,original,1,3,0,0.0
R2P2_alpha_0.1,20260522,50,original,2,0,0,0.0
R2P2_alpha_0.1,20260522,50,original,2,1,320,1.0
R2P2_alpha_0.1,20260522,50,original,2,2,0,0.0
R2P2_alpha_0.1,20260522,50,original,2,3,0,0.0
R2P2_alpha_0.1,20260522,50,original,3,0,0,0.0
R2P2_alpha_0.1,20260522,50,original,3,1,0,0.0
R2P2_alpha_0.1,20260522,50,original,3,2,0,0.0
R2P2_alpha_0.1,20260522,50,original,3,3,320,1.0
R2P2_alpha_0.1,20260522,1600,original,0,0,0,0.0
R2P2_alpha_0.1,20260522,1600,original,0,1,320,1.0
R2P2_alpha_0.1,20260522,1600,original,0,2,0,0.0
R2P2_alpha_0.1,20260522,1600,original,0,3,0,0.0
R2P2_alpha_0.1,20260522,1600,original,1,0,0,0.0
R2P2_alpha_0.1,20260522,1600,original,1,1,320,1.0
R2P2_alpha_0.1,20260522,1600,original,1,2,0,0.0
R2P2_alpha_0.1,20260522,1600,original,1,3,0,0.0
R2P2_alpha_0.1,20260522,1600,original,2,0,0,0.0
R2P2_alpha_0.1,20260522,1600,original,2,1,320,1.0
R2P2_alpha_0.1,20260522,1600,original,2,2,0,0.0
R2P2_alpha_0.1,20260522,1600,original,2,3,0,0.0
R2P2_alpha_0.1,20260522,1600,original,3,0,0,0.0
R2P2_alpha_0.1,20260522,1600,original,3,1,0,0.0
R2P2_alpha_0.1,20260522,1600,original,3,2,0,0.0
R2P2_alpha_0.1,20260522,1600,original,3,3,320,1.0
R2P2_alpha_0.1,20260523,0,original,0,0,224,0.7
R2P2_alpha_0.1,20260523,0,original,0,1,0,0.0
R2P2_alpha_0.1,20260523,0,original,0,2,96,0.3
R2P2_alpha_0.1,20260523,0,original,0,3,0,0.0
R2P2_alpha_0.1,20260523,0,original,1,0,0,0.0
R2P2_alpha_0.1,20260523,0,original,1,1,320,1.0
R2P2_alpha_0.1,20260523,0,original,1,2,0,0.0
R2P2_alpha_0.1,20260523,0,original,1,3,0,0.0
R2P2_alpha_0.1,20260523,0,original,2,0,0,0.0
R2P2_alpha_0.1,20260523,0,original,2,1,0,0.0
R2P2_alpha_0.1,20260523,0,original,2,2,320,1.0
R2P2_alpha_0.1,20260523,0,original,2,3,0,0.0
R2P2_alpha_0.1,20260523,0,original,3,0,0,0.0
R2P2_alpha_0.1,20260523,0,original,3,1,0,0.0
R2P2_alpha_0.1,20260523,0,original,3,2,96,0.3
R2P2_alpha_0.1,20260523,0,original,3,3,224,0.7
R2P2_alpha_0.1,20260523,1,original,0,0,320,1.0
R2P2_alpha_0.1,20260523,1,original,0,1,0,0.0
R2P2_alpha_0.1,20260523,1,original,0,2,0,0.0
R2P2_alpha_0.1,20260523,1,original,0,3,0,0.0
R2P2_alpha_0.1,20260523,1,original,1,0,0,0.0
R2P2_alpha_0.1,20260523,1,original,1,1,320,1.0
R2P2_alpha_0.1,20260523,1,original,1,2,0,0.0
R2P2_alpha_0.1,20260523,1,original,1,3,0,0.0
R2P2_alpha_0.1,20260523,1,original,2,0,0,0.0
R2P2_alpha_0.1,20260523,1,original,2,1,0,0.0
R2P2_alpha_0.1,20260523,1,original,2,2,320,1.0
R2P2_alpha_0.1,20260523,1,original,2,3,0,0.0
R2P2_alpha_0.1,20260523,1,original,3,0,0,0.0
R2P2_alpha_0.1,20260523,1,original,3,1,0,0.0
R2P2_alpha_0.1,20260523,1,original,3,2,0,0.0
R2P2_alpha_0.1,20260523,1,original,3,3,320,1.0
R2P2_alpha_0.1,20260523,2,original,0,0,320,1.0
R2P2_alpha_0.1,20260523,2,original,0,1,0,0.0
R2P2_alpha_0.1,20260523,2,original,0,2,0,0.0
R2P2_alpha_0.1,20260523,2,original,0,3,0,0.0
R2P2_alpha_0.1,20260523,2,original,1,0,0,0.0
R2P2_alpha_0.1,20260523,2,original,1,1,320,1.0
R2P2_alpha_0.1,20260523,2,original,1,2,0,0.0
R2P2_alpha_0.1,20260523,2,original,1,3,0,0.0
R2P2_alpha_0.1,20260523,2,original,2,0,160,0.5
R2P2_alpha_0.1,20260523,2,original,2,1,0,0.0
R2P2_alpha_0.1,20260523,2,original,2,2,64,0.2
R2P2_alpha_0.1,20260523,2,original,2,3,96,0.3
R2P2_alpha_0.1,20260523,2,original,3,0,0,0.0
R2P2_alpha_0.1,20260523,2,original,3,1,0,0.0
R2P2_alpha_0.1,20260523,2,original,3,2,0,0.0
R2P2_alpha_0.1,20260523,2,original,3,3,320,1.0
R2P2_alpha_0.1,20260523,5,original,0,0,320,1.0
R2P2_alpha_0.1,20260523,5,original,0,1,0,0.0
R2P2_alpha_0.1,20260523,5,original,0,2,0,0.0
R2P2_alpha_0.1,20260523,5,original,0,3,0,0.0
R2P2_alpha_0.1,20260523,5,original,1,0,0,0.0
R2P2_alpha_0.1,20260523,5,original,1,1,192,0.6
R2P2_alpha_0.1,20260523,5,original,1,2,0,0.0
R2P2_alpha_0.1,20260523,5,original,1,3,128,0.4
R2P2_alpha_0.1,20260523,5,original,2,0,256,0.8
R2P2_alpha_0.1,20260523,5,original,2,1,0,0.0
R2P2_alpha_0.1,20260523,5,original,2,2,32,0.1
R2P2_alpha_0.1,20260523,5,original,2,3,32,0.1
R2P2_alpha_0.1,20260523,5,original,3,0,0,0.0
R2P2_alpha_0.1,20260523,5,original,3,1,0,0.0
R2P2_alpha_0.1,20260523,5,original,3,2,0,0.0
R2P2_alpha_0.1,20260523,5,original,3,3,320,1.0
R2P2_alpha_0.1,20260523,10,original,0,0,320,1.0
R2P2_alpha_0.1,20260523,10,original,0,1,0,0.0
R2P2_alpha_0.1,20260523,10,original,0,2,0,0.0
R2P2_alpha_0.1,20260523,10,original,0,3,0,0.0
R2P2_alpha_0.1,20260523,10,original,1,0,0,0.0
R2P2_alpha_0.1,20260523,10,original,1,1,320,1.0
R2P2_alpha_0.1,20260523,10,original,1,2,0,0.0
R2P2_alpha_0.1,20260523,10,original,1,3,0,0.0
R2P2_alpha_0.1,20260523,10,original,2,0,288,0.9
R2P2_alpha_0.1,20260523,10,original,2,1,0,0.0
R2P2_alpha_0.1,20260523,10,original,2,2,32,0.1
R2P2_alpha_0.1,20260523,10,original,2,3,0,0.0
R2P2_alpha_0.1,20260523,10,original,3,0,0,0.0
R2P2_alpha_0.1,20260523,10,original,3,1,0,0.0
R2P2_alpha_0.1,20260523,10,original,3,2,0,0.0
R2P2_alpha_0.1,20260523,10,original,3,3,320,1.0
R2P2_alpha_0.1,20260523,20,original,0,0,320,1.0
R2P2_alpha_0.1,20260523,20,original,0,1,0,0.0
R2P2_alpha_0.1,20260523,20,original,0,2,0,0.0
R2P2_alpha_0.1,20260523,20,original,0,3,0,0.0
R2P2_alpha_0.1,20260523,20,original,1,0,0,0.0
R2P2_alpha_0.1,20260523,20,original,1,1,320,1.0
R2P2_alpha_0.1,20260523,20,original,1,2,0,0.0
R2P2_alpha_0.1,20260523,20,original,1,3,0,0.0
R2P2_alpha_0.1,20260523,20,original,2,0,256,0.8
R2P2_alpha_0.1,20260523,20,original,2,1,0,0.0
R2P2_alpha_0.1,20260523,20,original,2,2,64,0.2
R2P2_alpha_0.1,20260523,20,original,2,3,0,0.0
R2P2_alpha_0.1,20260523,20,original,3,0,0,0.0
R2P2_alpha_0.1,20260523,20,original,3,1,0,0.0
R2P2_alpha_0.1,20260523,20,original,3,2,0,0.0
R2P2_alpha_0.1,20260523,20,original,3,3,320,1.0
R2P2_alpha_0.1,20260523,50,original,0,0,320,1.0
R2P2_alpha_0.1,20260523,50,original,0,1,0,0.0
R2P2_alpha_0.1,20260523,50,original,0,2,0,0.0
R2P2_alpha_0.1,20260523,50,original,0,3,0,0.0
R2P2_alpha_0.1,20260523,50,original,1,0,0,0.0
R2P2_alpha_0.1,20260523,50,original,1,1,320,1.0
R2P2_alpha_0.1,20260523,50,original,1,2,0,0.0
R2P2_alpha_0.1,20260523,50,original,1,3,0,0.0
R2P2_alpha_0.1,20260523,50,original,2,0,288,0.9
R2P2_alpha_0.1,20260523,50,original,2,1,0,0.0
R2P2_alpha_0.1,20260523,50,original,2,2,32,0.1
R2P2_alpha_0.1,20260523,50,original,2,3,0,0.0
R2P2_alpha_0.1,20260523,50,original,3,0,0,0.0
R2P2_alpha_0.1,20260523,50,original,3,1,0,0.0
R2P2_alpha_0.1,20260523,50,original,3,2,0,0.0
R2P2_alpha_0.1,20260523,50,original,3,3,320,1.0
R2P2_alpha_0.1,20260523,1600,original,0,0,320,1.0
R2P2_alpha_0.1,20260523,1600,original,0,1,0,0.0
R2P2_alpha_0.1,20260523,1600,original,0,2,0,0.0
R2P2_alpha_0.1,20260523,1600,original,0,3,0,0.0
R2P2_alpha_0.1,20260523,1600,original,1,0,0,0.0
R2P2_alpha_0.1,20260523,1600,original,1,1,320,1.0
R2P2_alpha_0.1,20260523,1600,original,1,2,0,0.0
R2P2_alpha_0.1,20260523,1600,original,1,3,0,0.0
R2P2_alpha_0.1,20260523,1600,original,2,0,0,0.0
R2P2_alpha_0.1,20260523,1600,original,2,1,0,0.0
R2P2_alpha_0.1,20260523,1600,original,2,2,320,1.0
R2P2_alpha_0.1,20260523,1600,original,2,3,0,0.0
R2P2_alpha_0.1,20260523,1600,original,3,0,0,0.0
R2P2_alpha_0.1,20260523,1600,original,3,1,0,0.0
R2P2_alpha_0.1,20260523,1600,original,3,2,0,0.0
R2P2_alpha_0.1,20260523,1600,original,3,3,320,1.0
R2P2_alpha_0.1,20260524,0,original,0,0,160,0.5
R2P2_alpha_0.1,20260524,0,original,0,1,160,0.5
R2P2_alpha_0.1,20260524,0,original,0,2,0,0.0
R2P2_alpha_0.1,20260524,0,original,0,3,0,0.0
R2P2_alpha_0.1,20260524,0,original,1,0,0,0.0
R2P2_alpha_0.1,20260524,0,original,1,1,320,1.0
R2P2_alpha_0.1,20260524,0,original,1,2,0,0.0
R2P2_alpha_0.1,20260524,0,original,1,3,0,0.0
R2P2_alpha_0.1,20260524,0,original,2,0,0,0.0
R2P2_alpha_0.1,20260524,0,original,2,1,160,0.5
R2P2_alpha_0.1,20260524,0,original,2,2,160,0.5
R2P2_alpha_0.1,20260524,0,original,2,3,0,0.0
R2P2_alpha_0.1,20260524,0,original,3,0,0,0.0
R2P2_alpha_0.1,20260524,0,original,3,1,192,0.6
R2P2_alpha_0.1,20260524,0,original,3,2,0,0.0
R2P2_alpha_0.1,20260524,0,original,3,3,128,0.4
R2P2_alpha_0.1,20260524,1,original,0,0,160,0.5
R2P2_alpha_0.1,20260524,1,original,0,1,160,0.5
R2P2_alpha_0.1,20260524,1,original,0,2,0,0.0
R2P2_alpha_0.1,20260524,1,original,0,3,0,0.0
R2P2_alpha_0.1,20260524,1,original,1,0,0,0.0
R2P2_alpha_0.1,20260524,1,original,1,1,320,1.0
R2P2_alpha_0.1,20260524,1,original,1,2,0,0.0
R2P2_alpha_0.1,20260524,1,original,1,3,0,0.0
R2P2_alpha_0.1,20260524,1,original,2,0,0,0.0
R2P2_alpha_0.1,20260524,1,original,2,1,160,0.5
R2P2_alpha_0.1,20260524,1,original,2,2,160,0.5
R2P2_alpha_0.1,20260524,1,original,2,3,0,0.0
R2P2_alpha_0.1,20260524,1,original,3,0,0,0.0
R2P2_alpha_0.1,20260524,1,original,3,1,288,0.9
R2P2_alpha_0.1,20260524,1,original,3,2,0,0.0
R2P2_alpha_0.1,20260524,1,original,3,3,32,0.1
R2P2_alpha_0.1,20260524,2,original,0,0,96,0.3
R2P2_alpha_0.1,20260524,2,original,0,1,224,0.7
R2P2_alpha_0.1,20260524,2,original,0,2,0,0.0
R2P2_alpha_0.1,20260524,2,original,0,3,0,0.0
R2P2_alpha_0.1,20260524,2,original,1,0,0,0.0
R2P2_alpha_0.1,20260524,2,original,1,1,320,1.0
R2P2_alpha_0.1,20260524,2,original,1,2,0,0.0
R2P2_alpha_0.1,20260524,2,original,1,3,0,0.0
R2P2_alpha_0.1,20260524,2,original,2,0,0,0.0
R2P2_alpha_0.1,20260524,2,original,2,1,192,0.6
R2P2_alpha_0.1,20260524,2,original,2,2,128,0.4
R2P2_alpha_0.1,20260524,2,original,2,3,0,0.0
R2P2_alpha_0.1,20260524,2,original,3,0,0,0.0
R2P2_alpha_0.1,20260524,2,original,3,1,320,1.0
R2P2_alpha_0.1,20260524,2,original,3,2,0,0.0
R2P2_alpha_0.1,20260524,2,original,3,3,0,0.0
R2P2_alpha_0.1,20260524,5,original,0,0,32,0.1
R2P2_alpha_0.1,20260524,5,original,0,1,288,0.9
R2P2_alpha_0.1,20260524,5,original,0,2,0,0.0
R2P2_alpha_0.1,20260524,5,original,0,3,0,0.0
R2P2_alpha_0.1,20260524,5,original,1,0,0,0.0
R2P2_alpha_0.1,20260524,5,original,1,1,320,1.0
R2P2_alpha_0.1,20260524,5,original,1,2,0,0.0
R2P2_alpha_0.1,20260524,5,original,1,3,0,0.0
R2P2_alpha_0.1,20260524,5,original,2,0,0,0.0
R2P2_alpha_0.1,20260524,5,original,2,1,288,0.9
R2P2_alpha_0.1,20260524,5,original,2,2,32,0.1
R2P2_alpha_0.1,20260524,5,original,2,3,0,0.0
R2P2_alpha_0.1,20260524,5,original,3,0,0,0.0
R2P2_alpha_0.1,20260524,5,original,3,1,320,1.0
R2P2_alpha_0.1,20260524,5,original,3,2,0,0.0
R2P2_alpha_0.1,20260524,5,original,3,3,0,0.0
R2P2_alpha_0.1,20260524,10,original,0,0,64,0.2
R2P2_alpha_0.1,20260524,10,original,0,1,256,0.8
R2P2_alpha_0.1,20260524,10,original,0,2,0,0.0
R2P2_alpha_0.1,20260524,10,original,0,3,0,0.0
R2P2_alpha_0.1,20260524,10,original,1,0,0,0.0
R2P2_alpha_0.1,20260524,10,original,1,1,320,1.0
R2P2_alpha_0.1,20260524,10,original,1,2,0,0.0
R2P2_alpha_0.1,20260524,10,original,1,3,0,0.0
R2P2_alpha_0.1,20260524,10,original,2,0,0,0.0
R2P2_alpha_0.1,20260524,10,original,2,1,288,0.9
R2P2_alpha_0.1,20260524,10,original,2,2,32,0.1
R2P2_alpha_0.1,20260524,10,original,2,3,0,0.0
R2P2_alpha_0.1,20260524,10,original,3,0,0,0.0
R2P2_alpha_0.1,20260524,10,original,3,1,320,1.0
R2P2_alpha_0.1,20260524,10,original,3,2,0,0.0
R2P2_alpha_0.1,20260524,10,original,3,3,0,0.0
R2P2_alpha_0.1,20260524,20,original,0,0,320,1.0
R2P2_alpha_0.1,20260524,20,original,0,1,0,0.0
R2P2_alpha_0.1,20260524,20,original,0,2,0,0.0
R2P2_alpha_0.1,20260524,20,original,0,3,0,0.0
R2P2_alpha_0.1,20260524,20,original,1,0,0,0.0
R2P2_alpha_0.1,20260524,20,original,1,1,320,1.0
R2P2_alpha_0.1,20260524,20,original,1,2,0,0.0
R2P2_alpha_0.1,20260524,20,original,1,3,0,0.0
R2P2_alpha_0.1,20260524,20,original,2,0,0,0.0
R2P2_alpha_0.1,20260524,20,original,2,1,0,0.0
R2P2_alpha_0.1,20260524,20,original,2,2,320,1.0
R2P2_alpha_0.1,20260524,20,original,2,3,0,0.0
R2P2_alpha_0.1,20260524,20,original,3,0,0,0.0
R2P2_alpha_0.1,20260524,20,original,3,1,320,1.0
R2P2_alpha_0.1,20260524,20,original,3,2,0,0.0
R2P2_alpha_0.1,20260524,20,original,3,3,0,0.0
R2P2_alpha_0.1,20260524,50,original,0,0,320,1.0
R2P2_alpha_0.1,20260524,50,original,0,1,0,0.0
R2P2_alpha_0.1,20260524,50,original,0,2,0,0.0
R2P2_alpha_0.1,20260524,50,original,0,3,0,0.0
R2P2_alpha_0.1,20260524,50,original,1,0,0,0.0
R2P2_alpha_0.1,20260524,50,original,1,1,320,1.0
R2P2_alpha_0.1,20260524,50,original,1,2,0,0.0
R2P2_alpha_0.1,20260524,50,original,1,3,0,0.0
R2P2_alpha_0.1,20260524,50,original,2,0,0,0.0
R2P2_alpha_0.1,20260524,50,original,2,1,64,0.2
R2P2_alpha_0.1,20260524,50,original,2,2,256,0.8
R2P2_alpha_0.1,20260524,50,original,2,3,0,0.0
R2P2_alpha_0.1,20260524,50,original,3,0,0,0.0
R2P2_alpha_0.1,20260524,50,original,3,1,320,1.0
R2P2_alpha_0.1,20260524,50,original,3,2,0,0.0
R2P2_alpha_0.1,20260524,50,original,3,3,0,0.0
R2P2_alpha_0.1,20260524,1600,original,0,0,320,1.0
R2P2_alpha_0.1,20260524,1600,original,0,1,0,0.0
R2P2_alpha_0.1,20260524,1600,original,0,2,0,0.0
R2P2_alpha_0.1,20260524,1600,original,0,3,0,0.0
R2P2_alpha_0.1,20260524,1600,original,1,0,0,0.0
R2P2_alpha_0.1,20260524,1600,original,1,1,320,1.0
R2P2_alpha_0.1,20260524,1600,original,1,2,0,0.0
R2P2_alpha_0.1,20260524,1600,original,1,3,0,0.0
R2P2_alpha_0.1,20260524,1600,original,2,0,0,0.0
R2P2_alpha_0.1,20260524,1600,original,2,1,320,1.0
R2P2_alpha_0.1,20260524,1600,original,2,2,0,0.0
R2P2_alpha_0.1,20260524,1600,original,2,3,0,0.0
R2P2_alpha_0.1,20260524,1600,original,3,0,0,0.0
R2P2_alpha_0.1,20260524,1600,original,3,1,320,1.0
R2P2_alpha_0.1,20260524,1600,original,3,2,0,0.0
R2P2_alpha_0.1,20260524,1600,original,3,3,0,0.0
R2P2_alpha_0.1,20260525,0,original,0,0,192,0.6
R2P2_alpha_0.1,20260525,0,original,0,1,0,0.0
R2P2_alpha_0.1,20260525,0,original,0,2,128,0.4
R2P2_alpha_0.1,20260525,0,original,0,3,0,0.0
R2P2_alpha_0.1,20260525,0,original,1,0,0,0.0
R2P2_alpha_0.1,20260525,0,original,1,1,320,1.0
R2P2_alpha_0.1,20260525,0,original,1,2,0,0.0
R2P2_alpha_0.1,20260525,0,original,1,3,0,0.0
R2P2_alpha_0.1,20260525,0,original,2,0,0,0.0
R2P2_alpha_0.1,20260525,0,original,2,1,0,0.0
R2P2_alpha_0.1,20260525,0,original,2,2,320,1.0
R2P2_alpha_0.1,20260525,0,original,2,3,0,0.0
R2P2_alpha_0.1,20260525,0,original,3,0,0,0.0
R2P2_alpha_0.1,20260525,0,original,3,1,0,0.0
R2P2_alpha_0.1,20260525,0,original,3,2,256,0.8
R2P2_alpha_0.1,20260525,0,original,3,3,64,0.2
R2P2_alpha_0.1,20260525,1,original,0,0,32,0.1
R2P2_alpha_0.1,20260525,1,original,0,1,0,0.0
R2P2_alpha_0.1,20260525,1,original,0,2,288,0.9
R2P2_alpha_0.1,20260525,1,original,0,3,0,0.0
R2P2_alpha_0.1,20260525,1,original,1,0,0,0.0
R2P2_alpha_0.1,20260525,1,original,1,1,96,0.3
R2P2_alpha_0.1,20260525,1,original,1,2,224,0.7
R2P2_alpha_0.1,20260525,1,original,1,3,0,0.0
R2P2_alpha_0.1,20260525,1,original,2,0,0,0.0
R2P2_alpha_0.1,20260525,1,original,2,1,0,0.0
R2P2_alpha_0.1,20260525,1,original,2,2,320,1.0
R2P2_alpha_0.1,20260525,1,original,2,3,0,0.0
R2P2_alpha_0.1,20260525,1,original,3,0,0,0.0
R2P2_alpha_0.1,20260525,1,original,3,1,0,0.0
R2P2_alpha_0.1,20260525,1,original,3,2,288,0.9
R2P2_alpha_0.1,20260525,1,original,3,3,32,0.1
R2P2_alpha_0.1,20260525,2,original,0,0,32,0.1
R2P2_alpha_0.1,20260525,2,original,0,1,0,0.0
R2P2_alpha_0.1,20260525,2,original,0,2,288,0.9
R2P2_alpha_0.1,20260525,2,original,0,3,0,0.0
R2P2_alpha_0.1,20260525,2,original,1,0,0,0.0
R2P2_alpha_0.1,20260525,2,original,1,1,32,0.1
R2P2_alpha_0.1,20260525,2,original,1,2,288,0.9
R2P2_alpha_0.1,20260525,2,original,1,3,0,0.0
R2P2_alpha_0.1,20260525,2,original,2,0,0,0.0
R2P2_alpha_0.1,20260525,2,original,2,1,0,0.0
R2P2_alpha_0.1,20260525,2,original,2,2,320,1.0
R2P2_alpha_0.1,20260525,2,original,2,3,0,0.0
R2P2_alpha_0.1,20260525,2,original,3,0,0,0.0
R2P2_alpha_0.1,20260525,2,original,3,1,0,0.0
R2P2_alpha_0.1,20260525,2,original,3,2,288,0.9
R2P2_alpha_0.1,20260525,2,original,3,3,32,0.1
R2P2_alpha_0.1,20260525,5,original,0,0,0,0.0
R2P2_alpha_0.1,20260525,5,original,0,1,0,0.0
R2P2_alpha_0.1,20260525,5,original,0,2,320,1.0
R2P2_alpha_0.1,20260525,5,original,0,3,0,0.0
R2P2_alpha_0.1,20260525,5,original,1,0,0,0.0
R2P2_alpha_0.1,20260525,5,original,1,1,0,0.0
R2P2_alpha_0.1,20260525,5,original,1,2,320,1.0
R2P2_alpha_0.1,20260525,5,original,1,3,0,0.0
R2P2_alpha_0.1,20260525,5,original,2,0,0,0.0
R2P2_alpha_0.1,20260525,5,original,2,1,0,0.0
R2P2_alpha_0.1,20260525,5,original,2,2,320,1.0
R2P2_alpha_0.1,20260525,5,original,2,3,0,0.0
R2P2_alpha_0.1,20260525,5,original,3,0,0,0.0
R2P2_alpha_0.1,20260525,5,original,3,1,0,0.0
R2P2_alpha_0.1,20260525,5,original,3,2,320,1.0
R2P2_alpha_0.1,20260525,5,original,3,3,0,0.0
R2P2_alpha_0.1,20260525,10,original,0,0,0,0.0
R2P2_alpha_0.1,20260525,10,original,0,1,0,0.0
R2P2_alpha_0.1,20260525,10,original,0,2,320,1.0
R2P2_alpha_0.1,20260525,10,original,0,3,0,0.0
R2P2_alpha_0.1,20260525,10,original,1,0,0,0.0
R2P2_alpha_0.1,20260525,10,original,1,1,32,0.1
R2P2_alpha_0.1,20260525,10,original,1,2,288,0.9
R2P2_alpha_0.1,20260525,10,original,1,3,0,0.0
R2P2_alpha_0.1,20260525,10,original,2,0,0,0.0
R2P2_alpha_0.1,20260525,10,original,2,1,0,0.0
R2P2_alpha_0.1,20260525,10,original,2,2,320,1.0
R2P2_alpha_0.1,20260525,10,original,2,3,0,0.0
R2P2_alpha_0.1,20260525,10,original,3,0,0,0.0
R2P2_alpha_0.1,20260525,10,original,3,1,0,0.0
R2P2_alpha_0.1,20260525,10,original,3,2,320,1.0
R2P2_alpha_0.1,20260525,10,original,3,3,0,0.0
R2P2_alpha_0.1,20260525,20,original,0,0,0,0.0
R2P2_alpha_0.1,20260525,20,original,0,1,0,0.0
R2P2_alpha_0.1,20260525,20,original,0,2,320,1.0
R2P2_alpha_0.1,20260525,20,original,0,3,0,0.0
R2P2_alpha_0.1,20260525,20,original,1,0,0,0.0
R2P2_alpha_0.1,20260525,20,original,1,1,320,1.0
R2P2_alpha_0.1,20260525,20,original,1,2,0,0.0
R2P2_alpha_0.1,20260525,20,original,1,3,0,0.0
R2P2_alpha_0.1,20260525,20,original,2,0,0,0.0
R2P2_alpha_0.1,20260525,20,original,2,1,0,0.0
R2P2_alpha_0.1,20260525,20,original,2,2,320,1.0
R2P2_alpha_0.1,20260525,20,original,2,3,0,0.0
R2P2_alpha_0.1,20260525,20,original,3,0,0,0.0
R2P2_alpha_0.1,20260525,20,original,3,1,0,0.0
R2P2_alpha_0.1,20260525,20,original,3,2,0,0.0
R2P2_alpha_0.1,20260525,20,original,3,3,320,1.0
R2P2_alpha_0.1,20260525,50,original,0,0,0,0.0
R2P2_alpha_0.1,20260525,50,original,0,1,0,0.0
R2P2_alpha_0.1,20260525,50,original,0,2,320,1.0
R2P2_alpha_0.1,20260525,50,original,0,3,0,0.0
R2P2_alpha_0.1,20260525,50,original,1,0,0,0.0
R2P2_alpha_0.1,20260525,50,original,1,1,320,1.0
R2P2_alpha_0.1,20260525,50,original,1,2,0,0.0
R2P2_alpha_0.1,20260525,50,original,1,3,0,0.0
R2P2_alpha_0.1,20260525,50,original,2,0,0,0.0
R2P2_alpha_0.1,20260525,50,original,2,1,0,0.0
R2P2_alpha_0.1,20260525,50,original,2,2,320,1.0
R2P2_alpha_0.1,20260525,50,original,2,3,0,0.0
R2P2_alpha_0.1,20260525,50,original,3,0,0,0.0
R2P2_alpha_0.1,20260525,50,original,3,1,0,0.0
R2P2_alpha_0.1,20260525,50,original,3,2,0,0.0
R2P2_alpha_0.1,20260525,50,original,3,3,320,1.0
R2P2_alpha_0.1,20260525,1600,original,0,0,0,0.0
R2P2_alpha_0.1,20260525,1600,original,0,1,0,0.0
R2P2_alpha_0.1,20260525,1600,original,0,2,320,1.0
R2P2_alpha_0.1,20260525,1600,original,0,3,0,0.0
R2P2_alpha_0.1,20260525,1600,original,1,0,0,0.0
R2P2_alpha_0.1,20260525,1600,original,1,1,320,1.0
R2P2_alpha_0.1,20260525,1600,original,1,2,0,0.0
R2P2_alpha_0.1,20260525,1600,original,1,3,0,0.0
R2P2_alpha_0.1,20260525,1600,original,2,0,0,0.0
R2P2_alpha_0.1,20260525,1600,original,2,1,0,0.0
R2P2_alpha_0.1,20260525,1600,original,2,2,320,1.0
R2P2_alpha_0.1,20260525,1600,original,2,3,0,0.0
R2P2_alpha_0.1,20260525,1600,original,3,0,0,0.0
R2P2_alpha_0.1,20260525,1600,original,3,1,0,0.0
R2P2_alpha_0.1,20260525,1600,original,3,2,0,0.0
R2P2_alpha_0.1,20260525,1600,original,3,3,320,1.0
R2P2_alpha_0.1,20260526,0,original,0,0,320,1.0
R2P2_alpha_0.1,20260526,0,original,0,1,0,0.0
R2P2_alpha_0.1,20260526,0,original,0,2,0,0.0
R2P2_alpha_0.1,20260526,0,original,0,3,0,0.0
R2P2_alpha_0.1,20260526,0,original,1,0,0,0.0
R2P2_alpha_0.1,20260526,0,original,1,1,320,1.0
R2P2_alpha_0.1,20260526,0,original,1,2,0,0.0
R2P2_alpha_0.1,20260526,0,original,1,3,0,0.0
R2P2_alpha_0.1,20260526,0,original,2,0,0,0.0
R2P2_alpha_0.1,20260526,0,original,2,1,32,0.1
R2P2_alpha_0.1,20260526,0,original,2,2,288,0.9
R2P2_alpha_0.1,20260526,0,original,2,3,0,0.0
R2P2_alpha_0.1,20260526,0,original,3,0,0,0.0
R2P2_alpha_0.1,20260526,0,original,3,1,0,0.0
R2P2_alpha_0.1,20260526,0,original,3,2,0,0.0
R2P2_alpha_0.1,20260526,0,original,3,3,320,1.0
R2P2_alpha_0.1,20260526,1,original,0,0,320,1.0
R2P2_alpha_0.1,20260526,1,original,0,1,0,0.0
R2P2_alpha_0.1,20260526,1,original,0,2,0,0.0
R2P2_alpha_0.1,20260526,1,original,0,3,0,0.0
R2P2_alpha_0.1,20260526,1,original,1,0,0,0.0
R2P2_alpha_0.1,20260526,1,original,1,1,320,1.0
R2P2_alpha_0.1,20260526,1,original,1,2,0,0.0
R2P2_alpha_0.1,20260526,1,original,1,3,0,0.0
R2P2_alpha_0.1,20260526,1,original,2,0,0,0.0
R2P2_alpha_0.1,20260526,1,original,2,1,0,0.0
R2P2_alpha_0.1,20260526,1,original,2,2,320,1.0
R2P2_alpha_0.1,20260526,1,original,2,3,0,0.0
R2P2_alpha_0.1,20260526,1,original,3,0,0,0.0
R2P2_alpha_0.1,20260526,1,original,3,1,0,0.0
R2P2_alpha_0.1,20260526,1,original,3,2,0,0.0
R2P2_alpha_0.1,20260526,1,original,3,3,320,1.0
R2P2_alpha_0.1,20260526,2,original,0,0,320,1.0
R2P2_alpha_0.1,20260526,2,original,0,1,0,0.0
R2P2_alpha_0.1,20260526,2,original,0,2,0,0.0
R2P2_alpha_0.1,20260526,2,original,0,3,0,0.0
R2P2_alpha_0.1,20260526,2,original,1,0,256,0.8
R2P2_alpha_0.1,20260526,2,original,1,1,64,0.2
R2P2_alpha_0.1,20260526,2,original,1,2,0,0.0
R2P2_alpha_0.1,20260526,2,original,1,3,0,0.0
R2P2_alpha_0.1,20260526,2,original,2,0,0,0.0
R2P2_alpha_0.1,20260526,2,original,2,1,0,0.0
R2P2_alpha_0.1,20260526,2,original,2,2,320,1.0
R2P2_alpha_0.1,20260526,2,original,2,3,0,0.0
R2P2_alpha_0.1,20260526,2,original,3,0,0,0.0
R2P2_alpha_0.1,20260526,2,original,3,1,0,0.0
R2P2_alpha_0.1,20260526,2,original,3,2,0,0.0
R2P2_alpha_0.1,20260526,2,original,3,3,320,1.0
R2P2_alpha_0.1,20260526,5,original,0,0,320,1.0
R2P2_alpha_0.1,20260526,5,original,0,1,0,0.0
R2P2_alpha_0.1,20260526,5,original,0,2,0,0.0
R2P2_alpha_0.1,20260526,5,original,0,3,0,0.0
R2P2_alpha_0.1,20260526,5,original,1,0,288,0.9
R2P2_alpha_0.1,20260526,5,original,1,1,32,0.1
R2P2_alpha_0.1,20260526,5,original,1,2,0,0.0
R2P2_alpha_0.1,20260526,5,original,1,3,0,0.0
R2P2_alpha_0.1,20260526,5,original,2,0,0,0.0
R2P2_alpha_0.1,20260526,5,original,2,1,0,0.0
R2P2_alpha_0.1,20260526,5,original,2,2,320,1.0
R2P2_alpha_0.1,20260526,5,original,2,3,0,0.0
R2P2_alpha_0.1,20260526,5,original,3,0,0,0.0
R2P2_alpha_0.1,20260526,5,original,3,1,0,0.0
R2P2_alpha_0.1,20260526,5,original,3,2,0,0.0
R2P2_alpha_0.1,20260526,5,original,3,3,320,1.0
R2P2_alpha_0.1,20260526,10,original,0,0,320,1.0
R2P2_alpha_0.1,20260526,10,original,0,1,0,0.0
R2P2_alpha_0.1,20260526,10,original,0,2,0,0.0
R2P2_alpha_0.1,20260526,10,original,0,3,0,0.0
R2P2_alpha_0.1,20260526,10,original,1,0,0,0.0
R2P2_alpha_0.1,20260526,10,original,1,1,320,1.0
R2P2_alpha_0.1,20260526,10,original,1,2,0,0.0
R2P2_alpha_0.1,20260526,10,original,1,3,0,0.0
R2P2_alpha_0.1,20260526,10,original,2,0,0,0.0
R2P2_alpha_0.1,20260526,10,original,2,1,0,0.0
R2P2_alpha_0.1,20260526,10,original,2,2,320,1.0
R2P2_alpha_0.1,20260526,10,original,2,3,0,0.0
R2P2_alpha_0.1,20260526,10,original,3,0,0,0.0
R2P2_alpha_0.1,20260526,10,original,3,1,0,0.0
R2P2_alpha_0.1,20260526,10,original,3,2,0,0.0
R2P2_alpha_0.1,20260526,10,original,3,3,320,1.0
R2P2_alpha_0.1,20260526,20,original,0,0,320,1.0
R2P2_alpha_0.1,20260526,20,original,0,1,0,0.0
R2P2_alpha_0.1,20260526,20,original,0,2,0,0.0
R2P2_alpha_0.1,20260526,20,original,0,3,0,0.0
R2P2_alpha_0.1,20260526,20,original,1,0,0,0.0
R2P2_alpha_0.1,20260526,20,original,1,1,320,1.0
R2P2_alpha_0.1,20260526,20,original,1,2,0,0.0
R2P2_alpha_0.1,20260526,20,original,1,3,0,0.0
R2P2_alpha_0.1,20260526,20,original,2,0,0,0.0
R2P2_alpha_0.1,20260526,20,original,2,1,0,0.0
R2P2_alpha_0.1,20260526,20,original,2,2,320,1.0
R2P2_alpha_0.1,20260526,20,original,2,3,0,0.0
R2P2_alpha_0.1,20260526,20,original,3,0,0,0.0
R2P2_alpha_0.1,20260526,20,original,3,1,0,0.0
R2P2_alpha_0.1,20260526,20,original,3,2,0,0.0
R2P2_alpha_0.1,20260526,20,original,3,3,320,1.0
R2P2_alpha_0.1,20260526,50,original,0,0,320,1.0
R2P2_alpha_0.1,20260526,50,original,0,1,0,0.0
R2P2_alpha_0.1,20260526,50,original,0,2,0,0.0
R2P2_alpha_0.1,20260526,50,original,0,3,0,0.0
R2P2_alpha_0.1,20260526,50,original,1,0,0,0.0
R2P2_alpha_0.1,20260526,50,original,1,1,320,1.0
R2P2_alpha_0.1,20260526,50,original,1,2,0,0.0
R2P2_alpha_0.1,20260526,50,original,1,3,0,0.0
R2P2_alpha_0.1,20260526,50,original,2,0,0,0.0
R2P2_alpha_0.1,20260526,50,original,2,1,0,0.0
R2P2_alpha_0.1,20260526,50,original,2,2,320,1.0
R2P2_alpha_0.1,20260526,50,original,2,3,0,0.0
R2P2_alpha_0.1,20260526,50,original,3,0,0,0.0
R2P2_alpha_0.1,20260526,50,original,3,1,0,0.0
R2P2_alpha_0.1,20260526,50,original,3,2,0,0.0
R2P2_alpha_0.1,20260526,50,original,3,3,320,1.0
R2P2_alpha_0.1,20260526,1600,original,0,0,320,1.0
R2P2_alpha_0.1,20260526,1600,original,0,1,0,0.0
R2P2_alpha_0.1,20260526,1600,original,0,2,0,0.0
R2P2_alpha_0.1,20260526,1600,original,0,3,0,0.0
R2P2_alpha_0.1,20260526,1600,original,1,0,0,0.0
R2P2_alpha_0.1,20260526,1600,original,1,1,320,1.0
R2P2_alpha_0.1,20260526,1600,original,1,2,0,0.0
R2P2_alpha_0.1,20260526,1600,original,1,3,0,0.0
R2P2_alpha_0.1,20260526,1600,original,2,0,0,0.0
R2P2_alpha_0.1,20260526,1600,original,2,1,0,0.0
R2P2_alpha_0.1,20260526,1600,original,2,2,320,1.0
R2P2_alpha_0.1,20260526,1600,original,2,3,0,0.0
R2P2_alpha_0.1,20260526,1600,original,3,0,0,0.0
R2P2_alpha_0.1,20260526,1600,original,3,1,0,0.0
R2P2_alpha_0.1,20260526,1600,original,3,2,0,0.0
R2P2_alpha_0.1,20260526,1600,original,3,3,320,1.0
R2P2_alpha_0.1,20260527,0,original,0,0,192,0.6
R2P2_alpha_0.1,20260527,0,original,0,1,0,0.0
R2P2_alpha_0.1,20260527,0,original,0,2,128,0.4
R2P2_alpha_0.1,20260527,0,original,0,3,0,0.0
R2P2_alpha_0.1,20260527,0,original,1,0,0,0.0
R2P2_alpha_0.1,20260527,0,original,1,1,0,0.0
R2P2_alpha_0.1,20260527,0,original,1,2,320,1.0
R2P2_alpha_0.1,20260527,0,original,1,3,0,0.0
R2P2_alpha_0.1,20260527,0,original,2,0,0,0.0
R2P2_alpha_0.1,20260527,0,original,2,1,0,0.0
R2P2_alpha_0.1,20260527,0,original,2,2,320,1.0
R2P2_alpha_0.1,20260527,0,original,2,3,0,0.0
R2P2_alpha_0.1,20260527,0,original,3,0,0,0.0
R2P2_alpha_0.1,20260527,0,original,3,1,0,0.0
R2P2_alpha_0.1,20260527,0,original,3,2,0,0.0
R2P2_alpha_0.1,20260527,0,original,3,3,320,1.0
R2P2_alpha_0.1,20260527,1,original,0,0,320,1.0
R2P2_alpha_0.1,20260527,1,original,0,1,0,0.0
R2P2_alpha_0.1,20260527,1,original,0,2,0,0.0
R2P2_alpha_0.1,20260527,1,original,0,3,0,0.0
R2P2_alpha_0.1,20260527,1,original,1,0,0,0.0
R2P2_alpha_0.1,20260527,1,original,1,1,96,0.3
R2P2_alpha_0.1,20260527,1,original,1,2,0,0.0
R2P2_alpha_0.1,20260527,1,original,1,3,224,0.7
R2P2_alpha_0.1,20260527,1,original,2,0,0,0.0
R2P2_alpha_0.1,20260527,1,original,2,1,0,0.0
R2P2_alpha_0.1,20260527,1,original,2,2,320,1.0
R2P2_alpha_0.1,20260527,1,original,2,3,0,0.0
R2P2_alpha_0.1,20260527,1,original,3,0,0,0.0
R2P2_alpha_0.1,20260527,1,original,3,1,0,0.0
R2P2_alpha_0.1,20260527,1,original,3,2,0,0.0
R2P2_alpha_0.1,20260527,1,original,3,3,320,1.0
R2P2_alpha_0.1,20260527,2,original,0,0,320,1.0
R2P2_alpha_0.1,20260527,2,original,0,1,0,0.0
R2P2_alpha_0.1,20260527,2,original,0,2,0,0.0
R2P2_alpha_0.1,20260527,2,original,0,3,0,0.0
R2P2_alpha_0.1,20260527,2,original,1,0,64,0.2
R2P2_alpha_0.1,20260527,2,original,1,1,32,0.1
R2P2_alpha_0.1,20260527,2,original,1,2,0,0.0
R2P2_alpha_0.1,20260527,2,original,1,3,224,0.7
R2P2_alpha_0.1,20260527,2,original,2,0,256,0.8
R2P2_alpha_0.1,20260527,2,original,2,1,0,0.0
R2P2_alpha_0.1,20260527,2,original,2,2,64,0.2
R2P2_alpha_0.1,20260527,2,original,2,3,0,0.0
R2P2_alpha_0.1,20260527,2,original,3,0,0,0.0
R2P2_alpha_0.1,20260527,2,original,3,1,0,0.0
R2P2_alpha_0.1,20260527,2,original,3,2,0,0.0
R2P2_alpha_0.1,20260527,2,original,3,3,320,1.0
R2P2_alpha_0.1,20260527,5,original,0,0,320,1.0
R2P2_alpha_0.1,20260527,5,original,0,1,0,0.0
R2P2_alpha_0.1,20260527,5,original,0,2,0,0.0
R2P2_alpha_0.1,20260527,5,original,0,3,0,0.0
R2P2_alpha_0.1,20260527,5,original,1,0,288,0.9
R2P2_alpha_0.1,20260527,5,original,1,1,0,0.0
R2P2_alpha_0.1,20260527,5,original,1,2,0,0.0
R2P2_alpha_0.1,20260527,5,original,1,3,32,0.1
R2P2_alpha_0.1,20260527,5,original,2,0,288,0.9
R2P2_alpha_0.1,20260527,5,original,2,1,0,0.0
R2P2_alpha_0.1,20260527,5,original,2,2,32,0.1
R2P2_alpha_0.1,20260527,5,original,2,3,0,0.0
R2P2_alpha_0.1,20260527,5,original,3,0,0,0.0
R2P2_alpha_0.1,20260527,5,original,3,1,0,0.0
R2P2_alpha_0.1,20260527,5,original,3,2,0,0.0
R2P2_alpha_0.1,20260527,5,original,3,3,320,1.0
R2P2_alpha_0.1,20260527,10,original,0,0,320,1.0
R2P2_alpha_0.1,20260527,10,original,0,1,0,0.0
R2P2_alpha_0.1,20260527,10,original,0,2,0,0.0
R2P2_alpha_0.1,20260527,10,original,0,3,0,0.0
R2P2_alpha_0.1,20260527,10,original,1,0,0,0.0
R2P2_alpha_0.1,20260527,10,original,1,1,0,0.0
R2P2_alpha_0.1,20260527,10,original,1,2,0,0.0
R2P2_alpha_0.1,20260527,10,original,1,3,320,1.0
R2P2_alpha_0.1,20260527,10,original,2,0,288,0.9
R2P2_alpha_0.1,20260527,10,original,2,1,0,0.0
R2P2_alpha_0.1,20260527,10,original,2,2,32,0.1
R2P2_alpha_0.1,20260527,10,original,2,3,0,0.0
R2P2_alpha_0.1,20260527,10,original,3,0,0,0.0
R2P2_alpha_0.1,20260527,10,original,3,1,0,0.0
R2P2_alpha_0.1,20260527,10,original,3,2,0,0.0
R2P2_alpha_0.1,20260527,10,original,3,3,320,1.0
R2P2_alpha_0.1,20260527,20,original,0,0,320,1.0
R2P2_alpha_0.1,20260527,20,original,0,1,0,0.0
R2P2_alpha_0.1,20260527,20,original,0,2,0,0.0
R2P2_alpha_0.1,20260527,20,original,0,3,0,0.0
R2P2_alpha_0.1,20260527,20,original,1,0,0,0.0
R2P2_alpha_0.1,20260527,20,original,1,1,320,1.0
R2P2_alpha_0.1,20260527,20,original,1,2,0,0.0
R2P2_alpha_0.1,20260527,20,original,1,3,0,0.0
R2P2_alpha_0.1,20260527,20,original,2,0,0,0.0
R2P2_alpha_0.1,20260527,20,original,2,1,0,0.0
R2P2_alpha_0.1,20260527,20,original,2,2,320,1.0
R2P2_alpha_0.1,20260527,20,original,2,3,0,0.0
R2P2_alpha_0.1,20260527,20,original,3,0,0,0.0
R2P2_alpha_0.1,20260527,20,original,3,1,0,0.0
R2P2_alpha_0.1,20260527,20,original,3,2,0,0.0
R2P2_alpha_0.1,20260527,20,original,3,3,320,1.0
R2P2_alpha_0.1,20260527,50,original,0,0,320,1.0
R2P2_alpha_0.1,20260527,50,original,0,1,0,0.0
R2P2_alpha_0.1,20260527,50,original,0,2,0,0.0
R2P2_alpha_0.1,20260527,50,original,0,3,0,0.0
R2P2_alpha_0.1,20260527,50,original,1,0,0,0.0
R2P2_alpha_0.1,20260527,50,original,1,1,320,1.0
R2P2_alpha_0.1,20260527,50,original,1,2,0,0.0
R2P2_alpha_0.1,20260527,50,original,1,3,0,0.0
R2P2_alpha_0.1,20260527,50,original,2,0,0,0.0
R2P2_alpha_0.1,20260527,50,original,2,1,0,0.0
R2P2_alpha_0.1,20260527,50,original,2,2,320,1.0
R2P2_alpha_0.1,20260527,50,original,2,3,0,0.0
R2P2_alpha_0.1,20260527,50,original,3,0,0,0.0
R2P2_alpha_0.1,20260527,50,original,3,1,0,0.0
R2P2_alpha_0.1,20260527,50,original,3,2,0,0.0
R2P2_alpha_0.1,20260527,50,original,3,3,320,1.0
R2P2_alpha_0.1,20260527,1600,original,0,0,320,1.0
R2P2_alpha_0.1,20260527,1600,original,0,1,0,0.0
R2P2_alpha_0.1,20260527,1600,original,0,2,0,0.0
R2P2_alpha_0.1,20260527,1600,original,0,3,0,0.0
R2P2_alpha_0.1,20260527,1600,original,1,0,0,0.0
R2P2_alpha_0.1,20260527,1600,original,1,1,320,1.0
R2P2_alpha_0.1,20260527,1600,original,1,2,0,0.0
R2P2_alpha_0.1,20260527,1600,original,1,3,0,0.0
R2P2_alpha_0.1,20260527,1600,original,2,0,0,0.0
R2P2_alpha_0.1,20260527,1600,original,2,1,0,0.0
R2P2_alpha_0.1,20260527,1600,original,2,2,320,1.0
R2P2_alpha_0.1,20260527,1600,original,2,3,0,0.0
R2P2_alpha_0.1,20260527,1600,original,3,0,0,0.0
R2P2_alpha_0.1,20260527,1600,original,3,1,0,0.0
R2P2_alpha_0.1,20260527,1600,original,3,2,0,0.0
R2P2_alpha_0.1,20260527,1600,original,3,3,320,1.0
R2P2_alpha_0.1,20260528,0,original,0,0,64,0.2
R2P2_alpha_0.1,20260528,0,original,0,1,256,0.8
R2P2_alpha_0.1,20260528,0,original,0,2,0,0.0
R2P2_alpha_0.1,20260528,0,original,0,3,0,0.0
R2P2_alpha_0.1,20260528,0,original,1,0,0,0.0
R2P2_alpha_0.1,20260528,0,original,1,1,320,1.0
R2P2_alpha_0.1,20260528,0,original,1,2,0,0.0
R2P2_alpha_0.1,20260528,0,original,1,3,0,0.0
R2P2_alpha_0.1,20260528,0,original,2,0,0,0.0
R2P2_alpha_0.1,20260528,0,original,2,1,0,0.0
R2P2_alpha_0.1,20260528,0,original,2,2,320,1.0
R2P2_alpha_0.1,20260528,0,original,2,3,0,0.0
R2P2_alpha_0.1,20260528,0,original,3,0,0,0.0
R2P2_alpha_0.1,20260528,0,original,3,1,224,0.7
R2P2_alpha_0.1,20260528,0,original,3,2,0,0.0
R2P2_alpha_0.1,20260528,0,original,3,3,96,0.3
R2P2_alpha_0.1,20260528,1,original,0,0,32,0.1
R2P2_alpha_0.1,20260528,1,original,0,1,0,0.0
R2P2_alpha_0.1,20260528,1,original,0,2,288,0.9
R2P2_alpha_0.1,20260528,1,original,0,3,0,0.0
R2P2_alpha_0.1,20260528,1,original,1,0,0,0.0
R2P2_alpha_0.1,20260528,1,original,1,1,288,0.9
R2P2_alpha_0.1,20260528,1,original,1,2,32,0.1
R2P2_alpha_0.1,20260528,1,original,1,3,0,0.0
R2P2_alpha_0.1,20260528,1,original,2,0,0,0.0
R2P2_alpha_0.1,20260528,1,original,2,1,0,0.0
R2P2_alpha_0.1,20260528,1,original,2,2,320,1.0
R2P2_alpha_0.1,20260528,1,original,2,3,0,0.0
R2P2_alpha_0.1,20260528,1,original,3,0,0,0.0
R2P2_alpha_0.1,20260528,1,original,3,1,0,0.0
R2P2_alpha_0.1,20260528,1,original,3,2,128,0.4
R2P2_alpha_0.1,20260528,1,original,3,3,192,0.6
R2P2_alpha_0.1,20260528,2,original,0,0,32,0.1
R2P2_alpha_0.1,20260528,2,original,0,1,0,0.0
R2P2_alpha_0.1,20260528,2,original,0,2,288,0.9
R2P2_alpha_0.1,20260528,2,original,0,3,0,0.0
R2P2_alpha_0.1,20260528,2,original,1,0,0,0.0
R2P2_alpha_0.1,20260528,2,original,1,1,192,0.6
R2P2_alpha_0.1,20260528,2,original,1,2,128,0.4
R2P2_alpha_0.1,20260528,2,original,1,3,0,0.0
R2P2_alpha_0.1,20260528,2,original,2,0,0,0.0
R2P2_alpha_0.1,20260528,2,original,2,1,0,0.0
R2P2_alpha_0.1,20260528,2,original,2,2,320,1.0
R2P2_alpha_0.1,20260528,2,original,2,3,0,0.0
R2P2_alpha_0.1,20260528,2,original,3,0,0,0.0
R2P2_alpha_0.1,20260528,2,original,3,1,0,0.0
R2P2_alpha_0.1,20260528,2,original,3,2,0,0.0
R2P2_alpha_0.1,20260528,2,original,3,3,320,1.0
R2P2_alpha_0.1,20260528,5,original,0,0,0,0.0
R2P2_alpha_0.1,20260528,5,original,0,1,0,0.0
R2P2_alpha_0.1,20260528,5,original,0,2,320,1.0
R2P2_alpha_0.1,20260528,5,original,0,3,0,0.0
R2P2_alpha_0.1,20260528,5,original,1,0,0,0.0
R2P2_alpha_0.1,20260528,5,original,1,1,96,0.3
R2P2_alpha_0.1,20260528,5,original,1,2,224,0.7
R2P2_alpha_0.1,20260528,5,original,1,3,0,0.0
R2P2_alpha_0.1,20260528,5,original,2,0,0,0.0
R2P2_alpha_0.1,20260528,5,original,2,1,0,0.0
R2P2_alpha_0.1,20260528,5,original,2,2,320,1.0
R2P2_alpha_0.1,20260528,5,original,2,3,0,0.0
R2P2_alpha_0.1,20260528,5,original,3,0,0,0.0
R2P2_alpha_0.1,20260528,5,original,3,1,0,0.0
R2P2_alpha_0.1,20260528,5,original,3,2,0,0.0
R2P2_alpha_0.1,20260528,5,original,3,3,320,1.0
R2P2_alpha_0.1,20260528,10,original,0,0,0,0.0
R2P2_alpha_0.1,20260528,10,original,0,1,0,0.0
R2P2_alpha_0.1,20260528,10,original,0,2,320,1.0
R2P2_alpha_0.1,20260528,10,original,0,3,0,0.0
R2P2_alpha_0.1,20260528,10,original,1,0,0,0.0
R2P2_alpha_0.1,20260528,10,original,1,1,320,1.0
R2P2_alpha_0.1,20260528,10,original,1,2,0,0.0
R2P2_alpha_0.1,20260528,10,original,1,3,0,0.0
R2P2_alpha_0.1,20260528,10,original,2,0,0,0.0
R2P2_alpha_0.1,20260528,10,original,2,1,0,0.0
R2P2_alpha_0.1,20260528,10,original,2,2,320,1.0
R2P2_alpha_0.1,20260528,10,original,2,3,0,0.0
R2P2_alpha_0.1,20260528,10,original,3,0,0,0.0
R2P2_alpha_0.1,20260528,10,original,3,1,0,0.0
R2P2_alpha_0.1,20260528,10,original,3,2,0,0.0
R2P2_alpha_0.1,20260528,10,original,3,3,320,1.0
R2P2_alpha_0.1,20260528,20,original,0,0,0,0.0
R2P2_alpha_0.1,20260528,20,original,0,1,0,0.0
R2P2_alpha_0.1,20260528,20,original,0,2,320,1.0
R2P2_alpha_0.1,20260528,20,original,0,3,0,0.0
R2P2_alpha_0.1,20260528,20,original,1,0,0,0.0
R2P2_alpha_0.1,20260528,20,original,1,1,320,1.0
R2P2_alpha_0.1,20260528,20,original,1,2,0,0.0
R2P2_alpha_0.1,20260528,20,original,1,3,0,0.0
R2P2_alpha_0.1,20260528,20,original,2,0,0,0.0
R2P2_alpha_0.1,20260528,20,original,2,1,0,0.0
R2P2_alpha_0.1,20260528,20,original,2,2,320,1.0
R2P2_alpha_0.1,20260528,20,original,2,3,0,0.0
R2P2_alpha_0.1,20260528,20,original,3,0,0,0.0
R2P2_alpha_0.1,20260528,20,original,3,1,0,0.0
R2P2_alpha_0.1,20260528,20,original,3,2,0,0.0
R2P2_alpha_0.1,20260528,20,original,3,3,320,1.0
R2P2_alpha_0.1,20260528,50,original,0,0,0,0.0
R2P2_alpha_0.1,20260528,50,original,0,1,0,0.0
R2P2_alpha_0.1,20260528,50,original,0,2,320,1.0
R2P2_alpha_0.1,20260528,50,original,0,3,0,0.0
R2P2_alpha_0.1,20260528,50,original,1,0,0,0.0
R2P2_alpha_0.1,20260528,50,original,1,1,320,1.0
R2P2_alpha_0.1,20260528,50,original,1,2,0,0.0
R2P2_alpha_0.1,20260528,50,original,1,3,0,0.0
R2P2_alpha_0.1,20260528,50,original,2,0,0,0.0
R2P2_alpha_0.1,20260528,50,original,2,1,0,0.0
R2P2_alpha_0.1,20260528,50,original,2,2,320,1.0
R2P2_alpha_0.1,20260528,50,original,2,3,0,0.0
R2P2_alpha_0.1,20260528,50,original,3,0,0,0.0
R2P2_alpha_0.1,20260528,50,original,3,1,0,0.0
R2P2_alpha_0.1,20260528,50,original,3,2,0,0.0
R2P2_alpha_0.1,20260528,50,original,3,3,320,1.0
R2P2_alpha_0.1,20260528,1600,original,0,0,0,0.0
R2P2_alpha_0.1,20260528,1600,original,0,1,0,0.0
R2P2_alpha_0.1,20260528,1600,original,0,2,320,1.0
R2P2_alpha_0.1,20260528,1600,original,0,3,0,0.0
R2P2_alpha_0.1,20260528,1600,original,1,0,0,0.0
R2P2_alpha_0.1,20260528,1600,original,1,1,320,1.0
R2P2_alpha_0.1,20260528,1600,original,1,2,0,0.0
R2P2_alpha_0.1,20260528,1600,original,1,3,0,0.0
R2P2_alpha_0.1,20260528,1600,original,2,0,0,0.0
R2P2_alpha_0.1,20260528,1600,original,2,1,0,0.0
R2P2_alpha_0.1,20260528,1600,original,2,2,320,1.0
R2P2_alpha_0.1,20260528,1600,original,2,3,0,0.0
R2P2_alpha_0.1,20260528,1600,original,3,0,0,0.0
R2P2_alpha_0.1,20260528,1600,original,3,1,0,0.0
R2P2_alpha_0.1,20260528,1600,original,3,2,0,0.0
R2P2_alpha_0.1,20260528,1600,original,3,3,320,1.0
R2P2_alpha_0.2,20260521,0,original,0,0,320,1.0
R2P2_alpha_0.2,20260521,0,original,0,1,0,0.0
R2P2_alpha_0.2,20260521,0,original,0,2,0,0.0
R2P2_alpha_0.2,20260521,0,original,0,3,0,0.0
R2P2_alpha_0.2,20260521,0,original,1,0,0,0.0
R2P2_alpha_0.2,20260521,0,original,1,1,320,1.0
R2P2_alpha_0.2,20260521,0,original,1,2,0,0.0
R2P2_alpha_0.2,20260521,0,original,1,3,0,0.0
R2P2_alpha_0.2,20260521,0,original,2,0,0,0.0
R2P2_alpha_0.2,20260521,0,original,2,1,0,0.0
R2P2_alpha_0.2,20260521,0,original,2,2,320,1.0
R2P2_alpha_0.2,20260521,0,original,2,3,0,0.0
R2P2_alpha_0.2,20260521,0,original,3,0,0,0.0
R2P2_alpha_0.2,20260521,0,original,3,1,0,0.0
R2P2_alpha_0.2,20260521,0,original,3,2,0,0.0
R2P2_alpha_0.2,20260521,0,original,3,3,320,1.0
R2P2_alpha_0.2,20260521,1,original,0,0,320,1.0
R2P2_alpha_0.2,20260521,1,original,0,1,0,0.0
R2P2_alpha_0.2,20260521,1,original,0,2,0,0.0
R2P2_alpha_0.2,20260521,1,original,0,3,0,0.0
R2P2_alpha_0.2,20260521,1,original,1,0,160,0.5
R2P2_alpha_0.2,20260521,1,original,1,1,160,0.5
R2P2_alpha_0.2,20260521,1,original,1,2,0,0.0
R2P2_alpha_0.2,20260521,1,original,1,3,0,0.0
R2P2_alpha_0.2,20260521,1,original,2,0,0,0.0
R2P2_alpha_0.2,20260521,1,original,2,1,0,0.0
R2P2_alpha_0.2,20260521,1,original,2,2,320,1.0
R2P2_alpha_0.2,20260521,1,original,2,3,0,0.0
R2P2_alpha_0.2,20260521,1,original,3,0,96,0.3
R2P2_alpha_0.2,20260521,1,original,3,1,0,0.0
R2P2_alpha_0.2,20260521,1,original,3,2,96,0.3
R2P2_alpha_0.2,20260521,1,original,3,3,128,0.4
R2P2_alpha_0.2,20260521,2,original,0,0,320,1.0
R2P2_alpha_0.2,20260521,2,original,0,1,0,0.0
R2P2_alpha_0.2,20260521,2,original,0,2,0,0.0
R2P2_alpha_0.2,20260521,2,original,0,3,0,0.0
R2P2_alpha_0.2,20260521,2,original,1,0,0,0.0
R2P2_alpha_0.2,20260521,2,original,1,1,64,0.2
R2P2_alpha_0.2,20260521,2,original,1,2,256,0.8
R2P2_alpha_0.2,20260521,2,original,1,3,0,0.0
R2P2_alpha_0.2,20260521,2,original,2,0,0,0.0
R2P2_alpha_0.2,20260521,2,original,2,1,0,0.0
R2P2_alpha_0.2,20260521,2,original,2,2,320,1.0
R2P2_alpha_0.2,20260521,2,original,2,3,0,0.0
R2P2_alpha_0.2,20260521,2,original,3,0,0,0.0
R2P2_alpha_0.2,20260521,2,original,3,1,0,0.0
R2P2_alpha_0.2,20260521,2,original,3,2,256,0.8
R2P2_alpha_0.2,20260521,2,original,3,3,64,0.2
R2P2_alpha_0.2,20260521,5,original,0,0,320,1.0
R2P2_alpha_0.2,20260521,5,original,0,1,0,0.0
R2P2_alpha_0.2,20260521,5,original,0,2,0,0.0
R2P2_alpha_0.2,20260521,5,original,0,3,0,0.0
R2P2_alpha_0.2,20260521,5,original,1,0,0,0.0
R2P2_alpha_0.2,20260521,5,original,1,1,32,0.1
R2P2_alpha_0.2,20260521,5,original,1,2,288,0.9
R2P2_alpha_0.2,20260521,5,original,1,3,0,0.0
R2P2_alpha_0.2,20260521,5,original,2,0,0,0.0
R2P2_alpha_0.2,20260521,5,original,2,1,0,0.0
R2P2_alpha_0.2,20260521,5,original,2,2,320,1.0
R2P2_alpha_0.2,20260521,5,original,2,3,0,0.0
R2P2_alpha_0.2,20260521,5,original,3,0,0,0.0
R2P2_alpha_0.2,20260521,5,original,3,1,0,0.0
R2P2_alpha_0.2,20260521,5,original,3,2,288,0.9
R2P2_alpha_0.2,20260521,5,original,3,3,32,0.1
R2P2_alpha_0.2,20260521,10,original,0,0,320,1.0
R2P2_alpha_0.2,20260521,10,original,0,1,0,0.0
R2P2_alpha_0.2,20260521,10,original,0,2,0,0.0
R2P2_alpha_0.2,20260521,10,original,0,3,0,0.0
R2P2_alpha_0.2,20260521,10,original,1,0,0,0.0
R2P2_alpha_0.2,20260521,10,original,1,1,32,0.1
R2P2_alpha_0.2,20260521,10,original,1,2,288,0.9
R2P2_alpha_0.2,20260521,10,original,1,3,0,0.0
R2P2_alpha_0.2,20260521,10,original,2,0,0,0.0
R2P2_alpha_0.2,20260521,10,original,2,1,0,0.0
R2P2_alpha_0.2,20260521,10,original,2,2,320,1.0
R2P2_alpha_0.2,20260521,10,original,2,3,0,0.0
R2P2_alpha_0.2,20260521,10,original,3,0,0,0.0
R2P2_alpha_0.2,20260521,10,original,3,1,0,0.0
R2P2_alpha_0.2,20260521,10,original,3,2,0,0.0
R2P2_alpha_0.2,20260521,10,original,3,3,320,1.0
R2P2_alpha_0.2,20260521,20,original,0,0,320,1.0
R2P2_alpha_0.2,20260521,20,original,0,1,0,0.0
R2P2_alpha_0.2,20260521,20,original,0,2,0,0.0
R2P2_alpha_0.2,20260521,20,original,0,3,0,0.0
R2P2_alpha_0.2,20260521,20,original,1,0,0,0.0
R2P2_alpha_0.2,20260521,20,original,1,1,32,0.1
R2P2_alpha_0.2,20260521,20,original,1,2,288,0.9
R2P2_alpha_0.2,20260521,20,original,1,3,0,0.0
R2P2_alpha_0.2,20260521,20,original,2,0,0,0.0
R2P2_alpha_0.2,20260521,20,original,2,1,0,0.0
R2P2_alpha_0.2,20260521,20,original,2,2,320,1.0
R2P2_alpha_0.2,20260521,20,original,2,3,0,0.0
R2P2_alpha_0.2,20260521,20,original,3,0,0,0.0
R2P2_alpha_0.2,20260521,20,original,3,1,0,0.0
R2P2_alpha_0.2,20260521,20,original,3,2,0,0.0
R2P2_alpha_0.2,20260521,20,original,3,3,320,1.0
R2P2_alpha_0.2,20260521,50,original,0,0,320,1.0
R2P2_alpha_0.2,20260521,50,original,0,1,0,0.0
R2P2_alpha_0.2,20260521,50,original,0,2,0,0.0
R2P2_alpha_0.2,20260521,50,original,0,3,0,0.0
R2P2_alpha_0.2,20260521,50,original,1,0,0,0.0
R2P2_alpha_0.2,20260521,50,original,1,1,32,0.1
R2P2_alpha_0.2,20260521,50,original,1,2,288,0.9
R2P2_alpha_0.2,20260521,50,original,1,3,0,0.0
R2P2_alpha_0.2,20260521,50,original,2,0,0,0.0
R2P2_alpha_0.2,20260521,50,original,2,1,0,0.0
R2P2_alpha_0.2,20260521,50,original,2,2,320,1.0
R2P2_alpha_0.2,20260521,50,original,2,3,0,0.0
R2P2_alpha_0.2,20260521,50,original,3,0,0,0.0
R2P2_alpha_0.2,20260521,50,original,3,1,0,0.0
R2P2_alpha_0.2,20260521,50,original,3,2,0,0.0
R2P2_alpha_0.2,20260521,50,original,3,3,320,1.0
R2P2_alpha_0.2,20260521,1600,original,0,0,320,1.0
R2P2_alpha_0.2,20260521,1600,original,0,1,0,0.0
R2P2_alpha_0.2,20260521,1600,original,0,2,0,0.0
R2P2_alpha_0.2,20260521,1600,original,0,3,0,0.0
R2P2_alpha_0.2,20260521,1600,original,1,0,0,0.0
R2P2_alpha_0.2,20260521,1600,original,1,1,32,0.1
R2P2_alpha_0.2,20260521,1600,original,1,2,288,0.9
R2P2_alpha_0.2,20260521,1600,original,1,3,0,0.0
R2P2_alpha_0.2,20260521,1600,original,2,0,0,0.0
R2P2_alpha_0.2,20260521,1600,original,2,1,0,0.0
R2P2_alpha_0.2,20260521,1600,original,2,2,320,1.0
R2P2_alpha_0.2,20260521,1600,original,2,3,0,0.0
R2P2_alpha_0.2,20260521,1600,original,3,0,0,0.0
R2P2_alpha_0.2,20260521,1600,original,3,1,0,0.0
R2P2_alpha_0.2,20260521,1600,original,3,2,0,0.0
R2P2_alpha_0.2,20260521,1600,original,3,3,320,1.0
R2P2_alpha_0.2,20260522,0,original,0,0,320,1.0
R2P2_alpha_0.2,20260522,0,original,0,1,0,0.0
R2P2_alpha_0.2,20260522,0,original,0,2,0,0.0
R2P2_alpha_0.2,20260522,0,original,0,3,0,0.0
R2P2_alpha_0.2,20260522,0,original,1,0,0,0.0
R2P2_alpha_0.2,20260522,0,original,1,1,320,1.0
R2P2_alpha_0.2,20260522,0,original,1,2,0,0.0
R2P2_alpha_0.2,20260522,0,original,1,3,0,0.0
R2P2_alpha_0.2,20260522,0,original,2,0,0,0.0
R2P2_alpha_0.2,20260522,0,original,2,1,0,0.0
R2P2_alpha_0.2,20260522,0,original,2,2,160,0.5
R2P2_alpha_0.2,20260522,0,original,2,3,160,0.5
R2P2_alpha_0.2,20260522,0,original,3,0,0,0.0
R2P2_alpha_0.2,20260522,0,original,3,1,0,0.0
R2P2_alpha_0.2,20260522,0,original,3,2,0,0.0
R2P2_alpha_0.2,20260522,0,original,3,3,320,1.0
R2P2_alpha_0.2,20260522,1,original,0,0,128,0.4
R2P2_alpha_0.2,20260522,1,original,0,1,192,0.6
R2P2_alpha_0.2,20260522,1,original,0,2,0,0.0
R2P2_alpha_0.2,20260522,1,original,0,3,0,0.0
R2P2_alpha_0.2,20260522,1,original,1,0,0,0.0
R2P2_alpha_0.2,20260522,1,original,1,1,320,1.0
R2P2_alpha_0.2,20260522,1,original,1,2,0,0.0
R2P2_alpha_0.2,20260522,1,original,1,3,0,0.0
R2P2_alpha_0.2,20260522,1,original,2,0,0,0.0
R2P2_alpha_0.2,20260522,1,original,2,1,192,0.6
R2P2_alpha_0.2,20260522,1,original,2,2,128,0.4
R2P2_alpha_0.2,20260522,1,original,2,3,0,0.0
R2P2_alpha_0.2,20260522,1,original,3,0,0,0.0
R2P2_alpha_0.2,20260522,1,original,3,1,96,0.3
R2P2_alpha_0.2,20260522,1,original,3,2,0,0.0
R2P2_alpha_0.2,20260522,1,original,3,3,224,0.7
R2P2_alpha_0.2,20260522,2,original,0,0,32,0.1
R2P2_alpha_0.2,20260522,2,original,0,1,288,0.9
R2P2_alpha_0.2,20260522,2,original,0,2,0,0.0
R2P2_alpha_0.2,20260522,2,original,0,3,0,0.0
R2P2_alpha_0.2,20260522,2,original,1,0,0,0.0
R2P2_alpha_0.2,20260522,2,original,1,1,320,1.0
R2P2_alpha_0.2,20260522,2,original,1,2,0,0.0
R2P2_alpha_0.2,20260522,2,original,1,3,0,0.0
R2P2_alpha_0.2,20260522,2,original,2,0,0,0.0
R2P2_alpha_0.2,20260522,2,original,2,1,256,0.8
R2P2_alpha_0.2,20260522,2,original,2,2,64,0.2
R2P2_alpha_0.2,20260522,2,original,2,3,0,0.0
R2P2_alpha_0.2,20260522,2,original,3,0,0,0.0
R2P2_alpha_0.2,20260522,2,original,3,1,192,0.6
R2P2_alpha_0.2,20260522,2,original,3,2,0,0.0
R2P2_alpha_0.2,20260522,2,original,3,3,128,0.4
R2P2_alpha_0.2,20260522,5,original,0,0,0,0.0
R2P2_alpha_0.2,20260522,5,original,0,1,320,1.0
R2P2_alpha_0.2,20260522,5,original,0,2,0,0.0
R2P2_alpha_0.2,20260522,5,original,0,3,0,0.0
R2P2_alpha_0.2,20260522,5,original,1,0,0,0.0
R2P2_alpha_0.2,20260522,5,original,1,1,320,1.0
R2P2_alpha_0.2,20260522,5,original,1,2,0,0.0
R2P2_alpha_0.2,20260522,5,original,1,3,0,0.0
R2P2_alpha_0.2,20260522,5,original,2,0,0,0.0
R2P2_alpha_0.2,20260522,5,original,2,1,256,0.8
R2P2_alpha_0.2,20260522,5,original,2,2,64,0.2
R2P2_alpha_0.2,20260522,5,original,2,3,0,0.0
R2P2_alpha_0.2,20260522,5,original,3,0,0,0.0
R2P2_alpha_0.2,20260522,5,original,3,1,160,0.5
R2P2_alpha_0.2,20260522,5,original,3,2,0,0.0
R2P2_alpha_0.2,20260522,5,original,3,3,160,0.5
R2P2_alpha_0.2,20260522,10,original,0,0,0,0.0
R2P2_alpha_0.2,20260522,10,original,0,1,320,1.0
R2P2_alpha_0.2,20260522,10,original,0,2,0,0.0
R2P2_alpha_0.2,20260522,10,original,0,3,0,0.0
R2P2_alpha_0.2,20260522,10,original,1,0,0,0.0
R2P2_alpha_0.2,20260522,10,original,1,1,320,1.0
R2P2_alpha_0.2,20260522,10,original,1,2,0,0.0
R2P2_alpha_0.2,20260522,10,original,1,3,0,0.0
R2P2_alpha_0.2,20260522,10,original,2,0,0,0.0
R2P2_alpha_0.2,20260522,10,original,2,1,0,0.0
R2P2_alpha_0.2,20260522,10,original,2,2,320,1.0
R2P2_alpha_0.2,20260522,10,original,2,3,0,0.0
R2P2_alpha_0.2,20260522,10,original,3,0,0,0.0
R2P2_alpha_0.2,20260522,10,original,3,1,0,0.0
R2P2_alpha_0.2,20260522,10,original,3,2,0,0.0
R2P2_alpha_0.2,20260522,10,original,3,3,320,1.0
R2P2_alpha_0.2,20260522,20,original,0,0,0,0.0
R2P2_alpha_0.2,20260522,20,original,0,1,320,1.0
R2P2_alpha_0.2,20260522,20,original,0,2,0,0.0
R2P2_alpha_0.2,20260522,20,original,0,3,0,0.0
R2P2_alpha_0.2,20260522,20,original,1,0,0,0.0
R2P2_alpha_0.2,20260522,20,original,1,1,320,1.0
R2P2_alpha_0.2,20260522,20,original,1,2,0,0.0
R2P2_alpha_0.2,20260522,20,original,1,3,0,0.0
R2P2_alpha_0.2,20260522,20,original,2,0,0,0.0
R2P2_alpha_0.2,20260522,20,original,2,1,0,0.0
R2P2_alpha_0.2,20260522,20,original,2,2,320,1.0
R2P2_alpha_0.2,20260522,20,original,2,3,0,0.0
R2P2_alpha_0.2,20260522,20,original,3,0,0,0.0
R2P2_alpha_0.2,20260522,20,original,3,1,0,0.0
R2P2_alpha_0.2,20260522,20,original,3,2,0,0.0
R2P2_alpha_0.2,20260522,20,original,3,3,320,1.0
R2P2_alpha_0.2,20260522,50,original,0,0,0,0.0
R2P2_alpha_0.2,20260522,50,original,0,1,320,1.0
R2P2_alpha_0.2,20260522,50,original,0,2,0,0.0
R2P2_alpha_0.2,20260522,50,original,0,3,0,0.0
R2P2_alpha_0.2,20260522,50,original,1,0,0,0.0
R2P2_alpha_0.2,20260522,50,original,1,1,320,1.0
R2P2_alpha_0.2,20260522,50,original,1,2,0,0.0
R2P2_alpha_0.2,20260522,50,original,1,3,0,0.0
R2P2_alpha_0.2,20260522,50,original,2,0,0,0.0
R2P2_alpha_0.2,20260522,50,original,2,1,0,0.0
R2P2_alpha_0.2,20260522,50,original,2,2,320,1.0
R2P2_alpha_0.2,20260522,50,original,2,3,0,0.0
R2P2_alpha_0.2,20260522,50,original,3,0,0,0.0
R2P2_alpha_0.2,20260522,50,original,3,1,0,0.0
R2P2_alpha_0.2,20260522,50,original,3,2,0,0.0
R2P2_alpha_0.2,20260522,50,original,3,3,320,1.0
R2P2_alpha_0.2,20260522,1600,original,0,0,0,0.0
R2P2_alpha_0.2,20260522,1600,original,0,1,320,1.0
R2P2_alpha_0.2,20260522,1600,original,0,2,0,0.0
R2P2_alpha_0.2,20260522,1600,original,0,3,0,0.0
R2P2_alpha_0.2,20260522,1600,original,1,0,0,0.0
R2P2_alpha_0.2,20260522,1600,original,1,1,320,1.0
R2P2_alpha_0.2,20260522,1600,original,1,2,0,0.0
R2P2_alpha_0.2,20260522,1600,original,1,3,0,0.0
R2P2_alpha_0.2,20260522,1600,original,2,0,0,0.0
R2P2_alpha_0.2,20260522,1600,original,2,1,0,0.0
R2P2_alpha_0.2,20260522,1600,original,2,2,320,1.0
R2P2_alpha_0.2,20260522,1600,original,2,3,0,0.0
R2P2_alpha_0.2,20260522,1600,original,3,0,0,0.0
R2P2_alpha_0.2,20260522,1600,original,3,1,0,0.0
R2P2_alpha_0.2,20260522,1600,original,3,2,0,0.0
R2P2_alpha_0.2,20260522,1600,original,3,3,320,1.0
R2P2_alpha_0.2,20260523,0,original,0,0,320,1.0
R2P2_alpha_0.2,20260523,0,original,0,1,0,0.0
R2P2_alpha_0.2,20260523,0,original,0,2,0,0.0
R2P2_alpha_0.2,20260523,0,original,0,3,0,0.0
R2P2_alpha_0.2,20260523,0,original,1,0,0,0.0
R2P2_alpha_0.2,20260523,0,original,1,1,320,1.0
R2P2_alpha_0.2,20260523,0,original,1,2,0,0.0
R2P2_alpha_0.2,20260523,0,original,1,3,0,0.0
R2P2_alpha_0.2,20260523,0,original,2,0,0,0.0
R2P2_alpha_0.2,20260523,0,original,2,1,0,0.0
R2P2_alpha_0.2,20260523,0,original,2,2,320,1.0
R2P2_alpha_0.2,20260523,0,original,2,3,0,0.0
R2P2_alpha_0.2,20260523,0,original,3,0,0,0.0
R2P2_alpha_0.2,20260523,0,original,3,1,0,0.0
R2P2_alpha_0.2,20260523,0,original,3,2,0,0.0
R2P2_alpha_0.2,20260523,0,original,3,3,320,1.0
R2P2_alpha_0.2,20260523,1,original,0,0,320,1.0
R2P2_alpha_0.2,20260523,1,original,0,1,0,0.0
R2P2_alpha_0.2,20260523,1,original,0,2,0,0.0
R2P2_alpha_0.2,20260523,1,original,0,3,0,0.0
R2P2_alpha_0.2,20260523,1,original,1,0,0,0.0
R2P2_alpha_0.2,20260523,1,original,1,1,320,1.0
R2P2_alpha_0.2,20260523,1,original,1,2,0,0.0
R2P2_alpha_0.2,20260523,1,original,1,3,0,0.0
R2P2_alpha_0.2,20260523,1,original,2,0,160,0.5
R2P2_alpha_0.2,20260523,1,original,2,1,0,0.0
R2P2_alpha_0.2,20260523,1,original,2,2,160,0.5
R2P2_alpha_0.2,20260523,1,original,2,3,0,0.0
R2P2_alpha_0.2,20260523,1,original,3,0,0,0.0
R2P2_alpha_0.2,20260523,1,original,3,1,0,0.0
R2P2_alpha_0.2,20260523,1,original,3,2,0,0.0
R2P2_alpha_0.2,20260523,1,original,3,3,320,1.0
R2P2_alpha_0.2,20260523,2,original,0,0,320,1.0
R2P2_alpha_0.2,20260523,2,original,0,1,0,0.0
R2P2_alpha_0.2,20260523,2,original,0,2,0,0.0
R2P2_alpha_0.2,20260523,2,original,0,3,0,0.0
R2P2_alpha_0.2,20260523,2,original,1,0,0,0.0
R2P2_alpha_0.2,20260523,2,original,1,1,256,0.8
R2P2_alpha_0.2,20260523,2,original,1,2,0,0.0
R2P2_alpha_0.2,20260523,2,original,1,3,64,0.2
R2P2_alpha_0.2,20260523,2,original,2,0,0,0.0
R2P2_alpha_0.2,20260523,2,original,2,1,0,0.0
R2P2_alpha_0.2,20260523,2,original,2,2,32,0.1
R2P2_alpha_0.2,20260523,2,original,2,3,288,0.9
R2P2_alpha_0.2,20260523,2,original,3,0,0,0.0
R2P2_alpha_0.2,20260523,2,original,3,1,0,0.0
R2P2_alpha_0.2,20260523,2,original,3,2,0,0.0
R2P2_alpha_0.2,20260523,2,original,3,3,320,1.0
R2P2_alpha_0.2,20260523,5,original,0,0,320,1.0
R2P2_alpha_0.2,20260523,5,original,0,1,0,0.0
R2P2_alpha_0.2,20260523,5,original,0,2,0,0.0
R2P2_alpha_0.2,20260523,5,original,0,3,0,0.0
R2P2_alpha_0.2,20260523,5,original,1,0,0,0.0
R2P2_alpha_0.2,20260523,5,original,1,1,128,0.4
R2P2_alpha_0.2,20260523,5,original,1,2,0,0.0
R2P2_alpha_0.2,20260523,5,original,1,3,192,0.6
R2P2_alpha_0.2,20260523,5,original,2,0,256,0.8
R2P2_alpha_0.2,20260523,5,original,2,1,0,0.0
R2P2_alpha_0.2,20260523,5,original,2,2,32,0.1
R2P2_alpha_0.2,20260523,5,original,2,3,32,0.1
R2P2_alpha_0.2,20260523,5,original,3,0,0,0.0
R2P2_alpha_0.2,20260523,5,original,3,1,0,0.0
R2P2_alpha_0.2,20260523,5,original,3,2,0,0.0
R2P2_alpha_0.2,20260523,5,original,3,3,320,1.0
R2P2_alpha_0.2,20260523,10,original,0,0,320,1.0
R2P2_alpha_0.2,20260523,10,original,0,1,0,0.0
R2P2_alpha_0.2,20260523,10,original,0,2,0,0.0
R2P2_alpha_0.2,20260523,10,original,0,3,0,0.0
R2P2_alpha_0.2,20260523,10,original,1,0,0,0.0
R2P2_alpha_0.2,20260523,10,original,1,1,320,1.0
R2P2_alpha_0.2,20260523,10,original,1,2,0,0.0
R2P2_alpha_0.2,20260523,10,original,1,3,0,0.0
R2P2_alpha_0.2,20260523,10,original,2,0,256,0.8
R2P2_alpha_0.2,20260523,10,original,2,1,0,0.0
R2P2_alpha_0.2,20260523,10,original,2,2,32,0.1
R2P2_alpha_0.2,20260523,10,original,2,3,32,0.1
R2P2_alpha_0.2,20260523,10,original,3,0,0,0.0
R2P2_alpha_0.2,20260523,10,original,3,1,0,0.0
R2P2_alpha_0.2,20260523,10,original,3,2,0,0.0
R2P2_alpha_0.2,20260523,10,original,3,3,320,1.0
R2P2_alpha_0.2,20260523,20,original,0,0,320,1.0
R2P2_alpha_0.2,20260523,20,original,0,1,0,0.0
R2P2_alpha_0.2,20260523,20,original,0,2,0,0.0
R2P2_alpha_0.2,20260523,20,original,0,3,0,0.0
R2P2_alpha_0.2,20260523,20,original,1,0,0,0.0
R2P2_alpha_0.2,20260523,20,original,1,1,320,1.0
R2P2_alpha_0.2,20260523,20,original,1,2,0,0.0
R2P2_alpha_0.2,20260523,20,original,1,3,0,0.0
R2P2_alpha_0.2,20260523,20,original,2,0,32,0.1
R2P2_alpha_0.2,20260523,20,original,2,1,0,0.0
R2P2_alpha_0.2,20260523,20,original,2,2,288,0.9
R2P2_alpha_0.2,20260523,20,original,2,3,0,0.0
R2P2_alpha_0.2,20260523,20,original,3,0,0,0.0
R2P2_alpha_0.2,20260523,20,original,3,1,0,0.0
R2P2_alpha_0.2,20260523,20,original,3,2,0,0.0
R2P2_alpha_0.2,20260523,20,original,3,3,320,1.0
R2P2_alpha_0.2,20260523,50,original,0,0,320,1.0
R2P2_alpha_0.2,20260523,50,original,0,1,0,0.0
R2P2_alpha_0.2,20260523,50,original,0,2,0,0.0
R2P2_alpha_0.2,20260523,50,original,0,3,0,0.0
R2P2_alpha_0.2,20260523,50,original,1,0,0,0.0
R2P2_alpha_0.2,20260523,50,original,1,1,320,1.0
R2P2_alpha_0.2,20260523,50,original,1,2,0,0.0
R2P2_alpha_0.2,20260523,50,original,1,3,0,0.0
R2P2_alpha_0.2,20260523,50,original,2,0,0,0.0
R2P2_alpha_0.2,20260523,50,original,2,1,0,0.0
R2P2_alpha_0.2,20260523,50,original,2,2,320,1.0
R2P2_alpha_0.2,20260523,50,original,2,3,0,0.0
R2P2_alpha_0.2,20260523,50,original,3,0,0,0.0
R2P2_alpha_0.2,20260523,50,original,3,1,0,0.0
R2P2_alpha_0.2,20260523,50,original,3,2,0,0.0
R2P2_alpha_0.2,20260523,50,original,3,3,320,1.0
R2P2_alpha_0.2,20260523,1600,original,0,0,320,1.0
R2P2_alpha_0.2,20260523,1600,original,0,1,0,0.0
R2P2_alpha_0.2,20260523,1600,original,0,2,0,0.0
R2P2_alpha_0.2,20260523,1600,original,0,3,0,0.0
R2P2_alpha_0.2,20260523,1600,original,1,0,0,0.0
R2P2_alpha_0.2,20260523,1600,original,1,1,320,1.0
R2P2_alpha_0.2,20260523,1600,original,1,2,0,0.0
R2P2_alpha_0.2,20260523,1600,original,1,3,0,0.0
R2P2_alpha_0.2,20260523,1600,original,2,0,0,0.0
R2P2_alpha_0.2,20260523,1600,original,2,1,0,0.0
R2P2_alpha_0.2,20260523,1600,original,2,2,320,1.0
R2P2_alpha_0.2,20260523,1600,original,2,3,0,0.0
R2P2_alpha_0.2,20260523,1600,original,3,0,0,0.0
R2P2_alpha_0.2,20260523,1600,original,3,1,0,0.0
R2P2_alpha_0.2,20260523,1600,original,3,2,0,0.0
R2P2_alpha_0.2,20260523,1600,original,3,3,320,1.0
R2P2_alpha_0.2,20260524,0,original,0,0,320,1.0
R2P2_alpha_0.2,20260524,0,original,0,1,0,0.0
R2P2_alpha_0.2,20260524,0,original,0,2,0,0.0
R2P2_alpha_0.2,20260524,0,original,0,3,0,0.0
R2P2_alpha_0.2,20260524,0,original,1,0,0,0.0
R2P2_alpha_0.2,20260524,0,original,1,1,320,1.0
R2P2_alpha_0.2,20260524,0,original,1,2,0,0.0
R2P2_alpha_0.2,20260524,0,original,1,3,0,0.0
R2P2_alpha_0.2,20260524,0,original,2,0,0,0.0
R2P2_alpha_0.2,20260524,0,original,2,1,0,0.0
R2P2_alpha_0.2,20260524,0,original,2,2,320,1.0
R2P2_alpha_0.2,20260524,0,original,2,3,0,0.0
R2P2_alpha_0.2,20260524,0,original,3,0,0,0.0
R2P2_alpha_0.2,20260524,0,original,3,1,0,0.0
R2P2_alpha_0.2,20260524,0,original,3,2,0,0.0
R2P2_alpha_0.2,20260524,0,original,3,3,320,1.0
R2P2_alpha_0.2,20260524,1,original,0,0,320,1.0
R2P2_alpha_0.2,20260524,1,original,0,1,0,0.0
R2P2_alpha_0.2,20260524,1,original,0,2,0,0.0
R2P2_alpha_0.2,20260524,1,original,0,3,0,0.0
R2P2_alpha_0.2,20260524,1,original,1,0,0,0.0
R2P2_alpha_0.2,20260524,1,original,1,1,320,1.0
R2P2_alpha_0.2,20260524,1,original,1,2,0,0.0
R2P2_alpha_0.2,20260524,1,original,1,3,0,0.0
R2P2_alpha_0.2,20260524,1,original,2,0,0,0.0
R2P2_alpha_0.2,20260524,1,original,2,1,0,0.0
R2P2_alpha_0.2,20260524,1,original,2,2,320,1.0
R2P2_alpha_0.2,20260524,1,original,2,3,0,0.0
R2P2_alpha_0.2,20260524,1,original,3,0,0,0.0
R2P2_alpha_0.2,20260524,1,original,3,1,256,0.8
R2P2_alpha_0.2,20260524,1,original,3,2,0,0.0
R2P2_alpha_0.2,20260524,1,original,3,3,64,0.2
R2P2_alpha_0.2,20260524,2,original,0,0,320,1.0
R2P2_alpha_0.2,20260524,2,original,0,1,0,0.0
R2P2_alpha_0.2,20260524,2,original,0,2,0,0.0
R2P2_alpha_0.2,20260524,2,original,0,3,0,0.0
R2P2_alpha_0.2,20260524,2,original,1,0,0,0.0
R2P2_alpha_0.2,20260524,2,original,1,1,320,1.0
R2P2_alpha_0.2,20260524,2,original,1,2,0,0.0
R2P2_alpha_0.2,20260524,2,original,1,3,0,0.0
R2P2_alpha_0.2,20260524,2,original,2,0,0,0.0
R2P2_alpha_0.2,20260524,2,original,2,1,0,0.0
R2P2_alpha_0.2,20260524,2,original,2,2,320,1.0
R2P2_alpha_0.2,20260524,2,original,2,3,0,0.0
R2P2_alpha_0.2,20260524,2,original,3,0,96,0.3
R2P2_alpha_0.2,20260524,2,original,3,1,224,0.7
R2P2_alpha_0.2,20260524,2,original,3,2,0,0.0
R2P2_alpha_0.2,20260524,2,original,3,3,0,0.0
R2P2_alpha_0.2,20260524,5,original,0,0,320,1.0
R2P2_alpha_0.2,20260524,5,original,0,1,0,0.0
R2P2_alpha_0.2,20260524,5,original,0,2,0,0.0
R2P2_alpha_0.2,20260524,5,original,0,3,0,0.0
R2P2_alpha_0.2,20260524,5,original,1,0,0,0.0
R2P2_alpha_0.2,20260524,5,original,1,1,320,1.0
R2P2_alpha_0.2,20260524,5,original,1,2,0,0.0
R2P2_alpha_0.2,20260524,5,original,1,3,0,0.0
R2P2_alpha_0.2,20260524,5,original,2,0,0,0.0
R2P2_alpha_0.2,20260524,5,original,2,1,0,0.0
R2P2_alpha_0.2,20260524,5,original,2,2,320,1.0
R2P2_alpha_0.2,20260524,5,original,2,3,0,0.0
R2P2_alpha_0.2,20260524,5,original,3,0,64,0.2
R2P2_alpha_0.2,20260524,5,original,3,1,0,0.0
R2P2_alpha_0.2,20260524,5,original,3,2,256,0.8
R2P2_alpha_0.2,20260524,5,original,3,3,0,0.0
R2P2_alpha_0.2,20260524,10,original,0,0,320,1.0
R2P2_alpha_0.2,20260524,10,original,0,1,0,0.0
R2P2_alpha_0.2,20260524,10,original,0,2,0,0.0
R2P2_alpha_0.2,20260524,10,original,0,3,0,0.0
R2P2_alpha_0.2,20260524,10,original,1,0,0,0.0
R2P2_alpha_0.2,20260524,10,original,1,1,320,1.0
R2P2_alpha_0.2,20260524,10,original,1,2,0,0.0
R2P2_alpha_0.2,20260524,10,original,1,3,0,0.0
R2P2_alpha_0.2,20260524,10,original,2,0,0,0.0
R2P2_alpha_0.2,20260524,10,original,2,1,0,0.0
R2P2_alpha_0.2,20260524,10,original,2,2,320,1.0
R2P2_alpha_0.2,20260524,10,original,2,3,0,0.0
R2P2_alpha_0.2,20260524,10,original,3,0,0,0.0
R2P2_alpha_0.2,20260524,10,original,3,1,0,0.0
R2P2_alpha_0.2,20260524,10,original,3,2,320,1.0
R2P2_alpha_0.2,20260524,10,original,3,3,0,0.0
R2P2_alpha_0.2,20260524,20,original,0,0,320,1.0
R2P2_alpha_0.2,20260524,20,original,0,1,0,0.0
R2P2_alpha_0.2,20260524,20,original,0,2,0,0.0
R2P2_alpha_0.2,20260524,20,original,0,3,0,0.0
R2P2_alpha_0.2,20260524,20,original,1,0,0,0.0
R2P2_alpha_0.2,20260524,20,original,1,1,320,1.0
R2P2_alpha_0.2,20260524,20,original,1,2,0,0.0
R2P2_alpha_0.2,20260524,20,original,1,3,0,0.0
R2P2_alpha_0.2,20260524,20,original,2,0,0,0.0
R2P2_alpha_0.2,20260524,20,original,2,1,0,0.0
R2P2_alpha_0.2,20260524,20,original,2,2,320,1.0
R2P2_alpha_0.2,20260524,20,original,2,3,0,0.0
R2P2_alpha_0.2,20260524,20,original,3,0,0,0.0
R2P2_alpha_0.2,20260524,20,original,3,1,0,0.0
R2P2_alpha_0.2,20260524,20,original,3,2,320,1.0
R2P2_alpha_0.2,20260524,20,original,3,3,0,0.0
R2P2_alpha_0.2,20260524,50,original,0,0,320,1.0
R2P2_alpha_0.2,20260524,50,original,0,1,0,0.0
R2P2_alpha_0.2,20260524,50,original,0,2,0,0.0
R2P2_alpha_0.2,20260524,50,original,0,3,0,0.0
R2P2_alpha_0.2,20260524,50,original,1,0,0,0.0
R2P2_alpha_0.2,20260524,50,original,1,1,320,1.0
R2P2_alpha_0.2,20260524,50,original,1,2,0,0.0
R2P2_alpha_0.2,20260524,50,original,1,3,0,0.0
R2P2_alpha_0.2,20260524,50,original,2,0,0,0.0
R2P2_alpha_0.2,20260524,50,original,2,1,0,0.0
R2P2_alpha_0.2,20260524,50,original,2,2,320,1.0
R2P2_alpha_0.2,20260524,50,original,2,3,0,0.0
R2P2_alpha_0.2,20260524,50,original,3,0,0,0.0
R2P2_alpha_0.2,20260524,50,original,3,1,0,0.0
R2P2_alpha_0.2,20260524,50,original,3,2,320,1.0
R2P2_alpha_0.2,20260524,50,original,3,3,0,0.0
R2P2_alpha_0.2,20260524,1600,original,0,0,320,1.0
R2P2_alpha_0.2,20260524,1600,original,0,1,0,0.0
R2P2_alpha_0.2,20260524,1600,original,0,2,0,0.0
R2P2_alpha_0.2,20260524,1600,original,0,3,0,0.0
R2P2_alpha_0.2,20260524,1600,original,1,0,0,0.0
R2P2_alpha_0.2,20260524,1600,original,1,1,320,1.0
R2P2_alpha_0.2,20260524,1600,original,1,2,0,0.0
R2P2_alpha_0.2,20260524,1600,original,1,3,0,0.0
R2P2_alpha_0.2,20260524,1600,original,2,0,0,0.0
R2P2_alpha_0.2,20260524,1600,original,2,1,0,0.0
R2P2_alpha_0.2,20260524,1600,original,2,2,320,1.0
R2P2_alpha_0.2,20260524,1600,original,2,3,0,0.0
R2P2_alpha_0.2,20260524,1600,original,3,0,0,0.0
R2P2_alpha_0.2,20260524,1600,original,3,1,0,0.0
R2P2_alpha_0.2,20260524,1600,original,3,2,320,1.0
R2P2_alpha_0.2,20260524,1600,original,3,3,0,0.0
R2P2_alpha_0.2,20260525,0,original,0,0,320,1.0
R2P2_alpha_0.2,20260525,0,original,0,1,0,0.0
R2P2_alpha_0.2,20260525,0,original,0,2,0,0.0
R2P2_alpha_0.2,20260525,0,original,0,3,0,0.0
R2P2_alpha_0.2,20260525,0,original,1,0,0,0.0
R2P2_alpha_0.2,20260525,0,original,1,1,320,1.0
R2P2_alpha_0.2,20260525,0,original,1,2,0,0.0
R2P2_alpha_0.2,20260525,0,original,1,3,0,0.0
R2P2_alpha_0.2,20260525,0,original,2,0,0,0.0
R2P2_alpha_0.2,20260525,0,original,2,1,0,0.0
R2P2_alpha_0.2,20260525,0,original,2,2,320,1.0
R2P2_alpha_0.2,20260525,0,original,2,3,0,0.0
R2P2_alpha_0.2,20260525,0,original,3,0,0,0.0
R2P2_alpha_0.2,20260525,0,original,3,1,0,0.0
R2P2_alpha_0.2,20260525,0,original,3,2,96,0.3
R2P2_alpha_0.2,20260525,0,original,3,3,224,0.7
R2P2_alpha_0.2,20260525,1,original,0,0,64,0.2
R2P2_alpha_0.2,20260525,1,original,0,1,0,0.0
R2P2_alpha_0.2,20260525,1,original,0,2,256,0.8
R2P2_alpha_0.2,20260525,1,original,0,3,0,0.0
R2P2_alpha_0.2,20260525,1,original,1,0,0,0.0
R2P2_alpha_0.2,20260525,1,original,1,1,160,0.5
R2P2_alpha_0.2,20260525,1,original,1,2,160,0.5
R2P2_alpha_0.2,20260525,1,original,1,3,0,0.0
R2P2_alpha_0.2,20260525,1,original,2,0,0,0.0
R2P2_alpha_0.2,20260525,1,original,2,1,0,0.0
R2P2_alpha_0.2,20260525,1,original,2,2,320,1.0
R2P2_alpha_0.2,20260525,1,original,2,3,0,0.0
R2P2_alpha_0.2,20260525,1,original,3,0,0,0.0
R2P2_alpha_0.2,20260525,1,original,3,1,0,0.0
R2P2_alpha_0.2,20260525,1,original,3,2,192,0.6
R2P2_alpha_0.2,20260525,1,original,3,3,128,0.4
R2P2_alpha_0.2,20260525,2,original,0,0,32,0.1
R2P2_alpha_0.2,20260525,2,original,0,1,0,0.0
R2P2_alpha_0.2,20260525,2,original,0,2,288,0.9
R2P2_alpha_0.2,20260525,2,original,0,3,0,0.0
R2P2_alpha_0.2,20260525,2,original,1,0,0,0.0
R2P2_alpha_0.2,20260525,2,original,1,1,32,0.1
R2P2_alpha_0.2,20260525,2,original,1,2,288,0.9
R2P2_alpha_0.2,20260525,2,original,1,3,0,0.0
R2P2_alpha_0.2,20260525,2,original,2,0,0,0.0
R2P2_alpha_0.2,20260525,2,original,2,1,0,0.0
R2P2_alpha_0.2,20260525,2,original,2,2,320,1.0
R2P2_alpha_0.2,20260525,2,original,2,3,0,0.0
R2P2_alpha_0.2,20260525,2,original,3,0,0,0.0
R2P2_alpha_0.2,20260525,2,original,3,1,0,0.0
R2P2_alpha_0.2,20260525,2,original,3,2,256,0.8
R2P2_alpha_0.2,20260525,2,original,3,3,64,0.2
R2P2_alpha_0.2,20260525,5,original,0,0,0,0.0
R2P2_alpha_0.2,20260525,5,original,0,1,0,0.0
R2P2_alpha_0.2,20260525,5,original,0,2,320,1.0
R2P2_alpha_0.2,20260525,5,original,0,3,0,0.0
R2P2_alpha_0.2,20260525,5,original,1,0,0,0.0
R2P2_alpha_0.2,20260525,5,original,1,1,0,0.0
R2P2_alpha_0.2,20260525,5,original,1,2,320,1.0
R2P2_alpha_0.2,20260525,5,original,1,3,0,0.0
R2P2_alpha_0.2,20260525,5,original,2,0,0,0.0
R2P2_alpha_0.2,20260525,5,original,2,1,0,0.0
R2P2_alpha_0.2,20260525,5,original,2,2,320,1.0
R2P2_alpha_0.2,20260525,5,original,2,3,0,0.0
R2P2_alpha_0.2,20260525,5,original,3,0,0,0.0
R2P2_alpha_0.2,20260525,5,original,3,1,0,0.0
R2P2_alpha_0.2,20260525,5,original,3,2,288,0.9
R2P2_alpha_0.2,20260525,5,original,3,3,32,0.1
R2P2_alpha_0.2,20260525,10,original,0,0,0,0.0
R2P2_alpha_0.2,20260525,10,original,0,1,0,0.0
R2P2_alpha_0.2,20260525,10,original,0,2,320,1.0
R2P2_alpha_0.2,20260525,10,original,0,3,0,0.0
R2P2_alpha_0.2,20260525,10,original,1,0,0,0.0
R2P2_alpha_0.2,20260525,10,original,1,1,64,0.2
R2P2_alpha_0.2,20260525,10,original,1,2,256,0.8
R2P2_alpha_0.2,20260525,10,original,1,3,0,0.0
R2P2_alpha_0.2,20260525,10,original,2,0,0,0.0
R2P2_alpha_0.2,20260525,10,original,2,1,0,0.0
R2P2_alpha_0.2,20260525,10,original,2,2,320,1.0
R2P2_alpha_0.2,20260525,10,original,2,3,0,0.0
R2P2_alpha_0.2,20260525,10,original,3,0,0,0.0
R2P2_alpha_0.2,20260525,10,original,3,1,0,0.0
R2P2_alpha_0.2,20260525,10,original,3,2,128,0.4
R2P2_alpha_0.2,20260525,10,original,3,3,192,0.6
R2P2_alpha_0.2,20260525,20,original,0,0,0,0.0
R2P2_alpha_0.2,20260525,20,original,0,1,0,0.0
R2P2_alpha_0.2,20260525,20,original,0,2,320,1.0
R2P2_alpha_0.2,20260525,20,original,0,3,0,0.0
R2P2_alpha_0.2,20260525,20,original,1,0,0,0.0
R2P2_alpha_0.2,20260525,20,original,1,1,320,1.0
R2P2_alpha_0.2,20260525,20,original,1,2,0,0.0
R2P2_alpha_0.2,20260525,20,original,1,3,0,0.0
R2P2_alpha_0.2,20260525,20,original,2,0,0,0.0
R2P2_alpha_0.2,20260525,20,original,2,1,0,0.0
R2P2_alpha_0.2,20260525,20,original,2,2,320,1.0
R2P2_alpha_0.2,20260525,20,original,2,3,0,0.0
R2P2_alpha_0.2,20260525,20,original,3,0,0,0.0
R2P2_alpha_0.2,20260525,20,original,3,1,0,0.0
R2P2_alpha_0.2,20260525,20,original,3,2,0,0.0
R2P2_alpha_0.2,20260525,20,original,3,3,320,1.0
R2P2_alpha_0.2,20260525,50,original,0,0,0,0.0
R2P2_alpha_0.2,20260525,50,original,0,1,0,0.0
R2P2_alpha_0.2,20260525,50,original,0,2,320,1.0
R2P2_alpha_0.2,20260525,50,original,0,3,0,0.0
R2P2_alpha_0.2,20260525,50,original,1,0,0,0.0
R2P2_alpha_0.2,20260525,50,original,1,1,320,1.0
R2P2_alpha_0.2,20260525,50,original,1,2,0,0.0
R2P2_alpha_0.2,20260525,50,original,1,3,0,0.0
R2P2_alpha_0.2,20260525,50,original,2,0,0,0.0
R2P2_alpha_0.2,20260525,50,original,2,1,0,0.0
R2P2_alpha_0.2,20260525,50,original,2,2,320,1.0
R2P2_alpha_0.2,20260525,50,original,2,3,0,0.0
R2P2_alpha_0.2,20260525,50,original,3,0,0,0.0
R2P2_alpha_0.2,20260525,50,original,3,1,0,0.0
R2P2_alpha_0.2,20260525,50,original,3,2,0,0.0
R2P2_alpha_0.2,20260525,50,original,3,3,320,1.0
R2P2_alpha_0.2,20260525,1600,original,0,0,0,0.0
R2P2_alpha_0.2,20260525,1600,original,0,1,0,0.0
R2P2_alpha_0.2,20260525,1600,original,0,2,320,1.0
R2P2_alpha_0.2,20260525,1600,original,0,3,0,0.0
R2P2_alpha_0.2,20260525,1600,original,1,0,0,0.0
R2P2_alpha_0.2,20260525,1600,original,1,1,320,1.0
R2P2_alpha_0.2,20260525,1600,original,1,2,0,0.0
R2P2_alpha_0.2,20260525,1600,original,1,3,0,0.0
R2P2_alpha_0.2,20260525,1600,original,2,0,0,0.0
R2P2_alpha_0.2,20260525,1600,original,2,1,0,0.0
R2P2_alpha_0.2,20260525,1600,original,2,2,320,1.0
R2P2_alpha_0.2,20260525,1600,original,2,3,0,0.0
R2P2_alpha_0.2,20260525,1600,original,3,0,0,0.0
R2P2_alpha_0.2,20260525,1600,original,3,1,0,0.0
R2P2_alpha_0.2,20260525,1600,original,3,2,0,0.0
R2P2_alpha_0.2,20260525,1600,original,3,3,320,1.0
R2P2_alpha_0.2,20260526,0,original,0,0,320,1.0
R2P2_alpha_0.2,20260526,0,original,0,1,0,0.0
R2P2_alpha_0.2,20260526,0,original,0,2,0,0.0
R2P2_alpha_0.2,20260526,0,original,0,3,0,0.0
R2P2_alpha_0.2,20260526,0,original,1,0,0,0.0
R2P2_alpha_0.2,20260526,0,original,1,1,320,1.0
R2P2_alpha_0.2,20260526,0,original,1,2,0,0.0
R2P2_alpha_0.2,20260526,0,original,1,3,0,0.0
R2P2_alpha_0.2,20260526,0,original,2,0,0,0.0
R2P2_alpha_0.2,20260526,0,original,2,1,0,0.0
R2P2_alpha_0.2,20260526,0,original,2,2,320,1.0
R2P2_alpha_0.2,20260526,0,original,2,3,0,0.0
R2P2_alpha_0.2,20260526,0,original,3,0,0,0.0
R2P2_alpha_0.2,20260526,0,original,3,1,0,0.0
R2P2_alpha_0.2,20260526,0,original,3,2,0,0.0
R2P2_alpha_0.2,20260526,0,original,3,3,320,1.0
R2P2_alpha_0.2,20260526,1,original,0,0,320,1.0
R2P2_alpha_0.2,20260526,1,original,0,1,0,0.0
R2P2_alpha_0.2,20260526,1,original,0,2,0,0.0
R2P2_alpha_0.2,20260526,1,original,0,3,0,0.0
R2P2_alpha_0.2,20260526,1,original,1,0,0,0.0
R2P2_alpha_0.2,20260526,1,original,1,1,320,1.0
R2P2_alpha_0.2,20260526,1,original,1,2,0,0.0
R2P2_alpha_0.2,20260526,1,original,1,3,0,0.0
R2P2_alpha_0.2,20260526,1,original,2,0,0,0.0
R2P2_alpha_0.2,20260526,1,original,2,1,0,0.0
R2P2_alpha_0.2,20260526,1,original,2,2,320,1.0
R2P2_alpha_0.2,20260526,1,original,2,3,0,0.0
R2P2_alpha_0.2,20260526,1,original,3,0,0,0.0
R2P2_alpha_0.2,20260526,1,original,3,1,0,0.0
R2P2_alpha_0.2,20260526,1,original,3,2,0,0.0
R2P2_alpha_0.2,20260526,1,original,3,3,320,1.0
R2P2_alpha_0.2,20260526,2,original,0,0,320,1.0
R2P2_alpha_0.2,20260526,2,original,0,1,0,0.0
R2P2_alpha_0.2,20260526,2,original,0,2,0,0.0
R2P2_alpha_0.2,20260526,2,original,0,3,0,0.0
R2P2_alpha_0.2,20260526,2,original,1,0,256,0.8
R2P2_alpha_0.2,20260526,2,original,1,1,64,0.2
R2P2_alpha_0.2,20260526,2,original,1,2,0,0.0
R2P2_alpha_0.2,20260526,2,original,1,3,0,0.0
R2P2_alpha_0.2,20260526,2,original,2,0,0,0.0
R2P2_alpha_0.2,20260526,2,original,2,1,0,0.0
R2P2_alpha_0.2,20260526,2,original,2,2,320,1.0
R2P2_alpha_0.2,20260526,2,original,2,3,0,0.0
R2P2_alpha_0.2,20260526,2,original,3,0,0,0.0
R2P2_alpha_0.2,20260526,2,original,3,1,0,0.0
R2P2_alpha_0.2,20260526,2,original,3,2,0,0.0
R2P2_alpha_0.2,20260526,2,original,3,3,320,1.0
R2P2_alpha_0.2,20260526,5,original,0,0,320,1.0
R2P2_alpha_0.2,20260526,5,original,0,1,0,0.0
R2P2_alpha_0.2,20260526,5,original,0,2,0,0.0
R2P2_alpha_0.2,20260526,5,original,0,3,0,0.0
R2P2_alpha_0.2,20260526,5,original,1,0,288,0.9
R2P2_alpha_0.2,20260526,5,original,1,1,32,0.1
R2P2_alpha_0.2,20260526,5,original,1,2,0,0.0
R2P2_alpha_0.2,20260526,5,original,1,3,0,0.0
R2P2_alpha_0.2,20260526,5,original,2,0,0,0.0
R2P2_alpha_0.2,20260526,5,original,2,1,0,0.0
R2P2_alpha_0.2,20260526,5,original,2,2,320,1.0
R2P2_alpha_0.2,20260526,5,original,2,3,0,0.0
R2P2_alpha_0.2,20260526,5,original,3,0,0,0.0
R2P2_alpha_0.2,20260526,5,original,3,1,0,0.0
R2P2_alpha_0.2,20260526,5,original,3,2,0,0.0
R2P2_alpha_0.2,20260526,5,original,3,3,320,1.0
R2P2_alpha_0.2,20260526,10,original,0,0,320,1.0
R2P2_alpha_0.2,20260526,10,original,0,1,0,0.0
R2P2_alpha_0.2,20260526,10,original,0,2,0,0.0
R2P2_alpha_0.2,20260526,10,original,0,3,0,0.0
R2P2_alpha_0.2,20260526,10,original,1,0,128,0.4
R2P2_alpha_0.2,20260526,10,original,1,1,192,0.6
R2P2_alpha_0.2,20260526,10,original,1,2,0,0.0
R2P2_alpha_0.2,20260526,10,original,1,3,0,0.0
R2P2_alpha_0.2,20260526,10,original,2,0,0,0.0
R2P2_alpha_0.2,20260526,10,original,2,1,0,0.0
R2P2_alpha_0.2,20260526,10,original,2,2,320,1.0
R2P2_alpha_0.2,20260526,10,original,2,3,0,0.0
R2P2_alpha_0.2,20260526,10,original,3,0,0,0.0
R2P2_alpha_0.2,20260526,10,original,3,1,0,0.0
R2P2_alpha_0.2,20260526,10,original,3,2,0,0.0
R2P2_alpha_0.2,20260526,10,original,3,3,320,1.0
R2P2_alpha_0.2,20260526,20,original,0,0,320,1.0
R2P2_alpha_0.2,20260526,20,original,0,1,0,0.0
R2P2_alpha_0.2,20260526,20,original,0,2,0,0.0
R2P2_alpha_0.2,20260526,20,original,0,3,0,0.0
R2P2_alpha_0.2,20260526,20,original,1,0,0,0.0
R2P2_alpha_0.2,20260526,20,original,1,1,320,1.0
R2P2_alpha_0.2,20260526,20,original,1,2,0,0.0
R2P2_alpha_0.2,20260526,20,original,1,3,0,0.0
R2P2_alpha_0.2,20260526,20,original,2,0,0,0.0
R2P2_alpha_0.2,20260526,20,original,2,1,0,0.0
R2P2_alpha_0.2,20260526,20,original,2,2,320,1.0
R2P2_alpha_0.2,20260526,20,original,2,3,0,0.0
R2P2_alpha_0.2,20260526,20,original,3,0,0,0.0
R2P2_alpha_0.2,20260526,20,original,3,1,0,0.0
R2P2_alpha_0.2,20260526,20,original,3,2,0,0.0
R2P2_alpha_0.2,20260526,20,original,3,3,320,1.0
R2P2_alpha_0.2,20260526,50,original,0,0,320,1.0
R2P2_alpha_0.2,20260526,50,original,0,1,0,0.0
R2P2_alpha_0.2,20260526,50,original,0,2,0,0.0
R2P2_alpha_0.2,20260526,50,original,0,3,0,0.0
R2P2_alpha_0.2,20260526,50,original,1,0,0,0.0
R2P2_alpha_0.2,20260526,50,original,1,1,320,1.0
R2P2_alpha_0.2,20260526,50,original,1,2,0,0.0
R2P2_alpha_0.2,20260526,50,original,1,3,0,0.0
R2P2_alpha_0.2,20260526,50,original,2,0,0,0.0
R2P2_alpha_0.2,20260526,50,original,2,1,0,0.0
R2P2_alpha_0.2,20260526,50,original,2,2,320,1.0
R2P2_alpha_0.2,20260526,50,original,2,3,0,0.0
R2P2_alpha_0.2,20260526,50,original,3,0,0,0.0
R2P2_alpha_0.2,20260526,50,original,3,1,0,0.0
R2P2_alpha_0.2,20260526,50,original,3,2,0,0.0
R2P2_alpha_0.2,20260526,50,original,3,3,320,1.0
R2P2_alpha_0.2,20260526,1600,original,0,0,320,1.0
R2P2_alpha_0.2,20260526,1600,original,0,1,0,0.0
R2P2_alpha_0.2,20260526,1600,original,0,2,0,0.0
R2P2_alpha_0.2,20260526,1600,original,0,3,0,0.0
R2P2_alpha_0.2,20260526,1600,original,1,0,0,0.0
R2P2_alpha_0.2,20260526,1600,original,1,1,320,1.0
R2P2_alpha_0.2,20260526,1600,original,1,2,0,0.0
R2P2_alpha_0.2,20260526,1600,original,1,3,0,0.0
R2P2_alpha_0.2,20260526,1600,original,2,0,0,0.0
R2P2_alpha_0.2,20260526,1600,original,2,1,0,0.0
R2P2_alpha_0.2,20260526,1600,original,2,2,320,1.0
R2P2_alpha_0.2,20260526,1600,original,2,3,0,0.0
R2P2_alpha_0.2,20260526,1600,original,3,0,0,0.0
R2P2_alpha_0.2,20260526,1600,original,3,1,0,0.0
R2P2_alpha_0.2,20260526,1600,original,3,2,0,0.0
R2P2_alpha_0.2,20260526,1600,original,3,3,320,1.0
R2P2_alpha_0.2,20260527,0,original,0,0,320,1.0
R2P2_alpha_0.2,20260527,0,original,0,1,0,0.0
R2P2_alpha_0.2,20260527,0,original,0,2,0,0.0
R2P2_alpha_0.2,20260527,0,original,0,3,0,0.0
R2P2_alpha_0.2,20260527,0,original,1,0,0,0.0
R2P2_alpha_0.2,20260527,0,original,1,1,288,0.9
R2P2_alpha_0.2,20260527,0,original,1,2,32,0.1
R2P2_alpha_0.2,20260527,0,original,1,3,0,0.0
R2P2_alpha_0.2,20260527,0,original,2,0,0,0.0
R2P2_alpha_0.2,20260527,0,original,2,1,0,0.0
R2P2_alpha_0.2,20260527,0,original,2,2,320,1.0
R2P2_alpha_0.2,20260527,0,original,2,3,0,0.0
R2P2_alpha_0.2,20260527,0,original,3,0,0,0.0
R2P2_alpha_0.2,20260527,0,original,3,1,0,0.0
R2P2_alpha_0.2,20260527,0,original,3,2,0,0.0
R2P2_alpha_0.2,20260527,0,original,3,3,320,1.0
R2P2_alpha_0.2,20260527,1,original,0,0,320,1.0
R2P2_alpha_0.2,20260527,1,original,0,1,0,0.0
R2P2_alpha_0.2,20260527,1,original,0,2,0,0.0
R2P2_alpha_0.2,20260527,1,original,0,3,0,0.0
R2P2_alpha_0.2,20260527,1,original,1,0,0,0.0
R2P2_alpha_0.2,20260527,1,original,1,1,320,1.0
R2P2_alpha_0.2,20260527,1,original,1,2,0,0.0
R2P2_alpha_0.2,20260527,1,original,1,3,0,0.0
R2P2_alpha_0.2,20260527,1,original,2,0,64,0.2
R2P2_alpha_0.2,20260527,1,original,2,1,0,0.0
R2P2_alpha_0.2,20260527,1,original,2,2,256,0.8
R2P2_alpha_0.2,20260527,1,original,2,3,0,0.0
R2P2_alpha_0.2,20260527,1,original,3,0,0,0.0
R2P2_alpha_0.2,20260527,1,original,3,1,0,0.0
R2P2_alpha_0.2,20260527,1,original,3,2,0,0.0
R2P2_alpha_0.2,20260527,1,original,3,3,320,1.0
R2P2_alpha_0.2,20260527,2,original,0,0,320,1.0
R2P2_alpha_0.2,20260527,2,original,0,1,0,0.0
R2P2_alpha_0.2,20260527,2,original,0,2,0,0.0
R2P2_alpha_0.2,20260527,2,original,0,3,0,0.0
R2P2_alpha_0.2,20260527,2,original,1,0,32,0.1
R2P2_alpha_0.2,20260527,2,original,1,1,288,0.9
R2P2_alpha_0.2,20260527,2,original,1,2,0,0.0
R2P2_alpha_0.2,20260527,2,original,1,3,0,0.0
R2P2_alpha_0.2,20260527,2,original,2,0,256,0.8
R2P2_alpha_0.2,20260527,2,original,2,1,0,0.0
R2P2_alpha_0.2,20260527,2,original,2,2,64,0.2
R2P2_alpha_0.2,20260527,2,original,2,3,0,0.0
R2P2_alpha_0.2,20260527,2,original,3,0,0,0.0
R2P2_alpha_0.2,20260527,2,original,3,1,0,0.0
R2P2_alpha_0.2,20260527,2,original,3,2,0,0.0
R2P2_alpha_0.2,20260527,2,original,3,3,320,1.0
R2P2_alpha_0.2,20260527,5,original,0,0,320,1.0
R2P2_alpha_0.2,20260527,5,original,0,1,0,0.0
R2P2_alpha_0.2,20260527,5,original,0,2,0,0.0
R2P2_alpha_0.2,20260527,5,original,0,3,0,0.0
R2P2_alpha_0.2,20260527,5,original,1,0,0,0.0
R2P2_alpha_0.2,20260527,5,original,1,1,320,1.0
R2P2_alpha_0.2,20260527,5,original,1,2,0,0.0
R2P2_alpha_0.2,20260527,5,original,1,3,0,0.0
R2P2_alpha_0.2,20260527,5,original,2,0,288,0.9
R2P2_alpha_0.2,20260527,5,original,2,1,0,0.0
R2P2_alpha_0.2,20260527,5,original,2,2,32,0.1
R2P2_alpha_0.2,20260527,5,original,2,3,0,0.0
R2P2_alpha_0.2,20260527,5,original,3,0,0,0.0
R2P2_alpha_0.2,20260527,5,original,3,1,0,0.0
R2P2_alpha_0.2,20260527,5,original,3,2,0,0.0
R2P2_alpha_0.2,20260527,5,original,3,3,320,1.0
R2P2_alpha_0.2,20260527,10,original,0,0,320,1.0
R2P2_alpha_0.2,20260527,10,original,0,1,0,0.0
R2P2_alpha_0.2,20260527,10,original,0,2,0,0.0
R2P2_alpha_0.2,20260527,10,original,0,3,0,0.0
R2P2_alpha_0.2,20260527,10,original,1,0,0,0.0
R2P2_alpha_0.2,20260527,10,original,1,1,320,1.0
R2P2_alpha_0.2,20260527,10,original,1,2,0,0.0
R2P2_alpha_0.2,20260527,10,original,1,3,0,0.0
R2P2_alpha_0.2,20260527,10,original,2,0,64,0.2
R2P2_alpha_0.2,20260527,10,original,2,1,224,0.7
R2P2_alpha_0.2,20260527,10,original,2,2,32,0.1
R2P2_alpha_0.2,20260527,10,original,2,3,0,0.0
R2P2_alpha_0.2,20260527,10,original,3,0,0,0.0
R2P2_alpha_0.2,20260527,10,original,3,1,0,0.0
R2P2_alpha_0.2,20260527,10,original,3,2,0,0.0
R2P2_alpha_0.2,20260527,10,original,3,3,320,1.0
R2P2_alpha_0.2,20260527,20,original,0,0,320,1.0
R2P2_alpha_0.2,20260527,20,original,0,1,0,0.0
R2P2_alpha_0.2,20260527,20,original,0,2,0,0.0
R2P2_alpha_0.2,20260527,20,original,0,3,0,0.0
R2P2_alpha_0.2,20260527,20,original,1,0,0,0.0
R2P2_alpha_0.2,20260527,20,original,1,1,320,1.0
R2P2_alpha_0.2,20260527,20,original,1,2,0,0.0
R2P2_alpha_0.2,20260527,20,original,1,3,0,0.0
R2P2_alpha_0.2,20260527,20,original,2,0,0,0.0
R2P2_alpha_0.2,20260527,20,original,2,1,0,0.0
R2P2_alpha_0.2,20260527,20,original,2,2,320,1.0
R2P2_alpha_0.2,20260527,20,original,2,3,0,0.0
R2P2_alpha_0.2,20260527,20,original,3,0,0,0.0
R2P2_alpha_0.2,20260527,20,original,3,1,0,0.0
R2P2_alpha_0.2,20260527,20,original,3,2,0,0.0
R2P2_alpha_0.2,20260527,20,original,3,3,320,1.0
R2P2_alpha_0.2,20260527,50,original,0,0,320,1.0
R2P2_alpha_0.2,20260527,50,original,0,1,0,0.0
R2P2_alpha_0.2,20260527,50,original,0,2,0,0.0
R2P2_alpha_0.2,20260527,50,original,0,3,0,0.0
R2P2_alpha_0.2,20260527,50,original,1,0,0,0.0
R2P2_alpha_0.2,20260527,50,original,1,1,320,1.0
R2P2_alpha_0.2,20260527,50,original,1,2,0,0.0
R2P2_alpha_0.2,20260527,50,original,1,3,0,0.0
R2P2_alpha_0.2,20260527,50,original,2,0,0,0.0
R2P2_alpha_0.2,20260527,50,original,2,1,0,0.0
R2P2_alpha_0.2,20260527,50,original,2,2,320,1.0
R2P2_alpha_0.2,20260527,50,original,2,3,0,0.0
R2P2_alpha_0.2,20260527,50,original,3,0,0,0.0
R2P2_alpha_0.2,20260527,50,original,3,1,0,0.0
R2P2_alpha_0.2,20260527,50,original,3,2,0,0.0
R2P2_alpha_0.2,20260527,50,original,3,3,320,1.0
R2P2_alpha_0.2,20260527,1600,original,0,0,320,1.0
R2P2_alpha_0.2,20260527,1600,original,0,1,0,0.0
R2P2_alpha_0.2,20260527,1600,original,0,2,0,0.0
R2P2_alpha_0.2,20260527,1600,original,0,3,0,0.0
R2P2_alpha_0.2,20260527,1600,original,1,0,0,0.0
R2P2_alpha_0.2,20260527,1600,original,1,1,320,1.0
R2P2_alpha_0.2,20260527,1600,original,1,2,0,0.0
R2P2_alpha_0.2,20260527,1600,original,1,3,0,0.0
R2P2_alpha_0.2,20260527,1600,original,2,0,0,0.0
R2P2_alpha_0.2,20260527,1600,original,2,1,0,0.0
R2P2_alpha_0.2,20260527,1600,original,2,2,320,1.0
R2P2_alpha_0.2,20260527,1600,original,2,3,0,0.0
R2P2_alpha_0.2,20260527,1600,original,3,0,0,0.0
R2P2_alpha_0.2,20260527,1600,original,3,1,0,0.0
R2P2_alpha_0.2,20260527,1600,original,3,2,0,0.0
R2P2_alpha_0.2,20260527,1600,original,3,3,320,1.0
R2P2_alpha_0.2,20260528,0,original,0,0,256,0.8
R2P2_alpha_0.2,20260528,0,original,0,1,64,0.2
R2P2_alpha_0.2,20260528,0,original,0,2,0,0.0
R2P2_alpha_0.2,20260528,0,original,0,3,0,0.0
R2P2_alpha_0.2,20260528,0,original,1,0,0,0.0
R2P2_alpha_0.2,20260528,0,original,1,1,320,1.0
R2P2_alpha_0.2,20260528,0,original,1,2,0,0.0
R2P2_alpha_0.2,20260528,0,original,1,3,0,0.0
R2P2_alpha_0.2,20260528,0,original,2,0,0,0.0
R2P2_alpha_0.2,20260528,0,original,2,1,0,0.0
R2P2_alpha_0.2,20260528,0,original,2,2,320,1.0
R2P2_alpha_0.2,20260528,0,original,2,3,0,0.0
R2P2_alpha_0.2,20260528,0,original,3,0,0,0.0
R2P2_alpha_0.2,20260528,0,original,3,1,32,0.1
R2P2_alpha_0.2,20260528,0,original,3,2,0,0.0
R2P2_alpha_0.2,20260528,0,original,3,3,288,0.9
R2P2_alpha_0.2,20260528,1,original,0,0,96,0.3
R2P2_alpha_0.2,20260528,1,original,0,1,224,0.7
R2P2_alpha_0.2,20260528,1,original,0,2,0,0.0
R2P2_alpha_0.2,20260528,1,original,0,3,0,0.0
R2P2_alpha_0.2,20260528,1,original,1,0,0,0.0
R2P2_alpha_0.2,20260528,1,original,1,1,320,1.0
R2P2_alpha_0.2,20260528,1,original,1,2,0,0.0
R2P2_alpha_0.2,20260528,1,original,1,3,0,0.0
R2P2_alpha_0.2,20260528,1,original,2,0,0,0.0
R2P2_alpha_0.2,20260528,1,original,2,1,0,0.0
R2P2_alpha_0.2,20260528,1,original,2,2,320,1.0
R2P2_alpha_0.2,20260528,1,original,2,3,0,0.0
R2P2_alpha_0.2,20260528,1,original,3,0,0,0.0
R2P2_alpha_0.2,20260528,1,original,3,1,0,0.0
R2P2_alpha_0.2,20260528,1,original,3,2,0,0.0
R2P2_alpha_0.2,20260528,1,original,3,3,320,1.0
R2P2_alpha_0.2,20260528,2,original,0,0,64,0.2
R2P2_alpha_0.2,20260528,2,original,0,1,256,0.8
R2P2_alpha_0.2,20260528,2,original,0,2,0,0.0
R2P2_alpha_0.2,20260528,2,original,0,3,0,0.0
R2P2_alpha_0.2,20260528,2,original,1,0,0,0.0
R2P2_alpha_0.2,20260528,2,original,1,1,320,1.0
R2P2_alpha_0.2,20260528,2,original,1,2,0,0.0
R2P2_alpha_0.2,20260528,2,original,1,3,0,0.0
R2P2_alpha_0.2,20260528,2,original,2,0,0,0.0
R2P2_alpha_0.2,20260528,2,original,2,1,0,0.0
R2P2_alpha_0.2,20260528,2,original,2,2,320,1.0
R2P2_alpha_0.2,20260528,2,original,2,3,0,0.0
R2P2_alpha_0.2,20260528,2,original,3,0,0,0.0
R2P2_alpha_0.2,20260528,2,original,3,1,0,0.0
R2P2_alpha_0.2,20260528,2,original,3,2,0,0.0
R2P2_alpha_0.2,20260528,2,original,3,3,320,1.0
R2P2_alpha_0.2,20260528,5,original,0,0,32,0.1
R2P2_alpha_0.2,20260528,5,original,0,1,256,0.8
R2P2_alpha_0.2,20260528,5,original,0,2,0,0.0
R2P2_alpha_0.2,20260528,5,original,0,3,32,0.1
R2P2_alpha_0.2,20260528,5,original,1,0,0,0.0
R2P2_alpha_0.2,20260528,5,original,1,1,320,1.0
R2P2_alpha_0.2,20260528,5,original,1,2,0,0.0
R2P2_alpha_0.2,20260528,5,original,1,3,0,0.0
R2P2_alpha_0.2,20260528,5,original,2,0,0,0.0
R2P2_alpha_0.2,20260528,5,original,2,1,0,0.0
R2P2_alpha_0.2,20260528,5,original,2,2,320,1.0
R2P2_alpha_0.2,20260528,5,original,2,3,0,0.0
R2P2_alpha_0.2,20260528,5,original,3,0,0,0.0
R2P2_alpha_0.2,20260528,5,original,3,1,0,0.0
R2P2_alpha_0.2,20260528,5,original,3,2,0,0.0
R2P2_alpha_0.2,20260528,5,original,3,3,320,1.0
R2P2_alpha_0.2,20260528,10,original,0,0,192,0.6
R2P2_alpha_0.2,20260528,10,original,0,1,128,0.4
R2P2_alpha_0.2,20260528,10,original,0,2,0,0.0
R2P2_alpha_0.2,20260528,10,original,0,3,0,0.0
R2P2_alpha_0.2,20260528,10,original,1,0,0,0.0
R2P2_alpha_0.2,20260528,10,original,1,1,320,1.0
R2P2_alpha_0.2,20260528,10,original,1,2,0,0.0
R2P2_alpha_0.2,20260528,10,original,1,3,0,0.0
R2P2_alpha_0.2,20260528,10,original,2,0,0,0.0
R2P2_alpha_0.2,20260528,10,original,2,1,0,0.0
R2P2_alpha_0.2,20260528,10,original,2,2,320,1.0
R2P2_alpha_0.2,20260528,10,original,2,3,0,0.0
R2P2_alpha_0.2,20260528,10,original,3,0,0,0.0
R2P2_alpha_0.2,20260528,10,original,3,1,0,0.0
R2P2_alpha_0.2,20260528,10,original,3,2,0,0.0
R2P2_alpha_0.2,20260528,10,original,3,3,320,1.0
R2P2_alpha_0.2,20260528,20,original,0,0,320,1.0
R2P2_alpha_0.2,20260528,20,original,0,1,0,0.0
R2P2_alpha_0.2,20260528,20,original,0,2,0,0.0
R2P2_alpha_0.2,20260528,20,original,0,3,0,0.0
R2P2_alpha_0.2,20260528,20,original,1,0,0,0.0
R2P2_alpha_0.2,20260528,20,original,1,1,320,1.0
R2P2_alpha_0.2,20260528,20,original,1,2,0,0.0
R2P2_alpha_0.2,20260528,20,original,1,3,0,0.0
R2P2_alpha_0.2,20260528,20,original,2,0,0,0.0
R2P2_alpha_0.2,20260528,20,original,2,1,0,0.0
R2P2_alpha_0.2,20260528,20,original,2,2,320,1.0
R2P2_alpha_0.2,20260528,20,original,2,3,0,0.0
R2P2_alpha_0.2,20260528,20,original,3,0,0,0.0
R2P2_alpha_0.2,20260528,20,original,3,1,0,0.0
R2P2_alpha_0.2,20260528,20,original,3,2,0,0.0
R2P2_alpha_0.2,20260528,20,original,3,3,320,1.0
R2P2_alpha_0.2,20260528,50,original,0,0,320,1.0
R2P2_alpha_0.2,20260528,50,original,0,1,0,0.0
R2P2_alpha_0.2,20260528,50,original,0,2,0,0.0
R2P2_alpha_0.2,20260528,50,original,0,3,0,0.0
R2P2_alpha_0.2,20260528,50,original,1,0,0,0.0
R2P2_alpha_0.2,20260528,50,original,1,1,320,1.0
R2P2_alpha_0.2,20260528,50,original,1,2,0,0.0
R2P2_alpha_0.2,20260528,50,original,1,3,0,0.0
R2P2_alpha_0.2,20260528,50,original,2,0,0,0.0
R2P2_alpha_0.2,20260528,50,original,2,1,0,0.0
R2P2_alpha_0.2,20260528,50,original,2,2,320,1.0
R2P2_alpha_0.2,20260528,50,original,2,3,0,0.0
R2P2_alpha_0.2,20260528,50,original,3,0,0,0.0
R2P2_alpha_0.2,20260528,50,original,3,1,0,0.0
R2P2_alpha_0.2,20260528,50,original,3,2,0,0.0
R2P2_alpha_0.2,20260528,50,original,3,3,320,1.0
R2P2_alpha_0.2,20260528,1600,original,0,0,320,1.0
R2P2_alpha_0.2,20260528,1600,original,0,1,0,0.0
R2P2_alpha_0.2,20260528,1600,original,0,2,0,0.0
R2P2_alpha_0.2,20260528,1600,original,0,3,0,0.0
R2P2_alpha_0.2,20260528,1600,original,1,0,0,0.0
R2P2_alpha_0.2,20260528,1600,original,1,1,320,1.0
R2P2_alpha_0.2,20260528,1600,original,1,2,0,0.0
R2P2_alpha_0.2,20260528,1600,original,1,3,0,0.0
R2P2_alpha_0.2,20260528,1600,original,2,0,0,0.0
R2P2_alpha_0.2,20260528,1600,original,2,1,0,0.0
R2P2_alpha_0.2,20260528,1600,original,2,2,320,1.0
R2P2_alpha_0.2,20260528,1600,original,2,3,0,0.0
R2P2_alpha_0.2,20260528,1600,original,3,0,0,0.0
R2P2_alpha_0.2,20260528,1600,original,3,1,0,0.0
R2P2_alpha_0.2,20260528,1600,original,3,2,0,0.0
R2P2_alpha_0.2,20260528,1600,original,3,3,320,1.0
R2P2_alpha_0.4,20260521,0,original,0,0,320,1.0
R2P2_alpha_0.4,20260521,0,original,0,1,0,0.0
R2P2_alpha_0.4,20260521,0,original,0,2,0,0.0
R2P2_alpha_0.4,20260521,0,original,0,3,0,0.0
R2P2_alpha_0.4,20260521,0,original,1,0,0,0.0
R2P2_alpha_0.4,20260521,0,original,1,1,320,1.0
R2P2_alpha_0.4,20260521,0,original,1,2,0,0.0
R2P2_alpha_0.4,20260521,0,original,1,3,0,0.0
R2P2_alpha_0.4,20260521,0,original,2,0,0,0.0
R2P2_alpha_0.4,20260521,0,original,2,1,0,0.0
R2P2_alpha_0.4,20260521,0,original,2,2,320,1.0
R2P2_alpha_0.4,20260521,0,original,2,3,0,0.0
R2P2_alpha_0.4,20260521,0,original,3,0,0,0.0
R2P2_alpha_0.4,20260521,0,original,3,1,0,0.0
R2P2_alpha_0.4,20260521,0,original,3,2,0,0.0
R2P2_alpha_0.4,20260521,0,original,3,3,320,1.0
R2P2_alpha_0.4,20260521,1,original,0,0,320,1.0
R2P2_alpha_0.4,20260521,1,original,0,1,0,0.0
R2P2_alpha_0.4,20260521,1,original,0,2,0,0.0
R2P2_alpha_0.4,20260521,1,original,0,3,0,0.0
R2P2_alpha_0.4,20260521,1,original,1,0,160,0.5
R2P2_alpha_0.4,20260521,1,original,1,1,160,0.5
R2P2_alpha_0.4,20260521,1,original,1,2,0,0.0
R2P2_alpha_0.4,20260521,1,original,1,3,0,0.0
R2P2_alpha_0.4,20260521,1,original,2,0,0,0.0
R2P2_alpha_0.4,20260521,1,original,2,1,0,0.0
R2P2_alpha_0.4,20260521,1,original,2,2,320,1.0
R2P2_alpha_0.4,20260521,1,original,2,3,0,0.0
R2P2_alpha_0.4,20260521,1,original,3,0,128,0.4
R2P2_alpha_0.4,20260521,1,original,3,1,0,0.0
R2P2_alpha_0.4,20260521,1,original,3,2,0,0.0
R2P2_alpha_0.4,20260521,1,original,3,3,192,0.6
R2P2_alpha_0.4,20260521,2,original,0,0,320,1.0
R2P2_alpha_0.4,20260521,2,original,0,1,0,0.0
R2P2_alpha_0.4,20260521,2,original,0,2,0,0.0
R2P2_alpha_0.4,20260521,2,original,0,3,0,0.0
R2P2_alpha_0.4,20260521,2,original,1,0,0,0.0
R2P2_alpha_0.4,20260521,2,original,1,1,64,0.2
R2P2_alpha_0.4,20260521,2,original,1,2,256,0.8
R2P2_alpha_0.4,20260521,2,original,1,3,0,0.0
R2P2_alpha_0.4,20260521,2,original,2,0,0,0.0
R2P2_alpha_0.4,20260521,2,original,2,1,0,0.0
R2P2_alpha_0.4,20260521,2,original,2,2,320,1.0
R2P2_alpha_0.4,20260521,2,original,2,3,0,0.0
R2P2_alpha_0.4,20260521,2,original,3,0,0,0.0
R2P2_alpha_0.4,20260521,2,original,3,1,0,0.0
R2P2_alpha_0.4,20260521,2,original,3,2,256,0.8
R2P2_alpha_0.4,20260521,2,original,3,3,64,0.2
R2P2_alpha_0.4,20260521,5,original,0,0,320,1.0
R2P2_alpha_0.4,20260521,5,original,0,1,0,0.0
R2P2_alpha_0.4,20260521,5,original,0,2,0,0.0
R2P2_alpha_0.4,20260521,5,original,0,3,0,0.0
R2P2_alpha_0.4,20260521,5,original,1,0,0,0.0
R2P2_alpha_0.4,20260521,5,original,1,1,32,0.1
R2P2_alpha_0.4,20260521,5,original,1,2,288,0.9
R2P2_alpha_0.4,20260521,5,original,1,3,0,0.0
R2P2_alpha_0.4,20260521,5,original,2,0,0,0.0
R2P2_alpha_0.4,20260521,5,original,2,1,0,0.0
R2P2_alpha_0.4,20260521,5,original,2,2,320,1.0
R2P2_alpha_0.4,20260521,5,original,2,3,0,0.0
R2P2_alpha_0.4,20260521,5,original,3,0,0,0.0
R2P2_alpha_0.4,20260521,5,original,3,1,0,0.0
R2P2_alpha_0.4,20260521,5,original,3,2,256,0.8
R2P2_alpha_0.4,20260521,5,original,3,3,64,0.2
R2P2_alpha_0.4,20260521,10,original,0,0,320,1.0
R2P2_alpha_0.4,20260521,10,original,0,1,0,0.0
R2P2_alpha_0.4,20260521,10,original,0,2,0,0.0
R2P2_alpha_0.4,20260521,10,original,0,3,0,0.0
R2P2_alpha_0.4,20260521,10,original,1,0,0,0.0
R2P2_alpha_0.4,20260521,10,original,1,1,32,0.1
R2P2_alpha_0.4,20260521,10,original,1,2,288,0.9
R2P2_alpha_0.4,20260521,10,original,1,3,0,0.0
R2P2_alpha_0.4,20260521,10,original,2,0,0,0.0
R2P2_alpha_0.4,20260521,10,original,2,1,0,0.0
R2P2_alpha_0.4,20260521,10,original,2,2,320,1.0
R2P2_alpha_0.4,20260521,10,original,2,3,0,0.0
R2P2_alpha_0.4,20260521,10,original,3,0,0,0.0
R2P2_alpha_0.4,20260521,10,original,3,1,0,0.0
R2P2_alpha_0.4,20260521,10,original,3,2,0,0.0
R2P2_alpha_0.4,20260521,10,original,3,3,320,1.0
R2P2_alpha_0.4,20260521,20,original,0,0,320,1.0
R2P2_alpha_0.4,20260521,20,original,0,1,0,0.0
R2P2_alpha_0.4,20260521,20,original,0,2,0,0.0
R2P2_alpha_0.4,20260521,20,original,0,3,0,0.0
R2P2_alpha_0.4,20260521,20,original,1,0,0,0.0
R2P2_alpha_0.4,20260521,20,original,1,1,32,0.1
R2P2_alpha_0.4,20260521,20,original,1,2,288,0.9
R2P2_alpha_0.4,20260521,20,original,1,3,0,0.0
R2P2_alpha_0.4,20260521,20,original,2,0,0,0.0
R2P2_alpha_0.4,20260521,20,original,2,1,0,0.0
R2P2_alpha_0.4,20260521,20,original,2,2,320,1.0
R2P2_alpha_0.4,20260521,20,original,2,3,0,0.0
R2P2_alpha_0.4,20260521,20,original,3,0,0,0.0
R2P2_alpha_0.4,20260521,20,original,3,1,0,0.0
R2P2_alpha_0.4,20260521,20,original,3,2,0,0.0
R2P2_alpha_0.4,20260521,20,original,3,3,320,1.0
R2P2_alpha_0.4,20260521,50,original,0,0,320,1.0
R2P2_alpha_0.4,20260521,50,original,0,1,0,0.0
R2P2_alpha_0.4,20260521,50,original,0,2,0,0.0
R2P2_alpha_0.4,20260521,50,original,0,3,0,0.0
R2P2_alpha_0.4,20260521,50,original,1,0,0,0.0
R2P2_alpha_0.4,20260521,50,original,1,1,32,0.1
R2P2_alpha_0.4,20260521,50,original,1,2,288,0.9
R2P2_alpha_0.4,20260521,50,original,1,3,0,0.0
R2P2_alpha_0.4,20260521,50,original,2,0,0,0.0
R2P2_alpha_0.4,20260521,50,original,2,1,0,0.0
R2P2_alpha_0.4,20260521,50,original,2,2,320,1.0
R2P2_alpha_0.4,20260521,50,original,2,3,0,0.0
R2P2_alpha_0.4,20260521,50,original,3,0,0,0.0
R2P2_alpha_0.4,20260521,50,original,3,1,0,0.0
R2P2_alpha_0.4,20260521,50,original,3,2,0,0.0
R2P2_alpha_0.4,20260521,50,original,3,3,320,1.0
R2P2_alpha_0.4,20260521,1600,original,0,0,320,1.0
R2P2_alpha_0.4,20260521,1600,original,0,1,0,0.0
R2P2_alpha_0.4,20260521,1600,original,0,2,0,0.0
R2P2_alpha_0.4,20260521,1600,original,0,3,0,0.0
R2P2_alpha_0.4,20260521,1600,original,1,0,0,0.0
R2P2_alpha_0.4,20260521,1600,original,1,1,32,0.1
R2P2_alpha_0.4,20260521,1600,original,1,2,288,0.9
R2P2_alpha_0.4,20260521,1600,original,1,3,0,0.0
R2P2_alpha_0.4,20260521,1600,original,2,0,0,0.0
R2P2_alpha_0.4,20260521,1600,original,2,1,0,0.0
R2P2_alpha_0.4,20260521,1600,original,2,2,320,1.0
R2P2_alpha_0.4,20260521,1600,original,2,3,0,0.0
R2P2_alpha_0.4,20260521,1600,original,3,0,0,0.0
R2P2_alpha_0.4,20260521,1600,original,3,1,0,0.0
R2P2_alpha_0.4,20260521,1600,original,3,2,0,0.0
R2P2_alpha_0.4,20260521,1600,original,3,3,320,1.0
R2P2_alpha_0.4,20260522,0,original,0,0,320,1.0
R2P2_alpha_0.4,20260522,0,original,0,1,0,0.0
R2P2_alpha_0.4,20260522,0,original,0,2,0,0.0
R2P2_alpha_0.4,20260522,0,original,0,3,0,0.0
R2P2_alpha_0.4,20260522,0,original,1,0,0,0.0
R2P2_alpha_0.4,20260522,0,original,1,1,320,1.0
R2P2_alpha_0.4,20260522,0,original,1,2,0,0.0
R2P2_alpha_0.4,20260522,0,original,1,3,0,0.0
R2P2_alpha_0.4,20260522,0,original,2,0,0,0.0
R2P2_alpha_0.4,20260522,0,original,2,1,0,0.0
R2P2_alpha_0.4,20260522,0,original,2,2,320,1.0
R2P2_alpha_0.4,20260522,0,original,2,3,0,0.0
R2P2_alpha_0.4,20260522,0,original,3,0,0,0.0
R2P2_alpha_0.4,20260522,0,original,3,1,0,0.0
R2P2_alpha_0.4,20260522,0,original,3,2,0,0.0
R2P2_alpha_0.4,20260522,0,original,3,3,320,1.0
R2P2_alpha_0.4,20260522,1,original,0,0,128,0.4
R2P2_alpha_0.4,20260522,1,original,0,1,192,0.6
R2P2_alpha_0.4,20260522,1,original,0,2,0,0.0
R2P2_alpha_0.4,20260522,1,original,0,3,0,0.0
R2P2_alpha_0.4,20260522,1,original,1,0,0,0.0
R2P2_alpha_0.4,20260522,1,original,1,1,320,1.0
R2P2_alpha_0.4,20260522,1,original,1,2,0,0.0
R2P2_alpha_0.4,20260522,1,original,1,3,0,0.0
R2P2_alpha_0.4,20260522,1,original,2,0,0,0.0
R2P2_alpha_0.4,20260522,1,original,2,1,128,0.4
R2P2_alpha_0.4,20260522,1,original,2,2,192,0.6
R2P2_alpha_0.4,20260522,1,original,2,3,0,0.0
R2P2_alpha_0.4,20260522,1,original,3,0,0,0.0
R2P2_alpha_0.4,20260522,1,original,3,1,96,0.3
R2P2_alpha_0.4,20260522,1,original,3,2,0,0.0
R2P2_alpha_0.4,20260522,1,original,3,3,224,0.7
R2P2_alpha_0.4,20260522,2,original,0,0,64,0.2
R2P2_alpha_0.4,20260522,2,original,0,1,256,0.8
R2P2_alpha_0.4,20260522,2,original,0,2,0,0.0
R2P2_alpha_0.4,20260522,2,original,0,3,0,0.0
R2P2_alpha_0.4,20260522,2,original,1,0,0,0.0
R2P2_alpha_0.4,20260522,2,original,1,1,320,1.0
R2P2_alpha_0.4,20260522,2,original,1,2,0,0.0
R2P2_alpha_0.4,20260522,2,original,1,3,0,0.0
R2P2_alpha_0.4,20260522,2,original,2,0,0,0.0
R2P2_alpha_0.4,20260522,2,original,2,1,192,0.6
R2P2_alpha_0.4,20260522,2,original,2,2,128,0.4
R2P2_alpha_0.4,20260522,2,original,2,3,0,0.0
R2P2_alpha_0.4,20260522,2,original,3,0,0,0.0
R2P2_alpha_0.4,20260522,2,original,3,1,192,0.6
R2P2_alpha_0.4,20260522,2,original,3,2,0,0.0
R2P2_alpha_0.4,20260522,2,original,3,3,128,0.4
R2P2_alpha_0.4,20260522,5,original,0,0,0,0.0
R2P2_alpha_0.4,20260522,5,original,0,1,320,1.0
R2P2_alpha_0.4,20260522,5,original,0,2,0,0.0
R2P2_alpha_0.4,20260522,5,original,0,3,0,0.0
R2P2_alpha_0.4,20260522,5,original,1,0,0,0.0
R2P2_alpha_0.4,20260522,5,original,1,1,320,1.0
R2P2_alpha_0.4,20260522,5,original,1,2,0,0.0
R2P2_alpha_0.4,20260522,5,original,1,3,0,0.0
R2P2_alpha_0.4,20260522,5,original,2,0,0,0.0
R2P2_alpha_0.4,20260522,5,original,2,1,128,0.4
R2P2_alpha_0.4,20260522,5,original,2,2,192,0.6
R2P2_alpha_0.4,20260522,5,original,2,3,0,0.0
R2P2_alpha_0.4,20260522,5,original,3,0,0,0.0
R2P2_alpha_0.4,20260522,5,original,3,1,160,0.5
R2P2_alpha_0.4,20260522,5,original,3,2,0,0.0
R2P2_alpha_0.4,20260522,5,original,3,3,160,0.5
R2P2_alpha_0.4,20260522,10,original,0,0,0,0.0
R2P2_alpha_0.4,20260522,10,original,0,1,320,1.0
R2P2_alpha_0.4,20260522,10,original,0,2,0,0.0
R2P2_alpha_0.4,20260522,10,original,0,3,0,0.0
R2P2_alpha_0.4,20260522,10,original,1,0,0,0.0
R2P2_alpha_0.4,20260522,10,original,1,1,320,1.0
R2P2_alpha_0.4,20260522,10,original,1,2,0,0.0
R2P2_alpha_0.4,20260522,10,original,1,3,0,0.0
R2P2_alpha_0.4,20260522,10,original,2,0,0,0.0
R2P2_alpha_0.4,20260522,10,original,2,1,0,0.0
R2P2_alpha_0.4,20260522,10,original,2,2,320,1.0
R2P2_alpha_0.4,20260522,10,original,2,3,0,0.0
R2P2_alpha_0.4,20260522,10,original,3,0,0,0.0
R2P2_alpha_0.4,20260522,10,original,3,1,0,0.0
R2P2_alpha_0.4,20260522,10,original,3,2,0,0.0
R2P2_alpha_0.4,20260522,10,original,3,3,320,1.0
R2P2_alpha_0.4,20260522,20,original,0,0,0,0.0
R2P2_alpha_0.4,20260522,20,original,0,1,320,1.0
R2P2_alpha_0.4,20260522,20,original,0,2,0,0.0
R2P2_alpha_0.4,20260522,20,original,0,3,0,0.0
R2P2_alpha_0.4,20260522,20,original,1,0,0,0.0
R2P2_alpha_0.4,20260522,20,original,1,1,320,1.0
R2P2_alpha_0.4,20260522,20,original,1,2,0,0.0
R2P2_alpha_0.4,20260522,20,original,1,3,0,0.0
R2P2_alpha_0.4,20260522,20,original,2,0,0,0.0
R2P2_alpha_0.4,20260522,20,original,2,1,0,0.0
R2P2_alpha_0.4,20260522,20,original,2,2,320,1.0
R2P2_alpha_0.4,20260522,20,original,2,3,0,0.0
R2P2_alpha_0.4,20260522,20,original,3,0,0,0.0
R2P2_alpha_0.4,20260522,20,original,3,1,0,0.0
R2P2_alpha_0.4,20260522,20,original,3,2,0,0.0
R2P2_alpha_0.4,20260522,20,original,3,3,320,1.0
R2P2_alpha_0.4,20260522,50,original,0,0,0,0.0
R2P2_alpha_0.4,20260522,50,original,0,1,320,1.0
R2P2_alpha_0.4,20260522,50,original,0,2,0,0.0
R2P2_alpha_0.4,20260522,50,original,0,3,0,0.0
R2P2_alpha_0.4,20260522,50,original,1,0,0,0.0
R2P2_alpha_0.4,20260522,50,original,1,1,320,1.0
R2P2_alpha_0.4,20260522,50,original,1,2,0,0.0
R2P2_alpha_0.4,20260522,50,original,1,3,0,0.0
R2P2_alpha_0.4,20260522,50,original,2,0,0,0.0
R2P2_alpha_0.4,20260522,50,original,2,1,0,0.0
R2P2_alpha_0.4,20260522,50,original,2,2,320,1.0
R2P2_alpha_0.4,20260522,50,original,2,3,0,0.0
R2P2_alpha_0.4,20260522,50,original,3,0,0,0.0
R2P2_alpha_0.4,20260522,50,original,3,1,0,0.0
R2P2_alpha_0.4,20260522,50,original,3,2,0,0.0
R2P2_alpha_0.4,20260522,50,original,3,3,320,1.0
R2P2_alpha_0.4,20260522,1600,original,0,0,0,0.0
R2P2_alpha_0.4,20260522,1600,original,0,1,320,1.0
R2P2_alpha_0.4,20260522,1600,original,0,2,0,0.0
R2P2_alpha_0.4,20260522,1600,original,0,3,0,0.0
R2P2_alpha_0.4,20260522,1600,original,1,0,0,0.0
R2P2_alpha_0.4,20260522,1600,original,1,1,320,1.0
R2P2_alpha_0.4,20260522,1600,original,1,2,0,0.0
R2P2_alpha_0.4,20260522,1600,original,1,3,0,0.0
R2P2_alpha_0.4,20260522,1600,original,2,0,0,0.0
R2P2_alpha_0.4,20260522,1600,original,2,1,0,0.0
R2P2_alpha_0.4,20260522,1600,original,2,2,320,1.0
R2P2_alpha_0.4,20260522,1600,original,2,3,0,0.0
R2P2_alpha_0.4,20260522,1600,original,3,0,0,0.0
R2P2_alpha_0.4,20260522,1600,original,3,1,0,0.0
R2P2_alpha_0.4,20260522,1600,original,3,2,0,0.0
R2P2_alpha_0.4,20260522,1600,original,3,3,320,1.0
R2P2_alpha_0.4,20260523,0,original,0,0,320,1.0
R2P2_alpha_0.4,20260523,0,original,0,1,0,0.0
R2P2_alpha_0.4,20260523,0,original,0,2,0,0.0
R2P2_alpha_0.4,20260523,0,original,0,3,0,0.0
R2P2_alpha_0.4,20260523,0,original,1,0,0,0.0
R2P2_alpha_0.4,20260523,0,original,1,1,320,1.0
R2P2_alpha_0.4,20260523,0,original,1,2,0,0.0
R2P2_alpha_0.4,20260523,0,original,1,3,0,0.0
R2P2_alpha_0.4,20260523,0,original,2,0,0,0.0
R2P2_alpha_0.4,20260523,0,original,2,1,0,0.0
R2P2_alpha_0.4,20260523,0,original,2,2,320,1.0
R2P2_alpha_0.4,20260523,0,original,2,3,0,0.0
R2P2_alpha_0.4,20260523,0,original,3,0,0,0.0
R2P2_alpha_0.4,20260523,0,original,3,1,0,0.0
R2P2_alpha_0.4,20260523,0,original,3,2,0,0.0
R2P2_alpha_0.4,20260523,0,original,3,3,320,1.0
R2P2_alpha_0.4,20260523,1,original,0,0,320,1.0
R2P2_alpha_0.4,20260523,1,original,0,1,0,0.0
R2P2_alpha_0.4,20260523,1,original,0,2,0,0.0
R2P2_alpha_0.4,20260523,1,original,0,3,0,0.0
R2P2_alpha_0.4,20260523,1,original,1,0,0,0.0
R2P2_alpha_0.4,20260523,1,original,1,1,320,1.0
R2P2_alpha_0.4,20260523,1,original,1,2,0,0.0
R2P2_alpha_0.4,20260523,1,original,1,3,0,0.0
R2P2_alpha_0.4,20260523,1,original,2,0,192,0.6
R2P2_alpha_0.4,20260523,1,original,2,1,0,0.0
R2P2_alpha_0.4,20260523,1,original,2,2,128,0.4
R2P2_alpha_0.4,20260523,1,original,2,3,0,0.0
R2P2_alpha_0.4,20260523,1,original,3,0,0,0.0
R2P2_alpha_0.4,20260523,1,original,3,1,0,0.0
R2P2_alpha_0.4,20260523,1,original,3,2,0,0.0
R2P2_alpha_0.4,20260523,1,original,3,3,320,1.0
R2P2_alpha_0.4,20260523,2,original,0,0,320,1.0
R2P2_alpha_0.4,20260523,2,original,0,1,0,0.0
R2P2_alpha_0.4,20260523,2,original,0,2,0,0.0
R2P2_alpha_0.4,20260523,2,original,0,3,0,0.0
R2P2_alpha_0.4,20260523,2,original,1,0,0,0.0
R2P2_alpha_0.4,20260523,2,original,1,1,224,0.7
R2P2_alpha_0.4,20260523,2,original,1,2,0,0.0
R2P2_alpha_0.4,20260523,2,original,1,3,96,0.3
R2P2_alpha_0.4,20260523,2,original,2,0,0,0.0
R2P2_alpha_0.4,20260523,2,original,2,1,0,0.0
R2P2_alpha_0.4,20260523,2,original,2,2,32,0.1
R2P2_alpha_0.4,20260523,2,original,2,3,288,0.9
R2P2_alpha_0.4,20260523,2,original,3,0,0,0.0
R2P2_alpha_0.4,20260523,2,original,3,1,0,0.0
R2P2_alpha_0.4,20260523,2,original,3,2,0,0.0
R2P2_alpha_0.4,20260523,2,original,3,3,320,1.0
R2P2_alpha_0.4,20260523,5,original,0,0,320,1.0
R2P2_alpha_0.4,20260523,5,original,0,1,0,0.0
R2P2_alpha_0.4,20260523,5,original,0,2,0,0.0
R2P2_alpha_0.4,20260523,5,original,0,3,0,0.0
R2P2_alpha_0.4,20260523,5,original,1,0,0,0.0
R2P2_alpha_0.4,20260523,5,original,1,1,96,0.3
R2P2_alpha_0.4,20260523,5,original,1,2,0,0.0
R2P2_alpha_0.4,20260523,5,original,1,3,224,0.7
R2P2_alpha_0.4,20260523,5,original,2,0,288,0.9
R2P2_alpha_0.4,20260523,5,original,2,1,0,0.0
R2P2_alpha_0.4,20260523,5,original,2,2,32,0.1
R2P2_alpha_0.4,20260523,5,original,2,3,0,0.0
R2P2_alpha_0.4,20260523,5,original,3,0,0,0.0
R2P2_alpha_0.4,20260523,5,original,3,1,0,0.0
R2P2_alpha_0.4,20260523,5,original,3,2,0,0.0
R2P2_alpha_0.4,20260523,5,original,3,3,320,1.0
R2P2_alpha_0.4,20260523,10,original,0,0,320,1.0
R2P2_alpha_0.4,20260523,10,original,0,1,0,0.0
R2P2_alpha_0.4,20260523,10,original,0,2,0,0.0
R2P2_alpha_0.4,20260523,10,original,0,3,0,0.0
R2P2_alpha_0.4,20260523,10,original,1,0,0,0.0
R2P2_alpha_0.4,20260523,10,original,1,1,320,1.0
R2P2_alpha_0.4,20260523,10,original,1,2,0,0.0
R2P2_alpha_0.4,20260523,10,original,1,3,0,0.0
R2P2_alpha_0.4,20260523,10,original,2,0,224,0.7
R2P2_alpha_0.4,20260523,10,original,2,1,0,0.0
R2P2_alpha_0.4,20260523,10,original,2,2,32,0.1
R2P2_alpha_0.4,20260523,10,original,2,3,64,0.2
R2P2_alpha_0.4,20260523,10,original,3,0,0,0.0
R2P2_alpha_0.4,20260523,10,original,3,1,0,0.0
R2P2_alpha_0.4,20260523,10,original,3,2,0,0.0
R2P2_alpha_0.4,20260523,10,original,3,3,320,1.0
R2P2_alpha_0.4,20260523,20,original,0,0,320,1.0
R2P2_alpha_0.4,20260523,20,original,0,1,0,0.0
R2P2_alpha_0.4,20260523,20,original,0,2,0,0.0
R2P2_alpha_0.4,20260523,20,original,0,3,0,0.0
R2P2_alpha_0.4,20260523,20,original,1,0,0,0.0
R2P2_alpha_0.4,20260523,20,original,1,1,320,1.0
R2P2_alpha_0.4,20260523,20,original,1,2,0,0.0
R2P2_alpha_0.4,20260523,20,original,1,3,0,0.0
R2P2_alpha_0.4,20260523,20,original,2,0,128,0.4
R2P2_alpha_0.4,20260523,20,original,2,1,0,0.0
R2P2_alpha_0.4,20260523,20,original,2,2,192,0.6
R2P2_alpha_0.4,20260523,20,original,2,3,0,0.0
R2P2_alpha_0.4,20260523,20,original,3,0,0,0.0
R2P2_alpha_0.4,20260523,20,original,3,1,0,0.0
R2P2_alpha_0.4,20260523,20,original,3,2,0,0.0
R2P2_alpha_0.4,20260523,20,original,3,3,320,1.0
R2P2_alpha_0.4,20260523,50,original,0,0,320,1.0
R2P2_alpha_0.4,20260523,50,original,0,1,0,0.0
R2P2_alpha_0.4,20260523,50,original,0,2,0,0.0
R2P2_alpha_0.4,20260523,50,original,0,3,0,0.0
R2P2_alpha_0.4,20260523,50,original,1,0,0,0.0
R2P2_alpha_0.4,20260523,50,original,1,1,320,1.0
R2P2_alpha_0.4,20260523,50,original,1,2,0,0.0
R2P2_alpha_0.4,20260523,50,original,1,3,0,0.0
R2P2_alpha_0.4,20260523,50,original,2,0,0,0.0
R2P2_alpha_0.4,20260523,50,original,2,1,0,0.0
R2P2_alpha_0.4,20260523,50,original,2,2,320,1.0
R2P2_alpha_0.4,20260523,50,original,2,3,0,0.0
R2P2_alpha_0.4,20260523,50,original,3,0,0,0.0
R2P2_alpha_0.4,20260523,50,original,3,1,0,0.0
R2P2_alpha_0.4,20260523,50,original,3,2,0,0.0
R2P2_alpha_0.4,20260523,50,original,3,3,320,1.0
R2P2_alpha_0.4,20260523,1600,original,0,0,320,1.0
R2P2_alpha_0.4,20260523,1600,original,0,1,0,0.0
R2P2_alpha_0.4,20260523,1600,original,0,2,0,0.0
R2P2_alpha_0.4,20260523,1600,original,0,3,0,0.0
R2P2_alpha_0.4,20260523,1600,original,1,0,0,0.0
R2P2_alpha_0.4,20260523,1600,original,1,1,320,1.0
R2P2_alpha_0.4,20260523,1600,original,1,2,0,0.0
R2P2_alpha_0.4,20260523,1600,original,1,3,0,0.0
R2P2_alpha_0.4,20260523,1600,original,2,0,0,0.0
R2P2_alpha_0.4,20260523,1600,original,2,1,0,0.0
R2P2_alpha_0.4,20260523,1600,original,2,2,320,1.0
R2P2_alpha_0.4,20260523,1600,original,2,3,0,0.0
R2P2_alpha_0.4,20260523,1600,original,3,0,0,0.0
R2P2_alpha_0.4,20260523,1600,original,3,1,0,0.0
R2P2_alpha_0.4,20260523,1600,original,3,2,0,0.0
R2P2_alpha_0.4,20260523,1600,original,3,3,320,1.0
R2P2_alpha_0.4,20260524,0,original,0,0,320,1.0
R2P2_alpha_0.4,20260524,0,original,0,1,0,0.0
R2P2_alpha_0.4,20260524,0,original,0,2,0,0.0
R2P2_alpha_0.4,20260524,0,original,0,3,0,0.0
R2P2_alpha_0.4,20260524,0,original,1,0,0,0.0
R2P2_alpha_0.4,20260524,0,original,1,1,320,1.0
R2P2_alpha_0.4,20260524,0,original,1,2,0,0.0
R2P2_alpha_0.4,20260524,0,original,1,3,0,0.0
R2P2_alpha_0.4,20260524,0,original,2,0,0,0.0
R2P2_alpha_0.4,20260524,0,original,2,1,0,0.0
R2P2_alpha_0.4,20260524,0,original,2,2,320,1.0
R2P2_alpha_0.4,20260524,0,original,2,3,0,0.0
R2P2_alpha_0.4,20260524,0,original,3,0,0,0.0
R2P2_alpha_0.4,20260524,0,original,3,1,0,0.0
R2P2_alpha_0.4,20260524,0,original,3,2,0,0.0
R2P2_alpha_0.4,20260524,0,original,3,3,320,1.0
R2P2_alpha_0.4,20260524,1,original,0,0,320,1.0
R2P2_alpha_0.4,20260524,1,original,0,1,0,0.0
R2P2_alpha_0.4,20260524,1,original,0,2,0,0.0
R2P2_alpha_0.4,20260524,1,original,0,3,0,0.0
R2P2_alpha_0.4,20260524,1,original,1,0,0,0.0
R2P2_alpha_0.4,20260524,1,original,1,1,320,1.0
R2P2_alpha_0.4,20260524,1,original,1,2,0,0.0
R2P2_alpha_0.4,20260524,1,original,1,3,0,0.0
R2P2_alpha_0.4,20260524,1,original,2,0,0,0.0
R2P2_alpha_0.4,20260524,1,original,2,1,0,0.0
R2P2_alpha_0.4,20260524,1,original,2,2,320,1.0
R2P2_alpha_0.4,20260524,1,original,2,3,0,0.0
R2P2_alpha_0.4,20260524,1,original,3,0,192,0.6
R2P2_alpha_0.4,20260524,1,original,3,1,96,0.3
R2P2_alpha_0.4,20260524,1,original,3,2,0,0.0
R2P2_alpha_0.4,20260524,1,original,3,3,32,0.1
R2P2_alpha_0.4,20260524,2,original,0,0,320,1.0
R2P2_alpha_0.4,20260524,2,original,0,1,0,0.0
R2P2_alpha_0.4,20260524,2,original,0,2,0,0.0
R2P2_alpha_0.4,20260524,2,original,0,3,0,0.0
R2P2_alpha_0.4,20260524,2,original,1,0,0,0.0
R2P2_alpha_0.4,20260524,2,original,1,1,320,1.0
R2P2_alpha_0.4,20260524,2,original,1,2,0,0.0
R2P2_alpha_0.4,20260524,2,original,1,3,0,0.0
R2P2_alpha_0.4,20260524,2,original,2,0,0,0.0
R2P2_alpha_0.4,20260524,2,original,2,1,0,0.0
R2P2_alpha_0.4,20260524,2,original,2,2,320,1.0
R2P2_alpha_0.4,20260524,2,original,2,3,0,0.0
R2P2_alpha_0.4,20260524,2,original,3,0,128,0.4
R2P2_alpha_0.4,20260524,2,original,3,1,0,0.0
R2P2_alpha_0.4,20260524,2,original,3,2,192,0.6
R2P2_alpha_0.4,20260524,2,original,3,3,0,0.0
R2P2_alpha_0.4,20260524,5,original,0,0,320,1.0
R2P2_alpha_0.4,20260524,5,original,0,1,0,0.0
R2P2_alpha_0.4,20260524,5,original,0,2,0,0.0
R2P2_alpha_0.4,20260524,5,original,0,3,0,0.0
R2P2_alpha_0.4,20260524,5,original,1,0,0,0.0
R2P2_alpha_0.4,20260524,5,original,1,1,320,1.0
R2P2_alpha_0.4,20260524,5,original,1,2,0,0.0
R2P2_alpha_0.4,20260524,5,original,1,3,0,0.0
R2P2_alpha_0.4,20260524,5,original,2,0,0,0.0
R2P2_alpha_0.4,20260524,5,original,2,1,0,0.0
R2P2_alpha_0.4,20260524,5,original,2,2,320,1.0
R2P2_alpha_0.4,20260524,5,original,2,3,0,0.0
R2P2_alpha_0.4,20260524,5,original,3,0,64,0.2
R2P2_alpha_0.4,20260524,5,original,3,1,0,0.0
R2P2_alpha_0.4,20260524,5,original,3,2,256,0.8
R2P2_alpha_0.4,20260524,5,original,3,3,0,0.0
R2P2_alpha_0.4,20260524,10,original,0,0,320,1.0
R2P2_alpha_0.4,20260524,10,original,0,1,0,0.0
R2P2_alpha_0.4,20260524,10,original,0,2,0,0.0
R2P2_alpha_0.4,20260524,10,original,0,3,0,0.0
R2P2_alpha_0.4,20260524,10,original,1,0,0,0.0
R2P2_alpha_0.4,20260524,10,original,1,1,320,1.0
R2P2_alpha_0.4,20260524,10,original,1,2,0,0.0
R2P2_alpha_0.4,20260524,10,original,1,3,0,0.0
R2P2_alpha_0.4,20260524,10,original,2,0,0,0.0
R2P2_alpha_0.4,20260524,10,original,2,1,0,0.0
R2P2_alpha_0.4,20260524,10,original,2,2,320,1.0
R2P2_alpha_0.4,20260524,10,original,2,3,0,0.0
R2P2_alpha_0.4,20260524,10,original,3,0,0,0.0
R2P2_alpha_0.4,20260524,10,original,3,1,0,0.0
R2P2_alpha_0.4,20260524,10,original,3,2,320,1.0
R2P2_alpha_0.4,20260524,10,original,3,3,0,0.0
R2P2_alpha_0.4,20260524,20,original,0,0,320,1.0
R2P2_alpha_0.4,20260524,20,original,0,1,0,0.0
R2P2_alpha_0.4,20260524,20,original,0,2,0,0.0
R2P2_alpha_0.4,20260524,20,original,0,3,0,0.0
R2P2_alpha_0.4,20260524,20,original,1,0,0,0.0
R2P2_alpha_0.4,20260524,20,original,1,1,320,1.0
R2P2_alpha_0.4,20260524,20,original,1,2,0,0.0
R2P2_alpha_0.4,20260524,20,original,1,3,0,0.0
R2P2_alpha_0.4,20260524,20,original,2,0,0,0.0
R2P2_alpha_0.4,20260524,20,original,2,1,0,0.0
R2P2_alpha_0.4,20260524,20,original,2,2,320,1.0
R2P2_alpha_0.4,20260524,20,original,2,3,0,0.0
R2P2_alpha_0.4,20260524,20,original,3,0,0,0.0
R2P2_alpha_0.4,20260524,20,original,3,1,0,0.0
R2P2_alpha_0.4,20260524,20,original,3,2,320,1.0
R2P2_alpha_0.4,20260524,20,original,3,3,0,0.0
R2P2_alpha_0.4,20260524,50,original,0,0,320,1.0
R2P2_alpha_0.4,20260524,50,original,0,1,0,0.0
R2P2_alpha_0.4,20260524,50,original,0,2,0,0.0
R2P2_alpha_0.4,20260524,50,original,0,3,0,0.0
R2P2_alpha_0.4,20260524,50,original,1,0,0,0.0
R2P2_alpha_0.4,20260524,50,original,1,1,320,1.0
R2P2_alpha_0.4,20260524,50,original,1,2,0,0.0
R2P2_alpha_0.4,20260524,50,original,1,3,0,0.0
R2P2_alpha_0.4,20260524,50,original,2,0,0,0.0
R2P2_alpha_0.4,20260524,50,original,2,1,0,0.0
R2P2_alpha_0.4,20260524,50,original,2,2,320,1.0
R2P2_alpha_0.4,20260524,50,original,2,3,0,0.0
R2P2_alpha_0.4,20260524,50,original,3,0,0,0.0
R2P2_alpha_0.4,20260524,50,original,3,1,0,0.0
R2P2_alpha_0.4,20260524,50,original,3,2,320,1.0
R2P2_alpha_0.4,20260524,50,original,3,3,0,0.0
R2P2_alpha_0.4,20260524,1600,original,0,0,320,1.0
R2P2_alpha_0.4,20260524,1600,original,0,1,0,0.0
R2P2_alpha_0.4,20260524,1600,original,0,2,0,0.0
R2P2_alpha_0.4,20260524,1600,original,0,3,0,0.0
R2P2_alpha_0.4,20260524,1600,original,1,0,0,0.0
R2P2_alpha_0.4,20260524,1600,original,1,1,320,1.0
R2P2_alpha_0.4,20260524,1600,original,1,2,0,0.0
R2P2_alpha_0.4,20260524,1600,original,1,3,0,0.0
R2P2_alpha_0.4,20260524,1600,original,2,0,0,0.0
R2P2_alpha_0.4,20260524,1600,original,2,1,0,0.0
R2P2_alpha_0.4,20260524,1600,original,2,2,320,1.0
R2P2_alpha_0.4,20260524,1600,original,2,3,0,0.0
R2P2_alpha_0.4,20260524,1600,original,3,0,0,0.0
R2P2_alpha_0.4,20260524,1600,original,3,1,0,0.0
R2P2_alpha_0.4,20260524,1600,original,3,2,320,1.0
R2P2_alpha_0.4,20260524,1600,original,3,3,0,0.0
R2P2_alpha_0.4,20260525,0,original,0,0,320,1.0
R2P2_alpha_0.4,20260525,0,original,0,1,0,0.0
R2P2_alpha_0.4,20260525,0,original,0,2,0,0.0
R2P2_alpha_0.4,20260525,0,original,0,3,0,0.0
R2P2_alpha_0.4,20260525,0,original,1,0,0,0.0
R2P2_alpha_0.4,20260525,0,original,1,1,320,1.0
R2P2_alpha_0.4,20260525,0,original,1,2,0,0.0
R2P2_alpha_0.4,20260525,0,original,1,3,0,0.0
R2P2_alpha_0.4,20260525,0,original,2,0,0,0.0
R2P2_alpha_0.4,20260525,0,original,2,1,0,0.0
R2P2_alpha_0.4,20260525,0,original,2,2,320,1.0
R2P2_alpha_0.4,20260525,0,original,2,3,0,0.0
R2P2_alpha_0.4,20260525,0,original,3,0,0,0.0
R2P2_alpha_0.4,20260525,0,original,3,1,0,0.0
R2P2_alpha_0.4,20260525,0,original,3,2,0,0.0
R2P2_alpha_0.4,20260525,0,original,3,3,320,1.0
R2P2_alpha_0.4,20260525,1,original,0,0,96,0.3
R2P2_alpha_0.4,20260525,1,original,0,1,0,0.0
R2P2_alpha_0.4,20260525,1,original,0,2,224,0.7
R2P2_alpha_0.4,20260525,1,original,0,3,0,0.0
R2P2_alpha_0.4,20260525,1,original,1,0,0,0.0
R2P2_alpha_0.4,20260525,1,original,1,1,320,1.0
R2P2_alpha_0.4,20260525,1,original,1,2,0,0.0
R2P2_alpha_0.4,20260525,1,original,1,3,0,0.0
R2P2_alpha_0.4,20260525,1,original,2,0,0,0.0
R2P2_alpha_0.4,20260525,1,original,2,1,0,0.0
R2P2_alpha_0.4,20260525,1,original,2,2,320,1.0
R2P2_alpha_0.4,20260525,1,original,2,3,0,0.0
R2P2_alpha_0.4,20260525,1,original,3,0,0,0.0
R2P2_alpha_0.4,20260525,1,original,3,1,0,0.0
R2P2_alpha_0.4,20260525,1,original,3,2,64,0.2
R2P2_alpha_0.4,20260525,1,original,3,3,256,0.8
R2P2_alpha_0.4,20260525,2,original,0,0,32,0.1
R2P2_alpha_0.4,20260525,2,original,0,1,0,0.0
R2P2_alpha_0.4,20260525,2,original,0,2,288,0.9
R2P2_alpha_0.4,20260525,2,original,0,3,0,0.0
R2P2_alpha_0.4,20260525,2,original,1,0,0,0.0
R2P2_alpha_0.4,20260525,2,original,1,1,256,0.8
R2P2_alpha_0.4,20260525,2,original,1,2,64,0.2
R2P2_alpha_0.4,20260525,2,original,1,3,0,0.0
R2P2_alpha_0.4,20260525,2,original,2,0,0,0.0
R2P2_alpha_0.4,20260525,2,original,2,1,0,0.0
R2P2_alpha_0.4,20260525,2,original,2,2,320,1.0
R2P2_alpha_0.4,20260525,2,original,2,3,0,0.0
R2P2_alpha_0.4,20260525,2,original,3,0,0,0.0
R2P2_alpha_0.4,20260525,2,original,3,1,0,0.0
R2P2_alpha_0.4,20260525,2,original,3,2,160,0.5
R2P2_alpha_0.4,20260525,2,original,3,3,160,0.5
R2P2_alpha_0.4,20260525,5,original,0,0,0,0.0
R2P2_alpha_0.4,20260525,5,original,0,1,0,0.0
R2P2_alpha_0.4,20260525,5,original,0,2,320,1.0
R2P2_alpha_0.4,20260525,5,original,0,3,0,0.0
R2P2_alpha_0.4,20260525,5,original,1,0,0,0.0
R2P2_alpha_0.4,20260525,5,original,1,1,64,0.2
R2P2_alpha_0.4,20260525,5,original,1,2,256,0.8
R2P2_alpha_0.4,20260525,5,original,1,3,0,0.0
R2P2_alpha_0.4,20260525,5,original,2,0,0,0.0
R2P2_alpha_0.4,20260525,5,original,2,1,0,0.0
R2P2_alpha_0.4,20260525,5,original,2,2,320,1.0
R2P2_alpha_0.4,20260525,5,original,2,3,0,0.0
R2P2_alpha_0.4,20260525,5,original,3,0,0,0.0
R2P2_alpha_0.4,20260525,5,original,3,1,0,0.0
R2P2_alpha_0.4,20260525,5,original,3,2,256,0.8
R2P2_alpha_0.4,20260525,5,original,3,3,64,0.2
R2P2_alpha_0.4,20260525,10,original,0,0,0,0.0
R2P2_alpha_0.4,20260525,10,original,0,1,0,0.0
R2P2_alpha_0.4,20260525,10,original,0,2,320,1.0
R2P2_alpha_0.4,20260525,10,original,0,3,0,0.0
R2P2_alpha_0.4,20260525,10,original,1,0,0,0.0
R2P2_alpha_0.4,20260525,10,original,1,1,320,1.0
R2P2_alpha_0.4,20260525,10,original,1,2,0,0.0
R2P2_alpha_0.4,20260525,10,original,1,3,0,0.0
R2P2_alpha_0.4,20260525,10,original,2,0,0,0.0
R2P2_alpha_0.4,20260525,10,original,2,1,0,0.0
R2P2_alpha_0.4,20260525,10,original,2,2,320,1.0
R2P2_alpha_0.4,20260525,10,original,2,3,0,0.0
R2P2_alpha_0.4,20260525,10,original,3,0,0,0.0
R2P2_alpha_0.4,20260525,10,original,3,1,0,0.0
R2P2_alpha_0.4,20260525,10,original,3,2,0,0.0
R2P2_alpha_0.4,20260525,10,original,3,3,320,1.0
R2P2_alpha_0.4,20260525,20,original,0,0,0,0.0
R2P2_alpha_0.4,20260525,20,original,0,1,0,0.0
R2P2_alpha_0.4,20260525,20,original,0,2,320,1.0
R2P2_alpha_0.4,20260525,20,original,0,3,0,0.0
R2P2_alpha_0.4,20260525,20,original,1,0,0,0.0
R2P2_alpha_0.4,20260525,20,original,1,1,320,1.0
R2P2_alpha_0.4,20260525,20,original,1,2,0,0.0
R2P2_alpha_0.4,20260525,20,original,1,3,0,0.0
R2P2_alpha_0.4,20260525,20,original,2,0,0,0.0
R2P2_alpha_0.4,20260525,20,original,2,1,0,0.0
R2P2_alpha_0.4,20260525,20,original,2,2,320,1.0
R2P2_alpha_0.4,20260525,20,original,2,3,0,0.0
R2P2_alpha_0.4,20260525,20,original,3,0,0,0.0
R2P2_alpha_0.4,20260525,20,original,3,1,0,0.0
R2P2_alpha_0.4,20260525,20,original,3,2,0,0.0
R2P2_alpha_0.4,20260525,20,original,3,3,320,1.0
R2P2_alpha_0.4,20260525,50,original,0,0,0,0.0
R2P2_alpha_0.4,20260525,50,original,0,1,0,0.0
R2P2_alpha_0.4,20260525,50,original,0,2,320,1.0
R2P2_alpha_0.4,20260525,50,original,0,3,0,0.0
R2P2_alpha_0.4,20260525,50,original,1,0,0,0.0
R2P2_alpha_0.4,20260525,50,original,1,1,320,1.0
R2P2_alpha_0.4,20260525,50,original,1,2,0,0.0
R2P2_alpha_0.4,20260525,50,original,1,3,0,0.0
R2P2_alpha_0.4,20260525,50,original,2,0,0,0.0
R2P2_alpha_0.4,20260525,50,original,2,1,0,0.0
R2P2_alpha_0.4,20260525,50,original,2,2,320,1.0
R2P2_alpha_0.4,20260525,50,original,2,3,0,0.0
R2P2_alpha_0.4,20260525,50,original,3,0,0,0.0
R2P2_alpha_0.4,20260525,50,original,3,1,0,0.0
R2P2_alpha_0.4,20260525,50,original,3,2,0,0.0
R2P2_alpha_0.4,20260525,50,original,3,3,320,1.0
R2P2_alpha_0.4,20260525,1600,original,0,0,0,0.0
R2P2_alpha_0.4,20260525,1600,original,0,1,0,0.0
R2P2_alpha_0.4,20260525,1600,original,0,2,320,1.0
R2P2_alpha_0.4,20260525,1600,original,0,3,0,0.0
R2P2_alpha_0.4,20260525,1600,original,1,0,0,0.0
R2P2_alpha_0.4,20260525,1600,original,1,1,320,1.0
R2P2_alpha_0.4,20260525,1600,original,1,2,0,0.0
R2P2_alpha_0.4,20260525,1600,original,1,3,0,0.0
R2P2_alpha_0.4,20260525,1600,original,2,0,0,0.0
R2P2_alpha_0.4,20260525,1600,original,2,1,0,0.0
R2P2_alpha_0.4,20260525,1600,original,2,2,320,1.0
R2P2_alpha_0.4,20260525,1600,original,2,3,0,0.0
R2P2_alpha_0.4,20260525,1600,original,3,0,0,0.0
R2P2_alpha_0.4,20260525,1600,original,3,1,0,0.0
R2P2_alpha_0.4,20260525,1600,original,3,2,0,0.0
R2P2_alpha_0.4,20260525,1600,original,3,3,320,1.0
R2P2_alpha_0.4,20260526,0,original,0,0,320,1.0
R2P2_alpha_0.4,20260526,0,original,0,1,0,0.0
R2P2_alpha_0.4,20260526,0,original,0,2,0,0.0
R2P2_alpha_0.4,20260526,0,original,0,3,0,0.0
R2P2_alpha_0.4,20260526,0,original,1,0,0,0.0
R2P2_alpha_0.4,20260526,0,original,1,1,320,1.0
R2P2_alpha_0.4,20260526,0,original,1,2,0,0.0
R2P2_alpha_0.4,20260526,0,original,1,3,0,0.0
R2P2_alpha_0.4,20260526,0,original,2,0,0,0.0
R2P2_alpha_0.4,20260526,0,original,2,1,0,0.0
R2P2_alpha_0.4,20260526,0,original,2,2,320,1.0
R2P2_alpha_0.4,20260526,0,original,2,3,0,0.0
R2P2_alpha_0.4,20260526,0,original,3,0,0,0.0
R2P2_alpha_0.4,20260526,0,original,3,1,0,0.0
R2P2_alpha_0.4,20260526,0,original,3,2,0,0.0
R2P2_alpha_0.4,20260526,0,original,3,3,320,1.0
R2P2_alpha_0.4,20260526,1,original,0,0,320,1.0
R2P2_alpha_0.4,20260526,1,original,0,1,0,0.0
R2P2_alpha_0.4,20260526,1,original,0,2,0,0.0
R2P2_alpha_0.4,20260526,1,original,0,3,0,0.0
R2P2_alpha_0.4,20260526,1,original,1,0,0,0.0
R2P2_alpha_0.4,20260526,1,original,1,1,320,1.0
R2P2_alpha_0.4,20260526,1,original,1,2,0,0.0
R2P2_alpha_0.4,20260526,1,original,1,3,0,0.0
R2P2_alpha_0.4,20260526,1,original,2,0,0,0.0
R2P2_alpha_0.4,20260526,1,original,2,1,0,0.0
R2P2_alpha_0.4,20260526,1,original,2,2,320,1.0
R2P2_alpha_0.4,20260526,1,original,2,3,0,0.0
R2P2_alpha_0.4,20260526,1,original,3,0,0,0.0
R2P2_alpha_0.4,20260526,1,original,3,1,0,0.0
R2P2_alpha_0.4,20260526,1,original,3,2,0,0.0
R2P2_alpha_0.4,20260526,1,original,3,3,320,1.0
R2P2_alpha_0.4,20260526,2,original,0,0,320,1.0
R2P2_alpha_0.4,20260526,2,original,0,1,0,0.0
R2P2_alpha_0.4,20260526,2,original,0,2,0,0.0
R2P2_alpha_0.4,20260526,2,original,0,3,0,0.0
R2P2_alpha_0.4,20260526,2,original,1,0,288,0.9
R2P2_alpha_0.4,20260526,2,original,1,1,32,0.1
R2P2_alpha_0.4,20260526,2,original,1,2,0,0.0
R2P2_alpha_0.4,20260526,2,original,1,3,0,0.0
R2P2_alpha_0.4,20260526,2,original,2,0,0,0.0
R2P2_alpha_0.4,20260526,2,original,2,1,0,0.0
R2P2_alpha_0.4,20260526,2,original,2,2,320,1.0
R2P2_alpha_0.4,20260526,2,original,2,3,0,0.0
R2P2_alpha_0.4,20260526,2,original,3,0,0,0.0
R2P2_alpha_0.4,20260526,2,original,3,1,0,0.0
R2P2_alpha_0.4,20260526,2,original,3,2,0,0.0
R2P2_alpha_0.4,20260526,2,original,3,3,320,1.0
R2P2_alpha_0.4,20260526,5,original,0,0,320,1.0
R2P2_alpha_0.4,20260526,5,original,0,1,0,0.0
R2P2_alpha_0.4,20260526,5,original,0,2,0,0.0
R2P2_alpha_0.4,20260526,5,original,0,3,0,0.0
R2P2_alpha_0.4,20260526,5,original,1,0,256,0.8
R2P2_alpha_0.4,20260526,5,original,1,1,32,0.1
R2P2_alpha_0.4,20260526,5,original,1,2,32,0.1
R2P2_alpha_0.4,20260526,5,original,1,3,0,0.0
R2P2_alpha_0.4,20260526,5,original,2,0,0,0.0
R2P2_alpha_0.4,20260526,5,original,2,1,0,0.0
R2P2_alpha_0.4,20260526,5,original,2,2,320,1.0
R2P2_alpha_0.4,20260526,5,original,2,3,0,0.0
R2P2_alpha_0.4,20260526,5,original,3,0,0,0.0
R2P2_alpha_0.4,20260526,5,original,3,1,0,0.0
R2P2_alpha_0.4,20260526,5,original,3,2,0,0.0
R2P2_alpha_0.4,20260526,5,original,3,3,320,1.0
R2P2_alpha_0.4,20260526,10,original,0,0,320,1.0
R2P2_alpha_0.4,20260526,10,original,0,1,0,0.0
R2P2_alpha_0.4,20260526,10,original,0,2,0,0.0
R2P2_alpha_0.4,20260526,10,original,0,3,0,0.0
R2P2_alpha_0.4,20260526,10,original,1,0,224,0.7
R2P2_alpha_0.4,20260526,10,original,1,1,96,0.3
R2P2_alpha_0.4,20260526,10,original,1,2,0,0.0
R2P2_alpha_0.4,20260526,10,original,1,3,0,0.0
R2P2_alpha_0.4,20260526,10,original,2,0,0,0.0
R2P2_alpha_0.4,20260526,10,original,2,1,0,0.0
R2P2_alpha_0.4,20260526,10,original,2,2,320,1.0
R2P2_alpha_0.4,20260526,10,original,2,3,0,0.0
R2P2_alpha_0.4,20260526,10,original,3,0,0,0.0
R2P2_alpha_0.4,20260526,10,original,3,1,0,0.0
R2P2_alpha_0.4,20260526,10,original,3,2,0,0.0
R2P2_alpha_0.4,20260526,10,original,3,3,320,1.0
R2P2_alpha_0.4,20260526,20,original,0,0,320,1.0
R2P2_alpha_0.4,20260526,20,original,0,1,0,0.0
R2P2_alpha_0.4,20260526,20,original,0,2,0,0.0
R2P2_alpha_0.4,20260526,20,original,0,3,0,0.0
R2P2_alpha_0.4,20260526,20,original,1,0,0,0.0
R2P2_alpha_0.4,20260526,20,original,1,1,320,1.0
R2P2_alpha_0.4,20260526,20,original,1,2,0,0.0
R2P2_alpha_0.4,20260526,20,original,1,3,0,0.0
R2P2_alpha_0.4,20260526,20,original,2,0,0,0.0
R2P2_alpha_0.4,20260526,20,original,2,1,0,0.0
R2P2_alpha_0.4,20260526,20,original,2,2,320,1.0
R2P2_alpha_0.4,20260526,20,original,2,3,0,0.0
R2P2_alpha_0.4,20260526,20,original,3,0,0,0.0
R2P2_alpha_0.4,20260526,20,original,3,1,0,0.0
R2P2_alpha_0.4,20260526,20,original,3,2,0,0.0
R2P2_alpha_0.4,20260526,20,original,3,3,320,1.0
R2P2_alpha_0.4,20260526,50,original,0,0,320,1.0
R2P2_alpha_0.4,20260526,50,original,0,1,0,0.0
R2P2_alpha_0.4,20260526,50,original,0,2,0,0.0
R2P2_alpha_0.4,20260526,50,original,0,3,0,0.0
R2P2_alpha_0.4,20260526,50,original,1,0,0,0.0
R2P2_alpha_0.4,20260526,50,original,1,1,320,1.0
R2P2_alpha_0.4,20260526,50,original,1,2,0,0.0
R2P2_alpha_0.4,20260526,50,original,1,3,0,0.0
R2P2_alpha_0.4,20260526,50,original,2,0,0,0.0
R2P2_alpha_0.4,20260526,50,original,2,1,0,0.0
R2P2_alpha_0.4,20260526,50,original,2,2,320,1.0
R2P2_alpha_0.4,20260526,50,original,2,3,0,0.0
R2P2_alpha_0.4,20260526,50,original,3,0,0,0.0
R2P2_alpha_0.4,20260526,50,original,3,1,0,0.0
R2P2_alpha_0.4,20260526,50,original,3,2,0,0.0
R2P2_alpha_0.4,20260526,50,original,3,3,320,1.0
R2P2_alpha_0.4,20260526,1600,original,0,0,320,1.0
R2P2_alpha_0.4,20260526,1600,original,0,1,0,0.0
R2P2_alpha_0.4,20260526,1600,original,0,2,0,0.0
R2P2_alpha_0.4,20260526,1600,original,0,3,0,0.0
R2P2_alpha_0.4,20260526,1600,original,1,0,0,0.0
R2P2_alpha_0.4,20260526,1600,original,1,1,320,1.0
R2P2_alpha_0.4,20260526,1600,original,1,2,0,0.0
R2P2_alpha_0.4,20260526,1600,original,1,3,0,0.0
R2P2_alpha_0.4,20260526,1600,original,2,0,0,0.0
R2P2_alpha_0.4,20260526,1600,original,2,1,0,0.0
R2P2_alpha_0.4,20260526,1600,original,2,2,320,1.0
R2P2_alpha_0.4,20260526,1600,original,2,3,0,0.0
R2P2_alpha_0.4,20260526,1600,original,3,0,0,0.0
R2P2_alpha_0.4,20260526,1600,original,3,1,0,0.0
R2P2_alpha_0.4,20260526,1600,original,3,2,0,0.0
R2P2_alpha_0.4,20260526,1600,original,3,3,320,1.0
R2P2_alpha_0.4,20260527,0,original,0,0,320,1.0
R2P2_alpha_0.4,20260527,0,original,0,1,0,0.0
R2P2_alpha_0.4,20260527,0,original,0,2,0,0.0
R2P2_alpha_0.4,20260527,0,original,0,3,0,0.0
R2P2_alpha_0.4,20260527,0,original,1,0,0,0.0
R2P2_alpha_0.4,20260527,0,original,1,1,320,1.0
R2P2_alpha_0.4,20260527,0,original,1,2,0,0.0
R2P2_alpha_0.4,20260527,0,original,1,3,0,0.0
R2P2_alpha_0.4,20260527,0,original,2,0,0,0.0
R2P2_alpha_0.4,20260527,0,original,2,1,0,0.0
R2P2_alpha_0.4,20260527,0,original,2,2,320,1.0
R2P2_alpha_0.4,20260527,0,original,2,3,0,0.0
R2P2_alpha_0.4,20260527,0,original,3,0,0,0.0
R2P2_alpha_0.4,20260527,0,original,3,1,0,0.0
R2P2_alpha_0.4,20260527,0,original,3,2,0,0.0
R2P2_alpha_0.4,20260527,0,original,3,3,320,1.0
R2P2_alpha_0.4,20260527,1,original,0,0,320,1.0
R2P2_alpha_0.4,20260527,1,original,0,1,0,0.0
R2P2_alpha_0.4,20260527,1,original,0,2,0,0.0
R2P2_alpha_0.4,20260527,1,original,0,3,0,0.0
R2P2_alpha_0.4,20260527,1,original,1,0,0,0.0
R2P2_alpha_0.4,20260527,1,original,1,1,320,1.0
R2P2_alpha_0.4,20260527,1,original,1,2,0,0.0
R2P2_alpha_0.4,20260527,1,original,1,3,0,0.0
R2P2_alpha_0.4,20260527,1,original,2,0,128,0.4
R2P2_alpha_0.4,20260527,1,original,2,1,0,0.0
R2P2_alpha_0.4,20260527,1,original,2,2,192,0.6
R2P2_alpha_0.4,20260527,1,original,2,3,0,0.0
R2P2_alpha_0.4,20260527,1,original,3,0,0,0.0
R2P2_alpha_0.4,20260527,1,original,3,1,0,0.0
R2P2_alpha_0.4,20260527,1,original,3,2,0,0.0
R2P2_alpha_0.4,20260527,1,original,3,3,320,1.0
R2P2_alpha_0.4,20260527,2,original,0,0,320,1.0
R2P2_alpha_0.4,20260527,2,original,0,1,0,0.0
R2P2_alpha_0.4,20260527,2,original,0,2,0,0.0
R2P2_alpha_0.4,20260527,2,original,0,3,0,0.0
R2P2_alpha_0.4,20260527,2,original,1,0,0,0.0
R2P2_alpha_0.4,20260527,2,original,1,1,320,1.0
R2P2_alpha_0.4,20260527,2,original,1,2,0,0.0
R2P2_alpha_0.4,20260527,2,original,1,3,0,0.0
R2P2_alpha_0.4,20260527,2,original,2,0,288,0.9
R2P2_alpha_0.4,20260527,2,original,2,1,0,0.0
R2P2_alpha_0.4,20260527,2,original,2,2,32,0.1
R2P2_alpha_0.4,20260527,2,original,2,3,0,0.0
R2P2_alpha_0.4,20260527,2,original,3,0,0,0.0
R2P2_alpha_0.4,20260527,2,original,3,1,0,0.0
R2P2_alpha_0.4,20260527,2,original,3,2,0,0.0
R2P2_alpha_0.4,20260527,2,original,3,3,320,1.0
R2P2_alpha_0.4,20260527,5,original,0,0,320,1.0
R2P2_alpha_0.4,20260527,5,original,0,1,0,0.0
R2P2_alpha_0.4,20260527,5,original,0,2,0,0.0
R2P2_alpha_0.4,20260527,5,original,0,3,0,0.0
R2P2_alpha_0.4,20260527,5,original,1,0,0,0.0
R2P2_alpha_0.4,20260527,5,original,1,1,320,1.0
R2P2_alpha_0.4,20260527,5,original,1,2,0,0.0
R2P2_alpha_0.4,20260527,5,original,1,3,0,0.0
R2P2_alpha_0.4,20260527,5,original,2,0,288,0.9
R2P2_alpha_0.4,20260527,5,original,2,1,0,0.0
R2P2_alpha_0.4,20260527,5,original,2,2,32,0.1
R2P2_alpha_0.4,20260527,5,original,2,3,0,0.0
R2P2_alpha_0.4,20260527,5,original,3,0,0,0.0
R2P2_alpha_0.4,20260527,5,original,3,1,0,0.0
R2P2_alpha_0.4,20260527,5,original,3,2,0,0.0
R2P2_alpha_0.4,20260527,5,original,3,3,320,1.0
R2P2_alpha_0.4,20260527,10,original,0,0,320,1.0
R2P2_alpha_0.4,20260527,10,original,0,1,0,0.0
R2P2_alpha_0.4,20260527,10,original,0,2,0,0.0
R2P2_alpha_0.4,20260527,10,original,0,3,0,0.0
R2P2_alpha_0.4,20260527,10,original,1,0,0,0.0
R2P2_alpha_0.4,20260527,10,original,1,1,320,1.0
R2P2_alpha_0.4,20260527,10,original,1,2,0,0.0
R2P2_alpha_0.4,20260527,10,original,1,3,0,0.0
R2P2_alpha_0.4,20260527,10,original,2,0,96,0.3
R2P2_alpha_0.4,20260527,10,original,2,1,192,0.6
R2P2_alpha_0.4,20260527,10,original,2,2,32,0.1
R2P2_alpha_0.4,20260527,10,original,2,3,0,0.0
R2P2_alpha_0.4,20260527,10,original,3,0,0,0.0
R2P2_alpha_0.4,20260527,10,original,3,1,0,0.0
R2P2_alpha_0.4,20260527,10,original,3,2,0,0.0
R2P2_alpha_0.4,20260527,10,original,3,3,320,1.0
R2P2_alpha_0.4,20260527,20,original,0,0,320,1.0
R2P2_alpha_0.4,20260527,20,original,0,1,0,0.0
R2P2_alpha_0.4,20260527,20,original,0,2,0,0.0
R2P2_alpha_0.4,20260527,20,original,0,3,0,0.0
R2P2_alpha_0.4,20260527,20,original,1,0,0,0.0
R2P2_alpha_0.4,20260527,20,original,1,1,320,1.0
R2P2_alpha_0.4,20260527,20,original,1,2,0,0.0
R2P2_alpha_0.4,20260527,20,original,1,3,0,0.0
R2P2_alpha_0.4,20260527,20,original,2,0,0,0.0
R2P2_alpha_0.4,20260527,20,original,2,1,0,0.0
R2P2_alpha_0.4,20260527,20,original,2,2,320,1.0
R2P2_alpha_0.4,20260527,20,original,2,3,0,0.0
R2P2_alpha_0.4,20260527,20,original,3,0,0,0.0
R2P2_alpha_0.4,20260527,20,original,3,1,0,0.0
R2P2_alpha_0.4,20260527,20,original,3,2,0,0.0
R2P2_alpha_0.4,20260527,20,original,3,3,320,1.0
R2P2_alpha_0.4,20260527,50,original,0,0,320,1.0
R2P2_alpha_0.4,20260527,50,original,0,1,0,0.0
R2P2_alpha_0.4,20260527,50,original,0,2,0,0.0
R2P2_alpha_0.4,20260527,50,original,0,3,0,0.0
R2P2_alpha_0.4,20260527,50,original,1,0,0,0.0
R2P2_alpha_0.4,20260527,50,original,1,1,320,1.0
R2P2_alpha_0.4,20260527,50,original,1,2,0,0.0
R2P2_alpha_0.4,20260527,50,original,1,3,0,0.0
R2P2_alpha_0.4,20260527,50,original,2,0,0,0.0
R2P2_alpha_0.4,20260527,50,original,2,1,0,0.0
R2P2_alpha_0.4,20260527,50,original,2,2,320,1.0
R2P2_alpha_0.4,20260527,50,original,2,3,0,0.0
R2P2_alpha_0.4,20260527,50,original,3,0,0,0.0
R2P2_alpha_0.4,20260527,50,original,3,1,0,0.0
R2P2_alpha_0.4,20260527,50,original,3,2,0,0.0
R2P2_alpha_0.4,20260527,50,original,3,3,320,1.0
R2P2_alpha_0.4,20260527,1600,original,0,0,320,1.0
R2P2_alpha_0.4,20260527,1600,original,0,1,0,0.0
R2P2_alpha_0.4,20260527,1600,original,0,2,0,0.0
R2P2_alpha_0.4,20260527,1600,original,0,3,0,0.0
R2P2_alpha_0.4,20260527,1600,original,1,0,0,0.0
R2P2_alpha_0.4,20260527,1600,original,1,1,320,1.0
R2P2_alpha_0.4,20260527,1600,original,1,2,0,0.0
R2P2_alpha_0.4,20260527,1600,original,1,3,0,0.0
R2P2_alpha_0.4,20260527,1600,original,2,0,0,0.0
R2P2_alpha_0.4,20260527,1600,original,2,1,0,0.0
R2P2_alpha_0.4,20260527,1600,original,2,2,320,1.0
R2P2_alpha_0.4,20260527,1600,original,2,3,0,0.0
R2P2_alpha_0.4,20260527,1600,original,3,0,0,0.0
R2P2_alpha_0.4,20260527,1600,original,3,1,0,0.0
R2P2_alpha_0.4,20260527,1600,original,3,2,0,0.0
R2P2_alpha_0.4,20260527,1600,original,3,3,320,1.0
R2P2_alpha_0.4,20260528,0,original,0,0,320,1.0
R2P2_alpha_0.4,20260528,0,original,0,1,0,0.0
R2P2_alpha_0.4,20260528,0,original,0,2,0,0.0
R2P2_alpha_0.4,20260528,0,original,0,3,0,0.0
R2P2_alpha_0.4,20260528,0,original,1,0,0,0.0
R2P2_alpha_0.4,20260528,0,original,1,1,320,1.0
R2P2_alpha_0.4,20260528,0,original,1,2,0,0.0
R2P2_alpha_0.4,20260528,0,original,1,3,0,0.0
R2P2_alpha_0.4,20260528,0,original,2,0,0,0.0
R2P2_alpha_0.4,20260528,0,original,2,1,0,0.0
R2P2_alpha_0.4,20260528,0,original,2,2,320,1.0
R2P2_alpha_0.4,20260528,0,original,2,3,0,0.0
R2P2_alpha_0.4,20260528,0,original,3,0,0,0.0
R2P2_alpha_0.4,20260528,0,original,3,1,0,0.0
R2P2_alpha_0.4,20260528,0,original,3,2,0,0.0
R2P2_alpha_0.4,20260528,0,original,3,3,320,1.0
R2P2_alpha_0.4,20260528,1,original,0,0,224,0.7
R2P2_alpha_0.4,20260528,1,original,0,1,96,0.3
R2P2_alpha_0.4,20260528,1,original,0,2,0,0.0
R2P2_alpha_0.4,20260528,1,original,0,3,0,0.0
R2P2_alpha_0.4,20260528,1,original,1,0,0,0.0
R2P2_alpha_0.4,20260528,1,original,1,1,320,1.0
R2P2_alpha_0.4,20260528,1,original,1,2,0,0.0
R2P2_alpha_0.4,20260528,1,original,1,3,0,0.0
R2P2_alpha_0.4,20260528,1,original,2,0,0,0.0
R2P2_alpha_0.4,20260528,1,original,2,1,0,0.0
R2P2_alpha_0.4,20260528,1,original,2,2,320,1.0
R2P2_alpha_0.4,20260528,1,original,2,3,0,0.0
R2P2_alpha_0.4,20260528,1,original,3,0,0,0.0
R2P2_alpha_0.4,20260528,1,original,3,1,0,0.0
R2P2_alpha_0.4,20260528,1,original,3,2,0,0.0
R2P2_alpha_0.4,20260528,1,original,3,3,320,1.0
R2P2_alpha_0.4,20260528,2,original,0,0,64,0.2
R2P2_alpha_0.4,20260528,2,original,0,1,0,0.0
R2P2_alpha_0.4,20260528,2,original,0,2,0,0.0
R2P2_alpha_0.4,20260528,2,original,0,3,256,0.8
R2P2_alpha_0.4,20260528,2,original,1,0,0,0.0
R2P2_alpha_0.4,20260528,2,original,1,1,320,1.0
R2P2_alpha_0.4,20260528,2,original,1,2,0,0.0
R2P2_alpha_0.4,20260528,2,original,1,3,0,0.0
R2P2_alpha_0.4,20260528,2,original,2,0,0,0.0
R2P2_alpha_0.4,20260528,2,original,2,1,0,0.0
R2P2_alpha_0.4,20260528,2,original,2,2,320,1.0
R2P2_alpha_0.4,20260528,2,original,2,3,0,0.0
R2P2_alpha_0.4,20260528,2,original,3,0,0,0.0
R2P2_alpha_0.4,20260528,2,original,3,1,0,0.0
R2P2_alpha_0.4,20260528,2,original,3,2,0,0.0
R2P2_alpha_0.4,20260528,2,original,3,3,320,1.0
R2P2_alpha_0.4,20260528,5,original,0,0,32,0.1
R2P2_alpha_0.4,20260528,5,original,0,1,0,0.0
R2P2_alpha_0.4,20260528,5,original,0,2,0,0.0
R2P2_alpha_0.4,20260528,5,original,0,3,288,0.9
R2P2_alpha_0.4,20260528,5,original,1,0,0,0.0
R2P2_alpha_0.4,20260528,5,original,1,1,320,1.0
R2P2_alpha_0.4,20260528,5,original,1,2,0,0.0
R2P2_alpha_0.4,20260528,5,original,1,3,0,0.0
R2P2_alpha_0.4,20260528,5,original,2,0,0,0.0
R2P2_alpha_0.4,20260528,5,original,2,1,0,0.0
R2P2_alpha_0.4,20260528,5,original,2,2,320,1.0
R2P2_alpha_0.4,20260528,5,original,2,3,0,0.0
R2P2_alpha_0.4,20260528,5,original,3,0,0,0.0
R2P2_alpha_0.4,20260528,5,original,3,1,0,0.0
R2P2_alpha_0.4,20260528,5,original,3,2,0,0.0
R2P2_alpha_0.4,20260528,5,original,3,3,320,1.0
R2P2_alpha_0.4,20260528,10,original,0,0,320,1.0
R2P2_alpha_0.4,20260528,10,original,0,1,0,0.0
R2P2_alpha_0.4,20260528,10,original,0,2,0,0.0
R2P2_alpha_0.4,20260528,10,original,0,3,0,0.0
R2P2_alpha_0.4,20260528,10,original,1,0,0,0.0
R2P2_alpha_0.4,20260528,10,original,1,1,320,1.0
R2P2_alpha_0.4,20260528,10,original,1,2,0,0.0
R2P2_alpha_0.4,20260528,10,original,1,3,0,0.0
R2P2_alpha_0.4,20260528,10,original,2,0,0,0.0
R2P2_alpha_0.4,20260528,10,original,2,1,0,0.0
R2P2_alpha_0.4,20260528,10,original,2,2,320,1.0
R2P2_alpha_0.4,20260528,10,original,2,3,0,0.0
R2P2_alpha_0.4,20260528,10,original,3,0,0,0.0
R2P2_alpha_0.4,20260528,10,original,3,1,0,0.0
R2P2_alpha_0.4,20260528,10,original,3,2,0,0.0
R2P2_alpha_0.4,20260528,10,original,3,3,320,1.0
R2P2_alpha_0.4,20260528,20,original,0,0,320,1.0
R2P2_alpha_0.4,20260528,20,original,0,1,0,0.0
R2P2_alpha_0.4,20260528,20,original,0,2,0,0.0
R2P2_alpha_0.4,20260528,20,original,0,3,0,0.0
R2P2_alpha_0.4,20260528,20,original,1,0,0,0.0
R2P2_alpha_0.4,20260528,20,original,1,1,320,1.0
R2P2_alpha_0.4,20260528,20,original,1,2,0,0.0
R2P2_alpha_0.4,20260528,20,original,1,3,0,0.0
R2P2_alpha_0.4,20260528,20,original,2,0,0,0.0
R2P2_alpha_0.4,20260528,20,original,2,1,0,0.0
R2P2_alpha_0.4,20260528,20,original,2,2,320,1.0
R2P2_alpha_0.4,20260528,20,original,2,3,0,0.0
R2P2_alpha_0.4,20260528,20,original,3,0,0,0.0
R2P2_alpha_0.4,20260528,20,original,3,1,0,0.0
R2P2_alpha_0.4,20260528,20,original,3,2,0,0.0
R2P2_alpha_0.4,20260528,20,original,3,3,320,1.0
R2P2_alpha_0.4,20260528,50,original,0,0,320,1.0
R2P2_alpha_0.4,20260528,50,original,0,1,0,0.0
R2P2_alpha_0.4,20260528,50,original,0,2,0,0.0
R2P2_alpha_0.4,20260528,50,original,0,3,0,0.0
R2P2_alpha_0.4,20260528,50,original,1,0,0,0.0
R2P2_alpha_0.4,20260528,50,original,1,1,320,1.0
R2P2_alpha_0.4,20260528,50,original,1,2,0,0.0
R2P2_alpha_0.4,20260528,50,original,1,3,0,0.0
R2P2_alpha_0.4,20260528,50,original,2,0,0,0.0
R2P2_alpha_0.4,20260528,50,original,2,1,0,0.0
R2P2_alpha_0.4,20260528,50,original,2,2,320,1.0
R2P2_alpha_0.4,20260528,50,original,2,3,0,0.0
R2P2_alpha_0.4,20260528,50,original,3,0,0,0.0
R2P2_alpha_0.4,20260528,50,original,3,1,0,0.0
R2P2_alpha_0.4,20260528,50,original,3,2,0,0.0
R2P2_alpha_0.4,20260528,50,original,3,3,320,1.0
R2P2_alpha_0.4,20260528,1600,original,0,0,320,1.0
R2P2_alpha_0.4,20260528,1600,original,0,1,0,0.0
R2P2_alpha_0.4,20260528,1600,original,0,2,0,0.0
R2P2_alpha_0.4,20260528,1600,original,0,3,0,0.0
R2P2_alpha_0.4,20260528,1600,original,1,0,0,0.0
R2P2_alpha_0.4,20260528,1600,original,1,1,320,1.0
R2P2_alpha_0.4,20260528,1600,original,1,2,0,0.0
R2P2_alpha_0.4,20260528,1600,original,1,3,0,0.0
R2P2_alpha_0.4,20260528,1600,original,2,0,0,0.0
R2P2_alpha_0.4,20260528,1600,original,2,1,0,0.0
R2P2_alpha_0.4,20260528,1600,original,2,2,320,1.0
R2P2_alpha_0.4,20260528,1600,original,2,3,0,0.0
R2P2_alpha_0.4,20260528,1600,original,3,0,0,0.0
R2P2_alpha_0.4,20260528,1600,original,3,1,0,0.0
R2P2_alpha_0.4,20260528,1600,original,3,2,0,0.0
R2P2_alpha_0.4,20260528,1600,original,3,3,320,1.0
R2P2_alpha_0.6,20260521,0,original,0,0,320,1.0
R2P2_alpha_0.6,20260521,0,original,0,1,0,0.0
R2P2_alpha_0.6,20260521,0,original,0,2,0,0.0
R2P2_alpha_0.6,20260521,0,original,0,3,0,0.0
R2P2_alpha_0.6,20260521,0,original,1,0,0,0.0
R2P2_alpha_0.6,20260521,0,original,1,1,320,1.0
R2P2_alpha_0.6,20260521,0,original,1,2,0,0.0
R2P2_alpha_0.6,20260521,0,original,1,3,0,0.0
R2P2_alpha_0.6,20260521,0,original,2,0,0,0.0
R2P2_alpha_0.6,20260521,0,original,2,1,0,0.0
R2P2_alpha_0.6,20260521,0,original,2,2,320,1.0
R2P2_alpha_0.6,20260521,0,original,2,3,0,0.0
R2P2_alpha_0.6,20260521,0,original,3,0,0,0.0
R2P2_alpha_0.6,20260521,0,original,3,1,0,0.0
R2P2_alpha_0.6,20260521,0,original,3,2,0,0.0
R2P2_alpha_0.6,20260521,0,original,3,3,320,1.0
R2P2_alpha_0.6,20260521,1,original,0,0,320,1.0
R2P2_alpha_0.6,20260521,1,original,0,1,0,0.0
R2P2_alpha_0.6,20260521,1,original,0,2,0,0.0
R2P2_alpha_0.6,20260521,1,original,0,3,0,0.0
R2P2_alpha_0.6,20260521,1,original,1,0,160,0.5
R2P2_alpha_0.6,20260521,1,original,1,1,160,0.5
R2P2_alpha_0.6,20260521,1,original,1,2,0,0.0
R2P2_alpha_0.6,20260521,1,original,1,3,0,0.0
R2P2_alpha_0.6,20260521,1,original,2,0,0,0.0
R2P2_alpha_0.6,20260521,1,original,2,1,0,0.0
R2P2_alpha_0.6,20260521,1,original,2,2,320,1.0
R2P2_alpha_0.6,20260521,1,original,2,3,0,0.0
R2P2_alpha_0.6,20260521,1,original,3,0,128,0.4
R2P2_alpha_0.6,20260521,1,original,3,1,0,0.0
R2P2_alpha_0.6,20260521,1,original,3,2,0,0.0
R2P2_alpha_0.6,20260521,1,original,3,3,192,0.6
R2P2_alpha_0.6,20260521,2,original,0,0,320,1.0
R2P2_alpha_0.6,20260521,2,original,0,1,0,0.0
R2P2_alpha_0.6,20260521,2,original,0,2,0,0.0
R2P2_alpha_0.6,20260521,2,original,0,3,0,0.0
R2P2_alpha_0.6,20260521,2,original,1,0,0,0.0
R2P2_alpha_0.6,20260521,2,original,1,1,64,0.2
R2P2_alpha_0.6,20260521,2,original,1,2,256,0.8
R2P2_alpha_0.6,20260521,2,original,1,3,0,0.0
R2P2_alpha_0.6,20260521,2,original,2,0,0,0.0
R2P2_alpha_0.6,20260521,2,original,2,1,0,0.0
R2P2_alpha_0.6,20260521,2,original,2,2,320,1.0
R2P2_alpha_0.6,20260521,2,original,2,3,0,0.0
R2P2_alpha_0.6,20260521,2,original,3,0,0,0.0
R2P2_alpha_0.6,20260521,2,original,3,1,0,0.0
R2P2_alpha_0.6,20260521,2,original,3,2,256,0.8
R2P2_alpha_0.6,20260521,2,original,3,3,64,0.2
R2P2_alpha_0.6,20260521,5,original,0,0,320,1.0
R2P2_alpha_0.6,20260521,5,original,0,1,0,0.0
R2P2_alpha_0.6,20260521,5,original,0,2,0,0.0
R2P2_alpha_0.6,20260521,5,original,0,3,0,0.0
R2P2_alpha_0.6,20260521,5,original,1,0,0,0.0
R2P2_alpha_0.6,20260521,5,original,1,1,32,0.1
R2P2_alpha_0.6,20260521,5,original,1,2,288,0.9
R2P2_alpha_0.6,20260521,5,original,1,3,0,0.0
R2P2_alpha_0.6,20260521,5,original,2,0,0,0.0
R2P2_alpha_0.6,20260521,5,original,2,1,0,0.0
R2P2_alpha_0.6,20260521,5,original,2,2,320,1.0
R2P2_alpha_0.6,20260521,5,original,2,3,0,0.0
R2P2_alpha_0.6,20260521,5,original,3,0,0,0.0
R2P2_alpha_0.6,20260521,5,original,3,1,0,0.0
R2P2_alpha_0.6,20260521,5,original,3,2,256,0.8
R2P2_alpha_0.6,20260521,5,original,3,3,64,0.2
R2P2_alpha_0.6,20260521,10,original,0,0,320,1.0
R2P2_alpha_0.6,20260521,10,original,0,1,0,0.0
R2P2_alpha_0.6,20260521,10,original,0,2,0,0.0
R2P2_alpha_0.6,20260521,10,original,0,3,0,0.0
R2P2_alpha_0.6,20260521,10,original,1,0,0,0.0
R2P2_alpha_0.6,20260521,10,original,1,1,32,0.1
R2P2_alpha_0.6,20260521,10,original,1,2,288,0.9
R2P2_alpha_0.6,20260521,10,original,1,3,0,0.0
R2P2_alpha_0.6,20260521,10,original,2,0,0,0.0
R2P2_alpha_0.6,20260521,10,original,2,1,0,0.0
R2P2_alpha_0.6,20260521,10,original,2,2,320,1.0
R2P2_alpha_0.6,20260521,10,original,2,3,0,0.0
R2P2_alpha_0.6,20260521,10,original,3,0,0,0.0
R2P2_alpha_0.6,20260521,10,original,3,1,0,0.0
R2P2_alpha_0.6,20260521,10,original,3,2,0,0.0
R2P2_alpha_0.6,20260521,10,original,3,3,320,1.0
R2P2_alpha_0.6,20260521,20,original,0,0,320,1.0
R2P2_alpha_0.6,20260521,20,original,0,1,0,0.0
R2P2_alpha_0.6,20260521,20,original,0,2,0,0.0
R2P2_alpha_0.6,20260521,20,original,0,3,0,0.0
R2P2_alpha_0.6,20260521,20,original,1,0,0,0.0
R2P2_alpha_0.6,20260521,20,original,1,1,32,0.1
R2P2_alpha_0.6,20260521,20,original,1,2,288,0.9
R2P2_alpha_0.6,20260521,20,original,1,3,0,0.0
R2P2_alpha_0.6,20260521,20,original,2,0,0,0.0
R2P2_alpha_0.6,20260521,20,original,2,1,0,0.0
R2P2_alpha_0.6,20260521,20,original,2,2,320,1.0
R2P2_alpha_0.6,20260521,20,original,2,3,0,0.0
R2P2_alpha_0.6,20260521,20,original,3,0,0,0.0
R2P2_alpha_0.6,20260521,20,original,3,1,0,0.0
R2P2_alpha_0.6,20260521,20,original,3,2,0,0.0
R2P2_alpha_0.6,20260521,20,original,3,3,320,1.0
R2P2_alpha_0.6,20260521,50,original,0,0,320,1.0
R2P2_alpha_0.6,20260521,50,original,0,1,0,0.0
R2P2_alpha_0.6,20260521,50,original,0,2,0,0.0
R2P2_alpha_0.6,20260521,50,original,0,3,0,0.0
R2P2_alpha_0.6,20260521,50,original,1,0,0,0.0
R2P2_alpha_0.6,20260521,50,original,1,1,32,0.1
R2P2_alpha_0.6,20260521,50,original,1,2,288,0.9
R2P2_alpha_0.6,20260521,50,original,1,3,0,0.0
R2P2_alpha_0.6,20260521,50,original,2,0,0,0.0
R2P2_alpha_0.6,20260521,50,original,2,1,0,0.0
R2P2_alpha_0.6,20260521,50,original,2,2,320,1.0
R2P2_alpha_0.6,20260521,50,original,2,3,0,0.0
R2P2_alpha_0.6,20260521,50,original,3,0,0,0.0
R2P2_alpha_0.6,20260521,50,original,3,1,0,0.0
R2P2_alpha_0.6,20260521,50,original,3,2,0,0.0
R2P2_alpha_0.6,20260521,50,original,3,3,320,1.0
R2P2_alpha_0.6,20260521,1600,original,0,0,320,1.0
R2P2_alpha_0.6,20260521,1600,original,0,1,0,0.0
R2P2_alpha_0.6,20260521,1600,original,0,2,0,0.0
R2P2_alpha_0.6,20260521,1600,original,0,3,0,0.0
R2P2_alpha_0.6,20260521,1600,original,1,0,0,0.0
R2P2_alpha_0.6,20260521,1600,original,1,1,32,0.1
R2P2_alpha_0.6,20260521,1600,original,1,2,288,0.9
R2P2_alpha_0.6,20260521,1600,original,1,3,0,0.0
R2P2_alpha_0.6,20260521,1600,original,2,0,0,0.0
R2P2_alpha_0.6,20260521,1600,original,2,1,0,0.0
R2P2_alpha_0.6,20260521,1600,original,2,2,320,1.0
R2P2_alpha_0.6,20260521,1600,original,2,3,0,0.0
R2P2_alpha_0.6,20260521,1600,original,3,0,0,0.0
R2P2_alpha_0.6,20260521,1600,original,3,1,0,0.0
R2P2_alpha_0.6,20260521,1600,original,3,2,0,0.0
R2P2_alpha_0.6,20260521,1600,original,3,3,320,1.0
R2P2_alpha_0.6,20260522,0,original,0,0,320,1.0
R2P2_alpha_0.6,20260522,0,original,0,1,0,0.0
R2P2_alpha_0.6,20260522,0,original,0,2,0,0.0
R2P2_alpha_0.6,20260522,0,original,0,3,0,0.0
R2P2_alpha_0.6,20260522,0,original,1,0,0,0.0
R2P2_alpha_0.6,20260522,0,original,1,1,320,1.0
R2P2_alpha_0.6,20260522,0,original,1,2,0,0.0
R2P2_alpha_0.6,20260522,0,original,1,3,0,0.0
R2P2_alpha_0.6,20260522,0,original,2,0,0,0.0
R2P2_alpha_0.6,20260522,0,original,2,1,0,0.0
R2P2_alpha_0.6,20260522,0,original,2,2,320,1.0
R2P2_alpha_0.6,20260522,0,original,2,3,0,0.0
R2P2_alpha_0.6,20260522,0,original,3,0,0,0.0
R2P2_alpha_0.6,20260522,0,original,3,1,0,0.0
R2P2_alpha_0.6,20260522,0,original,3,2,0,0.0
R2P2_alpha_0.6,20260522,0,original,3,3,320,1.0
R2P2_alpha_0.6,20260522,1,original,0,0,128,0.4
R2P2_alpha_0.6,20260522,1,original,0,1,192,0.6
R2P2_alpha_0.6,20260522,1,original,0,2,0,0.0
R2P2_alpha_0.6,20260522,1,original,0,3,0,0.0
R2P2_alpha_0.6,20260522,1,original,1,0,0,0.0
R2P2_alpha_0.6,20260522,1,original,1,1,320,1.0
R2P2_alpha_0.6,20260522,1,original,1,2,0,0.0
R2P2_alpha_0.6,20260522,1,original,1,3,0,0.0
R2P2_alpha_0.6,20260522,1,original,2,0,0,0.0
R2P2_alpha_0.6,20260522,1,original,2,1,64,0.2
R2P2_alpha_0.6,20260522,1,original,2,2,256,0.8
R2P2_alpha_0.6,20260522,1,original,2,3,0,0.0
R2P2_alpha_0.6,20260522,1,original,3,0,0,0.0
R2P2_alpha_0.6,20260522,1,original,3,1,128,0.4
R2P2_alpha_0.6,20260522,1,original,3,2,0,0.0
R2P2_alpha_0.6,20260522,1,original,3,3,192,0.6
R2P2_alpha_0.6,20260522,2,original,0,0,64,0.2
R2P2_alpha_0.6,20260522,2,original,0,1,256,0.8
R2P2_alpha_0.6,20260522,2,original,0,2,0,0.0
R2P2_alpha_0.6,20260522,2,original,0,3,0,0.0
R2P2_alpha_0.6,20260522,2,original,1,0,0,0.0
R2P2_alpha_0.6,20260522,2,original,1,1,320,1.0
R2P2_alpha_0.6,20260522,2,original,1,2,0,0.0
R2P2_alpha_0.6,20260522,2,original,1,3,0,0.0
R2P2_alpha_0.6,20260522,2,original,2,0,0,0.0
R2P2_alpha_0.6,20260522,2,original,2,1,128,0.4
R2P2_alpha_0.6,20260522,2,original,2,2,192,0.6
R2P2_alpha_0.6,20260522,2,original,2,3,0,0.0
R2P2_alpha_0.6,20260522,2,original,3,0,0,0.0
R2P2_alpha_0.6,20260522,2,original,3,1,192,0.6
R2P2_alpha_0.6,20260522,2,original,3,2,0,0.0
R2P2_alpha_0.6,20260522,2,original,3,3,128,0.4
R2P2_alpha_0.6,20260522,5,original,0,0,0,0.0
R2P2_alpha_0.6,20260522,5,original,0,1,320,1.0
R2P2_alpha_0.6,20260522,5,original,0,2,0,0.0
R2P2_alpha_0.6,20260522,5,original,0,3,0,0.0
R2P2_alpha_0.6,20260522,5,original,1,0,0,0.0
R2P2_alpha_0.6,20260522,5,original,1,1,320,1.0
R2P2_alpha_0.6,20260522,5,original,1,2,0,0.0
R2P2_alpha_0.6,20260522,5,original,1,3,0,0.0
R2P2_alpha_0.6,20260522,5,original,2,0,0,0.0
R2P2_alpha_0.6,20260522,5,original,2,1,0,0.0
R2P2_alpha_0.6,20260522,5,original,2,2,320,1.0
R2P2_alpha_0.6,20260522,5,original,2,3,0,0.0
R2P2_alpha_0.6,20260522,5,original,3,0,0,0.0
R2P2_alpha_0.6,20260522,5,original,3,1,96,0.3
R2P2_alpha_0.6,20260522,5,original,3,2,96,0.3
R2P2_alpha_0.6,20260522,5,original,3,3,128,0.4
R2P2_alpha_0.6,20260522,10,original,0,0,0,0.0
R2P2_alpha_0.6,20260522,10,original,0,1,320,1.0
R2P2_alpha_0.6,20260522,10,original,0,2,0,0.0
R2P2_alpha_0.6,20260522,10,original,0,3,0,0.0
R2P2_alpha_0.6,20260522,10,original,1,0,0,0.0
R2P2_alpha_0.6,20260522,10,original,1,1,320,1.0
R2P2_alpha_0.6,20260522,10,original,1,2,0,0.0
R2P2_alpha_0.6,20260522,10,original,1,3,0,0.0
R2P2_alpha_0.6,20260522,10,original,2,0,0,0.0
R2P2_alpha_0.6,20260522,10,original,2,1,0,0.0
R2P2_alpha_0.6,20260522,10,original,2,2,320,1.0
R2P2_alpha_0.6,20260522,10,original,2,3,0,0.0
R2P2_alpha_0.6,20260522,10,original,3,0,0,0.0
R2P2_alpha_0.6,20260522,10,original,3,1,0,0.0
R2P2_alpha_0.6,20260522,10,original,3,2,0,0.0
R2P2_alpha_0.6,20260522,10,original,3,3,320,1.0
R2P2_alpha_0.6,20260522,20,original,0,0,0,0.0
R2P2_alpha_0.6,20260522,20,original,0,1,320,1.0
R2P2_alpha_0.6,20260522,20,original,0,2,0,0.0
R2P2_alpha_0.6,20260522,20,original,0,3,0,0.0
R2P2_alpha_0.6,20260522,20,original,1,0,0,0.0
R2P2_alpha_0.6,20260522,20,original,1,1,320,1.0
R2P2_alpha_0.6,20260522,20,original,1,2,0,0.0
R2P2_alpha_0.6,20260522,20,original,1,3,0,0.0
R2P2_alpha_0.6,20260522,20,original,2,0,0,0.0
R2P2_alpha_0.6,20260522,20,original,2,1,0,0.0
R2P2_alpha_0.6,20260522,20,original,2,2,320,1.0
R2P2_alpha_0.6,20260522,20,original,2,3,0,0.0
R2P2_alpha_0.6,20260522,20,original,3,0,0,0.0
R2P2_alpha_0.6,20260522,20,original,3,1,0,0.0
R2P2_alpha_0.6,20260522,20,original,3,2,0,0.0
R2P2_alpha_0.6,20260522,20,original,3,3,320,1.0
R2P2_alpha_0.6,20260522,50,original,0,0,0,0.0
R2P2_alpha_0.6,20260522,50,original,0,1,320,1.0
R2P2_alpha_0.6,20260522,50,original,0,2,0,0.0
R2P2_alpha_0.6,20260522,50,original,0,3,0,0.0
R2P2_alpha_0.6,20260522,50,original,1,0,0,0.0
R2P2_alpha_0.6,20260522,50,original,1,1,320,1.0
R2P2_alpha_0.6,20260522,50,original,1,2,0,0.0
R2P2_alpha_0.6,20260522,50,original,1,3,0,0.0
R2P2_alpha_0.6,20260522,50,original,2,0,0,0.0
R2P2_alpha_0.6,20260522,50,original,2,1,0,0.0
R2P2_alpha_0.6,20260522,50,original,2,2,320,1.0
R2P2_alpha_0.6,20260522,50,original,2,3,0,0.0
R2P2_alpha_0.6,20260522,50,original,3,0,0,0.0
R2P2_alpha_0.6,20260522,50,original,3,1,0,0.0
R2P2_alpha_0.6,20260522,50,original,3,2,0,0.0
R2P2_alpha_0.6,20260522,50,original,3,3,320,1.0
R2P2_alpha_0.6,20260522,1600,original,0,0,0,0.0
R2P2_alpha_0.6,20260522,1600,original,0,1,320,1.0
R2P2_alpha_0.6,20260522,1600,original,0,2,0,0.0
R2P2_alpha_0.6,20260522,1600,original,0,3,0,0.0
R2P2_alpha_0.6,20260522,1600,original,1,0,0,0.0
R2P2_alpha_0.6,20260522,1600,original,1,1,320,1.0
R2P2_alpha_0.6,20260522,1600,original,1,2,0,0.0
R2P2_alpha_0.6,20260522,1600,original,1,3,0,0.0
R2P2_alpha_0.6,20260522,1600,original,2,0,0,0.0
R2P2_alpha_0.6,20260522,1600,original,2,1,0,0.0
R2P2_alpha_0.6,20260522,1600,original,2,2,320,1.0
R2P2_alpha_0.6,20260522,1600,original,2,3,0,0.0
R2P2_alpha_0.6,20260522,1600,original,3,0,0,0.0
R2P2_alpha_0.6,20260522,1600,original,3,1,0,0.0
R2P2_alpha_0.6,20260522,1600,original,3,2,0,0.0
R2P2_alpha_0.6,20260522,1600,original,3,3,320,1.0
R2P2_alpha_0.6,20260523,0,original,0,0,320,1.0
R2P2_alpha_0.6,20260523,0,original,0,1,0,0.0
R2P2_alpha_0.6,20260523,0,original,0,2,0,0.0
R2P2_alpha_0.6,20260523,0,original,0,3,0,0.0
R2P2_alpha_0.6,20260523,0,original,1,0,0,0.0
R2P2_alpha_0.6,20260523,0,original,1,1,320,1.0
R2P2_alpha_0.6,20260523,0,original,1,2,0,0.0
R2P2_alpha_0.6,20260523,0,original,1,3,0,0.0
R2P2_alpha_0.6,20260523,0,original,2,0,0,0.0
R2P2_alpha_0.6,20260523,0,original,2,1,0,0.0
R2P2_alpha_0.6,20260523,0,original,2,2,320,1.0
R2P2_alpha_0.6,20260523,0,original,2,3,0,0.0
R2P2_alpha_0.6,20260523,0,original,3,0,0,0.0
R2P2_alpha_0.6,20260523,0,original,3,1,0,0.0
R2P2_alpha_0.6,20260523,0,original,3,2,0,0.0
R2P2_alpha_0.6,20260523,0,original,3,3,320,1.0
R2P2_alpha_0.6,20260523,1,original,0,0,320,1.0
R2P2_alpha_0.6,20260523,1,original,0,1,0,0.0
R2P2_alpha_0.6,20260523,1,original,0,2,0,0.0
R2P2_alpha_0.6,20260523,1,original,0,3,0,0.0
R2P2_alpha_0.6,20260523,1,original,1,0,0,0.0
R2P2_alpha_0.6,20260523,1,original,1,1,320,1.0
R2P2_alpha_0.6,20260523,1,original,1,2,0,0.0
R2P2_alpha_0.6,20260523,1,original,1,3,0,0.0
R2P2_alpha_0.6,20260523,1,original,2,0,224,0.7
R2P2_alpha_0.6,20260523,1,original,2,1,0,0.0
R2P2_alpha_0.6,20260523,1,original,2,2,96,0.3
R2P2_alpha_0.6,20260523,1,original,2,3,0,0.0
R2P2_alpha_0.6,20260523,1,original,3,0,0,0.0
R2P2_alpha_0.6,20260523,1,original,3,1,0,0.0
R2P2_alpha_0.6,20260523,1,original,3,2,0,0.0
R2P2_alpha_0.6,20260523,1,original,3,3,320,1.0
R2P2_alpha_0.6,20260523,2,original,0,0,320,1.0
R2P2_alpha_0.6,20260523,2,original,0,1,0,0.0
R2P2_alpha_0.6,20260523,2,original,0,2,0,0.0
R2P2_alpha_0.6,20260523,2,original,0,3,0,0.0
R2P2_alpha_0.6,20260523,2,original,1,0,0,0.0
R2P2_alpha_0.6,20260523,2,original,1,1,192,0.6
R2P2_alpha_0.6,20260523,2,original,1,2,0,0.0
R2P2_alpha_0.6,20260523,2,original,1,3,128,0.4
R2P2_alpha_0.6,20260523,2,original,2,0,0,0.0
R2P2_alpha_0.6,20260523,2,original,2,1,0,0.0
R2P2_alpha_0.6,20260523,2,original,2,2,32,0.1
R2P2_alpha_0.6,20260523,2,original,2,3,288,0.9
R2P2_alpha_0.6,20260523,2,original,3,0,0,0.0
R2P2_alpha_0.6,20260523,2,original,3,1,0,0.0
R2P2_alpha_0.6,20260523,2,original,3,2,0,0.0
R2P2_alpha_0.6,20260523,2,original,3,3,320,1.0
R2P2_alpha_0.6,20260523,5,original,0,0,320,1.0
R2P2_alpha_0.6,20260523,5,original,0,1,0,0.0
R2P2_alpha_0.6,20260523,5,original,0,2,0,0.0
R2P2_alpha_0.6,20260523,5,original,0,3,0,0.0
R2P2_alpha_0.6,20260523,5,original,1,0,0,0.0
R2P2_alpha_0.6,20260523,5,original,1,1,96,0.3
R2P2_alpha_0.6,20260523,5,original,1,2,0,0.0
R2P2_alpha_0.6,20260523,5,original,1,3,224,0.7
R2P2_alpha_0.6,20260523,5,original,2,0,288,0.9
R2P2_alpha_0.6,20260523,5,original,2,1,0,0.0
R2P2_alpha_0.6,20260523,5,original,2,2,32,0.1
R2P2_alpha_0.6,20260523,5,original,2,3,0,0.0
R2P2_alpha_0.6,20260523,5,original,3,0,0,0.0
R2P2_alpha_0.6,20260523,5,original,3,1,0,0.0
R2P2_alpha_0.6,20260523,5,original,3,2,0,0.0
R2P2_alpha_0.6,20260523,5,original,3,3,320,1.0
R2P2_alpha_0.6,20260523,10,original,0,0,320,1.0
R2P2_alpha_0.6,20260523,10,original,0,1,0,0.0
R2P2_alpha_0.6,20260523,10,original,0,2,0,0.0
R2P2_alpha_0.6,20260523,10,original,0,3,0,0.0
R2P2_alpha_0.6,20260523,10,original,1,0,0,0.0
R2P2_alpha_0.6,20260523,10,original,1,1,320,1.0
R2P2_alpha_0.6,20260523,10,original,1,2,0,0.0
R2P2_alpha_0.6,20260523,10,original,1,3,0,0.0
R2P2_alpha_0.6,20260523,10,original,2,0,256,0.8
R2P2_alpha_0.6,20260523,10,original,2,1,0,0.0
R2P2_alpha_0.6,20260523,10,original,2,2,32,0.1
R2P2_alpha_0.6,20260523,10,original,2,3,32,0.1
R2P2_alpha_0.6,20260523,10,original,3,0,0,0.0
R2P2_alpha_0.6,20260523,10,original,3,1,0,0.0
R2P2_alpha_0.6,20260523,10,original,3,2,0,0.0
R2P2_alpha_0.6,20260523,10,original,3,3,320,1.0
R2P2_alpha_0.6,20260523,20,original,0,0,320,1.0
R2P2_alpha_0.6,20260523,20,original,0,1,0,0.0
R2P2_alpha_0.6,20260523,20,original,0,2,0,0.0
R2P2_alpha_0.6,20260523,20,original,0,3,0,0.0
R2P2_alpha_0.6,20260523,20,original,1,0,0,0.0
R2P2_alpha_0.6,20260523,20,original,1,1,320,1.0
R2P2_alpha_0.6,20260523,20,original,1,2,0,0.0
R2P2_alpha_0.6,20260523,20,original,1,3,0,0.0
R2P2_alpha_0.6,20260523,20,original,2,0,128,0.4
R2P2_alpha_0.6,20260523,20,original,2,1,0,0.0
R2P2_alpha_0.6,20260523,20,original,2,2,192,0.6
R2P2_alpha_0.6,20260523,20,original,2,3,0,0.0
R2P2_alpha_0.6,20260523,20,original,3,0,0,0.0
R2P2_alpha_0.6,20260523,20,original,3,1,0,0.0
R2P2_alpha_0.6,20260523,20,original,3,2,0,0.0
R2P2_alpha_0.6,20260523,20,original,3,3,320,1.0
R2P2_alpha_0.6,20260523,50,original,0,0,320,1.0
R2P2_alpha_0.6,20260523,50,original,0,1,0,0.0
R2P2_alpha_0.6,20260523,50,original,0,2,0,0.0
R2P2_alpha_0.6,20260523,50,original,0,3,0,0.0
R2P2_alpha_0.6,20260523,50,original,1,0,0,0.0
R2P2_alpha_0.6,20260523,50,original,1,1,320,1.0
R2P2_alpha_0.6,20260523,50,original,1,2,0,0.0
R2P2_alpha_0.6,20260523,50,original,1,3,0,0.0
R2P2_alpha_0.6,20260523,50,original,2,0,0,0.0
R2P2_alpha_0.6,20260523,50,original,2,1,0,0.0
R2P2_alpha_0.6,20260523,50,original,2,2,320,1.0
R2P2_alpha_0.6,20260523,50,original,2,3,0,0.0
R2P2_alpha_0.6,20260523,50,original,3,0,0,0.0
R2P2_alpha_0.6,20260523,50,original,3,1,0,0.0
R2P2_alpha_0.6,20260523,50,original,3,2,0,0.0
R2P2_alpha_0.6,20260523,50,original,3,3,320,1.0
R2P2_alpha_0.6,20260523,1600,original,0,0,320,1.0
R2P2_alpha_0.6,20260523,1600,original,0,1,0,0.0
R2P2_alpha_0.6,20260523,1600,original,0,2,0,0.0
R2P2_alpha_0.6,20260523,1600,original,0,3,0,0.0
R2P2_alpha_0.6,20260523,1600,original,1,0,0,0.0
R2P2_alpha_0.6,20260523,1600,original,1,1,320,1.0
R2P2_alpha_0.6,20260523,1600,original,1,2,0,0.0
R2P2_alpha_0.6,20260523,1600,original,1,3,0,0.0
R2P2_alpha_0.6,20260523,1600,original,2,0,0,0.0
R2P2_alpha_0.6,20260523,1600,original,2,1,0,0.0
R2P2_alpha_0.6,20260523,1600,original,2,2,320,1.0
R2P2_alpha_0.6,20260523,1600,original,2,3,0,0.0
R2P2_alpha_0.6,20260523,1600,original,3,0,0,0.0
R2P2_alpha_0.6,20260523,1600,original,3,1,0,0.0
R2P2_alpha_0.6,20260523,1600,original,3,2,0,0.0
R2P2_alpha_0.6,20260523,1600,original,3,3,320,1.0
R2P2_alpha_0.6,20260524,0,original,0,0,320,1.0
R2P2_alpha_0.6,20260524,0,original,0,1,0,0.0
R2P2_alpha_0.6,20260524,0,original,0,2,0,0.0
R2P2_alpha_0.6,20260524,0,original,0,3,0,0.0
R2P2_alpha_0.6,20260524,0,original,1,0,0,0.0
R2P2_alpha_0.6,20260524,0,original,1,1,320,1.0
R2P2_alpha_0.6,20260524,0,original,1,2,0,0.0
R2P2_alpha_0.6,20260524,0,original,1,3,0,0.0
R2P2_alpha_0.6,20260524,0,original,2,0,0,0.0
R2P2_alpha_0.6,20260524,0,original,2,1,0,0.0
R2P2_alpha_0.6,20260524,0,original,2,2,320,1.0
R2P2_alpha_0.6,20260524,0,original,2,3,0,0.0
R2P2_alpha_0.6,20260524,0,original,3,0,0,0.0
R2P2_alpha_0.6,20260524,0,original,3,1,0,0.0
R2P2_alpha_0.6,20260524,0,original,3,2,0,0.0
R2P2_alpha_0.6,20260524,0,original,3,3,320,1.0
R2P2_alpha_0.6,20260524,1,original,0,0,320,1.0
R2P2_alpha_0.6,20260524,1,original,0,1,0,0.0
R2P2_alpha_0.6,20260524,1,original,0,2,0,0.0
R2P2_alpha_0.6,20260524,1,original,0,3,0,0.0
R2P2_alpha_0.6,20260524,1,original,1,0,0,0.0
R2P2_alpha_0.6,20260524,1,original,1,1,320,1.0
R2P2_alpha_0.6,20260524,1,original,1,2,0,0.0
R2P2_alpha_0.6,20260524,1,original,1,3,0,0.0
R2P2_alpha_0.6,20260524,1,original,2,0,0,0.0
R2P2_alpha_0.6,20260524,1,original,2,1,0,0.0
R2P2_alpha_0.6,20260524,1,original,2,2,320,1.0
R2P2_alpha_0.6,20260524,1,original,2,3,0,0.0
R2P2_alpha_0.6,20260524,1,original,3,0,256,0.8
R2P2_alpha_0.6,20260524,1,original,3,1,0,0.0
R2P2_alpha_0.6,20260524,1,original,3,2,32,0.1
R2P2_alpha_0.6,20260524,1,original,3,3,32,0.1
R2P2_alpha_0.6,20260524,2,original,0,0,320,1.0
R2P2_alpha_0.6,20260524,2,original,0,1,0,0.0
R2P2_alpha_0.6,20260524,2,original,0,2,0,0.0
R2P2_alpha_0.6,20260524,2,original,0,3,0,0.0
R2P2_alpha_0.6,20260524,2,original,1,0,0,0.0
R2P2_alpha_0.6,20260524,2,original,1,1,320,1.0
R2P2_alpha_0.6,20260524,2,original,1,2,0,0.0
R2P2_alpha_0.6,20260524,2,original,1,3,0,0.0
R2P2_alpha_0.6,20260524,2,original,2,0,0,0.0
R2P2_alpha_0.6,20260524,2,original,2,1,0,0.0
R2P2_alpha_0.6,20260524,2,original,2,2,320,1.0
R2P2_alpha_0.6,20260524,2,original,2,3,0,0.0
R2P2_alpha_0.6,20260524,2,original,3,0,128,0.4
R2P2_alpha_0.6,20260524,2,original,3,1,0,0.0
R2P2_alpha_0.6,20260524,2,original,3,2,192,0.6
R2P2_alpha_0.6,20260524,2,original,3,3,0,0.0
R2P2_alpha_0.6,20260524,5,original,0,0,320,1.0
R2P2_alpha_0.6,20260524,5,original,0,1,0,0.0
R2P2_alpha_0.6,20260524,5,original,0,2,0,0.0
R2P2_alpha_0.6,20260524,5,original,0,3,0,0.0
R2P2_alpha_0.6,20260524,5,original,1,0,0,0.0
R2P2_alpha_0.6,20260524,5,original,1,1,320,1.0
R2P2_alpha_0.6,20260524,5,original,1,2,0,0.0
R2P2_alpha_0.6,20260524,5,original,1,3,0,0.0
R2P2_alpha_0.6,20260524,5,original,2,0,0,0.0
R2P2_alpha_0.6,20260524,5,original,2,1,0,0.0
R2P2_alpha_0.6,20260524,5,original,2,2,320,1.0
R2P2_alpha_0.6,20260524,5,original,2,3,0,0.0
R2P2_alpha_0.6,20260524,5,original,3,0,64,0.2
R2P2_alpha_0.6,20260524,5,original,3,1,0,0.0
R2P2_alpha_0.6,20260524,5,original,3,2,256,0.8
R2P2_alpha_0.6,20260524,5,original,3,3,0,0.0
R2P2_alpha_0.6,20260524,10,original,0,0,320,1.0
R2P2_alpha_0.6,20260524,10,original,0,1,0,0.0
R2P2_alpha_0.6,20260524,10,original,0,2,0,0.0
R2P2_alpha_0.6,20260524,10,original,0,3,0,0.0
R2P2_alpha_0.6,20260524,10,original,1,0,0,0.0
R2P2_alpha_0.6,20260524,10,original,1,1,320,1.0
R2P2_alpha_0.6,20260524,10,original,1,2,0,0.0
R2P2_alpha_0.6,20260524,10,original,1,3,0,0.0
R2P2_alpha_0.6,20260524,10,original,2,0,0,0.0
R2P2_alpha_0.6,20260524,10,original,2,1,0,0.0
R2P2_alpha_0.6,20260524,10,original,2,2,320,1.0
R2P2_alpha_0.6,20260524,10,original,2,3,0,0.0
R2P2_alpha_0.6,20260524,10,original,3,0,0,0.0
R2P2_alpha_0.6,20260524,10,original,3,1,0,0.0
R2P2_alpha_0.6,20260524,10,original,3,2,320,1.0
R2P2_alpha_0.6,20260524,10,original,3,3,0,0.0
R2P2_alpha_0.6,20260524,20,original,0,0,320,1.0
R2P2_alpha_0.6,20260524,20,original,0,1,0,0.0
R2P2_alpha_0.6,20260524,20,original,0,2,0,0.0
R2P2_alpha_0.6,20260524,20,original,0,3,0,0.0
R2P2_alpha_0.6,20260524,20,original,1,0,0,0.0
R2P2_alpha_0.6,20260524,20,original,1,1,320,1.0
R2P2_alpha_0.6,20260524,20,original,1,2,0,0.0
R2P2_alpha_0.6,20260524,20,original,1,3,0,0.0
R2P2_alpha_0.6,20260524,20,original,2,0,0,0.0
R2P2_alpha_0.6,20260524,20,original,2,1,0,0.0
R2P2_alpha_0.6,20260524,20,original,2,2,320,1.0
R2P2_alpha_0.6,20260524,20,original,2,3,0,0.0
R2P2_alpha_0.6,20260524,20,original,3,0,0,0.0
R2P2_alpha_0.6,20260524,20,original,3,1,0,0.0
R2P2_alpha_0.6,20260524,20,original,3,2,320,1.0
R2P2_alpha_0.6,20260524,20,original,3,3,0,0.0
R2P2_alpha_0.6,20260524,50,original,0,0,320,1.0
R2P2_alpha_0.6,20260524,50,original,0,1,0,0.0
R2P2_alpha_0.6,20260524,50,original,0,2,0,0.0
R2P2_alpha_0.6,20260524,50,original,0,3,0,0.0
R2P2_alpha_0.6,20260524,50,original,1,0,0,0.0
R2P2_alpha_0.6,20260524,50,original,1,1,320,1.0
R2P2_alpha_0.6,20260524,50,original,1,2,0,0.0
R2P2_alpha_0.6,20260524,50,original,1,3,0,0.0
R2P2_alpha_0.6,20260524,50,original,2,0,0,0.0
R2P2_alpha_0.6,20260524,50,original,2,1,0,0.0
R2P2_alpha_0.6,20260524,50,original,2,2,320,1.0
R2P2_alpha_0.6,20260524,50,original,2,3,0,0.0
R2P2_alpha_0.6,20260524,50,original,3,0,0,0.0
R2P2_alpha_0.6,20260524,50,original,3,1,0,0.0
R2P2_alpha_0.6,20260524,50,original,3,2,320,1.0
R2P2_alpha_0.6,20260524,50,original,3,3,0,0.0
R2P2_alpha_0.6,20260524,1600,original,0,0,320,1.0
R2P2_alpha_0.6,20260524,1600,original,0,1,0,0.0
R2P2_alpha_0.6,20260524,1600,original,0,2,0,0.0
R2P2_alpha_0.6,20260524,1600,original,0,3,0,0.0
R2P2_alpha_0.6,20260524,1600,original,1,0,0,0.0
R2P2_alpha_0.6,20260524,1600,original,1,1,320,1.0
R2P2_alpha_0.6,20260524,1600,original,1,2,0,0.0
R2P2_alpha_0.6,20260524,1600,original,1,3,0,0.0
R2P2_alpha_0.6,20260524,1600,original,2,0,0,0.0
R2P2_alpha_0.6,20260524,1600,original,2,1,0,0.0
R2P2_alpha_0.6,20260524,1600,original,2,2,320,1.0
R2P2_alpha_0.6,20260524,1600,original,2,3,0,0.0
R2P2_alpha_0.6,20260524,1600,original,3,0,0,0.0
R2P2_alpha_0.6,20260524,1600,original,3,1,0,0.0
R2P2_alpha_0.6,20260524,1600,original,3,2,320,1.0
R2P2_alpha_0.6,20260524,1600,original,3,3,0,0.0
R2P2_alpha_0.6,20260525,0,original,0,0,320,1.0
R2P2_alpha_0.6,20260525,0,original,0,1,0,0.0
R2P2_alpha_0.6,20260525,0,original,0,2,0,0.0
R2P2_alpha_0.6,20260525,0,original,0,3,0,0.0
R2P2_alpha_0.6,20260525,0,original,1,0,0,0.0
R2P2_alpha_0.6,20260525,0,original,1,1,320,1.0
R2P2_alpha_0.6,20260525,0,original,1,2,0,0.0
R2P2_alpha_0.6,20260525,0,original,1,3,0,0.0
R2P2_alpha_0.6,20260525,0,original,2,0,0,0.0
R2P2_alpha_0.6,20260525,0,original,2,1,0,0.0
R2P2_alpha_0.6,20260525,0,original,2,2,320,1.0
R2P2_alpha_0.6,20260525,0,original,2,3,0,0.0
R2P2_alpha_0.6,20260525,0,original,3,0,0,0.0
R2P2_alpha_0.6,20260525,0,original,3,1,0,0.0
R2P2_alpha_0.6,20260525,0,original,3,2,0,0.0
R2P2_alpha_0.6,20260525,0,original,3,3,320,1.0
R2P2_alpha_0.6,20260525,1,original,0,0,96,0.3
R2P2_alpha_0.6,20260525,1,original,0,1,0,0.0
R2P2_alpha_0.6,20260525,1,original,0,2,224,0.7
R2P2_alpha_0.6,20260525,1,original,0,3,0,0.0
R2P2_alpha_0.6,20260525,1,original,1,0,0,0.0
R2P2_alpha_0.6,20260525,1,original,1,1,320,1.0
R2P2_alpha_0.6,20260525,1,original,1,2,0,0.0
R2P2_alpha_0.6,20260525,1,original,1,3,0,0.0
R2P2_alpha_0.6,20260525,1,original,2,0,0,0.0
R2P2_alpha_0.6,20260525,1,original,2,1,0,0.0
R2P2_alpha_0.6,20260525,1,original,2,2,320,1.0
R2P2_alpha_0.6,20260525,1,original,2,3,0,0.0
R2P2_alpha_0.6,20260525,1,original,3,0,0,0.0
R2P2_alpha_0.6,20260525,1,original,3,1,0,0.0
R2P2_alpha_0.6,20260525,1,original,3,2,32,0.1
R2P2_alpha_0.6,20260525,1,original,3,3,288,0.9
R2P2_alpha_0.6,20260525,2,original,0,0,32,0.1
R2P2_alpha_0.6,20260525,2,original,0,1,0,0.0
R2P2_alpha_0.6,20260525,2,original,0,2,288,0.9
R2P2_alpha_0.6,20260525,2,original,0,3,0,0.0
R2P2_alpha_0.6,20260525,2,original,1,0,0,0.0
R2P2_alpha_0.6,20260525,2,original,1,1,288,0.9
R2P2_alpha_0.6,20260525,2,original,1,2,32,0.1
R2P2_alpha_0.6,20260525,2,original,1,3,0,0.0
R2P2_alpha_0.6,20260525,2,original,2,0,0,0.0
R2P2_alpha_0.6,20260525,2,original,2,1,0,0.0
R2P2_alpha_0.6,20260525,2,original,2,2,320,1.0
R2P2_alpha_0.6,20260525,2,original,2,3,0,0.0
R2P2_alpha_0.6,20260525,2,original,3,0,0,0.0
R2P2_alpha_0.6,20260525,2,original,3,1,0,0.0
R2P2_alpha_0.6,20260525,2,original,3,2,128,0.4
R2P2_alpha_0.6,20260525,2,original,3,3,192,0.6
R2P2_alpha_0.6,20260525,5,original,0,0,32,0.1
R2P2_alpha_0.6,20260525,5,original,0,1,0,0.0
R2P2_alpha_0.6,20260525,5,original,0,2,288,0.9
R2P2_alpha_0.6,20260525,5,original,0,3,0,0.0
R2P2_alpha_0.6,20260525,5,original,1,0,0,0.0
R2P2_alpha_0.6,20260525,5,original,1,1,64,0.2
R2P2_alpha_0.6,20260525,5,original,1,2,256,0.8
R2P2_alpha_0.6,20260525,5,original,1,3,0,0.0
R2P2_alpha_0.6,20260525,5,original,2,0,0,0.0
R2P2_alpha_0.6,20260525,5,original,2,1,0,0.0
R2P2_alpha_0.6,20260525,5,original,2,2,320,1.0
R2P2_alpha_0.6,20260525,5,original,2,3,0,0.0
R2P2_alpha_0.6,20260525,5,original,3,0,0,0.0
R2P2_alpha_0.6,20260525,5,original,3,1,0,0.0
R2P2_alpha_0.6,20260525,5,original,3,2,256,0.8
R2P2_alpha_0.6,20260525,5,original,3,3,64,0.2
R2P2_alpha_0.6,20260525,10,original,0,0,0,0.0
R2P2_alpha_0.6,20260525,10,original,0,1,0,0.0
R2P2_alpha_0.6,20260525,10,original,0,2,320,1.0
R2P2_alpha_0.6,20260525,10,original,0,3,0,0.0
R2P2_alpha_0.6,20260525,10,original,1,0,0,0.0
R2P2_alpha_0.6,20260525,10,original,1,1,320,1.0
R2P2_alpha_0.6,20260525,10,original,1,2,0,0.0
R2P2_alpha_0.6,20260525,10,original,1,3,0,0.0
R2P2_alpha_0.6,20260525,10,original,2,0,0,0.0
R2P2_alpha_0.6,20260525,10,original,2,1,0,0.0
R2P2_alpha_0.6,20260525,10,original,2,2,320,1.0
R2P2_alpha_0.6,20260525,10,original,2,3,0,0.0
R2P2_alpha_0.6,20260525,10,original,3,0,0,0.0
R2P2_alpha_0.6,20260525,10,original,3,1,0,0.0
R2P2_alpha_0.6,20260525,10,original,3,2,0,0.0
R2P2_alpha_0.6,20260525,10,original,3,3,320,1.0
R2P2_alpha_0.6,20260525,20,original,0,0,0,0.0
R2P2_alpha_0.6,20260525,20,original,0,1,0,0.0
R2P2_alpha_0.6,20260525,20,original,0,2,320,1.0
R2P2_alpha_0.6,20260525,20,original,0,3,0,0.0
R2P2_alpha_0.6,20260525,20,original,1,0,0,0.0
R2P2_alpha_0.6,20260525,20,original,1,1,320,1.0
R2P2_alpha_0.6,20260525,20,original,1,2,0,0.0
R2P2_alpha_0.6,20260525,20,original,1,3,0,0.0
R2P2_alpha_0.6,20260525,20,original,2,0,0,0.0
R2P2_alpha_0.6,20260525,20,original,2,1,0,0.0
R2P2_alpha_0.6,20260525,20,original,2,2,320,1.0
R2P2_alpha_0.6,20260525,20,original,2,3,0,0.0
R2P2_alpha_0.6,20260525,20,original,3,0,0,0.0
R2P2_alpha_0.6,20260525,20,original,3,1,0,0.0
R2P2_alpha_0.6,20260525,20,original,3,2,0,0.0
R2P2_alpha_0.6,20260525,20,original,3,3,320,1.0
R2P2_alpha_0.6,20260525,50,original,0,0,0,0.0
R2P2_alpha_0.6,20260525,50,original,0,1,0,0.0
R2P2_alpha_0.6,20260525,50,original,0,2,320,1.0
R2P2_alpha_0.6,20260525,50,original,0,3,0,0.0
R2P2_alpha_0.6,20260525,50,original,1,0,0,0.0
R2P2_alpha_0.6,20260525,50,original,1,1,320,1.0
R2P2_alpha_0.6,20260525,50,original,1,2,0,0.0
R2P2_alpha_0.6,20260525,50,original,1,3,0,0.0
R2P2_alpha_0.6,20260525,50,original,2,0,0,0.0
R2P2_alpha_0.6,20260525,50,original,2,1,0,0.0
R2P2_alpha_0.6,20260525,50,original,2,2,320,1.0
R2P2_alpha_0.6,20260525,50,original,2,3,0,0.0
R2P2_alpha_0.6,20260525,50,original,3,0,0,0.0
R2P2_alpha_0.6,20260525,50,original,3,1,0,0.0
R2P2_alpha_0.6,20260525,50,original,3,2,0,0.0
R2P2_alpha_0.6,20260525,50,original,3,3,320,1.0
R2P2_alpha_0.6,20260525,1600,original,0,0,0,0.0
R2P2_alpha_0.6,20260525,1600,original,0,1,0,0.0
R2P2_alpha_0.6,20260525,1600,original,0,2,320,1.0
R2P2_alpha_0.6,20260525,1600,original,0,3,0,0.0
R2P2_alpha_0.6,20260525,1600,original,1,0,0,0.0
R2P2_alpha_0.6,20260525,1600,original,1,1,320,1.0
R2P2_alpha_0.6,20260525,1600,original,1,2,0,0.0
R2P2_alpha_0.6,20260525,1600,original,1,3,0,0.0
R2P2_alpha_0.6,20260525,1600,original,2,0,0,0.0
R2P2_alpha_0.6,20260525,1600,original,2,1,0,0.0
R2P2_alpha_0.6,20260525,1600,original,2,2,320,1.0
R2P2_alpha_0.6,20260525,1600,original,2,3,0,0.0
R2P2_alpha_0.6,20260525,1600,original,3,0,0,0.0
R2P2_alpha_0.6,20260525,1600,original,3,1,0,0.0
R2P2_alpha_0.6,20260525,1600,original,3,2,0,0.0
R2P2_alpha_0.6,20260525,1600,original,3,3,320,1.0
R2P2_alpha_0.6,20260526,0,original,0,0,320,1.0
R2P2_alpha_0.6,20260526,0,original,0,1,0,0.0
R2P2_alpha_0.6,20260526,0,original,0,2,0,0.0
R2P2_alpha_0.6,20260526,0,original,0,3,0,0.0
R2P2_alpha_0.6,20260526,0,original,1,0,0,0.0
R2P2_alpha_0.6,20260526,0,original,1,1,320,1.0
R2P2_alpha_0.6,20260526,0,original,1,2,0,0.0
R2P2_alpha_0.6,20260526,0,original,1,3,0,0.0
R2P2_alpha_0.6,20260526,0,original,2,0,0,0.0
R2P2_alpha_0.6,20260526,0,original,2,1,0,0.0
R2P2_alpha_0.6,20260526,0,original,2,2,320,1.0
R2P2_alpha_0.6,20260526,0,original,2,3,0,0.0
R2P2_alpha_0.6,20260526,0,original,3,0,0,0.0
R2P2_alpha_0.6,20260526,0,original,3,1,0,0.0
R2P2_alpha_0.6,20260526,0,original,3,2,0,0.0
R2P2_alpha_0.6,20260526,0,original,3,3,320,1.0
R2P2_alpha_0.6,20260526,1,original,0,0,320,1.0
R2P2_alpha_0.6,20260526,1,original,0,1,0,0.0
R2P2_alpha_0.6,20260526,1,original,0,2,0,0.0
R2P2_alpha_0.6,20260526,1,original,0,3,0,0.0
R2P2_alpha_0.6,20260526,1,original,1,0,0,0.0
R2P2_alpha_0.6,20260526,1,original,1,1,320,1.0
R2P2_alpha_0.6,20260526,1,original,1,2,0,0.0
R2P2_alpha_0.6,20260526,1,original,1,3,0,0.0
R2P2_alpha_0.6,20260526,1,original,2,0,0,0.0
R2P2_alpha_0.6,20260526,1,original,2,1,0,0.0
R2P2_alpha_0.6,20260526,1,original,2,2,320,1.0
R2P2_alpha_0.6,20260526,1,original,2,3,0,0.0
R2P2_alpha_0.6,20260526,1,original,3,0,0,0.0
R2P2_alpha_0.6,20260526,1,original,3,1,0,0.0
R2P2_alpha_0.6,20260526,1,original,3,2,0,0.0
R2P2_alpha_0.6,20260526,1,original,3,3,320,1.0
R2P2_alpha_0.6,20260526,2,original,0,0,320,1.0
R2P2_alpha_0.6,20260526,2,original,0,1,0,0.0
R2P2_alpha_0.6,20260526,2,original,0,2,0,0.0
R2P2_alpha_0.6,20260526,2,original,0,3,0,0.0
R2P2_alpha_0.6,20260526,2,original,1,0,288,0.9
R2P2_alpha_0.6,20260526,2,original,1,1,32,0.1
R2P2_alpha_0.6,20260526,2,original,1,2,0,0.0
R2P2_alpha_0.6,20260526,2,original,1,3,0,0.0
R2P2_alpha_0.6,20260526,2,original,2,0,0,0.0
R2P2_alpha_0.6,20260526,2,original,2,1,0,0.0
R2P2_alpha_0.6,20260526,2,original,2,2,320,1.0
R2P2_alpha_0.6,20260526,2,original,2,3,0,0.0
R2P2_alpha_0.6,20260526,2,original,3,0,0,0.0
R2P2_alpha_0.6,20260526,2,original,3,1,0,0.0
R2P2_alpha_0.6,20260526,2,original,3,2,0,0.0
R2P2_alpha_0.6,20260526,2,original,3,3,320,1.0
R2P2_alpha_0.6,20260526,5,original,0,0,320,1.0
R2P2_alpha_0.6,20260526,5,original,0,1,0,0.0
R2P2_alpha_0.6,20260526,5,original,0,2,0,0.0
R2P2_alpha_0.6,20260526,5,original,0,3,0,0.0
R2P2_alpha_0.6,20260526,5,original,1,0,64,0.2
R2P2_alpha_0.6,20260526,5,original,1,1,32,0.1
R2P2_alpha_0.6,20260526,5,original,1,2,224,0.7
R2P2_alpha_0.6,20260526,5,original,1,3,0,0.0
R2P2_alpha_0.6,20260526,5,original,2,0,0,0.0
R2P2_alpha_0.6,20260526,5,original,2,1,0,0.0
R2P2_alpha_0.6,20260526,5,original,2,2,320,1.0
R2P2_alpha_0.6,20260526,5,original,2,3,0,0.0
R2P2_alpha_0.6,20260526,5,original,3,0,0,0.0
R2P2_alpha_0.6,20260526,5,original,3,1,0,0.0
R2P2_alpha_0.6,20260526,5,original,3,2,0,0.0
R2P2_alpha_0.6,20260526,5,original,3,3,320,1.0
R2P2_alpha_0.6,20260526,10,original,0,0,320,1.0
R2P2_alpha_0.6,20260526,10,original,0,1,0,0.0
R2P2_alpha_0.6,20260526,10,original,0,2,0,0.0
R2P2_alpha_0.6,20260526,10,original,0,3,0,0.0
R2P2_alpha_0.6,20260526,10,original,1,0,64,0.2
R2P2_alpha_0.6,20260526,10,original,1,1,96,0.3
R2P2_alpha_0.6,20260526,10,original,1,2,0,0.0
R2P2_alpha_0.6,20260526,10,original,1,3,160,0.5
R2P2_alpha_0.6,20260526,10,original,2,0,0,0.0
R2P2_alpha_0.6,20260526,10,original,2,1,0,0.0
R2P2_alpha_0.6,20260526,10,original,2,2,320,1.0
R2P2_alpha_0.6,20260526,10,original,2,3,0,0.0
R2P2_alpha_0.6,20260526,10,original,3,0,0,0.0
R2P2_alpha_0.6,20260526,10,original,3,1,0,0.0
R2P2_alpha_0.6,20260526,10,original,3,2,0,0.0
R2P2_alpha_0.6,20260526,10,original,3,3,320,1.0
R2P2_alpha_0.6,20260526,20,original,0,0,320,1.0
R2P2_alpha_0.6,20260526,20,original,0,1,0,0.0
R2P2_alpha_0.6,20260526,20,original,0,2,0,0.0
R2P2_alpha_0.6,20260526,20,original,0,3,0,0.0
R2P2_alpha_0.6,20260526,20,original,1,0,0,0.0
R2P2_alpha_0.6,20260526,20,original,1,1,320,1.0
R2P2_alpha_0.6,20260526,20,original,1,2,0,0.0
R2P2_alpha_0.6,20260526,20,original,1,3,0,0.0
R2P2_alpha_0.6,20260526,20,original,2,0,0,0.0
R2P2_alpha_0.6,20260526,20,original,2,1,0,0.0
R2P2_alpha_0.6,20260526,20,original,2,2,320,1.0
R2P2_alpha_0.6,20260526,20,original,2,3,0,0.0
R2P2_alpha_0.6,20260526,20,original,3,0,0,0.0
R2P2_alpha_0.6,20260526,20,original,3,1,0,0.0
R2P2_alpha_0.6,20260526,20,original,3,2,0,0.0
R2P2_alpha_0.6,20260526,20,original,3,3,320,1.0
R2P2_alpha_0.6,20260526,50,original,0,0,320,1.0
R2P2_alpha_0.6,20260526,50,original,0,1,0,0.0
R2P2_alpha_0.6,20260526,50,original,0,2,0,0.0
R2P2_alpha_0.6,20260526,50,original,0,3,0,0.0
R2P2_alpha_0.6,20260526,50,original,1,0,0,0.0
R2P2_alpha_0.6,20260526,50,original,1,1,320,1.0
R2P2_alpha_0.6,20260526,50,original,1,2,0,0.0
R2P2_alpha_0.6,20260526,50,original,1,3,0,0.0
R2P2_alpha_0.6,20260526,50,original,2,0,0,0.0
R2P2_alpha_0.6,20260526,50,original,2,1,0,0.0
R2P2_alpha_0.6,20260526,50,original,2,2,320,1.0
R2P2_alpha_0.6,20260526,50,original,2,3,0,0.0
R2P2_alpha_0.6,20260526,50,original,3,0,0,0.0
R2P2_alpha_0.6,20260526,50,original,3,1,0,0.0
R2P2_alpha_0.6,20260526,50,original,3,2,0,0.0
R2P2_alpha_0.6,20260526,50,original,3,3,320,1.0
R2P2_alpha_0.6,20260526,1600,original,0,0,320,1.0
R2P2_alpha_0.6,20260526,1600,original,0,1,0,0.0
R2P2_alpha_0.6,20260526,1600,original,0,2,0,0.0
R2P2_alpha_0.6,20260526,1600,original,0,3,0,0.0
R2P2_alpha_0.6,20260526,1600,original,1,0,0,0.0
R2P2_alpha_0.6,20260526,1600,original,1,1,320,1.0
R2P2_alpha_0.6,20260526,1600,original,1,2,0,0.0
R2P2_alpha_0.6,20260526,1600,original,1,3,0,0.0
R2P2_alpha_0.6,20260526,1600,original,2,0,0,0.0
R2P2_alpha_0.6,20260526,1600,original,2,1,0,0.0
R2P2_alpha_0.6,20260526,1600,original,2,2,320,1.0
R2P2_alpha_0.6,20260526,1600,original,2,3,0,0.0
R2P2_alpha_0.6,20260526,1600,original,3,0,0,0.0
R2P2_alpha_0.6,20260526,1600,original,3,1,0,0.0
R2P2_alpha_0.6,20260526,1600,original,3,2,0,0.0
R2P2_alpha_0.6,20260526,1600,original,3,3,320,1.0
R2P2_alpha_0.6,20260527,0,original,0,0,320,1.0
R2P2_alpha_0.6,20260527,0,original,0,1,0,0.0
R2P2_alpha_0.6,20260527,0,original,0,2,0,0.0
R2P2_alpha_0.6,20260527,0,original,0,3,0,0.0
R2P2_alpha_0.6,20260527,0,original,1,0,0,0.0
R2P2_alpha_0.6,20260527,0,original,1,1,320,1.0
R2P2_alpha_0.6,20260527,0,original,1,2,0,0.0
R2P2_alpha_0.6,20260527,0,original,1,3,0,0.0
R2P2_alpha_0.6,20260527,0,original,2,0,0,0.0
R2P2_alpha_0.6,20260527,0,original,2,1,0,0.0
R2P2_alpha_0.6,20260527,0,original,2,2,320,1.0
R2P2_alpha_0.6,20260527,0,original,2,3,0,0.0
R2P2_alpha_0.6,20260527,0,original,3,0,0,0.0
R2P2_alpha_0.6,20260527,0,original,3,1,0,0.0
R2P2_alpha_0.6,20260527,0,original,3,2,0,0.0
R2P2_alpha_0.6,20260527,0,original,3,3,320,1.0
R2P2_alpha_0.6,20260527,1,original,0,0,320,1.0
R2P2_alpha_0.6,20260527,1,original,0,1,0,0.0
R2P2_alpha_0.6,20260527,1,original,0,2,0,0.0
R2P2_alpha_0.6,20260527,1,original,0,3,0,0.0
R2P2_alpha_0.6,20260527,1,original,1,0,0,0.0
R2P2_alpha_0.6,20260527,1,original,1,1,320,1.0
R2P2_alpha_0.6,20260527,1,original,1,2,0,0.0
R2P2_alpha_0.6,20260527,1,original,1,3,0,0.0
R2P2_alpha_0.6,20260527,1,original,2,0,160,0.5
R2P2_alpha_0.6,20260527,1,original,2,1,0,0.0
R2P2_alpha_0.6,20260527,1,original,2,2,160,0.5
R2P2_alpha_0.6,20260527,1,original,2,3,0,0.0
R2P2_alpha_0.6,20260527,1,original,3,0,0,0.0
R2P2_alpha_0.6,20260527,1,original,3,1,0,0.0
R2P2_alpha_0.6,20260527,1,original,3,2,0,0.0
R2P2_alpha_0.6,20260527,1,original,3,3,320,1.0
R2P2_alpha_0.6,20260527,2,original,0,0,320,1.0
R2P2_alpha_0.6,20260527,2,original,0,1,0,0.0
R2P2_alpha_0.6,20260527,2,original,0,2,0,0.0
R2P2_alpha_0.6,20260527,2,original,0,3,0,0.0
R2P2_alpha_0.6,20260527,2,original,1,0,0,0.0
R2P2_alpha_0.6,20260527,2,original,1,1,320,1.0
R2P2_alpha_0.6,20260527,2,original,1,2,0,0.0
R2P2_alpha_0.6,20260527,2,original,1,3,0,0.0
R2P2_alpha_0.6,20260527,2,original,2,0,288,0.9
R2P2_alpha_0.6,20260527,2,original,2,1,0,0.0
R2P2_alpha_0.6,20260527,2,original,2,2,32,0.1
R2P2_alpha_0.6,20260527,2,original,2,3,0,0.0
R2P2_alpha_0.6,20260527,2,original,3,0,0,0.0
R2P2_alpha_0.6,20260527,2,original,3,1,0,0.0
R2P2_alpha_0.6,20260527,2,original,3,2,0,0.0
R2P2_alpha_0.6,20260527,2,original,3,3,320,1.0
R2P2_alpha_0.6,20260527,5,original,0,0,320,1.0
R2P2_alpha_0.6,20260527,5,original,0,1,0,0.0
R2P2_alpha_0.6,20260527,5,original,0,2,0,0.0
R2P2_alpha_0.6,20260527,5,original,0,3,0,0.0
R2P2_alpha_0.6,20260527,5,original,1,0,0,0.0
R2P2_alpha_0.6,20260527,5,original,1,1,320,1.0
R2P2_alpha_0.6,20260527,5,original,1,2,0,0.0
R2P2_alpha_0.6,20260527,5,original,1,3,0,0.0
R2P2_alpha_0.6,20260527,5,original,2,0,288,0.9
R2P2_alpha_0.6,20260527,5,original,2,1,0,0.0
R2P2_alpha_0.6,20260527,5,original,2,2,32,0.1
R2P2_alpha_0.6,20260527,5,original,2,3,0,0.0
R2P2_alpha_0.6,20260527,5,original,3,0,0,0.0
R2P2_alpha_0.6,20260527,5,original,3,1,0,0.0
R2P2_alpha_0.6,20260527,5,original,3,2,0,0.0
R2P2_alpha_0.6,20260527,5,original,3,3,320,1.0
R2P2_alpha_0.6,20260527,10,original,0,0,320,1.0
R2P2_alpha_0.6,20260527,10,original,0,1,0,0.0
R2P2_alpha_0.6,20260527,10,original,0,2,0,0.0
R2P2_alpha_0.6,20260527,10,original,0,3,0,0.0
R2P2_alpha_0.6,20260527,10,original,1,0,0,0.0
R2P2_alpha_0.6,20260527,10,original,1,1,320,1.0
R2P2_alpha_0.6,20260527,10,original,1,2,0,0.0
R2P2_alpha_0.6,20260527,10,original,1,3,0,0.0
R2P2_alpha_0.6,20260527,10,original,2,0,128,0.4
R2P2_alpha_0.6,20260527,10,original,2,1,160,0.5
R2P2_alpha_0.6,20260527,10,original,2,2,32,0.1
R2P2_alpha_0.6,20260527,10,original,2,3,0,0.0
R2P2_alpha_0.6,20260527,10,original,3,0,0,0.0
R2P2_alpha_0.6,20260527,10,original,3,1,0,0.0
R2P2_alpha_0.6,20260527,10,original,3,2,0,0.0
R2P2_alpha_0.6,20260527,10,original,3,3,320,1.0
R2P2_alpha_0.6,20260527,20,original,0,0,320,1.0
R2P2_alpha_0.6,20260527,20,original,0,1,0,0.0
R2P2_alpha_0.6,20260527,20,original,0,2,0,0.0
R2P2_alpha_0.6,20260527,20,original,0,3,0,0.0
R2P2_alpha_0.6,20260527,20,original,1,0,0,0.0
R2P2_alpha_0.6,20260527,20,original,1,1,320,1.0
R2P2_alpha_0.6,20260527,20,original,1,2,0,0.0
R2P2_alpha_0.6,20260527,20,original,1,3,0,0.0
R2P2_alpha_0.6,20260527,20,original,2,0,0,0.0
R2P2_alpha_0.6,20260527,20,original,2,1,0,0.0
R2P2_alpha_0.6,20260527,20,original,2,2,320,1.0
R2P2_alpha_0.6,20260527,20,original,2,3,0,0.0
R2P2_alpha_0.6,20260527,20,original,3,0,0,0.0
R2P2_alpha_0.6,20260527,20,original,3,1,0,0.0
R2P2_alpha_0.6,20260527,20,original,3,2,0,0.0
R2P2_alpha_0.6,20260527,20,original,3,3,320,1.0
R2P2_alpha_0.6,20260527,50,original,0,0,320,1.0
R2P2_alpha_0.6,20260527,50,original,0,1,0,0.0
R2P2_alpha_0.6,20260527,50,original,0,2,0,0.0
R2P2_alpha_0.6,20260527,50,original,0,3,0,0.0
R2P2_alpha_0.6,20260527,50,original,1,0,0,0.0
R2P2_alpha_0.6,20260527,50,original,1,1,320,1.0
R2P2_alpha_0.6,20260527,50,original,1,2,0,0.0
R2P2_alpha_0.6,20260527,50,original,1,3,0,0.0
R2P2_alpha_0.6,20260527,50,original,2,0,0,0.0
R2P2_alpha_0.6,20260527,50,original,2,1,0,0.0
R2P2_alpha_0.6,20260527,50,original,2,2,320,1.0
R2P2_alpha_0.6,20260527,50,original,2,3,0,0.0
R2P2_alpha_0.6,20260527,50,original,3,0,0,0.0
R2P2_alpha_0.6,20260527,50,original,3,1,0,0.0
R2P2_alpha_0.6,20260527,50,original,3,2,0,0.0
R2P2_alpha_0.6,20260527,50,original,3,3,320,1.0
R2P2_alpha_0.6,20260527,1600,original,0,0,320,1.0
R2P2_alpha_0.6,20260527,1600,original,0,1,0,0.0
R2P2_alpha_0.6,20260527,1600,original,0,2,0,0.0
R2P2_alpha_0.6,20260527,1600,original,0,3,0,0.0
R2P2_alpha_0.6,20260527,1600,original,1,0,0,0.0
R2P2_alpha_0.6,20260527,1600,original,1,1,320,1.0
R2P2_alpha_0.6,20260527,1600,original,1,2,0,0.0
R2P2_alpha_0.6,20260527,1600,original,1,3,0,0.0
R2P2_alpha_0.6,20260527,1600,original,2,0,0,0.0
R2P2_alpha_0.6,20260527,1600,original,2,1,0,0.0
R2P2_alpha_0.6,20260527,1600,original,2,2,320,1.0
R2P2_alpha_0.6,20260527,1600,original,2,3,0,0.0
R2P2_alpha_0.6,20260527,1600,original,3,0,0,0.0
R2P2_alpha_0.6,20260527,1600,original,3,1,0,0.0
R2P2_alpha_0.6,20260527,1600,original,3,2,0,0.0
R2P2_alpha_0.6,20260527,1600,original,3,3,320,1.0
R2P2_alpha_0.6,20260528,0,original,0,0,320,1.0
R2P2_alpha_0.6,20260528,0,original,0,1,0,0.0
R2P2_alpha_0.6,20260528,0,original,0,2,0,0.0
R2P2_alpha_0.6,20260528,0,original,0,3,0,0.0
R2P2_alpha_0.6,20260528,0,original,1,0,0,0.0
R2P2_alpha_0.6,20260528,0,original,1,1,320,1.0
R2P2_alpha_0.6,20260528,0,original,1,2,0,0.0
R2P2_alpha_0.6,20260528,0,original,1,3,0,0.0
R2P2_alpha_0.6,20260528,0,original,2,0,0,0.0
R2P2_alpha_0.6,20260528,0,original,2,1,0,0.0
R2P2_alpha_0.6,20260528,0,original,2,2,320,1.0
R2P2_alpha_0.6,20260528,0,original,2,3,0,0.0
R2P2_alpha_0.6,20260528,0,original,3,0,0,0.0
R2P2_alpha_0.6,20260528,0,original,3,1,0,0.0
R2P2_alpha_0.6,20260528,0,original,3,2,0,0.0
R2P2_alpha_0.6,20260528,0,original,3,3,320,1.0
R2P2_alpha_0.6,20260528,1,original,0,0,288,0.9
R2P2_alpha_0.6,20260528,1,original,0,1,32,0.1
R2P2_alpha_0.6,20260528,1,original,0,2,0,0.0
R2P2_alpha_0.6,20260528,1,original,0,3,0,0.0
R2P2_alpha_0.6,20260528,1,original,1,0,0,0.0
R2P2_alpha_0.6,20260528,1,original,1,1,320,1.0
R2P2_alpha_0.6,20260528,1,original,1,2,0,0.0
R2P2_alpha_0.6,20260528,1,original,1,3,0,0.0
R2P2_alpha_0.6,20260528,1,original,2,0,0,0.0
R2P2_alpha_0.6,20260528,1,original,2,1,0,0.0
R2P2_alpha_0.6,20260528,1,original,2,2,320,1.0
R2P2_alpha_0.6,20260528,1,original,2,3,0,0.0
R2P2_alpha_0.6,20260528,1,original,3,0,0,0.0
R2P2_alpha_0.6,20260528,1,original,3,1,0,0.0
R2P2_alpha_0.6,20260528,1,original,3,2,0,0.0
R2P2_alpha_0.6,20260528,1,original,3,3,320,1.0
R2P2_alpha_0.6,20260528,2,original,0,0,96,0.3
R2P2_alpha_0.6,20260528,2,original,0,1,0,0.0
R2P2_alpha_0.6,20260528,2,original,0,2,0,0.0
R2P2_alpha_0.6,20260528,2,original,0,3,224,0.7
R2P2_alpha_0.6,20260528,2,original,1,0,0,0.0
R2P2_alpha_0.6,20260528,2,original,1,1,320,1.0
R2P2_alpha_0.6,20260528,2,original,1,2,0,0.0
R2P2_alpha_0.6,20260528,2,original,1,3,0,0.0
R2P2_alpha_0.6,20260528,2,original,2,0,0,0.0
R2P2_alpha_0.6,20260528,2,original,2,1,0,0.0
R2P2_alpha_0.6,20260528,2,original,2,2,320,1.0
R2P2_alpha_0.6,20260528,2,original,2,3,0,0.0
R2P2_alpha_0.6,20260528,2,original,3,0,0,0.0
R2P2_alpha_0.6,20260528,2,original,3,1,0,0.0
R2P2_alpha_0.6,20260528,2,original,3,2,0,0.0
R2P2_alpha_0.6,20260528,2,original,3,3,320,1.0
R2P2_alpha_0.6,20260528,5,original,0,0,64,0.2
R2P2_alpha_0.6,20260528,5,original,0,1,0,0.0
R2P2_alpha_0.6,20260528,5,original,0,2,0,0.0
R2P2_alpha_0.6,20260528,5,original,0,3,256,0.8
R2P2_alpha_0.6,20260528,5,original,1,0,0,0.0
R2P2_alpha_0.6,20260528,5,original,1,1,320,1.0
R2P2_alpha_0.6,20260528,5,original,1,2,0,0.0
R2P2_alpha_0.6,20260528,5,original,1,3,0,0.0
R2P2_alpha_0.6,20260528,5,original,2,0,0,0.0
R2P2_alpha_0.6,20260528,5,original,2,1,0,0.0
R2P2_alpha_0.6,20260528,5,original,2,2,320,1.0
R2P2_alpha_0.6,20260528,5,original,2,3,0,0.0
R2P2_alpha_0.6,20260528,5,original,3,0,0,0.0
R2P2_alpha_0.6,20260528,5,original,3,1,0,0.0
R2P2_alpha_0.6,20260528,5,original,3,2,0,0.0
R2P2_alpha_0.6,20260528,5,original,3,3,320,1.0
R2P2_alpha_0.6,20260528,10,original,0,0,320,1.0
R2P2_alpha_0.6,20260528,10,original,0,1,0,0.0
R2P2_alpha_0.6,20260528,10,original,0,2,0,0.0
R2P2_alpha_0.6,20260528,10,original,0,3,0,0.0
R2P2_alpha_0.6,20260528,10,original,1,0,0,0.0
R2P2_alpha_0.6,20260528,10,original,1,1,320,1.0
R2P2_alpha_0.6,20260528,10,original,1,2,0,0.0
R2P2_alpha_0.6,20260528,10,original,1,3,0,0.0
R2P2_alpha_0.6,20260528,10,original,2,0,0,0.0
R2P2_alpha_0.6,20260528,10,original,2,1,0,0.0
R2P2_alpha_0.6,20260528,10,original,2,2,320,1.0
R2P2_alpha_0.6,20260528,10,original,2,3,0,0.0
R2P2_alpha_0.6,20260528,10,original,3,0,0,0.0
R2P2_alpha_0.6,20260528,10,original,3,1,0,0.0
R2P2_alpha_0.6,20260528,10,original,3,2,0,0.0
R2P2_alpha_0.6,20260528,10,original,3,3,320,1.0
R2P2_alpha_0.6,20260528,20,original,0,0,320,1.0
R2P2_alpha_0.6,20260528,20,original,0,1,0,0.0
R2P2_alpha_0.6,20260528,20,original,0,2,0,0.0
R2P2_alpha_0.6,20260528,20,original,0,3,0,0.0
R2P2_alpha_0.6,20260528,20,original,1,0,0,0.0
R2P2_alpha_0.6,20260528,20,original,1,1,320,1.0
R2P2_alpha_0.6,20260528,20,original,1,2,0,0.0
R2P2_alpha_0.6,20260528,20,original,1,3,0,0.0
R2P2_alpha_0.6,20260528,20,original,2,0,0,0.0
R2P2_alpha_0.6,20260528,20,original,2,1,0,0.0
R2P2_alpha_0.6,20260528,20,original,2,2,320,1.0
R2P2_alpha_0.6,20260528,20,original,2,3,0,0.0
R2P2_alpha_0.6,20260528,20,original,3,0,0,0.0
R2P2_alpha_0.6,20260528,20,original,3,1,0,0.0
R2P2_alpha_0.6,20260528,20,original,3,2,0,0.0
R2P2_alpha_0.6,20260528,20,original,3,3,320,1.0
R2P2_alpha_0.6,20260528,50,original,0,0,320,1.0
R2P2_alpha_0.6,20260528,50,original,0,1,0,0.0
R2P2_alpha_0.6,20260528,50,original,0,2,0,0.0
R2P2_alpha_0.6,20260528,50,original,0,3,0,0.0
R2P2_alpha_0.6,20260528,50,original,1,0,0,0.0
R2P2_alpha_0.6,20260528,50,original,1,1,320,1.0
R2P2_alpha_0.6,20260528,50,original,1,2,0,0.0
R2P2_alpha_0.6,20260528,50,original,1,3,0,0.0
R2P2_alpha_0.6,20260528,50,original,2,0,0,0.0
R2P2_alpha_0.6,20260528,50,original,2,1,0,0.0
R2P2_alpha_0.6,20260528,50,original,2,2,320,1.0
R2P2_alpha_0.6,20260528,50,original,2,3,0,0.0
R2P2_alpha_0.6,20260528,50,original,3,0,0,0.0
R2P2_alpha_0.6,20260528,50,original,3,1,0,0.0
R2P2_alpha_0.6,20260528,50,original,3,2,0,0.0
R2P2_alpha_0.6,20260528,50,original,3,3,320,1.0
R2P2_alpha_0.6,20260528,1600,original,0,0,320,1.0
R2P2_alpha_0.6,20260528,1600,original,0,1,0,0.0
R2P2_alpha_0.6,20260528,1600,original,0,2,0,0.0
R2P2_alpha_0.6,20260528,1600,original,0,3,0,0.0
R2P2_alpha_0.6,20260528,1600,original,1,0,0,0.0
R2P2_alpha_0.6,20260528,1600,original,1,1,320,1.0
R2P2_alpha_0.6,20260528,1600,original,1,2,0,0.0
R2P2_alpha_0.6,20260528,1600,original,1,3,0,0.0
R2P2_alpha_0.6,20260528,1600,original,2,0,0,0.0
R2P2_alpha_0.6,20260528,1600,original,2,1,0,0.0
R2P2_alpha_0.6,20260528,1600,original,2,2,320,1.0
R2P2_alpha_0.6,20260528,1600,original,2,3,0,0.0
R2P2_alpha_0.6,20260528,1600,original,3,0,0,0.0
R2P2_alpha_0.6,20260528,1600,original,3,1,0,0.0
R2P2_alpha_0.6,20260528,1600,original,3,2,0,0.0
R2P2_alpha_0.6,20260528,1600,original,3,3,320,1.0
R2P2_alpha_0.8,20260521,0,original,0,0,320,1.0
R2P2_alpha_0.8,20260521,0,original,0,1,0,0.0
R2P2_alpha_0.8,20260521,0,original,0,2,0,0.0
R2P2_alpha_0.8,20260521,0,original,0,3,0,0.0
R2P2_alpha_0.8,20260521,0,original,1,0,0,0.0
R2P2_alpha_0.8,20260521,0,original,1,1,320,1.0
R2P2_alpha_0.8,20260521,0,original,1,2,0,0.0
R2P2_alpha_0.8,20260521,0,original,1,3,0,0.0
R2P2_alpha_0.8,20260521,0,original,2,0,0,0.0
R2P2_alpha_0.8,20260521,0,original,2,1,0,0.0
R2P2_alpha_0.8,20260521,0,original,2,2,288,0.9
R2P2_alpha_0.8,20260521,0,original,2,3,32,0.1
R2P2_alpha_0.8,20260521,0,original,3,0,0,0.0
R2P2_alpha_0.8,20260521,0,original,3,1,0,0.0
R2P2_alpha_0.8,20260521,0,original,3,2,0,0.0
R2P2_alpha_0.8,20260521,0,original,3,3,320,1.0
R2P2_alpha_0.8,20260521,1,original,0,0,320,1.0
R2P2_alpha_0.8,20260521,1,original,0,1,0,0.0
R2P2_alpha_0.8,20260521,1,original,0,2,0,0.0
R2P2_alpha_0.8,20260521,1,original,0,3,0,0.0
R2P2_alpha_0.8,20260521,1,original,1,0,160,0.5
R2P2_alpha_0.8,20260521,1,original,1,1,160,0.5
R2P2_alpha_0.8,20260521,1,original,1,2,0,0.0
R2P2_alpha_0.8,20260521,1,original,1,3,0,0.0
R2P2_alpha_0.8,20260521,1,original,2,0,0,0.0
R2P2_alpha_0.8,20260521,1,original,2,1,0,0.0
R2P2_alpha_0.8,20260521,1,original,2,2,320,1.0
R2P2_alpha_0.8,20260521,1,original,2,3,0,0.0
R2P2_alpha_0.8,20260521,1,original,3,0,128,0.4
R2P2_alpha_0.8,20260521,1,original,3,1,0,0.0
R2P2_alpha_0.8,20260521,1,original,3,2,0,0.0
R2P2_alpha_0.8,20260521,1,original,3,3,192,0.6
R2P2_alpha_0.8,20260521,2,original,0,0,320,1.0
R2P2_alpha_0.8,20260521,2,original,0,1,0,0.0
R2P2_alpha_0.8,20260521,2,original,0,2,0,0.0
R2P2_alpha_0.8,20260521,2,original,0,3,0,0.0
R2P2_alpha_0.8,20260521,2,original,1,0,0,0.0
R2P2_alpha_0.8,20260521,2,original,1,1,64,0.2
R2P2_alpha_0.8,20260521,2,original,1,2,256,0.8
R2P2_alpha_0.8,20260521,2,original,1,3,0,0.0
R2P2_alpha_0.8,20260521,2,original,2,0,0,0.0
R2P2_alpha_0.8,20260521,2,original,2,1,0,0.0
R2P2_alpha_0.8,20260521,2,original,2,2,320,1.0
R2P2_alpha_0.8,20260521,2,original,2,3,0,0.0
R2P2_alpha_0.8,20260521,2,original,3,0,0,0.0
R2P2_alpha_0.8,20260521,2,original,3,1,0,0.0
R2P2_alpha_0.8,20260521,2,original,3,2,256,0.8
R2P2_alpha_0.8,20260521,2,original,3,3,64,0.2
R2P2_alpha_0.8,20260521,5,original,0,0,320,1.0
R2P2_alpha_0.8,20260521,5,original,0,1,0,0.0
R2P2_alpha_0.8,20260521,5,original,0,2,0,0.0
R2P2_alpha_0.8,20260521,5,original,0,3,0,0.0
R2P2_alpha_0.8,20260521,5,original,1,0,0,0.0
R2P2_alpha_0.8,20260521,5,original,1,1,32,0.1
R2P2_alpha_0.8,20260521,5,original,1,2,288,0.9
R2P2_alpha_0.8,20260521,5,original,1,3,0,0.0
R2P2_alpha_0.8,20260521,5,original,2,0,0,0.0
R2P2_alpha_0.8,20260521,5,original,2,1,0,0.0
R2P2_alpha_0.8,20260521,5,original,2,2,320,1.0
R2P2_alpha_0.8,20260521,5,original,2,3,0,0.0
R2P2_alpha_0.8,20260521,5,original,3,0,0,0.0
R2P2_alpha_0.8,20260521,5,original,3,1,0,0.0
R2P2_alpha_0.8,20260521,5,original,3,2,256,0.8
R2P2_alpha_0.8,20260521,5,original,3,3,64,0.2
R2P2_alpha_0.8,20260521,10,original,0,0,320,1.0
R2P2_alpha_0.8,20260521,10,original,0,1,0,0.0
R2P2_alpha_0.8,20260521,10,original,0,2,0,0.0
R2P2_alpha_0.8,20260521,10,original,0,3,0,0.0
R2P2_alpha_0.8,20260521,10,original,1,0,0,0.0
R2P2_alpha_0.8,20260521,10,original,1,1,32,0.1
R2P2_alpha_0.8,20260521,10,original,1,2,288,0.9
R2P2_alpha_0.8,20260521,10,original,1,3,0,0.0
R2P2_alpha_0.8,20260521,10,original,2,0,0,0.0
R2P2_alpha_0.8,20260521,10,original,2,1,0,0.0
R2P2_alpha_0.8,20260521,10,original,2,2,320,1.0
R2P2_alpha_0.8,20260521,10,original,2,3,0,0.0
R2P2_alpha_0.8,20260521,10,original,3,0,0,0.0
R2P2_alpha_0.8,20260521,10,original,3,1,0,0.0
R2P2_alpha_0.8,20260521,10,original,3,2,0,0.0
R2P2_alpha_0.8,20260521,10,original,3,3,320,1.0
R2P2_alpha_0.8,20260521,20,original,0,0,320,1.0
R2P2_alpha_0.8,20260521,20,original,0,1,0,0.0
R2P2_alpha_0.8,20260521,20,original,0,2,0,0.0
R2P2_alpha_0.8,20260521,20,original,0,3,0,0.0
R2P2_alpha_0.8,20260521,20,original,1,0,0,0.0
R2P2_alpha_0.8,20260521,20,original,1,1,32,0.1
R2P2_alpha_0.8,20260521,20,original,1,2,288,0.9
R2P2_alpha_0.8,20260521,20,original,1,3,0,0.0
R2P2_alpha_0.8,20260521,20,original,2,0,0,0.0
R2P2_alpha_0.8,20260521,20,original,2,1,0,0.0
R2P2_alpha_0.8,20260521,20,original,2,2,320,1.0
R2P2_alpha_0.8,20260521,20,original,2,3,0,0.0
R2P2_alpha_0.8,20260521,20,original,3,0,0,0.0
R2P2_alpha_0.8,20260521,20,original,3,1,0,0.0
R2P2_alpha_0.8,20260521,20,original,3,2,0,0.0
R2P2_alpha_0.8,20260521,20,original,3,3,320,1.0
R2P2_alpha_0.8,20260521,50,original,0,0,320,1.0
R2P2_alpha_0.8,20260521,50,original,0,1,0,0.0
R2P2_alpha_0.8,20260521,50,original,0,2,0,0.0
R2P2_alpha_0.8,20260521,50,original,0,3,0,0.0
R2P2_alpha_0.8,20260521,50,original,1,0,0,0.0
R2P2_alpha_0.8,20260521,50,original,1,1,32,0.1
R2P2_alpha_0.8,20260521,50,original,1,2,288,0.9
R2P2_alpha_0.8,20260521,50,original,1,3,0,0.0
R2P2_alpha_0.8,20260521,50,original,2,0,0,0.0
R2P2_alpha_0.8,20260521,50,original,2,1,0,0.0
R2P2_alpha_0.8,20260521,50,original,2,2,320,1.0
R2P2_alpha_0.8,20260521,50,original,2,3,0,0.0
R2P2_alpha_0.8,20260521,50,original,3,0,0,0.0
R2P2_alpha_0.8,20260521,50,original,3,1,0,0.0
R2P2_alpha_0.8,20260521,50,original,3,2,0,0.0
R2P2_alpha_0.8,20260521,50,original,3,3,320,1.0
R2P2_alpha_0.8,20260521,1600,original,0,0,320,1.0
R2P2_alpha_0.8,20260521,1600,original,0,1,0,0.0
R2P2_alpha_0.8,20260521,1600,original,0,2,0,0.0
R2P2_alpha_0.8,20260521,1600,original,0,3,0,0.0
R2P2_alpha_0.8,20260521,1600,original,1,0,0,0.0
R2P2_alpha_0.8,20260521,1600,original,1,1,32,0.1
R2P2_alpha_0.8,20260521,1600,original,1,2,288,0.9
R2P2_alpha_0.8,20260521,1600,original,1,3,0,0.0
R2P2_alpha_0.8,20260521,1600,original,2,0,0,0.0
R2P2_alpha_0.8,20260521,1600,original,2,1,0,0.0
R2P2_alpha_0.8,20260521,1600,original,2,2,320,1.0
R2P2_alpha_0.8,20260521,1600,original,2,3,0,0.0
R2P2_alpha_0.8,20260521,1600,original,3,0,0,0.0
R2P2_alpha_0.8,20260521,1600,original,3,1,0,0.0
R2P2_alpha_0.8,20260521,1600,original,3,2,0,0.0
R2P2_alpha_0.8,20260521,1600,original,3,3,320,1.0
R2P2_alpha_0.8,20260522,0,original,0,0,320,1.0
R2P2_alpha_0.8,20260522,0,original,0,1,0,0.0
R2P2_alpha_0.8,20260522,0,original,0,2,0,0.0
R2P2_alpha_0.8,20260522,0,original,0,3,0,0.0
R2P2_alpha_0.8,20260522,0,original,1,0,0,0.0
R2P2_alpha_0.8,20260522,0,original,1,1,320,1.0
R2P2_alpha_0.8,20260522,0,original,1,2,0,0.0
R2P2_alpha_0.8,20260522,0,original,1,3,0,0.0
R2P2_alpha_0.8,20260522,0,original,2,0,0,0.0
R2P2_alpha_0.8,20260522,0,original,2,1,0,0.0
R2P2_alpha_0.8,20260522,0,original,2,2,320,1.0
R2P2_alpha_0.8,20260522,0,original,2,3,0,0.0
R2P2_alpha_0.8,20260522,0,original,3,0,0,0.0
R2P2_alpha_0.8,20260522,0,original,3,1,0,0.0
R2P2_alpha_0.8,20260522,0,original,3,2,0,0.0
R2P2_alpha_0.8,20260522,0,original,3,3,320,1.0
R2P2_alpha_0.8,20260522,1,original,0,0,160,0.5
R2P2_alpha_0.8,20260522,1,original,0,1,160,0.5
R2P2_alpha_0.8,20260522,1,original,0,2,0,0.0
R2P2_alpha_0.8,20260522,1,original,0,3,0,0.0
R2P2_alpha_0.8,20260522,1,original,1,0,0,0.0
R2P2_alpha_0.8,20260522,1,original,1,1,320,1.0
R2P2_alpha_0.8,20260522,1,original,1,2,0,0.0
R2P2_alpha_0.8,20260522,1,original,1,3,0,0.0
R2P2_alpha_0.8,20260522,1,original,2,0,0,0.0
R2P2_alpha_0.8,20260522,1,original,2,1,64,0.2
R2P2_alpha_0.8,20260522,1,original,2,2,256,0.8
R2P2_alpha_0.8,20260522,1,original,2,3,0,0.0
R2P2_alpha_0.8,20260522,1,original,3,0,0,0.0
R2P2_alpha_0.8,20260522,1,original,3,1,128,0.4
R2P2_alpha_0.8,20260522,1,original,3,2,0,0.0
R2P2_alpha_0.8,20260522,1,original,3,3,192,0.6
R2P2_alpha_0.8,20260522,2,original,0,0,64,0.2
R2P2_alpha_0.8,20260522,2,original,0,1,256,0.8
R2P2_alpha_0.8,20260522,2,original,0,2,0,0.0
R2P2_alpha_0.8,20260522,2,original,0,3,0,0.0
R2P2_alpha_0.8,20260522,2,original,1,0,0,0.0
R2P2_alpha_0.8,20260522,2,original,1,1,320,1.0
R2P2_alpha_0.8,20260522,2,original,1,2,0,0.0
R2P2_alpha_0.8,20260522,2,original,1,3,0,0.0
R2P2_alpha_0.8,20260522,2,original,2,0,0,0.0
R2P2_alpha_0.8,20260522,2,original,2,1,128,0.4
R2P2_alpha_0.8,20260522,2,original,2,2,192,0.6
R2P2_alpha_0.8,20260522,2,original,2,3,0,0.0
R2P2_alpha_0.8,20260522,2,original,3,0,0,0.0
R2P2_alpha_0.8,20260522,2,original,3,1,192,0.6
R2P2_alpha_0.8,20260522,2,original,3,2,0,0.0
R2P2_alpha_0.8,20260522,2,original,3,3,128,0.4
R2P2_alpha_0.8,20260522,5,original,0,0,0,0.0
R2P2_alpha_0.8,20260522,5,original,0,1,320,1.0
R2P2_alpha_0.8,20260522,5,original,0,2,0,0.0
R2P2_alpha_0.8,20260522,5,original,0,3,0,0.0
R2P2_alpha_0.8,20260522,5,original,1,0,0,0.0
R2P2_alpha_0.8,20260522,5,original,1,1,320,1.0
R2P2_alpha_0.8,20260522,5,original,1,2,0,0.0
R2P2_alpha_0.8,20260522,5,original,1,3,0,0.0
R2P2_alpha_0.8,20260522,5,original,2,0,0,0.0
R2P2_alpha_0.8,20260522,5,original,2,1,0,0.0
R2P2_alpha_0.8,20260522,5,original,2,2,320,1.0
R2P2_alpha_0.8,20260522,5,original,2,3,0,0.0
R2P2_alpha_0.8,20260522,5,original,3,0,0,0.0
R2P2_alpha_0.8,20260522,5,original,3,1,64,0.2
R2P2_alpha_0.8,20260522,5,original,3,2,160,0.5
R2P2_alpha_0.8,20260522,5,original,3,3,96,0.3
R2P2_alpha_0.8,20260522,10,original,0,0,0,0.0
R2P2_alpha_0.8,20260522,10,original,0,1,320,1.0
R2P2_alpha_0.8,20260522,10,original,0,2,0,0.0
R2P2_alpha_0.8,20260522,10,original,0,3,0,0.0
R2P2_alpha_0.8,20260522,10,original,1,0,0,0.0
R2P2_alpha_0.8,20260522,10,original,1,1,320,1.0
R2P2_alpha_0.8,20260522,10,original,1,2,0,0.0
R2P2_alpha_0.8,20260522,10,original,1,3,0,0.0
R2P2_alpha_0.8,20260522,10,original,2,0,0,0.0
R2P2_alpha_0.8,20260522,10,original,2,1,0,0.0
R2P2_alpha_0.8,20260522,10,original,2,2,320,1.0
R2P2_alpha_0.8,20260522,10,original,2,3,0,0.0
R2P2_alpha_0.8,20260522,10,original,3,0,0,0.0
R2P2_alpha_0.8,20260522,10,original,3,1,0,0.0
R2P2_alpha_0.8,20260522,10,original,3,2,0,0.0
R2P2_alpha_0.8,20260522,10,original,3,3,320,1.0
R2P2_alpha_0.8,20260522,20,original,0,0,0,0.0
R2P2_alpha_0.8,20260522,20,original,0,1,320,1.0
R2P2_alpha_0.8,20260522,20,original,0,2,0,0.0
R2P2_alpha_0.8,20260522,20,original,0,3,0,0.0
R2P2_alpha_0.8,20260522,20,original,1,0,0,0.0
R2P2_alpha_0.8,20260522,20,original,1,1,320,1.0
R2P2_alpha_0.8,20260522,20,original,1,2,0,0.0
R2P2_alpha_0.8,20260522,20,original,1,3,0,0.0
R2P2_alpha_0.8,20260522,20,original,2,0,0,0.0
R2P2_alpha_0.8,20260522,20,original,2,1,0,0.0
R2P2_alpha_0.8,20260522,20,original,2,2,320,1.0
R2P2_alpha_0.8,20260522,20,original,2,3,0,0.0
R2P2_alpha_0.8,20260522,20,original,3,0,0,0.0
R2P2_alpha_0.8,20260522,20,original,3,1,0,0.0
R2P2_alpha_0.8,20260522,20,original,3,2,0,0.0
R2P2_alpha_0.8,20260522,20,original,3,3,320,1.0
R2P2_alpha_0.8,20260522,50,original,0,0,0,0.0
R2P2_alpha_0.8,20260522,50,original,0,1,320,1.0
R2P2_alpha_0.8,20260522,50,original,0,2,0,0.0
R2P2_alpha_0.8,20260522,50,original,0,3,0,0.0
R2P2_alpha_0.8,20260522,50,original,1,0,0,0.0
R2P2_alpha_0.8,20260522,50,original,1,1,320,1.0
R2P2_alpha_0.8,20260522,50,original,1,2,0,0.0
R2P2_alpha_0.8,20260522,50,original,1,3,0,0.0
R2P2_alpha_0.8,20260522,50,original,2,0,0,0.0
R2P2_alpha_0.8,20260522,50,original,2,1,0,0.0
R2P2_alpha_0.8,20260522,50,original,2,2,320,1.0
R2P2_alpha_0.8,20260522,50,original,2,3,0,0.0
R2P2_alpha_0.8,20260522,50,original,3,0,0,0.0
R2P2_alpha_0.8,20260522,50,original,3,1,0,0.0
R2P2_alpha_0.8,20260522,50,original,3,2,0,0.0
R2P2_alpha_0.8,20260522,50,original,3,3,320,1.0
R2P2_alpha_0.8,20260522,1600,original,0,0,0,0.0
R2P2_alpha_0.8,20260522,1600,original,0,1,320,1.0
R2P2_alpha_0.8,20260522,1600,original,0,2,0,0.0
R2P2_alpha_0.8,20260522,1600,original,0,3,0,0.0
R2P2_alpha_0.8,20260522,1600,original,1,0,0,0.0
R2P2_alpha_0.8,20260522,1600,original,1,1,320,1.0
R2P2_alpha_0.8,20260522,1600,original,1,2,0,0.0
R2P2_alpha_0.8,20260522,1600,original,1,3,0,0.0
R2P2_alpha_0.8,20260522,1600,original,2,0,0,0.0
R2P2_alpha_0.8,20260522,1600,original,2,1,0,0.0
R2P2_alpha_0.8,20260522,1600,original,2,2,320,1.0
R2P2_alpha_0.8,20260522,1600,original,2,3,0,0.0
R2P2_alpha_0.8,20260522,1600,original,3,0,0,0.0
R2P2_alpha_0.8,20260522,1600,original,3,1,0,0.0
R2P2_alpha_0.8,20260522,1600,original,3,2,0,0.0
R2P2_alpha_0.8,20260522,1600,original,3,3,320,1.0
R2P2_alpha_0.8,20260523,0,original,0,0,320,1.0
R2P2_alpha_0.8,20260523,0,original,0,1,0,0.0
R2P2_alpha_0.8,20260523,0,original,0,2,0,0.0
R2P2_alpha_0.8,20260523,0,original,0,3,0,0.0
R2P2_alpha_0.8,20260523,0,original,1,0,0,0.0
R2P2_alpha_0.8,20260523,0,original,1,1,320,1.0
R2P2_alpha_0.8,20260523,0,original,1,2,0,0.0
R2P2_alpha_0.8,20260523,0,original,1,3,0,0.0
R2P2_alpha_0.8,20260523,0,original,2,0,0,0.0
R2P2_alpha_0.8,20260523,0,original,2,1,0,0.0
R2P2_alpha_0.8,20260523,0,original,2,2,320,1.0
R2P2_alpha_0.8,20260523,0,original,2,3,0,0.0
R2P2_alpha_0.8,20260523,0,original,3,0,0,0.0
R2P2_alpha_0.8,20260523,0,original,3,1,0,0.0
R2P2_alpha_0.8,20260523,0,original,3,2,0,0.0
R2P2_alpha_0.8,20260523,0,original,3,3,320,1.0
R2P2_alpha_0.8,20260523,1,original,0,0,320,1.0
R2P2_alpha_0.8,20260523,1,original,0,1,0,0.0
R2P2_alpha_0.8,20260523,1,original,0,2,0,0.0
R2P2_alpha_0.8,20260523,1,original,0,3,0,0.0
R2P2_alpha_0.8,20260523,1,original,1,0,0,0.0
R2P2_alpha_0.8,20260523,1,original,1,1,320,1.0
R2P2_alpha_0.8,20260523,1,original,1,2,0,0.0
R2P2_alpha_0.8,20260523,1,original,1,3,0,0.0
R2P2_alpha_0.8,20260523,1,original,2,0,224,0.7
R2P2_alpha_0.8,20260523,1,original,2,1,0,0.0
R2P2_alpha_0.8,20260523,1,original,2,2,96,0.3
R2P2_alpha_0.8,20260523,1,original,2,3,0,0.0
R2P2_alpha_0.8,20260523,1,original,3,0,0,0.0
R2P2_alpha_0.8,20260523,1,original,3,1,0,0.0
R2P2_alpha_0.8,20260523,1,original,3,2,0,0.0
R2P2_alpha_0.8,20260523,1,original,3,3,320,1.0
R2P2_alpha_0.8,20260523,2,original,0,0,320,1.0
R2P2_alpha_0.8,20260523,2,original,0,1,0,0.0
R2P2_alpha_0.8,20260523,2,original,0,2,0,0.0
R2P2_alpha_0.8,20260523,2,original,0,3,0,0.0
R2P2_alpha_0.8,20260523,2,original,1,0,0,0.0
R2P2_alpha_0.8,20260523,2,original,1,1,192,0.6
R2P2_alpha_0.8,20260523,2,original,1,2,0,0.0
R2P2_alpha_0.8,20260523,2,original,1,3,128,0.4
R2P2_alpha_0.8,20260523,2,original,2,0,0,0.0
R2P2_alpha_0.8,20260523,2,original,2,1,0,0.0
R2P2_alpha_0.8,20260523,2,original,2,2,32,0.1
R2P2_alpha_0.8,20260523,2,original,2,3,288,0.9
R2P2_alpha_0.8,20260523,2,original,3,0,0,0.0
R2P2_alpha_0.8,20260523,2,original,3,1,0,0.0
R2P2_alpha_0.8,20260523,2,original,3,2,0,0.0
R2P2_alpha_0.8,20260523,2,original,3,3,320,1.0
R2P2_alpha_0.8,20260523,5,original,0,0,320,1.0
R2P2_alpha_0.8,20260523,5,original,0,1,0,0.0
R2P2_alpha_0.8,20260523,5,original,0,2,0,0.0
R2P2_alpha_0.8,20260523,5,original,0,3,0,0.0
R2P2_alpha_0.8,20260523,5,original,1,0,0,0.0
R2P2_alpha_0.8,20260523,5,original,1,1,96,0.3
R2P2_alpha_0.8,20260523,5,original,1,2,0,0.0
R2P2_alpha_0.8,20260523,5,original,1,3,224,0.7
R2P2_alpha_0.8,20260523,5,original,2,0,256,0.8
R2P2_alpha_0.8,20260523,5,original,2,1,0,0.0
R2P2_alpha_0.8,20260523,5,original,2,2,32,0.1
R2P2_alpha_0.8,20260523,5,original,2,3,32,0.1
R2P2_alpha_0.8,20260523,5,original,3,0,0,0.0
R2P2_alpha_0.8,20260523,5,original,3,1,0,0.0
R2P2_alpha_0.8,20260523,5,original,3,2,0,0.0
R2P2_alpha_0.8,20260523,5,original,3,3,320,1.0
R2P2_alpha_0.8,20260523,10,original,0,0,320,1.0
R2P2_alpha_0.8,20260523,10,original,0,1,0,0.0
R2P2_alpha_0.8,20260523,10,original,0,2,0,0.0
R2P2_alpha_0.8,20260523,10,original,0,3,0,0.0
R2P2_alpha_0.8,20260523,10,original,1,0,0,0.0
R2P2_alpha_0.8,20260523,10,original,1,1,320,1.0
R2P2_alpha_0.8,20260523,10,original,1,2,0,0.0
R2P2_alpha_0.8,20260523,10,original,1,3,0,0.0
R2P2_alpha_0.8,20260523,10,original,2,0,224,0.7
R2P2_alpha_0.8,20260523,10,original,2,1,0,0.0
R2P2_alpha_0.8,20260523,10,original,2,2,32,0.1
R2P2_alpha_0.8,20260523,10,original,2,3,64,0.2
R2P2_alpha_0.8,20260523,10,original,3,0,0,0.0
R2P2_alpha_0.8,20260523,10,original,3,1,0,0.0
R2P2_alpha_0.8,20260523,10,original,3,2,0,0.0
R2P2_alpha_0.8,20260523,10,original,3,3,320,1.0
R2P2_alpha_0.8,20260523,20,original,0,0,320,1.0
R2P2_alpha_0.8,20260523,20,original,0,1,0,0.0
R2P2_alpha_0.8,20260523,20,original,0,2,0,0.0
R2P2_alpha_0.8,20260523,20,original,0,3,0,0.0
R2P2_alpha_0.8,20260523,20,original,1,0,0,0.0
R2P2_alpha_0.8,20260523,20,original,1,1,320,1.0
R2P2_alpha_0.8,20260523,20,original,1,2,0,0.0
R2P2_alpha_0.8,20260523,20,original,1,3,0,0.0
R2P2_alpha_0.8,20260523,20,original,2,0,128,0.4
R2P2_alpha_0.8,20260523,20,original,2,1,0,0.0
R2P2_alpha_0.8,20260523,20,original,2,2,192,0.6
R2P2_alpha_0.8,20260523,20,original,2,3,0,0.0
R2P2_alpha_0.8,20260523,20,original,3,0,0,0.0
R2P2_alpha_0.8,20260523,20,original,3,1,0,0.0
R2P2_alpha_0.8,20260523,20,original,3,2,0,0.0
R2P2_alpha_0.8,20260523,20,original,3,3,320,1.0
R2P2_alpha_0.8,20260523,50,original,0,0,320,1.0
R2P2_alpha_0.8,20260523,50,original,0,1,0,0.0
R2P2_alpha_0.8,20260523,50,original,0,2,0,0.0
R2P2_alpha_0.8,20260523,50,original,0,3,0,0.0
R2P2_alpha_0.8,20260523,50,original,1,0,0,0.0
R2P2_alpha_0.8,20260523,50,original,1,1,320,1.0
R2P2_alpha_0.8,20260523,50,original,1,2,0,0.0
R2P2_alpha_0.8,20260523,50,original,1,3,0,0.0
R2P2_alpha_0.8,20260523,50,original,2,0,0,0.0
R2P2_alpha_0.8,20260523,50,original,2,1,0,0.0
R2P2_alpha_0.8,20260523,50,original,2,2,320,1.0
R2P2_alpha_0.8,20260523,50,original,2,3,0,0.0
R2P2_alpha_0.8,20260523,50,original,3,0,0,0.0
R2P2_alpha_0.8,20260523,50,original,3,1,0,0.0
R2P2_alpha_0.8,20260523,50,original,3,2,0,0.0
R2P2_alpha_0.8,20260523,50,original,3,3,320,1.0
R2P2_alpha_0.8,20260523,1600,original,0,0,320,1.0
R2P2_alpha_0.8,20260523,1600,original,0,1,0,0.0
R2P2_alpha_0.8,20260523,1600,original,0,2,0,0.0
R2P2_alpha_0.8,20260523,1600,original,0,3,0,0.0
R2P2_alpha_0.8,20260523,1600,original,1,0,0,0.0
R2P2_alpha_0.8,20260523,1600,original,1,1,320,1.0
R2P2_alpha_0.8,20260523,1600,original,1,2,0,0.0
R2P2_alpha_0.8,20260523,1600,original,1,3,0,0.0
R2P2_alpha_0.8,20260523,1600,original,2,0,0,0.0
R2P2_alpha_0.8,20260523,1600,original,2,1,0,0.0
R2P2_alpha_0.8,20260523,1600,original,2,2,320,1.0
R2P2_alpha_0.8,20260523,1600,original,2,3,0,0.0
R2P2_alpha_0.8,20260523,1600,original,3,0,0,0.0
R2P2_alpha_0.8,20260523,1600,original,3,1,0,0.0
R2P2_alpha_0.8,20260523,1600,original,3,2,0,0.0
R2P2_alpha_0.8,20260523,1600,original,3,3,320,1.0
R2P2_alpha_0.8,20260524,0,original,0,0,320,1.0
R2P2_alpha_0.8,20260524,0,original,0,1,0,0.0
R2P2_alpha_0.8,20260524,0,original,0,2,0,0.0
R2P2_alpha_0.8,20260524,0,original,0,3,0,0.0
R2P2_alpha_0.8,20260524,0,original,1,0,0,0.0
R2P2_alpha_0.8,20260524,0,original,1,1,320,1.0
R2P2_alpha_0.8,20260524,0,original,1,2,0,0.0
R2P2_alpha_0.8,20260524,0,original,1,3,0,0.0
R2P2_alpha_0.8,20260524,0,original,2,0,0,0.0
R2P2_alpha_0.8,20260524,0,original,2,1,0,0.0
R2P2_alpha_0.8,20260524,0,original,2,2,320,1.0
R2P2_alpha_0.8,20260524,0,original,2,3,0,0.0
R2P2_alpha_0.8,20260524,0,original,3,0,0,0.0
R2P2_alpha_0.8,20260524,0,original,3,1,0,0.0
R2P2_alpha_0.8,20260524,0,original,3,2,0,0.0
R2P2_alpha_0.8,20260524,0,original,3,3,320,1.0
R2P2_alpha_0.8,20260524,1,original,0,0,320,1.0
R2P2_alpha_0.8,20260524,1,original,0,1,0,0.0
R2P2_alpha_0.8,20260524,1,original,0,2,0,0.0
R2P2_alpha_0.8,20260524,1,original,0,3,0,0.0
R2P2_alpha_0.8,20260524,1,original,1,0,0,0.0
R2P2_alpha_0.8,20260524,1,original,1,1,320,1.0
R2P2_alpha_0.8,20260524,1,original,1,2,0,0.0
R2P2_alpha_0.8,20260524,1,original,1,3,0,0.0
R2P2_alpha_0.8,20260524,1,original,2,0,0,0.0
R2P2_alpha_0.8,20260524,1,original,2,1,0,0.0
R2P2_alpha_0.8,20260524,1,original,2,2,320,1.0
R2P2_alpha_0.8,20260524,1,original,2,3,0,0.0
R2P2_alpha_0.8,20260524,1,original,3,0,256,0.8
R2P2_alpha_0.8,20260524,1,original,3,1,0,0.0
R2P2_alpha_0.8,20260524,1,original,3,2,32,0.1
R2P2_alpha_0.8,20260524,1,original,3,3,32,0.1
R2P2_alpha_0.8,20260524,2,original,0,0,320,1.0
R2P2_alpha_0.8,20260524,2,original,0,1,0,0.0
R2P2_alpha_0.8,20260524,2,original,0,2,0,0.0
R2P2_alpha_0.8,20260524,2,original,0,3,0,0.0
R2P2_alpha_0.8,20260524,2,original,1,0,0,0.0
R2P2_alpha_0.8,20260524,2,original,1,1,320,1.0
R2P2_alpha_0.8,20260524,2,original,1,2,0,0.0
R2P2_alpha_0.8,20260524,2,original,1,3,0,0.0
R2P2_alpha_0.8,20260524,2,original,2,0,0,0.0
R2P2_alpha_0.8,20260524,2,original,2,1,0,0.0
R2P2_alpha_0.8,20260524,2,original,2,2,320,1.0
R2P2_alpha_0.8,20260524,2,original,2,3,0,0.0
R2P2_alpha_0.8,20260524,2,original,3,0,128,0.4
R2P2_alpha_0.8,20260524,2,original,3,1,0,0.0
R2P2_alpha_0.8,20260524,2,original,3,2,192,0.6
R2P2_alpha_0.8,20260524,2,original,3,3,0,0.0
R2P2_alpha_0.8,20260524,5,original,0,0,320,1.0
R2P2_alpha_0.8,20260524,5,original,0,1,0,0.0
R2P2_alpha_0.8,20260524,5,original,0,2,0,0.0
R2P2_alpha_0.8,20260524,5,original,0,3,0,0.0
R2P2_alpha_0.8,20260524,5,original,1,0,0,0.0
R2P2_alpha_0.8,20260524,5,original,1,1,320,1.0
R2P2_alpha_0.8,20260524,5,original,1,2,0,0.0
R2P2_alpha_0.8,20260524,5,original,1,3,0,0.0
R2P2_alpha_0.8,20260524,5,original,2,0,0,0.0
R2P2_alpha_0.8,20260524,5,original,2,1,0,0.0
R2P2_alpha_0.8,20260524,5,original,2,2,320,1.0
R2P2_alpha_0.8,20260524,5,original,2,3,0,0.0
R2P2_alpha_0.8,20260524,5,original,3,0,64,0.2
R2P2_alpha_0.8,20260524,5,original,3,1,0,0.0
R2P2_alpha_0.8,20260524,5,original,3,2,256,0.8
R2P2_alpha_0.8,20260524,5,original,3,3,0,0.0
R2P2_alpha_0.8,20260524,10,original,0,0,320,1.0
R2P2_alpha_0.8,20260524,10,original,0,1,0,0.0
R2P2_alpha_0.8,20260524,10,original,0,2,0,0.0
R2P2_alpha_0.8,20260524,10,original,0,3,0,0.0
R2P2_alpha_0.8,20260524,10,original,1,0,0,0.0
R2P2_alpha_0.8,20260524,10,original,1,1,320,1.0
R2P2_alpha_0.8,20260524,10,original,1,2,0,0.0
R2P2_alpha_0.8,20260524,10,original,1,3,0,0.0
R2P2_alpha_0.8,20260524,10,original,2,0,0,0.0
R2P2_alpha_0.8,20260524,10,original,2,1,0,0.0
R2P2_alpha_0.8,20260524,10,original,2,2,320,1.0
R2P2_alpha_0.8,20260524,10,original,2,3,0,0.0
R2P2_alpha_0.8,20260524,10,original,3,0,0,0.0
R2P2_alpha_0.8,20260524,10,original,3,1,0,0.0
R2P2_alpha_0.8,20260524,10,original,3,2,320,1.0
R2P2_alpha_0.8,20260524,10,original,3,3,0,0.0
R2P2_alpha_0.8,20260524,20,original,0,0,320,1.0
R2P2_alpha_0.8,20260524,20,original,0,1,0,0.0
R2P2_alpha_0.8,20260524,20,original,0,2,0,0.0
R2P2_alpha_0.8,20260524,20,original,0,3,0,0.0
R2P2_alpha_0.8,20260524,20,original,1,0,0,0.0
R2P2_alpha_0.8,20260524,20,original,1,1,320,1.0
R2P2_alpha_0.8,20260524,20,original,1,2,0,0.0
R2P2_alpha_0.8,20260524,20,original,1,3,0,0.0
R2P2_alpha_0.8,20260524,20,original,2,0,0,0.0
R2P2_alpha_0.8,20260524,20,original,2,1,0,0.0
R2P2_alpha_0.8,20260524,20,original,2,2,320,1.0
R2P2_alpha_0.8,20260524,20,original,2,3,0,0.0
R2P2_alpha_0.8,20260524,20,original,3,0,0,0.0
R2P2_alpha_0.8,20260524,20,original,3,1,0,0.0
R2P2_alpha_0.8,20260524,20,original,3,2,320,1.0
R2P2_alpha_0.8,20260524,20,original,3,3,0,0.0
R2P2_alpha_0.8,20260524,50,original,0,0,320,1.0
R2P2_alpha_0.8,20260524,50,original,0,1,0,0.0
R2P2_alpha_0.8,20260524,50,original,0,2,0,0.0
R2P2_alpha_0.8,20260524,50,original,0,3,0,0.0
R2P2_alpha_0.8,20260524,50,original,1,0,0,0.0
R2P2_alpha_0.8,20260524,50,original,1,1,320,1.0
R2P2_alpha_0.8,20260524,50,original,1,2,0,0.0
R2P2_alpha_0.8,20260524,50,original,1,3,0,0.0
R2P2_alpha_0.8,20260524,50,original,2,0,0,0.0
R2P2_alpha_0.8,20260524,50,original,2,1,0,0.0
R2P2_alpha_0.8,20260524,50,original,2,2,320,1.0
R2P2_alpha_0.8,20260524,50,original,2,3,0,0.0
R2P2_alpha_0.8,20260524,50,original,3,0,0,0.0
R2P2_alpha_0.8,20260524,50,original,3,1,0,0.0
R2P2_alpha_0.8,20260524,50,original,3,2,320,1.0
R2P2_alpha_0.8,20260524,50,original,3,3,0,0.0
R2P2_alpha_0.8,20260524,1600,original,0,0,320,1.0
R2P2_alpha_0.8,20260524,1600,original,0,1,0,0.0
R2P2_alpha_0.8,20260524,1600,original,0,2,0,0.0
R2P2_alpha_0.8,20260524,1600,original,0,3,0,0.0
R2P2_alpha_0.8,20260524,1600,original,1,0,0,0.0
R2P2_alpha_0.8,20260524,1600,original,1,1,320,1.0
R2P2_alpha_0.8,20260524,1600,original,1,2,0,0.0
R2P2_alpha_0.8,20260524,1600,original,1,3,0,0.0
R2P2_alpha_0.8,20260524,1600,original,2,0,0,0.0
R2P2_alpha_0.8,20260524,1600,original,2,1,0,0.0
R2P2_alpha_0.8,20260524,1600,original,2,2,320,1.0
R2P2_alpha_0.8,20260524,1600,original,2,3,0,0.0
R2P2_alpha_0.8,20260524,1600,original,3,0,0,0.0
R2P2_alpha_0.8,20260524,1600,original,3,1,0,0.0
R2P2_alpha_0.8,20260524,1600,original,3,2,320,1.0
R2P2_alpha_0.8,20260524,1600,original,3,3,0,0.0
R2P2_alpha_0.8,20260525,0,original,0,0,320,1.0
R2P2_alpha_0.8,20260525,0,original,0,1,0,0.0
R2P2_alpha_0.8,20260525,0,original,0,2,0,0.0
R2P2_alpha_0.8,20260525,0,original,0,3,0,0.0
R2P2_alpha_0.8,20260525,0,original,1,0,0,0.0
R2P2_alpha_0.8,20260525,0,original,1,1,320,1.0
R2P2_alpha_0.8,20260525,0,original,1,2,0,0.0
R2P2_alpha_0.8,20260525,0,original,1,3,0,0.0
R2P2_alpha_0.8,20260525,0,original,2,0,0,0.0
R2P2_alpha_0.8,20260525,0,original,2,1,0,0.0
R2P2_alpha_0.8,20260525,0,original,2,2,320,1.0
R2P2_alpha_0.8,20260525,0,original,2,3,0,0.0
R2P2_alpha_0.8,20260525,0,original,3,0,0,0.0
R2P2_alpha_0.8,20260525,0,original,3,1,0,0.0
R2P2_alpha_0.8,20260525,0,original,3,2,0,0.0
R2P2_alpha_0.8,20260525,0,original,3,3,320,1.0
R2P2_alpha_0.8,20260525,1,original,0,0,96,0.3
R2P2_alpha_0.8,20260525,1,original,0,1,0,0.0
R2P2_alpha_0.8,20260525,1,original,0,2,224,0.7
R2P2_alpha_0.8,20260525,1,original,0,3,0,0.0
R2P2_alpha_0.8,20260525,1,original,1,0,0,0.0
R2P2_alpha_0.8,20260525,1,original,1,1,320,1.0
R2P2_alpha_0.8,20260525,1,original,1,2,0,0.0
R2P2_alpha_0.8,20260525,1,original,1,3,0,0.0
R2P2_alpha_0.8,20260525,1,original,2,0,0,0.0
R2P2_alpha_0.8,20260525,1,original,2,1,0,0.0
R2P2_alpha_0.8,20260525,1,original,2,2,320,1.0
R2P2_alpha_0.8,20260525,1,original,2,3,0,0.0
R2P2_alpha_0.8,20260525,1,original,3,0,0,0.0
R2P2_alpha_0.8,20260525,1,original,3,1,0,0.0
R2P2_alpha_0.8,20260525,1,original,3,2,0,0.0
R2P2_alpha_0.8,20260525,1,original,3,3,320,1.0
R2P2_alpha_0.8,20260525,2,original,0,0,32,0.1
R2P2_alpha_0.8,20260525,2,original,0,1,0,0.0
R2P2_alpha_0.8,20260525,2,original,0,2,288,0.9
R2P2_alpha_0.8,20260525,2,original,0,3,0,0.0
R2P2_alpha_0.8,20260525,2,original,1,0,0,0.0
R2P2_alpha_0.8,20260525,2,original,1,1,288,0.9
R2P2_alpha_0.8,20260525,2,original,1,2,32,0.1
R2P2_alpha_0.8,20260525,2,original,1,3,0,0.0
R2P2_alpha_0.8,20260525,2,original,2,0,0,0.0
R2P2_alpha_0.8,20260525,2,original,2,1,0,0.0
R2P2_alpha_0.8,20260525,2,original,2,2,320,1.0
R2P2_alpha_0.8,20260525,2,original,2,3,0,0.0
R2P2_alpha_0.8,20260525,2,original,3,0,0,0.0
R2P2_alpha_0.8,20260525,2,original,3,1,0,0.0
R2P2_alpha_0.8,20260525,2,original,3,2,128,0.4
R2P2_alpha_0.8,20260525,2,original,3,3,192,0.6
R2P2_alpha_0.8,20260525,5,original,0,0,32,0.1
R2P2_alpha_0.8,20260525,5,original,0,1,0,0.0
R2P2_alpha_0.8,20260525,5,original,0,2,288,0.9
R2P2_alpha_0.8,20260525,5,original,0,3,0,0.0
R2P2_alpha_0.8,20260525,5,original,1,0,0,0.0
R2P2_alpha_0.8,20260525,5,original,1,1,64,0.2
R2P2_alpha_0.8,20260525,5,original,1,2,256,0.8
R2P2_alpha_0.8,20260525,5,original,1,3,0,0.0
R2P2_alpha_0.8,20260525,5,original,2,0,0,0.0
R2P2_alpha_0.8,20260525,5,original,2,1,0,0.0
R2P2_alpha_0.8,20260525,5,original,2,2,320,1.0
R2P2_alpha_0.8,20260525,5,original,2,3,0,0.0
R2P2_alpha_0.8,20260525,5,original,3,0,0,0.0
R2P2_alpha_0.8,20260525,5,original,3,1,0,0.0
R2P2_alpha_0.8,20260525,5,original,3,2,224,0.7
R2P2_alpha_0.8,20260525,5,original,3,3,96,0.3
R2P2_alpha_0.8,20260525,10,original,0,0,0,0.0
R2P2_alpha_0.8,20260525,10,original,0,1,0,0.0
R2P2_alpha_0.8,20260525,10,original,0,2,320,1.0
R2P2_alpha_0.8,20260525,10,original,0,3,0,0.0
R2P2_alpha_0.8,20260525,10,original,1,0,0,0.0
R2P2_alpha_0.8,20260525,10,original,1,1,320,1.0
R2P2_alpha_0.8,20260525,10,original,1,2,0,0.0
R2P2_alpha_0.8,20260525,10,original,1,3,0,0.0
R2P2_alpha_0.8,20260525,10,original,2,0,0,0.0
R2P2_alpha_0.8,20260525,10,original,2,1,0,0.0
R2P2_alpha_0.8,20260525,10,original,2,2,320,1.0
R2P2_alpha_0.8,20260525,10,original,2,3,0,0.0
R2P2_alpha_0.8,20260525,10,original,3,0,0,0.0
R2P2_alpha_0.8,20260525,10,original,3,1,0,0.0
R2P2_alpha_0.8,20260525,10,original,3,2,0,0.0
R2P2_alpha_0.8,20260525,10,original,3,3,320,1.0
R2P2_alpha_0.8,20260525,20,original,0,0,0,0.0
R2P2_alpha_0.8,20260525,20,original,0,1,0,0.0
R2P2_alpha_0.8,20260525,20,original,0,2,320,1.0
R2P2_alpha_0.8,20260525,20,original,0,3,0,0.0
R2P2_alpha_0.8,20260525,20,original,1,0,0,0.0
R2P2_alpha_0.8,20260525,20,original,1,1,320,1.0
R2P2_alpha_0.8,20260525,20,original,1,2,0,0.0
R2P2_alpha_0.8,20260525,20,original,1,3,0,0.0
R2P2_alpha_0.8,20260525,20,original,2,0,0,0.0
R2P2_alpha_0.8,20260525,20,original,2,1,0,0.0
R2P2_alpha_0.8,20260525,20,original,2,2,320,1.0
R2P2_alpha_0.8,20260525,20,original,2,3,0,0.0
R2P2_alpha_0.8,20260525,20,original,3,0,0,0.0
R2P2_alpha_0.8,20260525,20,original,3,1,0,0.0
R2P2_alpha_0.8,20260525,20,original,3,2,0,0.0
R2P2_alpha_0.8,20260525,20,original,3,3,320,1.0
R2P2_alpha_0.8,20260525,50,original,0,0,0,0.0
R2P2_alpha_0.8,20260525,50,original,0,1,0,0.0
R2P2_alpha_0.8,20260525,50,original,0,2,320,1.0
R2P2_alpha_0.8,20260525,50,original,0,3,0,0.0
R2P2_alpha_0.8,20260525,50,original,1,0,0,0.0
R2P2_alpha_0.8,20260525,50,original,1,1,320,1.0
R2P2_alpha_0.8,20260525,50,original,1,2,0,0.0
R2P2_alpha_0.8,20260525,50,original,1,3,0,0.0
R2P2_alpha_0.8,20260525,50,original,2,0,0,0.0
R2P2_alpha_0.8,20260525,50,original,2,1,0,0.0
R2P2_alpha_0.8,20260525,50,original,2,2,320,1.0
R2P2_alpha_0.8,20260525,50,original,2,3,0,0.0
R2P2_alpha_0.8,20260525,50,original,3,0,0,0.0
R2P2_alpha_0.8,20260525,50,original,3,1,0,0.0
R2P2_alpha_0.8,20260525,50,original,3,2,0,0.0
R2P2_alpha_0.8,20260525,50,original,3,3,320,1.0
R2P2_alpha_0.8,20260525,1600,original,0,0,0,0.0
R2P2_alpha_0.8,20260525,1600,original,0,1,0,0.0
R2P2_alpha_0.8,20260525,1600,original,0,2,320,1.0
R2P2_alpha_0.8,20260525,1600,original,0,3,0,0.0
R2P2_alpha_0.8,20260525,1600,original,1,0,0,0.0
R2P2_alpha_0.8,20260525,1600,original,1,1,320,1.0
R2P2_alpha_0.8,20260525,1600,original,1,2,0,0.0
R2P2_alpha_0.8,20260525,1600,original,1,3,0,0.0
R2P2_alpha_0.8,20260525,1600,original,2,0,0,0.0
R2P2_alpha_0.8,20260525,1600,original,2,1,0,0.0
R2P2_alpha_0.8,20260525,1600,original,2,2,320,1.0
R2P2_alpha_0.8,20260525,1600,original,2,3,0,0.0
R2P2_alpha_0.8,20260525,1600,original,3,0,0,0.0
R2P2_alpha_0.8,20260525,1600,original,3,1,0,0.0
R2P2_alpha_0.8,20260525,1600,original,3,2,0,0.0
R2P2_alpha_0.8,20260525,1600,original,3,3,320,1.0
R2P2_alpha_0.8,20260526,0,original,0,0,320,1.0
R2P2_alpha_0.8,20260526,0,original,0,1,0,0.0
R2P2_alpha_0.8,20260526,0,original,0,2,0,0.0
R2P2_alpha_0.8,20260526,0,original,0,3,0,0.0
R2P2_alpha_0.8,20260526,0,original,1,0,0,0.0
R2P2_alpha_0.8,20260526,0,original,1,1,320,1.0
R2P2_alpha_0.8,20260526,0,original,1,2,0,0.0
R2P2_alpha_0.8,20260526,0,original,1,3,0,0.0
R2P2_alpha_0.8,20260526,0,original,2,0,0,0.0
R2P2_alpha_0.8,20260526,0,original,2,1,0,0.0
R2P2_alpha_0.8,20260526,0,original,2,2,320,1.0
R2P2_alpha_0.8,20260526,0,original,2,3,0,0.0
R2P2_alpha_0.8,20260526,0,original,3,0,0,0.0
R2P2_alpha_0.8,20260526,0,original,3,1,0,0.0
R2P2_alpha_0.8,20260526,0,original,3,2,0,0.0
R2P2_alpha_0.8,20260526,0,original,3,3,320,1.0
R2P2_alpha_0.8,20260526,1,original,0,0,320,1.0
R2P2_alpha_0.8,20260526,1,original,0,1,0,0.0
R2P2_alpha_0.8,20260526,1,original,0,2,0,0.0
R2P2_alpha_0.8,20260526,1,original,0,3,0,0.0
R2P2_alpha_0.8,20260526,1,original,1,0,0,0.0
R2P2_alpha_0.8,20260526,1,original,1,1,320,1.0
R2P2_alpha_0.8,20260526,1,original,1,2,0,0.0
R2P2_alpha_0.8,20260526,1,original,1,3,0,0.0
R2P2_alpha_0.8,20260526,1,original,2,0,0,0.0
R2P2_alpha_0.8,20260526,1,original,2,1,0,0.0
R2P2_alpha_0.8,20260526,1,original,2,2,320,1.0
R2P2_alpha_0.8,20260526,1,original,2,3,0,0.0
R2P2_alpha_0.8,20260526,1,original,3,0,0,0.0
R2P2_alpha_0.8,20260526,1,original,3,1,0,0.0
R2P2_alpha_0.8,20260526,1,original,3,2,0,0.0
R2P2_alpha_0.8,20260526,1,original,3,3,320,1.0
R2P2_alpha_0.8,20260526,2,original,0,0,320,1.0
R2P2_alpha_0.8,20260526,2,original,0,1,0,0.0
R2P2_alpha_0.8,20260526,2,original,0,2,0,0.0
R2P2_alpha_0.8,20260526,2,original,0,3,0,0.0
R2P2_alpha_0.8,20260526,2,original,1,0,288,0.9
R2P2_alpha_0.8,20260526,2,original,1,1,32,0.1
R2P2_alpha_0.8,20260526,2,original,1,2,0,0.0
R2P2_alpha_0.8,20260526,2,original,1,3,0,0.0
R2P2_alpha_0.8,20260526,2,original,2,0,0,0.0
R2P2_alpha_0.8,20260526,2,original,2,1,0,0.0
R2P2_alpha_0.8,20260526,2,original,2,2,320,1.0
R2P2_alpha_0.8,20260526,2,original,2,3,0,0.0
R2P2_alpha_0.8,20260526,2,original,3,0,0,0.0
R2P2_alpha_0.8,20260526,2,original,3,1,0,0.0
R2P2_alpha_0.8,20260526,2,original,3,2,0,0.0
R2P2_alpha_0.8,20260526,2,original,3,3,320,1.0
R2P2_alpha_0.8,20260526,5,original,0,0,320,1.0
R2P2_alpha_0.8,20260526,5,original,0,1,0,0.0
R2P2_alpha_0.8,20260526,5,original,0,2,0,0.0
R2P2_alpha_0.8,20260526,5,original,0,3,0,0.0
R2P2_alpha_0.8,20260526,5,original,1,0,32,0.1
R2P2_alpha_0.8,20260526,5,original,1,1,32,0.1
R2P2_alpha_0.8,20260526,5,original,1,2,256,0.8
R2P2_alpha_0.8,20260526,5,original,1,3,0,0.0
R2P2_alpha_0.8,20260526,5,original,2,0,0,0.0
R2P2_alpha_0.8,20260526,5,original,2,1,0,0.0
R2P2_alpha_0.8,20260526,5,original,2,2,320,1.0
R2P2_alpha_0.8,20260526,5,original,2,3,0,0.0
R2P2_alpha_0.8,20260526,5,original,3,0,0,0.0
R2P2_alpha_0.8,20260526,5,original,3,1,0,0.0
R2P2_alpha_0.8,20260526,5,original,3,2,0,0.0
R2P2_alpha_0.8,20260526,5,original,3,3,320,1.0
R2P2_alpha_0.8,20260526,10,original,0,0,320,1.0
R2P2_alpha_0.8,20260526,10,original,0,1,0,0.0
R2P2_alpha_0.8,20260526,10,original,0,2,0,0.0
R2P2_alpha_0.8,20260526,10,original,0,3,0,0.0
R2P2_alpha_0.8,20260526,10,original,1,0,0,0.0
R2P2_alpha_0.8,20260526,10,original,1,1,64,0.2
R2P2_alpha_0.8,20260526,10,original,1,2,0,0.0
R2P2_alpha_0.8,20260526,10,original,1,3,256,0.8
R2P2_alpha_0.8,20260526,10,original,2,0,0,0.0
R2P2_alpha_0.8,20260526,10,original,2,1,0,0.0
R2P2_alpha_0.8,20260526,10,original,2,2,320,1.0
R2P2_alpha_0.8,20260526,10,original,2,3,0,0.0
R2P2_alpha_0.8,20260526,10,original,3,0,0,0.0
R2P2_alpha_0.8,20260526,10,original,3,1,0,0.0
R2P2_alpha_0.8,20260526,10,original,3,2,0,0.0
R2P2_alpha_0.8,20260526,10,original,3,3,320,1.0
R2P2_alpha_0.8,20260526,20,original,0,0,320,1.0
R2P2_alpha_0.8,20260526,20,original,0,1,0,0.0
R2P2_alpha_0.8,20260526,20,original,0,2,0,0.0
R2P2_alpha_0.8,20260526,20,original,0,3,0,0.0
R2P2_alpha_0.8,20260526,20,original,1,0,0,0.0
R2P2_alpha_0.8,20260526,20,original,1,1,320,1.0
R2P2_alpha_0.8,20260526,20,original,1,2,0,0.0
R2P2_alpha_0.8,20260526,20,original,1,3,0,0.0
R2P2_alpha_0.8,20260526,20,original,2,0,0,0.0
R2P2_alpha_0.8,20260526,20,original,2,1,0,0.0
R2P2_alpha_0.8,20260526,20,original,2,2,320,1.0
R2P2_alpha_0.8,20260526,20,original,2,3,0,0.0
R2P2_alpha_0.8,20260526,20,original,3,0,0,0.0
R2P2_alpha_0.8,20260526,20,original,3,1,0,0.0
R2P2_alpha_0.8,20260526,20,original,3,2,0,0.0
R2P2_alpha_0.8,20260526,20,original,3,3,320,1.0
R2P2_alpha_0.8,20260526,50,original,0,0,320,1.0
R2P2_alpha_0.8,20260526,50,original,0,1,0,0.0
R2P2_alpha_0.8,20260526,50,original,0,2,0,0.0
R2P2_alpha_0.8,20260526,50,original,0,3,0,0.0
R2P2_alpha_0.8,20260526,50,original,1,0,0,0.0
R2P2_alpha_0.8,20260526,50,original,1,1,320,1.0
R2P2_alpha_0.8,20260526,50,original,1,2,0,0.0
R2P2_alpha_0.8,20260526,50,original,1,3,0,0.0
R2P2_alpha_0.8,20260526,50,original,2,0,0,0.0
R2P2_alpha_0.8,20260526,50,original,2,1,0,0.0
R2P2_alpha_0.8,20260526,50,original,2,2,320,1.0
R2P2_alpha_0.8,20260526,50,original,2,3,0,0.0
R2P2_alpha_0.8,20260526,50,original,3,0,0,0.0
R2P2_alpha_0.8,20260526,50,original,3,1,0,0.0
R2P2_alpha_0.8,20260526,50,original,3,2,0,0.0
R2P2_alpha_0.8,20260526,50,original,3,3,320,1.0
R2P2_alpha_0.8,20260526,1600,original,0,0,320,1.0
R2P2_alpha_0.8,20260526,1600,original,0,1,0,0.0
R2P2_alpha_0.8,20260526,1600,original,0,2,0,0.0
R2P2_alpha_0.8,20260526,1600,original,0,3,0,0.0
R2P2_alpha_0.8,20260526,1600,original,1,0,0,0.0
R2P2_alpha_0.8,20260526,1600,original,1,1,320,1.0
R2P2_alpha_0.8,20260526,1600,original,1,2,0,0.0
R2P2_alpha_0.8,20260526,1600,original,1,3,0,0.0
R2P2_alpha_0.8,20260526,1600,original,2,0,0,0.0
R2P2_alpha_0.8,20260526,1600,original,2,1,0,0.0
R2P2_alpha_0.8,20260526,1600,original,2,2,320,1.0
R2P2_alpha_0.8,20260526,1600,original,2,3,0,0.0
R2P2_alpha_0.8,20260526,1600,original,3,0,0,0.0
R2P2_alpha_0.8,20260526,1600,original,3,1,0,0.0
R2P2_alpha_0.8,20260526,1600,original,3,2,0,0.0
R2P2_alpha_0.8,20260526,1600,original,3,3,320,1.0
R2P2_alpha_0.8,20260527,0,original,0,0,320,1.0
R2P2_alpha_0.8,20260527,0,original,0,1,0,0.0
R2P2_alpha_0.8,20260527,0,original,0,2,0,0.0
R2P2_alpha_0.8,20260527,0,original,0,3,0,0.0
R2P2_alpha_0.8,20260527,0,original,1,0,0,0.0
R2P2_alpha_0.8,20260527,0,original,1,1,320,1.0
R2P2_alpha_0.8,20260527,0,original,1,2,0,0.0
R2P2_alpha_0.8,20260527,0,original,1,3,0,0.0
R2P2_alpha_0.8,20260527,0,original,2,0,0,0.0
R2P2_alpha_0.8,20260527,0,original,2,1,0,0.0
R2P2_alpha_0.8,20260527,0,original,2,2,320,1.0
R2P2_alpha_0.8,20260527,0,original,2,3,0,0.0
R2P2_alpha_0.8,20260527,0,original,3,0,0,0.0
R2P2_alpha_0.8,20260527,0,original,3,1,0,0.0
R2P2_alpha_0.8,20260527,0,original,3,2,0,0.0
R2P2_alpha_0.8,20260527,0,original,3,3,320,1.0
R2P2_alpha_0.8,20260527,1,original,0,0,320,1.0
R2P2_alpha_0.8,20260527,1,original,0,1,0,0.0
R2P2_alpha_0.8,20260527,1,original,0,2,0,0.0
R2P2_alpha_0.8,20260527,1,original,0,3,0,0.0
R2P2_alpha_0.8,20260527,1,original,1,0,0,0.0
R2P2_alpha_0.8,20260527,1,original,1,1,320,1.0
R2P2_alpha_0.8,20260527,1,original,1,2,0,0.0
R2P2_alpha_0.8,20260527,1,original,1,3,0,0.0
R2P2_alpha_0.8,20260527,1,original,2,0,160,0.5
R2P2_alpha_0.8,20260527,1,original,2,1,0,0.0
R2P2_alpha_0.8,20260527,1,original,2,2,160,0.5
R2P2_alpha_0.8,20260527,1,original,2,3,0,0.0
R2P2_alpha_0.8,20260527,1,original,3,0,0,0.0
R2P2_alpha_0.8,20260527,1,original,3,1,0,0.0
R2P2_alpha_0.8,20260527,1,original,3,2,0,0.0
R2P2_alpha_0.8,20260527,1,original,3,3,320,1.0
R2P2_alpha_0.8,20260527,2,original,0,0,320,1.0
R2P2_alpha_0.8,20260527,2,original,0,1,0,0.0
R2P2_alpha_0.8,20260527,2,original,0,2,0,0.0
R2P2_alpha_0.8,20260527,2,original,0,3,0,0.0
R2P2_alpha_0.8,20260527,2,original,1,0,0,0.0
R2P2_alpha_0.8,20260527,2,original,1,1,320,1.0
R2P2_alpha_0.8,20260527,2,original,1,2,0,0.0
R2P2_alpha_0.8,20260527,2,original,1,3,0,0.0
R2P2_alpha_0.8,20260527,2,original,2,0,288,0.9
R2P2_alpha_0.8,20260527,2,original,2,1,0,0.0
R2P2_alpha_0.8,20260527,2,original,2,2,32,0.1
R2P2_alpha_0.8,20260527,2,original,2,3,0,0.0
R2P2_alpha_0.8,20260527,2,original,3,0,0,0.0
R2P2_alpha_0.8,20260527,2,original,3,1,0,0.0
R2P2_alpha_0.8,20260527,2,original,3,2,0,0.0
R2P2_alpha_0.8,20260527,2,original,3,3,320,1.0
R2P2_alpha_0.8,20260527,5,original,0,0,320,1.0
R2P2_alpha_0.8,20260527,5,original,0,1,0,0.0
R2P2_alpha_0.8,20260527,5,original,0,2,0,0.0
R2P2_alpha_0.8,20260527,5,original,0,3,0,0.0
R2P2_alpha_0.8,20260527,5,original,1,0,0,0.0
R2P2_alpha_0.8,20260527,5,original,1,1,320,1.0
R2P2_alpha_0.8,20260527,5,original,1,2,0,0.0
R2P2_alpha_0.8,20260527,5,original,1,3,0,0.0
R2P2_alpha_0.8,20260527,5,original,2,0,288,0.9
R2P2_alpha_0.8,20260527,5,original,2,1,0,0.0
R2P2_alpha_0.8,20260527,5,original,2,2,32,0.1
R2P2_alpha_0.8,20260527,5,original,2,3,0,0.0
R2P2_alpha_0.8,20260527,5,original,3,0,0,0.0
R2P2_alpha_0.8,20260527,5,original,3,1,0,0.0
R2P2_alpha_0.8,20260527,5,original,3,2,0,0.0
R2P2_alpha_0.8,20260527,5,original,3,3,320,1.0
R2P2_alpha_0.8,20260527,10,original,0,0,320,1.0
R2P2_alpha_0.8,20260527,10,original,0,1,0,0.0
R2P2_alpha_0.8,20260527,10,original,0,2,0,0.0
R2P2_alpha_0.8,20260527,10,original,0,3,0,0.0
R2P2_alpha_0.8,20260527,10,original,1,0,0,0.0
R2P2_alpha_0.8,20260527,10,original,1,1,320,1.0
R2P2_alpha_0.8,20260527,10,original,1,2,0,0.0
R2P2_alpha_0.8,20260527,10,original,1,3,0,0.0
R2P2_alpha_0.8,20260527,10,original,2,0,128,0.4
R2P2_alpha_0.8,20260527,10,original,2,1,160,0.5
R2P2_alpha_0.8,20260527,10,original,2,2,32,0.1
R2P2_alpha_0.8,20260527,10,original,2,3,0,0.0
R2P2_alpha_0.8,20260527,10,original,3,0,0,0.0
R2P2_alpha_0.8,20260527,10,original,3,1,0,0.0
R2P2_alpha_0.8,20260527,10,original,3,2,0,0.0
R2P2_alpha_0.8,20260527,10,original,3,3,320,1.0
R2P2_alpha_0.8,20260527,20,original,0,0,320,1.0
R2P2_alpha_0.8,20260527,20,original,0,1,0,0.0
R2P2_alpha_0.8,20260527,20,original,0,2,0,0.0
R2P2_alpha_0.8,20260527,20,original,0,3,0,0.0
R2P2_alpha_0.8,20260527,20,original,1,0,0,0.0
R2P2_alpha_0.8,20260527,20,original,1,1,320,1.0
R2P2_alpha_0.8,20260527,20,original,1,2,0,0.0
R2P2_alpha_0.8,20260527,20,original,1,3,0,0.0
R2P2_alpha_0.8,20260527,20,original,2,0,0,0.0
R2P2_alpha_0.8,20260527,20,original,2,1,0,0.0
R2P2_alpha_0.8,20260527,20,original,2,2,320,1.0
R2P2_alpha_0.8,20260527,20,original,2,3,0,0.0
R2P2_alpha_0.8,20260527,20,original,3,0,0,0.0
R2P2_alpha_0.8,20260527,20,original,3,1,0,0.0
R2P2_alpha_0.8,20260527,20,original,3,2,0,0.0
R2P2_alpha_0.8,20260527,20,original,3,3,320,1.0
R2P2_alpha_0.8,20260527,50,original,0,0,320,1.0
R2P2_alpha_0.8,20260527,50,original,0,1,0,0.0
R2P2_alpha_0.8,20260527,50,original,0,2,0,0.0
R2P2_alpha_0.8,20260527,50,original,0,3,0,0.0
R2P2_alpha_0.8,20260527,50,original,1,0,0,0.0
R2P2_alpha_0.8,20260527,50,original,1,1,320,1.0
R2P2_alpha_0.8,20260527,50,original,1,2,0,0.0
R2P2_alpha_0.8,20260527,50,original,1,3,0,0.0
R2P2_alpha_0.8,20260527,50,original,2,0,0,0.0
R2P2_alpha_0.8,20260527,50,original,2,1,0,0.0
R2P2_alpha_0.8,20260527,50,original,2,2,320,1.0
R2P2_alpha_0.8,20260527,50,original,2,3,0,0.0
R2P2_alpha_0.8,20260527,50,original,3,0,0,0.0
R2P2_alpha_0.8,20260527,50,original,3,1,0,0.0
R2P2_alpha_0.8,20260527,50,original,3,2,0,0.0
R2P2_alpha_0.8,20260527,50,original,3,3,320,1.0
R2P2_alpha_0.8,20260527,1600,original,0,0,320,1.0
R2P2_alpha_0.8,20260527,1600,original,0,1,0,0.0
R2P2_alpha_0.8,20260527,1600,original,0,2,0,0.0
R2P2_alpha_0.8,20260527,1600,original,0,3,0,0.0
R2P2_alpha_0.8,20260527,1600,original,1,0,0,0.0
R2P2_alpha_0.8,20260527,1600,original,1,1,320,1.0
R2P2_alpha_0.8,20260527,1600,original,1,2,0,0.0
R2P2_alpha_0.8,20260527,1600,original,1,3,0,0.0
R2P2_alpha_0.8,20260527,1600,original,2,0,0,0.0
R2P2_alpha_0.8,20260527,1600,original,2,1,0,0.0
R2P2_alpha_0.8,20260527,1600,original,2,2,320,1.0
R2P2_alpha_0.8,20260527,1600,original,2,3,0,0.0
R2P2_alpha_0.8,20260527,1600,original,3,0,0,0.0
R2P2_alpha_0.8,20260527,1600,original,3,1,0,0.0
R2P2_alpha_0.8,20260527,1600,original,3,2,0,0.0
R2P2_alpha_0.8,20260527,1600,original,3,3,320,1.0
R2P2_alpha_0.8,20260528,0,original,0,0,320,1.0
R2P2_alpha_0.8,20260528,0,original,0,1,0,0.0
R2P2_alpha_0.8,20260528,0,original,0,2,0,0.0
R2P2_alpha_0.8,20260528,0,original,0,3,0,0.0
R2P2_alpha_0.8,20260528,0,original,1,0,0,0.0
R2P2_alpha_0.8,20260528,0,original,1,1,320,1.0
R2P2_alpha_0.8,20260528,0,original,1,2,0,0.0
R2P2_alpha_0.8,20260528,0,original,1,3,0,0.0
R2P2_alpha_0.8,20260528,0,original,2,0,0,0.0
R2P2_alpha_0.8,20260528,0,original,2,1,0,0.0
R2P2_alpha_0.8,20260528,0,original,2,2,320,1.0
R2P2_alpha_0.8,20260528,0,original,2,3,0,0.0
R2P2_alpha_0.8,20260528,0,original,3,0,0,0.0
R2P2_alpha_0.8,20260528,0,original,3,1,0,0.0
R2P2_alpha_0.8,20260528,0,original,3,2,0,0.0
R2P2_alpha_0.8,20260528,0,original,3,3,320,1.0
R2P2_alpha_0.8,20260528,1,original,0,0,288,0.9
R2P2_alpha_0.8,20260528,1,original,0,1,0,0.0
R2P2_alpha_0.8,20260528,1,original,0,2,0,0.0
R2P2_alpha_0.8,20260528,1,original,0,3,32,0.1
R2P2_alpha_0.8,20260528,1,original,1,0,0,0.0
R2P2_alpha_0.8,20260528,1,original,1,1,320,1.0
R2P2_alpha_0.8,20260528,1,original,1,2,0,0.0
R2P2_alpha_0.8,20260528,1,original,1,3,0,0.0
R2P2_alpha_0.8,20260528,1,original,2,0,0,0.0
R2P2_alpha_0.8,20260528,1,original,2,1,0,0.0
R2P2_alpha_0.8,20260528,1,original,2,2,320,1.0
R2P2_alpha_0.8,20260528,1,original,2,3,0,0.0
R2P2_alpha_0.8,20260528,1,original,3,0,0,0.0
R2P2_alpha_0.8,20260528,1,original,3,1,0,0.0
R2P2_alpha_0.8,20260528,1,original,3,2,0,0.0
R2P2_alpha_0.8,20260528,1,original,3,3,320,1.0
R2P2_alpha_0.8,20260528,2,original,0,0,96,0.3
R2P2_alpha_0.8,20260528,2,original,0,1,0,0.0
R2P2_alpha_0.8,20260528,2,original,0,2,0,0.0
R2P2_alpha_0.8,20260528,2,original,0,3,224,0.7
R2P2_alpha_0.8,20260528,2,original,1,0,0,0.0
R2P2_alpha_0.8,20260528,2,original,1,1,320,1.0
R2P2_alpha_0.8,20260528,2,original,1,2,0,0.0
R2P2_alpha_0.8,20260528,2,original,1,3,0,0.0
R2P2_alpha_0.8,20260528,2,original,2,0,0,0.0
R2P2_alpha_0.8,20260528,2,original,2,1,0,0.0
R2P2_alpha_0.8,20260528,2,original,2,2,320,1.0
R2P2_alpha_0.8,20260528,2,original,2,3,0,0.0
R2P2_alpha_0.8,20260528,2,original,3,0,0,0.0
R2P2_alpha_0.8,20260528,2,original,3,1,0,0.0
R2P2_alpha_0.8,20260528,2,original,3,2,0,0.0
R2P2_alpha_0.8,20260528,2,original,3,3,320,1.0
R2P2_alpha_0.8,20260528,5,original,0,0,64,0.2
R2P2_alpha_0.8,20260528,5,original,0,1,0,0.0
R2P2_alpha_0.8,20260528,5,original,0,2,0,0.0
R2P2_alpha_0.8,20260528,5,original,0,3,256,0.8
R2P2_alpha_0.8,20260528,5,original,1,0,0,0.0
R2P2_alpha_0.8,20260528,5,original,1,1,320,1.0
R2P2_alpha_0.8,20260528,5,original,1,2,0,0.0
R2P2_alpha_0.8,20260528,5,original,1,3,0,0.0
R2P2_alpha_0.8,20260528,5,original,2,0,0,0.0
R2P2_alpha_0.8,20260528,5,original,2,1,0,0.0
R2P2_alpha_0.8,20260528,5,original,2,2,320,1.0
R2P2_alpha_0.8,20260528,5,original,2,3,0,0.0
R2P2_alpha_0.8,20260528,5,original,3,0,0,0.0
R2P2_alpha_0.8,20260528,5,original,3,1,0,0.0
R2P2_alpha_0.8,20260528,5,original,3,2,0,0.0
R2P2_alpha_0.8,20260528,5,original,3,3,320,1.0
R2P2_alpha_0.8,20260528,10,original,0,0,320,1.0
R2P2_alpha_0.8,20260528,10,original,0,1,0,0.0
R2P2_alpha_0.8,20260528,10,original,0,2,0,0.0
R2P2_alpha_0.8,20260528,10,original,0,3,0,0.0
R2P2_alpha_0.8,20260528,10,original,1,0,0,0.0
R2P2_alpha_0.8,20260528,10,original,1,1,320,1.0
R2P2_alpha_0.8,20260528,10,original,1,2,0,0.0
R2P2_alpha_0.8,20260528,10,original,1,3,0,0.0
R2P2_alpha_0.8,20260528,10,original,2,0,0,0.0
R2P2_alpha_0.8,20260528,10,original,2,1,0,0.0
R2P2_alpha_0.8,20260528,10,original,2,2,320,1.0
R2P2_alpha_0.8,20260528,10,original,2,3,0,0.0
R2P2_alpha_0.8,20260528,10,original,3,0,0,0.0
R2P2_alpha_0.8,20260528,10,original,3,1,0,0.0
R2P2_alpha_0.8,20260528,10,original,3,2,0,0.0
R2P2_alpha_0.8,20260528,10,original,3,3,320,1.0
R2P2_alpha_0.8,20260528,20,original,0,0,320,1.0
R2P2_alpha_0.8,20260528,20,original,0,1,0,0.0
R2P2_alpha_0.8,20260528,20,original,0,2,0,0.0
R2P2_alpha_0.8,20260528,20,original,0,3,0,0.0
R2P2_alpha_0.8,20260528,20,original,1,0,0,0.0
R2P2_alpha_0.8,20260528,20,original,1,1,320,1.0
R2P2_alpha_0.8,20260528,20,original,1,2,0,0.0
R2P2_alpha_0.8,20260528,20,original,1,3,0,0.0
R2P2_alpha_0.8,20260528,20,original,2,0,0,0.0
R2P2_alpha_0.8,20260528,20,original,2,1,0,0.0
R2P2_alpha_0.8,20260528,20,original,2,2,320,1.0
R2P2_alpha_0.8,20260528,20,original,2,3,0,0.0
R2P2_alpha_0.8,20260528,20,original,3,0,0,0.0
R2P2_alpha_0.8,20260528,20,original,3,1,0,0.0
R2P2_alpha_0.8,20260528,20,original,3,2,0,0.0
R2P2_alpha_0.8,20260528,20,original,3,3,320,1.0
R2P2_alpha_0.8,20260528,50,original,0,0,320,1.0
R2P2_alpha_0.8,20260528,50,original,0,1,0,0.0
R2P2_alpha_0.8,20260528,50,original,0,2,0,0.0
R2P2_alpha_0.8,20260528,50,original,0,3,0,0.0
R2P2_alpha_0.8,20260528,50,original,1,0,0,0.0
R2P2_alpha_0.8,20260528,50,original,1,1,320,1.0
R2P2_alpha_0.8,20260528,50,original,1,2,0,0.0
R2P2_alpha_0.8,20260528,50,original,1,3,0,0.0
R2P2_alpha_0.8,20260528,50,original,2,0,0,0.0
R2P2_alpha_0.8,20260528,50,original,2,1,0,0.0
R2P2_alpha_0.8,20260528,50,original,2,2,320,1.0
R2P2_alpha_0.8,20260528,50,original,2,3,0,0.0
R2P2_alpha_0.8,20260528,50,original,3,0,0,0.0
R2P2_alpha_0.8,20260528,50,original,3,1,0,0.0
R2P2_alpha_0.8,20260528,50,original,3,2,0,0.0
R2P2_alpha_0.8,20260528,50,original,3,3,320,1.0
R2P2_alpha_0.8,20260528,1600,original,0,0,320,1.0
R2P2_alpha_0.8,20260528,1600,original,0,1,0,0.0
R2P2_alpha_0.8,20260528,1600,original,0,2,0,0.0
R2P2_alpha_0.8,20260528,1600,original,0,3,0,0.0
R2P2_alpha_0.8,20260528,1600,original,1,0,0,0.0
R2P2_alpha_0.8,20260528,1600,original,1,1,320,1.0
R2P2_alpha_0.8,20260528,1600,original,1,2,0,0.0
R2P2_alpha_0.8,20260528,1600,original,1,3,0,0.0
R2P2_alpha_0.8,20260528,1600,original,2,0,0,0.0
R2P2_alpha_0.8,20260528,1600,original,2,1,0,0.0
R2P2_alpha_0.8,20260528,1600,original,2,2,320,1.0
R2P2_alpha_0.8,20260528,1600,original,2,3,0,0.0
R2P2_alpha_0.8,20260528,1600,original,3,0,0,0.0
R2P2_alpha_0.8,20260528,1600,original,3,1,0,0.0
R2P2_alpha_0.8,20260528,1600,original,3,2,0,0.0
R2P2_alpha_0.8,20260528,1600,original,3,3,320,1.0
R2P2_alpha_1,20260521,0,original,0,0,320,1.0
R2P2_alpha_1,20260521,0,original,0,1,0,0.0
R2P2_alpha_1,20260521,0,original,0,2,0,0.0
R2P2_alpha_1,20260521,0,original,0,3,0,0.0
R2P2_alpha_1,20260521,0,original,1,0,0,0.0
R2P2_alpha_1,20260521,0,original,1,1,320,1.0
R2P2_alpha_1,20260521,0,original,1,2,0,0.0
R2P2_alpha_1,20260521,0,original,1,3,0,0.0
R2P2_alpha_1,20260521,0,original,2,0,0,0.0
R2P2_alpha_1,20260521,0,original,2,1,0,0.0
R2P2_alpha_1,20260521,0,original,2,2,288,0.9
R2P2_alpha_1,20260521,0,original,2,3,32,0.1
R2P2_alpha_1,20260521,0,original,3,0,0,0.0
R2P2_alpha_1,20260521,0,original,3,1,0,0.0
R2P2_alpha_1,20260521,0,original,3,2,0,0.0
R2P2_alpha_1,20260521,0,original,3,3,320,1.0
R2P2_alpha_1,20260521,1,original,0,0,320,1.0
R2P2_alpha_1,20260521,1,original,0,1,0,0.0
R2P2_alpha_1,20260521,1,original,0,2,0,0.0
R2P2_alpha_1,20260521,1,original,0,3,0,0.0
R2P2_alpha_1,20260521,1,original,1,0,160,0.5
R2P2_alpha_1,20260521,1,original,1,1,160,0.5
R2P2_alpha_1,20260521,1,original,1,2,0,0.0
R2P2_alpha_1,20260521,1,original,1,3,0,0.0
R2P2_alpha_1,20260521,1,original,2,0,0,0.0
R2P2_alpha_1,20260521,1,original,2,1,0,0.0
R2P2_alpha_1,20260521,1,original,2,2,320,1.0
R2P2_alpha_1,20260521,1,original,2,3,0,0.0
R2P2_alpha_1,20260521,1,original,3,0,128,0.4
R2P2_alpha_1,20260521,1,original,3,1,0,0.0
R2P2_alpha_1,20260521,1,original,3,2,0,0.0
R2P2_alpha_1,20260521,1,original,3,3,192,0.6
R2P2_alpha_1,20260521,2,original,0,0,320,1.0
R2P2_alpha_1,20260521,2,original,0,1,0,0.0
R2P2_alpha_1,20260521,2,original,0,2,0,0.0
R2P2_alpha_1,20260521,2,original,0,3,0,0.0
R2P2_alpha_1,20260521,2,original,1,0,0,0.0
R2P2_alpha_1,20260521,2,original,1,1,64,0.2
R2P2_alpha_1,20260521,2,original,1,2,256,0.8
R2P2_alpha_1,20260521,2,original,1,3,0,0.0
R2P2_alpha_1,20260521,2,original,2,0,0,0.0
R2P2_alpha_1,20260521,2,original,2,1,0,0.0
R2P2_alpha_1,20260521,2,original,2,2,320,1.0
R2P2_alpha_1,20260521,2,original,2,3,0,0.0
R2P2_alpha_1,20260521,2,original,3,0,0,0.0
R2P2_alpha_1,20260521,2,original,3,1,0,0.0
R2P2_alpha_1,20260521,2,original,3,2,256,0.8
R2P2_alpha_1,20260521,2,original,3,3,64,0.2
R2P2_alpha_1,20260521,5,original,0,0,320,1.0
R2P2_alpha_1,20260521,5,original,0,1,0,0.0
R2P2_alpha_1,20260521,5,original,0,2,0,0.0
R2P2_alpha_1,20260521,5,original,0,3,0,0.0
R2P2_alpha_1,20260521,5,original,1,0,0,0.0
R2P2_alpha_1,20260521,5,original,1,1,32,0.1
R2P2_alpha_1,20260521,5,original,1,2,288,0.9
R2P2_alpha_1,20260521,5,original,1,3,0,0.0
R2P2_alpha_1,20260521,5,original,2,0,0,0.0
R2P2_alpha_1,20260521,5,original,2,1,0,0.0
R2P2_alpha_1,20260521,5,original,2,2,320,1.0
R2P2_alpha_1,20260521,5,original,2,3,0,0.0
R2P2_alpha_1,20260521,5,original,3,0,0,0.0
R2P2_alpha_1,20260521,5,original,3,1,0,0.0
R2P2_alpha_1,20260521,5,original,3,2,256,0.8
R2P2_alpha_1,20260521,5,original,3,3,64,0.2
R2P2_alpha_1,20260521,10,original,0,0,320,1.0
R2P2_alpha_1,20260521,10,original,0,1,0,0.0
R2P2_alpha_1,20260521,10,original,0,2,0,0.0
R2P2_alpha_1,20260521,10,original,0,3,0,0.0
R2P2_alpha_1,20260521,10,original,1,0,0,0.0
R2P2_alpha_1,20260521,10,original,1,1,32,0.1
R2P2_alpha_1,20260521,10,original,1,2,288,0.9
R2P2_alpha_1,20260521,10,original,1,3,0,0.0
R2P2_alpha_1,20260521,10,original,2,0,0,0.0
R2P2_alpha_1,20260521,10,original,2,1,0,0.0
R2P2_alpha_1,20260521,10,original,2,2,320,1.0
R2P2_alpha_1,20260521,10,original,2,3,0,0.0
R2P2_alpha_1,20260521,10,original,3,0,0,0.0
R2P2_alpha_1,20260521,10,original,3,1,0,0.0
R2P2_alpha_1,20260521,10,original,3,2,0,0.0
R2P2_alpha_1,20260521,10,original,3,3,320,1.0
R2P2_alpha_1,20260521,20,original,0,0,320,1.0
R2P2_alpha_1,20260521,20,original,0,1,0,0.0
R2P2_alpha_1,20260521,20,original,0,2,0,0.0
R2P2_alpha_1,20260521,20,original,0,3,0,0.0
R2P2_alpha_1,20260521,20,original,1,0,0,0.0
R2P2_alpha_1,20260521,20,original,1,1,32,0.1
R2P2_alpha_1,20260521,20,original,1,2,288,0.9
R2P2_alpha_1,20260521,20,original,1,3,0,0.0
R2P2_alpha_1,20260521,20,original,2,0,0,0.0
R2P2_alpha_1,20260521,20,original,2,1,0,0.0
R2P2_alpha_1,20260521,20,original,2,2,320,1.0
R2P2_alpha_1,20260521,20,original,2,3,0,0.0
R2P2_alpha_1,20260521,20,original,3,0,0,0.0
R2P2_alpha_1,20260521,20,original,3,1,0,0.0
R2P2_alpha_1,20260521,20,original,3,2,0,0.0
R2P2_alpha_1,20260521,20,original,3,3,320,1.0
R2P2_alpha_1,20260521,50,original,0,0,320,1.0
R2P2_alpha_1,20260521,50,original,0,1,0,0.0
R2P2_alpha_1,20260521,50,original,0,2,0,0.0
R2P2_alpha_1,20260521,50,original,0,3,0,0.0
R2P2_alpha_1,20260521,50,original,1,0,0,0.0
R2P2_alpha_1,20260521,50,original,1,1,32,0.1
R2P2_alpha_1,20260521,50,original,1,2,288,0.9
R2P2_alpha_1,20260521,50,original,1,3,0,0.0
R2P2_alpha_1,20260521,50,original,2,0,0,0.0
R2P2_alpha_1,20260521,50,original,2,1,0,0.0
R2P2_alpha_1,20260521,50,original,2,2,320,1.0
R2P2_alpha_1,20260521,50,original,2,3,0,0.0
R2P2_alpha_1,20260521,50,original,3,0,0,0.0
R2P2_alpha_1,20260521,50,original,3,1,0,0.0
R2P2_alpha_1,20260521,50,original,3,2,0,0.0
R2P2_alpha_1,20260521,50,original,3,3,320,1.0
R2P2_alpha_1,20260521,1600,original,0,0,320,1.0
R2P2_alpha_1,20260521,1600,original,0,1,0,0.0
R2P2_alpha_1,20260521,1600,original,0,2,0,0.0
R2P2_alpha_1,20260521,1600,original,0,3,0,0.0
R2P2_alpha_1,20260521,1600,original,1,0,0,0.0
R2P2_alpha_1,20260521,1600,original,1,1,32,0.1
R2P2_alpha_1,20260521,1600,original,1,2,288,0.9
R2P2_alpha_1,20260521,1600,original,1,3,0,0.0
R2P2_alpha_1,20260521,1600,original,2,0,0,0.0
R2P2_alpha_1,20260521,1600,original,2,1,0,0.0
R2P2_alpha_1,20260521,1600,original,2,2,320,1.0
R2P2_alpha_1,20260521,1600,original,2,3,0,0.0
R2P2_alpha_1,20260521,1600,original,3,0,0,0.0
R2P2_alpha_1,20260521,1600,original,3,1,0,0.0
R2P2_alpha_1,20260521,1600,original,3,2,0,0.0
R2P2_alpha_1,20260521,1600,original,3,3,320,1.0
R2P2_alpha_1,20260522,0,original,0,0,320,1.0
R2P2_alpha_1,20260522,0,original,0,1,0,0.0
R2P2_alpha_1,20260522,0,original,0,2,0,0.0
R2P2_alpha_1,20260522,0,original,0,3,0,0.0
R2P2_alpha_1,20260522,0,original,1,0,0,0.0
R2P2_alpha_1,20260522,0,original,1,1,320,1.0
R2P2_alpha_1,20260522,0,original,1,2,0,0.0
R2P2_alpha_1,20260522,0,original,1,3,0,0.0
R2P2_alpha_1,20260522,0,original,2,0,0,0.0
R2P2_alpha_1,20260522,0,original,2,1,0,0.0
R2P2_alpha_1,20260522,0,original,2,2,320,1.0
R2P2_alpha_1,20260522,0,original,2,3,0,0.0
R2P2_alpha_1,20260522,0,original,3,0,0,0.0
R2P2_alpha_1,20260522,0,original,3,1,0,0.0
R2P2_alpha_1,20260522,0,original,3,2,0,0.0
R2P2_alpha_1,20260522,0,original,3,3,320,1.0
R2P2_alpha_1,20260522,1,original,0,0,160,0.5
R2P2_alpha_1,20260522,1,original,0,1,160,0.5
R2P2_alpha_1,20260522,1,original,0,2,0,0.0
R2P2_alpha_1,20260522,1,original,0,3,0,0.0
R2P2_alpha_1,20260522,1,original,1,0,0,0.0
R2P2_alpha_1,20260522,1,original,1,1,320,1.0
R2P2_alpha_1,20260522,1,original,1,2,0,0.0
R2P2_alpha_1,20260522,1,original,1,3,0,0.0
R2P2_alpha_1,20260522,1,original,2,0,0,0.0
R2P2_alpha_1,20260522,1,original,2,1,32,0.1
R2P2_alpha_1,20260522,1,original,2,2,288,0.9
R2P2_alpha_1,20260522,1,original,2,3,0,0.0
R2P2_alpha_1,20260522,1,original,3,0,0,0.0
R2P2_alpha_1,20260522,1,original,3,1,128,0.4
R2P2_alpha_1,20260522,1,original,3,2,0,0.0
R2P2_alpha_1,20260522,1,original,3,3,192,0.6
R2P2_alpha_1,20260522,2,original,0,0,64,0.2
R2P2_alpha_1,20260522,2,original,0,1,256,0.8
R2P2_alpha_1,20260522,2,original,0,2,0,0.0
R2P2_alpha_1,20260522,2,original,0,3,0,0.0
R2P2_alpha_1,20260522,2,original,1,0,0,0.0
R2P2_alpha_1,20260522,2,original,1,1,320,1.0
R2P2_alpha_1,20260522,2,original,1,2,0,0.0
R2P2_alpha_1,20260522,2,original,1,3,0,0.0
R2P2_alpha_1,20260522,2,original,2,0,0,0.0
R2P2_alpha_1,20260522,2,original,2,1,128,0.4
R2P2_alpha_1,20260522,2,original,2,2,192,0.6
R2P2_alpha_1,20260522,2,original,2,3,0,0.0
R2P2_alpha_1,20260522,2,original,3,0,0,0.0
R2P2_alpha_1,20260522,2,original,3,1,192,0.6
R2P2_alpha_1,20260522,2,original,3,2,0,0.0
R2P2_alpha_1,20260522,2,original,3,3,128,0.4
R2P2_alpha_1,20260522,5,original,0,0,0,0.0
R2P2_alpha_1,20260522,5,original,0,1,320,1.0
R2P2_alpha_1,20260522,5,original,0,2,0,0.0
R2P2_alpha_1,20260522,5,original,0,3,0,0.0
R2P2_alpha_1,20260522,5,original,1,0,0,0.0
R2P2_alpha_1,20260522,5,original,1,1,320,1.0
R2P2_alpha_1,20260522,5,original,1,2,0,0.0
R2P2_alpha_1,20260522,5,original,1,3,0,0.0
R2P2_alpha_1,20260522,5,original,2,0,0,0.0
R2P2_alpha_1,20260522,5,original,2,1,0,0.0
R2P2_alpha_1,20260522,5,original,2,2,320,1.0
R2P2_alpha_1,20260522,5,original,2,3,0,0.0
R2P2_alpha_1,20260522,5,original,3,0,0,0.0
R2P2_alpha_1,20260522,5,original,3,1,0,0.0
R2P2_alpha_1,20260522,5,original,3,2,224,0.7
R2P2_alpha_1,20260522,5,original,3,3,96,0.3
R2P2_alpha_1,20260522,10,original,0,0,0,0.0
R2P2_alpha_1,20260522,10,original,0,1,320,1.0
R2P2_alpha_1,20260522,10,original,0,2,0,0.0
R2P2_alpha_1,20260522,10,original,0,3,0,0.0
R2P2_alpha_1,20260522,10,original,1,0,0,0.0
R2P2_alpha_1,20260522,10,original,1,1,320,1.0
R2P2_alpha_1,20260522,10,original,1,2,0,0.0
R2P2_alpha_1,20260522,10,original,1,3,0,0.0
R2P2_alpha_1,20260522,10,original,2,0,0,0.0
R2P2_alpha_1,20260522,10,original,2,1,0,0.0
R2P2_alpha_1,20260522,10,original,2,2,320,1.0
R2P2_alpha_1,20260522,10,original,2,3,0,0.0
R2P2_alpha_1,20260522,10,original,3,0,0,0.0
R2P2_alpha_1,20260522,10,original,3,1,0,0.0
R2P2_alpha_1,20260522,10,original,3,2,0,0.0
R2P2_alpha_1,20260522,10,original,3,3,320,1.0
R2P2_alpha_1,20260522,20,original,0,0,0,0.0
R2P2_alpha_1,20260522,20,original,0,1,320,1.0
R2P2_alpha_1,20260522,20,original,0,2,0,0.0
R2P2_alpha_1,20260522,20,original,0,3,0,0.0
R2P2_alpha_1,20260522,20,original,1,0,0,0.0
R2P2_alpha_1,20260522,20,original,1,1,320,1.0
R2P2_alpha_1,20260522,20,original,1,2,0,0.0
R2P2_alpha_1,20260522,20,original,1,3,0,0.0
R2P2_alpha_1,20260522,20,original,2,0,0,0.0
R2P2_alpha_1,20260522,20,original,2,1,0,0.0
R2P2_alpha_1,20260522,20,original,2,2,320,1.0
R2P2_alpha_1,20260522,20,original,2,3,0,0.0
R2P2_alpha_1,20260522,20,original,3,0,0,0.0
R2P2_alpha_1,20260522,20,original,3,1,0,0.0
R2P2_alpha_1,20260522,20,original,3,2,0,0.0
R2P2_alpha_1,20260522,20,original,3,3,320,1.0
R2P2_alpha_1,20260522,50,original,0,0,0,0.0
R2P2_alpha_1,20260522,50,original,0,1,320,1.0
R2P2_alpha_1,20260522,50,original,0,2,0,0.0
R2P2_alpha_1,20260522,50,original,0,3,0,0.0
R2P2_alpha_1,20260522,50,original,1,0,0,0.0
R2P2_alpha_1,20260522,50,original,1,1,320,1.0
R2P2_alpha_1,20260522,50,original,1,2,0,0.0
R2P2_alpha_1,20260522,50,original,1,3,0,0.0
R2P2_alpha_1,20260522,50,original,2,0,0,0.0
R2P2_alpha_1,20260522,50,original,2,1,0,0.0
R2P2_alpha_1,20260522,50,original,2,2,320,1.0
R2P2_alpha_1,20260522,50,original,2,3,0,0.0
R2P2_alpha_1,20260522,50,original,3,0,0,0.0
R2P2_alpha_1,20260522,50,original,3,1,0,0.0
R2P2_alpha_1,20260522,50,original,3,2,0,0.0
R2P2_alpha_1,20260522,50,original,3,3,320,1.0
R2P2_alpha_1,20260522,1600,original,0,0,0,0.0
R2P2_alpha_1,20260522,1600,original,0,1,320,1.0
R2P2_alpha_1,20260522,1600,original,0,2,0,0.0
R2P2_alpha_1,20260522,1600,original,0,3,0,0.0
R2P2_alpha_1,20260522,1600,original,1,0,0,0.0
R2P2_alpha_1,20260522,1600,original,1,1,320,1.0
R2P2_alpha_1,20260522,1600,original,1,2,0,0.0
R2P2_alpha_1,20260522,1600,original,1,3,0,0.0
R2P2_alpha_1,20260522,1600,original,2,0,0,0.0
R2P2_alpha_1,20260522,1600,original,2,1,0,0.0
R2P2_alpha_1,20260522,1600,original,2,2,320,1.0
R2P2_alpha_1,20260522,1600,original,2,3,0,0.0
R2P2_alpha_1,20260522,1600,original,3,0,0,0.0
R2P2_alpha_1,20260522,1600,original,3,1,0,0.0
R2P2_alpha_1,20260522,1600,original,3,2,0,0.0
R2P2_alpha_1,20260522,1600,original,3,3,320,1.0
R2P2_alpha_1,20260523,0,original,0,0,320,1.0
R2P2_alpha_1,20260523,0,original,0,1,0,0.0
R2P2_alpha_1,20260523,0,original,0,2,0,0.0
R2P2_alpha_1,20260523,0,original,0,3,0,0.0
R2P2_alpha_1,20260523,0,original,1,0,0,0.0
R2P2_alpha_1,20260523,0,original,1,1,320,1.0
R2P2_alpha_1,20260523,0,original,1,2,0,0.0
R2P2_alpha_1,20260523,0,original,1,3,0,0.0
R2P2_alpha_1,20260523,0,original,2,0,0,0.0
R2P2_alpha_1,20260523,0,original,2,1,0,0.0
R2P2_alpha_1,20260523,0,original,2,2,320,1.0
R2P2_alpha_1,20260523,0,original,2,3,0,0.0
R2P2_alpha_1,20260523,0,original,3,0,0,0.0
R2P2_alpha_1,20260523,0,original,3,1,0,0.0
R2P2_alpha_1,20260523,0,original,3,2,0,0.0
R2P2_alpha_1,20260523,0,original,3,3,320,1.0
R2P2_alpha_1,20260523,1,original,0,0,320,1.0
R2P2_alpha_1,20260523,1,original,0,1,0,0.0
R2P2_alpha_1,20260523,1,original,0,2,0,0.0
R2P2_alpha_1,20260523,1,original,0,3,0,0.0
R2P2_alpha_1,20260523,1,original,1,0,0,0.0
R2P2_alpha_1,20260523,1,original,1,1,320,1.0
R2P2_alpha_1,20260523,1,original,1,2,0,0.0
R2P2_alpha_1,20260523,1,original,1,3,0,0.0
R2P2_alpha_1,20260523,1,original,2,0,224,0.7
R2P2_alpha_1,20260523,1,original,2,1,0,0.0
R2P2_alpha_1,20260523,1,original,2,2,96,0.3
R2P2_alpha_1,20260523,1,original,2,3,0,0.0
R2P2_alpha_1,20260523,1,original,3,0,0,0.0
R2P2_alpha_1,20260523,1,original,3,1,0,0.0
R2P2_alpha_1,20260523,1,original,3,2,0,0.0
R2P2_alpha_1,20260523,1,original,3,3,320,1.0
R2P2_alpha_1,20260523,2,original,0,0,320,1.0
R2P2_alpha_1,20260523,2,original,0,1,0,0.0
R2P2_alpha_1,20260523,2,original,0,2,0,0.0
R2P2_alpha_1,20260523,2,original,0,3,0,0.0
R2P2_alpha_1,20260523,2,original,1,0,0,0.0
R2P2_alpha_1,20260523,2,original,1,1,192,0.6
R2P2_alpha_1,20260523,2,original,1,2,0,0.0
R2P2_alpha_1,20260523,2,original,1,3,128,0.4
R2P2_alpha_1,20260523,2,original,2,0,0,0.0
R2P2_alpha_1,20260523,2,original,2,1,0,0.0
R2P2_alpha_1,20260523,2,original,2,2,32,0.1
R2P2_alpha_1,20260523,2,original,2,3,288,0.9
R2P2_alpha_1,20260523,2,original,3,0,0,0.0
R2P2_alpha_1,20260523,2,original,3,1,0,0.0
R2P2_alpha_1,20260523,2,original,3,2,0,0.0
R2P2_alpha_1,20260523,2,original,3,3,320,1.0
R2P2_alpha_1,20260523,5,original,0,0,320,1.0
R2P2_alpha_1,20260523,5,original,0,1,0,0.0
R2P2_alpha_1,20260523,5,original,0,2,0,0.0
R2P2_alpha_1,20260523,5,original,0,3,0,0.0
R2P2_alpha_1,20260523,5,original,1,0,0,0.0
R2P2_alpha_1,20260523,5,original,1,1,96,0.3
R2P2_alpha_1,20260523,5,original,1,2,0,0.0
R2P2_alpha_1,20260523,5,original,1,3,224,0.7
R2P2_alpha_1,20260523,5,original,2,0,256,0.8
R2P2_alpha_1,20260523,5,original,2,1,0,0.0
R2P2_alpha_1,20260523,5,original,2,2,32,0.1
R2P2_alpha_1,20260523,5,original,2,3,32,0.1
R2P2_alpha_1,20260523,5,original,3,0,0,0.0
R2P2_alpha_1,20260523,5,original,3,1,0,0.0
R2P2_alpha_1,20260523,5,original,3,2,0,0.0
R2P2_alpha_1,20260523,5,original,3,3,320,1.0
R2P2_alpha_1,20260523,10,original,0,0,320,1.0
R2P2_alpha_1,20260523,10,original,0,1,0,0.0
R2P2_alpha_1,20260523,10,original,0,2,0,0.0
R2P2_alpha_1,20260523,10,original,0,3,0,0.0
R2P2_alpha_1,20260523,10,original,1,0,0,0.0
R2P2_alpha_1,20260523,10,original,1,1,320,1.0
R2P2_alpha_1,20260523,10,original,1,2,0,0.0
R2P2_alpha_1,20260523,10,original,1,3,0,0.0
R2P2_alpha_1,20260523,10,original,2,0,224,0.7
R2P2_alpha_1,20260523,10,original,2,1,0,0.0
R2P2_alpha_1,20260523,10,original,2,2,32,0.1
R2P2_alpha_1,20260523,10,original,2,3,64,0.2
R2P2_alpha_1,20260523,10,original,3,0,0,0.0
R2P2_alpha_1,20260523,10,original,3,1,0,0.0
R2P2_alpha_1,20260523,10,original,3,2,0,0.0
R2P2_alpha_1,20260523,10,original,3,3,320,1.0
R2P2_alpha_1,20260523,20,original,0,0,320,1.0
R2P2_alpha_1,20260523,20,original,0,1,0,0.0
R2P2_alpha_1,20260523,20,original,0,2,0,0.0
R2P2_alpha_1,20260523,20,original,0,3,0,0.0
R2P2_alpha_1,20260523,20,original,1,0,0,0.0
R2P2_alpha_1,20260523,20,original,1,1,320,1.0
R2P2_alpha_1,20260523,20,original,1,2,0,0.0
R2P2_alpha_1,20260523,20,original,1,3,0,0.0
R2P2_alpha_1,20260523,20,original,2,0,128,0.4
R2P2_alpha_1,20260523,20,original,2,1,0,0.0
R2P2_alpha_1,20260523,20,original,2,2,192,0.6
R2P2_alpha_1,20260523,20,original,2,3,0,0.0
R2P2_alpha_1,20260523,20,original,3,0,0,0.0
R2P2_alpha_1,20260523,20,original,3,1,0,0.0
R2P2_alpha_1,20260523,20,original,3,2,0,0.0
R2P2_alpha_1,20260523,20,original,3,3,320,1.0
R2P2_alpha_1,20260523,50,original,0,0,320,1.0
R2P2_alpha_1,20260523,50,original,0,1,0,0.0
R2P2_alpha_1,20260523,50,original,0,2,0,0.0
R2P2_alpha_1,20260523,50,original,0,3,0,0.0
R2P2_alpha_1,20260523,50,original,1,0,0,0.0
R2P2_alpha_1,20260523,50,original,1,1,320,1.0
R2P2_alpha_1,20260523,50,original,1,2,0,0.0
R2P2_alpha_1,20260523,50,original,1,3,0,0.0
R2P2_alpha_1,20260523,50,original,2,0,0,0.0
R2P2_alpha_1,20260523,50,original,2,1,0,0.0
R2P2_alpha_1,20260523,50,original,2,2,320,1.0
R2P2_alpha_1,20260523,50,original,2,3,0,0.0
R2P2_alpha_1,20260523,50,original,3,0,0,0.0
R2P2_alpha_1,20260523,50,original,3,1,0,0.0
R2P2_alpha_1,20260523,50,original,3,2,0,0.0
R2P2_alpha_1,20260523,50,original,3,3,320,1.0
R2P2_alpha_1,20260523,1600,original,0,0,320,1.0
R2P2_alpha_1,20260523,1600,original,0,1,0,0.0
R2P2_alpha_1,20260523,1600,original,0,2,0,0.0
R2P2_alpha_1,20260523,1600,original,0,3,0,0.0
R2P2_alpha_1,20260523,1600,original,1,0,0,0.0
R2P2_alpha_1,20260523,1600,original,1,1,320,1.0
R2P2_alpha_1,20260523,1600,original,1,2,0,0.0
R2P2_alpha_1,20260523,1600,original,1,3,0,0.0
R2P2_alpha_1,20260523,1600,original,2,0,0,0.0
R2P2_alpha_1,20260523,1600,original,2,1,0,0.0
R2P2_alpha_1,20260523,1600,original,2,2,320,1.0
R2P2_alpha_1,20260523,1600,original,2,3,0,0.0
R2P2_alpha_1,20260523,1600,original,3,0,0,0.0
R2P2_alpha_1,20260523,1600,original,3,1,0,0.0
R2P2_alpha_1,20260523,1600,original,3,2,0,0.0
R2P2_alpha_1,20260523,1600,original,3,3,320,1.0
R2P2_alpha_1,20260524,0,original,0,0,320,1.0
R2P2_alpha_1,20260524,0,original,0,1,0,0.0
R2P2_alpha_1,20260524,0,original,0,2,0,0.0
R2P2_alpha_1,20260524,0,original,0,3,0,0.0
R2P2_alpha_1,20260524,0,original,1,0,0,0.0
R2P2_alpha_1,20260524,0,original,1,1,320,1.0
R2P2_alpha_1,20260524,0,original,1,2,0,0.0
R2P2_alpha_1,20260524,0,original,1,3,0,0.0
R2P2_alpha_1,20260524,0,original,2,0,0,0.0
R2P2_alpha_1,20260524,0,original,2,1,0,0.0
R2P2_alpha_1,20260524,0,original,2,2,320,1.0
R2P2_alpha_1,20260524,0,original,2,3,0,0.0
R2P2_alpha_1,20260524,0,original,3,0,0,0.0
R2P2_alpha_1,20260524,0,original,3,1,0,0.0
R2P2_alpha_1,20260524,0,original,3,2,0,0.0
R2P2_alpha_1,20260524,0,original,3,3,320,1.0
R2P2_alpha_1,20260524,1,original,0,0,320,1.0
R2P2_alpha_1,20260524,1,original,0,1,0,0.0
R2P2_alpha_1,20260524,1,original,0,2,0,0.0
R2P2_alpha_1,20260524,1,original,0,3,0,0.0
R2P2_alpha_1,20260524,1,original,1,0,0,0.0
R2P2_alpha_1,20260524,1,original,1,1,320,1.0
R2P2_alpha_1,20260524,1,original,1,2,0,0.0
R2P2_alpha_1,20260524,1,original,1,3,0,0.0
R2P2_alpha_1,20260524,1,original,2,0,0,0.0
R2P2_alpha_1,20260524,1,original,2,1,0,0.0
R2P2_alpha_1,20260524,1,original,2,2,320,1.0
R2P2_alpha_1,20260524,1,original,2,3,0,0.0
R2P2_alpha_1,20260524,1,original,3,0,256,0.8
R2P2_alpha_1,20260524,1,original,3,1,0,0.0
R2P2_alpha_1,20260524,1,original,3,2,32,0.1
R2P2_alpha_1,20260524,1,original,3,3,32,0.1
R2P2_alpha_1,20260524,2,original,0,0,320,1.0
R2P2_alpha_1,20260524,2,original,0,1,0,0.0
R2P2_alpha_1,20260524,2,original,0,2,0,0.0
R2P2_alpha_1,20260524,2,original,0,3,0,0.0
R2P2_alpha_1,20260524,2,original,1,0,0,0.0
R2P2_alpha_1,20260524,2,original,1,1,320,1.0
R2P2_alpha_1,20260524,2,original,1,2,0,0.0
R2P2_alpha_1,20260524,2,original,1,3,0,0.0
R2P2_alpha_1,20260524,2,original,2,0,0,0.0
R2P2_alpha_1,20260524,2,original,2,1,0,0.0
R2P2_alpha_1,20260524,2,original,2,2,320,1.0
R2P2_alpha_1,20260524,2,original,2,3,0,0.0
R2P2_alpha_1,20260524,2,original,3,0,128,0.4
R2P2_alpha_1,20260524,2,original,3,1,0,0.0
R2P2_alpha_1,20260524,2,original,3,2,192,0.6
R2P2_alpha_1,20260524,2,original,3,3,0,0.0
R2P2_alpha_1,20260524,5,original,0,0,320,1.0
R2P2_alpha_1,20260524,5,original,0,1,0,0.0
R2P2_alpha_1,20260524,5,original,0,2,0,0.0
R2P2_alpha_1,20260524,5,original,0,3,0,0.0
R2P2_alpha_1,20260524,5,original,1,0,0,0.0
R2P2_alpha_1,20260524,5,original,1,1,320,1.0
R2P2_alpha_1,20260524,5,original,1,2,0,0.0
R2P2_alpha_1,20260524,5,original,1,3,0,0.0
R2P2_alpha_1,20260524,5,original,2,0,0,0.0
R2P2_alpha_1,20260524,5,original,2,1,0,0.0
R2P2_alpha_1,20260524,5,original,2,2,320,1.0
R2P2_alpha_1,20260524,5,original,2,3,0,0.0
R2P2_alpha_1,20260524,5,original,3,0,64,0.2
R2P2_alpha_1,20260524,5,original,3,1,0,0.0
R2P2_alpha_1,20260524,5,original,3,2,256,0.8
R2P2_alpha_1,20260524,5,original,3,3,0,0.0
R2P2_alpha_1,20260524,10,original,0,0,320,1.0
R2P2_alpha_1,20260524,10,original,0,1,0,0.0
R2P2_alpha_1,20260524,10,original,0,2,0,0.0
R2P2_alpha_1,20260524,10,original,0,3,0,0.0
R2P2_alpha_1,20260524,10,original,1,0,0,0.0
R2P2_alpha_1,20260524,10,original,1,1,320,1.0
R2P2_alpha_1,20260524,10,original,1,2,0,0.0
R2P2_alpha_1,20260524,10,original,1,3,0,0.0
R2P2_alpha_1,20260524,10,original,2,0,0,0.0
R2P2_alpha_1,20260524,10,original,2,1,0,0.0
R2P2_alpha_1,20260524,10,original,2,2,320,1.0
R2P2_alpha_1,20260524,10,original,2,3,0,0.0
R2P2_alpha_1,20260524,10,original,3,0,0,0.0
R2P2_alpha_1,20260524,10,original,3,1,0,0.0
R2P2_alpha_1,20260524,10,original,3,2,320,1.0
R2P2_alpha_1,20260524,10,original,3,3,0,0.0
R2P2_alpha_1,20260524,20,original,0,0,320,1.0
R2P2_alpha_1,20260524,20,original,0,1,0,0.0
R2P2_alpha_1,20260524,20,original,0,2,0,0.0
R2P2_alpha_1,20260524,20,original,0,3,0,0.0
R2P2_alpha_1,20260524,20,original,1,0,0,0.0
R2P2_alpha_1,20260524,20,original,1,1,320,1.0
R2P2_alpha_1,20260524,20,original,1,2,0,0.0
R2P2_alpha_1,20260524,20,original,1,3,0,0.0
R2P2_alpha_1,20260524,20,original,2,0,0,0.0
R2P2_alpha_1,20260524,20,original,2,1,0,0.0
R2P2_alpha_1,20260524,20,original,2,2,320,1.0
R2P2_alpha_1,20260524,20,original,2,3,0,0.0
R2P2_alpha_1,20260524,20,original,3,0,0,0.0
R2P2_alpha_1,20260524,20,original,3,1,0,0.0
R2P2_alpha_1,20260524,20,original,3,2,320,1.0
R2P2_alpha_1,20260524,20,original,3,3,0,0.0
R2P2_alpha_1,20260524,50,original,0,0,320,1.0
R2P2_alpha_1,20260524,50,original,0,1,0,0.0
R2P2_alpha_1,20260524,50,original,0,2,0,0.0
R2P2_alpha_1,20260524,50,original,0,3,0,0.0
R2P2_alpha_1,20260524,50,original,1,0,0,0.0
R2P2_alpha_1,20260524,50,original,1,1,320,1.0
R2P2_alpha_1,20260524,50,original,1,2,0,0.0
R2P2_alpha_1,20260524,50,original,1,3,0,0.0
R2P2_alpha_1,20260524,50,original,2,0,0,0.0
R2P2_alpha_1,20260524,50,original,2,1,0,0.0
R2P2_alpha_1,20260524,50,original,2,2,320,1.0
R2P2_alpha_1,20260524,50,original,2,3,0,0.0
R2P2_alpha_1,20260524,50,original,3,0,0,0.0
R2P2_alpha_1,20260524,50,original,3,1,0,0.0
R2P2_alpha_1,20260524,50,original,3,2,320,1.0
R2P2_alpha_1,20260524,50,original,3,3,0,0.0
R2P2_alpha_1,20260524,1600,original,0,0,320,1.0
R2P2_alpha_1,20260524,1600,original,0,1,0,0.0
R2P2_alpha_1,20260524,1600,original,0,2,0,0.0
R2P2_alpha_1,20260524,1600,original,0,3,0,0.0
R2P2_alpha_1,20260524,1600,original,1,0,0,0.0
R2P2_alpha_1,20260524,1600,original,1,1,320,1.0
R2P2_alpha_1,20260524,1600,original,1,2,0,0.0
R2P2_alpha_1,20260524,1600,original,1,3,0,0.0
R2P2_alpha_1,20260524,1600,original,2,0,0,0.0
R2P2_alpha_1,20260524,1600,original,2,1,0,0.0
R2P2_alpha_1,20260524,1600,original,2,2,320,1.0
R2P2_alpha_1,20260524,1600,original,2,3,0,0.0
R2P2_alpha_1,20260524,1600,original,3,0,0,0.0
R2P2_alpha_1,20260524,1600,original,3,1,0,0.0
R2P2_alpha_1,20260524,1600,original,3,2,320,1.0
R2P2_alpha_1,20260524,1600,original,3,3,0,0.0
R2P2_alpha_1,20260525,0,original,0,0,320,1.0
R2P2_alpha_1,20260525,0,original,0,1,0,0.0
R2P2_alpha_1,20260525,0,original,0,2,0,0.0
R2P2_alpha_1,20260525,0,original,0,3,0,0.0
R2P2_alpha_1,20260525,0,original,1,0,0,0.0
R2P2_alpha_1,20260525,0,original,1,1,320,1.0
R2P2_alpha_1,20260525,0,original,1,2,0,0.0
R2P2_alpha_1,20260525,0,original,1,3,0,0.0
R2P2_alpha_1,20260525,0,original,2,0,0,0.0
R2P2_alpha_1,20260525,0,original,2,1,0,0.0
R2P2_alpha_1,20260525,0,original,2,2,320,1.0
R2P2_alpha_1,20260525,0,original,2,3,0,0.0
R2P2_alpha_1,20260525,0,original,3,0,0,0.0
R2P2_alpha_1,20260525,0,original,3,1,0,0.0
R2P2_alpha_1,20260525,0,original,3,2,0,0.0
R2P2_alpha_1,20260525,0,original,3,3,320,1.0
R2P2_alpha_1,20260525,1,original,0,0,96,0.3
R2P2_alpha_1,20260525,1,original,0,1,0,0.0
R2P2_alpha_1,20260525,1,original,0,2,224,0.7
R2P2_alpha_1,20260525,1,original,0,3,0,0.0
R2P2_alpha_1,20260525,1,original,1,0,0,0.0
R2P2_alpha_1,20260525,1,original,1,1,320,1.0
R2P2_alpha_1,20260525,1,original,1,2,0,0.0
R2P2_alpha_1,20260525,1,original,1,3,0,0.0
R2P2_alpha_1,20260525,1,original,2,0,0,0.0
R2P2_alpha_1,20260525,1,original,2,1,0,0.0
R2P2_alpha_1,20260525,1,original,2,2,320,1.0
R2P2_alpha_1,20260525,1,original,2,3,0,0.0
R2P2_alpha_1,20260525,1,original,3,0,0,0.0
R2P2_alpha_1,20260525,1,original,3,1,0,0.0
R2P2_alpha_1,20260525,1,original,3,2,0,0.0
R2P2_alpha_1,20260525,1,original,3,3,320,1.0
R2P2_alpha_1,20260525,2,original,0,0,32,0.1
R2P2_alpha_1,20260525,2,original,0,1,0,0.0
R2P2_alpha_1,20260525,2,original,0,2,288,0.9
R2P2_alpha_1,20260525,2,original,0,3,0,0.0
R2P2_alpha_1,20260525,2,original,1,0,0,0.0
R2P2_alpha_1,20260525,2,original,1,1,320,1.0
R2P2_alpha_1,20260525,2,original,1,2,0,0.0
R2P2_alpha_1,20260525,2,original,1,3,0,0.0
R2P2_alpha_1,20260525,2,original,2,0,0,0.0
R2P2_alpha_1,20260525,2,original,2,1,0,0.0
R2P2_alpha_1,20260525,2,original,2,2,320,1.0
R2P2_alpha_1,20260525,2,original,2,3,0,0.0
R2P2_alpha_1,20260525,2,original,3,0,0,0.0
R2P2_alpha_1,20260525,2,original,3,1,0,0.0
R2P2_alpha_1,20260525,2,original,3,2,96,0.3
R2P2_alpha_1,20260525,2,original,3,3,224,0.7
R2P2_alpha_1,20260525,5,original,0,0,32,0.1
R2P2_alpha_1,20260525,5,original,0,1,0,0.0
R2P2_alpha_1,20260525,5,original,0,2,288,0.9
R2P2_alpha_1,20260525,5,original,0,3,0,0.0
R2P2_alpha_1,20260525,5,original,1,0,0,0.0
R2P2_alpha_1,20260525,5,original,1,1,96,0.3
R2P2_alpha_1,20260525,5,original,1,2,224,0.7
R2P2_alpha_1,20260525,5,original,1,3,0,0.0
R2P2_alpha_1,20260525,5,original,2,0,0,0.0
R2P2_alpha_1,20260525,5,original,2,1,0,0.0
R2P2_alpha_1,20260525,5,original,2,2,320,1.0
R2P2_alpha_1,20260525,5,original,2,3,0,0.0
R2P2_alpha_1,20260525,5,original,3,0,0,0.0
R2P2_alpha_1,20260525,5,original,3,1,0,0.0
R2P2_alpha_1,20260525,5,original,3,2,224,0.7
R2P2_alpha_1,20260525,5,original,3,3,96,0.3
R2P2_alpha_1,20260525,10,original,0,0,32,0.1
R2P2_alpha_1,20260525,10,original,0,1,0,0.0
R2P2_alpha_1,20260525,10,original,0,2,288,0.9
R2P2_alpha_1,20260525,10,original,0,3,0,0.0
R2P2_alpha_1,20260525,10,original,1,0,0,0.0
R2P2_alpha_1,20260525,10,original,1,1,320,1.0
R2P2_alpha_1,20260525,10,original,1,2,0,0.0
R2P2_alpha_1,20260525,10,original,1,3,0,0.0
R2P2_alpha_1,20260525,10,original,2,0,0,0.0
R2P2_alpha_1,20260525,10,original,2,1,0,0.0
R2P2_alpha_1,20260525,10,original,2,2,320,1.0
R2P2_alpha_1,20260525,10,original,2,3,0,0.0
R2P2_alpha_1,20260525,10,original,3,0,0,0.0
R2P2_alpha_1,20260525,10,original,3,1,0,0.0
R2P2_alpha_1,20260525,10,original,3,2,0,0.0
R2P2_alpha_1,20260525,10,original,3,3,320,1.0
R2P2_alpha_1,20260525,20,original,0,0,0,0.0
R2P2_alpha_1,20260525,20,original,0,1,0,0.0
R2P2_alpha_1,20260525,20,original,0,2,320,1.0
R2P2_alpha_1,20260525,20,original,0,3,0,0.0
R2P2_alpha_1,20260525,20,original,1,0,0,0.0
R2P2_alpha_1,20260525,20,original,1,1,320,1.0
R2P2_alpha_1,20260525,20,original,1,2,0,0.0
R2P2_alpha_1,20260525,20,original,1,3,0,0.0
R2P2_alpha_1,20260525,20,original,2,0,0,0.0
R2P2_alpha_1,20260525,20,original,2,1,0,0.0
R2P2_alpha_1,20260525,20,original,2,2,320,1.0
R2P2_alpha_1,20260525,20,original,2,3,0,0.0
R2P2_alpha_1,20260525,20,original,3,0,0,0.0
R2P2_alpha_1,20260525,20,original,3,1,0,0.0
R2P2_alpha_1,20260525,20,original,3,2,0,0.0
R2P2_alpha_1,20260525,20,original,3,3,320,1.0
R2P2_alpha_1,20260525,50,original,0,0,0,0.0
R2P2_alpha_1,20260525,50,original,0,1,0,0.0
R2P2_alpha_1,20260525,50,original,0,2,320,1.0
R2P2_alpha_1,20260525,50,original,0,3,0,0.0
R2P2_alpha_1,20260525,50,original,1,0,0,0.0
R2P2_alpha_1,20260525,50,original,1,1,320,1.0
R2P2_alpha_1,20260525,50,original,1,2,0,0.0
R2P2_alpha_1,20260525,50,original,1,3,0,0.0
R2P2_alpha_1,20260525,50,original,2,0,0,0.0
R2P2_alpha_1,20260525,50,original,2,1,0,0.0
R2P2_alpha_1,20260525,50,original,2,2,320,1.0
R2P2_alpha_1,20260525,50,original,2,3,0,0.0
R2P2_alpha_1,20260525,50,original,3,0,0,0.0
R2P2_alpha_1,20260525,50,original,3,1,0,0.0
R2P2_alpha_1,20260525,50,original,3,2,0,0.0
R2P2_alpha_1,20260525,50,original,3,3,320,1.0
R2P2_alpha_1,20260525,1600,original,0,0,0,0.0
R2P2_alpha_1,20260525,1600,original,0,1,0,0.0
R2P2_alpha_1,20260525,1600,original,0,2,320,1.0
R2P2_alpha_1,20260525,1600,original,0,3,0,0.0
R2P2_alpha_1,20260525,1600,original,1,0,0,0.0
R2P2_alpha_1,20260525,1600,original,1,1,320,1.0
R2P2_alpha_1,20260525,1600,original,1,2,0,0.0
R2P2_alpha_1,20260525,1600,original,1,3,0,0.0
R2P2_alpha_1,20260525,1600,original,2,0,0,0.0
R2P2_alpha_1,20260525,1600,original,2,1,0,0.0
R2P2_alpha_1,20260525,1600,original,2,2,320,1.0
R2P2_alpha_1,20260525,1600,original,2,3,0,0.0
R2P2_alpha_1,20260525,1600,original,3,0,0,0.0
R2P2_alpha_1,20260525,1600,original,3,1,0,0.0
R2P2_alpha_1,20260525,1600,original,3,2,0,0.0
R2P2_alpha_1,20260525,1600,original,3,3,320,1.0
R2P2_alpha_1,20260526,0,original,0,0,320,1.0
R2P2_alpha_1,20260526,0,original,0,1,0,0.0
R2P2_alpha_1,20260526,0,original,0,2,0,0.0
R2P2_alpha_1,20260526,0,original,0,3,0,0.0
R2P2_alpha_1,20260526,0,original,1,0,0,0.0
R2P2_alpha_1,20260526,0,original,1,1,320,1.0
R2P2_alpha_1,20260526,0,original,1,2,0,0.0
R2P2_alpha_1,20260526,0,original,1,3,0,0.0
R2P2_alpha_1,20260526,0,original,2,0,0,0.0
R2P2_alpha_1,20260526,0,original,2,1,0,0.0
R2P2_alpha_1,20260526,0,original,2,2,320,1.0
R2P2_alpha_1,20260526,0,original,2,3,0,0.0
R2P2_alpha_1,20260526,0,original,3,0,0,0.0
R2P2_alpha_1,20260526,0,original,3,1,0,0.0
R2P2_alpha_1,20260526,0,original,3,2,0,0.0
R2P2_alpha_1,20260526,0,original,3,3,320,1.0
R2P2_alpha_1,20260526,1,original,0,0,320,1.0
R2P2_alpha_1,20260526,1,original,0,1,0,0.0
R2P2_alpha_1,20260526,1,original,0,2,0,0.0
R2P2_alpha_1,20260526,1,original,0,3,0,0.0
R2P2_alpha_1,20260526,1,original,1,0,0,0.0
R2P2_alpha_1,20260526,1,original,1,1,320,1.0
R2P2_alpha_1,20260526,1,original,1,2,0,0.0
R2P2_alpha_1,20260526,1,original,1,3,0,0.0
R2P2_alpha_1,20260526,1,original,2,0,0,0.0
R2P2_alpha_1,20260526,1,original,2,1,0,0.0
R2P2_alpha_1,20260526,1,original,2,2,320,1.0
R2P2_alpha_1,20260526,1,original,2,3,0,0.0
R2P2_alpha_1,20260526,1,original,3,0,0,0.0
R2P2_alpha_1,20260526,1,original,3,1,0,0.0
R2P2_alpha_1,20260526,1,original,3,2,0,0.0
R2P2_alpha_1,20260526,1,original,3,3,320,1.0
R2P2_alpha_1,20260526,2,original,0,0,320,1.0
R2P2_alpha_1,20260526,2,original,0,1,0,0.0
R2P2_alpha_1,20260526,2,original,0,2,0,0.0
R2P2_alpha_1,20260526,2,original,0,3,0,0.0
R2P2_alpha_1,20260526,2,original,1,0,288,0.9
R2P2_alpha_1,20260526,2,original,1,1,32,0.1
R2P2_alpha_1,20260526,2,original,1,2,0,0.0
R2P2_alpha_1,20260526,2,original,1,3,0,0.0
R2P2_alpha_1,20260526,2,original,2,0,0,0.0
R2P2_alpha_1,20260526,2,original,2,1,0,0.0
R2P2_alpha_1,20260526,2,original,2,2,320,1.0
R2P2_alpha_1,20260526,2,original,2,3,0,0.0
R2P2_alpha_1,20260526,2,original,3,0,0,0.0
R2P2_alpha_1,20260526,2,original,3,1,0,0.0
R2P2_alpha_1,20260526,2,original,3,2,0,0.0
R2P2_alpha_1,20260526,2,original,3,3,320,1.0
R2P2_alpha_1,20260526,5,original,0,0,320,1.0
R2P2_alpha_1,20260526,5,original,0,1,0,0.0
R2P2_alpha_1,20260526,5,original,0,2,0,0.0
R2P2_alpha_1,20260526,5,original,0,3,0,0.0
R2P2_alpha_1,20260526,5,original,1,0,32,0.1
R2P2_alpha_1,20260526,5,original,1,1,32,0.1
R2P2_alpha_1,20260526,5,original,1,2,256,0.8
R2P2_alpha_1,20260526,5,original,1,3,0,0.0
R2P2_alpha_1,20260526,5,original,2,0,0,0.0
R2P2_alpha_1,20260526,5,original,2,1,0,0.0
R2P2_alpha_1,20260526,5,original,2,2,320,1.0
R2P2_alpha_1,20260526,5,original,2,3,0,0.0
R2P2_alpha_1,20260526,5,original,3,0,0,0.0
R2P2_alpha_1,20260526,5,original,3,1,0,0.0
R2P2_alpha_1,20260526,5,original,3,2,0,0.0
R2P2_alpha_1,20260526,5,original,3,3,320,1.0
R2P2_alpha_1,20260526,10,original,0,0,320,1.0
R2P2_alpha_1,20260526,10,original,0,1,0,0.0
R2P2_alpha_1,20260526,10,original,0,2,0,0.0
R2P2_alpha_1,20260526,10,original,0,3,0,0.0
R2P2_alpha_1,20260526,10,original,1,0,0,0.0
R2P2_alpha_1,20260526,10,original,1,1,64,0.2
R2P2_alpha_1,20260526,10,original,1,2,0,0.0
R2P2_alpha_1,20260526,10,original,1,3,256,0.8
R2P2_alpha_1,20260526,10,original,2,0,0,0.0
R2P2_alpha_1,20260526,10,original,2,1,0,0.0
R2P2_alpha_1,20260526,10,original,2,2,320,1.0
R2P2_alpha_1,20260526,10,original,2,3,0,0.0
R2P2_alpha_1,20260526,10,original,3,0,0,0.0
R2P2_alpha_1,20260526,10,original,3,1,0,0.0
R2P2_alpha_1,20260526,10,original,3,2,0,0.0
R2P2_alpha_1,20260526,10,original,3,3,320,1.0
R2P2_alpha_1,20260526,20,original,0,0,320,1.0
R2P2_alpha_1,20260526,20,original,0,1,0,0.0
R2P2_alpha_1,20260526,20,original,0,2,0,0.0
R2P2_alpha_1,20260526,20,original,0,3,0,0.0
R2P2_alpha_1,20260526,20,original,1,0,0,0.0
R2P2_alpha_1,20260526,20,original,1,1,320,1.0
R2P2_alpha_1,20260526,20,original,1,2,0,0.0
R2P2_alpha_1,20260526,20,original,1,3,0,0.0
R2P2_alpha_1,20260526,20,original,2,0,0,0.0
R2P2_alpha_1,20260526,20,original,2,1,0,0.0
R2P2_alpha_1,20260526,20,original,2,2,320,1.0
R2P2_alpha_1,20260526,20,original,2,3,0,0.0
R2P2_alpha_1,20260526,20,original,3,0,0,0.0
R2P2_alpha_1,20260526,20,original,3,1,0,0.0
R2P2_alpha_1,20260526,20,original,3,2,0,0.0
R2P2_alpha_1,20260526,20,original,3,3,320,1.0
R2P2_alpha_1,20260526,50,original,0,0,320,1.0
R2P2_alpha_1,20260526,50,original,0,1,0,0.0
R2P2_alpha_1,20260526,50,original,0,2,0,0.0
R2P2_alpha_1,20260526,50,original,0,3,0,0.0
R2P2_alpha_1,20260526,50,original,1,0,0,0.0
R2P2_alpha_1,20260526,50,original,1,1,320,1.0
R2P2_alpha_1,20260526,50,original,1,2,0,0.0
R2P2_alpha_1,20260526,50,original,1,3,0,0.0
R2P2_alpha_1,20260526,50,original,2,0,0,0.0
R2P2_alpha_1,20260526,50,original,2,1,0,0.0
R2P2_alpha_1,20260526,50,original,2,2,320,1.0
R2P2_alpha_1,20260526,50,original,2,3,0,0.0
R2P2_alpha_1,20260526,50,original,3,0,0,0.0
R2P2_alpha_1,20260526,50,original,3,1,0,0.0
R2P2_alpha_1,20260526,50,original,3,2,0,0.0
R2P2_alpha_1,20260526,50,original,3,3,320,1.0
R2P2_alpha_1,20260526,1600,original,0,0,320,1.0
R2P2_alpha_1,20260526,1600,original,0,1,0,0.0
R2P2_alpha_1,20260526,1600,original,0,2,0,0.0
R2P2_alpha_1,20260526,1600,original,0,3,0,0.0
R2P2_alpha_1,20260526,1600,original,1,0,0,0.0
R2P2_alpha_1,20260526,1600,original,1,1,320,1.0
R2P2_alpha_1,20260526,1600,original,1,2,0,0.0
R2P2_alpha_1,20260526,1600,original,1,3,0,0.0
R2P2_alpha_1,20260526,1600,original,2,0,0,0.0
R2P2_alpha_1,20260526,1600,original,2,1,0,0.0
R2P2_alpha_1,20260526,1600,original,2,2,320,1.0
R2P2_alpha_1,20260526,1600,original,2,3,0,0.0
R2P2_alpha_1,20260526,1600,original,3,0,0,0.0
R2P2_alpha_1,20260526,1600,original,3,1,0,0.0
R2P2_alpha_1,20260526,1600,original,3,2,0,0.0
R2P2_alpha_1,20260526,1600,original,3,3,320,1.0
R2P2_alpha_1,20260527,0,original,0,0,320,1.0
R2P2_alpha_1,20260527,0,original,0,1,0,0.0
R2P2_alpha_1,20260527,0,original,0,2,0,0.0
R2P2_alpha_1,20260527,0,original,0,3,0,0.0
R2P2_alpha_1,20260527,0,original,1,0,0,0.0
R2P2_alpha_1,20260527,0,original,1,1,320,1.0
R2P2_alpha_1,20260527,0,original,1,2,0,0.0
R2P2_alpha_1,20260527,0,original,1,3,0,0.0
R2P2_alpha_1,20260527,0,original,2,0,0,0.0
R2P2_alpha_1,20260527,0,original,2,1,0,0.0
R2P2_alpha_1,20260527,0,original,2,2,320,1.0
R2P2_alpha_1,20260527,0,original,2,3,0,0.0
R2P2_alpha_1,20260527,0,original,3,0,0,0.0
R2P2_alpha_1,20260527,0,original,3,1,0,0.0
R2P2_alpha_1,20260527,0,original,3,2,0,0.0
R2P2_alpha_1,20260527,0,original,3,3,320,1.0
R2P2_alpha_1,20260527,1,original,0,0,320,1.0
R2P2_alpha_1,20260527,1,original,0,1,0,0.0
R2P2_alpha_1,20260527,1,original,0,2,0,0.0
R2P2_alpha_1,20260527,1,original,0,3,0,0.0
R2P2_alpha_1,20260527,1,original,1,0,0,0.0
R2P2_alpha_1,20260527,1,original,1,1,320,1.0
R2P2_alpha_1,20260527,1,original,1,2,0,0.0
R2P2_alpha_1,20260527,1,original,1,3,0,0.0
R2P2_alpha_1,20260527,1,original,2,0,160,0.5
R2P2_alpha_1,20260527,1,original,2,1,0,0.0
R2P2_alpha_1,20260527,1,original,2,2,160,0.5
R2P2_alpha_1,20260527,1,original,2,3,0,0.0
R2P2_alpha_1,20260527,1,original,3,0,0,0.0
R2P2_alpha_1,20260527,1,original,3,1,0,0.0
R2P2_alpha_1,20260527,1,original,3,2,0,0.0
R2P2_alpha_1,20260527,1,original,3,3,320,1.0
R2P2_alpha_1,20260527,2,original,0,0,320,1.0
R2P2_alpha_1,20260527,2,original,0,1,0,0.0
R2P2_alpha_1,20260527,2,original,0,2,0,0.0
R2P2_alpha_1,20260527,2,original,0,3,0,0.0
R2P2_alpha_1,20260527,2,original,1,0,0,0.0
R2P2_alpha_1,20260527,2,original,1,1,320,1.0
R2P2_alpha_1,20260527,2,original,1,2,0,0.0
R2P2_alpha_1,20260527,2,original,1,3,0,0.0
R2P2_alpha_1,20260527,2,original,2,0,288,0.9
R2P2_alpha_1,20260527,2,original,2,1,0,0.0
R2P2_alpha_1,20260527,2,original,2,2,32,0.1
R2P2_alpha_1,20260527,2,original,2,3,0,0.0
R2P2_alpha_1,20260527,2,original,3,0,0,0.0
R2P2_alpha_1,20260527,2,original,3,1,0,0.0
R2P2_alpha_1,20260527,2,original,3,2,0,0.0
R2P2_alpha_1,20260527,2,original,3,3,320,1.0
R2P2_alpha_1,20260527,5,original,0,0,320,1.0
R2P2_alpha_1,20260527,5,original,0,1,0,0.0
R2P2_alpha_1,20260527,5,original,0,2,0,0.0
R2P2_alpha_1,20260527,5,original,0,3,0,0.0
R2P2_alpha_1,20260527,5,original,1,0,0,0.0
R2P2_alpha_1,20260527,5,original,1,1,320,1.0
R2P2_alpha_1,20260527,5,original,1,2,0,0.0
R2P2_alpha_1,20260527,5,original,1,3,0,0.0
R2P2_alpha_1,20260527,5,original,2,0,288,0.9
R2P2_alpha_1,20260527,5,original,2,1,0,0.0
R2P2_alpha_1,20260527,5,original,2,2,32,0.1
R2P2_alpha_1,20260527,5,original,2,3,0,0.0
R2P2_alpha_1,20260527,5,original,3,0,0,0.0
R2P2_alpha_1,20260527,5,original,3,1,0,0.0
R2P2_alpha_1,20260527,5,original,3,2,0,0.0
R2P2_alpha_1,20260527,5,original,3,3,320,1.0
R2P2_alpha_1,20260527,10,original,0,0,320,1.0
R2P2_alpha_1,20260527,10,original,0,1,0,0.0
R2P2_alpha_1,20260527,10,original,0,2,0,0.0
R2P2_alpha_1,20260527,10,original,0,3,0,0.0
R2P2_alpha_1,20260527,10,original,1,0,0,0.0
R2P2_alpha_1,20260527,10,original,1,1,320,1.0
R2P2_alpha_1,20260527,10,original,1,2,0,0.0
R2P2_alpha_1,20260527,10,original,1,3,0,0.0
R2P2_alpha_1,20260527,10,original,2,0,128,0.4
R2P2_alpha_1,20260527,10,original,2,1,160,0.5
R2P2_alpha_1,20260527,10,original,2,2,32,0.1
R2P2_alpha_1,20260527,10,original,2,3,0,0.0
R2P2_alpha_1,20260527,10,original,3,0,0,0.0
R2P2_alpha_1,20260527,10,original,3,1,0,0.0
R2P2_alpha_1,20260527,10,original,3,2,0,0.0
R2P2_alpha_1,20260527,10,original,3,3,320,1.0
R2P2_alpha_1,20260527,20,original,0,0,320,1.0
R2P2_alpha_1,20260527,20,original,0,1,0,0.0
R2P2_alpha_1,20260527,20,original,0,2,0,0.0
R2P2_alpha_1,20260527,20,original,0,3,0,0.0
R2P2_alpha_1,20260527,20,original,1,0,0,0.0
R2P2_alpha_1,20260527,20,original,1,1,320,1.0
R2P2_alpha_1,20260527,20,original,1,2,0,0.0
R2P2_alpha_1,20260527,20,original,1,3,0,0.0
R2P2_alpha_1,20260527,20,original,2,0,0,0.0
R2P2_alpha_1,20260527,20,original,2,1,0,0.0
R2P2_alpha_1,20260527,20,original,2,2,320,1.0
R2P2_alpha_1,20260527,20,original,2,3,0,0.0
R2P2_alpha_1,20260527,20,original,3,0,0,0.0
R2P2_alpha_1,20260527,20,original,3,1,0,0.0
R2P2_alpha_1,20260527,20,original,3,2,0,0.0
R2P2_alpha_1,20260527,20,original,3,3,320,1.0
R2P2_alpha_1,20260527,50,original,0,0,320,1.0
R2P2_alpha_1,20260527,50,original,0,1,0,0.0
R2P2_alpha_1,20260527,50,original,0,2,0,0.0
R2P2_alpha_1,20260527,50,original,0,3,0,0.0
R2P2_alpha_1,20260527,50,original,1,0,0,0.0
R2P2_alpha_1,20260527,50,original,1,1,320,1.0
R2P2_alpha_1,20260527,50,original,1,2,0,0.0
R2P2_alpha_1,20260527,50,original,1,3,0,0.0
R2P2_alpha_1,20260527,50,original,2,0,0,0.0
R2P2_alpha_1,20260527,50,original,2,1,0,0.0
R2P2_alpha_1,20260527,50,original,2,2,320,1.0
R2P2_alpha_1,20260527,50,original,2,3,0,0.0
R2P2_alpha_1,20260527,50,original,3,0,0,0.0
R2P2_alpha_1,20260527,50,original,3,1,0,0.0
R2P2_alpha_1,20260527,50,original,3,2,0,0.0
R2P2_alpha_1,20260527,50,original,3,3,320,1.0
R2P2_alpha_1,20260527,1600,original,0,0,320,1.0
R2P2_alpha_1,20260527,1600,original,0,1,0,0.0
R2P2_alpha_1,20260527,1600,original,0,2,0,0.0
R2P2_alpha_1,20260527,1600,original,0,3,0,0.0
R2P2_alpha_1,20260527,1600,original,1,0,0,0.0
R2P2_alpha_1,20260527,1600,original,1,1,320,1.0
R2P2_alpha_1,20260527,1600,original,1,2,0,0.0
R2P2_alpha_1,20260527,1600,original,1,3,0,0.0
R2P2_alpha_1,20260527,1600,original,2,0,0,0.0
R2P2_alpha_1,20260527,1600,original,2,1,0,0.0
R2P2_alpha_1,20260527,1600,original,2,2,320,1.0
R2P2_alpha_1,20260527,1600,original,2,3,0,0.0
R2P2_alpha_1,20260527,1600,original,3,0,0,0.0
R2P2_alpha_1,20260527,1600,original,3,1,0,0.0
R2P2_alpha_1,20260527,1600,original,3,2,0,0.0
R2P2_alpha_1,20260527,1600,original,3,3,320,1.0
R2P2_alpha_1,20260528,0,original,0,0,320,1.0
R2P2_alpha_1,20260528,0,original,0,1,0,0.0
R2P2_alpha_1,20260528,0,original,0,2,0,0.0
R2P2_alpha_1,20260528,0,original,0,3,0,0.0
R2P2_alpha_1,20260528,0,original,1,0,0,0.0
R2P2_alpha_1,20260528,0,original,1,1,320,1.0
R2P2_alpha_1,20260528,0,original,1,2,0,0.0
R2P2_alpha_1,20260528,0,original,1,3,0,0.0
R2P2_alpha_1,20260528,0,original,2,0,0,0.0
R2P2_alpha_1,20260528,0,original,2,1,0,0.0
R2P2_alpha_1,20260528,0,original,2,2,320,1.0
R2P2_alpha_1,20260528,0,original,2,3,0,0.0
R2P2_alpha_1,20260528,0,original,3,0,0,0.0
R2P2_alpha_1,20260528,0,original,3,1,0,0.0
R2P2_alpha_1,20260528,0,original,3,2,0,0.0
R2P2_alpha_1,20260528,0,original,3,3,320,1.0
R2P2_alpha_1,20260528,1,original,0,0,288,0.9
R2P2_alpha_1,20260528,1,original,0,1,0,0.0
R2P2_alpha_1,20260528,1,original,0,2,0,0.0
R2P2_alpha_1,20260528,1,original,0,3,32,0.1
R2P2_alpha_1,20260528,1,original,1,0,0,0.0
R2P2_alpha_1,20260528,1,original,1,1,320,1.0
R2P2_alpha_1,20260528,1,original,1,2,0,0.0
R2P2_alpha_1,20260528,1,original,1,3,0,0.0
R2P2_alpha_1,20260528,1,original,2,0,0,0.0
R2P2_alpha_1,20260528,1,original,2,1,0,0.0
R2P2_alpha_1,20260528,1,original,2,2,320,1.0
R2P2_alpha_1,20260528,1,original,2,3,0,0.0
R2P2_alpha_1,20260528,1,original,3,0,0,0.0
R2P2_alpha_1,20260528,1,original,3,1,0,0.0
R2P2_alpha_1,20260528,1,original,3,2,0,0.0
R2P2_alpha_1,20260528,1,original,3,3,320,1.0
R2P2_alpha_1,20260528,2,original,0,0,96,0.3
R2P2_alpha_1,20260528,2,original,0,1,0,0.0
R2P2_alpha_1,20260528,2,original,0,2,0,0.0
R2P2_alpha_1,20260528,2,original,0,3,224,0.7
R2P2_alpha_1,20260528,2,original,1,0,0,0.0
R2P2_alpha_1,20260528,2,original,1,1,320,1.0
R2P2_alpha_1,20260528,2,original,1,2,0,0.0
R2P2_alpha_1,20260528,2,original,1,3,0,0.0
R2P2_alpha_1,20260528,2,original,2,0,0,0.0
R2P2_alpha_1,20260528,2,original,2,1,0,0.0
R2P2_alpha_1,20260528,2,original,2,2,320,1.0
R2P2_alpha_1,20260528,2,original,2,3,0,0.0
R2P2_alpha_1,20260528,2,original,3,0,0,0.0
R2P2_alpha_1,20260528,2,original,3,1,0,0.0
R2P2_alpha_1,20260528,2,original,3,2,0,0.0
R2P2_alpha_1,20260528,2,original,3,3,320,1.0
R2P2_alpha_1,20260528,5,original,0,0,64,0.2
R2P2_alpha_1,20260528,5,original,0,1,0,0.0
R2P2_alpha_1,20260528,5,original,0,2,0,0.0
R2P2_alpha_1,20260528,5,original,0,3,256,0.8
R2P2_alpha_1,20260528,5,original,1,0,0,0.0
R2P2_alpha_1,20260528,5,original,1,1,320,1.0
R2P2_alpha_1,20260528,5,original,1,2,0,0.0
R2P2_alpha_1,20260528,5,original,1,3,0,0.0
R2P2_alpha_1,20260528,5,original,2,0,0,0.0
R2P2_alpha_1,20260528,5,original,2,1,0,0.0
R2P2_alpha_1,20260528,5,original,2,2,320,1.0
R2P2_alpha_1,20260528,5,original,2,3,0,0.0
R2P2_alpha_1,20260528,5,original,3,0,0,0.0
R2P2_alpha_1,20260528,5,original,3,1,0,0.0
R2P2_alpha_1,20260528,5,original,3,2,0,0.0
R2P2_alpha_1,20260528,5,original,3,3,320,1.0
R2P2_alpha_1,20260528,10,original,0,0,320,1.0
R2P2_alpha_1,20260528,10,original,0,1,0,0.0
R2P2_alpha_1,20260528,10,original,0,2,0,0.0
R2P2_alpha_1,20260528,10,original,0,3,0,0.0
R2P2_alpha_1,20260528,10,original,1,0,0,0.0
R2P2_alpha_1,20260528,10,original,1,1,320,1.0
R2P2_alpha_1,20260528,10,original,1,2,0,0.0
R2P2_alpha_1,20260528,10,original,1,3,0,0.0
R2P2_alpha_1,20260528,10,original,2,0,0,0.0
R2P2_alpha_1,20260528,10,original,2,1,0,0.0
R2P2_alpha_1,20260528,10,original,2,2,320,1.0
R2P2_alpha_1,20260528,10,original,2,3,0,0.0
R2P2_alpha_1,20260528,10,original,3,0,0,0.0
R2P2_alpha_1,20260528,10,original,3,1,0,0.0
R2P2_alpha_1,20260528,10,original,3,2,0,0.0
R2P2_alpha_1,20260528,10,original,3,3,320,1.0
R2P2_alpha_1,20260528,20,original,0,0,320,1.0
R2P2_alpha_1,20260528,20,original,0,1,0,0.0
R2P2_alpha_1,20260528,20,original,0,2,0,0.0
R2P2_alpha_1,20260528,20,original,0,3,0,0.0
R2P2_alpha_1,20260528,20,original,1,0,0,0.0
R2P2_alpha_1,20260528,20,original,1,1,320,1.0
R2P2_alpha_1,20260528,20,original,1,2,0,0.0
R2P2_alpha_1,20260528,20,original,1,3,0,0.0
R2P2_alpha_1,20260528,20,original,2,0,0,0.0
R2P2_alpha_1,20260528,20,original,2,1,0,0.0
R2P2_alpha_1,20260528,20,original,2,2,320,1.0
R2P2_alpha_1,20260528,20,original,2,3,0,0.0
R2P2_alpha_1,20260528,20,original,3,0,0,0.0
R2P2_alpha_1,20260528,20,original,3,1,0,0.0
R2P2_alpha_1,20260528,20,original,3,2,0,0.0
R2P2_alpha_1,20260528,20,original,3,3,320,1.0
R2P2_alpha_1,20260528,50,original,0,0,320,1.0
R2P2_alpha_1,20260528,50,original,0,1,0,0.0
R2P2_alpha_1,20260528,50,original,0,2,0,0.0
R2P2_alpha_1,20260528,50,original,0,3,0,0.0
R2P2_alpha_1,20260528,50,original,1,0,0,0.0
R2P2_alpha_1,20260528,50,original,1,1,320,1.0
R2P2_alpha_1,20260528,50,original,1,2,0,0.0
R2P2_alpha_1,20260528,50,original,1,3,0,0.0
R2P2_alpha_1,20260528,50,original,2,0,0,0.0
R2P2_alpha_1,20260528,50,original,2,1,0,0.0
R2P2_alpha_1,20260528,50,original,2,2,320,1.0
R2P2_alpha_1,20260528,50,original,2,3,0,0.0
R2P2_alpha_1,20260528,50,original,3,0,0,0.0
R2P2_alpha_1,20260528,50,original,3,1,0,0.0
R2P2_alpha_1,20260528,50,original,3,2,0,0.0
R2P2_alpha_1,20260528,50,original,3,3,320,1.0
R2P2_alpha_1,20260528,1600,original,0,0,320,1.0
R2P2_alpha_1,20260528,1600,original,0,1,0,0.0
R2P2_alpha_1,20260528,1600,original,0,2,0,0.0
R2P2_alpha_1,20260528,1600,original,0,3,0,0.0
R2P2_alpha_1,20260528,1600,original,1,0,0,0.0
R2P2_alpha_1,20260528,1600,original,1,1,320,1.0
R2P2_alpha_1,20260528,1600,original,1,2,0,0.0
R2P2_alpha_1,20260528,1600,original,1,3,0,0.0
R2P2_alpha_1,20260528,1600,original,2,0,0,0.0
R2P2_alpha_1,20260528,1600,original,2,1,0,0.0
R2P2_alpha_1,20260528,1600,original,2,2,320,1.0
R2P2_alpha_1,20260528,1600,original,2,3,0,0.0
R2P2_alpha_1,20260528,1600,original,3,0,0,0.0
R2P2_alpha_1,20260528,1600,original,3,1,0,0.0
R2P2_alpha_1,20260528,1600,original,3,2,0,0.0
R2P2_alpha_1,20260528,1600,original,3,3,320,1.0
R2P3_cancel_0_10,20260521,0,original,0,0,128,0.4
R2P3_cancel_0_10,20260521,0,original,0,1,64,0.2
R2P3_cancel_0_10,20260521,0,original,0,2,0,0.0
R2P3_cancel_0_10,20260521,0,original,0,3,128,0.4
R2P3_cancel_0_10,20260521,0,original,1,0,0,0.0
R2P3_cancel_0_10,20260521,0,original,1,1,128,0.4
R2P3_cancel_0_10,20260521,0,original,1,2,96,0.3
R2P3_cancel_0_10,20260521,0,original,1,3,96,0.3
R2P3_cancel_0_10,20260521,0,original,2,0,0,0.0
R2P3_cancel_0_10,20260521,0,original,2,1,256,0.8
R2P3_cancel_0_10,20260521,0,original,2,2,32,0.1
R2P3_cancel_0_10,20260521,0,original,2,3,32,0.1
R2P3_cancel_0_10,20260521,0,original,3,0,32,0.1
R2P3_cancel_0_10,20260521,0,original,3,1,192,0.6
R2P3_cancel_0_10,20260521,0,original,3,2,32,0.1
R2P3_cancel_0_10,20260521,0,original,3,3,64,0.2
R2P3_cancel_0_10,20260521,1,original,0,0,0,0.0
R2P3_cancel_0_10,20260521,1,original,0,1,128,0.4
R2P3_cancel_0_10,20260521,1,original,0,2,0,0.0
R2P3_cancel_0_10,20260521,1,original,0,3,192,0.6
R2P3_cancel_0_10,20260521,1,original,1,0,0,0.0
R2P3_cancel_0_10,20260521,1,original,1,1,160,0.5
R2P3_cancel_0_10,20260521,1,original,1,2,64,0.2
R2P3_cancel_0_10,20260521,1,original,1,3,96,0.3
R2P3_cancel_0_10,20260521,1,original,2,0,32,0.1
R2P3_cancel_0_10,20260521,1,original,2,1,224,0.7
R2P3_cancel_0_10,20260521,1,original,2,2,32,0.1
R2P3_cancel_0_10,20260521,1,original,2,3,32,0.1
R2P3_cancel_0_10,20260521,1,original,3,0,64,0.2
R2P3_cancel_0_10,20260521,1,original,3,1,224,0.7
R2P3_cancel_0_10,20260521,1,original,3,2,0,0.0
R2P3_cancel_0_10,20260521,1,original,3,3,32,0.1
R2P3_cancel_0_10,20260521,2,original,0,0,0,0.0
R2P3_cancel_0_10,20260521,2,original,0,1,128,0.4
R2P3_cancel_0_10,20260521,2,original,0,2,0,0.0
R2P3_cancel_0_10,20260521,2,original,0,3,192,0.6
R2P3_cancel_0_10,20260521,2,original,1,0,0,0.0
R2P3_cancel_0_10,20260521,2,original,1,1,224,0.7
R2P3_cancel_0_10,20260521,2,original,1,2,0,0.0
R2P3_cancel_0_10,20260521,2,original,1,3,96,0.3
R2P3_cancel_0_10,20260521,2,original,2,0,96,0.3
R2P3_cancel_0_10,20260521,2,original,2,1,160,0.5
R2P3_cancel_0_10,20260521,2,original,2,2,64,0.2
R2P3_cancel_0_10,20260521,2,original,2,3,0,0.0
R2P3_cancel_0_10,20260521,2,original,3,0,96,0.3
R2P3_cancel_0_10,20260521,2,original,3,1,192,0.6
R2P3_cancel_0_10,20260521,2,original,3,2,0,0.0
R2P3_cancel_0_10,20260521,2,original,3,3,32,0.1
R2P3_cancel_0_10,20260521,5,original,0,0,0,0.0
R2P3_cancel_0_10,20260521,5,original,0,1,0,0.0
R2P3_cancel_0_10,20260521,5,original,0,2,0,0.0
R2P3_cancel_0_10,20260521,5,original,0,3,320,1.0
R2P3_cancel_0_10,20260521,5,original,1,0,32,0.1
R2P3_cancel_0_10,20260521,5,original,1,1,288,0.9
R2P3_cancel_0_10,20260521,5,original,1,2,0,0.0
R2P3_cancel_0_10,20260521,5,original,1,3,0,0.0
R2P3_cancel_0_10,20260521,5,original,2,0,0,0.0
R2P3_cancel_0_10,20260521,5,original,2,1,0,0.0
R2P3_cancel_0_10,20260521,5,original,2,2,320,1.0
R2P3_cancel_0_10,20260521,5,original,2,3,0,0.0
R2P3_cancel_0_10,20260521,5,original,3,0,160,0.5
R2P3_cancel_0_10,20260521,5,original,3,1,160,0.5
R2P3_cancel_0_10,20260521,5,original,3,2,0,0.0
R2P3_cancel_0_10,20260521,5,original,3,3,0,0.0
R2P3_cancel_0_10,20260521,10,original,0,0,0,0.0
R2P3_cancel_0_10,20260521,10,original,0,1,0,0.0
R2P3_cancel_0_10,20260521,10,original,0,2,0,0.0
R2P3_cancel_0_10,20260521,10,original,0,3,320,1.0
R2P3_cancel_0_10,20260521,10,original,1,0,0,0.0
R2P3_cancel_0_10,20260521,10,original,1,1,320,1.0
R2P3_cancel_0_10,20260521,10,original,1,2,0,0.0
R2P3_cancel_0_10,20260521,10,original,1,3,0,0.0
R2P3_cancel_0_10,20260521,10,original,2,0,0,0.0
R2P3_cancel_0_10,20260521,10,original,2,1,0,0.0
R2P3_cancel_0_10,20260521,10,original,2,2,320,1.0
R2P3_cancel_0_10,20260521,10,original,2,3,0,0.0
R2P3_cancel_0_10,20260521,10,original,3,0,320,1.0
R2P3_cancel_0_10,20260521,10,original,3,1,0,0.0
R2P3_cancel_0_10,20260521,10,original,3,2,0,0.0
R2P3_cancel_0_10,20260521,10,original,3,3,0,0.0
R2P3_cancel_0_10,20260521,20,original,0,0,0,0.0
R2P3_cancel_0_10,20260521,20,original,0,1,0,0.0
R2P3_cancel_0_10,20260521,20,original,0,2,0,0.0
R2P3_cancel_0_10,20260521,20,original,0,3,320,1.0
R2P3_cancel_0_10,20260521,20,original,1,0,0,0.0
R2P3_cancel_0_10,20260521,20,original,1,1,320,1.0
R2P3_cancel_0_10,20260521,20,original,1,2,0,0.0
R2P3_cancel_0_10,20260521,20,original,1,3,0,0.0
R2P3_cancel_0_10,20260521,20,original,2,0,0,0.0
R2P3_cancel_0_10,20260521,20,original,2,1,0,0.0
R2P3_cancel_0_10,20260521,20,original,2,2,320,1.0
R2P3_cancel_0_10,20260521,20,original,2,3,0,0.0
R2P3_cancel_0_10,20260521,20,original,3,0,320,1.0
R2P3_cancel_0_10,20260521,20,original,3,1,0,0.0
R2P3_cancel_0_10,20260521,20,original,3,2,0,0.0
R2P3_cancel_0_10,20260521,20,original,3,3,0,0.0
R2P3_cancel_0_10,20260521,50,original,0,0,0,0.0
R2P3_cancel_0_10,20260521,50,original,0,1,0,0.0
R2P3_cancel_0_10,20260521,50,original,0,2,0,0.0
R2P3_cancel_0_10,20260521,50,original,0,3,320,1.0
R2P3_cancel_0_10,20260521,50,original,1,0,0,0.0
R2P3_cancel_0_10,20260521,50,original,1,1,320,1.0
R2P3_cancel_0_10,20260521,50,original,1,2,0,0.0
R2P3_cancel_0_10,20260521,50,original,1,3,0,0.0
R2P3_cancel_0_10,20260521,50,original,2,0,0,0.0
R2P3_cancel_0_10,20260521,50,original,2,1,0,0.0
R2P3_cancel_0_10,20260521,50,original,2,2,320,1.0
R2P3_cancel_0_10,20260521,50,original,2,3,0,0.0
R2P3_cancel_0_10,20260521,50,original,3,0,320,1.0
R2P3_cancel_0_10,20260521,50,original,3,1,0,0.0
R2P3_cancel_0_10,20260521,50,original,3,2,0,0.0
R2P3_cancel_0_10,20260521,50,original,3,3,0,0.0
R2P3_cancel_0_10,20260521,1600,original,0,0,0,0.0
R2P3_cancel_0_10,20260521,1600,original,0,1,0,0.0
R2P3_cancel_0_10,20260521,1600,original,0,2,0,0.0
R2P3_cancel_0_10,20260521,1600,original,0,3,320,1.0
R2P3_cancel_0_10,20260521,1600,original,1,0,0,0.0
R2P3_cancel_0_10,20260521,1600,original,1,1,320,1.0
R2P3_cancel_0_10,20260521,1600,original,1,2,0,0.0
R2P3_cancel_0_10,20260521,1600,original,1,3,0,0.0
R2P3_cancel_0_10,20260521,1600,original,2,0,0,0.0
R2P3_cancel_0_10,20260521,1600,original,2,1,0,0.0
R2P3_cancel_0_10,20260521,1600,original,2,2,320,1.0
R2P3_cancel_0_10,20260521,1600,original,2,3,0,0.0
R2P3_cancel_0_10,20260521,1600,original,3,0,320,1.0
R2P3_cancel_0_10,20260521,1600,original,3,1,0,0.0
R2P3_cancel_0_10,20260521,1600,original,3,2,0,0.0
R2P3_cancel_0_10,20260521,1600,original,3,3,0,0.0
R2P3_cancel_0_10,20260522,0,original,0,0,32,0.1
R2P3_cancel_0_10,20260522,0,original,0,1,0,0.0
R2P3_cancel_0_10,20260522,0,original,0,2,96,0.3
R2P3_cancel_0_10,20260522,0,original,0,3,192,0.6
R2P3_cancel_0_10,20260522,0,original,1,0,32,0.1
R2P3_cancel_0_10,20260522,0,original,1,1,256,0.8
R2P3_cancel_0_10,20260522,0,original,1,2,32,0.1
R2P3_cancel_0_10,20260522,0,original,1,3,0,0.0
R2P3_cancel_0_10,20260522,0,original,2,0,96,0.3
R2P3_cancel_0_10,20260522,0,original,2,1,224,0.7
R2P3_cancel_0_10,20260522,0,original,2,2,0,0.0
R2P3_cancel_0_10,20260522,0,original,2,3,0,0.0
R2P3_cancel_0_10,20260522,0,original,3,0,64,0.2
R2P3_cancel_0_10,20260522,0,original,3,1,256,0.8
R2P3_cancel_0_10,20260522,0,original,3,2,0,0.0
R2P3_cancel_0_10,20260522,0,original,3,3,0,0.0
R2P3_cancel_0_10,20260522,1,original,0,0,32,0.1
R2P3_cancel_0_10,20260522,1,original,0,1,0,0.0
R2P3_cancel_0_10,20260522,1,original,0,2,64,0.2
R2P3_cancel_0_10,20260522,1,original,0,3,224,0.7
R2P3_cancel_0_10,20260522,1,original,1,0,0,0.0
R2P3_cancel_0_10,20260522,1,original,1,1,256,0.8
R2P3_cancel_0_10,20260522,1,original,1,2,64,0.2
R2P3_cancel_0_10,20260522,1,original,1,3,0,0.0
R2P3_cancel_0_10,20260522,1,original,2,0,128,0.4
R2P3_cancel_0_10,20260522,1,original,2,1,192,0.6
R2P3_cancel_0_10,20260522,1,original,2,2,0,0.0
R2P3_cancel_0_10,20260522,1,original,2,3,0,0.0
R2P3_cancel_0_10,20260522,1,original,3,0,96,0.3
R2P3_cancel_0_10,20260522,1,original,3,1,224,0.7
R2P3_cancel_0_10,20260522,1,original,3,2,0,0.0
R2P3_cancel_0_10,20260522,1,original,3,3,0,0.0
R2P3_cancel_0_10,20260522,2,original,0,0,32,0.1
R2P3_cancel_0_10,20260522,2,original,0,1,0,0.0
R2P3_cancel_0_10,20260522,2,original,0,2,64,0.2
R2P3_cancel_0_10,20260522,2,original,0,3,224,0.7
R2P3_cancel_0_10,20260522,2,original,1,0,0,0.0
R2P3_cancel_0_10,20260522,2,original,1,1,256,0.8
R2P3_cancel_0_10,20260522,2,original,1,2,64,0.2
R2P3_cancel_0_10,20260522,2,original,1,3,0,0.0
R2P3_cancel_0_10,20260522,2,original,2,0,128,0.4
R2P3_cancel_0_10,20260522,2,original,2,1,192,0.6
R2P3_cancel_0_10,20260522,2,original,2,2,0,0.0
R2P3_cancel_0_10,20260522,2,original,2,3,0,0.0
R2P3_cancel_0_10,20260522,2,original,3,0,128,0.4
R2P3_cancel_0_10,20260522,2,original,3,1,0,0.0
R2P3_cancel_0_10,20260522,2,original,3,2,0,0.0
R2P3_cancel_0_10,20260522,2,original,3,3,192,0.6
R2P3_cancel_0_10,20260522,5,original,0,0,32,0.1
R2P3_cancel_0_10,20260522,5,original,0,1,0,0.0
R2P3_cancel_0_10,20260522,5,original,0,2,32,0.1
R2P3_cancel_0_10,20260522,5,original,0,3,256,0.8
R2P3_cancel_0_10,20260522,5,original,1,0,0,0.0
R2P3_cancel_0_10,20260522,5,original,1,1,288,0.9
R2P3_cancel_0_10,20260522,5,original,1,2,32,0.1
R2P3_cancel_0_10,20260522,5,original,1,3,0,0.0
R2P3_cancel_0_10,20260522,5,original,2,0,96,0.3
R2P3_cancel_0_10,20260522,5,original,2,1,0,0.0
R2P3_cancel_0_10,20260522,5,original,2,2,0,0.0
R2P3_cancel_0_10,20260522,5,original,2,3,224,0.7
R2P3_cancel_0_10,20260522,5,original,3,0,160,0.5
R2P3_cancel_0_10,20260522,5,original,3,1,0,0.0
R2P3_cancel_0_10,20260522,5,original,3,2,0,0.0
R2P3_cancel_0_10,20260522,5,original,3,3,160,0.5
R2P3_cancel_0_10,20260522,10,original,0,0,32,0.1
R2P3_cancel_0_10,20260522,10,original,0,1,0,0.0
R2P3_cancel_0_10,20260522,10,original,0,2,0,0.0
R2P3_cancel_0_10,20260522,10,original,0,3,288,0.9
R2P3_cancel_0_10,20260522,10,original,1,0,0,0.0
R2P3_cancel_0_10,20260522,10,original,1,1,288,0.9
R2P3_cancel_0_10,20260522,10,original,1,2,32,0.1
R2P3_cancel_0_10,20260522,10,original,1,3,0,0.0
R2P3_cancel_0_10,20260522,10,original,2,0,64,0.2
R2P3_cancel_0_10,20260522,10,original,2,1,0,0.0
R2P3_cancel_0_10,20260522,10,original,2,2,0,0.0
R2P3_cancel_0_10,20260522,10,original,2,3,256,0.8
R2P3_cancel_0_10,20260522,10,original,3,0,320,1.0
R2P3_cancel_0_10,20260522,10,original,3,1,0,0.0
R2P3_cancel_0_10,20260522,10,original,3,2,0,0.0
R2P3_cancel_0_10,20260522,10,original,3,3,0,0.0
R2P3_cancel_0_10,20260522,20,original,0,0,0,0.0
R2P3_cancel_0_10,20260522,20,original,0,1,0,0.0
R2P3_cancel_0_10,20260522,20,original,0,2,0,0.0
R2P3_cancel_0_10,20260522,20,original,0,3,320,1.0
R2P3_cancel_0_10,20260522,20,original,1,0,0,0.0
R2P3_cancel_0_10,20260522,20,original,1,1,320,1.0
R2P3_cancel_0_10,20260522,20,original,1,2,0,0.0
R2P3_cancel_0_10,20260522,20,original,1,3,0,0.0
R2P3_cancel_0_10,20260522,20,original,2,0,320,1.0
R2P3_cancel_0_10,20260522,20,original,2,1,0,0.0
R2P3_cancel_0_10,20260522,20,original,2,2,0,0.0
R2P3_cancel_0_10,20260522,20,original,2,3,0,0.0
R2P3_cancel_0_10,20260522,20,original,3,0,320,1.0
R2P3_cancel_0_10,20260522,20,original,3,1,0,0.0
R2P3_cancel_0_10,20260522,20,original,3,2,0,0.0
R2P3_cancel_0_10,20260522,20,original,3,3,0,0.0
R2P3_cancel_0_10,20260522,50,original,0,0,0,0.0
R2P3_cancel_0_10,20260522,50,original,0,1,0,0.0
R2P3_cancel_0_10,20260522,50,original,0,2,0,0.0
R2P3_cancel_0_10,20260522,50,original,0,3,320,1.0
R2P3_cancel_0_10,20260522,50,original,1,0,0,0.0
R2P3_cancel_0_10,20260522,50,original,1,1,320,1.0
R2P3_cancel_0_10,20260522,50,original,1,2,0,0.0
R2P3_cancel_0_10,20260522,50,original,1,3,0,0.0
R2P3_cancel_0_10,20260522,50,original,2,0,320,1.0
R2P3_cancel_0_10,20260522,50,original,2,1,0,0.0
R2P3_cancel_0_10,20260522,50,original,2,2,0,0.0
R2P3_cancel_0_10,20260522,50,original,2,3,0,0.0
R2P3_cancel_0_10,20260522,50,original,3,0,320,1.0
R2P3_cancel_0_10,20260522,50,original,3,1,0,0.0
R2P3_cancel_0_10,20260522,50,original,3,2,0,0.0
R2P3_cancel_0_10,20260522,50,original,3,3,0,0.0
R2P3_cancel_0_10,20260522,1600,original,0,0,0,0.0
R2P3_cancel_0_10,20260522,1600,original,0,1,0,0.0
R2P3_cancel_0_10,20260522,1600,original,0,2,0,0.0
R2P3_cancel_0_10,20260522,1600,original,0,3,320,1.0
R2P3_cancel_0_10,20260522,1600,original,1,0,0,0.0
R2P3_cancel_0_10,20260522,1600,original,1,1,320,1.0
R2P3_cancel_0_10,20260522,1600,original,1,2,0,0.0
R2P3_cancel_0_10,20260522,1600,original,1,3,0,0.0
R2P3_cancel_0_10,20260522,1600,original,2,0,320,1.0
R2P3_cancel_0_10,20260522,1600,original,2,1,0,0.0
R2P3_cancel_0_10,20260522,1600,original,2,2,0,0.0
R2P3_cancel_0_10,20260522,1600,original,2,3,0,0.0
R2P3_cancel_0_10,20260522,1600,original,3,0,320,1.0
R2P3_cancel_0_10,20260522,1600,original,3,1,0,0.0
R2P3_cancel_0_10,20260522,1600,original,3,2,0,0.0
R2P3_cancel_0_10,20260522,1600,original,3,3,0,0.0
R2P3_cancel_0_10,20260523,0,original,0,0,192,0.6
R2P3_cancel_0_10,20260523,0,original,0,1,0,0.0
R2P3_cancel_0_10,20260523,0,original,0,2,96,0.3
R2P3_cancel_0_10,20260523,0,original,0,3,32,0.1
R2P3_cancel_0_10,20260523,0,original,1,0,128,0.4
R2P3_cancel_0_10,20260523,0,original,1,1,0,0.0
R2P3_cancel_0_10,20260523,0,original,1,2,160,0.5
R2P3_cancel_0_10,20260523,0,original,1,3,32,0.1
R2P3_cancel_0_10,20260523,0,original,2,0,128,0.4
R2P3_cancel_0_10,20260523,0,original,2,1,192,0.6
R2P3_cancel_0_10,20260523,0,original,2,2,0,0.0
R2P3_cancel_0_10,20260523,0,original,2,3,0,0.0
R2P3_cancel_0_10,20260523,0,original,3,0,224,0.7
R2P3_cancel_0_10,20260523,0,original,3,1,0,0.0
R2P3_cancel_0_10,20260523,0,original,3,2,0,0.0
R2P3_cancel_0_10,20260523,0,original,3,3,96,0.3
R2P3_cancel_0_10,20260523,1,original,0,0,160,0.5
R2P3_cancel_0_10,20260523,1,original,0,1,0,0.0
R2P3_cancel_0_10,20260523,1,original,0,2,128,0.4
R2P3_cancel_0_10,20260523,1,original,0,3,32,0.1
R2P3_cancel_0_10,20260523,1,original,1,0,96,0.3
R2P3_cancel_0_10,20260523,1,original,1,1,64,0.2
R2P3_cancel_0_10,20260523,1,original,1,2,96,0.3
R2P3_cancel_0_10,20260523,1,original,1,3,64,0.2
R2P3_cancel_0_10,20260523,1,original,2,0,160,0.5
R2P3_cancel_0_10,20260523,1,original,2,1,128,0.4
R2P3_cancel_0_10,20260523,1,original,2,2,0,0.0
R2P3_cancel_0_10,20260523,1,original,2,3,32,0.1
R2P3_cancel_0_10,20260523,1,original,3,0,224,0.7
R2P3_cancel_0_10,20260523,1,original,3,1,0,0.0
R2P3_cancel_0_10,20260523,1,original,3,2,0,0.0
R2P3_cancel_0_10,20260523,1,original,3,3,96,0.3
R2P3_cancel_0_10,20260523,2,original,0,0,128,0.4
R2P3_cancel_0_10,20260523,2,original,0,1,0,0.0
R2P3_cancel_0_10,20260523,2,original,0,2,160,0.5
R2P3_cancel_0_10,20260523,2,original,0,3,32,0.1
R2P3_cancel_0_10,20260523,2,original,1,0,64,0.2
R2P3_cancel_0_10,20260523,2,original,1,1,128,0.4
R2P3_cancel_0_10,20260523,2,original,1,2,64,0.2
R2P3_cancel_0_10,20260523,2,original,1,3,64,0.2
R2P3_cancel_0_10,20260523,2,original,2,0,192,0.6
R2P3_cancel_0_10,20260523,2,original,2,1,96,0.3
R2P3_cancel_0_10,20260523,2,original,2,2,0,0.0
R2P3_cancel_0_10,20260523,2,original,2,3,32,0.1
R2P3_cancel_0_10,20260523,2,original,3,0,224,0.7
R2P3_cancel_0_10,20260523,2,original,3,1,0,0.0
R2P3_cancel_0_10,20260523,2,original,3,2,0,0.0
R2P3_cancel_0_10,20260523,2,original,3,3,96,0.3
R2P3_cancel_0_10,20260523,5,original,0,0,96,0.3
R2P3_cancel_0_10,20260523,5,original,0,1,0,0.0
R2P3_cancel_0_10,20260523,5,original,0,2,192,0.6
R2P3_cancel_0_10,20260523,5,original,0,3,32,0.1
R2P3_cancel_0_10,20260523,5,original,1,0,0,0.0
R2P3_cancel_0_10,20260523,5,original,1,1,288,0.9
R2P3_cancel_0_10,20260523,5,original,1,2,0,0.0
R2P3_cancel_0_10,20260523,5,original,1,3,32,0.1
R2P3_cancel_0_10,20260523,5,original,2,0,256,0.8
R2P3_cancel_0_10,20260523,5,original,2,1,64,0.2
R2P3_cancel_0_10,20260523,5,original,2,2,0,0.0
R2P3_cancel_0_10,20260523,5,original,2,3,0,0.0
R2P3_cancel_0_10,20260523,5,original,3,0,224,0.7
R2P3_cancel_0_10,20260523,5,original,3,1,0,0.0
R2P3_cancel_0_10,20260523,5,original,3,2,0,0.0
R2P3_cancel_0_10,20260523,5,original,3,3,96,0.3
R2P3_cancel_0_10,20260523,10,original,0,0,0,0.0
R2P3_cancel_0_10,20260523,10,original,0,1,0,0.0
R2P3_cancel_0_10,20260523,10,original,0,2,288,0.9
R2P3_cancel_0_10,20260523,10,original,0,3,32,0.1
R2P3_cancel_0_10,20260523,10,original,1,0,0,0.0
R2P3_cancel_0_10,20260523,10,original,1,1,320,1.0
R2P3_cancel_0_10,20260523,10,original,1,2,0,0.0
R2P3_cancel_0_10,20260523,10,original,1,3,0,0.0
R2P3_cancel_0_10,20260523,10,original,2,0,288,0.9
R2P3_cancel_0_10,20260523,10,original,2,1,32,0.1
R2P3_cancel_0_10,20260523,10,original,2,2,0,0.0
R2P3_cancel_0_10,20260523,10,original,2,3,0,0.0
R2P3_cancel_0_10,20260523,10,original,3,0,32,0.1
R2P3_cancel_0_10,20260523,10,original,3,1,0,0.0
R2P3_cancel_0_10,20260523,10,original,3,2,0,0.0
R2P3_cancel_0_10,20260523,10,original,3,3,288,0.9
R2P3_cancel_0_10,20260523,20,original,0,0,0,0.0
R2P3_cancel_0_10,20260523,20,original,0,1,0,0.0
R2P3_cancel_0_10,20260523,20,original,0,2,320,1.0
R2P3_cancel_0_10,20260523,20,original,0,3,0,0.0
R2P3_cancel_0_10,20260523,20,original,1,0,0,0.0
R2P3_cancel_0_10,20260523,20,original,1,1,320,1.0
R2P3_cancel_0_10,20260523,20,original,1,2,0,0.0
R2P3_cancel_0_10,20260523,20,original,1,3,0,0.0
R2P3_cancel_0_10,20260523,20,original,2,0,320,1.0
R2P3_cancel_0_10,20260523,20,original,2,1,0,0.0
R2P3_cancel_0_10,20260523,20,original,2,2,0,0.0
R2P3_cancel_0_10,20260523,20,original,2,3,0,0.0
R2P3_cancel_0_10,20260523,20,original,3,0,0,0.0
R2P3_cancel_0_10,20260523,20,original,3,1,0,0.0
R2P3_cancel_0_10,20260523,20,original,3,2,0,0.0
R2P3_cancel_0_10,20260523,20,original,3,3,320,1.0
R2P3_cancel_0_10,20260523,50,original,0,0,0,0.0
R2P3_cancel_0_10,20260523,50,original,0,1,0,0.0
R2P3_cancel_0_10,20260523,50,original,0,2,320,1.0
R2P3_cancel_0_10,20260523,50,original,0,3,0,0.0
R2P3_cancel_0_10,20260523,50,original,1,0,0,0.0
R2P3_cancel_0_10,20260523,50,original,1,1,320,1.0
R2P3_cancel_0_10,20260523,50,original,1,2,0,0.0
R2P3_cancel_0_10,20260523,50,original,1,3,0,0.0
R2P3_cancel_0_10,20260523,50,original,2,0,320,1.0
R2P3_cancel_0_10,20260523,50,original,2,1,0,0.0
R2P3_cancel_0_10,20260523,50,original,2,2,0,0.0
R2P3_cancel_0_10,20260523,50,original,2,3,0,0.0
R2P3_cancel_0_10,20260523,50,original,3,0,0,0.0
R2P3_cancel_0_10,20260523,50,original,3,1,0,0.0
R2P3_cancel_0_10,20260523,50,original,3,2,0,0.0
R2P3_cancel_0_10,20260523,50,original,3,3,320,1.0
R2P3_cancel_0_10,20260523,1600,original,0,0,0,0.0
R2P3_cancel_0_10,20260523,1600,original,0,1,0,0.0
R2P3_cancel_0_10,20260523,1600,original,0,2,320,1.0
R2P3_cancel_0_10,20260523,1600,original,0,3,0,0.0
R2P3_cancel_0_10,20260523,1600,original,1,0,0,0.0
R2P3_cancel_0_10,20260523,1600,original,1,1,320,1.0
R2P3_cancel_0_10,20260523,1600,original,1,2,0,0.0
R2P3_cancel_0_10,20260523,1600,original,1,3,0,0.0
R2P3_cancel_0_10,20260523,1600,original,2,0,320,1.0
R2P3_cancel_0_10,20260523,1600,original,2,1,0,0.0
R2P3_cancel_0_10,20260523,1600,original,2,2,0,0.0
R2P3_cancel_0_10,20260523,1600,original,2,3,0,0.0
R2P3_cancel_0_10,20260523,1600,original,3,0,0,0.0
R2P3_cancel_0_10,20260523,1600,original,3,1,0,0.0
R2P3_cancel_0_10,20260523,1600,original,3,2,0,0.0
R2P3_cancel_0_10,20260523,1600,original,3,3,320,1.0
R2P3_cancel_0_10,20260524,0,original,0,0,128,0.4
R2P3_cancel_0_10,20260524,0,original,0,1,0,0.0
R2P3_cancel_0_10,20260524,0,original,0,2,160,0.5
R2P3_cancel_0_10,20260524,0,original,0,3,32,0.1
R2P3_cancel_0_10,20260524,0,original,1,0,32,0.1
R2P3_cancel_0_10,20260524,0,original,1,1,0,0.0
R2P3_cancel_0_10,20260524,0,original,1,2,0,0.0
R2P3_cancel_0_10,20260524,0,original,1,3,288,0.9
R2P3_cancel_0_10,20260524,0,original,2,0,160,0.5
R2P3_cancel_0_10,20260524,0,original,2,1,0,0.0
R2P3_cancel_0_10,20260524,0,original,2,2,160,0.5
R2P3_cancel_0_10,20260524,0,original,2,3,0,0.0
R2P3_cancel_0_10,20260524,0,original,3,0,32,0.1
R2P3_cancel_0_10,20260524,0,original,3,1,256,0.8
R2P3_cancel_0_10,20260524,0,original,3,2,32,0.1
R2P3_cancel_0_10,20260524,0,original,3,3,0,0.0
R2P3_cancel_0_10,20260524,1,original,0,0,160,0.5
R2P3_cancel_0_10,20260524,1,original,0,1,0,0.0
R2P3_cancel_0_10,20260524,1,original,0,2,160,0.5
R2P3_cancel_0_10,20260524,1,original,0,3,0,0.0
R2P3_cancel_0_10,20260524,1,original,1,0,0,0.0
R2P3_cancel_0_10,20260524,1,original,1,1,96,0.3
R2P3_cancel_0_10,20260524,1,original,1,2,0,0.0
R2P3_cancel_0_10,20260524,1,original,1,3,224,0.7
R2P3_cancel_0_10,20260524,1,original,2,0,160,0.5
R2P3_cancel_0_10,20260524,1,original,2,1,0,0.0
R2P3_cancel_0_10,20260524,1,original,2,2,160,0.5
R2P3_cancel_0_10,20260524,1,original,2,3,0,0.0
R2P3_cancel_0_10,20260524,1,original,3,0,160,0.5
R2P3_cancel_0_10,20260524,1,original,3,1,96,0.3
R2P3_cancel_0_10,20260524,1,original,3,2,64,0.2
R2P3_cancel_0_10,20260524,1,original,3,3,0,0.0
R2P3_cancel_0_10,20260524,2,original,0,0,160,0.5
R2P3_cancel_0_10,20260524,2,original,0,1,0,0.0
R2P3_cancel_0_10,20260524,2,original,0,2,160,0.5
R2P3_cancel_0_10,20260524,2,original,0,3,0,0.0
R2P3_cancel_0_10,20260524,2,original,1,0,0,0.0
R2P3_cancel_0_10,20260524,2,original,1,1,128,0.4
R2P3_cancel_0_10,20260524,2,original,1,2,0,0.0
R2P3_cancel_0_10,20260524,2,original,1,3,192,0.6
R2P3_cancel_0_10,20260524,2,original,2,0,192,0.6
R2P3_cancel_0_10,20260524,2,original,2,1,0,0.0
R2P3_cancel_0_10,20260524,2,original,2,2,128,0.4
R2P3_cancel_0_10,20260524,2,original,2,3,0,0.0
R2P3_cancel_0_10,20260524,2,original,3,0,224,0.7
R2P3_cancel_0_10,20260524,2,original,3,1,32,0.1
R2P3_cancel_0_10,20260524,2,original,3,2,64,0.2
R2P3_cancel_0_10,20260524,2,original,3,3,0,0.0
R2P3_cancel_0_10,20260524,5,original,0,0,160,0.5
R2P3_cancel_0_10,20260524,5,original,0,1,0,0.0
R2P3_cancel_0_10,20260524,5,original,0,2,160,0.5
R2P3_cancel_0_10,20260524,5,original,0,3,0,0.0
R2P3_cancel_0_10,20260524,5,original,1,0,0,0.0
R2P3_cancel_0_10,20260524,5,original,1,1,0,0.0
R2P3_cancel_0_10,20260524,5,original,1,2,0,0.0
R2P3_cancel_0_10,20260524,5,original,1,3,320,1.0
R2P3_cancel_0_10,20260524,5,original,2,0,224,0.7
R2P3_cancel_0_10,20260524,5,original,2,1,0,0.0
R2P3_cancel_0_10,20260524,5,original,2,2,96,0.3
R2P3_cancel_0_10,20260524,5,original,2,3,0,0.0
R2P3_cancel_0_10,20260524,5,original,3,0,256,0.8
R2P3_cancel_0_10,20260524,5,original,3,1,0,0.0
R2P3_cancel_0_10,20260524,5,original,3,2,64,0.2
R2P3_cancel_0_10,20260524,5,original,3,3,0,0.0
R2P3_cancel_0_10,20260524,10,original,0,0,0,0.0
R2P3_cancel_0_10,20260524,10,original,0,1,0,0.0
R2P3_cancel_0_10,20260524,10,original,0,2,320,1.0
R2P3_cancel_0_10,20260524,10,original,0,3,0,0.0
R2P3_cancel_0_10,20260524,10,original,1,0,0,0.0
R2P3_cancel_0_10,20260524,10,original,1,1,0,0.0
R2P3_cancel_0_10,20260524,10,original,1,2,0,0.0
R2P3_cancel_0_10,20260524,10,original,1,3,320,1.0
R2P3_cancel_0_10,20260524,10,original,2,0,256,0.8
R2P3_cancel_0_10,20260524,10,original,2,1,0,0.0
R2P3_cancel_0_10,20260524,10,original,2,2,64,0.2
R2P3_cancel_0_10,20260524,10,original,2,3,0,0.0
R2P3_cancel_0_10,20260524,10,original,3,0,256,0.8
R2P3_cancel_0_10,20260524,10,original,3,1,0,0.0
R2P3_cancel_0_10,20260524,10,original,3,2,32,0.1
R2P3_cancel_0_10,20260524,10,original,3,3,32,0.1
R2P3_cancel_0_10,20260524,20,original,0,0,0,0.0
R2P3_cancel_0_10,20260524,20,original,0,1,0,0.0
R2P3_cancel_0_10,20260524,20,original,0,2,320,1.0
R2P3_cancel_0_10,20260524,20,original,0,3,0,0.0
R2P3_cancel_0_10,20260524,20,original,1,0,0,0.0
R2P3_cancel_0_10,20260524,20,original,1,1,0,0.0
R2P3_cancel_0_10,20260524,20,original,1,2,0,0.0
R2P3_cancel_0_10,20260524,20,original,1,3,320,1.0
R2P3_cancel_0_10,20260524,20,original,2,0,320,1.0
R2P3_cancel_0_10,20260524,20,original,2,1,0,0.0
R2P3_cancel_0_10,20260524,20,original,2,2,0,0.0
R2P3_cancel_0_10,20260524,20,original,2,3,0,0.0
R2P3_cancel_0_10,20260524,20,original,3,0,320,1.0
R2P3_cancel_0_10,20260524,20,original,3,1,0,0.0
R2P3_cancel_0_10,20260524,20,original,3,2,0,0.0
R2P3_cancel_0_10,20260524,20,original,3,3,0,0.0
R2P3_cancel_0_10,20260524,50,original,0,0,0,0.0
R2P3_cancel_0_10,20260524,50,original,0,1,0,0.0
R2P3_cancel_0_10,20260524,50,original,0,2,320,1.0
R2P3_cancel_0_10,20260524,50,original,0,3,0,0.0
R2P3_cancel_0_10,20260524,50,original,1,0,0,0.0
R2P3_cancel_0_10,20260524,50,original,1,1,0,0.0
R2P3_cancel_0_10,20260524,50,original,1,2,0,0.0
R2P3_cancel_0_10,20260524,50,original,1,3,320,1.0
R2P3_cancel_0_10,20260524,50,original,2,0,320,1.0
R2P3_cancel_0_10,20260524,50,original,2,1,0,0.0
R2P3_cancel_0_10,20260524,50,original,2,2,0,0.0
R2P3_cancel_0_10,20260524,50,original,2,3,0,0.0
R2P3_cancel_0_10,20260524,50,original,3,0,320,1.0
R2P3_cancel_0_10,20260524,50,original,3,1,0,0.0
R2P3_cancel_0_10,20260524,50,original,3,2,0,0.0
R2P3_cancel_0_10,20260524,50,original,3,3,0,0.0
R2P3_cancel_0_10,20260524,1600,original,0,0,0,0.0
R2P3_cancel_0_10,20260524,1600,original,0,1,0,0.0
R2P3_cancel_0_10,20260524,1600,original,0,2,320,1.0
R2P3_cancel_0_10,20260524,1600,original,0,3,0,0.0
R2P3_cancel_0_10,20260524,1600,original,1,0,0,0.0
R2P3_cancel_0_10,20260524,1600,original,1,1,0,0.0
R2P3_cancel_0_10,20260524,1600,original,1,2,0,0.0
R2P3_cancel_0_10,20260524,1600,original,1,3,320,1.0
R2P3_cancel_0_10,20260524,1600,original,2,0,320,1.0
R2P3_cancel_0_10,20260524,1600,original,2,1,0,0.0
R2P3_cancel_0_10,20260524,1600,original,2,2,0,0.0
R2P3_cancel_0_10,20260524,1600,original,2,3,0,0.0
R2P3_cancel_0_10,20260524,1600,original,3,0,320,1.0
R2P3_cancel_0_10,20260524,1600,original,3,1,0,0.0
R2P3_cancel_0_10,20260524,1600,original,3,2,0,0.0
R2P3_cancel_0_10,20260524,1600,original,3,3,0,0.0
R2P3_cancel_0_10,20260525,0,original,0,0,0,0.0
R2P3_cancel_0_10,20260525,0,original,0,1,0,0.0
R2P3_cancel_0_10,20260525,0,original,0,2,224,0.7
R2P3_cancel_0_10,20260525,0,original,0,3,96,0.3
R2P3_cancel_0_10,20260525,0,original,1,0,64,0.2
R2P3_cancel_0_10,20260525,0,original,1,1,64,0.2
R2P3_cancel_0_10,20260525,0,original,1,2,160,0.5
R2P3_cancel_0_10,20260525,0,original,1,3,32,0.1
R2P3_cancel_0_10,20260525,0,original,2,0,128,0.4
R2P3_cancel_0_10,20260525,0,original,2,1,160,0.5
R2P3_cancel_0_10,20260525,0,original,2,2,0,0.0
R2P3_cancel_0_10,20260525,0,original,2,3,32,0.1
R2P3_cancel_0_10,20260525,0,original,3,0,0,0.0
R2P3_cancel_0_10,20260525,0,original,3,1,160,0.5
R2P3_cancel_0_10,20260525,0,original,3,2,160,0.5
R2P3_cancel_0_10,20260525,0,original,3,3,0,0.0
R2P3_cancel_0_10,20260525,1,original,0,0,0,0.0
R2P3_cancel_0_10,20260525,1,original,0,1,0,0.0
R2P3_cancel_0_10,20260525,1,original,0,2,192,0.6
R2P3_cancel_0_10,20260525,1,original,0,3,128,0.4
R2P3_cancel_0_10,20260525,1,original,1,0,0,0.0
R2P3_cancel_0_10,20260525,1,original,1,1,96,0.3
R2P3_cancel_0_10,20260525,1,original,1,2,224,0.7
R2P3_cancel_0_10,20260525,1,original,1,3,0,0.0
R2P3_cancel_0_10,20260525,1,original,2,0,128,0.4
R2P3_cancel_0_10,20260525,1,original,2,1,160,0.5
R2P3_cancel_0_10,20260525,1,original,2,2,0,0.0
R2P3_cancel_0_10,20260525,1,original,2,3,32,0.1
R2P3_cancel_0_10,20260525,1,original,3,0,0,0.0
R2P3_cancel_0_10,20260525,1,original,3,1,160,0.5
R2P3_cancel_0_10,20260525,1,original,3,2,160,0.5
R2P3_cancel_0_10,20260525,1,original,3,3,0,0.0
R2P3_cancel_0_10,20260525,2,original,0,0,0,0.0
R2P3_cancel_0_10,20260525,2,original,0,1,0,0.0
R2P3_cancel_0_10,20260525,2,original,0,2,192,0.6
R2P3_cancel_0_10,20260525,2,original,0,3,128,0.4
R2P3_cancel_0_10,20260525,2,original,1,0,224,0.7
R2P3_cancel_0_10,20260525,2,original,1,1,96,0.3
R2P3_cancel_0_10,20260525,2,original,1,2,0,0.0
R2P3_cancel_0_10,20260525,2,original,1,3,0,0.0
R2P3_cancel_0_10,20260525,2,original,2,0,128,0.4
R2P3_cancel_0_10,20260525,2,original,2,1,160,0.5
R2P3_cancel_0_10,20260525,2,original,2,2,0,0.0
R2P3_cancel_0_10,20260525,2,original,2,3,32,0.1
R2P3_cancel_0_10,20260525,2,original,3,0,0,0.0
R2P3_cancel_0_10,20260525,2,original,3,1,192,0.6
R2P3_cancel_0_10,20260525,2,original,3,2,128,0.4
R2P3_cancel_0_10,20260525,2,original,3,3,0,0.0
R2P3_cancel_0_10,20260525,5,original,0,0,0,0.0
R2P3_cancel_0_10,20260525,5,original,0,1,0,0.0
R2P3_cancel_0_10,20260525,5,original,0,2,0,0.0
R2P3_cancel_0_10,20260525,5,original,0,3,320,1.0
R2P3_cancel_0_10,20260525,5,original,1,0,256,0.8
R2P3_cancel_0_10,20260525,5,original,1,1,64,0.2
R2P3_cancel_0_10,20260525,5,original,1,2,0,0.0
R2P3_cancel_0_10,20260525,5,original,1,3,0,0.0
R2P3_cancel_0_10,20260525,5,original,2,0,256,0.8
R2P3_cancel_0_10,20260525,5,original,2,1,64,0.2
R2P3_cancel_0_10,20260525,5,original,2,2,0,0.0
R2P3_cancel_0_10,20260525,5,original,2,3,0,0.0
R2P3_cancel_0_10,20260525,5,original,3,0,32,0.1
R2P3_cancel_0_10,20260525,5,original,3,1,288,0.9
R2P3_cancel_0_10,20260525,5,original,3,2,0,0.0
R2P3_cancel_0_10,20260525,5,original,3,3,0,0.0
R2P3_cancel_0_10,20260525,10,original,0,0,0,0.0
R2P3_cancel_0_10,20260525,10,original,0,1,0,0.0
R2P3_cancel_0_10,20260525,10,original,0,2,0,0.0
R2P3_cancel_0_10,20260525,10,original,0,3,320,1.0
R2P3_cancel_0_10,20260525,10,original,1,0,256,0.8
R2P3_cancel_0_10,20260525,10,original,1,1,64,0.2
R2P3_cancel_0_10,20260525,10,original,1,2,0,0.0
R2P3_cancel_0_10,20260525,10,original,1,3,0,0.0
R2P3_cancel_0_10,20260525,10,original,2,0,288,0.9
R2P3_cancel_0_10,20260525,10,original,2,1,32,0.1
R2P3_cancel_0_10,20260525,10,original,2,2,0,0.0
R2P3_cancel_0_10,20260525,10,original,2,3,0,0.0
R2P3_cancel_0_10,20260525,10,original,3,0,0,0.0
R2P3_cancel_0_10,20260525,10,original,3,1,320,1.0
R2P3_cancel_0_10,20260525,10,original,3,2,0,0.0
R2P3_cancel_0_10,20260525,10,original,3,3,0,0.0
R2P3_cancel_0_10,20260525,20,original,0,0,0,0.0
R2P3_cancel_0_10,20260525,20,original,0,1,0,0.0
R2P3_cancel_0_10,20260525,20,original,0,2,0,0.0
R2P3_cancel_0_10,20260525,20,original,0,3,320,1.0
R2P3_cancel_0_10,20260525,20,original,1,0,320,1.0
R2P3_cancel_0_10,20260525,20,original,1,1,0,0.0
R2P3_cancel_0_10,20260525,20,original,1,2,0,0.0
R2P3_cancel_0_10,20260525,20,original,1,3,0,0.0
R2P3_cancel_0_10,20260525,20,original,2,0,320,1.0
R2P3_cancel_0_10,20260525,20,original,2,1,0,0.0
R2P3_cancel_0_10,20260525,20,original,2,2,0,0.0
R2P3_cancel_0_10,20260525,20,original,2,3,0,0.0
R2P3_cancel_0_10,20260525,20,original,3,0,0,0.0
R2P3_cancel_0_10,20260525,20,original,3,1,320,1.0
R2P3_cancel_0_10,20260525,20,original,3,2,0,0.0
R2P3_cancel_0_10,20260525,20,original,3,3,0,0.0
R2P3_cancel_0_10,20260525,50,original,0,0,0,0.0
R2P3_cancel_0_10,20260525,50,original,0,1,0,0.0
R2P3_cancel_0_10,20260525,50,original,0,2,0,0.0
R2P3_cancel_0_10,20260525,50,original,0,3,320,1.0
R2P3_cancel_0_10,20260525,50,original,1,0,320,1.0
R2P3_cancel_0_10,20260525,50,original,1,1,0,0.0
R2P3_cancel_0_10,20260525,50,original,1,2,0,0.0
R2P3_cancel_0_10,20260525,50,original,1,3,0,0.0
R2P3_cancel_0_10,20260525,50,original,2,0,320,1.0
R2P3_cancel_0_10,20260525,50,original,2,1,0,0.0
R2P3_cancel_0_10,20260525,50,original,2,2,0,0.0
R2P3_cancel_0_10,20260525,50,original,2,3,0,0.0
R2P3_cancel_0_10,20260525,50,original,3,0,0,0.0
R2P3_cancel_0_10,20260525,50,original,3,1,320,1.0
R2P3_cancel_0_10,20260525,50,original,3,2,0,0.0
R2P3_cancel_0_10,20260525,50,original,3,3,0,0.0
R2P3_cancel_0_10,20260525,1600,original,0,0,0,0.0
R2P3_cancel_0_10,20260525,1600,original,0,1,0,0.0
R2P3_cancel_0_10,20260525,1600,original,0,2,0,0.0
R2P3_cancel_0_10,20260525,1600,original,0,3,320,1.0
R2P3_cancel_0_10,20260525,1600,original,1,0,320,1.0
R2P3_cancel_0_10,20260525,1600,original,1,1,0,0.0
R2P3_cancel_0_10,20260525,1600,original,1,2,0,0.0
R2P3_cancel_0_10,20260525,1600,original,1,3,0,0.0
R2P3_cancel_0_10,20260525,1600,original,2,0,320,1.0
R2P3_cancel_0_10,20260525,1600,original,2,1,0,0.0
R2P3_cancel_0_10,20260525,1600,original,2,2,0,0.0
R2P3_cancel_0_10,20260525,1600,original,2,3,0,0.0
R2P3_cancel_0_10,20260525,1600,original,3,0,0,0.0
R2P3_cancel_0_10,20260525,1600,original,3,1,320,1.0
R2P3_cancel_0_10,20260525,1600,original,3,2,0,0.0
R2P3_cancel_0_10,20260525,1600,original,3,3,0,0.0
R2P3_cancel_0_10,20260526,0,original,0,0,320,1.0
R2P3_cancel_0_10,20260526,0,original,0,1,0,0.0
R2P3_cancel_0_10,20260526,0,original,0,2,0,0.0
R2P3_cancel_0_10,20260526,0,original,0,3,0,0.0
R2P3_cancel_0_10,20260526,0,original,1,0,96,0.3
R2P3_cancel_0_10,20260526,0,original,1,1,0,0.0
R2P3_cancel_0_10,20260526,0,original,1,2,160,0.5
R2P3_cancel_0_10,20260526,0,original,1,3,64,0.2
R2P3_cancel_0_10,20260526,0,original,2,0,128,0.4
R2P3_cancel_0_10,20260526,0,original,2,1,128,0.4
R2P3_cancel_0_10,20260526,0,original,2,2,0,0.0
R2P3_cancel_0_10,20260526,0,original,2,3,64,0.2
R2P3_cancel_0_10,20260526,0,original,3,0,0,0.0
R2P3_cancel_0_10,20260526,0,original,3,1,96,0.3
R2P3_cancel_0_10,20260526,0,original,3,2,128,0.4
R2P3_cancel_0_10,20260526,0,original,3,3,96,0.3
R2P3_cancel_0_10,20260526,1,original,0,0,320,1.0
R2P3_cancel_0_10,20260526,1,original,0,1,0,0.0
R2P3_cancel_0_10,20260526,1,original,0,2,0,0.0
R2P3_cancel_0_10,20260526,1,original,0,3,0,0.0
R2P3_cancel_0_10,20260526,1,original,1,0,160,0.5
R2P3_cancel_0_10,20260526,1,original,1,1,64,0.2
R2P3_cancel_0_10,20260526,1,original,1,2,32,0.1
R2P3_cancel_0_10,20260526,1,original,1,3,64,0.2
R2P3_cancel_0_10,20260526,1,original,2,0,192,0.6
R2P3_cancel_0_10,20260526,1,original,2,1,32,0.1
R2P3_cancel_0_10,20260526,1,original,2,2,96,0.3
R2P3_cancel_0_10,20260526,1,original,2,3,0,0.0
R2P3_cancel_0_10,20260526,1,original,3,0,0,0.0
R2P3_cancel_0_10,20260526,1,original,3,1,96,0.3
R2P3_cancel_0_10,20260526,1,original,3,2,224,0.7
R2P3_cancel_0_10,20260526,1,original,3,3,0,0.0
R2P3_cancel_0_10,20260526,2,original,0,0,320,1.0
R2P3_cancel_0_10,20260526,2,original,0,1,0,0.0
R2P3_cancel_0_10,20260526,2,original,0,2,0,0.0
R2P3_cancel_0_10,20260526,2,original,0,3,0,0.0
R2P3_cancel_0_10,20260526,2,original,1,0,160,0.5
R2P3_cancel_0_10,20260526,2,original,1,1,64,0.2
R2P3_cancel_0_10,20260526,2,original,1,2,32,0.1
R2P3_cancel_0_10,20260526,2,original,1,3,64,0.2
R2P3_cancel_0_10,20260526,2,original,2,0,224,0.7
R2P3_cancel_0_10,20260526,2,original,2,1,0,0.0
R2P3_cancel_0_10,20260526,2,original,2,2,96,0.3
R2P3_cancel_0_10,20260526,2,original,2,3,0,0.0
R2P3_cancel_0_10,20260526,2,original,3,0,0,0.0
R2P3_cancel_0_10,20260526,2,original,3,1,0,0.0
R2P3_cancel_0_10,20260526,2,original,3,2,320,1.0
R2P3_cancel_0_10,20260526,2,original,3,3,0,0.0
R2P3_cancel_0_10,20260526,5,original,0,0,288,0.9
R2P3_cancel_0_10,20260526,5,original,0,1,0,0.0
R2P3_cancel_0_10,20260526,5,original,0,2,32,0.1
R2P3_cancel_0_10,20260526,5,original,0,3,0,0.0
R2P3_cancel_0_10,20260526,5,original,1,0,160,0.5
R2P3_cancel_0_10,20260526,5,original,1,1,128,0.4
R2P3_cancel_0_10,20260526,5,original,1,2,32,0.1
R2P3_cancel_0_10,20260526,5,original,1,3,0,0.0
R2P3_cancel_0_10,20260526,5,original,2,0,0,0.0
R2P3_cancel_0_10,20260526,5,original,2,1,0,0.0
R2P3_cancel_0_10,20260526,5,original,2,2,128,0.4
R2P3_cancel_0_10,20260526,5,original,2,3,192,0.6
R2P3_cancel_0_10,20260526,5,original,3,0,0,0.0
R2P3_cancel_0_10,20260526,5,original,3,1,0,0.0
R2P3_cancel_0_10,20260526,5,original,3,2,128,0.4
R2P3_cancel_0_10,20260526,5,original,3,3,192,0.6
R2P3_cancel_0_10,20260526,10,original,0,0,320,1.0
R2P3_cancel_0_10,20260526,10,original,0,1,0,0.0
R2P3_cancel_0_10,20260526,10,original,0,2,0,0.0
R2P3_cancel_0_10,20260526,10,original,0,3,0,0.0
R2P3_cancel_0_10,20260526,10,original,1,0,0,0.0
R2P3_cancel_0_10,20260526,10,original,1,1,288,0.9
R2P3_cancel_0_10,20260526,10,original,1,2,32,0.1
R2P3_cancel_0_10,20260526,10,original,1,3,0,0.0
R2P3_cancel_0_10,20260526,10,original,2,0,0,0.0
R2P3_cancel_0_10,20260526,10,original,2,1,0,0.0
R2P3_cancel_0_10,20260526,10,original,2,2,32,0.1
R2P3_cancel_0_10,20260526,10,original,2,3,288,0.9
R2P3_cancel_0_10,20260526,10,original,3,0,0,0.0
R2P3_cancel_0_10,20260526,10,original,3,1,0,0.0
R2P3_cancel_0_10,20260526,10,original,3,2,320,1.0
R2P3_cancel_0_10,20260526,10,original,3,3,0,0.0
R2P3_cancel_0_10,20260526,20,original,0,0,320,1.0
R2P3_cancel_0_10,20260526,20,original,0,1,0,0.0
R2P3_cancel_0_10,20260526,20,original,0,2,0,0.0
R2P3_cancel_0_10,20260526,20,original,0,3,0,0.0
R2P3_cancel_0_10,20260526,20,original,1,0,0,0.0
R2P3_cancel_0_10,20260526,20,original,1,1,320,1.0
R2P3_cancel_0_10,20260526,20,original,1,2,0,0.0
R2P3_cancel_0_10,20260526,20,original,1,3,0,0.0
R2P3_cancel_0_10,20260526,20,original,2,0,0,0.0
R2P3_cancel_0_10,20260526,20,original,2,1,0,0.0
R2P3_cancel_0_10,20260526,20,original,2,2,0,0.0
R2P3_cancel_0_10,20260526,20,original,2,3,320,1.0
R2P3_cancel_0_10,20260526,20,original,3,0,0,0.0
R2P3_cancel_0_10,20260526,20,original,3,1,0,0.0
R2P3_cancel_0_10,20260526,20,original,3,2,32,0.1
R2P3_cancel_0_10,20260526,20,original,3,3,288,0.9
R2P3_cancel_0_10,20260526,50,original,0,0,320,1.0
R2P3_cancel_0_10,20260526,50,original,0,1,0,0.0
R2P3_cancel_0_10,20260526,50,original,0,2,0,0.0
R2P3_cancel_0_10,20260526,50,original,0,3,0,0.0
R2P3_cancel_0_10,20260526,50,original,1,0,0,0.0
R2P3_cancel_0_10,20260526,50,original,1,1,320,1.0
R2P3_cancel_0_10,20260526,50,original,1,2,0,0.0
R2P3_cancel_0_10,20260526,50,original,1,3,0,0.0
R2P3_cancel_0_10,20260526,50,original,2,0,0,0.0
R2P3_cancel_0_10,20260526,50,original,2,1,0,0.0
R2P3_cancel_0_10,20260526,50,original,2,2,0,0.0
R2P3_cancel_0_10,20260526,50,original,2,3,320,1.0
R2P3_cancel_0_10,20260526,50,original,3,0,0,0.0
R2P3_cancel_0_10,20260526,50,original,3,1,0,0.0
R2P3_cancel_0_10,20260526,50,original,3,2,32,0.1
R2P3_cancel_0_10,20260526,50,original,3,3,288,0.9
R2P3_cancel_0_10,20260526,1600,original,0,0,320,1.0
R2P3_cancel_0_10,20260526,1600,original,0,1,0,0.0
R2P3_cancel_0_10,20260526,1600,original,0,2,0,0.0
R2P3_cancel_0_10,20260526,1600,original,0,3,0,0.0
R2P3_cancel_0_10,20260526,1600,original,1,0,0,0.0
R2P3_cancel_0_10,20260526,1600,original,1,1,320,1.0
R2P3_cancel_0_10,20260526,1600,original,1,2,0,0.0
R2P3_cancel_0_10,20260526,1600,original,1,3,0,0.0
R2P3_cancel_0_10,20260526,1600,original,2,0,0,0.0
R2P3_cancel_0_10,20260526,1600,original,2,1,0,0.0
R2P3_cancel_0_10,20260526,1600,original,2,2,0,0.0
R2P3_cancel_0_10,20260526,1600,original,2,3,320,1.0
R2P3_cancel_0_10,20260526,1600,original,3,0,0,0.0
R2P3_cancel_0_10,20260526,1600,original,3,1,0,0.0
R2P3_cancel_0_10,20260526,1600,original,3,2,32,0.1
R2P3_cancel_0_10,20260526,1600,original,3,3,288,0.9
R2P3_cancel_0_10,20260527,0,original,0,0,256,0.8
R2P3_cancel_0_10,20260527,0,original,0,1,0,0.0
R2P3_cancel_0_10,20260527,0,original,0,2,0,0.0
R2P3_cancel_0_10,20260527,0,original,0,3,64,0.2
R2P3_cancel_0_10,20260527,0,original,1,0,0,0.0
R2P3_cancel_0_10,20260527,0,original,1,1,0,0.0
R2P3_cancel_0_10,20260527,0,original,1,2,288,0.9
R2P3_cancel_0_10,20260527,0,original,1,3,32,0.1
R2P3_cancel_0_10,20260527,0,original,2,0,0,0.0
R2P3_cancel_0_10,20260527,0,original,2,1,0,0.0
R2P3_cancel_0_10,20260527,0,original,2,2,288,0.9
R2P3_cancel_0_10,20260527,0,original,2,3,32,0.1
R2P3_cancel_0_10,20260527,0,original,3,0,128,0.4
R2P3_cancel_0_10,20260527,0,original,3,1,0,0.0
R2P3_cancel_0_10,20260527,0,original,3,2,0,0.0
R2P3_cancel_0_10,20260527,0,original,3,3,192,0.6
R2P3_cancel_0_10,20260527,1,original,0,0,256,0.8
R2P3_cancel_0_10,20260527,1,original,0,1,0,0.0
R2P3_cancel_0_10,20260527,1,original,0,2,0,0.0
R2P3_cancel_0_10,20260527,1,original,0,3,64,0.2
R2P3_cancel_0_10,20260527,1,original,1,0,0,0.0
R2P3_cancel_0_10,20260527,1,original,1,1,0,0.0
R2P3_cancel_0_10,20260527,1,original,1,2,288,0.9
R2P3_cancel_0_10,20260527,1,original,1,3,32,0.1
R2P3_cancel_0_10,20260527,1,original,2,0,0,0.0
R2P3_cancel_0_10,20260527,1,original,2,1,0,0.0
R2P3_cancel_0_10,20260527,1,original,2,2,320,1.0
R2P3_cancel_0_10,20260527,1,original,2,3,0,0.0
R2P3_cancel_0_10,20260527,1,original,3,0,128,0.4
R2P3_cancel_0_10,20260527,1,original,3,1,0,0.0
R2P3_cancel_0_10,20260527,1,original,3,2,0,0.0
R2P3_cancel_0_10,20260527,1,original,3,3,192,0.6
R2P3_cancel_0_10,20260527,2,original,0,0,256,0.8
R2P3_cancel_0_10,20260527,2,original,0,1,0,0.0
R2P3_cancel_0_10,20260527,2,original,0,2,0,0.0
R2P3_cancel_0_10,20260527,2,original,0,3,64,0.2
R2P3_cancel_0_10,20260527,2,original,1,0,0,0.0
R2P3_cancel_0_10,20260527,2,original,1,1,0,0.0
R2P3_cancel_0_10,20260527,2,original,1,2,288,0.9
R2P3_cancel_0_10,20260527,2,original,1,3,32,0.1
R2P3_cancel_0_10,20260527,2,original,2,0,0,0.0
R2P3_cancel_0_10,20260527,2,original,2,1,0,0.0
R2P3_cancel_0_10,20260527,2,original,2,2,320,1.0
R2P3_cancel_0_10,20260527,2,original,2,3,0,0.0
R2P3_cancel_0_10,20260527,2,original,3,0,64,0.2
R2P3_cancel_0_10,20260527,2,original,3,1,0,0.0
R2P3_cancel_0_10,20260527,2,original,3,2,0,0.0
R2P3_cancel_0_10,20260527,2,original,3,3,256,0.8
R2P3_cancel_0_10,20260527,5,original,0,0,288,0.9
R2P3_cancel_0_10,20260527,5,original,0,1,0,0.0
R2P3_cancel_0_10,20260527,5,original,0,2,0,0.0
R2P3_cancel_0_10,20260527,5,original,0,3,32,0.1
R2P3_cancel_0_10,20260527,5,original,1,0,0,0.0
R2P3_cancel_0_10,20260527,5,original,1,1,0,0.0
R2P3_cancel_0_10,20260527,5,original,1,2,288,0.9
R2P3_cancel_0_10,20260527,5,original,1,3,32,0.1
R2P3_cancel_0_10,20260527,5,original,2,0,0,0.0
R2P3_cancel_0_10,20260527,5,original,2,1,0,0.0
R2P3_cancel_0_10,20260527,5,original,2,2,320,1.0
R2P3_cancel_0_10,20260527,5,original,2,3,0,0.0
R2P3_cancel_0_10,20260527,5,original,3,0,0,0.0
R2P3_cancel_0_10,20260527,5,original,3,1,0,0.0
R2P3_cancel_0_10,20260527,5,original,3,2,0,0.0
R2P3_cancel_0_10,20260527,5,original,3,3,320,1.0
R2P3_cancel_0_10,20260527,10,original,0,0,288,0.9
R2P3_cancel_0_10,20260527,10,original,0,1,32,0.1
R2P3_cancel_0_10,20260527,10,original,0,2,0,0.0
R2P3_cancel_0_10,20260527,10,original,0,3,0,0.0
R2P3_cancel_0_10,20260527,10,original,1,0,0,0.0
R2P3_cancel_0_10,20260527,10,original,1,1,32,0.1
R2P3_cancel_0_10,20260527,10,original,1,2,288,0.9
R2P3_cancel_0_10,20260527,10,original,1,3,0,0.0
R2P3_cancel_0_10,20260527,10,original,2,0,0,0.0
R2P3_cancel_0_10,20260527,10,original,2,1,32,0.1
R2P3_cancel_0_10,20260527,10,original,2,2,288,0.9
R2P3_cancel_0_10,20260527,10,original,2,3,0,0.0
R2P3_cancel_0_10,20260527,10,original,3,0,0,0.0
R2P3_cancel_0_10,20260527,10,original,3,1,0,0.0
R2P3_cancel_0_10,20260527,10,original,3,2,0,0.0
R2P3_cancel_0_10,20260527,10,original,3,3,320,1.0
R2P3_cancel_0_10,20260527,20,original,0,0,320,1.0
R2P3_cancel_0_10,20260527,20,original,0,1,0,0.0
R2P3_cancel_0_10,20260527,20,original,0,2,0,0.0
R2P3_cancel_0_10,20260527,20,original,0,3,0,0.0
R2P3_cancel_0_10,20260527,20,original,1,0,0,0.0
R2P3_cancel_0_10,20260527,20,original,1,1,0,0.0
R2P3_cancel_0_10,20260527,20,original,1,2,320,1.0
R2P3_cancel_0_10,20260527,20,original,1,3,0,0.0
R2P3_cancel_0_10,20260527,20,original,2,0,0,0.0
R2P3_cancel_0_10,20260527,20,original,2,1,0,0.0
R2P3_cancel_0_10,20260527,20,original,2,2,320,1.0
R2P3_cancel_0_10,20260527,20,original,2,3,0,0.0
R2P3_cancel_0_10,20260527,20,original,3,0,0,0.0
R2P3_cancel_0_10,20260527,20,original,3,1,0,0.0
R2P3_cancel_0_10,20260527,20,original,3,2,0,0.0
R2P3_cancel_0_10,20260527,20,original,3,3,320,1.0
R2P3_cancel_0_10,20260527,50,original,0,0,320,1.0
R2P3_cancel_0_10,20260527,50,original,0,1,0,0.0
R2P3_cancel_0_10,20260527,50,original,0,2,0,0.0
R2P3_cancel_0_10,20260527,50,original,0,3,0,0.0
R2P3_cancel_0_10,20260527,50,original,1,0,0,0.0
R2P3_cancel_0_10,20260527,50,original,1,1,0,0.0
R2P3_cancel_0_10,20260527,50,original,1,2,320,1.0
R2P3_cancel_0_10,20260527,50,original,1,3,0,0.0
R2P3_cancel_0_10,20260527,50,original,2,0,0,0.0
R2P3_cancel_0_10,20260527,50,original,2,1,0,0.0
R2P3_cancel_0_10,20260527,50,original,2,2,320,1.0
R2P3_cancel_0_10,20260527,50,original,2,3,0,0.0
R2P3_cancel_0_10,20260527,50,original,3,0,0,0.0
R2P3_cancel_0_10,20260527,50,original,3,1,0,0.0
R2P3_cancel_0_10,20260527,50,original,3,2,0,0.0
R2P3_cancel_0_10,20260527,50,original,3,3,320,1.0
R2P3_cancel_0_10,20260527,1600,original,0,0,320,1.0
R2P3_cancel_0_10,20260527,1600,original,0,1,0,0.0
R2P3_cancel_0_10,20260527,1600,original,0,2,0,0.0
R2P3_cancel_0_10,20260527,1600,original,0,3,0,0.0
R2P3_cancel_0_10,20260527,1600,original,1,0,0,0.0
R2P3_cancel_0_10,20260527,1600,original,1,1,0,0.0
R2P3_cancel_0_10,20260527,1600,original,1,2,320,1.0
R2P3_cancel_0_10,20260527,1600,original,1,3,0,0.0
R2P3_cancel_0_10,20260527,1600,original,2,0,0,0.0
R2P3_cancel_0_10,20260527,1600,original,2,1,0,0.0
R2P3_cancel_0_10,20260527,1600,original,2,2,320,1.0
R2P3_cancel_0_10,20260527,1600,original,2,3,0,0.0
R2P3_cancel_0_10,20260527,1600,original,3,0,0,0.0
R2P3_cancel_0_10,20260527,1600,original,3,1,0,0.0
R2P3_cancel_0_10,20260527,1600,original,3,2,0,0.0
R2P3_cancel_0_10,20260527,1600,original,3,3,320,1.0
R2P3_cancel_0_10,20260528,0,original,0,0,0,0.0
R2P3_cancel_0_10,20260528,0,original,0,1,128,0.4
R2P3_cancel_0_10,20260528,0,original,0,2,128,0.4
R2P3_cancel_0_10,20260528,0,original,0,3,64,0.2
R2P3_cancel_0_10,20260528,0,original,1,0,0,0.0
R2P3_cancel_0_10,20260528,0,original,1,1,0,0.0
R2P3_cancel_0_10,20260528,0,original,1,2,0,0.0
R2P3_cancel_0_10,20260528,0,original,1,3,320,1.0
R2P3_cancel_0_10,20260528,0,original,2,0,0,0.0
R2P3_cancel_0_10,20260528,0,original,2,1,160,0.5
R2P3_cancel_0_10,20260528,0,original,2,2,0,0.0
R2P3_cancel_0_10,20260528,0,original,2,3,160,0.5
R2P3_cancel_0_10,20260528,0,original,3,0,0,0.0
R2P3_cancel_0_10,20260528,0,original,3,1,0,0.0
R2P3_cancel_0_10,20260528,0,original,3,2,320,1.0
R2P3_cancel_0_10,20260528,0,original,3,3,0,0.0
R2P3_cancel_0_10,20260528,1,original,0,0,0,0.0
R2P3_cancel_0_10,20260528,1,original,0,1,128,0.4
R2P3_cancel_0_10,20260528,1,original,0,2,160,0.5
R2P3_cancel_0_10,20260528,1,original,0,3,32,0.1
R2P3_cancel_0_10,20260528,1,original,1,0,0,0.0
R2P3_cancel_0_10,20260528,1,original,1,1,0,0.0
R2P3_cancel_0_10,20260528,1,original,1,2,0,0.0
R2P3_cancel_0_10,20260528,1,original,1,3,320,1.0
R2P3_cancel_0_10,20260528,1,original,2,0,0,0.0
R2P3_cancel_0_10,20260528,1,original,2,1,128,0.4
R2P3_cancel_0_10,20260528,1,original,2,2,0,0.0
R2P3_cancel_0_10,20260528,1,original,2,3,192,0.6
R2P3_cancel_0_10,20260528,1,original,3,0,0,0.0
R2P3_cancel_0_10,20260528,1,original,3,1,0,0.0
R2P3_cancel_0_10,20260528,1,original,3,2,320,1.0
R2P3_cancel_0_10,20260528,1,original,3,3,0,0.0
R2P3_cancel_0_10,20260528,2,original,0,0,32,0.1
R2P3_cancel_0_10,20260528,2,original,0,1,96,0.3
R2P3_cancel_0_10,20260528,2,original,0,2,192,0.6
R2P3_cancel_0_10,20260528,2,original,0,3,0,0.0
R2P3_cancel_0_10,20260528,2,original,1,0,0,0.0
R2P3_cancel_0_10,20260528,2,original,1,1,32,0.1
R2P3_cancel_0_10,20260528,2,original,1,2,0,0.0
R2P3_cancel_0_10,20260528,2,original,1,3,288,0.9
R2P3_cancel_0_10,20260528,2,original,2,0,0,0.0
R2P3_cancel_0_10,20260528,2,original,2,1,96,0.3
R2P3_cancel_0_10,20260528,2,original,2,2,0,0.0
R2P3_cancel_0_10,20260528,2,original,2,3,224,0.7
R2P3_cancel_0_10,20260528,2,original,3,0,0,0.0
R2P3_cancel_0_10,20260528,2,original,3,1,0,0.0
R2P3_cancel_0_10,20260528,2,original,3,2,320,1.0
R2P3_cancel_0_10,20260528,2,original,3,3,0,0.0
R2P3_cancel_0_10,20260528,5,original,0,0,224,0.7
R2P3_cancel_0_10,20260528,5,original,0,1,96,0.3
R2P3_cancel_0_10,20260528,5,original,0,2,0,0.0
R2P3_cancel_0_10,20260528,5,original,0,3,0,0.0
R2P3_cancel_0_10,20260528,5,original,1,0,0,0.0
R2P3_cancel_0_10,20260528,5,original,1,1,32,0.1
R2P3_cancel_0_10,20260528,5,original,1,2,0,0.0
R2P3_cancel_0_10,20260528,5,original,1,3,288,0.9
R2P3_cancel_0_10,20260528,5,original,2,0,0,0.0
R2P3_cancel_0_10,20260528,5,original,2,1,96,0.3
R2P3_cancel_0_10,20260528,5,original,2,2,0,0.0
R2P3_cancel_0_10,20260528,5,original,2,3,224,0.7
R2P3_cancel_0_10,20260528,5,original,3,0,0,0.0
R2P3_cancel_0_10,20260528,5,original,3,1,0,0.0
R2P3_cancel_0_10,20260528,5,original,3,2,320,1.0
R2P3_cancel_0_10,20260528,5,original,3,3,0,0.0
R2P3_cancel_0_10,20260528,10,original,0,0,288,0.9
R2P3_cancel_0_10,20260528,10,original,0,1,32,0.1
R2P3_cancel_0_10,20260528,10,original,0,2,0,0.0
R2P3_cancel_0_10,20260528,10,original,0,3,0,0.0
R2P3_cancel_0_10,20260528,10,original,1,0,0,0.0
R2P3_cancel_0_10,20260528,10,original,1,1,0,0.0
R2P3_cancel_0_10,20260528,10,original,1,2,0,0.0
R2P3_cancel_0_10,20260528,10,original,1,3,320,1.0
R2P3_cancel_0_10,20260528,10,original,2,0,0,0.0
R2P3_cancel_0_10,20260528,10,original,2,1,320,1.0
R2P3_cancel_0_10,20260528,10,original,2,2,0,0.0
R2P3_cancel_0_10,20260528,10,original,2,3,0,0.0
R2P3_cancel_0_10,20260528,10,original,3,0,0,0.0
R2P3_cancel_0_10,20260528,10,original,3,1,0,0.0
R2P3_cancel_0_10,20260528,10,original,3,2,320,1.0
R2P3_cancel_0_10,20260528,10,original,3,3,0,0.0
R2P3_cancel_0_10,20260528,20,original,0,0,0,0.0
R2P3_cancel_0_10,20260528,20,original,0,1,320,1.0
R2P3_cancel_0_10,20260528,20,original,0,2,0,0.0
R2P3_cancel_0_10,20260528,20,original,0,3,0,0.0
R2P3_cancel_0_10,20260528,20,original,1,0,0,0.0
R2P3_cancel_0_10,20260528,20,original,1,1,0,0.0
R2P3_cancel_0_10,20260528,20,original,1,2,0,0.0
R2P3_cancel_0_10,20260528,20,original,1,3,320,1.0
R2P3_cancel_0_10,20260528,20,original,2,0,0,0.0
R2P3_cancel_0_10,20260528,20,original,2,1,320,1.0
R2P3_cancel_0_10,20260528,20,original,2,2,0,0.0
R2P3_cancel_0_10,20260528,20,original,2,3,0,0.0
R2P3_cancel_0_10,20260528,20,original,3,0,0,0.0
R2P3_cancel_0_10,20260528,20,original,3,1,0,0.0
R2P3_cancel_0_10,20260528,20,original,3,2,320,1.0
R2P3_cancel_0_10,20260528,20,original,3,3,0,0.0
R2P3_cancel_0_10,20260528,50,original,0,0,0,0.0
R2P3_cancel_0_10,20260528,50,original,0,1,320,1.0
R2P3_cancel_0_10,20260528,50,original,0,2,0,0.0
R2P3_cancel_0_10,20260528,50,original,0,3,0,0.0
R2P3_cancel_0_10,20260528,50,original,1,0,0,0.0
R2P3_cancel_0_10,20260528,50,original,1,1,0,0.0
R2P3_cancel_0_10,20260528,50,original,1,2,0,0.0
R2P3_cancel_0_10,20260528,50,original,1,3,320,1.0
R2P3_cancel_0_10,20260528,50,original,2,0,0,0.0
R2P3_cancel_0_10,20260528,50,original,2,1,320,1.0
R2P3_cancel_0_10,20260528,50,original,2,2,0,0.0
R2P3_cancel_0_10,20260528,50,original,2,3,0,0.0
R2P3_cancel_0_10,20260528,50,original,3,0,0,0.0
R2P3_cancel_0_10,20260528,50,original,3,1,0,0.0
R2P3_cancel_0_10,20260528,50,original,3,2,320,1.0
R2P3_cancel_0_10,20260528,50,original,3,3,0,0.0
R2P3_cancel_0_10,20260528,1600,original,0,0,0,0.0
R2P3_cancel_0_10,20260528,1600,original,0,1,320,1.0
R2P3_cancel_0_10,20260528,1600,original,0,2,0,0.0
R2P3_cancel_0_10,20260528,1600,original,0,3,0,0.0
R2P3_cancel_0_10,20260528,1600,original,1,0,0,0.0
R2P3_cancel_0_10,20260528,1600,original,1,1,0,0.0
R2P3_cancel_0_10,20260528,1600,original,1,2,0,0.0
R2P3_cancel_0_10,20260528,1600,original,1,3,320,1.0
R2P3_cancel_0_10,20260528,1600,original,2,0,0,0.0
R2P3_cancel_0_10,20260528,1600,original,2,1,320,1.0
R2P3_cancel_0_10,20260528,1600,original,2,2,0,0.0
R2P3_cancel_0_10,20260528,1600,original,2,3,0,0.0
R2P3_cancel_0_10,20260528,1600,original,3,0,0,0.0
R2P3_cancel_0_10,20260528,1600,original,3,1,0,0.0
R2P3_cancel_0_10,20260528,1600,original,3,2,320,1.0
R2P3_cancel_0_10,20260528,1600,original,3,3,0,0.0
R2P3_cancel_0_final,20260521,0,original,0,0,128,0.4
R2P3_cancel_0_final,20260521,0,original,0,1,64,0.2
R2P3_cancel_0_final,20260521,0,original,0,2,0,0.0
R2P3_cancel_0_final,20260521,0,original,0,3,128,0.4
R2P3_cancel_0_final,20260521,0,original,1,0,0,0.0
R2P3_cancel_0_final,20260521,0,original,1,1,128,0.4
R2P3_cancel_0_final,20260521,0,original,1,2,96,0.3
R2P3_cancel_0_final,20260521,0,original,1,3,96,0.3
R2P3_cancel_0_final,20260521,0,original,2,0,0,0.0
R2P3_cancel_0_final,20260521,0,original,2,1,256,0.8
R2P3_cancel_0_final,20260521,0,original,2,2,32,0.1
R2P3_cancel_0_final,20260521,0,original,2,3,32,0.1
R2P3_cancel_0_final,20260521,0,original,3,0,32,0.1
R2P3_cancel_0_final,20260521,0,original,3,1,192,0.6
R2P3_cancel_0_final,20260521,0,original,3,2,32,0.1
R2P3_cancel_0_final,20260521,0,original,3,3,64,0.2
R2P3_cancel_0_final,20260521,1,original,0,0,0,0.0
R2P3_cancel_0_final,20260521,1,original,0,1,128,0.4
R2P3_cancel_0_final,20260521,1,original,0,2,0,0.0
R2P3_cancel_0_final,20260521,1,original,0,3,192,0.6
R2P3_cancel_0_final,20260521,1,original,1,0,0,0.0
R2P3_cancel_0_final,20260521,1,original,1,1,160,0.5
R2P3_cancel_0_final,20260521,1,original,1,2,64,0.2
R2P3_cancel_0_final,20260521,1,original,1,3,96,0.3
R2P3_cancel_0_final,20260521,1,original,2,0,32,0.1
R2P3_cancel_0_final,20260521,1,original,2,1,224,0.7
R2P3_cancel_0_final,20260521,1,original,2,2,32,0.1
R2P3_cancel_0_final,20260521,1,original,2,3,32,0.1
R2P3_cancel_0_final,20260521,1,original,3,0,64,0.2
R2P3_cancel_0_final,20260521,1,original,3,1,224,0.7
R2P3_cancel_0_final,20260521,1,original,3,2,0,0.0
R2P3_cancel_0_final,20260521,1,original,3,3,32,0.1
R2P3_cancel_0_final,20260521,2,original,0,0,0,0.0
R2P3_cancel_0_final,20260521,2,original,0,1,128,0.4
R2P3_cancel_0_final,20260521,2,original,0,2,0,0.0
R2P3_cancel_0_final,20260521,2,original,0,3,192,0.6
R2P3_cancel_0_final,20260521,2,original,1,0,0,0.0
R2P3_cancel_0_final,20260521,2,original,1,1,224,0.7
R2P3_cancel_0_final,20260521,2,original,1,2,0,0.0
R2P3_cancel_0_final,20260521,2,original,1,3,96,0.3
R2P3_cancel_0_final,20260521,2,original,2,0,96,0.3
R2P3_cancel_0_final,20260521,2,original,2,1,160,0.5
R2P3_cancel_0_final,20260521,2,original,2,2,64,0.2
R2P3_cancel_0_final,20260521,2,original,2,3,0,0.0
R2P3_cancel_0_final,20260521,2,original,3,0,96,0.3
R2P3_cancel_0_final,20260521,2,original,3,1,192,0.6
R2P3_cancel_0_final,20260521,2,original,3,2,0,0.0
R2P3_cancel_0_final,20260521,2,original,3,3,32,0.1
R2P3_cancel_0_final,20260521,5,original,0,0,0,0.0
R2P3_cancel_0_final,20260521,5,original,0,1,0,0.0
R2P3_cancel_0_final,20260521,5,original,0,2,0,0.0
R2P3_cancel_0_final,20260521,5,original,0,3,320,1.0
R2P3_cancel_0_final,20260521,5,original,1,0,32,0.1
R2P3_cancel_0_final,20260521,5,original,1,1,288,0.9
R2P3_cancel_0_final,20260521,5,original,1,2,0,0.0
R2P3_cancel_0_final,20260521,5,original,1,3,0,0.0
R2P3_cancel_0_final,20260521,5,original,2,0,0,0.0
R2P3_cancel_0_final,20260521,5,original,2,1,0,0.0
R2P3_cancel_0_final,20260521,5,original,2,2,320,1.0
R2P3_cancel_0_final,20260521,5,original,2,3,0,0.0
R2P3_cancel_0_final,20260521,5,original,3,0,160,0.5
R2P3_cancel_0_final,20260521,5,original,3,1,160,0.5
R2P3_cancel_0_final,20260521,5,original,3,2,0,0.0
R2P3_cancel_0_final,20260521,5,original,3,3,0,0.0
R2P3_cancel_0_final,20260521,10,original,0,0,0,0.0
R2P3_cancel_0_final,20260521,10,original,0,1,0,0.0
R2P3_cancel_0_final,20260521,10,original,0,2,0,0.0
R2P3_cancel_0_final,20260521,10,original,0,3,320,1.0
R2P3_cancel_0_final,20260521,10,original,1,0,0,0.0
R2P3_cancel_0_final,20260521,10,original,1,1,320,1.0
R2P3_cancel_0_final,20260521,10,original,1,2,0,0.0
R2P3_cancel_0_final,20260521,10,original,1,3,0,0.0
R2P3_cancel_0_final,20260521,10,original,2,0,0,0.0
R2P3_cancel_0_final,20260521,10,original,2,1,0,0.0
R2P3_cancel_0_final,20260521,10,original,2,2,320,1.0
R2P3_cancel_0_final,20260521,10,original,2,3,0,0.0
R2P3_cancel_0_final,20260521,10,original,3,0,320,1.0
R2P3_cancel_0_final,20260521,10,original,3,1,0,0.0
R2P3_cancel_0_final,20260521,10,original,3,2,0,0.0
R2P3_cancel_0_final,20260521,10,original,3,3,0,0.0
R2P3_cancel_0_final,20260521,20,original,0,0,0,0.0
R2P3_cancel_0_final,20260521,20,original,0,1,0,0.0
R2P3_cancel_0_final,20260521,20,original,0,2,0,0.0
R2P3_cancel_0_final,20260521,20,original,0,3,320,1.0
R2P3_cancel_0_final,20260521,20,original,1,0,0,0.0
R2P3_cancel_0_final,20260521,20,original,1,1,320,1.0
R2P3_cancel_0_final,20260521,20,original,1,2,0,0.0
R2P3_cancel_0_final,20260521,20,original,1,3,0,0.0
R2P3_cancel_0_final,20260521,20,original,2,0,0,0.0
R2P3_cancel_0_final,20260521,20,original,2,1,0,0.0
R2P3_cancel_0_final,20260521,20,original,2,2,320,1.0
R2P3_cancel_0_final,20260521,20,original,2,3,0,0.0
R2P3_cancel_0_final,20260521,20,original,3,0,320,1.0
R2P3_cancel_0_final,20260521,20,original,3,1,0,0.0
R2P3_cancel_0_final,20260521,20,original,3,2,0,0.0
R2P3_cancel_0_final,20260521,20,original,3,3,0,0.0
R2P3_cancel_0_final,20260521,50,original,0,0,0,0.0
R2P3_cancel_0_final,20260521,50,original,0,1,0,0.0
R2P3_cancel_0_final,20260521,50,original,0,2,0,0.0
R2P3_cancel_0_final,20260521,50,original,0,3,320,1.0
R2P3_cancel_0_final,20260521,50,original,1,0,0,0.0
R2P3_cancel_0_final,20260521,50,original,1,1,320,1.0
R2P3_cancel_0_final,20260521,50,original,1,2,0,0.0
R2P3_cancel_0_final,20260521,50,original,1,3,0,0.0
R2P3_cancel_0_final,20260521,50,original,2,0,0,0.0
R2P3_cancel_0_final,20260521,50,original,2,1,0,0.0
R2P3_cancel_0_final,20260521,50,original,2,2,320,1.0
R2P3_cancel_0_final,20260521,50,original,2,3,0,0.0
R2P3_cancel_0_final,20260521,50,original,3,0,320,1.0
R2P3_cancel_0_final,20260521,50,original,3,1,0,0.0
R2P3_cancel_0_final,20260521,50,original,3,2,0,0.0
R2P3_cancel_0_final,20260521,50,original,3,3,0,0.0
R2P3_cancel_0_final,20260521,1600,original,0,0,0,0.0
R2P3_cancel_0_final,20260521,1600,original,0,1,0,0.0
R2P3_cancel_0_final,20260521,1600,original,0,2,0,0.0
R2P3_cancel_0_final,20260521,1600,original,0,3,320,1.0
R2P3_cancel_0_final,20260521,1600,original,1,0,0,0.0
R2P3_cancel_0_final,20260521,1600,original,1,1,320,1.0
R2P3_cancel_0_final,20260521,1600,original,1,2,0,0.0
R2P3_cancel_0_final,20260521,1600,original,1,3,0,0.0
R2P3_cancel_0_final,20260521,1600,original,2,0,0,0.0
R2P3_cancel_0_final,20260521,1600,original,2,1,0,0.0
R2P3_cancel_0_final,20260521,1600,original,2,2,320,1.0
R2P3_cancel_0_final,20260521,1600,original,2,3,0,0.0
R2P3_cancel_0_final,20260521,1600,original,3,0,320,1.0
R2P3_cancel_0_final,20260521,1600,original,3,1,0,0.0
R2P3_cancel_0_final,20260521,1600,original,3,2,0,0.0
R2P3_cancel_0_final,20260521,1600,original,3,3,0,0.0
R2P3_cancel_0_final,20260522,0,original,0,0,32,0.1
R2P3_cancel_0_final,20260522,0,original,0,1,0,0.0
R2P3_cancel_0_final,20260522,0,original,0,2,96,0.3
R2P3_cancel_0_final,20260522,0,original,0,3,192,0.6
R2P3_cancel_0_final,20260522,0,original,1,0,32,0.1
R2P3_cancel_0_final,20260522,0,original,1,1,256,0.8
R2P3_cancel_0_final,20260522,0,original,1,2,32,0.1
R2P3_cancel_0_final,20260522,0,original,1,3,0,0.0
R2P3_cancel_0_final,20260522,0,original,2,0,96,0.3
R2P3_cancel_0_final,20260522,0,original,2,1,224,0.7
R2P3_cancel_0_final,20260522,0,original,2,2,0,0.0
R2P3_cancel_0_final,20260522,0,original,2,3,0,0.0
R2P3_cancel_0_final,20260522,0,original,3,0,64,0.2
R2P3_cancel_0_final,20260522,0,original,3,1,256,0.8
R2P3_cancel_0_final,20260522,0,original,3,2,0,0.0
R2P3_cancel_0_final,20260522,0,original,3,3,0,0.0
R2P3_cancel_0_final,20260522,1,original,0,0,32,0.1
R2P3_cancel_0_final,20260522,1,original,0,1,0,0.0
R2P3_cancel_0_final,20260522,1,original,0,2,64,0.2
R2P3_cancel_0_final,20260522,1,original,0,3,224,0.7
R2P3_cancel_0_final,20260522,1,original,1,0,0,0.0
R2P3_cancel_0_final,20260522,1,original,1,1,256,0.8
R2P3_cancel_0_final,20260522,1,original,1,2,64,0.2
R2P3_cancel_0_final,20260522,1,original,1,3,0,0.0
R2P3_cancel_0_final,20260522,1,original,2,0,128,0.4
R2P3_cancel_0_final,20260522,1,original,2,1,192,0.6
R2P3_cancel_0_final,20260522,1,original,2,2,0,0.0
R2P3_cancel_0_final,20260522,1,original,2,3,0,0.0
R2P3_cancel_0_final,20260522,1,original,3,0,96,0.3
R2P3_cancel_0_final,20260522,1,original,3,1,224,0.7
R2P3_cancel_0_final,20260522,1,original,3,2,0,0.0
R2P3_cancel_0_final,20260522,1,original,3,3,0,0.0
R2P3_cancel_0_final,20260522,2,original,0,0,32,0.1
R2P3_cancel_0_final,20260522,2,original,0,1,0,0.0
R2P3_cancel_0_final,20260522,2,original,0,2,64,0.2
R2P3_cancel_0_final,20260522,2,original,0,3,224,0.7
R2P3_cancel_0_final,20260522,2,original,1,0,0,0.0
R2P3_cancel_0_final,20260522,2,original,1,1,256,0.8
R2P3_cancel_0_final,20260522,2,original,1,2,64,0.2
R2P3_cancel_0_final,20260522,2,original,1,3,0,0.0
R2P3_cancel_0_final,20260522,2,original,2,0,128,0.4
R2P3_cancel_0_final,20260522,2,original,2,1,192,0.6
R2P3_cancel_0_final,20260522,2,original,2,2,0,0.0
R2P3_cancel_0_final,20260522,2,original,2,3,0,0.0
R2P3_cancel_0_final,20260522,2,original,3,0,128,0.4
R2P3_cancel_0_final,20260522,2,original,3,1,0,0.0
R2P3_cancel_0_final,20260522,2,original,3,2,0,0.0
R2P3_cancel_0_final,20260522,2,original,3,3,192,0.6
R2P3_cancel_0_final,20260522,5,original,0,0,32,0.1
R2P3_cancel_0_final,20260522,5,original,0,1,0,0.0
R2P3_cancel_0_final,20260522,5,original,0,2,32,0.1
R2P3_cancel_0_final,20260522,5,original,0,3,256,0.8
R2P3_cancel_0_final,20260522,5,original,1,0,0,0.0
R2P3_cancel_0_final,20260522,5,original,1,1,288,0.9
R2P3_cancel_0_final,20260522,5,original,1,2,32,0.1
R2P3_cancel_0_final,20260522,5,original,1,3,0,0.0
R2P3_cancel_0_final,20260522,5,original,2,0,96,0.3
R2P3_cancel_0_final,20260522,5,original,2,1,0,0.0
R2P3_cancel_0_final,20260522,5,original,2,2,0,0.0
R2P3_cancel_0_final,20260522,5,original,2,3,224,0.7
R2P3_cancel_0_final,20260522,5,original,3,0,160,0.5
R2P3_cancel_0_final,20260522,5,original,3,1,0,0.0
R2P3_cancel_0_final,20260522,5,original,3,2,0,0.0
R2P3_cancel_0_final,20260522,5,original,3,3,160,0.5
R2P3_cancel_0_final,20260522,10,original,0,0,32,0.1
R2P3_cancel_0_final,20260522,10,original,0,1,0,0.0
R2P3_cancel_0_final,20260522,10,original,0,2,0,0.0
R2P3_cancel_0_final,20260522,10,original,0,3,288,0.9
R2P3_cancel_0_final,20260522,10,original,1,0,0,0.0
R2P3_cancel_0_final,20260522,10,original,1,1,288,0.9
R2P3_cancel_0_final,20260522,10,original,1,2,32,0.1
R2P3_cancel_0_final,20260522,10,original,1,3,0,0.0
R2P3_cancel_0_final,20260522,10,original,2,0,64,0.2
R2P3_cancel_0_final,20260522,10,original,2,1,0,0.0
R2P3_cancel_0_final,20260522,10,original,2,2,0,0.0
R2P3_cancel_0_final,20260522,10,original,2,3,256,0.8
R2P3_cancel_0_final,20260522,10,original,3,0,320,1.0
R2P3_cancel_0_final,20260522,10,original,3,1,0,0.0
R2P3_cancel_0_final,20260522,10,original,3,2,0,0.0
R2P3_cancel_0_final,20260522,10,original,3,3,0,0.0
R2P3_cancel_0_final,20260522,20,original,0,0,0,0.0
R2P3_cancel_0_final,20260522,20,original,0,1,0,0.0
R2P3_cancel_0_final,20260522,20,original,0,2,0,0.0
R2P3_cancel_0_final,20260522,20,original,0,3,320,1.0
R2P3_cancel_0_final,20260522,20,original,1,0,0,0.0
R2P3_cancel_0_final,20260522,20,original,1,1,320,1.0
R2P3_cancel_0_final,20260522,20,original,1,2,0,0.0
R2P3_cancel_0_final,20260522,20,original,1,3,0,0.0
R2P3_cancel_0_final,20260522,20,original,2,0,320,1.0
R2P3_cancel_0_final,20260522,20,original,2,1,0,0.0
R2P3_cancel_0_final,20260522,20,original,2,2,0,0.0
R2P3_cancel_0_final,20260522,20,original,2,3,0,0.0
R2P3_cancel_0_final,20260522,20,original,3,0,320,1.0
R2P3_cancel_0_final,20260522,20,original,3,1,0,0.0
R2P3_cancel_0_final,20260522,20,original,3,2,0,0.0
R2P3_cancel_0_final,20260522,20,original,3,3,0,0.0
R2P3_cancel_0_final,20260522,50,original,0,0,0,0.0
R2P3_cancel_0_final,20260522,50,original,0,1,0,0.0
R2P3_cancel_0_final,20260522,50,original,0,2,0,0.0
R2P3_cancel_0_final,20260522,50,original,0,3,320,1.0
R2P3_cancel_0_final,20260522,50,original,1,0,0,0.0
R2P3_cancel_0_final,20260522,50,original,1,1,320,1.0
R2P3_cancel_0_final,20260522,50,original,1,2,0,0.0
R2P3_cancel_0_final,20260522,50,original,1,3,0,0.0
R2P3_cancel_0_final,20260522,50,original,2,0,320,1.0
R2P3_cancel_0_final,20260522,50,original,2,1,0,0.0
R2P3_cancel_0_final,20260522,50,original,2,2,0,0.0
R2P3_cancel_0_final,20260522,50,original,2,3,0,0.0
R2P3_cancel_0_final,20260522,50,original,3,0,320,1.0
R2P3_cancel_0_final,20260522,50,original,3,1,0,0.0
R2P3_cancel_0_final,20260522,50,original,3,2,0,0.0
R2P3_cancel_0_final,20260522,50,original,3,3,0,0.0
R2P3_cancel_0_final,20260522,1600,original,0,0,0,0.0
R2P3_cancel_0_final,20260522,1600,original,0,1,0,0.0
R2P3_cancel_0_final,20260522,1600,original,0,2,0,0.0
R2P3_cancel_0_final,20260522,1600,original,0,3,320,1.0
R2P3_cancel_0_final,20260522,1600,original,1,0,0,0.0
R2P3_cancel_0_final,20260522,1600,original,1,1,320,1.0
R2P3_cancel_0_final,20260522,1600,original,1,2,0,0.0
R2P3_cancel_0_final,20260522,1600,original,1,3,0,0.0
R2P3_cancel_0_final,20260522,1600,original,2,0,320,1.0
R2P3_cancel_0_final,20260522,1600,original,2,1,0,0.0
R2P3_cancel_0_final,20260522,1600,original,2,2,0,0.0
R2P3_cancel_0_final,20260522,1600,original,2,3,0,0.0
R2P3_cancel_0_final,20260522,1600,original,3,0,320,1.0
R2P3_cancel_0_final,20260522,1600,original,3,1,0,0.0
R2P3_cancel_0_final,20260522,1600,original,3,2,0,0.0
R2P3_cancel_0_final,20260522,1600,original,3,3,0,0.0
R2P3_cancel_0_final,20260523,0,original,0,0,192,0.6
R2P3_cancel_0_final,20260523,0,original,0,1,0,0.0
R2P3_cancel_0_final,20260523,0,original,0,2,96,0.3
R2P3_cancel_0_final,20260523,0,original,0,3,32,0.1
R2P3_cancel_0_final,20260523,0,original,1,0,128,0.4
R2P3_cancel_0_final,20260523,0,original,1,1,0,0.0
R2P3_cancel_0_final,20260523,0,original,1,2,160,0.5
R2P3_cancel_0_final,20260523,0,original,1,3,32,0.1
R2P3_cancel_0_final,20260523,0,original,2,0,128,0.4
R2P3_cancel_0_final,20260523,0,original,2,1,192,0.6
R2P3_cancel_0_final,20260523,0,original,2,2,0,0.0
R2P3_cancel_0_final,20260523,0,original,2,3,0,0.0
R2P3_cancel_0_final,20260523,0,original,3,0,224,0.7
R2P3_cancel_0_final,20260523,0,original,3,1,0,0.0
R2P3_cancel_0_final,20260523,0,original,3,2,0,0.0
R2P3_cancel_0_final,20260523,0,original,3,3,96,0.3
R2P3_cancel_0_final,20260523,1,original,0,0,160,0.5
R2P3_cancel_0_final,20260523,1,original,0,1,0,0.0
R2P3_cancel_0_final,20260523,1,original,0,2,128,0.4
R2P3_cancel_0_final,20260523,1,original,0,3,32,0.1
R2P3_cancel_0_final,20260523,1,original,1,0,96,0.3
R2P3_cancel_0_final,20260523,1,original,1,1,64,0.2
R2P3_cancel_0_final,20260523,1,original,1,2,96,0.3
R2P3_cancel_0_final,20260523,1,original,1,3,64,0.2
R2P3_cancel_0_final,20260523,1,original,2,0,160,0.5
R2P3_cancel_0_final,20260523,1,original,2,1,128,0.4
R2P3_cancel_0_final,20260523,1,original,2,2,0,0.0
R2P3_cancel_0_final,20260523,1,original,2,3,32,0.1
R2P3_cancel_0_final,20260523,1,original,3,0,224,0.7
R2P3_cancel_0_final,20260523,1,original,3,1,0,0.0
R2P3_cancel_0_final,20260523,1,original,3,2,0,0.0
R2P3_cancel_0_final,20260523,1,original,3,3,96,0.3
R2P3_cancel_0_final,20260523,2,original,0,0,128,0.4
R2P3_cancel_0_final,20260523,2,original,0,1,0,0.0
R2P3_cancel_0_final,20260523,2,original,0,2,160,0.5
R2P3_cancel_0_final,20260523,2,original,0,3,32,0.1
R2P3_cancel_0_final,20260523,2,original,1,0,64,0.2
R2P3_cancel_0_final,20260523,2,original,1,1,128,0.4
R2P3_cancel_0_final,20260523,2,original,1,2,64,0.2
R2P3_cancel_0_final,20260523,2,original,1,3,64,0.2
R2P3_cancel_0_final,20260523,2,original,2,0,192,0.6
R2P3_cancel_0_final,20260523,2,original,2,1,96,0.3
R2P3_cancel_0_final,20260523,2,original,2,2,0,0.0
R2P3_cancel_0_final,20260523,2,original,2,3,32,0.1
R2P3_cancel_0_final,20260523,2,original,3,0,224,0.7
R2P3_cancel_0_final,20260523,2,original,3,1,0,0.0
R2P3_cancel_0_final,20260523,2,original,3,2,0,0.0
R2P3_cancel_0_final,20260523,2,original,3,3,96,0.3
R2P3_cancel_0_final,20260523,5,original,0,0,96,0.3
R2P3_cancel_0_final,20260523,5,original,0,1,0,0.0
R2P3_cancel_0_final,20260523,5,original,0,2,192,0.6
R2P3_cancel_0_final,20260523,5,original,0,3,32,0.1
R2P3_cancel_0_final,20260523,5,original,1,0,0,0.0
R2P3_cancel_0_final,20260523,5,original,1,1,288,0.9
R2P3_cancel_0_final,20260523,5,original,1,2,0,0.0
R2P3_cancel_0_final,20260523,5,original,1,3,32,0.1
R2P3_cancel_0_final,20260523,5,original,2,0,256,0.8
R2P3_cancel_0_final,20260523,5,original,2,1,64,0.2
R2P3_cancel_0_final,20260523,5,original,2,2,0,0.0
R2P3_cancel_0_final,20260523,5,original,2,3,0,0.0
R2P3_cancel_0_final,20260523,5,original,3,0,224,0.7
R2P3_cancel_0_final,20260523,5,original,3,1,0,0.0
R2P3_cancel_0_final,20260523,5,original,3,2,0,0.0
R2P3_cancel_0_final,20260523,5,original,3,3,96,0.3
R2P3_cancel_0_final,20260523,10,original,0,0,0,0.0
R2P3_cancel_0_final,20260523,10,original,0,1,0,0.0
R2P3_cancel_0_final,20260523,10,original,0,2,288,0.9
R2P3_cancel_0_final,20260523,10,original,0,3,32,0.1
R2P3_cancel_0_final,20260523,10,original,1,0,0,0.0
R2P3_cancel_0_final,20260523,10,original,1,1,320,1.0
R2P3_cancel_0_final,20260523,10,original,1,2,0,0.0
R2P3_cancel_0_final,20260523,10,original,1,3,0,0.0
R2P3_cancel_0_final,20260523,10,original,2,0,288,0.9
R2P3_cancel_0_final,20260523,10,original,2,1,32,0.1
R2P3_cancel_0_final,20260523,10,original,2,2,0,0.0
R2P3_cancel_0_final,20260523,10,original,2,3,0,0.0
R2P3_cancel_0_final,20260523,10,original,3,0,32,0.1
R2P3_cancel_0_final,20260523,10,original,3,1,0,0.0
R2P3_cancel_0_final,20260523,10,original,3,2,0,0.0
R2P3_cancel_0_final,20260523,10,original,3,3,288,0.9
R2P3_cancel_0_final,20260523,20,original,0,0,0,0.0
R2P3_cancel_0_final,20260523,20,original,0,1,0,0.0
R2P3_cancel_0_final,20260523,20,original,0,2,320,1.0
R2P3_cancel_0_final,20260523,20,original,0,3,0,0.0
R2P3_cancel_0_final,20260523,20,original,1,0,0,0.0
R2P3_cancel_0_final,20260523,20,original,1,1,320,1.0
R2P3_cancel_0_final,20260523,20,original,1,2,0,0.0
R2P3_cancel_0_final,20260523,20,original,1,3,0,0.0
R2P3_cancel_0_final,20260523,20,original,2,0,288,0.9
R2P3_cancel_0_final,20260523,20,original,2,1,32,0.1
R2P3_cancel_0_final,20260523,20,original,2,2,0,0.0
R2P3_cancel_0_final,20260523,20,original,2,3,0,0.0
R2P3_cancel_0_final,20260523,20,original,3,0,0,0.0
R2P3_cancel_0_final,20260523,20,original,3,1,0,0.0
R2P3_cancel_0_final,20260523,20,original,3,2,0,0.0
R2P3_cancel_0_final,20260523,20,original,3,3,320,1.0
R2P3_cancel_0_final,20260523,50,original,0,0,0,0.0
R2P3_cancel_0_final,20260523,50,original,0,1,0,0.0
R2P3_cancel_0_final,20260523,50,original,0,2,320,1.0
R2P3_cancel_0_final,20260523,50,original,0,3,0,0.0
R2P3_cancel_0_final,20260523,50,original,1,0,0,0.0
R2P3_cancel_0_final,20260523,50,original,1,1,320,1.0
R2P3_cancel_0_final,20260523,50,original,1,2,0,0.0
R2P3_cancel_0_final,20260523,50,original,1,3,0,0.0
R2P3_cancel_0_final,20260523,50,original,2,0,320,1.0
R2P3_cancel_0_final,20260523,50,original,2,1,0,0.0
R2P3_cancel_0_final,20260523,50,original,2,2,0,0.0
R2P3_cancel_0_final,20260523,50,original,2,3,0,0.0
R2P3_cancel_0_final,20260523,50,original,3,0,0,0.0
R2P3_cancel_0_final,20260523,50,original,3,1,0,0.0
R2P3_cancel_0_final,20260523,50,original,3,2,0,0.0
R2P3_cancel_0_final,20260523,50,original,3,3,320,1.0
R2P3_cancel_0_final,20260523,1600,original,0,0,0,0.0
R2P3_cancel_0_final,20260523,1600,original,0,1,0,0.0
R2P3_cancel_0_final,20260523,1600,original,0,2,320,1.0
R2P3_cancel_0_final,20260523,1600,original,0,3,0,0.0
R2P3_cancel_0_final,20260523,1600,original,1,0,0,0.0
R2P3_cancel_0_final,20260523,1600,original,1,1,320,1.0
R2P3_cancel_0_final,20260523,1600,original,1,2,0,0.0
R2P3_cancel_0_final,20260523,1600,original,1,3,0,0.0
R2P3_cancel_0_final,20260523,1600,original,2,0,320,1.0
R2P3_cancel_0_final,20260523,1600,original,2,1,0,0.0
R2P3_cancel_0_final,20260523,1600,original,2,2,0,0.0
R2P3_cancel_0_final,20260523,1600,original,2,3,0,0.0
R2P3_cancel_0_final,20260523,1600,original,3,0,0,0.0
R2P3_cancel_0_final,20260523,1600,original,3,1,0,0.0
R2P3_cancel_0_final,20260523,1600,original,3,2,0,0.0
R2P3_cancel_0_final,20260523,1600,original,3,3,320,1.0
R2P3_cancel_0_final,20260524,0,original,0,0,128,0.4
R2P3_cancel_0_final,20260524,0,original,0,1,0,0.0
R2P3_cancel_0_final,20260524,0,original,0,2,160,0.5
R2P3_cancel_0_final,20260524,0,original,0,3,32,0.1
R2P3_cancel_0_final,20260524,0,original,1,0,32,0.1
R2P3_cancel_0_final,20260524,0,original,1,1,0,0.0
R2P3_cancel_0_final,20260524,0,original,1,2,0,0.0
R2P3_cancel_0_final,20260524,0,original,1,3,288,0.9
R2P3_cancel_0_final,20260524,0,original,2,0,160,0.5
R2P3_cancel_0_final,20260524,0,original,2,1,0,0.0
R2P3_cancel_0_final,20260524,0,original,2,2,160,0.5
R2P3_cancel_0_final,20260524,0,original,2,3,0,0.0
R2P3_cancel_0_final,20260524,0,original,3,0,32,0.1
R2P3_cancel_0_final,20260524,0,original,3,1,256,0.8
R2P3_cancel_0_final,20260524,0,original,3,2,32,0.1
R2P3_cancel_0_final,20260524,0,original,3,3,0,0.0
R2P3_cancel_0_final,20260524,1,original,0,0,160,0.5
R2P3_cancel_0_final,20260524,1,original,0,1,0,0.0
R2P3_cancel_0_final,20260524,1,original,0,2,160,0.5
R2P3_cancel_0_final,20260524,1,original,0,3,0,0.0
R2P3_cancel_0_final,20260524,1,original,1,0,0,0.0
R2P3_cancel_0_final,20260524,1,original,1,1,96,0.3
R2P3_cancel_0_final,20260524,1,original,1,2,0,0.0
R2P3_cancel_0_final,20260524,1,original,1,3,224,0.7
R2P3_cancel_0_final,20260524,1,original,2,0,160,0.5
R2P3_cancel_0_final,20260524,1,original,2,1,0,0.0
R2P3_cancel_0_final,20260524,1,original,2,2,160,0.5
R2P3_cancel_0_final,20260524,1,original,2,3,0,0.0
R2P3_cancel_0_final,20260524,1,original,3,0,160,0.5
R2P3_cancel_0_final,20260524,1,original,3,1,96,0.3
R2P3_cancel_0_final,20260524,1,original,3,2,64,0.2
R2P3_cancel_0_final,20260524,1,original,3,3,0,0.0
R2P3_cancel_0_final,20260524,2,original,0,0,160,0.5
R2P3_cancel_0_final,20260524,2,original,0,1,0,0.0
R2P3_cancel_0_final,20260524,2,original,0,2,160,0.5
R2P3_cancel_0_final,20260524,2,original,0,3,0,0.0
R2P3_cancel_0_final,20260524,2,original,1,0,0,0.0
R2P3_cancel_0_final,20260524,2,original,1,1,128,0.4
R2P3_cancel_0_final,20260524,2,original,1,2,0,0.0
R2P3_cancel_0_final,20260524,2,original,1,3,192,0.6
R2P3_cancel_0_final,20260524,2,original,2,0,192,0.6
R2P3_cancel_0_final,20260524,2,original,2,1,0,0.0
R2P3_cancel_0_final,20260524,2,original,2,2,128,0.4
R2P3_cancel_0_final,20260524,2,original,2,3,0,0.0
R2P3_cancel_0_final,20260524,2,original,3,0,224,0.7
R2P3_cancel_0_final,20260524,2,original,3,1,32,0.1
R2P3_cancel_0_final,20260524,2,original,3,2,64,0.2
R2P3_cancel_0_final,20260524,2,original,3,3,0,0.0
R2P3_cancel_0_final,20260524,5,original,0,0,160,0.5
R2P3_cancel_0_final,20260524,5,original,0,1,0,0.0
R2P3_cancel_0_final,20260524,5,original,0,2,160,0.5
R2P3_cancel_0_final,20260524,5,original,0,3,0,0.0
R2P3_cancel_0_final,20260524,5,original,1,0,0,0.0
R2P3_cancel_0_final,20260524,5,original,1,1,0,0.0
R2P3_cancel_0_final,20260524,5,original,1,2,0,0.0
R2P3_cancel_0_final,20260524,5,original,1,3,320,1.0
R2P3_cancel_0_final,20260524,5,original,2,0,224,0.7
R2P3_cancel_0_final,20260524,5,original,2,1,0,0.0
R2P3_cancel_0_final,20260524,5,original,2,2,96,0.3
R2P3_cancel_0_final,20260524,5,original,2,3,0,0.0
R2P3_cancel_0_final,20260524,5,original,3,0,256,0.8
R2P3_cancel_0_final,20260524,5,original,3,1,0,0.0
R2P3_cancel_0_final,20260524,5,original,3,2,64,0.2
R2P3_cancel_0_final,20260524,5,original,3,3,0,0.0
R2P3_cancel_0_final,20260524,10,original,0,0,0,0.0
R2P3_cancel_0_final,20260524,10,original,0,1,0,0.0
R2P3_cancel_0_final,20260524,10,original,0,2,320,1.0
R2P3_cancel_0_final,20260524,10,original,0,3,0,0.0
R2P3_cancel_0_final,20260524,10,original,1,0,0,0.0
R2P3_cancel_0_final,20260524,10,original,1,1,0,0.0
R2P3_cancel_0_final,20260524,10,original,1,2,0,0.0
R2P3_cancel_0_final,20260524,10,original,1,3,320,1.0
R2P3_cancel_0_final,20260524,10,original,2,0,256,0.8
R2P3_cancel_0_final,20260524,10,original,2,1,0,0.0
R2P3_cancel_0_final,20260524,10,original,2,2,64,0.2
R2P3_cancel_0_final,20260524,10,original,2,3,0,0.0
R2P3_cancel_0_final,20260524,10,original,3,0,256,0.8
R2P3_cancel_0_final,20260524,10,original,3,1,0,0.0
R2P3_cancel_0_final,20260524,10,original,3,2,32,0.1
R2P3_cancel_0_final,20260524,10,original,3,3,32,0.1
R2P3_cancel_0_final,20260524,20,original,0,0,0,0.0
R2P3_cancel_0_final,20260524,20,original,0,1,0,0.0
R2P3_cancel_0_final,20260524,20,original,0,2,320,1.0
R2P3_cancel_0_final,20260524,20,original,0,3,0,0.0
R2P3_cancel_0_final,20260524,20,original,1,0,0,0.0
R2P3_cancel_0_final,20260524,20,original,1,1,0,0.0
R2P3_cancel_0_final,20260524,20,original,1,2,0,0.0
R2P3_cancel_0_final,20260524,20,original,1,3,320,1.0
R2P3_cancel_0_final,20260524,20,original,2,0,320,1.0
R2P3_cancel_0_final,20260524,20,original,2,1,0,0.0
R2P3_cancel_0_final,20260524,20,original,2,2,0,0.0
R2P3_cancel_0_final,20260524,20,original,2,3,0,0.0
R2P3_cancel_0_final,20260524,20,original,3,0,224,0.7
R2P3_cancel_0_final,20260524,20,original,3,1,64,0.2
R2P3_cancel_0_final,20260524,20,original,3,2,0,0.0
R2P3_cancel_0_final,20260524,20,original,3,3,32,0.1
R2P3_cancel_0_final,20260524,50,original,0,0,0,0.0
R2P3_cancel_0_final,20260524,50,original,0,1,0,0.0
R2P3_cancel_0_final,20260524,50,original,0,2,320,1.0
R2P3_cancel_0_final,20260524,50,original,0,3,0,0.0
R2P3_cancel_0_final,20260524,50,original,1,0,0,0.0
R2P3_cancel_0_final,20260524,50,original,1,1,0,0.0
R2P3_cancel_0_final,20260524,50,original,1,2,0,0.0
R2P3_cancel_0_final,20260524,50,original,1,3,320,1.0
R2P3_cancel_0_final,20260524,50,original,2,0,320,1.0
R2P3_cancel_0_final,20260524,50,original,2,1,0,0.0
R2P3_cancel_0_final,20260524,50,original,2,2,0,0.0
R2P3_cancel_0_final,20260524,50,original,2,3,0,0.0
R2P3_cancel_0_final,20260524,50,original,3,0,288,0.9
R2P3_cancel_0_final,20260524,50,original,3,1,32,0.1
R2P3_cancel_0_final,20260524,50,original,3,2,0,0.0
R2P3_cancel_0_final,20260524,50,original,3,3,0,0.0
R2P3_cancel_0_final,20260524,1600,original,0,0,0,0.0
R2P3_cancel_0_final,20260524,1600,original,0,1,0,0.0
R2P3_cancel_0_final,20260524,1600,original,0,2,320,1.0
R2P3_cancel_0_final,20260524,1600,original,0,3,0,0.0
R2P3_cancel_0_final,20260524,1600,original,1,0,0,0.0
R2P3_cancel_0_final,20260524,1600,original,1,1,0,0.0
R2P3_cancel_0_final,20260524,1600,original,1,2,0,0.0
R2P3_cancel_0_final,20260524,1600,original,1,3,320,1.0
R2P3_cancel_0_final,20260524,1600,original,2,0,320,1.0
R2P3_cancel_0_final,20260524,1600,original,2,1,0,0.0
R2P3_cancel_0_final,20260524,1600,original,2,2,0,0.0
R2P3_cancel_0_final,20260524,1600,original,2,3,0,0.0
R2P3_cancel_0_final,20260524,1600,original,3,0,288,0.9
R2P3_cancel_0_final,20260524,1600,original,3,1,32,0.1
R2P3_cancel_0_final,20260524,1600,original,3,2,0,0.0
R2P3_cancel_0_final,20260524,1600,original,3,3,0,0.0
R2P3_cancel_0_final,20260525,0,original,0,0,0,0.0
R2P3_cancel_0_final,20260525,0,original,0,1,0,0.0
R2P3_cancel_0_final,20260525,0,original,0,2,224,0.7
R2P3_cancel_0_final,20260525,0,original,0,3,96,0.3
R2P3_cancel_0_final,20260525,0,original,1,0,64,0.2
R2P3_cancel_0_final,20260525,0,original,1,1,64,0.2
R2P3_cancel_0_final,20260525,0,original,1,2,160,0.5
R2P3_cancel_0_final,20260525,0,original,1,3,32,0.1
R2P3_cancel_0_final,20260525,0,original,2,0,128,0.4
R2P3_cancel_0_final,20260525,0,original,2,1,160,0.5
R2P3_cancel_0_final,20260525,0,original,2,2,0,0.0
R2P3_cancel_0_final,20260525,0,original,2,3,32,0.1
R2P3_cancel_0_final,20260525,0,original,3,0,0,0.0
R2P3_cancel_0_final,20260525,0,original,3,1,160,0.5
R2P3_cancel_0_final,20260525,0,original,3,2,160,0.5
R2P3_cancel_0_final,20260525,0,original,3,3,0,0.0
R2P3_cancel_0_final,20260525,1,original,0,0,0,0.0
R2P3_cancel_0_final,20260525,1,original,0,1,0,0.0
R2P3_cancel_0_final,20260525,1,original,0,2,192,0.6
R2P3_cancel_0_final,20260525,1,original,0,3,128,0.4
R2P3_cancel_0_final,20260525,1,original,1,0,0,0.0
R2P3_cancel_0_final,20260525,1,original,1,1,96,0.3
R2P3_cancel_0_final,20260525,1,original,1,2,224,0.7
R2P3_cancel_0_final,20260525,1,original,1,3,0,0.0
R2P3_cancel_0_final,20260525,1,original,2,0,128,0.4
R2P3_cancel_0_final,20260525,1,original,2,1,160,0.5
R2P3_cancel_0_final,20260525,1,original,2,2,0,0.0
R2P3_cancel_0_final,20260525,1,original,2,3,32,0.1
R2P3_cancel_0_final,20260525,1,original,3,0,0,0.0
R2P3_cancel_0_final,20260525,1,original,3,1,160,0.5
R2P3_cancel_0_final,20260525,1,original,3,2,160,0.5
R2P3_cancel_0_final,20260525,1,original,3,3,0,0.0
R2P3_cancel_0_final,20260525,2,original,0,0,0,0.0
R2P3_cancel_0_final,20260525,2,original,0,1,0,0.0
R2P3_cancel_0_final,20260525,2,original,0,2,192,0.6
R2P3_cancel_0_final,20260525,2,original,0,3,128,0.4
R2P3_cancel_0_final,20260525,2,original,1,0,224,0.7
R2P3_cancel_0_final,20260525,2,original,1,1,96,0.3
R2P3_cancel_0_final,20260525,2,original,1,2,0,0.0
R2P3_cancel_0_final,20260525,2,original,1,3,0,0.0
R2P3_cancel_0_final,20260525,2,original,2,0,128,0.4
R2P3_cancel_0_final,20260525,2,original,2,1,160,0.5
R2P3_cancel_0_final,20260525,2,original,2,2,0,0.0
R2P3_cancel_0_final,20260525,2,original,2,3,32,0.1
R2P3_cancel_0_final,20260525,2,original,3,0,0,0.0
R2P3_cancel_0_final,20260525,2,original,3,1,192,0.6
R2P3_cancel_0_final,20260525,2,original,3,2,128,0.4
R2P3_cancel_0_final,20260525,2,original,3,3,0,0.0
R2P3_cancel_0_final,20260525,5,original,0,0,0,0.0
R2P3_cancel_0_final,20260525,5,original,0,1,0,0.0
R2P3_cancel_0_final,20260525,5,original,0,2,0,0.0
R2P3_cancel_0_final,20260525,5,original,0,3,320,1.0
R2P3_cancel_0_final,20260525,5,original,1,0,256,0.8
R2P3_cancel_0_final,20260525,5,original,1,1,64,0.2
R2P3_cancel_0_final,20260525,5,original,1,2,0,0.0
R2P3_cancel_0_final,20260525,5,original,1,3,0,0.0
R2P3_cancel_0_final,20260525,5,original,2,0,256,0.8
R2P3_cancel_0_final,20260525,5,original,2,1,64,0.2
R2P3_cancel_0_final,20260525,5,original,2,2,0,0.0
R2P3_cancel_0_final,20260525,5,original,2,3,0,0.0
R2P3_cancel_0_final,20260525,5,original,3,0,32,0.1
R2P3_cancel_0_final,20260525,5,original,3,1,288,0.9
R2P3_cancel_0_final,20260525,5,original,3,2,0,0.0
R2P3_cancel_0_final,20260525,5,original,3,3,0,0.0
R2P3_cancel_0_final,20260525,10,original,0,0,0,0.0
R2P3_cancel_0_final,20260525,10,original,0,1,0,0.0
R2P3_cancel_0_final,20260525,10,original,0,2,0,0.0
R2P3_cancel_0_final,20260525,10,original,0,3,320,1.0
R2P3_cancel_0_final,20260525,10,original,1,0,256,0.8
R2P3_cancel_0_final,20260525,10,original,1,1,64,0.2
R2P3_cancel_0_final,20260525,10,original,1,2,0,0.0
R2P3_cancel_0_final,20260525,10,original,1,3,0,0.0
R2P3_cancel_0_final,20260525,10,original,2,0,288,0.9
R2P3_cancel_0_final,20260525,10,original,2,1,32,0.1
R2P3_cancel_0_final,20260525,10,original,2,2,0,0.0
R2P3_cancel_0_final,20260525,10,original,2,3,0,0.0
R2P3_cancel_0_final,20260525,10,original,3,0,0,0.0
R2P3_cancel_0_final,20260525,10,original,3,1,320,1.0
R2P3_cancel_0_final,20260525,10,original,3,2,0,0.0
R2P3_cancel_0_final,20260525,10,original,3,3,0,0.0
R2P3_cancel_0_final,20260525,20,original,0,0,0,0.0
R2P3_cancel_0_final,20260525,20,original,0,1,0,0.0
R2P3_cancel_0_final,20260525,20,original,0,2,0,0.0
R2P3_cancel_0_final,20260525,20,original,0,3,320,1.0
R2P3_cancel_0_final,20260525,20,original,1,0,0,0.0
R2P3_cancel_0_final,20260525,20,original,1,1,0,0.0
R2P3_cancel_0_final,20260525,20,original,1,2,320,1.0
R2P3_cancel_0_final,20260525,20,original,1,3,0,0.0
R2P3_cancel_0_final,20260525,20,original,2,0,320,1.0
R2P3_cancel_0_final,20260525,20,original,2,1,0,0.0
R2P3_cancel_0_final,20260525,20,original,2,2,0,0.0
R2P3_cancel_0_final,20260525,20,original,2,3,0,0.0
R2P3_cancel_0_final,20260525,20,original,3,0,0,0.0
R2P3_cancel_0_final,20260525,20,original,3,1,320,1.0
R2P3_cancel_0_final,20260525,20,original,3,2,0,0.0
R2P3_cancel_0_final,20260525,20,original,3,3,0,0.0
R2P3_cancel_0_final,20260525,50,original,0,0,0,0.0
R2P3_cancel_0_final,20260525,50,original,0,1,0,0.0
R2P3_cancel_0_final,20260525,50,original,0,2,0,0.0
R2P3_cancel_0_final,20260525,50,original,0,3,320,1.0
R2P3_cancel_0_final,20260525,50,original,1,0,0,0.0
R2P3_cancel_0_final,20260525,50,original,1,1,0,0.0
R2P3_cancel_0_final,20260525,50,original,1,2,320,1.0
R2P3_cancel_0_final,20260525,50,original,1,3,0,0.0
R2P3_cancel_0_final,20260525,50,original,2,0,320,1.0
R2P3_cancel_0_final,20260525,50,original,2,1,0,0.0
R2P3_cancel_0_final,20260525,50,original,2,2,0,0.0
R2P3_cancel_0_final,20260525,50,original,2,3,0,0.0
R2P3_cancel_0_final,20260525,50,original,3,0,0,0.0
R2P3_cancel_0_final,20260525,50,original,3,1,320,1.0
R2P3_cancel_0_final,20260525,50,original,3,2,0,0.0
R2P3_cancel_0_final,20260525,50,original,3,3,0,0.0
R2P3_cancel_0_final,20260525,1600,original,0,0,0,0.0
R2P3_cancel_0_final,20260525,1600,original,0,1,0,0.0
R2P3_cancel_0_final,20260525,1600,original,0,2,0,0.0
R2P3_cancel_0_final,20260525,1600,original,0,3,320,1.0
R2P3_cancel_0_final,20260525,1600,original,1,0,0,0.0
R2P3_cancel_0_final,20260525,1600,original,1,1,0,0.0
R2P3_cancel_0_final,20260525,1600,original,1,2,320,1.0
R2P3_cancel_0_final,20260525,1600,original,1,3,0,0.0
R2P3_cancel_0_final,20260525,1600,original,2,0,320,1.0
R2P3_cancel_0_final,20260525,1600,original,2,1,0,0.0
R2P3_cancel_0_final,20260525,1600,original,2,2,0,0.0
R2P3_cancel_0_final,20260525,1600,original,2,3,0,0.0
R2P3_cancel_0_final,20260525,1600,original,3,0,0,0.0
R2P3_cancel_0_final,20260525,1600,original,3,1,320,1.0
R2P3_cancel_0_final,20260525,1600,original,3,2,0,0.0
R2P3_cancel_0_final,20260525,1600,original,3,3,0,0.0
R2P3_cancel_0_final,20260526,0,original,0,0,320,1.0
R2P3_cancel_0_final,20260526,0,original,0,1,0,0.0
R2P3_cancel_0_final,20260526,0,original,0,2,0,0.0
R2P3_cancel_0_final,20260526,0,original,0,3,0,0.0
R2P3_cancel_0_final,20260526,0,original,1,0,96,0.3
R2P3_cancel_0_final,20260526,0,original,1,1,0,0.0
R2P3_cancel_0_final,20260526,0,original,1,2,160,0.5
R2P3_cancel_0_final,20260526,0,original,1,3,64,0.2
R2P3_cancel_0_final,20260526,0,original,2,0,128,0.4
R2P3_cancel_0_final,20260526,0,original,2,1,128,0.4
R2P3_cancel_0_final,20260526,0,original,2,2,0,0.0
R2P3_cancel_0_final,20260526,0,original,2,3,64,0.2
R2P3_cancel_0_final,20260526,0,original,3,0,0,0.0
R2P3_cancel_0_final,20260526,0,original,3,1,96,0.3
R2P3_cancel_0_final,20260526,0,original,3,2,128,0.4
R2P3_cancel_0_final,20260526,0,original,3,3,96,0.3
R2P3_cancel_0_final,20260526,1,original,0,0,320,1.0
R2P3_cancel_0_final,20260526,1,original,0,1,0,0.0
R2P3_cancel_0_final,20260526,1,original,0,2,0,0.0
R2P3_cancel_0_final,20260526,1,original,0,3,0,0.0
R2P3_cancel_0_final,20260526,1,original,1,0,160,0.5
R2P3_cancel_0_final,20260526,1,original,1,1,64,0.2
R2P3_cancel_0_final,20260526,1,original,1,2,32,0.1
R2P3_cancel_0_final,20260526,1,original,1,3,64,0.2
R2P3_cancel_0_final,20260526,1,original,2,0,192,0.6
R2P3_cancel_0_final,20260526,1,original,2,1,32,0.1
R2P3_cancel_0_final,20260526,1,original,2,2,96,0.3
R2P3_cancel_0_final,20260526,1,original,2,3,0,0.0
R2P3_cancel_0_final,20260526,1,original,3,0,0,0.0
R2P3_cancel_0_final,20260526,1,original,3,1,96,0.3
R2P3_cancel_0_final,20260526,1,original,3,2,224,0.7
R2P3_cancel_0_final,20260526,1,original,3,3,0,0.0
R2P3_cancel_0_final,20260526,2,original,0,0,320,1.0
R2P3_cancel_0_final,20260526,2,original,0,1,0,0.0
R2P3_cancel_0_final,20260526,2,original,0,2,0,0.0
R2P3_cancel_0_final,20260526,2,original,0,3,0,0.0
R2P3_cancel_0_final,20260526,2,original,1,0,160,0.5
R2P3_cancel_0_final,20260526,2,original,1,1,64,0.2
R2P3_cancel_0_final,20260526,2,original,1,2,32,0.1
R2P3_cancel_0_final,20260526,2,original,1,3,64,0.2
R2P3_cancel_0_final,20260526,2,original,2,0,224,0.7
R2P3_cancel_0_final,20260526,2,original,2,1,0,0.0
R2P3_cancel_0_final,20260526,2,original,2,2,96,0.3
R2P3_cancel_0_final,20260526,2,original,2,3,0,0.0
R2P3_cancel_0_final,20260526,2,original,3,0,0,0.0
R2P3_cancel_0_final,20260526,2,original,3,1,0,0.0
R2P3_cancel_0_final,20260526,2,original,3,2,320,1.0
R2P3_cancel_0_final,20260526,2,original,3,3,0,0.0
R2P3_cancel_0_final,20260526,5,original,0,0,288,0.9
R2P3_cancel_0_final,20260526,5,original,0,1,0,0.0
R2P3_cancel_0_final,20260526,5,original,0,2,32,0.1
R2P3_cancel_0_final,20260526,5,original,0,3,0,0.0
R2P3_cancel_0_final,20260526,5,original,1,0,160,0.5
R2P3_cancel_0_final,20260526,5,original,1,1,128,0.4
R2P3_cancel_0_final,20260526,5,original,1,2,32,0.1
R2P3_cancel_0_final,20260526,5,original,1,3,0,0.0
R2P3_cancel_0_final,20260526,5,original,2,0,0,0.0
R2P3_cancel_0_final,20260526,5,original,2,1,0,0.0
R2P3_cancel_0_final,20260526,5,original,2,2,128,0.4
R2P3_cancel_0_final,20260526,5,original,2,3,192,0.6
R2P3_cancel_0_final,20260526,5,original,3,0,0,0.0
R2P3_cancel_0_final,20260526,5,original,3,1,0,0.0
R2P3_cancel_0_final,20260526,5,original,3,2,128,0.4
R2P3_cancel_0_final,20260526,5,original,3,3,192,0.6
R2P3_cancel_0_final,20260526,10,original,0,0,320,1.0
R2P3_cancel_0_final,20260526,10,original,0,1,0,0.0
R2P3_cancel_0_final,20260526,10,original,0,2,0,0.0
R2P3_cancel_0_final,20260526,10,original,0,3,0,0.0
R2P3_cancel_0_final,20260526,10,original,1,0,0,0.0
R2P3_cancel_0_final,20260526,10,original,1,1,288,0.9
R2P3_cancel_0_final,20260526,10,original,1,2,32,0.1
R2P3_cancel_0_final,20260526,10,original,1,3,0,0.0
R2P3_cancel_0_final,20260526,10,original,2,0,0,0.0
R2P3_cancel_0_final,20260526,10,original,2,1,0,0.0
R2P3_cancel_0_final,20260526,10,original,2,2,32,0.1
R2P3_cancel_0_final,20260526,10,original,2,3,288,0.9
R2P3_cancel_0_final,20260526,10,original,3,0,0,0.0
R2P3_cancel_0_final,20260526,10,original,3,1,0,0.0
R2P3_cancel_0_final,20260526,10,original,3,2,320,1.0
R2P3_cancel_0_final,20260526,10,original,3,3,0,0.0
R2P3_cancel_0_final,20260526,20,original,0,0,320,1.0
R2P3_cancel_0_final,20260526,20,original,0,1,0,0.0
R2P3_cancel_0_final,20260526,20,original,0,2,0,0.0
R2P3_cancel_0_final,20260526,20,original,0,3,0,0.0
R2P3_cancel_0_final,20260526,20,original,1,0,0,0.0
R2P3_cancel_0_final,20260526,20,original,1,1,320,1.0
R2P3_cancel_0_final,20260526,20,original,1,2,0,0.0
R2P3_cancel_0_final,20260526,20,original,1,3,0,0.0
R2P3_cancel_0_final,20260526,20,original,2,0,0,0.0
R2P3_cancel_0_final,20260526,20,original,2,1,0,0.0
R2P3_cancel_0_final,20260526,20,original,2,2,0,0.0
R2P3_cancel_0_final,20260526,20,original,2,3,320,1.0
R2P3_cancel_0_final,20260526,20,original,3,0,0,0.0
R2P3_cancel_0_final,20260526,20,original,3,1,0,0.0
R2P3_cancel_0_final,20260526,20,original,3,2,320,1.0
R2P3_cancel_0_final,20260526,20,original,3,3,0,0.0
R2P3_cancel_0_final,20260526,50,original,0,0,320,1.0
R2P3_cancel_0_final,20260526,50,original,0,1,0,0.0
R2P3_cancel_0_final,20260526,50,original,0,2,0,0.0
R2P3_cancel_0_final,20260526,50,original,0,3,0,0.0
R2P3_cancel_0_final,20260526,50,original,1,0,0,0.0
R2P3_cancel_0_final,20260526,50,original,1,1,320,1.0
R2P3_cancel_0_final,20260526,50,original,1,2,0,0.0
R2P3_cancel_0_final,20260526,50,original,1,3,0,0.0
R2P3_cancel_0_final,20260526,50,original,2,0,0,0.0
R2P3_cancel_0_final,20260526,50,original,2,1,0,0.0
R2P3_cancel_0_final,20260526,50,original,2,2,0,0.0
R2P3_cancel_0_final,20260526,50,original,2,3,320,1.0
R2P3_cancel_0_final,20260526,50,original,3,0,0,0.0
R2P3_cancel_0_final,20260526,50,original,3,1,0,0.0
R2P3_cancel_0_final,20260526,50,original,3,2,320,1.0
R2P3_cancel_0_final,20260526,50,original,3,3,0,0.0
R2P3_cancel_0_final,20260526,1600,original,0,0,320,1.0
R2P3_cancel_0_final,20260526,1600,original,0,1,0,0.0
R2P3_cancel_0_final,20260526,1600,original,0,2,0,0.0
R2P3_cancel_0_final,20260526,1600,original,0,3,0,0.0
R2P3_cancel_0_final,20260526,1600,original,1,0,0,0.0
R2P3_cancel_0_final,20260526,1600,original,1,1,320,1.0
R2P3_cancel_0_final,20260526,1600,original,1,2,0,0.0
R2P3_cancel_0_final,20260526,1600,original,1,3,0,0.0
R2P3_cancel_0_final,20260526,1600,original,2,0,0,0.0
R2P3_cancel_0_final,20260526,1600,original,2,1,0,0.0
R2P3_cancel_0_final,20260526,1600,original,2,2,0,0.0
R2P3_cancel_0_final,20260526,1600,original,2,3,320,1.0
R2P3_cancel_0_final,20260526,1600,original,3,0,0,0.0
R2P3_cancel_0_final,20260526,1600,original,3,1,0,0.0
R2P3_cancel_0_final,20260526,1600,original,3,2,320,1.0
R2P3_cancel_0_final,20260526,1600,original,3,3,0,0.0
R2P3_cancel_0_final,20260527,0,original,0,0,256,0.8
R2P3_cancel_0_final,20260527,0,original,0,1,0,0.0
R2P3_cancel_0_final,20260527,0,original,0,2,0,0.0
R2P3_cancel_0_final,20260527,0,original,0,3,64,0.2
R2P3_cancel_0_final,20260527,0,original,1,0,0,0.0
R2P3_cancel_0_final,20260527,0,original,1,1,0,0.0
R2P3_cancel_0_final,20260527,0,original,1,2,288,0.9
R2P3_cancel_0_final,20260527,0,original,1,3,32,0.1
R2P3_cancel_0_final,20260527,0,original,2,0,0,0.0
R2P3_cancel_0_final,20260527,0,original,2,1,0,0.0
R2P3_cancel_0_final,20260527,0,original,2,2,288,0.9
R2P3_cancel_0_final,20260527,0,original,2,3,32,0.1
R2P3_cancel_0_final,20260527,0,original,3,0,128,0.4
R2P3_cancel_0_final,20260527,0,original,3,1,0,0.0
R2P3_cancel_0_final,20260527,0,original,3,2,0,0.0
R2P3_cancel_0_final,20260527,0,original,3,3,192,0.6
R2P3_cancel_0_final,20260527,1,original,0,0,256,0.8
R2P3_cancel_0_final,20260527,1,original,0,1,0,0.0
R2P3_cancel_0_final,20260527,1,original,0,2,0,0.0
R2P3_cancel_0_final,20260527,1,original,0,3,64,0.2
R2P3_cancel_0_final,20260527,1,original,1,0,0,0.0
R2P3_cancel_0_final,20260527,1,original,1,1,0,0.0
R2P3_cancel_0_final,20260527,1,original,1,2,288,0.9
R2P3_cancel_0_final,20260527,1,original,1,3,32,0.1
R2P3_cancel_0_final,20260527,1,original,2,0,0,0.0
R2P3_cancel_0_final,20260527,1,original,2,1,0,0.0
R2P3_cancel_0_final,20260527,1,original,2,2,320,1.0
R2P3_cancel_0_final,20260527,1,original,2,3,0,0.0
R2P3_cancel_0_final,20260527,1,original,3,0,128,0.4
R2P3_cancel_0_final,20260527,1,original,3,1,0,0.0
R2P3_cancel_0_final,20260527,1,original,3,2,0,0.0
R2P3_cancel_0_final,20260527,1,original,3,3,192,0.6
R2P3_cancel_0_final,20260527,2,original,0,0,256,0.8
R2P3_cancel_0_final,20260527,2,original,0,1,0,0.0
R2P3_cancel_0_final,20260527,2,original,0,2,0,0.0
R2P3_cancel_0_final,20260527,2,original,0,3,64,0.2
R2P3_cancel_0_final,20260527,2,original,1,0,0,0.0
R2P3_cancel_0_final,20260527,2,original,1,1,0,0.0
R2P3_cancel_0_final,20260527,2,original,1,2,288,0.9
R2P3_cancel_0_final,20260527,2,original,1,3,32,0.1
R2P3_cancel_0_final,20260527,2,original,2,0,0,0.0
R2P3_cancel_0_final,20260527,2,original,2,1,0,0.0
R2P3_cancel_0_final,20260527,2,original,2,2,320,1.0
R2P3_cancel_0_final,20260527,2,original,2,3,0,0.0
R2P3_cancel_0_final,20260527,2,original,3,0,64,0.2
R2P3_cancel_0_final,20260527,2,original,3,1,0,0.0
R2P3_cancel_0_final,20260527,2,original,3,2,0,0.0
R2P3_cancel_0_final,20260527,2,original,3,3,256,0.8
R2P3_cancel_0_final,20260527,5,original,0,0,288,0.9
R2P3_cancel_0_final,20260527,5,original,0,1,0,0.0
R2P3_cancel_0_final,20260527,5,original,0,2,0,0.0
R2P3_cancel_0_final,20260527,5,original,0,3,32,0.1
R2P3_cancel_0_final,20260527,5,original,1,0,0,0.0
R2P3_cancel_0_final,20260527,5,original,1,1,0,0.0
R2P3_cancel_0_final,20260527,5,original,1,2,288,0.9
R2P3_cancel_0_final,20260527,5,original,1,3,32,0.1
R2P3_cancel_0_final,20260527,5,original,2,0,0,0.0
R2P3_cancel_0_final,20260527,5,original,2,1,0,0.0
R2P3_cancel_0_final,20260527,5,original,2,2,320,1.0
R2P3_cancel_0_final,20260527,5,original,2,3,0,0.0
R2P3_cancel_0_final,20260527,5,original,3,0,0,0.0
R2P3_cancel_0_final,20260527,5,original,3,1,0,0.0
R2P3_cancel_0_final,20260527,5,original,3,2,0,0.0
R2P3_cancel_0_final,20260527,5,original,3,3,320,1.0
R2P3_cancel_0_final,20260527,10,original,0,0,288,0.9
R2P3_cancel_0_final,20260527,10,original,0,1,32,0.1
R2P3_cancel_0_final,20260527,10,original,0,2,0,0.0
R2P3_cancel_0_final,20260527,10,original,0,3,0,0.0
R2P3_cancel_0_final,20260527,10,original,1,0,0,0.0
R2P3_cancel_0_final,20260527,10,original,1,1,32,0.1
R2P3_cancel_0_final,20260527,10,original,1,2,288,0.9
R2P3_cancel_0_final,20260527,10,original,1,3,0,0.0
R2P3_cancel_0_final,20260527,10,original,2,0,0,0.0
R2P3_cancel_0_final,20260527,10,original,2,1,32,0.1
R2P3_cancel_0_final,20260527,10,original,2,2,288,0.9
R2P3_cancel_0_final,20260527,10,original,2,3,0,0.0
R2P3_cancel_0_final,20260527,10,original,3,0,0,0.0
R2P3_cancel_0_final,20260527,10,original,3,1,0,0.0
R2P3_cancel_0_final,20260527,10,original,3,2,0,0.0
R2P3_cancel_0_final,20260527,10,original,3,3,320,1.0
R2P3_cancel_0_final,20260527,20,original,0,0,288,0.9
R2P3_cancel_0_final,20260527,20,original,0,1,32,0.1
R2P3_cancel_0_final,20260527,20,original,0,2,0,0.0
R2P3_cancel_0_final,20260527,20,original,0,3,0,0.0
R2P3_cancel_0_final,20260527,20,original,1,0,0,0.0
R2P3_cancel_0_final,20260527,20,original,1,1,0,0.0
R2P3_cancel_0_final,20260527,20,original,1,2,320,1.0
R2P3_cancel_0_final,20260527,20,original,1,3,0,0.0
R2P3_cancel_0_final,20260527,20,original,2,0,0,0.0
R2P3_cancel_0_final,20260527,20,original,2,1,320,1.0
R2P3_cancel_0_final,20260527,20,original,2,2,0,0.0
R2P3_cancel_0_final,20260527,20,original,2,3,0,0.0
R2P3_cancel_0_final,20260527,20,original,3,0,0,0.0
R2P3_cancel_0_final,20260527,20,original,3,1,0,0.0
R2P3_cancel_0_final,20260527,20,original,3,2,0,0.0
R2P3_cancel_0_final,20260527,20,original,3,3,320,1.0
R2P3_cancel_0_final,20260527,50,original,0,0,320,1.0
R2P3_cancel_0_final,20260527,50,original,0,1,0,0.0
R2P3_cancel_0_final,20260527,50,original,0,2,0,0.0
R2P3_cancel_0_final,20260527,50,original,0,3,0,0.0
R2P3_cancel_0_final,20260527,50,original,1,0,0,0.0
R2P3_cancel_0_final,20260527,50,original,1,1,0,0.0
R2P3_cancel_0_final,20260527,50,original,1,2,320,1.0
R2P3_cancel_0_final,20260527,50,original,1,3,0,0.0
R2P3_cancel_0_final,20260527,50,original,2,0,0,0.0
R2P3_cancel_0_final,20260527,50,original,2,1,320,1.0
R2P3_cancel_0_final,20260527,50,original,2,2,0,0.0
R2P3_cancel_0_final,20260527,50,original,2,3,0,0.0
R2P3_cancel_0_final,20260527,50,original,3,0,0,0.0
R2P3_cancel_0_final,20260527,50,original,3,1,0,0.0
R2P3_cancel_0_final,20260527,50,original,3,2,0,0.0
R2P3_cancel_0_final,20260527,50,original,3,3,320,1.0
R2P3_cancel_0_final,20260527,1600,original,0,0,320,1.0
R2P3_cancel_0_final,20260527,1600,original,0,1,0,0.0
R2P3_cancel_0_final,20260527,1600,original,0,2,0,0.0
R2P3_cancel_0_final,20260527,1600,original,0,3,0,0.0
R2P3_cancel_0_final,20260527,1600,original,1,0,0,0.0
R2P3_cancel_0_final,20260527,1600,original,1,1,0,0.0
R2P3_cancel_0_final,20260527,1600,original,1,2,320,1.0
R2P3_cancel_0_final,20260527,1600,original,1,3,0,0.0
R2P3_cancel_0_final,20260527,1600,original,2,0,0,0.0
R2P3_cancel_0_final,20260527,1600,original,2,1,320,1.0
R2P3_cancel_0_final,20260527,1600,original,2,2,0,0.0
R2P3_cancel_0_final,20260527,1600,original,2,3,0,0.0
R2P3_cancel_0_final,20260527,1600,original,3,0,0,0.0
R2P3_cancel_0_final,20260527,1600,original,3,1,0,0.0
R2P3_cancel_0_final,20260527,1600,original,3,2,0,0.0
R2P3_cancel_0_final,20260527,1600,original,3,3,320,1.0
R2P3_cancel_0_final,20260528,0,original,0,0,0,0.0
R2P3_cancel_0_final,20260528,0,original,0,1,128,0.4
R2P3_cancel_0_final,20260528,0,original,0,2,128,0.4
R2P3_cancel_0_final,20260528,0,original,0,3,64,0.2
R2P3_cancel_0_final,20260528,0,original,1,0,0,0.0
R2P3_cancel_0_final,20260528,0,original,1,1,0,0.0
R2P3_cancel_0_final,20260528,0,original,1,2,0,0.0
R2P3_cancel_0_final,20260528,0,original,1,3,320,1.0
R2P3_cancel_0_final,20260528,0,original,2,0,0,0.0
R2P3_cancel_0_final,20260528,0,original,2,1,160,0.5
R2P3_cancel_0_final,20260528,0,original,2,2,0,0.0
R2P3_cancel_0_final,20260528,0,original,2,3,160,0.5
R2P3_cancel_0_final,20260528,0,original,3,0,0,0.0
R2P3_cancel_0_final,20260528,0,original,3,1,0,0.0
R2P3_cancel_0_final,20260528,0,original,3,2,320,1.0
R2P3_cancel_0_final,20260528,0,original,3,3,0,0.0
R2P3_cancel_0_final,20260528,1,original,0,0,0,0.0
R2P3_cancel_0_final,20260528,1,original,0,1,128,0.4
R2P3_cancel_0_final,20260528,1,original,0,2,160,0.5
R2P3_cancel_0_final,20260528,1,original,0,3,32,0.1
R2P3_cancel_0_final,20260528,1,original,1,0,0,0.0
R2P3_cancel_0_final,20260528,1,original,1,1,0,0.0
R2P3_cancel_0_final,20260528,1,original,1,2,0,0.0
R2P3_cancel_0_final,20260528,1,original,1,3,320,1.0
R2P3_cancel_0_final,20260528,1,original,2,0,0,0.0
R2P3_cancel_0_final,20260528,1,original,2,1,128,0.4
R2P3_cancel_0_final,20260528,1,original,2,2,0,0.0
R2P3_cancel_0_final,20260528,1,original,2,3,192,0.6
R2P3_cancel_0_final,20260528,1,original,3,0,0,0.0
R2P3_cancel_0_final,20260528,1,original,3,1,0,0.0
R2P3_cancel_0_final,20260528,1,original,3,2,320,1.0
R2P3_cancel_0_final,20260528,1,original,3,3,0,0.0
R2P3_cancel_0_final,20260528,2,original,0,0,32,0.1
R2P3_cancel_0_final,20260528,2,original,0,1,96,0.3
R2P3_cancel_0_final,20260528,2,original,0,2,192,0.6
R2P3_cancel_0_final,20260528,2,original,0,3,0,0.0
R2P3_cancel_0_final,20260528,2,original,1,0,0,0.0
R2P3_cancel_0_final,20260528,2,original,1,1,32,0.1
R2P3_cancel_0_final,20260528,2,original,1,2,0,0.0
R2P3_cancel_0_final,20260528,2,original,1,3,288,0.9
R2P3_cancel_0_final,20260528,2,original,2,0,0,0.0
R2P3_cancel_0_final,20260528,2,original,2,1,96,0.3
R2P3_cancel_0_final,20260528,2,original,2,2,0,0.0
R2P3_cancel_0_final,20260528,2,original,2,3,224,0.7
R2P3_cancel_0_final,20260528,2,original,3,0,0,0.0
R2P3_cancel_0_final,20260528,2,original,3,1,0,0.0
R2P3_cancel_0_final,20260528,2,original,3,2,320,1.0
R2P3_cancel_0_final,20260528,2,original,3,3,0,0.0
R2P3_cancel_0_final,20260528,5,original,0,0,224,0.7
R2P3_cancel_0_final,20260528,5,original,0,1,96,0.3
R2P3_cancel_0_final,20260528,5,original,0,2,0,0.0
R2P3_cancel_0_final,20260528,5,original,0,3,0,0.0
R2P3_cancel_0_final,20260528,5,original,1,0,0,0.0
R2P3_cancel_0_final,20260528,5,original,1,1,32,0.1
R2P3_cancel_0_final,20260528,5,original,1,2,0,0.0
R2P3_cancel_0_final,20260528,5,original,1,3,288,0.9
R2P3_cancel_0_final,20260528,5,original,2,0,0,0.0
R2P3_cancel_0_final,20260528,5,original,2,1,96,0.3
R2P3_cancel_0_final,20260528,5,original,2,2,0,0.0
R2P3_cancel_0_final,20260528,5,original,2,3,224,0.7
R2P3_cancel_0_final,20260528,5,original,3,0,0,0.0
R2P3_cancel_0_final,20260528,5,original,3,1,0,0.0
R2P3_cancel_0_final,20260528,5,original,3,2,320,1.0
R2P3_cancel_0_final,20260528,5,original,3,3,0,0.0
R2P3_cancel_0_final,20260528,10,original,0,0,288,0.9
R2P3_cancel_0_final,20260528,10,original,0,1,32,0.1
R2P3_cancel_0_final,20260528,10,original,0,2,0,0.0
R2P3_cancel_0_final,20260528,10,original,0,3,0,0.0
R2P3_cancel_0_final,20260528,10,original,1,0,0,0.0
R2P3_cancel_0_final,20260528,10,original,1,1,0,0.0
R2P3_cancel_0_final,20260528,10,original,1,2,0,0.0
R2P3_cancel_0_final,20260528,10,original,1,3,320,1.0
R2P3_cancel_0_final,20260528,10,original,2,0,0,0.0
R2P3_cancel_0_final,20260528,10,original,2,1,320,1.0
R2P3_cancel_0_final,20260528,10,original,2,2,0,0.0
R2P3_cancel_0_final,20260528,10,original,2,3,0,0.0
R2P3_cancel_0_final,20260528,10,original,3,0,0,0.0
R2P3_cancel_0_final,20260528,10,original,3,1,0,0.0
R2P3_cancel_0_final,20260528,10,original,3,2,320,1.0
R2P3_cancel_0_final,20260528,10,original,3,3,0,0.0
R2P3_cancel_0_final,20260528,20,original,0,0,320,1.0
R2P3_cancel_0_final,20260528,20,original,0,1,0,0.0
R2P3_cancel_0_final,20260528,20,original,0,2,0,0.0
R2P3_cancel_0_final,20260528,20,original,0,3,0,0.0
R2P3_cancel_0_final,20260528,20,original,1,0,0,0.0
R2P3_cancel_0_final,20260528,20,original,1,1,0,0.0
R2P3_cancel_0_final,20260528,20,original,1,2,0,0.0
R2P3_cancel_0_final,20260528,20,original,1,3,320,1.0
R2P3_cancel_0_final,20260528,20,original,2,0,0,0.0
R2P3_cancel_0_final,20260528,20,original,2,1,320,1.0
R2P3_cancel_0_final,20260528,20,original,2,2,0,0.0
R2P3_cancel_0_final,20260528,20,original,2,3,0,0.0
R2P3_cancel_0_final,20260528,20,original,3,0,0,0.0
R2P3_cancel_0_final,20260528,20,original,3,1,0,0.0
R2P3_cancel_0_final,20260528,20,original,3,2,320,1.0
R2P3_cancel_0_final,20260528,20,original,3,3,0,0.0
R2P3_cancel_0_final,20260528,50,original,0,0,320,1.0
R2P3_cancel_0_final,20260528,50,original,0,1,0,0.0
R2P3_cancel_0_final,20260528,50,original,0,2,0,0.0
R2P3_cancel_0_final,20260528,50,original,0,3,0,0.0
R2P3_cancel_0_final,20260528,50,original,1,0,0,0.0
R2P3_cancel_0_final,20260528,50,original,1,1,0,0.0
R2P3_cancel_0_final,20260528,50,original,1,2,0,0.0
R2P3_cancel_0_final,20260528,50,original,1,3,320,1.0
R2P3_cancel_0_final,20260528,50,original,2,0,0,0.0
R2P3_cancel_0_final,20260528,50,original,2,1,320,1.0
R2P3_cancel_0_final,20260528,50,original,2,2,0,0.0
R2P3_cancel_0_final,20260528,50,original,2,3,0,0.0
R2P3_cancel_0_final,20260528,50,original,3,0,0,0.0
R2P3_cancel_0_final,20260528,50,original,3,1,0,0.0
R2P3_cancel_0_final,20260528,50,original,3,2,320,1.0
R2P3_cancel_0_final,20260528,50,original,3,3,0,0.0
R2P3_cancel_0_final,20260528,1600,original,0,0,320,1.0
R2P3_cancel_0_final,20260528,1600,original,0,1,0,0.0
R2P3_cancel_0_final,20260528,1600,original,0,2,0,0.0
R2P3_cancel_0_final,20260528,1600,original,0,3,0,0.0
R2P3_cancel_0_final,20260528,1600,original,1,0,0,0.0
R2P3_cancel_0_final,20260528,1600,original,1,1,0,0.0
R2P3_cancel_0_final,20260528,1600,original,1,2,0,0.0
R2P3_cancel_0_final,20260528,1600,original,1,3,320,1.0
R2P3_cancel_0_final,20260528,1600,original,2,0,0,0.0
R2P3_cancel_0_final,20260528,1600,original,2,1,320,1.0
R2P3_cancel_0_final,20260528,1600,original,2,2,0,0.0
R2P3_cancel_0_final,20260528,1600,original,2,3,0,0.0
R2P3_cancel_0_final,20260528,1600,original,3,0,0,0.0
R2P3_cancel_0_final,20260528,1600,original,3,1,0,0.0
R2P3_cancel_0_final,20260528,1600,original,3,2,320,1.0
R2P3_cancel_0_final,20260528,1600,original,3,3,0,0.0
R2P4_route_at_slot,20260521,0,route_at_slot,0,0,0,0.0
R2P4_route_at_slot,20260521,0,route_at_slot,0,1,0,0.0
R2P4_route_at_slot,20260521,0,route_at_slot,0,2,288,0.9
R2P4_route_at_slot,20260521,0,route_at_slot,0,3,32,0.1
R2P4_route_at_slot,20260521,0,route_at_slot,1,0,320,1.0
R2P4_route_at_slot,20260521,0,route_at_slot,1,1,0,0.0
R2P4_route_at_slot,20260521,0,route_at_slot,1,2,0,0.0
R2P4_route_at_slot,20260521,0,route_at_slot,1,3,0,0.0
R2P4_route_at_slot,20260521,0,route_at_slot,2,0,0,0.0
R2P4_route_at_slot,20260521,0,route_at_slot,2,1,320,1.0
R2P4_route_at_slot,20260521,0,route_at_slot,2,2,0,0.0
R2P4_route_at_slot,20260521,0,route_at_slot,2,3,0,0.0
R2P4_route_at_slot,20260521,0,route_at_slot,3,0,0,0.0
R2P4_route_at_slot,20260521,0,route_at_slot,3,1,320,1.0
R2P4_route_at_slot,20260521,0,route_at_slot,3,2,0,0.0
R2P4_route_at_slot,20260521,0,route_at_slot,3,3,0,0.0
R2P4_route_at_slot,20260521,1,route_at_slot,0,0,0,0.0
R2P4_route_at_slot,20260521,1,route_at_slot,0,1,0,0.0
R2P4_route_at_slot,20260521,1,route_at_slot,0,2,288,0.9
R2P4_route_at_slot,20260521,1,route_at_slot,0,3,32,0.1
R2P4_route_at_slot,20260521,1,route_at_slot,1,0,320,1.0
R2P4_route_at_slot,20260521,1,route_at_slot,1,1,0,0.0
R2P4_route_at_slot,20260521,1,route_at_slot,1,2,0,0.0
R2P4_route_at_slot,20260521,1,route_at_slot,1,3,0,0.0
R2P4_route_at_slot,20260521,1,route_at_slot,2,0,0,0.0
R2P4_route_at_slot,20260521,1,route_at_slot,2,1,320,1.0
R2P4_route_at_slot,20260521,1,route_at_slot,2,2,0,0.0
R2P4_route_at_slot,20260521,1,route_at_slot,2,3,0,0.0
R2P4_route_at_slot,20260521,1,route_at_slot,3,0,0,0.0
R2P4_route_at_slot,20260521,1,route_at_slot,3,1,320,1.0
R2P4_route_at_slot,20260521,1,route_at_slot,3,2,0,0.0
R2P4_route_at_slot,20260521,1,route_at_slot,3,3,0,0.0
R2P4_route_at_slot,20260521,2,route_at_slot,0,0,0,0.0
R2P4_route_at_slot,20260521,2,route_at_slot,0,1,0,0.0
R2P4_route_at_slot,20260521,2,route_at_slot,0,2,256,0.8
R2P4_route_at_slot,20260521,2,route_at_slot,0,3,64,0.2
R2P4_route_at_slot,20260521,2,route_at_slot,1,0,320,1.0
R2P4_route_at_slot,20260521,2,route_at_slot,1,1,0,0.0
R2P4_route_at_slot,20260521,2,route_at_slot,1,2,0,0.0
R2P4_route_at_slot,20260521,2,route_at_slot,1,3,0,0.0
R2P4_route_at_slot,20260521,2,route_at_slot,2,0,0,0.0
R2P4_route_at_slot,20260521,2,route_at_slot,2,1,320,1.0
R2P4_route_at_slot,20260521,2,route_at_slot,2,2,0,0.0
R2P4_route_at_slot,20260521,2,route_at_slot,2,3,0,0.0
R2P4_route_at_slot,20260521,2,route_at_slot,3,0,0,0.0
R2P4_route_at_slot,20260521,2,route_at_slot,3,1,320,1.0
R2P4_route_at_slot,20260521,2,route_at_slot,3,2,0,0.0
R2P4_route_at_slot,20260521,2,route_at_slot,3,3,0,0.0
R2P4_route_at_slot,20260521,5,route_at_slot,0,0,0,0.0
R2P4_route_at_slot,20260521,5,route_at_slot,0,1,0,0.0
R2P4_route_at_slot,20260521,5,route_at_slot,0,2,224,0.7
R2P4_route_at_slot,20260521,5,route_at_slot,0,3,96,0.3
R2P4_route_at_slot,20260521,5,route_at_slot,1,0,320,1.0
R2P4_route_at_slot,20260521,5,route_at_slot,1,1,0,0.0
R2P4_route_at_slot,20260521,5,route_at_slot,1,2,0,0.0
R2P4_route_at_slot,20260521,5,route_at_slot,1,3,0,0.0
R2P4_route_at_slot,20260521,5,route_at_slot,2,0,0,0.0
R2P4_route_at_slot,20260521,5,route_at_slot,2,1,320,1.0
R2P4_route_at_slot,20260521,5,route_at_slot,2,2,0,0.0
R2P4_route_at_slot,20260521,5,route_at_slot,2,3,0,0.0
R2P4_route_at_slot,20260521,5,route_at_slot,3,0,0,0.0
R2P4_route_at_slot,20260521,5,route_at_slot,3,1,320,1.0
R2P4_route_at_slot,20260521,5,route_at_slot,3,2,0,0.0
R2P4_route_at_slot,20260521,5,route_at_slot,3,3,0,0.0
R2P4_route_at_slot,20260521,10,route_at_slot,0,0,0,0.0
R2P4_route_at_slot,20260521,10,route_at_slot,0,1,0,0.0
R2P4_route_at_slot,20260521,10,route_at_slot,0,2,256,0.8
R2P4_route_at_slot,20260521,10,route_at_slot,0,3,64,0.2
R2P4_route_at_slot,20260521,10,route_at_slot,1,0,160,0.5
R2P4_route_at_slot,20260521,10,route_at_slot,1,1,0,0.0
R2P4_route_at_slot,20260521,10,route_at_slot,1,2,160,0.5
R2P4_route_at_slot,20260521,10,route_at_slot,1,3,0,0.0
R2P4_route_at_slot,20260521,10,route_at_slot,2,0,0,0.0
R2P4_route_at_slot,20260521,10,route_at_slot,2,1,320,1.0
R2P4_route_at_slot,20260521,10,route_at_slot,2,2,0,0.0
R2P4_route_at_slot,20260521,10,route_at_slot,2,3,0,0.0
R2P4_route_at_slot,20260521,10,route_at_slot,3,0,0,0.0
R2P4_route_at_slot,20260521,10,route_at_slot,3,1,32,0.1
R2P4_route_at_slot,20260521,10,route_at_slot,3,2,288,0.9
R2P4_route_at_slot,20260521,10,route_at_slot,3,3,0,0.0
R2P4_route_at_slot,20260521,20,route_at_slot,0,0,0,0.0
R2P4_route_at_slot,20260521,20,route_at_slot,0,1,0,0.0
R2P4_route_at_slot,20260521,20,route_at_slot,0,2,128,0.4
R2P4_route_at_slot,20260521,20,route_at_slot,0,3,192,0.6
R2P4_route_at_slot,20260521,20,route_at_slot,1,0,0,0.0
R2P4_route_at_slot,20260521,20,route_at_slot,1,1,32,0.1
R2P4_route_at_slot,20260521,20,route_at_slot,1,2,288,0.9
R2P4_route_at_slot,20260521,20,route_at_slot,1,3,0,0.0
R2P4_route_at_slot,20260521,20,route_at_slot,2,0,0,0.0
R2P4_route_at_slot,20260521,20,route_at_slot,2,1,0,0.0
R2P4_route_at_slot,20260521,20,route_at_slot,2,2,0,0.0
R2P4_route_at_slot,20260521,20,route_at_slot,2,3,320,1.0
R2P4_route_at_slot,20260521,20,route_at_slot,3,0,0,0.0
R2P4_route_at_slot,20260521,20,route_at_slot,3,1,0,0.0
R2P4_route_at_slot,20260521,20,route_at_slot,3,2,320,1.0
R2P4_route_at_slot,20260521,20,route_at_slot,3,3,0,0.0
R2P4_route_at_slot,20260521,50,route_at_slot,0,0,0,0.0
R2P4_route_at_slot,20260521,50,route_at_slot,0,1,0,0.0
R2P4_route_at_slot,20260521,50,route_at_slot,0,2,0,0.0
R2P4_route_at_slot,20260521,50,route_at_slot,0,3,320,1.0
R2P4_route_at_slot,20260521,50,route_at_slot,1,0,0,0.0
R2P4_route_at_slot,20260521,50,route_at_slot,1,1,64,0.2
R2P4_route_at_slot,20260521,50,route_at_slot,1,2,256,0.8
R2P4_route_at_slot,20260521,50,route_at_slot,1,3,0,0.0
R2P4_route_at_slot,20260521,50,route_at_slot,2,0,0,0.0
R2P4_route_at_slot,20260521,50,route_at_slot,2,1,0,0.0
R2P4_route_at_slot,20260521,50,route_at_slot,2,2,0,0.0
R2P4_route_at_slot,20260521,50,route_at_slot,2,3,320,1.0
R2P4_route_at_slot,20260521,50,route_at_slot,3,0,0,0.0
R2P4_route_at_slot,20260521,50,route_at_slot,3,1,0,0.0
R2P4_route_at_slot,20260521,50,route_at_slot,3,2,320,1.0
R2P4_route_at_slot,20260521,50,route_at_slot,3,3,0,0.0
R2P4_route_at_slot,20260521,1600,route_at_slot,0,0,0,0.0
R2P4_route_at_slot,20260521,1600,route_at_slot,0,1,0,0.0
R2P4_route_at_slot,20260521,1600,route_at_slot,0,2,0,0.0
R2P4_route_at_slot,20260521,1600,route_at_slot,0,3,320,1.0
R2P4_route_at_slot,20260521,1600,route_at_slot,1,0,0,0.0
R2P4_route_at_slot,20260521,1600,route_at_slot,1,1,64,0.2
R2P4_route_at_slot,20260521,1600,route_at_slot,1,2,256,0.8
R2P4_route_at_slot,20260521,1600,route_at_slot,1,3,0,0.0
R2P4_route_at_slot,20260521,1600,route_at_slot,2,0,0,0.0
R2P4_route_at_slot,20260521,1600,route_at_slot,2,1,0,0.0
R2P4_route_at_slot,20260521,1600,route_at_slot,2,2,0,0.0
R2P4_route_at_slot,20260521,1600,route_at_slot,2,3,320,1.0
R2P4_route_at_slot,20260521,1600,route_at_slot,3,0,0,0.0
R2P4_route_at_slot,20260521,1600,route_at_slot,3,1,0,0.0
R2P4_route_at_slot,20260521,1600,route_at_slot,3,2,320,1.0
R2P4_route_at_slot,20260521,1600,route_at_slot,3,3,0,0.0
R2P4_route_at_slot,20260522,0,route_at_slot,0,0,0,0.0
R2P4_route_at_slot,20260522,0,route_at_slot,0,1,0,0.0
R2P4_route_at_slot,20260522,0,route_at_slot,0,2,0,0.0
R2P4_route_at_slot,20260522,0,route_at_slot,0,3,320,1.0
R2P4_route_at_slot,20260522,0,route_at_slot,1,0,0,0.0
R2P4_route_at_slot,20260522,0,route_at_slot,1,1,320,1.0
R2P4_route_at_slot,20260522,0,route_at_slot,1,2,0,0.0
R2P4_route_at_slot,20260522,0,route_at_slot,1,3,0,0.0
R2P4_route_at_slot,20260522,0,route_at_slot,2,0,0,0.0
R2P4_route_at_slot,20260522,0,route_at_slot,2,1,0,0.0
R2P4_route_at_slot,20260522,0,route_at_slot,2,2,0,0.0
R2P4_route_at_slot,20260522,0,route_at_slot,2,3,320,1.0
R2P4_route_at_slot,20260522,0,route_at_slot,3,0,0,0.0
R2P4_route_at_slot,20260522,0,route_at_slot,3,1,0,0.0
R2P4_route_at_slot,20260522,0,route_at_slot,3,2,0,0.0
R2P4_route_at_slot,20260522,0,route_at_slot,3,3,320,1.0
R2P4_route_at_slot,20260522,1,route_at_slot,0,0,0,0.0
R2P4_route_at_slot,20260522,1,route_at_slot,0,1,0,0.0
R2P4_route_at_slot,20260522,1,route_at_slot,0,2,0,0.0
R2P4_route_at_slot,20260522,1,route_at_slot,0,3,320,1.0
R2P4_route_at_slot,20260522,1,route_at_slot,1,0,0,0.0
R2P4_route_at_slot,20260522,1,route_at_slot,1,1,320,1.0
R2P4_route_at_slot,20260522,1,route_at_slot,1,2,0,0.0
R2P4_route_at_slot,20260522,1,route_at_slot,1,3,0,0.0
R2P4_route_at_slot,20260522,1,route_at_slot,2,0,0,0.0
R2P4_route_at_slot,20260522,1,route_at_slot,2,1,0,0.0
R2P4_route_at_slot,20260522,1,route_at_slot,2,2,0,0.0
R2P4_route_at_slot,20260522,1,route_at_slot,2,3,320,1.0
R2P4_route_at_slot,20260522,1,route_at_slot,3,0,0,0.0
R2P4_route_at_slot,20260522,1,route_at_slot,3,1,0,0.0
R2P4_route_at_slot,20260522,1,route_at_slot,3,2,0,0.0
R2P4_route_at_slot,20260522,1,route_at_slot,3,3,320,1.0
R2P4_route_at_slot,20260522,2,route_at_slot,0,0,0,0.0
R2P4_route_at_slot,20260522,2,route_at_slot,0,1,0,0.0
R2P4_route_at_slot,20260522,2,route_at_slot,0,2,0,0.0
R2P4_route_at_slot,20260522,2,route_at_slot,0,3,320,1.0
R2P4_route_at_slot,20260522,2,route_at_slot,1,0,0,0.0
R2P4_route_at_slot,20260522,2,route_at_slot,1,1,320,1.0
R2P4_route_at_slot,20260522,2,route_at_slot,1,2,0,0.0
R2P4_route_at_slot,20260522,2,route_at_slot,1,3,0,0.0
R2P4_route_at_slot,20260522,2,route_at_slot,2,0,0,0.0
R2P4_route_at_slot,20260522,2,route_at_slot,2,1,0,0.0
R2P4_route_at_slot,20260522,2,route_at_slot,2,2,0,0.0
R2P4_route_at_slot,20260522,2,route_at_slot,2,3,320,1.0
R2P4_route_at_slot,20260522,2,route_at_slot,3,0,0,0.0
R2P4_route_at_slot,20260522,2,route_at_slot,3,1,0,0.0
R2P4_route_at_slot,20260522,2,route_at_slot,3,2,0,0.0
R2P4_route_at_slot,20260522,2,route_at_slot,3,3,320,1.0
R2P4_route_at_slot,20260522,5,route_at_slot,0,0,0,0.0
R2P4_route_at_slot,20260522,5,route_at_slot,0,1,0,0.0
R2P4_route_at_slot,20260522,5,route_at_slot,0,2,0,0.0
R2P4_route_at_slot,20260522,5,route_at_slot,0,3,320,1.0
R2P4_route_at_slot,20260522,5,route_at_slot,1,0,0,0.0
R2P4_route_at_slot,20260522,5,route_at_slot,1,1,96,0.3
R2P4_route_at_slot,20260522,5,route_at_slot,1,2,0,0.0
R2P4_route_at_slot,20260522,5,route_at_slot,1,3,224,0.7
R2P4_route_at_slot,20260522,5,route_at_slot,2,0,0,0.0
R2P4_route_at_slot,20260522,5,route_at_slot,2,1,0,0.0
R2P4_route_at_slot,20260522,5,route_at_slot,2,2,0,0.0
R2P4_route_at_slot,20260522,5,route_at_slot,2,3,320,1.0
R2P4_route_at_slot,20260522,5,route_at_slot,3,0,0,0.0
R2P4_route_at_slot,20260522,5,route_at_slot,3,1,0,0.0
R2P4_route_at_slot,20260522,5,route_at_slot,3,2,0,0.0
R2P4_route_at_slot,20260522,5,route_at_slot,3,3,320,1.0
R2P4_route_at_slot,20260522,10,route_at_slot,0,0,0,0.0
R2P4_route_at_slot,20260522,10,route_at_slot,0,1,0,0.0
R2P4_route_at_slot,20260522,10,route_at_slot,0,2,0,0.0
R2P4_route_at_slot,20260522,10,route_at_slot,0,3,320,1.0
R2P4_route_at_slot,20260522,10,route_at_slot,1,0,0,0.0
R2P4_route_at_slot,20260522,10,route_at_slot,1,1,32,0.1
R2P4_route_at_slot,20260522,10,route_at_slot,1,2,0,0.0
R2P4_route_at_slot,20260522,10,route_at_slot,1,3,288,0.9
R2P4_route_at_slot,20260522,10,route_at_slot,2,0,0,0.0
R2P4_route_at_slot,20260522,10,route_at_slot,2,1,0,0.0
R2P4_route_at_slot,20260522,10,route_at_slot,2,2,0,0.0
R2P4_route_at_slot,20260522,10,route_at_slot,2,3,320,1.0
R2P4_route_at_slot,20260522,10,route_at_slot,3,0,0,0.0
R2P4_route_at_slot,20260522,10,route_at_slot,3,1,0,0.0
R2P4_route_at_slot,20260522,10,route_at_slot,3,2,0,0.0
R2P4_route_at_slot,20260522,10,route_at_slot,3,3,320,1.0
R2P4_route_at_slot,20260522,20,route_at_slot,0,0,0,0.0
R2P4_route_at_slot,20260522,20,route_at_slot,0,1,0,0.0
R2P4_route_at_slot,20260522,20,route_at_slot,0,2,0,0.0
R2P4_route_at_slot,20260522,20,route_at_slot,0,3,320,1.0
R2P4_route_at_slot,20260522,20,route_at_slot,1,0,0,0.0
R2P4_route_at_slot,20260522,20,route_at_slot,1,1,32,0.1
R2P4_route_at_slot,20260522,20,route_at_slot,1,2,0,0.0
R2P4_route_at_slot,20260522,20,route_at_slot,1,3,288,0.9
R2P4_route_at_slot,20260522,20,route_at_slot,2,0,0,0.0
R2P4_route_at_slot,20260522,20,route_at_slot,2,1,0,0.0
R2P4_route_at_slot,20260522,20,route_at_slot,2,2,0,0.0
R2P4_route_at_slot,20260522,20,route_at_slot,2,3,320,1.0
R2P4_route_at_slot,20260522,20,route_at_slot,3,0,0,0.0
R2P4_route_at_slot,20260522,20,route_at_slot,3,1,0,0.0
R2P4_route_at_slot,20260522,20,route_at_slot,3,2,0,0.0
R2P4_route_at_slot,20260522,20,route_at_slot,3,3,320,1.0
R2P4_route_at_slot,20260522,50,route_at_slot,0,0,0,0.0
R2P4_route_at_slot,20260522,50,route_at_slot,0,1,0,0.0
R2P4_route_at_slot,20260522,50,route_at_slot,0,2,0,0.0
R2P4_route_at_slot,20260522,50,route_at_slot,0,3,320,1.0
R2P4_route_at_slot,20260522,50,route_at_slot,1,0,0,0.0
R2P4_route_at_slot,20260522,50,route_at_slot,1,1,32,0.1
R2P4_route_at_slot,20260522,50,route_at_slot,1,2,0,0.0
R2P4_route_at_slot,20260522,50,route_at_slot,1,3,288,0.9
R2P4_route_at_slot,20260522,50,route_at_slot,2,0,0,0.0
R2P4_route_at_slot,20260522,50,route_at_slot,2,1,0,0.0
R2P4_route_at_slot,20260522,50,route_at_slot,2,2,0,0.0
R2P4_route_at_slot,20260522,50,route_at_slot,2,3,320,1.0
R2P4_route_at_slot,20260522,50,route_at_slot,3,0,0,0.0
R2P4_route_at_slot,20260522,50,route_at_slot,3,1,0,0.0
R2P4_route_at_slot,20260522,50,route_at_slot,3,2,0,0.0
R2P4_route_at_slot,20260522,50,route_at_slot,3,3,320,1.0
R2P4_route_at_slot,20260522,1600,route_at_slot,0,0,0,0.0
R2P4_route_at_slot,20260522,1600,route_at_slot,0,1,0,0.0
R2P4_route_at_slot,20260522,1600,route_at_slot,0,2,0,0.0
R2P4_route_at_slot,20260522,1600,route_at_slot,0,3,320,1.0
R2P4_route_at_slot,20260522,1600,route_at_slot,1,0,0,0.0
R2P4_route_at_slot,20260522,1600,route_at_slot,1,1,32,0.1
R2P4_route_at_slot,20260522,1600,route_at_slot,1,2,0,0.0
R2P4_route_at_slot,20260522,1600,route_at_slot,1,3,288,0.9
R2P4_route_at_slot,20260522,1600,route_at_slot,2,0,0,0.0
R2P4_route_at_slot,20260522,1600,route_at_slot,2,1,0,0.0
R2P4_route_at_slot,20260522,1600,route_at_slot,2,2,0,0.0
R2P4_route_at_slot,20260522,1600,route_at_slot,2,3,320,1.0
R2P4_route_at_slot,20260522,1600,route_at_slot,3,0,0,0.0
R2P4_route_at_slot,20260522,1600,route_at_slot,3,1,0,0.0
R2P4_route_at_slot,20260522,1600,route_at_slot,3,2,0,0.0
R2P4_route_at_slot,20260522,1600,route_at_slot,3,3,320,1.0
R2P4_route_at_slot,20260523,0,route_at_slot,0,0,288,0.9
R2P4_route_at_slot,20260523,0,route_at_slot,0,1,0,0.0
R2P4_route_at_slot,20260523,0,route_at_slot,0,2,0,0.0
R2P4_route_at_slot,20260523,0,route_at_slot,0,3,32,0.1
R2P4_route_at_slot,20260523,0,route_at_slot,1,0,0,0.0
R2P4_route_at_slot,20260523,0,route_at_slot,1,1,0,0.0
R2P4_route_at_slot,20260523,0,route_at_slot,1,2,0,0.0
R2P4_route_at_slot,20260523,0,route_at_slot,1,3,320,1.0
R2P4_route_at_slot,20260523,0,route_at_slot,2,0,320,1.0
R2P4_route_at_slot,20260523,0,route_at_slot,2,1,0,0.0
R2P4_route_at_slot,20260523,0,route_at_slot,2,2,0,0.0
R2P4_route_at_slot,20260523,0,route_at_slot,2,3,0,0.0
R2P4_route_at_slot,20260523,0,route_at_slot,3,0,0,0.0
R2P4_route_at_slot,20260523,0,route_at_slot,3,1,0,0.0
R2P4_route_at_slot,20260523,0,route_at_slot,3,2,0,0.0
R2P4_route_at_slot,20260523,0,route_at_slot,3,3,320,1.0
R2P4_route_at_slot,20260523,1,route_at_slot,0,0,288,0.9
R2P4_route_at_slot,20260523,1,route_at_slot,0,1,0,0.0
R2P4_route_at_slot,20260523,1,route_at_slot,0,2,0,0.0
R2P4_route_at_slot,20260523,1,route_at_slot,0,3,32,0.1
R2P4_route_at_slot,20260523,1,route_at_slot,1,0,0,0.0
R2P4_route_at_slot,20260523,1,route_at_slot,1,1,0,0.0
R2P4_route_at_slot,20260523,1,route_at_slot,1,2,0,0.0
R2P4_route_at_slot,20260523,1,route_at_slot,1,3,320,1.0
R2P4_route_at_slot,20260523,1,route_at_slot,2,0,320,1.0
R2P4_route_at_slot,20260523,1,route_at_slot,2,1,0,0.0
R2P4_route_at_slot,20260523,1,route_at_slot,2,2,0,0.0
R2P4_route_at_slot,20260523,1,route_at_slot,2,3,0,0.0
R2P4_route_at_slot,20260523,1,route_at_slot,3,0,0,0.0
R2P4_route_at_slot,20260523,1,route_at_slot,3,1,0,0.0
R2P4_route_at_slot,20260523,1,route_at_slot,3,2,0,0.0
R2P4_route_at_slot,20260523,1,route_at_slot,3,3,320,1.0
R2P4_route_at_slot,20260523,2,route_at_slot,0,0,288,0.9
R2P4_route_at_slot,20260523,2,route_at_slot,0,1,0,0.0
R2P4_route_at_slot,20260523,2,route_at_slot,0,2,0,0.0
R2P4_route_at_slot,20260523,2,route_at_slot,0,3,32,0.1
R2P4_route_at_slot,20260523,2,route_at_slot,1,0,0,0.0
R2P4_route_at_slot,20260523,2,route_at_slot,1,1,0,0.0
R2P4_route_at_slot,20260523,2,route_at_slot,1,2,0,0.0
R2P4_route_at_slot,20260523,2,route_at_slot,1,3,320,1.0
R2P4_route_at_slot,20260523,2,route_at_slot,2,0,320,1.0
R2P4_route_at_slot,20260523,2,route_at_slot,2,1,0,0.0
R2P4_route_at_slot,20260523,2,route_at_slot,2,2,0,0.0
R2P4_route_at_slot,20260523,2,route_at_slot,2,3,0,0.0
R2P4_route_at_slot,20260523,2,route_at_slot,3,0,0,0.0
R2P4_route_at_slot,20260523,2,route_at_slot,3,1,0,0.0
R2P4_route_at_slot,20260523,2,route_at_slot,3,2,0,0.0
R2P4_route_at_slot,20260523,2,route_at_slot,3,3,320,1.0
R2P4_route_at_slot,20260523,5,route_at_slot,0,0,288,0.9
R2P4_route_at_slot,20260523,5,route_at_slot,0,1,0,0.0
R2P4_route_at_slot,20260523,5,route_at_slot,0,2,0,0.0
R2P4_route_at_slot,20260523,5,route_at_slot,0,3,32,0.1
R2P4_route_at_slot,20260523,5,route_at_slot,1,0,0,0.0
R2P4_route_at_slot,20260523,5,route_at_slot,1,1,0,0.0
R2P4_route_at_slot,20260523,5,route_at_slot,1,2,0,0.0
R2P4_route_at_slot,20260523,5,route_at_slot,1,3,320,1.0
R2P4_route_at_slot,20260523,5,route_at_slot,2,0,320,1.0
R2P4_route_at_slot,20260523,5,route_at_slot,2,1,0,0.0
R2P4_route_at_slot,20260523,5,route_at_slot,2,2,0,0.0
R2P4_route_at_slot,20260523,5,route_at_slot,2,3,0,0.0
R2P4_route_at_slot,20260523,5,route_at_slot,3,0,0,0.0
R2P4_route_at_slot,20260523,5,route_at_slot,3,1,0,0.0
R2P4_route_at_slot,20260523,5,route_at_slot,3,2,0,0.0
R2P4_route_at_slot,20260523,5,route_at_slot,3,3,320,1.0
R2P4_route_at_slot,20260523,10,route_at_slot,0,0,288,0.9
R2P4_route_at_slot,20260523,10,route_at_slot,0,1,0,0.0
R2P4_route_at_slot,20260523,10,route_at_slot,0,2,0,0.0
R2P4_route_at_slot,20260523,10,route_at_slot,0,3,32,0.1
R2P4_route_at_slot,20260523,10,route_at_slot,1,0,0,0.0
R2P4_route_at_slot,20260523,10,route_at_slot,1,1,0,0.0
R2P4_route_at_slot,20260523,10,route_at_slot,1,2,0,0.0
R2P4_route_at_slot,20260523,10,route_at_slot,1,3,320,1.0
R2P4_route_at_slot,20260523,10,route_at_slot,2,0,320,1.0
R2P4_route_at_slot,20260523,10,route_at_slot,2,1,0,0.0
R2P4_route_at_slot,20260523,10,route_at_slot,2,2,0,0.0
R2P4_route_at_slot,20260523,10,route_at_slot,2,3,0,0.0
R2P4_route_at_slot,20260523,10,route_at_slot,3,0,0,0.0
R2P4_route_at_slot,20260523,10,route_at_slot,3,1,0,0.0
R2P4_route_at_slot,20260523,10,route_at_slot,3,2,0,0.0
R2P4_route_at_slot,20260523,10,route_at_slot,3,3,320,1.0
R2P4_route_at_slot,20260523,20,route_at_slot,0,0,320,1.0
R2P4_route_at_slot,20260523,20,route_at_slot,0,1,0,0.0
R2P4_route_at_slot,20260523,20,route_at_slot,0,2,0,0.0
R2P4_route_at_slot,20260523,20,route_at_slot,0,3,0,0.0
R2P4_route_at_slot,20260523,20,route_at_slot,1,0,0,0.0
R2P4_route_at_slot,20260523,20,route_at_slot,1,1,0,0.0
R2P4_route_at_slot,20260523,20,route_at_slot,1,2,0,0.0
R2P4_route_at_slot,20260523,20,route_at_slot,1,3,320,1.0
R2P4_route_at_slot,20260523,20,route_at_slot,2,0,320,1.0
R2P4_route_at_slot,20260523,20,route_at_slot,2,1,0,0.0
R2P4_route_at_slot,20260523,20,route_at_slot,2,2,0,0.0
R2P4_route_at_slot,20260523,20,route_at_slot,2,3,0,0.0
R2P4_route_at_slot,20260523,20,route_at_slot,3,0,0,0.0
R2P4_route_at_slot,20260523,20,route_at_slot,3,1,0,0.0
R2P4_route_at_slot,20260523,20,route_at_slot,3,2,96,0.3
R2P4_route_at_slot,20260523,20,route_at_slot,3,3,224,0.7
R2P4_route_at_slot,20260523,50,route_at_slot,0,0,320,1.0
R2P4_route_at_slot,20260523,50,route_at_slot,0,1,0,0.0
R2P4_route_at_slot,20260523,50,route_at_slot,0,2,0,0.0
R2P4_route_at_slot,20260523,50,route_at_slot,0,3,0,0.0
R2P4_route_at_slot,20260523,50,route_at_slot,1,0,0,0.0
R2P4_route_at_slot,20260523,50,route_at_slot,1,1,0,0.0
R2P4_route_at_slot,20260523,50,route_at_slot,1,2,0,0.0
R2P4_route_at_slot,20260523,50,route_at_slot,1,3,320,1.0
R2P4_route_at_slot,20260523,50,route_at_slot,2,0,288,0.9
R2P4_route_at_slot,20260523,50,route_at_slot,2,1,0,0.0
R2P4_route_at_slot,20260523,50,route_at_slot,2,2,32,0.1
R2P4_route_at_slot,20260523,50,route_at_slot,2,3,0,0.0
R2P4_route_at_slot,20260523,50,route_at_slot,3,0,128,0.4
R2P4_route_at_slot,20260523,50,route_at_slot,3,1,0,0.0
R2P4_route_at_slot,20260523,50,route_at_slot,3,2,0,0.0
R2P4_route_at_slot,20260523,50,route_at_slot,3,3,192,0.6
R2P4_route_at_slot,20260523,1600,route_at_slot,0,0,320,1.0
R2P4_route_at_slot,20260523,1600,route_at_slot,0,1,0,0.0
R2P4_route_at_slot,20260523,1600,route_at_slot,0,2,0,0.0
R2P4_route_at_slot,20260523,1600,route_at_slot,0,3,0,0.0
R2P4_route_at_slot,20260523,1600,route_at_slot,1,0,0,0.0
R2P4_route_at_slot,20260523,1600,route_at_slot,1,1,0,0.0
R2P4_route_at_slot,20260523,1600,route_at_slot,1,2,0,0.0
R2P4_route_at_slot,20260523,1600,route_at_slot,1,3,320,1.0
R2P4_route_at_slot,20260523,1600,route_at_slot,2,0,320,1.0
R2P4_route_at_slot,20260523,1600,route_at_slot,2,1,0,0.0
R2P4_route_at_slot,20260523,1600,route_at_slot,2,2,0,0.0
R2P4_route_at_slot,20260523,1600,route_at_slot,2,3,0,0.0
R2P4_route_at_slot,20260523,1600,route_at_slot,3,0,64,0.2
R2P4_route_at_slot,20260523,1600,route_at_slot,3,1,0,0.0
R2P4_route_at_slot,20260523,1600,route_at_slot,3,2,0,0.0
R2P4_route_at_slot,20260523,1600,route_at_slot,3,3,256,0.8
R2P4_route_at_slot,20260524,0,route_at_slot,0,0,320,1.0
R2P4_route_at_slot,20260524,0,route_at_slot,0,1,0,0.0
R2P4_route_at_slot,20260524,0,route_at_slot,0,2,0,0.0
R2P4_route_at_slot,20260524,0,route_at_slot,0,3,0,0.0
R2P4_route_at_slot,20260524,0,route_at_slot,1,0,128,0.4
R2P4_route_at_slot,20260524,0,route_at_slot,1,1,0,0.0
R2P4_route_at_slot,20260524,0,route_at_slot,1,2,0,0.0
R2P4_route_at_slot,20260524,0,route_at_slot,1,3,192,0.6
R2P4_route_at_slot,20260524,0,route_at_slot,2,0,0,0.0
R2P4_route_at_slot,20260524,0,route_at_slot,2,1,0,0.0
R2P4_route_at_slot,20260524,0,route_at_slot,2,2,0,0.0
R2P4_route_at_slot,20260524,0,route_at_slot,2,3,320,1.0
R2P4_route_at_slot,20260524,0,route_at_slot,3,0,0,0.0
R2P4_route_at_slot,20260524,0,route_at_slot,3,1,0,0.0
R2P4_route_at_slot,20260524,0,route_at_slot,3,2,0,0.0
R2P4_route_at_slot,20260524,0,route_at_slot,3,3,320,1.0
R2P4_route_at_slot,20260524,1,route_at_slot,0,0,320,1.0
R2P4_route_at_slot,20260524,1,route_at_slot,0,1,0,0.0
R2P4_route_at_slot,20260524,1,route_at_slot,0,2,0,0.0
R2P4_route_at_slot,20260524,1,route_at_slot,0,3,0,0.0
R2P4_route_at_slot,20260524,1,route_at_slot,1,0,320,1.0
R2P4_route_at_slot,20260524,1,route_at_slot,1,1,0,0.0
R2P4_route_at_slot,20260524,1,route_at_slot,1,2,0,0.0
R2P4_route_at_slot,20260524,1,route_at_slot,1,3,0,0.0
R2P4_route_at_slot,20260524,1,route_at_slot,2,0,0,0.0
R2P4_route_at_slot,20260524,1,route_at_slot,2,1,0,0.0
R2P4_route_at_slot,20260524,1,route_at_slot,2,2,0,0.0
R2P4_route_at_slot,20260524,1,route_at_slot,2,3,320,1.0
R2P4_route_at_slot,20260524,1,route_at_slot,3,0,0,0.0
R2P4_route_at_slot,20260524,1,route_at_slot,3,1,0,0.0
R2P4_route_at_slot,20260524,1,route_at_slot,3,2,0,0.0
R2P4_route_at_slot,20260524,1,route_at_slot,3,3,320,1.0
R2P4_route_at_slot,20260524,2,route_at_slot,0,0,320,1.0
R2P4_route_at_slot,20260524,2,route_at_slot,0,1,0,0.0
R2P4_route_at_slot,20260524,2,route_at_slot,0,2,0,0.0
R2P4_route_at_slot,20260524,2,route_at_slot,0,3,0,0.0
R2P4_route_at_slot,20260524,2,route_at_slot,1,0,320,1.0
R2P4_route_at_slot,20260524,2,route_at_slot,1,1,0,0.0
R2P4_route_at_slot,20260524,2,route_at_slot,1,2,0,0.0
R2P4_route_at_slot,20260524,2,route_at_slot,1,3,0,0.0
R2P4_route_at_slot,20260524,2,route_at_slot,2,0,0,0.0
R2P4_route_at_slot,20260524,2,route_at_slot,2,1,0,0.0
R2P4_route_at_slot,20260524,2,route_at_slot,2,2,0,0.0
R2P4_route_at_slot,20260524,2,route_at_slot,2,3,320,1.0
R2P4_route_at_slot,20260524,2,route_at_slot,3,0,0,0.0
R2P4_route_at_slot,20260524,2,route_at_slot,3,1,0,0.0
R2P4_route_at_slot,20260524,2,route_at_slot,3,2,0,0.0
R2P4_route_at_slot,20260524,2,route_at_slot,3,3,320,1.0
R2P4_route_at_slot,20260524,5,route_at_slot,0,0,320,1.0
R2P4_route_at_slot,20260524,5,route_at_slot,0,1,0,0.0
R2P4_route_at_slot,20260524,5,route_at_slot,0,2,0,0.0
R2P4_route_at_slot,20260524,5,route_at_slot,0,3,0,0.0
R2P4_route_at_slot,20260524,5,route_at_slot,1,0,320,1.0
R2P4_route_at_slot,20260524,5,route_at_slot,1,1,0,0.0
R2P4_route_at_slot,20260524,5,route_at_slot,1,2,0,0.0
R2P4_route_at_slot,20260524,5,route_at_slot,1,3,0,0.0
R2P4_route_at_slot,20260524,5,route_at_slot,2,0,0,0.0
R2P4_route_at_slot,20260524,5,route_at_slot,2,1,256,0.8
R2P4_route_at_slot,20260524,5,route_at_slot,2,2,32,0.1
R2P4_route_at_slot,20260524,5,route_at_slot,2,3,32,0.1
R2P4_route_at_slot,20260524,5,route_at_slot,3,0,288,0.9
R2P4_route_at_slot,20260524,5,route_at_slot,3,1,0,0.0
R2P4_route_at_slot,20260524,5,route_at_slot,3,2,0,0.0
R2P4_route_at_slot,20260524,5,route_at_slot,3,3,32,0.1
R2P4_route_at_slot,20260524,10,route_at_slot,0,0,32,0.1
R2P4_route_at_slot,20260524,10,route_at_slot,0,1,288,0.9
R2P4_route_at_slot,20260524,10,route_at_slot,0,2,0,0.0
R2P4_route_at_slot,20260524,10,route_at_slot,0,3,0,0.0
R2P4_route_at_slot,20260524,10,route_at_slot,1,0,160,0.5
R2P4_route_at_slot,20260524,10,route_at_slot,1,1,160,0.5
R2P4_route_at_slot,20260524,10,route_at_slot,1,2,0,0.0
R2P4_route_at_slot,20260524,10,route_at_slot,1,3,0,0.0
R2P4_route_at_slot,20260524,10,route_at_slot,2,0,0,0.0
R2P4_route_at_slot,20260524,10,route_at_slot,2,1,288,0.9
R2P4_route_at_slot,20260524,10,route_at_slot,2,2,32,0.1
R2P4_route_at_slot,20260524,10,route_at_slot,2,3,0,0.0
R2P4_route_at_slot,20260524,10,route_at_slot,3,0,288,0.9
R2P4_route_at_slot,20260524,10,route_at_slot,3,1,0,0.0
R2P4_route_at_slot,20260524,10,route_at_slot,3,2,0,0.0
R2P4_route_at_slot,20260524,10,route_at_slot,3,3,32,0.1
R2P4_route_at_slot,20260524,20,route_at_slot,0,0,288,0.9
R2P4_route_at_slot,20260524,20,route_at_slot,0,1,0,0.0
R2P4_route_at_slot,20260524,20,route_at_slot,0,2,32,0.1
R2P4_route_at_slot,20260524,20,route_at_slot,0,3,0,0.0
R2P4_route_at_slot,20260524,20,route_at_slot,1,0,288,0.9
R2P4_route_at_slot,20260524,20,route_at_slot,1,1,0,0.0
R2P4_route_at_slot,20260524,20,route_at_slot,1,2,0,0.0
R2P4_route_at_slot,20260524,20,route_at_slot,1,3,32,0.1
R2P4_route_at_slot,20260524,20,route_at_slot,2,0,0,0.0
R2P4_route_at_slot,20260524,20,route_at_slot,2,1,320,1.0
R2P4_route_at_slot,20260524,20,route_at_slot,2,2,0,0.0
R2P4_route_at_slot,20260524,20,route_at_slot,2,3,0,0.0
R2P4_route_at_slot,20260524,20,route_at_slot,3,0,288,0.9
R2P4_route_at_slot,20260524,20,route_at_slot,3,1,0,0.0
R2P4_route_at_slot,20260524,20,route_at_slot,3,2,0,0.0
R2P4_route_at_slot,20260524,20,route_at_slot,3,3,32,0.1
R2P4_route_at_slot,20260524,50,route_at_slot,0,0,320,1.0
R2P4_route_at_slot,20260524,50,route_at_slot,0,1,0,0.0
R2P4_route_at_slot,20260524,50,route_at_slot,0,2,0,0.0
R2P4_route_at_slot,20260524,50,route_at_slot,0,3,0,0.0
R2P4_route_at_slot,20260524,50,route_at_slot,1,0,288,0.9
R2P4_route_at_slot,20260524,50,route_at_slot,1,1,0,0.0
R2P4_route_at_slot,20260524,50,route_at_slot,1,2,0,0.0
R2P4_route_at_slot,20260524,50,route_at_slot,1,3,32,0.1
R2P4_route_at_slot,20260524,50,route_at_slot,2,0,0,0.0
R2P4_route_at_slot,20260524,50,route_at_slot,2,1,320,1.0
R2P4_route_at_slot,20260524,50,route_at_slot,2,2,0,0.0
R2P4_route_at_slot,20260524,50,route_at_slot,2,3,0,0.0
R2P4_route_at_slot,20260524,50,route_at_slot,3,0,288,0.9
R2P4_route_at_slot,20260524,50,route_at_slot,3,1,0,0.0
R2P4_route_at_slot,20260524,50,route_at_slot,3,2,0,0.0
R2P4_route_at_slot,20260524,50,route_at_slot,3,3,32,0.1
R2P4_route_at_slot,20260524,1600,route_at_slot,0,0,288,0.9
R2P4_route_at_slot,20260524,1600,route_at_slot,0,1,32,0.1
R2P4_route_at_slot,20260524,1600,route_at_slot,0,2,0,0.0
R2P4_route_at_slot,20260524,1600,route_at_slot,0,3,0,0.0
R2P4_route_at_slot,20260524,1600,route_at_slot,1,0,288,0.9
R2P4_route_at_slot,20260524,1600,route_at_slot,1,1,32,0.1
R2P4_route_at_slot,20260524,1600,route_at_slot,1,2,0,0.0
R2P4_route_at_slot,20260524,1600,route_at_slot,1,3,0,0.0
R2P4_route_at_slot,20260524,1600,route_at_slot,2,0,0,0.0
R2P4_route_at_slot,20260524,1600,route_at_slot,2,1,320,1.0
R2P4_route_at_slot,20260524,1600,route_at_slot,2,2,0,0.0
R2P4_route_at_slot,20260524,1600,route_at_slot,2,3,0,0.0
R2P4_route_at_slot,20260524,1600,route_at_slot,3,0,288,0.9
R2P4_route_at_slot,20260524,1600,route_at_slot,3,1,0,0.0
R2P4_route_at_slot,20260524,1600,route_at_slot,3,2,0,0.0
R2P4_route_at_slot,20260524,1600,route_at_slot,3,3,32,0.1
R2P4_route_at_slot,20260525,0,route_at_slot,0,0,320,1.0
R2P4_route_at_slot,20260525,0,route_at_slot,0,1,0,0.0
R2P4_route_at_slot,20260525,0,route_at_slot,0,2,0,0.0
R2P4_route_at_slot,20260525,0,route_at_slot,0,3,0,0.0
R2P4_route_at_slot,20260525,0,route_at_slot,1,0,0,0.0
R2P4_route_at_slot,20260525,0,route_at_slot,1,1,64,0.2
R2P4_route_at_slot,20260525,0,route_at_slot,1,2,0,0.0
R2P4_route_at_slot,20260525,0,route_at_slot,1,3,256,0.8
R2P4_route_at_slot,20260525,0,route_at_slot,2,0,0,0.0
R2P4_route_at_slot,20260525,0,route_at_slot,2,1,320,1.0
R2P4_route_at_slot,20260525,0,route_at_slot,2,2,0,0.0
R2P4_route_at_slot,20260525,0,route_at_slot,2,3,0,0.0
R2P4_route_at_slot,20260525,0,route_at_slot,3,0,288,0.9
R2P4_route_at_slot,20260525,0,route_at_slot,3,1,32,0.1
R2P4_route_at_slot,20260525,0,route_at_slot,3,2,0,0.0
R2P4_route_at_slot,20260525,0,route_at_slot,3,3,0,0.0
R2P4_route_at_slot,20260525,1,route_at_slot,0,0,320,1.0
R2P4_route_at_slot,20260525,1,route_at_slot,0,1,0,0.0
R2P4_route_at_slot,20260525,1,route_at_slot,0,2,0,0.0
R2P4_route_at_slot,20260525,1,route_at_slot,0,3,0,0.0
R2P4_route_at_slot,20260525,1,route_at_slot,1,0,0,0.0
R2P4_route_at_slot,20260525,1,route_at_slot,1,1,64,0.2
R2P4_route_at_slot,20260525,1,route_at_slot,1,2,0,0.0
R2P4_route_at_slot,20260525,1,route_at_slot,1,3,256,0.8
R2P4_route_at_slot,20260525,1,route_at_slot,2,0,0,0.0
R2P4_route_at_slot,20260525,1,route_at_slot,2,1,320,1.0
R2P4_route_at_slot,20260525,1,route_at_slot,2,2,0,0.0
R2P4_route_at_slot,20260525,1,route_at_slot,2,3,0,0.0
R2P4_route_at_slot,20260525,1,route_at_slot,3,0,288,0.9
R2P4_route_at_slot,20260525,1,route_at_slot,3,1,32,0.1
R2P4_route_at_slot,20260525,1,route_at_slot,3,2,0,0.0
R2P4_route_at_slot,20260525,1,route_at_slot,3,3,0,0.0
R2P4_route_at_slot,20260525,2,route_at_slot,0,0,320,1.0
R2P4_route_at_slot,20260525,2,route_at_slot,0,1,0,0.0
R2P4_route_at_slot,20260525,2,route_at_slot,0,2,0,0.0
R2P4_route_at_slot,20260525,2,route_at_slot,0,3,0,0.0
R2P4_route_at_slot,20260525,2,route_at_slot,1,0,0,0.0
R2P4_route_at_slot,20260525,2,route_at_slot,1,1,64,0.2
R2P4_route_at_slot,20260525,2,route_at_slot,1,2,0,0.0
R2P4_route_at_slot,20260525,2,route_at_slot,1,3,256,0.8
R2P4_route_at_slot,20260525,2,route_at_slot,2,0,0,0.0
R2P4_route_at_slot,20260525,2,route_at_slot,2,1,320,1.0
R2P4_route_at_slot,20260525,2,route_at_slot,2,2,0,0.0
R2P4_route_at_slot,20260525,2,route_at_slot,2,3,0,0.0
R2P4_route_at_slot,20260525,2,route_at_slot,3,0,288,0.9
R2P4_route_at_slot,20260525,2,route_at_slot,3,1,32,0.1
R2P4_route_at_slot,20260525,2,route_at_slot,3,2,0,0.0
R2P4_route_at_slot,20260525,2,route_at_slot,3,3,0,0.0
R2P4_route_at_slot,20260525,5,route_at_slot,0,0,256,0.8
R2P4_route_at_slot,20260525,5,route_at_slot,0,1,0,0.0
R2P4_route_at_slot,20260525,5,route_at_slot,0,2,64,0.2
R2P4_route_at_slot,20260525,5,route_at_slot,0,3,0,0.0
R2P4_route_at_slot,20260525,5,route_at_slot,1,0,0,0.0
R2P4_route_at_slot,20260525,5,route_at_slot,1,1,64,0.2
R2P4_route_at_slot,20260525,5,route_at_slot,1,2,0,0.0
R2P4_route_at_slot,20260525,5,route_at_slot,1,3,256,0.8
R2P4_route_at_slot,20260525,5,route_at_slot,2,0,0,0.0
R2P4_route_at_slot,20260525,5,route_at_slot,2,1,320,1.0
R2P4_route_at_slot,20260525,5,route_at_slot,2,2,0,0.0
R2P4_route_at_slot,20260525,5,route_at_slot,2,3,0,0.0
R2P4_route_at_slot,20260525,5,route_at_slot,3,0,288,0.9
R2P4_route_at_slot,20260525,5,route_at_slot,3,1,32,0.1
R2P4_route_at_slot,20260525,5,route_at_slot,3,2,0,0.0
R2P4_route_at_slot,20260525,5,route_at_slot,3,3,0,0.0
R2P4_route_at_slot,20260525,10,route_at_slot,0,0,0,0.0
R2P4_route_at_slot,20260525,10,route_at_slot,0,1,0,0.0
R2P4_route_at_slot,20260525,10,route_at_slot,0,2,320,1.0
R2P4_route_at_slot,20260525,10,route_at_slot,0,3,0,0.0
R2P4_route_at_slot,20260525,10,route_at_slot,1,0,0,0.0
R2P4_route_at_slot,20260525,10,route_at_slot,1,1,256,0.8
R2P4_route_at_slot,20260525,10,route_at_slot,1,2,0,0.0
R2P4_route_at_slot,20260525,10,route_at_slot,1,3,64,0.2
R2P4_route_at_slot,20260525,10,route_at_slot,2,0,0,0.0
R2P4_route_at_slot,20260525,10,route_at_slot,2,1,320,1.0
R2P4_route_at_slot,20260525,10,route_at_slot,2,2,0,0.0
R2P4_route_at_slot,20260525,10,route_at_slot,2,3,0,0.0
R2P4_route_at_slot,20260525,10,route_at_slot,3,0,288,0.9
R2P4_route_at_slot,20260525,10,route_at_slot,3,1,32,0.1
R2P4_route_at_slot,20260525,10,route_at_slot,3,2,0,0.0
R2P4_route_at_slot,20260525,10,route_at_slot,3,3,0,0.0
R2P4_route_at_slot,20260525,20,route_at_slot,0,0,0,0.0
R2P4_route_at_slot,20260525,20,route_at_slot,0,1,0,0.0
R2P4_route_at_slot,20260525,20,route_at_slot,0,2,320,1.0
R2P4_route_at_slot,20260525,20,route_at_slot,0,3,0,0.0
R2P4_route_at_slot,20260525,20,route_at_slot,1,0,0,0.0
R2P4_route_at_slot,20260525,20,route_at_slot,1,1,96,0.3
R2P4_route_at_slot,20260525,20,route_at_slot,1,2,0,0.0
R2P4_route_at_slot,20260525,20,route_at_slot,1,3,224,0.7
R2P4_route_at_slot,20260525,20,route_at_slot,2,0,0,0.0
R2P4_route_at_slot,20260525,20,route_at_slot,2,1,320,1.0
R2P4_route_at_slot,20260525,20,route_at_slot,2,2,0,0.0
R2P4_route_at_slot,20260525,20,route_at_slot,2,3,0,0.0
R2P4_route_at_slot,20260525,20,route_at_slot,3,0,320,1.0
R2P4_route_at_slot,20260525,20,route_at_slot,3,1,0,0.0
R2P4_route_at_slot,20260525,20,route_at_slot,3,2,0,0.0
R2P4_route_at_slot,20260525,20,route_at_slot,3,3,0,0.0
R2P4_route_at_slot,20260525,50,route_at_slot,0,0,0,0.0
R2P4_route_at_slot,20260525,50,route_at_slot,0,1,0,0.0
R2P4_route_at_slot,20260525,50,route_at_slot,0,2,320,1.0
R2P4_route_at_slot,20260525,50,route_at_slot,0,3,0,0.0
R2P4_route_at_slot,20260525,50,route_at_slot,1,0,0,0.0
R2P4_route_at_slot,20260525,50,route_at_slot,1,1,0,0.0
R2P4_route_at_slot,20260525,50,route_at_slot,1,2,0,0.0
R2P4_route_at_slot,20260525,50,route_at_slot,1,3,320,1.0
R2P4_route_at_slot,20260525,50,route_at_slot,2,0,0,0.0
R2P4_route_at_slot,20260525,50,route_at_slot,2,1,320,1.0
R2P4_route_at_slot,20260525,50,route_at_slot,2,2,0,0.0
R2P4_route_at_slot,20260525,50,route_at_slot,2,3,0,0.0
R2P4_route_at_slot,20260525,50,route_at_slot,3,0,320,1.0
R2P4_route_at_slot,20260525,50,route_at_slot,3,1,0,0.0
R2P4_route_at_slot,20260525,50,route_at_slot,3,2,0,0.0
R2P4_route_at_slot,20260525,50,route_at_slot,3,3,0,0.0
R2P4_route_at_slot,20260525,1600,route_at_slot,0,0,64,0.2
R2P4_route_at_slot,20260525,1600,route_at_slot,0,1,0,0.0
R2P4_route_at_slot,20260525,1600,route_at_slot,0,2,256,0.8
R2P4_route_at_slot,20260525,1600,route_at_slot,0,3,0,0.0
R2P4_route_at_slot,20260525,1600,route_at_slot,1,0,0,0.0
R2P4_route_at_slot,20260525,1600,route_at_slot,1,1,0,0.0
R2P4_route_at_slot,20260525,1600,route_at_slot,1,2,0,0.0
R2P4_route_at_slot,20260525,1600,route_at_slot,1,3,320,1.0
R2P4_route_at_slot,20260525,1600,route_at_slot,2,0,0,0.0
R2P4_route_at_slot,20260525,1600,route_at_slot,2,1,320,1.0
R2P4_route_at_slot,20260525,1600,route_at_slot,2,2,0,0.0
R2P4_route_at_slot,20260525,1600,route_at_slot,2,3,0,0.0
R2P4_route_at_slot,20260525,1600,route_at_slot,3,0,320,1.0
R2P4_route_at_slot,20260525,1600,route_at_slot,3,1,0,0.0
R2P4_route_at_slot,20260525,1600,route_at_slot,3,2,0,0.0
R2P4_route_at_slot,20260525,1600,route_at_slot,3,3,0,0.0
R2P4_route_at_slot,20260526,0,route_at_slot,0,0,32,0.1
R2P4_route_at_slot,20260526,0,route_at_slot,0,1,288,0.9
R2P4_route_at_slot,20260526,0,route_at_slot,0,2,0,0.0
R2P4_route_at_slot,20260526,0,route_at_slot,0,3,0,0.0
R2P4_route_at_slot,20260526,0,route_at_slot,1,0,320,1.0
R2P4_route_at_slot,20260526,0,route_at_slot,1,1,0,0.0
R2P4_route_at_slot,20260526,0,route_at_slot,1,2,0,0.0
R2P4_route_at_slot,20260526,0,route_at_slot,1,3,0,0.0
R2P4_route_at_slot,20260526,0,route_at_slot,2,0,288,0.9
R2P4_route_at_slot,20260526,0,route_at_slot,2,1,32,0.1
R2P4_route_at_slot,20260526,0,route_at_slot,2,2,0,0.0
R2P4_route_at_slot,20260526,0,route_at_slot,2,3,0,0.0
R2P4_route_at_slot,20260526,0,route_at_slot,3,0,320,1.0
R2P4_route_at_slot,20260526,0,route_at_slot,3,1,0,0.0
R2P4_route_at_slot,20260526,0,route_at_slot,3,2,0,0.0
R2P4_route_at_slot,20260526,0,route_at_slot,3,3,0,0.0
R2P4_route_at_slot,20260526,1,route_at_slot,0,0,32,0.1
R2P4_route_at_slot,20260526,1,route_at_slot,0,1,288,0.9
R2P4_route_at_slot,20260526,1,route_at_slot,0,2,0,0.0
R2P4_route_at_slot,20260526,1,route_at_slot,0,3,0,0.0
R2P4_route_at_slot,20260526,1,route_at_slot,1,0,320,1.0
R2P4_route_at_slot,20260526,1,route_at_slot,1,1,0,0.0
R2P4_route_at_slot,20260526,1,route_at_slot,1,2,0,0.0
R2P4_route_at_slot,20260526,1,route_at_slot,1,3,0,0.0
R2P4_route_at_slot,20260526,1,route_at_slot,2,0,288,0.9
R2P4_route_at_slot,20260526,1,route_at_slot,2,1,32,0.1
R2P4_route_at_slot,20260526,1,route_at_slot,2,2,0,0.0
R2P4_route_at_slot,20260526,1,route_at_slot,2,3,0,0.0
R2P4_route_at_slot,20260526,1,route_at_slot,3,0,320,1.0
R2P4_route_at_slot,20260526,1,route_at_slot,3,1,0,0.0
R2P4_route_at_slot,20260526,1,route_at_slot,3,2,0,0.0
R2P4_route_at_slot,20260526,1,route_at_slot,3,3,0,0.0
R2P4_route_at_slot,20260526,2,route_at_slot,0,0,32,0.1
R2P4_route_at_slot,20260526,2,route_at_slot,0,1,288,0.9
R2P4_route_at_slot,20260526,2,route_at_slot,0,2,0,0.0
R2P4_route_at_slot,20260526,2,route_at_slot,0,3,0,0.0
R2P4_route_at_slot,20260526,2,route_at_slot,1,0,320,1.0
R2P4_route_at_slot,20260526,2,route_at_slot,1,1,0,0.0
R2P4_route_at_slot,20260526,2,route_at_slot,1,2,0,0.0
R2P4_route_at_slot,20260526,2,route_at_slot,1,3,0,0.0
R2P4_route_at_slot,20260526,2,route_at_slot,2,0,288,0.9
R2P4_route_at_slot,20260526,2,route_at_slot,2,1,32,0.1
R2P4_route_at_slot,20260526,2,route_at_slot,2,2,0,0.0
R2P4_route_at_slot,20260526,2,route_at_slot,2,3,0,0.0
R2P4_route_at_slot,20260526,2,route_at_slot,3,0,320,1.0
R2P4_route_at_slot,20260526,2,route_at_slot,3,1,0,0.0
R2P4_route_at_slot,20260526,2,route_at_slot,3,2,0,0.0
R2P4_route_at_slot,20260526,2,route_at_slot,3,3,0,0.0
R2P4_route_at_slot,20260526,5,route_at_slot,0,0,32,0.1
R2P4_route_at_slot,20260526,5,route_at_slot,0,1,288,0.9
R2P4_route_at_slot,20260526,5,route_at_slot,0,2,0,0.0
R2P4_route_at_slot,20260526,5,route_at_slot,0,3,0,0.0
R2P4_route_at_slot,20260526,5,route_at_slot,1,0,320,1.0
R2P4_route_at_slot,20260526,5,route_at_slot,1,1,0,0.0
R2P4_route_at_slot,20260526,5,route_at_slot,1,2,0,0.0
R2P4_route_at_slot,20260526,5,route_at_slot,1,3,0,0.0
R2P4_route_at_slot,20260526,5,route_at_slot,2,0,0,0.0
R2P4_route_at_slot,20260526,5,route_at_slot,2,1,320,1.0
R2P4_route_at_slot,20260526,5,route_at_slot,2,2,0,0.0
R2P4_route_at_slot,20260526,5,route_at_slot,2,3,0,0.0
R2P4_route_at_slot,20260526,5,route_at_slot,3,0,320,1.0
R2P4_route_at_slot,20260526,5,route_at_slot,3,1,0,0.0
R2P4_route_at_slot,20260526,5,route_at_slot,3,2,0,0.0
R2P4_route_at_slot,20260526,5,route_at_slot,3,3,0,0.0
R2P4_route_at_slot,20260526,10,route_at_slot,0,0,0,0.0
R2P4_route_at_slot,20260526,10,route_at_slot,0,1,320,1.0
R2P4_route_at_slot,20260526,10,route_at_slot,0,2,0,0.0
R2P4_route_at_slot,20260526,10,route_at_slot,0,3,0,0.0
R2P4_route_at_slot,20260526,10,route_at_slot,1,0,128,0.4
R2P4_route_at_slot,20260526,10,route_at_slot,1,1,192,0.6
R2P4_route_at_slot,20260526,10,route_at_slot,1,2,0,0.0
R2P4_route_at_slot,20260526,10,route_at_slot,1,3,0,0.0
R2P4_route_at_slot,20260526,10,route_at_slot,2,0,0,0.0
R2P4_route_at_slot,20260526,10,route_at_slot,2,1,320,1.0
R2P4_route_at_slot,20260526,10,route_at_slot,2,2,0,0.0
R2P4_route_at_slot,20260526,10,route_at_slot,2,3,0,0.0
R2P4_route_at_slot,20260526,10,route_at_slot,3,0,320,1.0
R2P4_route_at_slot,20260526,10,route_at_slot,3,1,0,0.0
R2P4_route_at_slot,20260526,10,route_at_slot,3,2,0,0.0
R2P4_route_at_slot,20260526,10,route_at_slot,3,3,0,0.0
R2P4_route_at_slot,20260526,20,route_at_slot,0,0,0,0.0
R2P4_route_at_slot,20260526,20,route_at_slot,0,1,320,1.0
R2P4_route_at_slot,20260526,20,route_at_slot,0,2,0,0.0
R2P4_route_at_slot,20260526,20,route_at_slot,0,3,0,0.0
R2P4_route_at_slot,20260526,20,route_at_slot,1,0,320,1.0
R2P4_route_at_slot,20260526,20,route_at_slot,1,1,0,0.0
R2P4_route_at_slot,20260526,20,route_at_slot,1,2,0,0.0
R2P4_route_at_slot,20260526,20,route_at_slot,1,3,0,0.0
R2P4_route_at_slot,20260526,20,route_at_slot,2,0,0,0.0
R2P4_route_at_slot,20260526,20,route_at_slot,2,1,320,1.0
R2P4_route_at_slot,20260526,20,route_at_slot,2,2,0,0.0
R2P4_route_at_slot,20260526,20,route_at_slot,2,3,0,0.0
R2P4_route_at_slot,20260526,20,route_at_slot,3,0,320,1.0
R2P4_route_at_slot,20260526,20,route_at_slot,3,1,0,0.0
R2P4_route_at_slot,20260526,20,route_at_slot,3,2,0,0.0
R2P4_route_at_slot,20260526,20,route_at_slot,3,3,0,0.0
R2P4_route_at_slot,20260526,50,route_at_slot,0,0,0,0.0
R2P4_route_at_slot,20260526,50,route_at_slot,0,1,320,1.0
R2P4_route_at_slot,20260526,50,route_at_slot,0,2,0,0.0
R2P4_route_at_slot,20260526,50,route_at_slot,0,3,0,0.0
R2P4_route_at_slot,20260526,50,route_at_slot,1,0,320,1.0
R2P4_route_at_slot,20260526,50,route_at_slot,1,1,0,0.0
R2P4_route_at_slot,20260526,50,route_at_slot,1,2,0,0.0
R2P4_route_at_slot,20260526,50,route_at_slot,1,3,0,0.0
R2P4_route_at_slot,20260526,50,route_at_slot,2,0,192,0.6
R2P4_route_at_slot,20260526,50,route_at_slot,2,1,128,0.4
R2P4_route_at_slot,20260526,50,route_at_slot,2,2,0,0.0
R2P4_route_at_slot,20260526,50,route_at_slot,2,3,0,0.0
R2P4_route_at_slot,20260526,50,route_at_slot,3,0,320,1.0
R2P4_route_at_slot,20260526,50,route_at_slot,3,1,0,0.0
R2P4_route_at_slot,20260526,50,route_at_slot,3,2,0,0.0
R2P4_route_at_slot,20260526,50,route_at_slot,3,3,0,0.0
R2P4_route_at_slot,20260526,1600,route_at_slot,0,0,0,0.0
R2P4_route_at_slot,20260526,1600,route_at_slot,0,1,320,1.0
R2P4_route_at_slot,20260526,1600,route_at_slot,0,2,0,0.0
R2P4_route_at_slot,20260526,1600,route_at_slot,0,3,0,0.0
R2P4_route_at_slot,20260526,1600,route_at_slot,1,0,320,1.0
R2P4_route_at_slot,20260526,1600,route_at_slot,1,1,0,0.0
R2P4_route_at_slot,20260526,1600,route_at_slot,1,2,0,0.0
R2P4_route_at_slot,20260526,1600,route_at_slot,1,3,0,0.0
R2P4_route_at_slot,20260526,1600,route_at_slot,2,0,192,0.6
R2P4_route_at_slot,20260526,1600,route_at_slot,2,1,128,0.4
R2P4_route_at_slot,20260526,1600,route_at_slot,2,2,0,0.0
R2P4_route_at_slot,20260526,1600,route_at_slot,2,3,0,0.0
R2P4_route_at_slot,20260526,1600,route_at_slot,3,0,320,1.0
R2P4_route_at_slot,20260526,1600,route_at_slot,3,1,0,0.0
R2P4_route_at_slot,20260526,1600,route_at_slot,3,2,0,0.0
R2P4_route_at_slot,20260526,1600,route_at_slot,3,3,0,0.0
R2P4_route_at_slot,20260527,0,route_at_slot,0,0,0,0.0
R2P4_route_at_slot,20260527,0,route_at_slot,0,1,0,0.0
R2P4_route_at_slot,20260527,0,route_at_slot,0,2,0,0.0
R2P4_route_at_slot,20260527,0,route_at_slot,0,3,320,1.0
R2P4_route_at_slot,20260527,0,route_at_slot,1,0,0,0.0
R2P4_route_at_slot,20260527,0,route_at_slot,1,1,320,1.0
R2P4_route_at_slot,20260527,0,route_at_slot,1,2,0,0.0
R2P4_route_at_slot,20260527,0,route_at_slot,1,3,0,0.0
R2P4_route_at_slot,20260527,0,route_at_slot,2,0,0,0.0
R2P4_route_at_slot,20260527,0,route_at_slot,2,1,256,0.8
R2P4_route_at_slot,20260527,0,route_at_slot,2,2,64,0.2
R2P4_route_at_slot,20260527,0,route_at_slot,2,3,0,0.0
R2P4_route_at_slot,20260527,0,route_at_slot,3,0,0,0.0
R2P4_route_at_slot,20260527,0,route_at_slot,3,1,288,0.9
R2P4_route_at_slot,20260527,0,route_at_slot,3,2,32,0.1
R2P4_route_at_slot,20260527,0,route_at_slot,3,3,0,0.0
R2P4_route_at_slot,20260527,1,route_at_slot,0,0,0,0.0
R2P4_route_at_slot,20260527,1,route_at_slot,0,1,0,0.0
R2P4_route_at_slot,20260527,1,route_at_slot,0,2,0,0.0
R2P4_route_at_slot,20260527,1,route_at_slot,0,3,320,1.0
R2P4_route_at_slot,20260527,1,route_at_slot,1,0,0,0.0
R2P4_route_at_slot,20260527,1,route_at_slot,1,1,320,1.0
R2P4_route_at_slot,20260527,1,route_at_slot,1,2,0,0.0
R2P4_route_at_slot,20260527,1,route_at_slot,1,3,0,0.0
R2P4_route_at_slot,20260527,1,route_at_slot,2,0,0,0.0
R2P4_route_at_slot,20260527,1,route_at_slot,2,1,288,0.9
R2P4_route_at_slot,20260527,1,route_at_slot,2,2,32,0.1
R2P4_route_at_slot,20260527,1,route_at_slot,2,3,0,0.0
R2P4_route_at_slot,20260527,1,route_at_slot,3,0,0,0.0
R2P4_route_at_slot,20260527,1,route_at_slot,3,1,288,0.9
R2P4_route_at_slot,20260527,1,route_at_slot,3,2,32,0.1
R2P4_route_at_slot,20260527,1,route_at_slot,3,3,0,0.0
R2P4_route_at_slot,20260527,2,route_at_slot,0,0,0,0.0
R2P4_route_at_slot,20260527,2,route_at_slot,0,1,0,0.0
R2P4_route_at_slot,20260527,2,route_at_slot,0,2,0,0.0
R2P4_route_at_slot,20260527,2,route_at_slot,0,3,320,1.0
R2P4_route_at_slot,20260527,2,route_at_slot,1,0,0,0.0
R2P4_route_at_slot,20260527,2,route_at_slot,1,1,320,1.0
R2P4_route_at_slot,20260527,2,route_at_slot,1,2,0,0.0
R2P4_route_at_slot,20260527,2,route_at_slot,1,3,0,0.0
R2P4_route_at_slot,20260527,2,route_at_slot,2,0,0,0.0
R2P4_route_at_slot,20260527,2,route_at_slot,2,1,288,0.9
R2P4_route_at_slot,20260527,2,route_at_slot,2,2,32,0.1
R2P4_route_at_slot,20260527,2,route_at_slot,2,3,0,0.0
R2P4_route_at_slot,20260527,2,route_at_slot,3,0,0,0.0
R2P4_route_at_slot,20260527,2,route_at_slot,3,1,320,1.0
R2P4_route_at_slot,20260527,2,route_at_slot,3,2,0,0.0
R2P4_route_at_slot,20260527,2,route_at_slot,3,3,0,0.0
R2P4_route_at_slot,20260527,5,route_at_slot,0,0,0,0.0
R2P4_route_at_slot,20260527,5,route_at_slot,0,1,0,0.0
R2P4_route_at_slot,20260527,5,route_at_slot,0,2,0,0.0
R2P4_route_at_slot,20260527,5,route_at_slot,0,3,320,1.0
R2P4_route_at_slot,20260527,5,route_at_slot,1,0,0,0.0
R2P4_route_at_slot,20260527,5,route_at_slot,1,1,320,1.0
R2P4_route_at_slot,20260527,5,route_at_slot,1,2,0,0.0
R2P4_route_at_slot,20260527,5,route_at_slot,1,3,0,0.0
R2P4_route_at_slot,20260527,5,route_at_slot,2,0,0,0.0
R2P4_route_at_slot,20260527,5,route_at_slot,2,1,288,0.9
R2P4_route_at_slot,20260527,5,route_at_slot,2,2,32,0.1
R2P4_route_at_slot,20260527,5,route_at_slot,2,3,0,0.0
R2P4_route_at_slot,20260527,5,route_at_slot,3,0,0,0.0
R2P4_route_at_slot,20260527,5,route_at_slot,3,1,320,1.0
R2P4_route_at_slot,20260527,5,route_at_slot,3,2,0,0.0
R2P4_route_at_slot,20260527,5,route_at_slot,3,3,0,0.0
R2P4_route_at_slot,20260527,10,route_at_slot,0,0,0,0.0
R2P4_route_at_slot,20260527,10,route_at_slot,0,1,0,0.0
R2P4_route_at_slot,20260527,10,route_at_slot,0,2,0,0.0
R2P4_route_at_slot,20260527,10,route_at_slot,0,3,320,1.0
R2P4_route_at_slot,20260527,10,route_at_slot,1,0,0,0.0
R2P4_route_at_slot,20260527,10,route_at_slot,1,1,320,1.0
R2P4_route_at_slot,20260527,10,route_at_slot,1,2,0,0.0
R2P4_route_at_slot,20260527,10,route_at_slot,1,3,0,0.0
R2P4_route_at_slot,20260527,10,route_at_slot,2,0,0,0.0
R2P4_route_at_slot,20260527,10,route_at_slot,2,1,0,0.0
R2P4_route_at_slot,20260527,10,route_at_slot,2,2,320,1.0
R2P4_route_at_slot,20260527,10,route_at_slot,2,3,0,0.0
R2P4_route_at_slot,20260527,10,route_at_slot,3,0,0,0.0
R2P4_route_at_slot,20260527,10,route_at_slot,3,1,32,0.1
R2P4_route_at_slot,20260527,10,route_at_slot,3,2,224,0.7
R2P4_route_at_slot,20260527,10,route_at_slot,3,3,64,0.2
R2P4_route_at_slot,20260527,20,route_at_slot,0,0,0,0.0
R2P4_route_at_slot,20260527,20,route_at_slot,0,1,0,0.0
R2P4_route_at_slot,20260527,20,route_at_slot,0,2,0,0.0
R2P4_route_at_slot,20260527,20,route_at_slot,0,3,320,1.0
R2P4_route_at_slot,20260527,20,route_at_slot,1,0,0,0.0
R2P4_route_at_slot,20260527,20,route_at_slot,1,1,320,1.0
R2P4_route_at_slot,20260527,20,route_at_slot,1,2,0,0.0
R2P4_route_at_slot,20260527,20,route_at_slot,1,3,0,0.0
R2P4_route_at_slot,20260527,20,route_at_slot,2,0,0,0.0
R2P4_route_at_slot,20260527,20,route_at_slot,2,1,32,0.1
R2P4_route_at_slot,20260527,20,route_at_slot,2,2,288,0.9
R2P4_route_at_slot,20260527,20,route_at_slot,2,3,0,0.0
R2P4_route_at_slot,20260527,20,route_at_slot,3,0,0,0.0
R2P4_route_at_slot,20260527,20,route_at_slot,3,1,0,0.0
R2P4_route_at_slot,20260527,20,route_at_slot,3,2,0,0.0
R2P4_route_at_slot,20260527,20,route_at_slot,3,3,320,1.0
R2P4_route_at_slot,20260527,50,route_at_slot,0,0,160,0.5
R2P4_route_at_slot,20260527,50,route_at_slot,0,1,160,0.5
R2P4_route_at_slot,20260527,50,route_at_slot,0,2,0,0.0
R2P4_route_at_slot,20260527,50,route_at_slot,0,3,0,0.0
R2P4_route_at_slot,20260527,50,route_at_slot,1,0,0,0.0
R2P4_route_at_slot,20260527,50,route_at_slot,1,1,320,1.0
R2P4_route_at_slot,20260527,50,route_at_slot,1,2,0,0.0
R2P4_route_at_slot,20260527,50,route_at_slot,1,3,0,0.0
R2P4_route_at_slot,20260527,50,route_at_slot,2,0,0,0.0
R2P4_route_at_slot,20260527,50,route_at_slot,2,1,320,1.0
R2P4_route_at_slot,20260527,50,route_at_slot,2,2,0,0.0
R2P4_route_at_slot,20260527,50,route_at_slot,2,3,0,0.0
R2P4_route_at_slot,20260527,50,route_at_slot,3,0,0,0.0
R2P4_route_at_slot,20260527,50,route_at_slot,3,1,0,0.0
R2P4_route_at_slot,20260527,50,route_at_slot,3,2,0,0.0
R2P4_route_at_slot,20260527,50,route_at_slot,3,3,320,1.0
R2P4_route_at_slot,20260527,1600,route_at_slot,0,0,32,0.1
R2P4_route_at_slot,20260527,1600,route_at_slot,0,1,192,0.6
R2P4_route_at_slot,20260527,1600,route_at_slot,0,2,0,0.0
R2P4_route_at_slot,20260527,1600,route_at_slot,0,3,96,0.3
R2P4_route_at_slot,20260527,1600,route_at_slot,1,0,0,0.0
R2P4_route_at_slot,20260527,1600,route_at_slot,1,1,320,1.0
R2P4_route_at_slot,20260527,1600,route_at_slot,1,2,0,0.0
R2P4_route_at_slot,20260527,1600,route_at_slot,1,3,0,0.0
R2P4_route_at_slot,20260527,1600,route_at_slot,2,0,0,0.0
R2P4_route_at_slot,20260527,1600,route_at_slot,2,1,320,1.0
R2P4_route_at_slot,20260527,1600,route_at_slot,2,2,0,0.0
R2P4_route_at_slot,20260527,1600,route_at_slot,2,3,0,0.0
R2P4_route_at_slot,20260527,1600,route_at_slot,3,0,0,0.0
R2P4_route_at_slot,20260527,1600,route_at_slot,3,1,0,0.0
R2P4_route_at_slot,20260527,1600,route_at_slot,3,2,0,0.0
R2P4_route_at_slot,20260527,1600,route_at_slot,3,3,320,1.0
R2P4_route_at_slot,20260528,0,route_at_slot,0,0,0,0.0
R2P4_route_at_slot,20260528,0,route_at_slot,0,1,0,0.0
R2P4_route_at_slot,20260528,0,route_at_slot,0,2,320,1.0
R2P4_route_at_slot,20260528,0,route_at_slot,0,3,0,0.0
R2P4_route_at_slot,20260528,0,route_at_slot,1,0,0,0.0
R2P4_route_at_slot,20260528,0,route_at_slot,1,1,0,0.0
R2P4_route_at_slot,20260528,0,route_at_slot,1,2,0,0.0
R2P4_route_at_slot,20260528,0,route_at_slot,1,3,320,1.0
R2P4_route_at_slot,20260528,0,route_at_slot,2,0,0,0.0
R2P4_route_at_slot,20260528,0,route_at_slot,2,1,320,1.0
R2P4_route_at_slot,20260528,0,route_at_slot,2,2,0,0.0
R2P4_route_at_slot,20260528,0,route_at_slot,2,3,0,0.0
R2P4_route_at_slot,20260528,0,route_at_slot,3,0,320,1.0
R2P4_route_at_slot,20260528,0,route_at_slot,3,1,0,0.0
R2P4_route_at_slot,20260528,0,route_at_slot,3,2,0,0.0
R2P4_route_at_slot,20260528,0,route_at_slot,3,3,0,0.0
R2P4_route_at_slot,20260528,1,route_at_slot,0,0,0,0.0
R2P4_route_at_slot,20260528,1,route_at_slot,0,1,0,0.0
R2P4_route_at_slot,20260528,1,route_at_slot,0,2,320,1.0
R2P4_route_at_slot,20260528,1,route_at_slot,0,3,0,0.0
R2P4_route_at_slot,20260528,1,route_at_slot,1,0,0,0.0
R2P4_route_at_slot,20260528,1,route_at_slot,1,1,0,0.0
R2P4_route_at_slot,20260528,1,route_at_slot,1,2,0,0.0
R2P4_route_at_slot,20260528,1,route_at_slot,1,3,320,1.0
R2P4_route_at_slot,20260528,1,route_at_slot,2,0,0,0.0
R2P4_route_at_slot,20260528,1,route_at_slot,2,1,320,1.0
R2P4_route_at_slot,20260528,1,route_at_slot,2,2,0,0.0
R2P4_route_at_slot,20260528,1,route_at_slot,2,3,0,0.0
R2P4_route_at_slot,20260528,1,route_at_slot,3,0,320,1.0
R2P4_route_at_slot,20260528,1,route_at_slot,3,1,0,0.0
R2P4_route_at_slot,20260528,1,route_at_slot,3,2,0,0.0
R2P4_route_at_slot,20260528,1,route_at_slot,3,3,0,0.0
R2P4_route_at_slot,20260528,2,route_at_slot,0,0,0,0.0
R2P4_route_at_slot,20260528,2,route_at_slot,0,1,0,0.0
R2P4_route_at_slot,20260528,2,route_at_slot,0,2,320,1.0
R2P4_route_at_slot,20260528,2,route_at_slot,0,3,0,0.0
R2P4_route_at_slot,20260528,2,route_at_slot,1,0,0,0.0
R2P4_route_at_slot,20260528,2,route_at_slot,1,1,0,0.0
R2P4_route_at_slot,20260528,2,route_at_slot,1,2,0,0.0
R2P4_route_at_slot,20260528,2,route_at_slot,1,3,320,1.0
R2P4_route_at_slot,20260528,2,route_at_slot,2,0,0,0.0
R2P4_route_at_slot,20260528,2,route_at_slot,2,1,320,1.0
R2P4_route_at_slot,20260528,2,route_at_slot,2,2,0,0.0
R2P4_route_at_slot,20260528,2,route_at_slot,2,3,0,0.0
R2P4_route_at_slot,20260528,2,route_at_slot,3,0,320,1.0
R2P4_route_at_slot,20260528,2,route_at_slot,3,1,0,0.0
R2P4_route_at_slot,20260528,2,route_at_slot,3,2,0,0.0
R2P4_route_at_slot,20260528,2,route_at_slot,3,3,0,0.0
R2P4_route_at_slot,20260528,5,route_at_slot,0,0,0,0.0
R2P4_route_at_slot,20260528,5,route_at_slot,0,1,0,0.0
R2P4_route_at_slot,20260528,5,route_at_slot,0,2,320,1.0
R2P4_route_at_slot,20260528,5,route_at_slot,0,3,0,0.0
R2P4_route_at_slot,20260528,5,route_at_slot,1,0,96,0.3
R2P4_route_at_slot,20260528,5,route_at_slot,1,1,0,0.0
R2P4_route_at_slot,20260528,5,route_at_slot,1,2,0,0.0
R2P4_route_at_slot,20260528,5,route_at_slot,1,3,224,0.7
R2P4_route_at_slot,20260528,5,route_at_slot,2,0,0,0.0
R2P4_route_at_slot,20260528,5,route_at_slot,2,1,320,1.0
R2P4_route_at_slot,20260528,5,route_at_slot,2,2,0,0.0
R2P4_route_at_slot,20260528,5,route_at_slot,2,3,0,0.0
R2P4_route_at_slot,20260528,5,route_at_slot,3,0,320,1.0
R2P4_route_at_slot,20260528,5,route_at_slot,3,1,0,0.0
R2P4_route_at_slot,20260528,5,route_at_slot,3,2,0,0.0
R2P4_route_at_slot,20260528,5,route_at_slot,3,3,0,0.0
R2P4_route_at_slot,20260528,10,route_at_slot,0,0,0,0.0
R2P4_route_at_slot,20260528,10,route_at_slot,0,1,0,0.0
R2P4_route_at_slot,20260528,10,route_at_slot,0,2,320,1.0
R2P4_route_at_slot,20260528,10,route_at_slot,0,3,0,0.0
R2P4_route_at_slot,20260528,10,route_at_slot,1,0,320,1.0
R2P4_route_at_slot,20260528,10,route_at_slot,1,1,0,0.0
R2P4_route_at_slot,20260528,10,route_at_slot,1,2,0,0.0
R2P4_route_at_slot,20260528,10,route_at_slot,1,3,0,0.0
R2P4_route_at_slot,20260528,10,route_at_slot,2,0,0,0.0
R2P4_route_at_slot,20260528,10,route_at_slot,2,1,320,1.0
R2P4_route_at_slot,20260528,10,route_at_slot,2,2,0,0.0
R2P4_route_at_slot,20260528,10,route_at_slot,2,3,0,0.0
R2P4_route_at_slot,20260528,10,route_at_slot,3,0,320,1.0
R2P4_route_at_slot,20260528,10,route_at_slot,3,1,0,0.0
R2P4_route_at_slot,20260528,10,route_at_slot,3,2,0,0.0
R2P4_route_at_slot,20260528,10,route_at_slot,3,3,0,0.0
R2P4_route_at_slot,20260528,20,route_at_slot,0,0,0,0.0
R2P4_route_at_slot,20260528,20,route_at_slot,0,1,0,0.0
R2P4_route_at_slot,20260528,20,route_at_slot,0,2,320,1.0
R2P4_route_at_slot,20260528,20,route_at_slot,0,3,0,0.0
R2P4_route_at_slot,20260528,20,route_at_slot,1,0,320,1.0
R2P4_route_at_slot,20260528,20,route_at_slot,1,1,0,0.0
R2P4_route_at_slot,20260528,20,route_at_slot,1,2,0,0.0
R2P4_route_at_slot,20260528,20,route_at_slot,1,3,0,0.0
R2P4_route_at_slot,20260528,20,route_at_slot,2,0,224,0.7
R2P4_route_at_slot,20260528,20,route_at_slot,2,1,96,0.3
R2P4_route_at_slot,20260528,20,route_at_slot,2,2,0,0.0
R2P4_route_at_slot,20260528,20,route_at_slot,2,3,0,0.0
R2P4_route_at_slot,20260528,20,route_at_slot,3,0,320,1.0
R2P4_route_at_slot,20260528,20,route_at_slot,3,1,0,0.0
R2P4_route_at_slot,20260528,20,route_at_slot,3,2,0,0.0
R2P4_route_at_slot,20260528,20,route_at_slot,3,3,0,0.0
R2P4_route_at_slot,20260528,50,route_at_slot,0,0,128,0.4
R2P4_route_at_slot,20260528,50,route_at_slot,0,1,0,0.0
R2P4_route_at_slot,20260528,50,route_at_slot,0,2,192,0.6
R2P4_route_at_slot,20260528,50,route_at_slot,0,3,0,0.0
R2P4_route_at_slot,20260528,50,route_at_slot,1,0,320,1.0
R2P4_route_at_slot,20260528,50,route_at_slot,1,1,0,0.0
R2P4_route_at_slot,20260528,50,route_at_slot,1,2,0,0.0
R2P4_route_at_slot,20260528,50,route_at_slot,1,3,0,0.0
R2P4_route_at_slot,20260528,50,route_at_slot,2,0,256,0.8
R2P4_route_at_slot,20260528,50,route_at_slot,2,1,64,0.2
R2P4_route_at_slot,20260528,50,route_at_slot,2,2,0,0.0
R2P4_route_at_slot,20260528,50,route_at_slot,2,3,0,0.0
R2P4_route_at_slot,20260528,50,route_at_slot,3,0,320,1.0
R2P4_route_at_slot,20260528,50,route_at_slot,3,1,0,0.0
R2P4_route_at_slot,20260528,50,route_at_slot,3,2,0,0.0
R2P4_route_at_slot,20260528,50,route_at_slot,3,3,0,0.0
R2P4_route_at_slot,20260528,1600,route_at_slot,0,0,160,0.5
R2P4_route_at_slot,20260528,1600,route_at_slot,0,1,0,0.0
R2P4_route_at_slot,20260528,1600,route_at_slot,0,2,160,0.5
R2P4_route_at_slot,20260528,1600,route_at_slot,0,3,0,0.0
R2P4_route_at_slot,20260528,1600,route_at_slot,1,0,320,1.0
R2P4_route_at_slot,20260528,1600,route_at_slot,1,1,0,0.0
R2P4_route_at_slot,20260528,1600,route_at_slot,1,2,0,0.0
R2P4_route_at_slot,20260528,1600,route_at_slot,1,3,0,0.0
R2P4_route_at_slot,20260528,1600,route_at_slot,2,0,256,0.8
R2P4_route_at_slot,20260528,1600,route_at_slot,2,1,64,0.2
R2P4_route_at_slot,20260528,1600,route_at_slot,2,2,0,0.0
R2P4_route_at_slot,20260528,1600,route_at_slot,2,3,0,0.0
R2P4_route_at_slot,20260528,1600,route_at_slot,3,0,320,1.0
R2P4_route_at_slot,20260528,1600,route_at_slot,3,1,0,0.0
R2P4_route_at_slot,20260528,1600,route_at_slot,3,2,0,0.0
R2P4_route_at_slot,20260528,1600,route_at_slot,3,3,0,0.0
R2P4_varied_b,20260521,0,varied_b,0,0,40,0.125
R2P4_varied_b,20260521,0,varied_b,0,1,200,0.625
R2P4_varied_b,20260521,0,varied_b,0,2,80,0.25
R2P4_varied_b,20260521,0,varied_b,0,3,0,0.0
R2P4_varied_b,20260521,0,varied_b,1,0,16,0.05
R2P4_varied_b,20260521,0,varied_b,1,1,224,0.7
R2P4_varied_b,20260521,0,varied_b,1,2,80,0.25
R2P4_varied_b,20260521,0,varied_b,1,3,0,0.0
R2P4_varied_b,20260521,0,varied_b,2,0,0,0.0
R2P4_varied_b,20260521,0,varied_b,2,1,240,0.75
R2P4_varied_b,20260521,0,varied_b,2,2,80,0.25
R2P4_varied_b,20260521,0,varied_b,2,3,0,0.0
R2P4_varied_b,20260521,0,varied_b,3,0,8,0.025
R2P4_varied_b,20260521,0,varied_b,3,1,232,0.725
R2P4_varied_b,20260521,0,varied_b,3,2,80,0.25
R2P4_varied_b,20260521,0,varied_b,3,3,0,0.0
R2P4_varied_b,20260521,1,varied_b,0,0,32,0.1
R2P4_varied_b,20260521,1,varied_b,0,1,216,0.675
R2P4_varied_b,20260521,1,varied_b,0,2,72,0.225
R2P4_varied_b,20260521,1,varied_b,0,3,0,0.0
R2P4_varied_b,20260521,1,varied_b,1,0,16,0.05
R2P4_varied_b,20260521,1,varied_b,1,1,232,0.725
R2P4_varied_b,20260521,1,varied_b,1,2,72,0.225
R2P4_varied_b,20260521,1,varied_b,1,3,0,0.0
R2P4_varied_b,20260521,1,varied_b,2,0,0,0.0
R2P4_varied_b,20260521,1,varied_b,2,1,240,0.75
R2P4_varied_b,20260521,1,varied_b,2,2,80,0.25
R2P4_varied_b,20260521,1,varied_b,2,3,0,0.0
R2P4_varied_b,20260521,1,varied_b,3,0,8,0.025
R2P4_varied_b,20260521,1,varied_b,3,1,232,0.725
R2P4_varied_b,20260521,1,varied_b,3,2,80,0.25
R2P4_varied_b,20260521,1,varied_b,3,3,0,0.0
R2P4_varied_b,20260521,2,varied_b,0,0,32,0.1
R2P4_varied_b,20260521,2,varied_b,0,1,224,0.7
R2P4_varied_b,20260521,2,varied_b,0,2,64,0.2
R2P4_varied_b,20260521,2,varied_b,0,3,0,0.0
R2P4_varied_b,20260521,2,varied_b,1,0,16,0.05
R2P4_varied_b,20260521,2,varied_b,1,1,232,0.725
R2P4_varied_b,20260521,2,varied_b,1,2,72,0.225
R2P4_varied_b,20260521,2,varied_b,1,3,0,0.0
R2P4_varied_b,20260521,2,varied_b,2,0,0,0.0
R2P4_varied_b,20260521,2,varied_b,2,1,240,0.75
R2P4_varied_b,20260521,2,varied_b,2,2,80,0.25
R2P4_varied_b,20260521,2,varied_b,2,3,0,0.0
R2P4_varied_b,20260521,2,varied_b,3,0,0,0.0
R2P4_varied_b,20260521,2,varied_b,3,1,240,0.75
R2P4_varied_b,20260521,2,varied_b,3,2,80,0.25
R2P4_varied_b,20260521,2,varied_b,3,3,0,0.0
R2P4_varied_b,20260521,5,varied_b,0,0,8,0.025
R2P4_varied_b,20260521,5,varied_b,0,1,304,0.95
R2P4_varied_b,20260521,5,varied_b,0,2,8,0.025
R2P4_varied_b,20260521,5,varied_b,0,3,0,0.0
R2P4_varied_b,20260521,5,varied_b,1,0,8,0.025
R2P4_varied_b,20260521,5,varied_b,1,1,312,0.975
R2P4_varied_b,20260521,5,varied_b,1,2,0,0.0
R2P4_varied_b,20260521,5,varied_b,1,3,0,0.0
R2P4_varied_b,20260521,5,varied_b,2,0,0,0.0
R2P4_varied_b,20260521,5,varied_b,2,1,296,0.925
R2P4_varied_b,20260521,5,varied_b,2,2,24,0.075
R2P4_varied_b,20260521,5,varied_b,2,3,0,0.0
R2P4_varied_b,20260521,5,varied_b,3,0,0,0.0
R2P4_varied_b,20260521,5,varied_b,3,1,304,0.95
R2P4_varied_b,20260521,5,varied_b,3,2,16,0.05
R2P4_varied_b,20260521,5,varied_b,3,3,0,0.0
R2P4_varied_b,20260521,10,varied_b,0,0,8,0.025
R2P4_varied_b,20260521,10,varied_b,0,1,312,0.975
R2P4_varied_b,20260521,10,varied_b,0,2,0,0.0
R2P4_varied_b,20260521,10,varied_b,0,3,0,0.0
R2P4_varied_b,20260521,10,varied_b,1,0,0,0.0
R2P4_varied_b,20260521,10,varied_b,1,1,320,1.0
R2P4_varied_b,20260521,10,varied_b,1,2,0,0.0
R2P4_varied_b,20260521,10,varied_b,1,3,0,0.0
R2P4_varied_b,20260521,10,varied_b,2,0,0,0.0
R2P4_varied_b,20260521,10,varied_b,2,1,312,0.975
R2P4_varied_b,20260521,10,varied_b,2,2,8,0.025
R2P4_varied_b,20260521,10,varied_b,2,3,0,0.0
R2P4_varied_b,20260521,10,varied_b,3,0,0,0.0
R2P4_varied_b,20260521,10,varied_b,3,1,312,0.975
R2P4_varied_b,20260521,10,varied_b,3,2,8,0.025
R2P4_varied_b,20260521,10,varied_b,3,3,0,0.0
R2P4_varied_b,20260521,20,varied_b,0,0,0,0.0
R2P4_varied_b,20260521,20,varied_b,0,1,312,0.975
R2P4_varied_b,20260521,20,varied_b,0,2,8,0.025
R2P4_varied_b,20260521,20,varied_b,0,3,0,0.0
R2P4_varied_b,20260521,20,varied_b,1,0,0,0.0
R2P4_varied_b,20260521,20,varied_b,1,1,320,1.0
R2P4_varied_b,20260521,20,varied_b,1,2,0,0.0
R2P4_varied_b,20260521,20,varied_b,1,3,0,0.0
R2P4_varied_b,20260521,20,varied_b,2,0,0,0.0
R2P4_varied_b,20260521,20,varied_b,2,1,312,0.975
R2P4_varied_b,20260521,20,varied_b,2,2,8,0.025
R2P4_varied_b,20260521,20,varied_b,2,3,0,0.0
R2P4_varied_b,20260521,20,varied_b,3,0,0,0.0
R2P4_varied_b,20260521,20,varied_b,3,1,312,0.975
R2P4_varied_b,20260521,20,varied_b,3,2,8,0.025
R2P4_varied_b,20260521,20,varied_b,3,3,0,0.0
R2P4_varied_b,20260521,50,varied_b,0,0,0,0.0
R2P4_varied_b,20260521,50,varied_b,0,1,320,1.0
R2P4_varied_b,20260521,50,varied_b,0,2,0,0.0
R2P4_varied_b,20260521,50,varied_b,0,3,0,0.0
R2P4_varied_b,20260521,50,varied_b,1,0,0,0.0
R2P4_varied_b,20260521,50,varied_b,1,1,320,1.0
R2P4_varied_b,20260521,50,varied_b,1,2,0,0.0
R2P4_varied_b,20260521,50,varied_b,1,3,0,0.0
R2P4_varied_b,20260521,50,varied_b,2,0,0,0.0
R2P4_varied_b,20260521,50,varied_b,2,1,320,1.0
R2P4_varied_b,20260521,50,varied_b,2,2,0,0.0
R2P4_varied_b,20260521,50,varied_b,2,3,0,0.0
R2P4_varied_b,20260521,50,varied_b,3,0,0,0.0
R2P4_varied_b,20260521,50,varied_b,3,1,320,1.0
R2P4_varied_b,20260521,50,varied_b,3,2,0,0.0
R2P4_varied_b,20260521,50,varied_b,3,3,0,0.0
R2P4_varied_b,20260521,1600,varied_b,0,0,0,0.0
R2P4_varied_b,20260521,1600,varied_b,0,1,320,1.0
R2P4_varied_b,20260521,1600,varied_b,0,2,0,0.0
R2P4_varied_b,20260521,1600,varied_b,0,3,0,0.0
R2P4_varied_b,20260521,1600,varied_b,1,0,0,0.0
R2P4_varied_b,20260521,1600,varied_b,1,1,320,1.0
R2P4_varied_b,20260521,1600,varied_b,1,2,0,0.0
R2P4_varied_b,20260521,1600,varied_b,1,3,0,0.0
R2P4_varied_b,20260521,1600,varied_b,2,0,0,0.0
R2P4_varied_b,20260521,1600,varied_b,2,1,320,1.0
R2P4_varied_b,20260521,1600,varied_b,2,2,0,0.0
R2P4_varied_b,20260521,1600,varied_b,2,3,0,0.0
R2P4_varied_b,20260521,1600,varied_b,3,0,0,0.0
R2P4_varied_b,20260521,1600,varied_b,3,1,320,1.0
R2P4_varied_b,20260521,1600,varied_b,3,2,0,0.0
R2P4_varied_b,20260521,1600,varied_b,3,3,0,0.0
R2P4_varied_b,20260522,0,varied_b,0,0,144,0.45
R2P4_varied_b,20260522,0,varied_b,0,1,80,0.25
R2P4_varied_b,20260522,0,varied_b,0,2,16,0.05
R2P4_varied_b,20260522,0,varied_b,0,3,80,0.25
R2P4_varied_b,20260522,0,varied_b,1,0,152,0.475
R2P4_varied_b,20260522,0,varied_b,1,1,80,0.25
R2P4_varied_b,20260522,0,varied_b,1,2,8,0.025
R2P4_varied_b,20260522,0,varied_b,1,3,80,0.25
R2P4_varied_b,20260522,0,varied_b,2,0,160,0.5
R2P4_varied_b,20260522,0,varied_b,2,1,80,0.25
R2P4_varied_b,20260522,0,varied_b,2,2,0,0.0
R2P4_varied_b,20260522,0,varied_b,2,3,80,0.25
R2P4_varied_b,20260522,0,varied_b,3,0,160,0.5
R2P4_varied_b,20260522,0,varied_b,3,1,80,0.25
R2P4_varied_b,20260522,0,varied_b,3,2,0,0.0
R2P4_varied_b,20260522,0,varied_b,3,3,80,0.25
R2P4_varied_b,20260522,1,varied_b,0,0,152,0.475
R2P4_varied_b,20260522,1,varied_b,0,1,80,0.25
R2P4_varied_b,20260522,1,varied_b,0,2,8,0.025
R2P4_varied_b,20260522,1,varied_b,0,3,80,0.25
R2P4_varied_b,20260522,1,varied_b,1,0,160,0.5
R2P4_varied_b,20260522,1,varied_b,1,1,80,0.25
R2P4_varied_b,20260522,1,varied_b,1,2,0,0.0
R2P4_varied_b,20260522,1,varied_b,1,3,80,0.25
R2P4_varied_b,20260522,1,varied_b,2,0,160,0.5
R2P4_varied_b,20260522,1,varied_b,2,1,80,0.25
R2P4_varied_b,20260522,1,varied_b,2,2,0,0.0
R2P4_varied_b,20260522,1,varied_b,2,3,80,0.25
R2P4_varied_b,20260522,1,varied_b,3,0,160,0.5
R2P4_varied_b,20260522,1,varied_b,3,1,80,0.25
R2P4_varied_b,20260522,1,varied_b,3,2,0,0.0
R2P4_varied_b,20260522,1,varied_b,3,3,80,0.25
R2P4_varied_b,20260522,2,varied_b,0,0,104,0.325
R2P4_varied_b,20260522,2,varied_b,0,1,80,0.25
R2P4_varied_b,20260522,2,varied_b,0,2,8,0.025
R2P4_varied_b,20260522,2,varied_b,0,3,128,0.4
R2P4_varied_b,20260522,2,varied_b,1,0,120,0.375
R2P4_varied_b,20260522,2,varied_b,1,1,80,0.25
R2P4_varied_b,20260522,2,varied_b,1,2,0,0.0
R2P4_varied_b,20260522,2,varied_b,1,3,120,0.375
R2P4_varied_b,20260522,2,varied_b,2,0,120,0.375
R2P4_varied_b,20260522,2,varied_b,2,1,80,0.25
R2P4_varied_b,20260522,2,varied_b,2,2,0,0.0
R2P4_varied_b,20260522,2,varied_b,2,3,120,0.375
R2P4_varied_b,20260522,2,varied_b,3,0,120,0.375
R2P4_varied_b,20260522,2,varied_b,3,1,80,0.25
R2P4_varied_b,20260522,2,varied_b,3,2,0,0.0
R2P4_varied_b,20260522,2,varied_b,3,3,120,0.375
R2P4_varied_b,20260522,5,varied_b,0,0,88,0.275
R2P4_varied_b,20260522,5,varied_b,0,1,80,0.25
R2P4_varied_b,20260522,5,varied_b,0,2,0,0.0
R2P4_varied_b,20260522,5,varied_b,0,3,152,0.475
R2P4_varied_b,20260522,5,varied_b,1,0,96,0.3
R2P4_varied_b,20260522,5,varied_b,1,1,80,0.25
R2P4_varied_b,20260522,5,varied_b,1,2,0,0.0
R2P4_varied_b,20260522,5,varied_b,1,3,144,0.45
R2P4_varied_b,20260522,5,varied_b,2,0,88,0.275
R2P4_varied_b,20260522,5,varied_b,2,1,80,0.25
R2P4_varied_b,20260522,5,varied_b,2,2,0,0.0
R2P4_varied_b,20260522,5,varied_b,2,3,152,0.475
R2P4_varied_b,20260522,5,varied_b,3,0,88,0.275
R2P4_varied_b,20260522,5,varied_b,3,1,80,0.25
R2P4_varied_b,20260522,5,varied_b,3,2,0,0.0
R2P4_varied_b,20260522,5,varied_b,3,3,152,0.475
R2P4_varied_b,20260522,10,varied_b,0,0,88,0.275
R2P4_varied_b,20260522,10,varied_b,0,1,80,0.25
R2P4_varied_b,20260522,10,varied_b,0,2,0,0.0
R2P4_varied_b,20260522,10,varied_b,0,3,152,0.475
R2P4_varied_b,20260522,10,varied_b,1,0,88,0.275
R2P4_varied_b,20260522,10,varied_b,1,1,80,0.25
R2P4_varied_b,20260522,10,varied_b,1,2,0,0.0
R2P4_varied_b,20260522,10,varied_b,1,3,152,0.475
R2P4_varied_b,20260522,10,varied_b,2,0,88,0.275
R2P4_varied_b,20260522,10,varied_b,2,1,80,0.25
R2P4_varied_b,20260522,10,varied_b,2,2,0,0.0
R2P4_varied_b,20260522,10,varied_b,2,3,152,0.475
R2P4_varied_b,20260522,10,varied_b,3,0,88,0.275
R2P4_varied_b,20260522,10,varied_b,3,1,80,0.25
R2P4_varied_b,20260522,10,varied_b,3,2,0,0.0
R2P4_varied_b,20260522,10,varied_b,3,3,152,0.475
R2P4_varied_b,20260522,20,varied_b,0,0,88,0.275
R2P4_varied_b,20260522,20,varied_b,0,1,80,0.25
R2P4_varied_b,20260522,20,varied_b,0,2,0,0.0
R2P4_varied_b,20260522,20,varied_b,0,3,152,0.475
R2P4_varied_b,20260522,20,varied_b,1,0,160,0.5
R2P4_varied_b,20260522,20,varied_b,1,1,80,0.25
R2P4_varied_b,20260522,20,varied_b,1,2,0,0.0
R2P4_varied_b,20260522,20,varied_b,1,3,80,0.25
R2P4_varied_b,20260522,20,varied_b,2,0,112,0.35
R2P4_varied_b,20260522,20,varied_b,2,1,80,0.25
R2P4_varied_b,20260522,20,varied_b,2,2,0,0.0
R2P4_varied_b,20260522,20,varied_b,2,3,128,0.4
R2P4_varied_b,20260522,20,varied_b,3,0,160,0.5
R2P4_varied_b,20260522,20,varied_b,3,1,80,0.25
R2P4_varied_b,20260522,20,varied_b,3,2,0,0.0
R2P4_varied_b,20260522,20,varied_b,3,3,80,0.25
R2P4_varied_b,20260522,50,varied_b,0,0,80,0.25
R2P4_varied_b,20260522,50,varied_b,0,1,80,0.25
R2P4_varied_b,20260522,50,varied_b,0,2,0,0.0
R2P4_varied_b,20260522,50,varied_b,0,3,160,0.5
R2P4_varied_b,20260522,50,varied_b,1,0,160,0.5
R2P4_varied_b,20260522,50,varied_b,1,1,80,0.25
R2P4_varied_b,20260522,50,varied_b,1,2,0,0.0
R2P4_varied_b,20260522,50,varied_b,1,3,80,0.25
R2P4_varied_b,20260522,50,varied_b,2,0,160,0.5
R2P4_varied_b,20260522,50,varied_b,2,1,80,0.25
R2P4_varied_b,20260522,50,varied_b,2,2,0,0.0
R2P4_varied_b,20260522,50,varied_b,2,3,80,0.25
R2P4_varied_b,20260522,50,varied_b,3,0,160,0.5
R2P4_varied_b,20260522,50,varied_b,3,1,80,0.25
R2P4_varied_b,20260522,50,varied_b,3,2,0,0.0
R2P4_varied_b,20260522,50,varied_b,3,3,80,0.25
R2P4_varied_b,20260522,1600,varied_b,0,0,80,0.25
R2P4_varied_b,20260522,1600,varied_b,0,1,80,0.25
R2P4_varied_b,20260522,1600,varied_b,0,2,0,0.0
R2P4_varied_b,20260522,1600,varied_b,0,3,160,0.5
R2P4_varied_b,20260522,1600,varied_b,1,0,160,0.5
R2P4_varied_b,20260522,1600,varied_b,1,1,80,0.25
R2P4_varied_b,20260522,1600,varied_b,1,2,0,0.0
R2P4_varied_b,20260522,1600,varied_b,1,3,80,0.25
R2P4_varied_b,20260522,1600,varied_b,2,0,160,0.5
R2P4_varied_b,20260522,1600,varied_b,2,1,80,0.25
R2P4_varied_b,20260522,1600,varied_b,2,2,0,0.0
R2P4_varied_b,20260522,1600,varied_b,2,3,80,0.25
R2P4_varied_b,20260522,1600,varied_b,3,0,160,0.5
R2P4_varied_b,20260522,1600,varied_b,3,1,80,0.25
R2P4_varied_b,20260522,1600,varied_b,3,2,0,0.0
R2P4_varied_b,20260522,1600,varied_b,3,3,80,0.25
R2P4_varied_b,20260523,0,varied_b,0,0,48,0.15
R2P4_varied_b,20260523,0,varied_b,0,1,80,0.25
R2P4_varied_b,20260523,0,varied_b,0,2,192,0.6
R2P4_varied_b,20260523,0,varied_b,0,3,0,0.0
R2P4_varied_b,20260523,0,varied_b,1,0,24,0.075
R2P4_varied_b,20260523,0,varied_b,1,1,80,0.25
R2P4_varied_b,20260523,0,varied_b,1,2,216,0.675
R2P4_varied_b,20260523,0,varied_b,1,3,0,0.0
R2P4_varied_b,20260523,0,varied_b,2,0,0,0.0
R2P4_varied_b,20260523,0,varied_b,2,1,160,0.5
R2P4_varied_b,20260523,0,varied_b,2,2,160,0.5
R2P4_varied_b,20260523,0,varied_b,2,3,0,0.0
R2P4_varied_b,20260523,0,varied_b,3,0,56,0.175
R2P4_varied_b,20260523,0,varied_b,3,1,80,0.25
R2P4_varied_b,20260523,0,varied_b,3,2,184,0.575
R2P4_varied_b,20260523,0,varied_b,3,3,0,0.0
R2P4_varied_b,20260523,1,varied_b,0,0,56,0.175
R2P4_varied_b,20260523,1,varied_b,0,1,80,0.25
R2P4_varied_b,20260523,1,varied_b,0,2,184,0.575
R2P4_varied_b,20260523,1,varied_b,0,3,0,0.0
R2P4_varied_b,20260523,1,varied_b,1,0,40,0.125
R2P4_varied_b,20260523,1,varied_b,1,1,80,0.25
R2P4_varied_b,20260523,1,varied_b,1,2,200,0.625
R2P4_varied_b,20260523,1,varied_b,1,3,0,0.0
R2P4_varied_b,20260523,1,varied_b,2,0,40,0.125
R2P4_varied_b,20260523,1,varied_b,2,1,128,0.4
R2P4_varied_b,20260523,1,varied_b,2,2,152,0.475
R2P4_varied_b,20260523,1,varied_b,2,3,0,0.0
R2P4_varied_b,20260523,1,varied_b,3,0,64,0.2
R2P4_varied_b,20260523,1,varied_b,3,1,80,0.25
R2P4_varied_b,20260523,1,varied_b,3,2,176,0.55
R2P4_varied_b,20260523,1,varied_b,3,3,0,0.0
R2P4_varied_b,20260523,2,varied_b,0,0,64,0.2
R2P4_varied_b,20260523,2,varied_b,0,1,80,0.25
R2P4_varied_b,20260523,2,varied_b,0,2,176,0.55
R2P4_varied_b,20260523,2,varied_b,0,3,0,0.0
R2P4_varied_b,20260523,2,varied_b,1,0,48,0.15
R2P4_varied_b,20260523,2,varied_b,1,1,80,0.25
R2P4_varied_b,20260523,2,varied_b,1,2,192,0.6
R2P4_varied_b,20260523,2,varied_b,1,3,0,0.0
R2P4_varied_b,20260523,2,varied_b,2,0,64,0.2
R2P4_varied_b,20260523,2,varied_b,2,1,112,0.35
R2P4_varied_b,20260523,2,varied_b,2,2,144,0.45
R2P4_varied_b,20260523,2,varied_b,2,3,0,0.0
R2P4_varied_b,20260523,2,varied_b,3,0,72,0.225
R2P4_varied_b,20260523,2,varied_b,3,1,80,0.25
R2P4_varied_b,20260523,2,varied_b,3,2,160,0.5
R2P4_varied_b,20260523,2,varied_b,3,3,8,0.025
R2P4_varied_b,20260523,5,varied_b,0,0,80,0.25
R2P4_varied_b,20260523,5,varied_b,0,1,80,0.25
R2P4_varied_b,20260523,5,varied_b,0,2,160,0.5
R2P4_varied_b,20260523,5,varied_b,0,3,0,0.0
R2P4_varied_b,20260523,5,varied_b,1,0,64,0.2
R2P4_varied_b,20260523,5,varied_b,1,1,80,0.25
R2P4_varied_b,20260523,5,varied_b,1,2,176,0.55
R2P4_varied_b,20260523,5,varied_b,1,3,0,0.0
R2P4_varied_b,20260523,5,varied_b,2,0,80,0.25
R2P4_varied_b,20260523,5,varied_b,2,1,88,0.275
R2P4_varied_b,20260523,5,varied_b,2,2,152,0.475
R2P4_varied_b,20260523,5,varied_b,2,3,0,0.0
R2P4_varied_b,20260523,5,varied_b,3,0,80,0.25
R2P4_varied_b,20260523,5,varied_b,3,1,80,0.25
R2P4_varied_b,20260523,5,varied_b,3,2,152,0.475
R2P4_varied_b,20260523,5,varied_b,3,3,8,0.025
R2P4_varied_b,20260523,10,varied_b,0,0,80,0.25
R2P4_varied_b,20260523,10,varied_b,0,1,80,0.25
R2P4_varied_b,20260523,10,varied_b,0,2,160,0.5
R2P4_varied_b,20260523,10,varied_b,0,3,0,0.0
R2P4_varied_b,20260523,10,varied_b,1,0,64,0.2
R2P4_varied_b,20260523,10,varied_b,1,1,88,0.275
R2P4_varied_b,20260523,10,varied_b,1,2,168,0.525
R2P4_varied_b,20260523,10,varied_b,1,3,0,0.0
R2P4_varied_b,20260523,10,varied_b,2,0,80,0.25
R2P4_varied_b,20260523,10,varied_b,2,1,80,0.25
R2P4_varied_b,20260523,10,varied_b,2,2,160,0.5
R2P4_varied_b,20260523,10,varied_b,2,3,0,0.0
R2P4_varied_b,20260523,10,varied_b,3,0,144,0.45
R2P4_varied_b,20260523,10,varied_b,3,1,16,0.05
R2P4_varied_b,20260523,10,varied_b,3,2,160,0.5
R2P4_varied_b,20260523,10,varied_b,3,3,0,0.0
R2P4_varied_b,20260523,20,varied_b,0,0,152,0.475
R2P4_varied_b,20260523,20,varied_b,0,1,8,0.025
R2P4_varied_b,20260523,20,varied_b,0,2,160,0.5
R2P4_varied_b,20260523,20,varied_b,0,3,0,0.0
R2P4_varied_b,20260523,20,varied_b,1,0,0,0.0
R2P4_varied_b,20260523,20,varied_b,1,1,88,0.275
R2P4_varied_b,20260523,20,varied_b,1,2,232,0.725
R2P4_varied_b,20260523,20,varied_b,1,3,0,0.0
R2P4_varied_b,20260523,20,varied_b,2,0,80,0.25
R2P4_varied_b,20260523,20,varied_b,2,1,80,0.25
R2P4_varied_b,20260523,20,varied_b,2,2,160,0.5
R2P4_varied_b,20260523,20,varied_b,2,3,0,0.0
R2P4_varied_b,20260523,20,varied_b,3,0,144,0.45
R2P4_varied_b,20260523,20,varied_b,3,1,16,0.05
R2P4_varied_b,20260523,20,varied_b,3,2,160,0.5
R2P4_varied_b,20260523,20,varied_b,3,3,0,0.0
R2P4_varied_b,20260523,50,varied_b,0,0,160,0.5
R2P4_varied_b,20260523,50,varied_b,0,1,0,0.0
R2P4_varied_b,20260523,50,varied_b,0,2,160,0.5
R2P4_varied_b,20260523,50,varied_b,0,3,0,0.0
R2P4_varied_b,20260523,50,varied_b,1,0,0,0.0
R2P4_varied_b,20260523,50,varied_b,1,1,80,0.25
R2P4_varied_b,20260523,50,varied_b,1,2,240,0.75
R2P4_varied_b,20260523,50,varied_b,1,3,0,0.0
R2P4_varied_b,20260523,50,varied_b,2,0,80,0.25
R2P4_varied_b,20260523,50,varied_b,2,1,80,0.25
R2P4_varied_b,20260523,50,varied_b,2,2,160,0.5
R2P4_varied_b,20260523,50,varied_b,2,3,0,0.0
R2P4_varied_b,20260523,50,varied_b,3,0,160,0.5
R2P4_varied_b,20260523,50,varied_b,3,1,0,0.0
R2P4_varied_b,20260523,50,varied_b,3,2,160,0.5
R2P4_varied_b,20260523,50,varied_b,3,3,0,0.0
R2P4_varied_b,20260523,1600,varied_b,0,0,160,0.5
R2P4_varied_b,20260523,1600,varied_b,0,1,0,0.0
R2P4_varied_b,20260523,1600,varied_b,0,2,160,0.5
R2P4_varied_b,20260523,1600,varied_b,0,3,0,0.0
R2P4_varied_b,20260523,1600,varied_b,1,0,0,0.0
R2P4_varied_b,20260523,1600,varied_b,1,1,80,0.25
R2P4_varied_b,20260523,1600,varied_b,1,2,240,0.75
R2P4_varied_b,20260523,1600,varied_b,1,3,0,0.0
R2P4_varied_b,20260523,1600,varied_b,2,0,80,0.25
R2P4_varied_b,20260523,1600,varied_b,2,1,80,0.25
R2P4_varied_b,20260523,1600,varied_b,2,2,160,0.5
R2P4_varied_b,20260523,1600,varied_b,2,3,0,0.0
R2P4_varied_b,20260523,1600,varied_b,3,0,160,0.5
R2P4_varied_b,20260523,1600,varied_b,3,1,0,0.0
R2P4_varied_b,20260523,1600,varied_b,3,2,160,0.5
R2P4_varied_b,20260523,1600,varied_b,3,3,0,0.0
R2P4_varied_b,20260524,0,varied_b,0,0,80,0.25
R2P4_varied_b,20260524,0,varied_b,0,1,80,0.25
R2P4_varied_b,20260524,0,varied_b,0,2,80,0.25
R2P4_varied_b,20260524,0,varied_b,0,3,80,0.25
R2P4_varied_b,20260524,0,varied_b,1,0,80,0.25
R2P4_varied_b,20260524,0,varied_b,1,1,80,0.25
R2P4_varied_b,20260524,0,varied_b,1,2,80,0.25
R2P4_varied_b,20260524,0,varied_b,1,3,80,0.25
R2P4_varied_b,20260524,0,varied_b,2,0,80,0.25
R2P4_varied_b,20260524,0,varied_b,2,1,80,0.25
R2P4_varied_b,20260524,0,varied_b,2,2,80,0.25
R2P4_varied_b,20260524,0,varied_b,2,3,80,0.25
R2P4_varied_b,20260524,0,varied_b,3,0,80,0.25
R2P4_varied_b,20260524,0,varied_b,3,1,80,0.25
R2P4_varied_b,20260524,0,varied_b,3,2,80,0.25
R2P4_varied_b,20260524,0,varied_b,3,3,80,0.25
R2P4_varied_b,20260524,1,varied_b,0,0,64,0.2
R2P4_varied_b,20260524,1,varied_b,0,1,96,0.3
R2P4_varied_b,20260524,1,varied_b,0,2,80,0.25
R2P4_varied_b,20260524,1,varied_b,0,3,80,0.25
R2P4_varied_b,20260524,1,varied_b,1,0,48,0.15
R2P4_varied_b,20260524,1,varied_b,1,1,112,0.35
R2P4_varied_b,20260524,1,varied_b,1,2,80,0.25
R2P4_varied_b,20260524,1,varied_b,1,3,80,0.25
R2P4_varied_b,20260524,1,varied_b,2,0,80,0.25
R2P4_varied_b,20260524,1,varied_b,2,1,80,0.25
R2P4_varied_b,20260524,1,varied_b,2,2,80,0.25
R2P4_varied_b,20260524,1,varied_b,2,3,80,0.25
R2P4_varied_b,20260524,1,varied_b,3,0,56,0.175
R2P4_varied_b,20260524,1,varied_b,3,1,104,0.325
R2P4_varied_b,20260524,1,varied_b,3,2,80,0.25
R2P4_varied_b,20260524,1,varied_b,3,3,80,0.25
R2P4_varied_b,20260524,2,varied_b,0,0,80,0.25
R2P4_varied_b,20260524,2,varied_b,0,1,80,0.25
R2P4_varied_b,20260524,2,varied_b,0,2,80,0.25
R2P4_varied_b,20260524,2,varied_b,0,3,80,0.25
R2P4_varied_b,20260524,2,varied_b,1,0,80,0.25
R2P4_varied_b,20260524,2,varied_b,1,1,80,0.25
R2P4_varied_b,20260524,2,varied_b,1,2,80,0.25
R2P4_varied_b,20260524,2,varied_b,1,3,80,0.25
R2P4_varied_b,20260524,2,varied_b,2,0,80,0.25
R2P4_varied_b,20260524,2,varied_b,2,1,80,0.25
R2P4_varied_b,20260524,2,varied_b,2,2,80,0.25
R2P4_varied_b,20260524,2,varied_b,2,3,80,0.25
R2P4_varied_b,20260524,2,varied_b,3,0,80,0.25
R2P4_varied_b,20260524,2,varied_b,3,1,80,0.25
R2P4_varied_b,20260524,2,varied_b,3,2,80,0.25
R2P4_varied_b,20260524,2,varied_b,3,3,80,0.25
R2P4_varied_b,20260524,5,varied_b,0,0,80,0.25
R2P4_varied_b,20260524,5,varied_b,0,1,80,0.25
R2P4_varied_b,20260524,5,varied_b,0,2,80,0.25
R2P4_varied_b,20260524,5,varied_b,0,3,80,0.25
R2P4_varied_b,20260524,5,varied_b,1,0,80,0.25
R2P4_varied_b,20260524,5,varied_b,1,1,80,0.25
R2P4_varied_b,20260524,5,varied_b,1,2,80,0.25
R2P4_varied_b,20260524,5,varied_b,1,3,80,0.25
R2P4_varied_b,20260524,5,varied_b,2,0,80,0.25
R2P4_varied_b,20260524,5,varied_b,2,1,80,0.25
R2P4_varied_b,20260524,5,varied_b,2,2,80,0.25
R2P4_varied_b,20260524,5,varied_b,2,3,80,0.25
R2P4_varied_b,20260524,5,varied_b,3,0,80,0.25
R2P4_varied_b,20260524,5,varied_b,3,1,80,0.25
R2P4_varied_b,20260524,5,varied_b,3,2,80,0.25
R2P4_varied_b,20260524,5,varied_b,3,3,80,0.25
R2P4_varied_b,20260524,10,varied_b,0,0,80,0.25
R2P4_varied_b,20260524,10,varied_b,0,1,80,0.25
R2P4_varied_b,20260524,10,varied_b,0,2,80,0.25
R2P4_varied_b,20260524,10,varied_b,0,3,80,0.25
R2P4_varied_b,20260524,10,varied_b,1,0,80,0.25
R2P4_varied_b,20260524,10,varied_b,1,1,80,0.25
R2P4_varied_b,20260524,10,varied_b,1,2,80,0.25
R2P4_varied_b,20260524,10,varied_b,1,3,80,0.25
R2P4_varied_b,20260524,10,varied_b,2,0,80,0.25
R2P4_varied_b,20260524,10,varied_b,2,1,80,0.25
R2P4_varied_b,20260524,10,varied_b,2,2,80,0.25
R2P4_varied_b,20260524,10,varied_b,2,3,80,0.25
R2P4_varied_b,20260524,10,varied_b,3,0,80,0.25
R2P4_varied_b,20260524,10,varied_b,3,1,80,0.25
R2P4_varied_b,20260524,10,varied_b,3,2,80,0.25
R2P4_varied_b,20260524,10,varied_b,3,3,80,0.25
R2P4_varied_b,20260524,20,varied_b,0,0,80,0.25
R2P4_varied_b,20260524,20,varied_b,0,1,80,0.25
R2P4_varied_b,20260524,20,varied_b,0,2,80,0.25
R2P4_varied_b,20260524,20,varied_b,0,3,80,0.25
R2P4_varied_b,20260524,20,varied_b,1,0,80,0.25
R2P4_varied_b,20260524,20,varied_b,1,1,80,0.25
R2P4_varied_b,20260524,20,varied_b,1,2,80,0.25
R2P4_varied_b,20260524,20,varied_b,1,3,80,0.25
R2P4_varied_b,20260524,20,varied_b,2,0,80,0.25
R2P4_varied_b,20260524,20,varied_b,2,1,80,0.25
R2P4_varied_b,20260524,20,varied_b,2,2,80,0.25
R2P4_varied_b,20260524,20,varied_b,2,3,80,0.25
R2P4_varied_b,20260524,20,varied_b,3,0,80,0.25
R2P4_varied_b,20260524,20,varied_b,3,1,80,0.25
R2P4_varied_b,20260524,20,varied_b,3,2,80,0.25
R2P4_varied_b,20260524,20,varied_b,3,3,80,0.25
R2P4_varied_b,20260524,50,varied_b,0,0,80,0.25
R2P4_varied_b,20260524,50,varied_b,0,1,80,0.25
R2P4_varied_b,20260524,50,varied_b,0,2,80,0.25
R2P4_varied_b,20260524,50,varied_b,0,3,80,0.25
R2P4_varied_b,20260524,50,varied_b,1,0,0,0.0
R2P4_varied_b,20260524,50,varied_b,1,1,160,0.5
R2P4_varied_b,20260524,50,varied_b,1,2,80,0.25
R2P4_varied_b,20260524,50,varied_b,1,3,80,0.25
R2P4_varied_b,20260524,50,varied_b,2,0,80,0.25
R2P4_varied_b,20260524,50,varied_b,2,1,80,0.25
R2P4_varied_b,20260524,50,varied_b,2,2,160,0.5
R2P4_varied_b,20260524,50,varied_b,2,3,0,0.0
R2P4_varied_b,20260524,50,varied_b,3,0,80,0.25
R2P4_varied_b,20260524,50,varied_b,3,1,0,0.0
R2P4_varied_b,20260524,50,varied_b,3,2,80,0.25
R2P4_varied_b,20260524,50,varied_b,3,3,160,0.5
R2P4_varied_b,20260524,1600,varied_b,0,0,80,0.25
R2P4_varied_b,20260524,1600,varied_b,0,1,80,0.25
R2P4_varied_b,20260524,1600,varied_b,0,2,80,0.25
R2P4_varied_b,20260524,1600,varied_b,0,3,80,0.25
R2P4_varied_b,20260524,1600,varied_b,1,0,0,0.0
R2P4_varied_b,20260524,1600,varied_b,1,1,160,0.5
R2P4_varied_b,20260524,1600,varied_b,1,2,80,0.25
R2P4_varied_b,20260524,1600,varied_b,1,3,80,0.25
R2P4_varied_b,20260524,1600,varied_b,2,0,80,0.25
R2P4_varied_b,20260524,1600,varied_b,2,1,80,0.25
R2P4_varied_b,20260524,1600,varied_b,2,2,160,0.5
R2P4_varied_b,20260524,1600,varied_b,2,3,0,0.0
R2P4_varied_b,20260524,1600,varied_b,3,0,80,0.25
R2P4_varied_b,20260524,1600,varied_b,3,1,0,0.0
R2P4_varied_b,20260524,1600,varied_b,3,2,80,0.25
R2P4_varied_b,20260524,1600,varied_b,3,3,160,0.5
R2P4_varied_b,20260525,0,varied_b,0,0,0,0.0
R2P4_varied_b,20260525,0,varied_b,0,1,80,0.25
R2P4_varied_b,20260525,0,varied_b,0,2,240,0.75
R2P4_varied_b,20260525,0,varied_b,0,3,0,0.0
R2P4_varied_b,20260525,0,varied_b,1,0,0,0.0
R2P4_varied_b,20260525,0,varied_b,1,1,96,0.3
R2P4_varied_b,20260525,0,varied_b,1,2,224,0.7
R2P4_varied_b,20260525,0,varied_b,1,3,0,0.0
R2P4_varied_b,20260525,0,varied_b,2,0,0,0.0
R2P4_varied_b,20260525,0,varied_b,2,1,104,0.325
R2P4_varied_b,20260525,0,varied_b,2,2,216,0.675
R2P4_varied_b,20260525,0,varied_b,2,3,0,0.0
R2P4_varied_b,20260525,0,varied_b,3,0,0,0.0
R2P4_varied_b,20260525,0,varied_b,3,1,128,0.4
R2P4_varied_b,20260525,0,varied_b,3,2,192,0.6
R2P4_varied_b,20260525,0,varied_b,3,3,0,0.0
R2P4_varied_b,20260525,1,varied_b,0,0,0,0.0
R2P4_varied_b,20260525,1,varied_b,0,1,104,0.325
R2P4_varied_b,20260525,1,varied_b,0,2,216,0.675
R2P4_varied_b,20260525,1,varied_b,0,3,0,0.0
R2P4_varied_b,20260525,1,varied_b,1,0,0,0.0
R2P4_varied_b,20260525,1,varied_b,1,1,136,0.425
R2P4_varied_b,20260525,1,varied_b,1,2,184,0.575
R2P4_varied_b,20260525,1,varied_b,1,3,0,0.0
R2P4_varied_b,20260525,1,varied_b,2,0,0,0.0
R2P4_varied_b,20260525,1,varied_b,2,1,160,0.5
R2P4_varied_b,20260525,1,varied_b,2,2,160,0.5
R2P4_varied_b,20260525,1,varied_b,2,3,0,0.0
R2P4_varied_b,20260525,1,varied_b,3,0,0,0.0
R2P4_varied_b,20260525,1,varied_b,3,1,160,0.5
R2P4_varied_b,20260525,1,varied_b,3,2,160,0.5
R2P4_varied_b,20260525,1,varied_b,3,3,0,0.0
R2P4_varied_b,20260525,2,varied_b,0,0,0,0.0
R2P4_varied_b,20260525,2,varied_b,0,1,160,0.5
R2P4_varied_b,20260525,2,varied_b,0,2,160,0.5
R2P4_varied_b,20260525,2,varied_b,0,3,0,0.0
R2P4_varied_b,20260525,2,varied_b,1,0,0,0.0
R2P4_varied_b,20260525,2,varied_b,1,1,160,0.5
R2P4_varied_b,20260525,2,varied_b,1,2,160,0.5
R2P4_varied_b,20260525,2,varied_b,1,3,0,0.0
R2P4_varied_b,20260525,2,varied_b,2,0,0,0.0
R2P4_varied_b,20260525,2,varied_b,2,1,160,0.5
R2P4_varied_b,20260525,2,varied_b,2,2,160,0.5
R2P4_varied_b,20260525,2,varied_b,2,3,0,0.0
R2P4_varied_b,20260525,2,varied_b,3,0,0,0.0
R2P4_varied_b,20260525,2,varied_b,3,1,160,0.5
R2P4_varied_b,20260525,2,varied_b,3,2,160,0.5
R2P4_varied_b,20260525,2,varied_b,3,3,0,0.0
R2P4_varied_b,20260525,5,varied_b,0,0,0,0.0
R2P4_varied_b,20260525,5,varied_b,0,1,160,0.5
R2P4_varied_b,20260525,5,varied_b,0,2,160,0.5
R2P4_varied_b,20260525,5,varied_b,0,3,0,0.0
R2P4_varied_b,20260525,5,varied_b,1,0,0,0.0
R2P4_varied_b,20260525,5,varied_b,1,1,160,0.5
R2P4_varied_b,20260525,5,varied_b,1,2,160,0.5
R2P4_varied_b,20260525,5,varied_b,1,3,0,0.0
R2P4_varied_b,20260525,5,varied_b,2,0,0,0.0
R2P4_varied_b,20260525,5,varied_b,2,1,160,0.5
R2P4_varied_b,20260525,5,varied_b,2,2,160,0.5
R2P4_varied_b,20260525,5,varied_b,2,3,0,0.0
R2P4_varied_b,20260525,5,varied_b,3,0,0,0.0
R2P4_varied_b,20260525,5,varied_b,3,1,160,0.5
R2P4_varied_b,20260525,5,varied_b,3,2,160,0.5
R2P4_varied_b,20260525,5,varied_b,3,3,0,0.0
R2P4_varied_b,20260525,10,varied_b,0,0,0,0.0
R2P4_varied_b,20260525,10,varied_b,0,1,160,0.5
R2P4_varied_b,20260525,10,varied_b,0,2,160,0.5
R2P4_varied_b,20260525,10,varied_b,0,3,0,0.0
R2P4_varied_b,20260525,10,varied_b,1,0,0,0.0
R2P4_varied_b,20260525,10,varied_b,1,1,160,0.5
R2P4_varied_b,20260525,10,varied_b,1,2,160,0.5
R2P4_varied_b,20260525,10,varied_b,1,3,0,0.0
R2P4_varied_b,20260525,10,varied_b,2,0,0,0.0
R2P4_varied_b,20260525,10,varied_b,2,1,160,0.5
R2P4_varied_b,20260525,10,varied_b,2,2,160,0.5
R2P4_varied_b,20260525,10,varied_b,2,3,0,0.0
R2P4_varied_b,20260525,10,varied_b,3,0,0,0.0
R2P4_varied_b,20260525,10,varied_b,3,1,160,0.5
R2P4_varied_b,20260525,10,varied_b,3,2,160,0.5
R2P4_varied_b,20260525,10,varied_b,3,3,0,0.0
R2P4_varied_b,20260525,20,varied_b,0,0,0,0.0
R2P4_varied_b,20260525,20,varied_b,0,1,160,0.5
R2P4_varied_b,20260525,20,varied_b,0,2,160,0.5
R2P4_varied_b,20260525,20,varied_b,0,3,0,0.0
R2P4_varied_b,20260525,20,varied_b,1,0,0,0.0
R2P4_varied_b,20260525,20,varied_b,1,1,160,0.5
R2P4_varied_b,20260525,20,varied_b,1,2,160,0.5
R2P4_varied_b,20260525,20,varied_b,1,3,0,0.0
R2P4_varied_b,20260525,20,varied_b,2,0,0,0.0
R2P4_varied_b,20260525,20,varied_b,2,1,160,0.5
R2P4_varied_b,20260525,20,varied_b,2,2,160,0.5
R2P4_varied_b,20260525,20,varied_b,2,3,0,0.0
R2P4_varied_b,20260525,20,varied_b,3,0,0,0.0
R2P4_varied_b,20260525,20,varied_b,3,1,160,0.5
R2P4_varied_b,20260525,20,varied_b,3,2,160,0.5
R2P4_varied_b,20260525,20,varied_b,3,3,0,0.0
R2P4_varied_b,20260525,50,varied_b,0,0,0,0.0
R2P4_varied_b,20260525,50,varied_b,0,1,160,0.5
R2P4_varied_b,20260525,50,varied_b,0,2,160,0.5
R2P4_varied_b,20260525,50,varied_b,0,3,0,0.0
R2P4_varied_b,20260525,50,varied_b,1,0,0,0.0
R2P4_varied_b,20260525,50,varied_b,1,1,160,0.5
R2P4_varied_b,20260525,50,varied_b,1,2,160,0.5
R2P4_varied_b,20260525,50,varied_b,1,3,0,0.0
R2P4_varied_b,20260525,50,varied_b,2,0,0,0.0
R2P4_varied_b,20260525,50,varied_b,2,1,160,0.5
R2P4_varied_b,20260525,50,varied_b,2,2,160,0.5
R2P4_varied_b,20260525,50,varied_b,2,3,0,0.0
R2P4_varied_b,20260525,50,varied_b,3,0,0,0.0
R2P4_varied_b,20260525,50,varied_b,3,1,160,0.5
R2P4_varied_b,20260525,50,varied_b,3,2,160,0.5
R2P4_varied_b,20260525,50,varied_b,3,3,0,0.0
R2P4_varied_b,20260525,1600,varied_b,0,0,0,0.0
R2P4_varied_b,20260525,1600,varied_b,0,1,160,0.5
R2P4_varied_b,20260525,1600,varied_b,0,2,160,0.5
R2P4_varied_b,20260525,1600,varied_b,0,3,0,0.0
R2P4_varied_b,20260525,1600,varied_b,1,0,0,0.0
R2P4_varied_b,20260525,1600,varied_b,1,1,160,0.5
R2P4_varied_b,20260525,1600,varied_b,1,2,160,0.5
R2P4_varied_b,20260525,1600,varied_b,1,3,0,0.0
R2P4_varied_b,20260525,1600,varied_b,2,0,0,0.0
R2P4_varied_b,20260525,1600,varied_b,2,1,160,0.5
R2P4_varied_b,20260525,1600,varied_b,2,2,160,0.5
R2P4_varied_b,20260525,1600,varied_b,2,3,0,0.0
R2P4_varied_b,20260525,1600,varied_b,3,0,0,0.0
R2P4_varied_b,20260525,1600,varied_b,3,1,160,0.5
R2P4_varied_b,20260525,1600,varied_b,3,2,160,0.5
R2P4_varied_b,20260525,1600,varied_b,3,3,0,0.0
R2P4_varied_b,20260526,0,varied_b,0,0,80,0.25
R2P4_varied_b,20260526,0,varied_b,0,1,152,0.475
R2P4_varied_b,20260526,0,varied_b,0,2,0,0.0
R2P4_varied_b,20260526,0,varied_b,0,3,88,0.275
R2P4_varied_b,20260526,0,varied_b,1,0,80,0.25
R2P4_varied_b,20260526,0,varied_b,1,1,144,0.45
R2P4_varied_b,20260526,0,varied_b,1,2,0,0.0
R2P4_varied_b,20260526,0,varied_b,1,3,96,0.3
R2P4_varied_b,20260526,0,varied_b,2,0,80,0.25
R2P4_varied_b,20260526,0,varied_b,2,1,152,0.475
R2P4_varied_b,20260526,0,varied_b,2,2,0,0.0
R2P4_varied_b,20260526,0,varied_b,2,3,88,0.275
R2P4_varied_b,20260526,0,varied_b,3,0,80,0.25
R2P4_varied_b,20260526,0,varied_b,3,1,144,0.45
R2P4_varied_b,20260526,0,varied_b,3,2,0,0.0
R2P4_varied_b,20260526,0,varied_b,3,3,96,0.3
R2P4_varied_b,20260526,1,varied_b,0,0,80,0.25
R2P4_varied_b,20260526,1,varied_b,0,1,160,0.5
R2P4_varied_b,20260526,1,varied_b,0,2,0,0.0
R2P4_varied_b,20260526,1,varied_b,0,3,80,0.25
R2P4_varied_b,20260526,1,varied_b,1,0,80,0.25
R2P4_varied_b,20260526,1,varied_b,1,1,152,0.475
R2P4_varied_b,20260526,1,varied_b,1,2,0,0.0
R2P4_varied_b,20260526,1,varied_b,1,3,88,0.275
R2P4_varied_b,20260526,1,varied_b,2,0,80,0.25
R2P4_varied_b,20260526,1,varied_b,2,1,160,0.5
R2P4_varied_b,20260526,1,varied_b,2,2,0,0.0
R2P4_varied_b,20260526,1,varied_b,2,3,80,0.25
R2P4_varied_b,20260526,1,varied_b,3,0,80,0.25
R2P4_varied_b,20260526,1,varied_b,3,1,152,0.475
R2P4_varied_b,20260526,1,varied_b,3,2,0,0.0
R2P4_varied_b,20260526,1,varied_b,3,3,88,0.275
R2P4_varied_b,20260526,2,varied_b,0,0,80,0.25
R2P4_varied_b,20260526,2,varied_b,0,1,160,0.5
R2P4_varied_b,20260526,2,varied_b,0,2,0,0.0
R2P4_varied_b,20260526,2,varied_b,0,3,80,0.25
R2P4_varied_b,20260526,2,varied_b,1,0,80,0.25
R2P4_varied_b,20260526,2,varied_b,1,1,160,0.5
R2P4_varied_b,20260526,2,varied_b,1,2,0,0.0
R2P4_varied_b,20260526,2,varied_b,1,3,80,0.25
R2P4_varied_b,20260526,2,varied_b,2,0,80,0.25
R2P4_varied_b,20260526,2,varied_b,2,1,160,0.5
R2P4_varied_b,20260526,2,varied_b,2,2,0,0.0
R2P4_varied_b,20260526,2,varied_b,2,3,80,0.25
R2P4_varied_b,20260526,2,varied_b,3,0,80,0.25
R2P4_varied_b,20260526,2,varied_b,3,1,152,0.475
R2P4_varied_b,20260526,2,varied_b,3,2,0,0.0
R2P4_varied_b,20260526,2,varied_b,3,3,88,0.275
R2P4_varied_b,20260526,5,varied_b,0,0,80,0.25
R2P4_varied_b,20260526,5,varied_b,0,1,160,0.5
R2P4_varied_b,20260526,5,varied_b,0,2,0,0.0
R2P4_varied_b,20260526,5,varied_b,0,3,80,0.25
R2P4_varied_b,20260526,5,varied_b,1,0,80,0.25
R2P4_varied_b,20260526,5,varied_b,1,1,160,0.5
R2P4_varied_b,20260526,5,varied_b,1,2,0,0.0
R2P4_varied_b,20260526,5,varied_b,1,3,80,0.25
R2P4_varied_b,20260526,5,varied_b,2,0,80,0.25
R2P4_varied_b,20260526,5,varied_b,2,1,160,0.5
R2P4_varied_b,20260526,5,varied_b,2,2,0,0.0
R2P4_varied_b,20260526,5,varied_b,2,3,80,0.25
R2P4_varied_b,20260526,5,varied_b,3,0,80,0.25
R2P4_varied_b,20260526,5,varied_b,3,1,160,0.5
R2P4_varied_b,20260526,5,varied_b,3,2,0,0.0
R2P4_varied_b,20260526,5,varied_b,3,3,80,0.25
R2P4_varied_b,20260526,10,varied_b,0,0,80,0.25
R2P4_varied_b,20260526,10,varied_b,0,1,160,0.5
R2P4_varied_b,20260526,10,varied_b,0,2,0,0.0
R2P4_varied_b,20260526,10,varied_b,0,3,80,0.25
R2P4_varied_b,20260526,10,varied_b,1,0,80,0.25
R2P4_varied_b,20260526,10,varied_b,1,1,160,0.5
R2P4_varied_b,20260526,10,varied_b,1,2,0,0.0
R2P4_varied_b,20260526,10,varied_b,1,3,80,0.25
R2P4_varied_b,20260526,10,varied_b,2,0,80,0.25
R2P4_varied_b,20260526,10,varied_b,2,1,160,0.5
R2P4_varied_b,20260526,10,varied_b,2,2,0,0.0
R2P4_varied_b,20260526,10,varied_b,2,3,80,0.25
R2P4_varied_b,20260526,10,varied_b,3,0,80,0.25
R2P4_varied_b,20260526,10,varied_b,3,1,160,0.5
R2P4_varied_b,20260526,10,varied_b,3,2,0,0.0
R2P4_varied_b,20260526,10,varied_b,3,3,80,0.25
R2P4_varied_b,20260526,20,varied_b,0,0,80,0.25
R2P4_varied_b,20260526,20,varied_b,0,1,160,0.5
R2P4_varied_b,20260526,20,varied_b,0,2,0,0.0
R2P4_varied_b,20260526,20,varied_b,0,3,80,0.25
R2P4_varied_b,20260526,20,varied_b,1,0,48,0.15
R2P4_varied_b,20260526,20,varied_b,1,1,192,0.6
R2P4_varied_b,20260526,20,varied_b,1,2,0,0.0
R2P4_varied_b,20260526,20,varied_b,1,3,80,0.25
R2P4_varied_b,20260526,20,varied_b,2,0,80,0.25
R2P4_varied_b,20260526,20,varied_b,2,1,160,0.5
R2P4_varied_b,20260526,20,varied_b,2,2,0,0.0
R2P4_varied_b,20260526,20,varied_b,2,3,80,0.25
R2P4_varied_b,20260526,20,varied_b,3,0,80,0.25
R2P4_varied_b,20260526,20,varied_b,3,1,160,0.5
R2P4_varied_b,20260526,20,varied_b,3,2,0,0.0
R2P4_varied_b,20260526,20,varied_b,3,3,80,0.25
R2P4_varied_b,20260526,50,varied_b,0,0,80,0.25
R2P4_varied_b,20260526,50,varied_b,0,1,160,0.5
R2P4_varied_b,20260526,50,varied_b,0,2,0,0.0
R2P4_varied_b,20260526,50,varied_b,0,3,80,0.25
R2P4_varied_b,20260526,50,varied_b,1,0,0,0.0
R2P4_varied_b,20260526,50,varied_b,1,1,240,0.75
R2P4_varied_b,20260526,50,varied_b,1,2,0,0.0
R2P4_varied_b,20260526,50,varied_b,1,3,80,0.25
R2P4_varied_b,20260526,50,varied_b,2,0,80,0.25
R2P4_varied_b,20260526,50,varied_b,2,1,160,0.5
R2P4_varied_b,20260526,50,varied_b,2,2,0,0.0
R2P4_varied_b,20260526,50,varied_b,2,3,80,0.25
R2P4_varied_b,20260526,50,varied_b,3,0,80,0.25
R2P4_varied_b,20260526,50,varied_b,3,1,160,0.5
R2P4_varied_b,20260526,50,varied_b,3,2,0,0.0
R2P4_varied_b,20260526,50,varied_b,3,3,80,0.25
R2P4_varied_b,20260526,1600,varied_b,0,0,80,0.25
R2P4_varied_b,20260526,1600,varied_b,0,1,160,0.5
R2P4_varied_b,20260526,1600,varied_b,0,2,0,0.0
R2P4_varied_b,20260526,1600,varied_b,0,3,80,0.25
R2P4_varied_b,20260526,1600,varied_b,1,0,0,0.0
R2P4_varied_b,20260526,1600,varied_b,1,1,240,0.75
R2P4_varied_b,20260526,1600,varied_b,1,2,0,0.0
R2P4_varied_b,20260526,1600,varied_b,1,3,80,0.25
R2P4_varied_b,20260526,1600,varied_b,2,0,80,0.25
R2P4_varied_b,20260526,1600,varied_b,2,1,160,0.5
R2P4_varied_b,20260526,1600,varied_b,2,2,0,0.0
R2P4_varied_b,20260526,1600,varied_b,2,3,80,0.25
R2P4_varied_b,20260526,1600,varied_b,3,0,80,0.25
R2P4_varied_b,20260526,1600,varied_b,3,1,160,0.5
R2P4_varied_b,20260526,1600,varied_b,3,2,0,0.0
R2P4_varied_b,20260526,1600,varied_b,3,3,80,0.25
R2P4_varied_b,20260527,0,varied_b,0,0,80,0.25
R2P4_varied_b,20260527,0,varied_b,0,1,0,0.0
R2P4_varied_b,20260527,0,varied_b,0,2,136,0.425
R2P4_varied_b,20260527,0,varied_b,0,3,104,0.325
R2P4_varied_b,20260527,0,varied_b,1,0,40,0.125
R2P4_varied_b,20260527,0,varied_b,1,1,0,0.0
R2P4_varied_b,20260527,0,varied_b,1,2,184,0.575
R2P4_varied_b,20260527,0,varied_b,1,3,96,0.3
R2P4_varied_b,20260527,0,varied_b,2,0,48,0.15
R2P4_varied_b,20260527,0,varied_b,2,1,0,0.0
R2P4_varied_b,20260527,0,varied_b,2,2,176,0.55
R2P4_varied_b,20260527,0,varied_b,2,3,96,0.3
R2P4_varied_b,20260527,0,varied_b,3,0,80,0.25
R2P4_varied_b,20260527,0,varied_b,3,1,0,0.0
R2P4_varied_b,20260527,0,varied_b,3,2,128,0.4
R2P4_varied_b,20260527,0,varied_b,3,3,112,0.35
R2P4_varied_b,20260527,1,varied_b,0,0,80,0.25
R2P4_varied_b,20260527,1,varied_b,0,1,0,0.0
R2P4_varied_b,20260527,1,varied_b,0,2,120,0.375
R2P4_varied_b,20260527,1,varied_b,0,3,120,0.375
R2P4_varied_b,20260527,1,varied_b,1,0,72,0.225
R2P4_varied_b,20260527,1,varied_b,1,1,0,0.0
R2P4_varied_b,20260527,1,varied_b,1,2,152,0.475
R2P4_varied_b,20260527,1,varied_b,1,3,96,0.3
R2P4_varied_b,20260527,1,varied_b,2,0,72,0.225
R2P4_varied_b,20260527,1,varied_b,2,1,0,0.0
R2P4_varied_b,20260527,1,varied_b,2,2,152,0.475
R2P4_varied_b,20260527,1,varied_b,2,3,96,0.3
R2P4_varied_b,20260527,1,varied_b,3,0,80,0.25
R2P4_varied_b,20260527,1,varied_b,3,1,0,0.0
R2P4_varied_b,20260527,1,varied_b,3,2,96,0.3
R2P4_varied_b,20260527,1,varied_b,3,3,144,0.45
R2P4_varied_b,20260527,2,varied_b,0,0,80,0.25
R2P4_varied_b,20260527,2,varied_b,0,1,0,0.0
R2P4_varied_b,20260527,2,varied_b,0,2,120,0.375
R2P4_varied_b,20260527,2,varied_b,0,3,120,0.375
R2P4_varied_b,20260527,2,varied_b,1,0,80,0.25
R2P4_varied_b,20260527,2,varied_b,1,1,0,0.0
R2P4_varied_b,20260527,2,varied_b,1,2,144,0.45
R2P4_varied_b,20260527,2,varied_b,1,3,96,0.3
R2P4_varied_b,20260527,2,varied_b,2,0,80,0.25
R2P4_varied_b,20260527,2,varied_b,2,1,0,0.0
R2P4_varied_b,20260527,2,varied_b,2,2,144,0.45
R2P4_varied_b,20260527,2,varied_b,2,3,96,0.3
R2P4_varied_b,20260527,2,varied_b,3,0,88,0.275
R2P4_varied_b,20260527,2,varied_b,3,1,0,0.0
R2P4_varied_b,20260527,2,varied_b,3,2,32,0.1
R2P4_varied_b,20260527,2,varied_b,3,3,200,0.625
R2P4_varied_b,20260527,5,varied_b,0,0,144,0.45
R2P4_varied_b,20260527,5,varied_b,0,1,0,0.0
R2P4_varied_b,20260527,5,varied_b,0,2,0,0.0
R2P4_varied_b,20260527,5,varied_b,0,3,176,0.55
R2P4_varied_b,20260527,5,varied_b,1,0,80,0.25
R2P4_varied_b,20260527,5,varied_b,1,1,0,0.0
R2P4_varied_b,20260527,5,varied_b,1,2,80,0.25
R2P4_varied_b,20260527,5,varied_b,1,3,160,0.5
R2P4_varied_b,20260527,5,varied_b,2,0,96,0.3
R2P4_varied_b,20260527,5,varied_b,2,1,0,0.0
R2P4_varied_b,20260527,5,varied_b,2,2,64,0.2
R2P4_varied_b,20260527,5,varied_b,2,3,160,0.5
R2P4_varied_b,20260527,5,varied_b,3,0,80,0.25
R2P4_varied_b,20260527,5,varied_b,3,1,0,0.0
R2P4_varied_b,20260527,5,varied_b,3,2,0,0.0
R2P4_varied_b,20260527,5,varied_b,3,3,240,0.75
R2P4_varied_b,20260527,10,varied_b,0,0,80,0.25
R2P4_varied_b,20260527,10,varied_b,0,1,0,0.0
R2P4_varied_b,20260527,10,varied_b,0,2,0,0.0
R2P4_varied_b,20260527,10,varied_b,0,3,240,0.75
R2P4_varied_b,20260527,10,varied_b,1,0,80,0.25
R2P4_varied_b,20260527,10,varied_b,1,1,0,0.0
R2P4_varied_b,20260527,10,varied_b,1,2,0,0.0
R2P4_varied_b,20260527,10,varied_b,1,3,240,0.75
R2P4_varied_b,20260527,10,varied_b,2,0,80,0.25
R2P4_varied_b,20260527,10,varied_b,2,1,0,0.0
R2P4_varied_b,20260527,10,varied_b,2,2,0,0.0
R2P4_varied_b,20260527,10,varied_b,2,3,240,0.75
R2P4_varied_b,20260527,10,varied_b,3,0,80,0.25
R2P4_varied_b,20260527,10,varied_b,3,1,0,0.0
R2P4_varied_b,20260527,10,varied_b,3,2,0,0.0
R2P4_varied_b,20260527,10,varied_b,3,3,240,0.75
R2P4_varied_b,20260527,20,varied_b,0,0,80,0.25
R2P4_varied_b,20260527,20,varied_b,0,1,0,0.0
R2P4_varied_b,20260527,20,varied_b,0,2,0,0.0
R2P4_varied_b,20260527,20,varied_b,0,3,240,0.75
R2P4_varied_b,20260527,20,varied_b,1,0,80,0.25
R2P4_varied_b,20260527,20,varied_b,1,1,0,0.0
R2P4_varied_b,20260527,20,varied_b,1,2,0,0.0
R2P4_varied_b,20260527,20,varied_b,1,3,240,0.75
R2P4_varied_b,20260527,20,varied_b,2,0,80,0.25
R2P4_varied_b,20260527,20,varied_b,2,1,0,0.0
R2P4_varied_b,20260527,20,varied_b,2,2,0,0.0
R2P4_varied_b,20260527,20,varied_b,2,3,240,0.75
R2P4_varied_b,20260527,20,varied_b,3,0,80,0.25
R2P4_varied_b,20260527,20,varied_b,3,1,0,0.0
R2P4_varied_b,20260527,20,varied_b,3,2,0,0.0
R2P4_varied_b,20260527,20,varied_b,3,3,240,0.75
R2P4_varied_b,20260527,50,varied_b,0,0,80,0.25
R2P4_varied_b,20260527,50,varied_b,0,1,0,0.0
R2P4_varied_b,20260527,50,varied_b,0,2,0,0.0
R2P4_varied_b,20260527,50,varied_b,0,3,240,0.75
R2P4_varied_b,20260527,50,varied_b,1,0,80,0.25
R2P4_varied_b,20260527,50,varied_b,1,1,0,0.0
R2P4_varied_b,20260527,50,varied_b,1,2,0,0.0
R2P4_varied_b,20260527,50,varied_b,1,3,240,0.75
R2P4_varied_b,20260527,50,varied_b,2,0,80,0.25
R2P4_varied_b,20260527,50,varied_b,2,1,0,0.0
R2P4_varied_b,20260527,50,varied_b,2,2,0,0.0
R2P4_varied_b,20260527,50,varied_b,2,3,240,0.75
R2P4_varied_b,20260527,50,varied_b,3,0,80,0.25
R2P4_varied_b,20260527,50,varied_b,3,1,0,0.0
R2P4_varied_b,20260527,50,varied_b,3,2,0,0.0
R2P4_varied_b,20260527,50,varied_b,3,3,240,0.75
R2P4_varied_b,20260527,1600,varied_b,0,0,80,0.25
R2P4_varied_b,20260527,1600,varied_b,0,1,0,0.0
R2P4_varied_b,20260527,1600,varied_b,0,2,0,0.0
R2P4_varied_b,20260527,1600,varied_b,0,3,240,0.75
R2P4_varied_b,20260527,1600,varied_b,1,0,80,0.25
R2P4_varied_b,20260527,1600,varied_b,1,1,0,0.0
R2P4_varied_b,20260527,1600,varied_b,1,2,0,0.0
R2P4_varied_b,20260527,1600,varied_b,1,3,240,0.75
R2P4_varied_b,20260527,1600,varied_b,2,0,80,0.25
R2P4_varied_b,20260527,1600,varied_b,2,1,0,0.0
R2P4_varied_b,20260527,1600,varied_b,2,2,0,0.0
R2P4_varied_b,20260527,1600,varied_b,2,3,240,0.75
R2P4_varied_b,20260527,1600,varied_b,3,0,80,0.25
R2P4_varied_b,20260527,1600,varied_b,3,1,0,0.0
R2P4_varied_b,20260527,1600,varied_b,3,2,0,0.0
R2P4_varied_b,20260527,1600,varied_b,3,3,240,0.75
R2P4_varied_b,20260528,0,varied_b,0,0,8,0.025
R2P4_varied_b,20260528,0,varied_b,0,1,160,0.5
R2P4_varied_b,20260528,0,varied_b,0,2,72,0.225
R2P4_varied_b,20260528,0,varied_b,0,3,80,0.25
R2P4_varied_b,20260528,0,varied_b,1,0,16,0.05
R2P4_varied_b,20260528,0,varied_b,1,1,128,0.4
R2P4_varied_b,20260528,0,varied_b,1,2,96,0.3
R2P4_varied_b,20260528,0,varied_b,1,3,80,0.25
R2P4_varied_b,20260528,0,varied_b,2,0,0,0.0
R2P4_varied_b,20260528,0,varied_b,2,1,160,0.5
R2P4_varied_b,20260528,0,varied_b,2,2,80,0.25
R2P4_varied_b,20260528,0,varied_b,2,3,80,0.25
R2P4_varied_b,20260528,0,varied_b,3,0,16,0.05
R2P4_varied_b,20260528,0,varied_b,3,1,80,0.25
R2P4_varied_b,20260528,0,varied_b,3,2,144,0.45
R2P4_varied_b,20260528,0,varied_b,3,3,80,0.25
R2P4_varied_b,20260528,1,varied_b,0,0,0,0.0
R2P4_varied_b,20260528,1,varied_b,0,1,96,0.3
R2P4_varied_b,20260528,1,varied_b,0,2,144,0.45
R2P4_varied_b,20260528,1,varied_b,0,3,80,0.25
R2P4_varied_b,20260528,1,varied_b,1,0,0,0.0
R2P4_varied_b,20260528,1,varied_b,1,1,96,0.3
R2P4_varied_b,20260528,1,varied_b,1,2,144,0.45
R2P4_varied_b,20260528,1,varied_b,1,3,80,0.25
R2P4_varied_b,20260528,1,varied_b,2,0,0,0.0
R2P4_varied_b,20260528,1,varied_b,2,1,112,0.35
R2P4_varied_b,20260528,1,varied_b,2,2,128,0.4
R2P4_varied_b,20260528,1,varied_b,2,3,80,0.25
R2P4_varied_b,20260528,1,varied_b,3,0,0,0.0
R2P4_varied_b,20260528,1,varied_b,3,1,80,0.25
R2P4_varied_b,20260528,1,varied_b,3,2,160,0.5
R2P4_varied_b,20260528,1,varied_b,3,3,80,0.25
R2P4_varied_b,20260528,2,varied_b,0,0,0,0.0
R2P4_varied_b,20260528,2,varied_b,0,1,88,0.275
R2P4_varied_b,20260528,2,varied_b,0,2,152,0.475
R2P4_varied_b,20260528,2,varied_b,0,3,80,0.25
R2P4_varied_b,20260528,2,varied_b,1,0,0,0.0
R2P4_varied_b,20260528,2,varied_b,1,1,88,0.275
R2P4_varied_b,20260528,2,varied_b,1,2,152,0.475
R2P4_varied_b,20260528,2,varied_b,1,3,80,0.25
R2P4_varied_b,20260528,2,varied_b,2,0,0,0.0
R2P4_varied_b,20260528,2,varied_b,2,1,104,0.325
R2P4_varied_b,20260528,2,varied_b,2,2,136,0.425
R2P4_varied_b,20260528,2,varied_b,2,3,80,0.25
R2P4_varied_b,20260528,2,varied_b,3,0,0,0.0
R2P4_varied_b,20260528,2,varied_b,3,1,80,0.25
R2P4_varied_b,20260528,2,varied_b,3,2,160,0.5
R2P4_varied_b,20260528,2,varied_b,3,3,80,0.25
R2P4_varied_b,20260528,5,varied_b,0,0,0,0.0
R2P4_varied_b,20260528,5,varied_b,0,1,88,0.275
R2P4_varied_b,20260528,5,varied_b,0,2,152,0.475
R2P4_varied_b,20260528,5,varied_b,0,3,80,0.25
R2P4_varied_b,20260528,5,varied_b,1,0,0,0.0
R2P4_varied_b,20260528,5,varied_b,1,1,88,0.275
R2P4_varied_b,20260528,5,varied_b,1,2,152,0.475
R2P4_varied_b,20260528,5,varied_b,1,3,80,0.25
R2P4_varied_b,20260528,5,varied_b,2,0,0,0.0
R2P4_varied_b,20260528,5,varied_b,2,1,96,0.3
R2P4_varied_b,20260528,5,varied_b,2,2,144,0.45
R2P4_varied_b,20260528,5,varied_b,2,3,80,0.25
R2P4_varied_b,20260528,5,varied_b,3,0,0,0.0
R2P4_varied_b,20260528,5,varied_b,3,1,80,0.25
R2P4_varied_b,20260528,5,varied_b,3,2,160,0.5
R2P4_varied_b,20260528,5,varied_b,3,3,80,0.25
R2P4_varied_b,20260528,10,varied_b,0,0,0,0.0
R2P4_varied_b,20260528,10,varied_b,0,1,88,0.275
R2P4_varied_b,20260528,10,varied_b,0,2,152,0.475
R2P4_varied_b,20260528,10,varied_b,0,3,80,0.25
R2P4_varied_b,20260528,10,varied_b,1,0,0,0.0
R2P4_varied_b,20260528,10,varied_b,1,1,88,0.275
R2P4_varied_b,20260528,10,varied_b,1,2,152,0.475
R2P4_varied_b,20260528,10,varied_b,1,3,80,0.25
R2P4_varied_b,20260528,10,varied_b,2,0,0,0.0
R2P4_varied_b,20260528,10,varied_b,2,1,120,0.375
R2P4_varied_b,20260528,10,varied_b,2,2,120,0.375
R2P4_varied_b,20260528,10,varied_b,2,3,80,0.25
R2P4_varied_b,20260528,10,varied_b,3,0,0,0.0
R2P4_varied_b,20260528,10,varied_b,3,1,80,0.25
R2P4_varied_b,20260528,10,varied_b,3,2,160,0.5
R2P4_varied_b,20260528,10,varied_b,3,3,80,0.25
R2P4_varied_b,20260528,20,varied_b,0,0,0,0.0
R2P4_varied_b,20260528,20,varied_b,0,1,128,0.4
R2P4_varied_b,20260528,20,varied_b,0,2,112,0.35
R2P4_varied_b,20260528,20,varied_b,0,3,80,0.25
R2P4_varied_b,20260528,20,varied_b,1,0,0,0.0
R2P4_varied_b,20260528,20,varied_b,1,1,144,0.45
R2P4_varied_b,20260528,20,varied_b,1,2,96,0.3
R2P4_varied_b,20260528,20,varied_b,1,3,80,0.25
R2P4_varied_b,20260528,20,varied_b,2,0,0,0.0
R2P4_varied_b,20260528,20,varied_b,2,1,160,0.5
R2P4_varied_b,20260528,20,varied_b,2,2,80,0.25
R2P4_varied_b,20260528,20,varied_b,2,3,80,0.25
R2P4_varied_b,20260528,20,varied_b,3,0,0,0.0
R2P4_varied_b,20260528,20,varied_b,3,1,0,0.0
R2P4_varied_b,20260528,20,varied_b,3,2,240,0.75
R2P4_varied_b,20260528,20,varied_b,3,3,80,0.25
R2P4_varied_b,20260528,50,varied_b,0,0,0,0.0
R2P4_varied_b,20260528,50,varied_b,0,1,160,0.5
R2P4_varied_b,20260528,50,varied_b,0,2,80,0.25
R2P4_varied_b,20260528,50,varied_b,0,3,80,0.25
R2P4_varied_b,20260528,50,varied_b,1,0,0,0.0
R2P4_varied_b,20260528,50,varied_b,1,1,80,0.25
R2P4_varied_b,20260528,50,varied_b,1,2,160,0.5
R2P4_varied_b,20260528,50,varied_b,1,3,80,0.25
R2P4_varied_b,20260528,50,varied_b,2,0,0,0.0
R2P4_varied_b,20260528,50,varied_b,2,1,160,0.5
R2P4_varied_b,20260528,50,varied_b,2,2,80,0.25
R2P4_varied_b,20260528,50,varied_b,2,3,80,0.25
R2P4_varied_b,20260528,50,varied_b,3,0,0,0.0
R2P4_varied_b,20260528,50,varied_b,3,1,0,0.0
R2P4_varied_b,20260528,50,varied_b,3,2,240,0.75
R2P4_varied_b,20260528,50,varied_b,3,3,80,0.25
R2P4_varied_b,20260528,1600,varied_b,0,0,0,0.0
R2P4_varied_b,20260528,1600,varied_b,0,1,160,0.5
R2P4_varied_b,20260528,1600,varied_b,0,2,80,0.25
R2P4_varied_b,20260528,1600,varied_b,0,3,80,0.25
R2P4_varied_b,20260528,1600,varied_b,1,0,0,0.0
R2P4_varied_b,20260528,1600,varied_b,1,1,80,0.25
R2P4_varied_b,20260528,1600,varied_b,1,2,160,0.5
R2P4_varied_b,20260528,1600,varied_b,1,3,80,0.25
R2P4_varied_b,20260528,1600,varied_b,2,0,0,0.0
R2P4_varied_b,20260528,1600,varied_b,2,1,160,0.5
R2P4_varied_b,20260528,1600,varied_b,2,2,80,0.25
R2P4_varied_b,20260528,1600,varied_b,2,3,80,0.25
R2P4_varied_b,20260528,1600,varied_b,3,0,0,0.0
R2P4_varied_b,20260528,1600,varied_b,3,1,0,0.0
R2P4_varied_b,20260528,1600,varied_b,3,2,240,0.75
R2P4_varied_b,20260528,1600,varied_b,3,3,80,0.25
R2P4_varied_filler,20260521,0,varied_filler,0,0,204,0.6375
R2P4_varied_filler,20260521,0,varied_filler,0,1,0,0.0
R2P4_varied_filler,20260521,0,varied_filler,0,2,116,0.3625
R2P4_varied_filler,20260521,0,varied_filler,0,3,0,0.0
R2P4_varied_filler,20260521,0,varied_filler,1,0,168,0.525
R2P4_varied_filler,20260521,0,varied_filler,1,1,0,0.0
R2P4_varied_filler,20260521,0,varied_filler,1,2,152,0.475
R2P4_varied_filler,20260521,0,varied_filler,1,3,0,0.0
R2P4_varied_filler,20260521,0,varied_filler,2,0,160,0.5
R2P4_varied_filler,20260521,0,varied_filler,2,1,0,0.0
R2P4_varied_filler,20260521,0,varied_filler,2,2,160,0.5
R2P4_varied_filler,20260521,0,varied_filler,2,3,0,0.0
R2P4_varied_filler,20260521,0,varied_filler,3,0,184,0.575
R2P4_varied_filler,20260521,0,varied_filler,3,1,0,0.0
R2P4_varied_filler,20260521,0,varied_filler,3,2,136,0.425
R2P4_varied_filler,20260521,0,varied_filler,3,3,0,0.0
R2P4_varied_filler,20260521,1,varied_filler,0,0,320,1.0
R2P4_varied_filler,20260521,1,varied_filler,0,1,0,0.0
R2P4_varied_filler,20260521,1,varied_filler,0,2,0,0.0
R2P4_varied_filler,20260521,1,varied_filler,0,3,0,0.0
R2P4_varied_filler,20260521,1,varied_filler,1,0,292,0.9125
R2P4_varied_filler,20260521,1,varied_filler,1,1,0,0.0
R2P4_varied_filler,20260521,1,varied_filler,1,2,28,0.0875
R2P4_varied_filler,20260521,1,varied_filler,1,3,0,0.0
R2P4_varied_filler,20260521,1,varied_filler,2,0,256,0.8
R2P4_varied_filler,20260521,1,varied_filler,2,1,0,0.0
R2P4_varied_filler,20260521,1,varied_filler,2,2,64,0.2
R2P4_varied_filler,20260521,1,varied_filler,2,3,0,0.0
R2P4_varied_filler,20260521,1,varied_filler,3,0,304,0.95
R2P4_varied_filler,20260521,1,varied_filler,3,1,0,0.0
R2P4_varied_filler,20260521,1,varied_filler,3,2,16,0.05
R2P4_varied_filler,20260521,1,varied_filler,3,3,0,0.0
R2P4_varied_filler,20260521,2,varied_filler,0,0,320,1.0
R2P4_varied_filler,20260521,2,varied_filler,0,1,0,0.0
R2P4_varied_filler,20260521,2,varied_filler,0,2,0,0.0
R2P4_varied_filler,20260521,2,varied_filler,0,3,0,0.0
R2P4_varied_filler,20260521,2,varied_filler,1,0,320,1.0
R2P4_varied_filler,20260521,2,varied_filler,1,1,0,0.0
R2P4_varied_filler,20260521,2,varied_filler,1,2,0,0.0
R2P4_varied_filler,20260521,2,varied_filler,1,3,0,0.0
R2P4_varied_filler,20260521,2,varied_filler,2,0,320,1.0
R2P4_varied_filler,20260521,2,varied_filler,2,1,0,0.0
R2P4_varied_filler,20260521,2,varied_filler,2,2,0,0.0
R2P4_varied_filler,20260521,2,varied_filler,2,3,0,0.0
R2P4_varied_filler,20260521,2,varied_filler,3,0,320,1.0
R2P4_varied_filler,20260521,2,varied_filler,3,1,0,0.0
R2P4_varied_filler,20260521,2,varied_filler,3,2,0,0.0
R2P4_varied_filler,20260521,2,varied_filler,3,3,0,0.0
R2P4_varied_filler,20260521,5,varied_filler,0,0,320,1.0
R2P4_varied_filler,20260521,5,varied_filler,0,1,0,0.0
R2P4_varied_filler,20260521,5,varied_filler,0,2,0,0.0
R2P4_varied_filler,20260521,5,varied_filler,0,3,0,0.0
R2P4_varied_filler,20260521,5,varied_filler,1,0,320,1.0
R2P4_varied_filler,20260521,5,varied_filler,1,1,0,0.0
R2P4_varied_filler,20260521,5,varied_filler,1,2,0,0.0
R2P4_varied_filler,20260521,5,varied_filler,1,3,0,0.0
R2P4_varied_filler,20260521,5,varied_filler,2,0,320,1.0
R2P4_varied_filler,20260521,5,varied_filler,2,1,0,0.0
R2P4_varied_filler,20260521,5,varied_filler,2,2,0,0.0
R2P4_varied_filler,20260521,5,varied_filler,2,3,0,0.0
R2P4_varied_filler,20260521,5,varied_filler,3,0,320,1.0
R2P4_varied_filler,20260521,5,varied_filler,3,1,0,0.0
R2P4_varied_filler,20260521,5,varied_filler,3,2,0,0.0
R2P4_varied_filler,20260521,5,varied_filler,3,3,0,0.0
R2P4_varied_filler,20260521,10,varied_filler,0,0,320,1.0
R2P4_varied_filler,20260521,10,varied_filler,0,1,0,0.0
R2P4_varied_filler,20260521,10,varied_filler,0,2,0,0.0
R2P4_varied_filler,20260521,10,varied_filler,0,3,0,0.0
R2P4_varied_filler,20260521,10,varied_filler,1,0,320,1.0
R2P4_varied_filler,20260521,10,varied_filler,1,1,0,0.0
R2P4_varied_filler,20260521,10,varied_filler,1,2,0,0.0
R2P4_varied_filler,20260521,10,varied_filler,1,3,0,0.0
R2P4_varied_filler,20260521,10,varied_filler,2,0,320,1.0
R2P4_varied_filler,20260521,10,varied_filler,2,1,0,0.0
R2P4_varied_filler,20260521,10,varied_filler,2,2,0,0.0
R2P4_varied_filler,20260521,10,varied_filler,2,3,0,0.0
R2P4_varied_filler,20260521,10,varied_filler,3,0,320,1.0
R2P4_varied_filler,20260521,10,varied_filler,3,1,0,0.0
R2P4_varied_filler,20260521,10,varied_filler,3,2,0,0.0
R2P4_varied_filler,20260521,10,varied_filler,3,3,0,0.0
R2P4_varied_filler,20260521,20,varied_filler,0,0,320,1.0
R2P4_varied_filler,20260521,20,varied_filler,0,1,0,0.0
R2P4_varied_filler,20260521,20,varied_filler,0,2,0,0.0
R2P4_varied_filler,20260521,20,varied_filler,0,3,0,0.0
R2P4_varied_filler,20260521,20,varied_filler,1,0,320,1.0
R2P4_varied_filler,20260521,20,varied_filler,1,1,0,0.0
R2P4_varied_filler,20260521,20,varied_filler,1,2,0,0.0
R2P4_varied_filler,20260521,20,varied_filler,1,3,0,0.0
R2P4_varied_filler,20260521,20,varied_filler,2,0,320,1.0
R2P4_varied_filler,20260521,20,varied_filler,2,1,0,0.0
R2P4_varied_filler,20260521,20,varied_filler,2,2,0,0.0
R2P4_varied_filler,20260521,20,varied_filler,2,3,0,0.0
R2P4_varied_filler,20260521,20,varied_filler,3,0,320,1.0
R2P4_varied_filler,20260521,20,varied_filler,3,1,0,0.0
R2P4_varied_filler,20260521,20,varied_filler,3,2,0,0.0
R2P4_varied_filler,20260521,20,varied_filler,3,3,0,0.0
R2P4_varied_filler,20260521,50,varied_filler,0,0,320,1.0
R2P4_varied_filler,20260521,50,varied_filler,0,1,0,0.0
R2P4_varied_filler,20260521,50,varied_filler,0,2,0,0.0
R2P4_varied_filler,20260521,50,varied_filler,0,3,0,0.0
R2P4_varied_filler,20260521,50,varied_filler,1,0,320,1.0
R2P4_varied_filler,20260521,50,varied_filler,1,1,0,0.0
R2P4_varied_filler,20260521,50,varied_filler,1,2,0,0.0
R2P4_varied_filler,20260521,50,varied_filler,1,3,0,0.0
R2P4_varied_filler,20260521,50,varied_filler,2,0,320,1.0
R2P4_varied_filler,20260521,50,varied_filler,2,1,0,0.0
R2P4_varied_filler,20260521,50,varied_filler,2,2,0,0.0
R2P4_varied_filler,20260521,50,varied_filler,2,3,0,0.0
R2P4_varied_filler,20260521,50,varied_filler,3,0,320,1.0
R2P4_varied_filler,20260521,50,varied_filler,3,1,0,0.0
R2P4_varied_filler,20260521,50,varied_filler,3,2,0,0.0
R2P4_varied_filler,20260521,50,varied_filler,3,3,0,0.0
R2P4_varied_filler,20260521,1600,varied_filler,0,0,320,1.0
R2P4_varied_filler,20260521,1600,varied_filler,0,1,0,0.0
R2P4_varied_filler,20260521,1600,varied_filler,0,2,0,0.0
R2P4_varied_filler,20260521,1600,varied_filler,0,3,0,0.0
R2P4_varied_filler,20260521,1600,varied_filler,1,0,320,1.0
R2P4_varied_filler,20260521,1600,varied_filler,1,1,0,0.0
R2P4_varied_filler,20260521,1600,varied_filler,1,2,0,0.0
R2P4_varied_filler,20260521,1600,varied_filler,1,3,0,0.0
R2P4_varied_filler,20260521,1600,varied_filler,2,0,320,1.0
R2P4_varied_filler,20260521,1600,varied_filler,2,1,0,0.0
R2P4_varied_filler,20260521,1600,varied_filler,2,2,0,0.0
R2P4_varied_filler,20260521,1600,varied_filler,2,3,0,0.0
R2P4_varied_filler,20260521,1600,varied_filler,3,0,320,1.0
R2P4_varied_filler,20260521,1600,varied_filler,3,1,0,0.0
R2P4_varied_filler,20260521,1600,varied_filler,3,2,0,0.0
R2P4_varied_filler,20260521,1600,varied_filler,3,3,0,0.0
R2P4_varied_filler,20260522,0,varied_filler,0,0,0,0.0
R2P4_varied_filler,20260522,0,varied_filler,0,1,0,0.0
R2P4_varied_filler,20260522,0,varied_filler,0,2,0,0.0
R2P4_varied_filler,20260522,0,varied_filler,0,3,320,1.0
R2P4_varied_filler,20260522,0,varied_filler,1,0,0,0.0
R2P4_varied_filler,20260522,0,varied_filler,1,1,0,0.0
R2P4_varied_filler,20260522,0,varied_filler,1,2,0,0.0
R2P4_varied_filler,20260522,0,varied_filler,1,3,320,1.0
R2P4_varied_filler,20260522,0,varied_filler,2,0,0,0.0
R2P4_varied_filler,20260522,0,varied_filler,2,1,0,0.0
R2P4_varied_filler,20260522,0,varied_filler,2,2,0,0.0
R2P4_varied_filler,20260522,0,varied_filler,2,3,320,1.0
R2P4_varied_filler,20260522,0,varied_filler,3,0,0,0.0
R2P4_varied_filler,20260522,0,varied_filler,3,1,0,0.0
R2P4_varied_filler,20260522,0,varied_filler,3,2,0,0.0
R2P4_varied_filler,20260522,0,varied_filler,3,3,320,1.0
R2P4_varied_filler,20260522,1,varied_filler,0,0,0,0.0
R2P4_varied_filler,20260522,1,varied_filler,0,1,0,0.0
R2P4_varied_filler,20260522,1,varied_filler,0,2,0,0.0
R2P4_varied_filler,20260522,1,varied_filler,0,3,320,1.0
R2P4_varied_filler,20260522,1,varied_filler,1,0,0,0.0
R2P4_varied_filler,20260522,1,varied_filler,1,1,0,0.0
R2P4_varied_filler,20260522,1,varied_filler,1,2,0,0.0
R2P4_varied_filler,20260522,1,varied_filler,1,3,320,1.0
R2P4_varied_filler,20260522,1,varied_filler,2,0,0,0.0
R2P4_varied_filler,20260522,1,varied_filler,2,1,0,0.0
R2P4_varied_filler,20260522,1,varied_filler,2,2,0,0.0
R2P4_varied_filler,20260522,1,varied_filler,2,3,320,1.0
R2P4_varied_filler,20260522,1,varied_filler,3,0,0,0.0
R2P4_varied_filler,20260522,1,varied_filler,3,1,0,0.0
R2P4_varied_filler,20260522,1,varied_filler,3,2,0,0.0
R2P4_varied_filler,20260522,1,varied_filler,3,3,320,1.0
R2P4_varied_filler,20260522,2,varied_filler,0,0,0,0.0
R2P4_varied_filler,20260522,2,varied_filler,0,1,0,0.0
R2P4_varied_filler,20260522,2,varied_filler,0,2,0,0.0
R2P4_varied_filler,20260522,2,varied_filler,0,3,320,1.0
R2P4_varied_filler,20260522,2,varied_filler,1,0,0,0.0
R2P4_varied_filler,20260522,2,varied_filler,1,1,0,0.0
R2P4_varied_filler,20260522,2,varied_filler,1,2,0,0.0
R2P4_varied_filler,20260522,2,varied_filler,1,3,320,1.0
R2P4_varied_filler,20260522,2,varied_filler,2,0,0,0.0
R2P4_varied_filler,20260522,2,varied_filler,2,1,0,0.0
R2P4_varied_filler,20260522,2,varied_filler,2,2,0,0.0
R2P4_varied_filler,20260522,2,varied_filler,2,3,320,1.0
R2P4_varied_filler,20260522,2,varied_filler,3,0,0,0.0
R2P4_varied_filler,20260522,2,varied_filler,3,1,0,0.0
R2P4_varied_filler,20260522,2,varied_filler,3,2,0,0.0
R2P4_varied_filler,20260522,2,varied_filler,3,3,320,1.0
R2P4_varied_filler,20260522,5,varied_filler,0,0,0,0.0
R2P4_varied_filler,20260522,5,varied_filler,0,1,0,0.0
R2P4_varied_filler,20260522,5,varied_filler,0,2,0,0.0
R2P4_varied_filler,20260522,5,varied_filler,0,3,320,1.0
R2P4_varied_filler,20260522,5,varied_filler,1,0,0,0.0
R2P4_varied_filler,20260522,5,varied_filler,1,1,0,0.0
R2P4_varied_filler,20260522,5,varied_filler,1,2,0,0.0
R2P4_varied_filler,20260522,5,varied_filler,1,3,320,1.0
R2P4_varied_filler,20260522,5,varied_filler,2,0,0,0.0
R2P4_varied_filler,20260522,5,varied_filler,2,1,0,0.0
R2P4_varied_filler,20260522,5,varied_filler,2,2,0,0.0
R2P4_varied_filler,20260522,5,varied_filler,2,3,320,1.0
R2P4_varied_filler,20260522,5,varied_filler,3,0,0,0.0
R2P4_varied_filler,20260522,5,varied_filler,3,1,0,0.0
R2P4_varied_filler,20260522,5,varied_filler,3,2,0,0.0
R2P4_varied_filler,20260522,5,varied_filler,3,3,320,1.0
R2P4_varied_filler,20260522,10,varied_filler,0,0,0,0.0
R2P4_varied_filler,20260522,10,varied_filler,0,1,0,0.0
R2P4_varied_filler,20260522,10,varied_filler,0,2,0,0.0
R2P4_varied_filler,20260522,10,varied_filler,0,3,320,1.0
R2P4_varied_filler,20260522,10,varied_filler,1,0,0,0.0
R2P4_varied_filler,20260522,10,varied_filler,1,1,0,0.0
R2P4_varied_filler,20260522,10,varied_filler,1,2,0,0.0
R2P4_varied_filler,20260522,10,varied_filler,1,3,320,1.0
R2P4_varied_filler,20260522,10,varied_filler,2,0,0,0.0
R2P4_varied_filler,20260522,10,varied_filler,2,1,0,0.0
R2P4_varied_filler,20260522,10,varied_filler,2,2,0,0.0
R2P4_varied_filler,20260522,10,varied_filler,2,3,320,1.0
R2P4_varied_filler,20260522,10,varied_filler,3,0,0,0.0
R2P4_varied_filler,20260522,10,varied_filler,3,1,0,0.0
R2P4_varied_filler,20260522,10,varied_filler,3,2,0,0.0
R2P4_varied_filler,20260522,10,varied_filler,3,3,320,1.0
R2P4_varied_filler,20260522,20,varied_filler,0,0,0,0.0
R2P4_varied_filler,20260522,20,varied_filler,0,1,0,0.0
R2P4_varied_filler,20260522,20,varied_filler,0,2,0,0.0
R2P4_varied_filler,20260522,20,varied_filler,0,3,320,1.0
R2P4_varied_filler,20260522,20,varied_filler,1,0,0,0.0
R2P4_varied_filler,20260522,20,varied_filler,1,1,0,0.0
R2P4_varied_filler,20260522,20,varied_filler,1,2,0,0.0
R2P4_varied_filler,20260522,20,varied_filler,1,3,320,1.0
R2P4_varied_filler,20260522,20,varied_filler,2,0,0,0.0
R2P4_varied_filler,20260522,20,varied_filler,2,1,0,0.0
R2P4_varied_filler,20260522,20,varied_filler,2,2,0,0.0
R2P4_varied_filler,20260522,20,varied_filler,2,3,320,1.0
R2P4_varied_filler,20260522,20,varied_filler,3,0,0,0.0
R2P4_varied_filler,20260522,20,varied_filler,3,1,0,0.0
R2P4_varied_filler,20260522,20,varied_filler,3,2,0,0.0
R2P4_varied_filler,20260522,20,varied_filler,3,3,320,1.0
R2P4_varied_filler,20260522,50,varied_filler,0,0,0,0.0
R2P4_varied_filler,20260522,50,varied_filler,0,1,0,0.0
R2P4_varied_filler,20260522,50,varied_filler,0,2,0,0.0
R2P4_varied_filler,20260522,50,varied_filler,0,3,320,1.0
R2P4_varied_filler,20260522,50,varied_filler,1,0,0,0.0
R2P4_varied_filler,20260522,50,varied_filler,1,1,0,0.0
R2P4_varied_filler,20260522,50,varied_filler,1,2,0,0.0
R2P4_varied_filler,20260522,50,varied_filler,1,3,320,1.0
R2P4_varied_filler,20260522,50,varied_filler,2,0,0,0.0
R2P4_varied_filler,20260522,50,varied_filler,2,1,0,0.0
R2P4_varied_filler,20260522,50,varied_filler,2,2,0,0.0
R2P4_varied_filler,20260522,50,varied_filler,2,3,320,1.0
R2P4_varied_filler,20260522,50,varied_filler,3,0,0,0.0
R2P4_varied_filler,20260522,50,varied_filler,3,1,0,0.0
R2P4_varied_filler,20260522,50,varied_filler,3,2,0,0.0
R2P4_varied_filler,20260522,50,varied_filler,3,3,320,1.0
R2P4_varied_filler,20260522,1600,varied_filler,0,0,0,0.0
R2P4_varied_filler,20260522,1600,varied_filler,0,1,0,0.0
R2P4_varied_filler,20260522,1600,varied_filler,0,2,0,0.0
R2P4_varied_filler,20260522,1600,varied_filler,0,3,320,1.0
R2P4_varied_filler,20260522,1600,varied_filler,1,0,0,0.0
R2P4_varied_filler,20260522,1600,varied_filler,1,1,0,0.0
R2P4_varied_filler,20260522,1600,varied_filler,1,2,0,0.0
R2P4_varied_filler,20260522,1600,varied_filler,1,3,320,1.0
R2P4_varied_filler,20260522,1600,varied_filler,2,0,0,0.0
R2P4_varied_filler,20260522,1600,varied_filler,2,1,0,0.0
R2P4_varied_filler,20260522,1600,varied_filler,2,2,0,0.0
R2P4_varied_filler,20260522,1600,varied_filler,2,3,320,1.0
R2P4_varied_filler,20260522,1600,varied_filler,3,0,0,0.0
R2P4_varied_filler,20260522,1600,varied_filler,3,1,0,0.0
R2P4_varied_filler,20260522,1600,varied_filler,3,2,0,0.0
R2P4_varied_filler,20260522,1600,varied_filler,3,3,320,1.0
R2P4_varied_filler,20260523,0,varied_filler,0,0,0,0.0
R2P4_varied_filler,20260523,0,varied_filler,0,1,0,0.0
R2P4_varied_filler,20260523,0,varied_filler,0,2,320,1.0
R2P4_varied_filler,20260523,0,varied_filler,0,3,0,0.0
R2P4_varied_filler,20260523,0,varied_filler,1,0,0,0.0
R2P4_varied_filler,20260523,0,varied_filler,1,1,0,0.0
R2P4_varied_filler,20260523,0,varied_filler,1,2,320,1.0
R2P4_varied_filler,20260523,0,varied_filler,1,3,0,0.0
R2P4_varied_filler,20260523,0,varied_filler,2,0,0,0.0
R2P4_varied_filler,20260523,0,varied_filler,2,1,0,0.0
R2P4_varied_filler,20260523,0,varied_filler,2,2,320,1.0
R2P4_varied_filler,20260523,0,varied_filler,2,3,0,0.0
R2P4_varied_filler,20260523,0,varied_filler,3,0,0,0.0
R2P4_varied_filler,20260523,0,varied_filler,3,1,0,0.0
R2P4_varied_filler,20260523,0,varied_filler,3,2,320,1.0
R2P4_varied_filler,20260523,0,varied_filler,3,3,0,0.0
R2P4_varied_filler,20260523,1,varied_filler,0,0,0,0.0
R2P4_varied_filler,20260523,1,varied_filler,0,1,0,0.0
R2P4_varied_filler,20260523,1,varied_filler,0,2,320,1.0
R2P4_varied_filler,20260523,1,varied_filler,0,3,0,0.0
R2P4_varied_filler,20260523,1,varied_filler,1,0,0,0.0
R2P4_varied_filler,20260523,1,varied_filler,1,1,0,0.0
R2P4_varied_filler,20260523,1,varied_filler,1,2,320,1.0
R2P4_varied_filler,20260523,1,varied_filler,1,3,0,0.0
R2P4_varied_filler,20260523,1,varied_filler,2,0,0,0.0
R2P4_varied_filler,20260523,1,varied_filler,2,1,36,0.1125
R2P4_varied_filler,20260523,1,varied_filler,2,2,284,0.8875
R2P4_varied_filler,20260523,1,varied_filler,2,3,0,0.0
R2P4_varied_filler,20260523,1,varied_filler,3,0,0,0.0
R2P4_varied_filler,20260523,1,varied_filler,3,1,0,0.0
R2P4_varied_filler,20260523,1,varied_filler,3,2,316,0.9875
R2P4_varied_filler,20260523,1,varied_filler,3,3,4,0.0125
R2P4_varied_filler,20260523,2,varied_filler,0,0,0,0.0
R2P4_varied_filler,20260523,2,varied_filler,0,1,0,0.0
R2P4_varied_filler,20260523,2,varied_filler,0,2,320,1.0
R2P4_varied_filler,20260523,2,varied_filler,0,3,0,0.0
R2P4_varied_filler,20260523,2,varied_filler,1,0,0,0.0
R2P4_varied_filler,20260523,2,varied_filler,1,1,0,0.0
R2P4_varied_filler,20260523,2,varied_filler,1,2,316,0.9875
R2P4_varied_filler,20260523,2,varied_filler,1,3,4,0.0125
R2P4_varied_filler,20260523,2,varied_filler,2,0,0,0.0
R2P4_varied_filler,20260523,2,varied_filler,2,1,36,0.1125
R2P4_varied_filler,20260523,2,varied_filler,2,2,284,0.8875
R2P4_varied_filler,20260523,2,varied_filler,2,3,0,0.0
R2P4_varied_filler,20260523,2,varied_filler,3,0,0,0.0
R2P4_varied_filler,20260523,2,varied_filler,3,1,0,0.0
R2P4_varied_filler,20260523,2,varied_filler,3,2,308,0.9625
R2P4_varied_filler,20260523,2,varied_filler,3,3,12,0.0375
R2P4_varied_filler,20260523,5,varied_filler,0,0,0,0.0
R2P4_varied_filler,20260523,5,varied_filler,0,1,0,0.0
R2P4_varied_filler,20260523,5,varied_filler,0,2,320,1.0
R2P4_varied_filler,20260523,5,varied_filler,0,3,0,0.0
R2P4_varied_filler,20260523,5,varied_filler,1,0,0,0.0
R2P4_varied_filler,20260523,5,varied_filler,1,1,0,0.0
R2P4_varied_filler,20260523,5,varied_filler,1,2,320,1.0
R2P4_varied_filler,20260523,5,varied_filler,1,3,0,0.0
R2P4_varied_filler,20260523,5,varied_filler,2,0,0,0.0
R2P4_varied_filler,20260523,5,varied_filler,2,1,0,0.0
R2P4_varied_filler,20260523,5,varied_filler,2,2,320,1.0
R2P4_varied_filler,20260523,5,varied_filler,2,3,0,0.0
R2P4_varied_filler,20260523,5,varied_filler,3,0,0,0.0
R2P4_varied_filler,20260523,5,varied_filler,3,1,0,0.0
R2P4_varied_filler,20260523,5,varied_filler,3,2,320,1.0
R2P4_varied_filler,20260523,5,varied_filler,3,3,0,0.0
R2P4_varied_filler,20260523,10,varied_filler,0,0,0,0.0
R2P4_varied_filler,20260523,10,varied_filler,0,1,0,0.0
R2P4_varied_filler,20260523,10,varied_filler,0,2,320,1.0
R2P4_varied_filler,20260523,10,varied_filler,0,3,0,0.0
R2P4_varied_filler,20260523,10,varied_filler,1,0,0,0.0
R2P4_varied_filler,20260523,10,varied_filler,1,1,0,0.0
R2P4_varied_filler,20260523,10,varied_filler,1,2,320,1.0
R2P4_varied_filler,20260523,10,varied_filler,1,3,0,0.0
R2P4_varied_filler,20260523,10,varied_filler,2,0,0,0.0
R2P4_varied_filler,20260523,10,varied_filler,2,1,0,0.0
R2P4_varied_filler,20260523,10,varied_filler,2,2,320,1.0
R2P4_varied_filler,20260523,10,varied_filler,2,3,0,0.0
R2P4_varied_filler,20260523,10,varied_filler,3,0,0,0.0
R2P4_varied_filler,20260523,10,varied_filler,3,1,0,0.0
R2P4_varied_filler,20260523,10,varied_filler,3,2,320,1.0
R2P4_varied_filler,20260523,10,varied_filler,3,3,0,0.0
R2P4_varied_filler,20260523,20,varied_filler,0,0,0,0.0
R2P4_varied_filler,20260523,20,varied_filler,0,1,0,0.0
R2P4_varied_filler,20260523,20,varied_filler,0,2,320,1.0
R2P4_varied_filler,20260523,20,varied_filler,0,3,0,0.0
R2P4_varied_filler,20260523,20,varied_filler,1,0,0,0.0
R2P4_varied_filler,20260523,20,varied_filler,1,1,0,0.0
R2P4_varied_filler,20260523,20,varied_filler,1,2,320,1.0
R2P4_varied_filler,20260523,20,varied_filler,1,3,0,0.0
R2P4_varied_filler,20260523,20,varied_filler,2,0,0,0.0
R2P4_varied_filler,20260523,20,varied_filler,2,1,0,0.0
R2P4_varied_filler,20260523,20,varied_filler,2,2,320,1.0
R2P4_varied_filler,20260523,20,varied_filler,2,3,0,0.0
R2P4_varied_filler,20260523,20,varied_filler,3,0,0,0.0
R2P4_varied_filler,20260523,20,varied_filler,3,1,0,0.0
R2P4_varied_filler,20260523,20,varied_filler,3,2,320,1.0
R2P4_varied_filler,20260523,20,varied_filler,3,3,0,0.0
R2P4_varied_filler,20260523,50,varied_filler,0,0,0,0.0
R2P4_varied_filler,20260523,50,varied_filler,0,1,0,0.0
R2P4_varied_filler,20260523,50,varied_filler,0,2,320,1.0
R2P4_varied_filler,20260523,50,varied_filler,0,3,0,0.0
R2P4_varied_filler,20260523,50,varied_filler,1,0,0,0.0
R2P4_varied_filler,20260523,50,varied_filler,1,1,0,0.0
R2P4_varied_filler,20260523,50,varied_filler,1,2,320,1.0
R2P4_varied_filler,20260523,50,varied_filler,1,3,0,0.0
R2P4_varied_filler,20260523,50,varied_filler,2,0,0,0.0
R2P4_varied_filler,20260523,50,varied_filler,2,1,0,0.0
R2P4_varied_filler,20260523,50,varied_filler,2,2,320,1.0
R2P4_varied_filler,20260523,50,varied_filler,2,3,0,0.0
R2P4_varied_filler,20260523,50,varied_filler,3,0,0,0.0
R2P4_varied_filler,20260523,50,varied_filler,3,1,0,0.0
R2P4_varied_filler,20260523,50,varied_filler,3,2,320,1.0
R2P4_varied_filler,20260523,50,varied_filler,3,3,0,0.0
R2P4_varied_filler,20260523,1600,varied_filler,0,0,0,0.0
R2P4_varied_filler,20260523,1600,varied_filler,0,1,0,0.0
R2P4_varied_filler,20260523,1600,varied_filler,0,2,320,1.0
R2P4_varied_filler,20260523,1600,varied_filler,0,3,0,0.0
R2P4_varied_filler,20260523,1600,varied_filler,1,0,0,0.0
R2P4_varied_filler,20260523,1600,varied_filler,1,1,0,0.0
R2P4_varied_filler,20260523,1600,varied_filler,1,2,320,1.0
R2P4_varied_filler,20260523,1600,varied_filler,1,3,0,0.0
R2P4_varied_filler,20260523,1600,varied_filler,2,0,0,0.0
R2P4_varied_filler,20260523,1600,varied_filler,2,1,0,0.0
R2P4_varied_filler,20260523,1600,varied_filler,2,2,320,1.0
R2P4_varied_filler,20260523,1600,varied_filler,2,3,0,0.0
R2P4_varied_filler,20260523,1600,varied_filler,3,0,0,0.0
R2P4_varied_filler,20260523,1600,varied_filler,3,1,0,0.0
R2P4_varied_filler,20260523,1600,varied_filler,3,2,320,1.0
R2P4_varied_filler,20260523,1600,varied_filler,3,3,0,0.0
R2P4_varied_filler,20260524,0,varied_filler,0,0,0,0.0
R2P4_varied_filler,20260524,0,varied_filler,0,1,320,1.0
R2P4_varied_filler,20260524,0,varied_filler,0,2,0,0.0
R2P4_varied_filler,20260524,0,varied_filler,0,3,0,0.0
R2P4_varied_filler,20260524,0,varied_filler,1,0,0,0.0
R2P4_varied_filler,20260524,0,varied_filler,1,1,320,1.0
R2P4_varied_filler,20260524,0,varied_filler,1,2,0,0.0
R2P4_varied_filler,20260524,0,varied_filler,1,3,0,0.0
R2P4_varied_filler,20260524,0,varied_filler,2,0,0,0.0
R2P4_varied_filler,20260524,0,varied_filler,2,1,320,1.0
R2P4_varied_filler,20260524,0,varied_filler,2,2,0,0.0
R2P4_varied_filler,20260524,0,varied_filler,2,3,0,0.0
R2P4_varied_filler,20260524,0,varied_filler,3,0,0,0.0
R2P4_varied_filler,20260524,0,varied_filler,3,1,320,1.0
R2P4_varied_filler,20260524,0,varied_filler,3,2,0,0.0
R2P4_varied_filler,20260524,0,varied_filler,3,3,0,0.0
R2P4_varied_filler,20260524,1,varied_filler,0,0,0,0.0
R2P4_varied_filler,20260524,1,varied_filler,0,1,320,1.0
R2P4_varied_filler,20260524,1,varied_filler,0,2,0,0.0
R2P4_varied_filler,20260524,1,varied_filler,0,3,0,0.0
R2P4_varied_filler,20260524,1,varied_filler,1,0,0,0.0
R2P4_varied_filler,20260524,1,varied_filler,1,1,320,1.0
R2P4_varied_filler,20260524,1,varied_filler,1,2,0,0.0
R2P4_varied_filler,20260524,1,varied_filler,1,3,0,0.0
R2P4_varied_filler,20260524,1,varied_filler,2,0,0,0.0
R2P4_varied_filler,20260524,1,varied_filler,2,1,320,1.0
R2P4_varied_filler,20260524,1,varied_filler,2,2,0,0.0
R2P4_varied_filler,20260524,1,varied_filler,2,3,0,0.0
R2P4_varied_filler,20260524,1,varied_filler,3,0,0,0.0
R2P4_varied_filler,20260524,1,varied_filler,3,1,320,1.0
R2P4_varied_filler,20260524,1,varied_filler,3,2,0,0.0
R2P4_varied_filler,20260524,1,varied_filler,3,3,0,0.0
R2P4_varied_filler,20260524,2,varied_filler,0,0,0,0.0
R2P4_varied_filler,20260524,2,varied_filler,0,1,320,1.0
R2P4_varied_filler,20260524,2,varied_filler,0,2,0,0.0
R2P4_varied_filler,20260524,2,varied_filler,0,3,0,0.0
R2P4_varied_filler,20260524,2,varied_filler,1,0,0,0.0
R2P4_varied_filler,20260524,2,varied_filler,1,1,320,1.0
R2P4_varied_filler,20260524,2,varied_filler,1,2,0,0.0
R2P4_varied_filler,20260524,2,varied_filler,1,3,0,0.0
R2P4_varied_filler,20260524,2,varied_filler,2,0,0,0.0
R2P4_varied_filler,20260524,2,varied_filler,2,1,320,1.0
R2P4_varied_filler,20260524,2,varied_filler,2,2,0,0.0
R2P4_varied_filler,20260524,2,varied_filler,2,3,0,0.0
R2P4_varied_filler,20260524,2,varied_filler,3,0,0,0.0
R2P4_varied_filler,20260524,2,varied_filler,3,1,320,1.0
R2P4_varied_filler,20260524,2,varied_filler,3,2,0,0.0
R2P4_varied_filler,20260524,2,varied_filler,3,3,0,0.0
R2P4_varied_filler,20260524,5,varied_filler,0,0,0,0.0
R2P4_varied_filler,20260524,5,varied_filler,0,1,320,1.0
R2P4_varied_filler,20260524,5,varied_filler,0,2,0,0.0
R2P4_varied_filler,20260524,5,varied_filler,0,3,0,0.0
R2P4_varied_filler,20260524,5,varied_filler,1,0,0,0.0
R2P4_varied_filler,20260524,5,varied_filler,1,1,320,1.0
R2P4_varied_filler,20260524,5,varied_filler,1,2,0,0.0
R2P4_varied_filler,20260524,5,varied_filler,1,3,0,0.0
R2P4_varied_filler,20260524,5,varied_filler,2,0,0,0.0
R2P4_varied_filler,20260524,5,varied_filler,2,1,320,1.0
R2P4_varied_filler,20260524,5,varied_filler,2,2,0,0.0
R2P4_varied_filler,20260524,5,varied_filler,2,3,0,0.0
R2P4_varied_filler,20260524,5,varied_filler,3,0,0,0.0
R2P4_varied_filler,20260524,5,varied_filler,3,1,320,1.0
R2P4_varied_filler,20260524,5,varied_filler,3,2,0,0.0
R2P4_varied_filler,20260524,5,varied_filler,3,3,0,0.0
R2P4_varied_filler,20260524,10,varied_filler,0,0,0,0.0
R2P4_varied_filler,20260524,10,varied_filler,0,1,320,1.0
R2P4_varied_filler,20260524,10,varied_filler,0,2,0,0.0
R2P4_varied_filler,20260524,10,varied_filler,0,3,0,0.0
R2P4_varied_filler,20260524,10,varied_filler,1,0,0,0.0
R2P4_varied_filler,20260524,10,varied_filler,1,1,320,1.0
R2P4_varied_filler,20260524,10,varied_filler,1,2,0,0.0
R2P4_varied_filler,20260524,10,varied_filler,1,3,0,0.0
R2P4_varied_filler,20260524,10,varied_filler,2,0,0,0.0
R2P4_varied_filler,20260524,10,varied_filler,2,1,320,1.0
R2P4_varied_filler,20260524,10,varied_filler,2,2,0,0.0
R2P4_varied_filler,20260524,10,varied_filler,2,3,0,0.0
R2P4_varied_filler,20260524,10,varied_filler,3,0,0,0.0
R2P4_varied_filler,20260524,10,varied_filler,3,1,320,1.0
R2P4_varied_filler,20260524,10,varied_filler,3,2,0,0.0
R2P4_varied_filler,20260524,10,varied_filler,3,3,0,0.0
R2P4_varied_filler,20260524,20,varied_filler,0,0,0,0.0
R2P4_varied_filler,20260524,20,varied_filler,0,1,320,1.0
R2P4_varied_filler,20260524,20,varied_filler,0,2,0,0.0
R2P4_varied_filler,20260524,20,varied_filler,0,3,0,0.0
R2P4_varied_filler,20260524,20,varied_filler,1,0,0,0.0
R2P4_varied_filler,20260524,20,varied_filler,1,1,320,1.0
R2P4_varied_filler,20260524,20,varied_filler,1,2,0,0.0
R2P4_varied_filler,20260524,20,varied_filler,1,3,0,0.0
R2P4_varied_filler,20260524,20,varied_filler,2,0,0,0.0
R2P4_varied_filler,20260524,20,varied_filler,2,1,320,1.0
R2P4_varied_filler,20260524,20,varied_filler,2,2,0,0.0
R2P4_varied_filler,20260524,20,varied_filler,2,3,0,0.0
R2P4_varied_filler,20260524,20,varied_filler,3,0,0,0.0
R2P4_varied_filler,20260524,20,varied_filler,3,1,320,1.0
R2P4_varied_filler,20260524,20,varied_filler,3,2,0,0.0
R2P4_varied_filler,20260524,20,varied_filler,3,3,0,0.0
R2P4_varied_filler,20260524,50,varied_filler,0,0,0,0.0
R2P4_varied_filler,20260524,50,varied_filler,0,1,320,1.0
R2P4_varied_filler,20260524,50,varied_filler,0,2,0,0.0
R2P4_varied_filler,20260524,50,varied_filler,0,3,0,0.0
R2P4_varied_filler,20260524,50,varied_filler,1,0,0,0.0
R2P4_varied_filler,20260524,50,varied_filler,1,1,320,1.0
R2P4_varied_filler,20260524,50,varied_filler,1,2,0,0.0
R2P4_varied_filler,20260524,50,varied_filler,1,3,0,0.0
R2P4_varied_filler,20260524,50,varied_filler,2,0,0,0.0
R2P4_varied_filler,20260524,50,varied_filler,2,1,320,1.0
R2P4_varied_filler,20260524,50,varied_filler,2,2,0,0.0
R2P4_varied_filler,20260524,50,varied_filler,2,3,0,0.0
R2P4_varied_filler,20260524,50,varied_filler,3,0,0,0.0
R2P4_varied_filler,20260524,50,varied_filler,3,1,320,1.0
R2P4_varied_filler,20260524,50,varied_filler,3,2,0,0.0
R2P4_varied_filler,20260524,50,varied_filler,3,3,0,0.0
R2P4_varied_filler,20260524,1600,varied_filler,0,0,0,0.0
R2P4_varied_filler,20260524,1600,varied_filler,0,1,320,1.0
R2P4_varied_filler,20260524,1600,varied_filler,0,2,0,0.0
R2P4_varied_filler,20260524,1600,varied_filler,0,3,0,0.0
R2P4_varied_filler,20260524,1600,varied_filler,1,0,0,0.0
R2P4_varied_filler,20260524,1600,varied_filler,1,1,320,1.0
R2P4_varied_filler,20260524,1600,varied_filler,1,2,0,0.0
R2P4_varied_filler,20260524,1600,varied_filler,1,3,0,0.0
R2P4_varied_filler,20260524,1600,varied_filler,2,0,0,0.0
R2P4_varied_filler,20260524,1600,varied_filler,2,1,320,1.0
R2P4_varied_filler,20260524,1600,varied_filler,2,2,0,0.0
R2P4_varied_filler,20260524,1600,varied_filler,2,3,0,0.0
R2P4_varied_filler,20260524,1600,varied_filler,3,0,0,0.0
R2P4_varied_filler,20260524,1600,varied_filler,3,1,320,1.0
R2P4_varied_filler,20260524,1600,varied_filler,3,2,0,0.0
R2P4_varied_filler,20260524,1600,varied_filler,3,3,0,0.0
R2P4_varied_filler,20260525,0,varied_filler,0,0,0,0.0
R2P4_varied_filler,20260525,0,varied_filler,0,1,0,0.0
R2P4_varied_filler,20260525,0,varied_filler,0,2,320,1.0
R2P4_varied_filler,20260525,0,varied_filler,0,3,0,0.0
R2P4_varied_filler,20260525,0,varied_filler,1,0,0,0.0
R2P4_varied_filler,20260525,0,varied_filler,1,1,0,0.0
R2P4_varied_filler,20260525,0,varied_filler,1,2,320,1.0
R2P4_varied_filler,20260525,0,varied_filler,1,3,0,0.0
R2P4_varied_filler,20260525,0,varied_filler,2,0,0,0.0
R2P4_varied_filler,20260525,0,varied_filler,2,1,4,0.0125
R2P4_varied_filler,20260525,0,varied_filler,2,2,316,0.9875
R2P4_varied_filler,20260525,0,varied_filler,2,3,0,0.0
R2P4_varied_filler,20260525,0,varied_filler,3,0,0,0.0
R2P4_varied_filler,20260525,0,varied_filler,3,1,60,0.1875
R2P4_varied_filler,20260525,0,varied_filler,3,2,260,0.8125
R2P4_varied_filler,20260525,0,varied_filler,3,3,0,0.0
R2P4_varied_filler,20260525,1,varied_filler,0,0,0,0.0
R2P4_varied_filler,20260525,1,varied_filler,0,1,0,0.0
R2P4_varied_filler,20260525,1,varied_filler,0,2,320,1.0
R2P4_varied_filler,20260525,1,varied_filler,0,3,0,0.0
R2P4_varied_filler,20260525,1,varied_filler,1,0,0,0.0
R2P4_varied_filler,20260525,1,varied_filler,1,1,0,0.0
R2P4_varied_filler,20260525,1,varied_filler,1,2,320,1.0
R2P4_varied_filler,20260525,1,varied_filler,1,3,0,0.0
R2P4_varied_filler,20260525,1,varied_filler,2,0,0,0.0
R2P4_varied_filler,20260525,1,varied_filler,2,1,0,0.0
R2P4_varied_filler,20260525,1,varied_filler,2,2,320,1.0
R2P4_varied_filler,20260525,1,varied_filler,2,3,0,0.0
R2P4_varied_filler,20260525,1,varied_filler,3,0,0,0.0
R2P4_varied_filler,20260525,1,varied_filler,3,1,0,0.0
R2P4_varied_filler,20260525,1,varied_filler,3,2,320,1.0
R2P4_varied_filler,20260525,1,varied_filler,3,3,0,0.0
R2P4_varied_filler,20260525,2,varied_filler,0,0,0,0.0
R2P4_varied_filler,20260525,2,varied_filler,0,1,0,0.0
R2P4_varied_filler,20260525,2,varied_filler,0,2,320,1.0
R2P4_varied_filler,20260525,2,varied_filler,0,3,0,0.0
R2P4_varied_filler,20260525,2,varied_filler,1,0,0,0.0
R2P4_varied_filler,20260525,2,varied_filler,1,1,0,0.0
R2P4_varied_filler,20260525,2,varied_filler,1,2,320,1.0
R2P4_varied_filler,20260525,2,varied_filler,1,3,0,0.0
R2P4_varied_filler,20260525,2,varied_filler,2,0,0,0.0
R2P4_varied_filler,20260525,2,varied_filler,2,1,0,0.0
R2P4_varied_filler,20260525,2,varied_filler,2,2,320,1.0
R2P4_varied_filler,20260525,2,varied_filler,2,3,0,0.0
R2P4_varied_filler,20260525,2,varied_filler,3,0,0,0.0
R2P4_varied_filler,20260525,2,varied_filler,3,1,0,0.0
R2P4_varied_filler,20260525,2,varied_filler,3,2,320,1.0
R2P4_varied_filler,20260525,2,varied_filler,3,3,0,0.0
R2P4_varied_filler,20260525,5,varied_filler,0,0,0,0.0
R2P4_varied_filler,20260525,5,varied_filler,0,1,0,0.0
R2P4_varied_filler,20260525,5,varied_filler,0,2,320,1.0
R2P4_varied_filler,20260525,5,varied_filler,0,3,0,0.0
R2P4_varied_filler,20260525,5,varied_filler,1,0,0,0.0
R2P4_varied_filler,20260525,5,varied_filler,1,1,0,0.0
R2P4_varied_filler,20260525,5,varied_filler,1,2,320,1.0
R2P4_varied_filler,20260525,5,varied_filler,1,3,0,0.0
R2P4_varied_filler,20260525,5,varied_filler,2,0,0,0.0
R2P4_varied_filler,20260525,5,varied_filler,2,1,0,0.0
R2P4_varied_filler,20260525,5,varied_filler,2,2,320,1.0
R2P4_varied_filler,20260525,5,varied_filler,2,3,0,0.0
R2P4_varied_filler,20260525,5,varied_filler,3,0,0,0.0
R2P4_varied_filler,20260525,5,varied_filler,3,1,0,0.0
R2P4_varied_filler,20260525,5,varied_filler,3,2,320,1.0
R2P4_varied_filler,20260525,5,varied_filler,3,3,0,0.0
R2P4_varied_filler,20260525,10,varied_filler,0,0,0,0.0
R2P4_varied_filler,20260525,10,varied_filler,0,1,0,0.0
R2P4_varied_filler,20260525,10,varied_filler,0,2,320,1.0
R2P4_varied_filler,20260525,10,varied_filler,0,3,0,0.0
R2P4_varied_filler,20260525,10,varied_filler,1,0,0,0.0
R2P4_varied_filler,20260525,10,varied_filler,1,1,0,0.0
R2P4_varied_filler,20260525,10,varied_filler,1,2,320,1.0
R2P4_varied_filler,20260525,10,varied_filler,1,3,0,0.0
R2P4_varied_filler,20260525,10,varied_filler,2,0,0,0.0
R2P4_varied_filler,20260525,10,varied_filler,2,1,0,0.0
R2P4_varied_filler,20260525,10,varied_filler,2,2,320,1.0
R2P4_varied_filler,20260525,10,varied_filler,2,3,0,0.0
R2P4_varied_filler,20260525,10,varied_filler,3,0,0,0.0
R2P4_varied_filler,20260525,10,varied_filler,3,1,0,0.0
R2P4_varied_filler,20260525,10,varied_filler,3,2,320,1.0
R2P4_varied_filler,20260525,10,varied_filler,3,3,0,0.0
R2P4_varied_filler,20260525,20,varied_filler,0,0,0,0.0
R2P4_varied_filler,20260525,20,varied_filler,0,1,0,0.0
R2P4_varied_filler,20260525,20,varied_filler,0,2,320,1.0
R2P4_varied_filler,20260525,20,varied_filler,0,3,0,0.0
R2P4_varied_filler,20260525,20,varied_filler,1,0,0,0.0
R2P4_varied_filler,20260525,20,varied_filler,1,1,0,0.0
R2P4_varied_filler,20260525,20,varied_filler,1,2,320,1.0
R2P4_varied_filler,20260525,20,varied_filler,1,3,0,0.0
R2P4_varied_filler,20260525,20,varied_filler,2,0,0,0.0
R2P4_varied_filler,20260525,20,varied_filler,2,1,0,0.0
R2P4_varied_filler,20260525,20,varied_filler,2,2,320,1.0
R2P4_varied_filler,20260525,20,varied_filler,2,3,0,0.0
R2P4_varied_filler,20260525,20,varied_filler,3,0,0,0.0
R2P4_varied_filler,20260525,20,varied_filler,3,1,0,0.0
R2P4_varied_filler,20260525,20,varied_filler,3,2,320,1.0
R2P4_varied_filler,20260525,20,varied_filler,3,3,0,0.0
R2P4_varied_filler,20260525,50,varied_filler,0,0,0,0.0
R2P4_varied_filler,20260525,50,varied_filler,0,1,0,0.0
R2P4_varied_filler,20260525,50,varied_filler,0,2,320,1.0
R2P4_varied_filler,20260525,50,varied_filler,0,3,0,0.0
R2P4_varied_filler,20260525,50,varied_filler,1,0,0,0.0
R2P4_varied_filler,20260525,50,varied_filler,1,1,0,0.0
R2P4_varied_filler,20260525,50,varied_filler,1,2,320,1.0
R2P4_varied_filler,20260525,50,varied_filler,1,3,0,0.0
R2P4_varied_filler,20260525,50,varied_filler,2,0,0,0.0
R2P4_varied_filler,20260525,50,varied_filler,2,1,0,0.0
R2P4_varied_filler,20260525,50,varied_filler,2,2,320,1.0
R2P4_varied_filler,20260525,50,varied_filler,2,3,0,0.0
R2P4_varied_filler,20260525,50,varied_filler,3,0,0,0.0
R2P4_varied_filler,20260525,50,varied_filler,3,1,0,0.0
R2P4_varied_filler,20260525,50,varied_filler,3,2,320,1.0
R2P4_varied_filler,20260525,50,varied_filler,3,3,0,0.0
R2P4_varied_filler,20260525,1600,varied_filler,0,0,0,0.0
R2P4_varied_filler,20260525,1600,varied_filler,0,1,0,0.0
R2P4_varied_filler,20260525,1600,varied_filler,0,2,320,1.0
R2P4_varied_filler,20260525,1600,varied_filler,0,3,0,0.0
R2P4_varied_filler,20260525,1600,varied_filler,1,0,0,0.0
R2P4_varied_filler,20260525,1600,varied_filler,1,1,0,0.0
R2P4_varied_filler,20260525,1600,varied_filler,1,2,320,1.0
R2P4_varied_filler,20260525,1600,varied_filler,1,3,0,0.0
R2P4_varied_filler,20260525,1600,varied_filler,2,0,0,0.0
R2P4_varied_filler,20260525,1600,varied_filler,2,1,0,0.0
R2P4_varied_filler,20260525,1600,varied_filler,2,2,320,1.0
R2P4_varied_filler,20260525,1600,varied_filler,2,3,0,0.0
R2P4_varied_filler,20260525,1600,varied_filler,3,0,0,0.0
R2P4_varied_filler,20260525,1600,varied_filler,3,1,0,0.0
R2P4_varied_filler,20260525,1600,varied_filler,3,2,320,1.0
R2P4_varied_filler,20260525,1600,varied_filler,3,3,0,0.0
R2P4_varied_filler,20260526,0,varied_filler,0,0,0,0.0
R2P4_varied_filler,20260526,0,varied_filler,0,1,240,0.75
R2P4_varied_filler,20260526,0,varied_filler,0,2,0,0.0
R2P4_varied_filler,20260526,0,varied_filler,0,3,80,0.25
R2P4_varied_filler,20260526,0,varied_filler,1,0,0,0.0
R2P4_varied_filler,20260526,0,varied_filler,1,1,232,0.725
R2P4_varied_filler,20260526,0,varied_filler,1,2,0,0.0
R2P4_varied_filler,20260526,0,varied_filler,1,3,88,0.275
R2P4_varied_filler,20260526,0,varied_filler,2,0,0,0.0
R2P4_varied_filler,20260526,0,varied_filler,2,1,280,0.875
R2P4_varied_filler,20260526,0,varied_filler,2,2,0,0.0
R2P4_varied_filler,20260526,0,varied_filler,2,3,40,0.125
R2P4_varied_filler,20260526,0,varied_filler,3,0,0,0.0
R2P4_varied_filler,20260526,0,varied_filler,3,1,228,0.7125
R2P4_varied_filler,20260526,0,varied_filler,3,2,0,0.0
R2P4_varied_filler,20260526,0,varied_filler,3,3,92,0.2875
R2P4_varied_filler,20260526,1,varied_filler,0,0,0,0.0
R2P4_varied_filler,20260526,1,varied_filler,0,1,320,1.0
R2P4_varied_filler,20260526,1,varied_filler,0,2,0,0.0
R2P4_varied_filler,20260526,1,varied_filler,0,3,0,0.0
R2P4_varied_filler,20260526,1,varied_filler,1,0,0,0.0
R2P4_varied_filler,20260526,1,varied_filler,1,1,320,1.0
R2P4_varied_filler,20260526,1,varied_filler,1,2,0,0.0
R2P4_varied_filler,20260526,1,varied_filler,1,3,0,0.0
R2P4_varied_filler,20260526,1,varied_filler,2,0,0,0.0
R2P4_varied_filler,20260526,1,varied_filler,2,1,320,1.0
R2P4_varied_filler,20260526,1,varied_filler,2,2,0,0.0
R2P4_varied_filler,20260526,1,varied_filler,2,3,0,0.0
R2P4_varied_filler,20260526,1,varied_filler,3,0,0,0.0
R2P4_varied_filler,20260526,1,varied_filler,3,1,288,0.9
R2P4_varied_filler,20260526,1,varied_filler,3,2,0,0.0
R2P4_varied_filler,20260526,1,varied_filler,3,3,32,0.1
R2P4_varied_filler,20260526,2,varied_filler,0,0,0,0.0
R2P4_varied_filler,20260526,2,varied_filler,0,1,320,1.0
R2P4_varied_filler,20260526,2,varied_filler,0,2,0,0.0
R2P4_varied_filler,20260526,2,varied_filler,0,3,0,0.0
R2P4_varied_filler,20260526,2,varied_filler,1,0,0,0.0
R2P4_varied_filler,20260526,2,varied_filler,1,1,320,1.0
R2P4_varied_filler,20260526,2,varied_filler,1,2,0,0.0
R2P4_varied_filler,20260526,2,varied_filler,1,3,0,0.0
R2P4_varied_filler,20260526,2,varied_filler,2,0,0,0.0
R2P4_varied_filler,20260526,2,varied_filler,2,1,320,1.0
R2P4_varied_filler,20260526,2,varied_filler,2,2,0,0.0
R2P4_varied_filler,20260526,2,varied_filler,2,3,0,0.0
R2P4_varied_filler,20260526,2,varied_filler,3,0,0,0.0
R2P4_varied_filler,20260526,2,varied_filler,3,1,320,1.0
R2P4_varied_filler,20260526,2,varied_filler,3,2,0,0.0
R2P4_varied_filler,20260526,2,varied_filler,3,3,0,0.0
R2P4_varied_filler,20260526,5,varied_filler,0,0,0,0.0
R2P4_varied_filler,20260526,5,varied_filler,0,1,320,1.0
R2P4_varied_filler,20260526,5,varied_filler,0,2,0,0.0
R2P4_varied_filler,20260526,5,varied_filler,0,3,0,0.0
R2P4_varied_filler,20260526,5,varied_filler,1,0,0,0.0
R2P4_varied_filler,20260526,5,varied_filler,1,1,320,1.0
R2P4_varied_filler,20260526,5,varied_filler,1,2,0,0.0
R2P4_varied_filler,20260526,5,varied_filler,1,3,0,0.0
R2P4_varied_filler,20260526,5,varied_filler,2,0,0,0.0
R2P4_varied_filler,20260526,5,varied_filler,2,1,320,1.0
R2P4_varied_filler,20260526,5,varied_filler,2,2,0,0.0
R2P4_varied_filler,20260526,5,varied_filler,2,3,0,0.0
R2P4_varied_filler,20260526,5,varied_filler,3,0,0,0.0
R2P4_varied_filler,20260526,5,varied_filler,3,1,320,1.0
R2P4_varied_filler,20260526,5,varied_filler,3,2,0,0.0
R2P4_varied_filler,20260526,5,varied_filler,3,3,0,0.0
R2P4_varied_filler,20260526,10,varied_filler,0,0,0,0.0
R2P4_varied_filler,20260526,10,varied_filler,0,1,320,1.0
R2P4_varied_filler,20260526,10,varied_filler,0,2,0,0.0
R2P4_varied_filler,20260526,10,varied_filler,0,3,0,0.0
R2P4_varied_filler,20260526,10,varied_filler,1,0,0,0.0
R2P4_varied_filler,20260526,10,varied_filler,1,1,320,1.0
R2P4_varied_filler,20260526,10,varied_filler,1,2,0,0.0
R2P4_varied_filler,20260526,10,varied_filler,1,3,0,0.0
R2P4_varied_filler,20260526,10,varied_filler,2,0,0,0.0
R2P4_varied_filler,20260526,10,varied_filler,2,1,320,1.0
R2P4_varied_filler,20260526,10,varied_filler,2,2,0,0.0
R2P4_varied_filler,20260526,10,varied_filler,2,3,0,0.0
R2P4_varied_filler,20260526,10,varied_filler,3,0,0,0.0
R2P4_varied_filler,20260526,10,varied_filler,3,1,320,1.0
R2P4_varied_filler,20260526,10,varied_filler,3,2,0,0.0
R2P4_varied_filler,20260526,10,varied_filler,3,3,0,0.0
R2P4_varied_filler,20260526,20,varied_filler,0,0,0,0.0
R2P4_varied_filler,20260526,20,varied_filler,0,1,320,1.0
R2P4_varied_filler,20260526,20,varied_filler,0,2,0,0.0
R2P4_varied_filler,20260526,20,varied_filler,0,3,0,0.0
R2P4_varied_filler,20260526,20,varied_filler,1,0,0,0.0
R2P4_varied_filler,20260526,20,varied_filler,1,1,320,1.0
R2P4_varied_filler,20260526,20,varied_filler,1,2,0,0.0
R2P4_varied_filler,20260526,20,varied_filler,1,3,0,0.0
R2P4_varied_filler,20260526,20,varied_filler,2,0,0,0.0
R2P4_varied_filler,20260526,20,varied_filler,2,1,320,1.0
R2P4_varied_filler,20260526,20,varied_filler,2,2,0,0.0
R2P4_varied_filler,20260526,20,varied_filler,2,3,0,0.0
R2P4_varied_filler,20260526,20,varied_filler,3,0,0,0.0
R2P4_varied_filler,20260526,20,varied_filler,3,1,320,1.0
R2P4_varied_filler,20260526,20,varied_filler,3,2,0,0.0
R2P4_varied_filler,20260526,20,varied_filler,3,3,0,0.0
R2P4_varied_filler,20260526,50,varied_filler,0,0,0,0.0
R2P4_varied_filler,20260526,50,varied_filler,0,1,320,1.0
R2P4_varied_filler,20260526,50,varied_filler,0,2,0,0.0
R2P4_varied_filler,20260526,50,varied_filler,0,3,0,0.0
R2P4_varied_filler,20260526,50,varied_filler,1,0,0,0.0
R2P4_varied_filler,20260526,50,varied_filler,1,1,320,1.0
R2P4_varied_filler,20260526,50,varied_filler,1,2,0,0.0
R2P4_varied_filler,20260526,50,varied_filler,1,3,0,0.0
R2P4_varied_filler,20260526,50,varied_filler,2,0,0,0.0
R2P4_varied_filler,20260526,50,varied_filler,2,1,320,1.0
R2P4_varied_filler,20260526,50,varied_filler,2,2,0,0.0
R2P4_varied_filler,20260526,50,varied_filler,2,3,0,0.0
R2P4_varied_filler,20260526,50,varied_filler,3,0,0,0.0
R2P4_varied_filler,20260526,50,varied_filler,3,1,320,1.0
R2P4_varied_filler,20260526,50,varied_filler,3,2,0,0.0
R2P4_varied_filler,20260526,50,varied_filler,3,3,0,0.0
R2P4_varied_filler,20260526,1600,varied_filler,0,0,0,0.0
R2P4_varied_filler,20260526,1600,varied_filler,0,1,320,1.0
R2P4_varied_filler,20260526,1600,varied_filler,0,2,0,0.0
R2P4_varied_filler,20260526,1600,varied_filler,0,3,0,0.0
R2P4_varied_filler,20260526,1600,varied_filler,1,0,0,0.0
R2P4_varied_filler,20260526,1600,varied_filler,1,1,320,1.0
R2P4_varied_filler,20260526,1600,varied_filler,1,2,0,0.0
R2P4_varied_filler,20260526,1600,varied_filler,1,3,0,0.0
R2P4_varied_filler,20260526,1600,varied_filler,2,0,0,0.0
R2P4_varied_filler,20260526,1600,varied_filler,2,1,320,1.0
R2P4_varied_filler,20260526,1600,varied_filler,2,2,0,0.0
R2P4_varied_filler,20260526,1600,varied_filler,2,3,0,0.0
R2P4_varied_filler,20260526,1600,varied_filler,3,0,0,0.0
R2P4_varied_filler,20260526,1600,varied_filler,3,1,320,1.0
R2P4_varied_filler,20260526,1600,varied_filler,3,2,0,0.0
R2P4_varied_filler,20260526,1600,varied_filler,3,3,0,0.0
R2P4_varied_filler,20260527,0,varied_filler,0,0,0,0.0
R2P4_varied_filler,20260527,0,varied_filler,0,1,0,0.0
R2P4_varied_filler,20260527,0,varied_filler,0,2,316,0.9875
R2P4_varied_filler,20260527,0,varied_filler,0,3,4,0.0125
R2P4_varied_filler,20260527,0,varied_filler,1,0,0,0.0
R2P4_varied_filler,20260527,0,varied_filler,1,1,0,0.0
R2P4_varied_filler,20260527,0,varied_filler,1,2,320,1.0
R2P4_varied_filler,20260527,0,varied_filler,1,3,0,0.0
R2P4_varied_filler,20260527,0,varied_filler,2,0,0,0.0
R2P4_varied_filler,20260527,0,varied_filler,2,1,0,0.0
R2P4_varied_filler,20260527,0,varied_filler,2,2,320,1.0
R2P4_varied_filler,20260527,0,varied_filler,2,3,0,0.0
R2P4_varied_filler,20260527,0,varied_filler,3,0,0,0.0
R2P4_varied_filler,20260527,0,varied_filler,3,1,0,0.0
R2P4_varied_filler,20260527,0,varied_filler,3,2,248,0.775
R2P4_varied_filler,20260527,0,varied_filler,3,3,72,0.225
R2P4_varied_filler,20260527,1,varied_filler,0,0,0,0.0
R2P4_varied_filler,20260527,1,varied_filler,0,1,0,0.0
R2P4_varied_filler,20260527,1,varied_filler,0,2,16,0.05
R2P4_varied_filler,20260527,1,varied_filler,0,3,304,0.95
R2P4_varied_filler,20260527,1,varied_filler,1,0,0,0.0
R2P4_varied_filler,20260527,1,varied_filler,1,1,0,0.0
R2P4_varied_filler,20260527,1,varied_filler,1,2,212,0.6625
R2P4_varied_filler,20260527,1,varied_filler,1,3,108,0.3375
R2P4_varied_filler,20260527,1,varied_filler,2,0,0,0.0
R2P4_varied_filler,20260527,1,varied_filler,2,1,0,0.0
R2P4_varied_filler,20260527,1,varied_filler,2,2,292,0.9125
R2P4_varied_filler,20260527,1,varied_filler,2,3,28,0.0875
R2P4_varied_filler,20260527,1,varied_filler,3,0,0,0.0
R2P4_varied_filler,20260527,1,varied_filler,3,1,0,0.0
R2P4_varied_filler,20260527,1,varied_filler,3,2,0,0.0
R2P4_varied_filler,20260527,1,varied_filler,3,3,320,1.0
R2P4_varied_filler,20260527,2,varied_filler,0,0,0,0.0
R2P4_varied_filler,20260527,2,varied_filler,0,1,0,0.0
R2P4_varied_filler,20260527,2,varied_filler,0,2,0,0.0
R2P4_varied_filler,20260527,2,varied_filler,0,3,320,1.0
R2P4_varied_filler,20260527,2,varied_filler,1,0,0,0.0
R2P4_varied_filler,20260527,2,varied_filler,1,1,0,0.0
R2P4_varied_filler,20260527,2,varied_filler,1,2,0,0.0
R2P4_varied_filler,20260527,2,varied_filler,1,3,320,1.0
R2P4_varied_filler,20260527,2,varied_filler,2,0,0,0.0
R2P4_varied_filler,20260527,2,varied_filler,2,1,0,0.0
R2P4_varied_filler,20260527,2,varied_filler,2,2,32,0.1
R2P4_varied_filler,20260527,2,varied_filler,2,3,288,0.9
R2P4_varied_filler,20260527,2,varied_filler,3,0,0,0.0
R2P4_varied_filler,20260527,2,varied_filler,3,1,0,0.0
R2P4_varied_filler,20260527,2,varied_filler,3,2,0,0.0
R2P4_varied_filler,20260527,2,varied_filler,3,3,320,1.0
R2P4_varied_filler,20260527,5,varied_filler,0,0,0,0.0
R2P4_varied_filler,20260527,5,varied_filler,0,1,0,0.0
R2P4_varied_filler,20260527,5,varied_filler,0,2,0,0.0
R2P4_varied_filler,20260527,5,varied_filler,0,3,320,1.0
R2P4_varied_filler,20260527,5,varied_filler,1,0,0,0.0
R2P4_varied_filler,20260527,5,varied_filler,1,1,0,0.0
R2P4_varied_filler,20260527,5,varied_filler,1,2,0,0.0
R2P4_varied_filler,20260527,5,varied_filler,1,3,320,1.0
R2P4_varied_filler,20260527,5,varied_filler,2,0,0,0.0
R2P4_varied_filler,20260527,5,varied_filler,2,1,0,0.0
R2P4_varied_filler,20260527,5,varied_filler,2,2,0,0.0
R2P4_varied_filler,20260527,5,varied_filler,2,3,320,1.0
R2P4_varied_filler,20260527,5,varied_filler,3,0,0,0.0
R2P4_varied_filler,20260527,5,varied_filler,3,1,0,0.0
R2P4_varied_filler,20260527,5,varied_filler,3,2,0,0.0
R2P4_varied_filler,20260527,5,varied_filler,3,3,320,1.0
R2P4_varied_filler,20260527,10,varied_filler,0,0,0,0.0
R2P4_varied_filler,20260527,10,varied_filler,0,1,0,0.0
R2P4_varied_filler,20260527,10,varied_filler,0,2,0,0.0
R2P4_varied_filler,20260527,10,varied_filler,0,3,320,1.0
R2P4_varied_filler,20260527,10,varied_filler,1,0,0,0.0
R2P4_varied_filler,20260527,10,varied_filler,1,1,0,0.0
R2P4_varied_filler,20260527,10,varied_filler,1,2,0,0.0
R2P4_varied_filler,20260527,10,varied_filler,1,3,320,1.0
R2P4_varied_filler,20260527,10,varied_filler,2,0,0,0.0
R2P4_varied_filler,20260527,10,varied_filler,2,1,0,0.0
R2P4_varied_filler,20260527,10,varied_filler,2,2,0,0.0
R2P4_varied_filler,20260527,10,varied_filler,2,3,320,1.0
R2P4_varied_filler,20260527,10,varied_filler,3,0,0,0.0
R2P4_varied_filler,20260527,10,varied_filler,3,1,0,0.0
R2P4_varied_filler,20260527,10,varied_filler,3,2,0,0.0
R2P4_varied_filler,20260527,10,varied_filler,3,3,320,1.0
R2P4_varied_filler,20260527,20,varied_filler,0,0,0,0.0
R2P4_varied_filler,20260527,20,varied_filler,0,1,0,0.0
R2P4_varied_filler,20260527,20,varied_filler,0,2,0,0.0
R2P4_varied_filler,20260527,20,varied_filler,0,3,320,1.0
R2P4_varied_filler,20260527,20,varied_filler,1,0,0,0.0
R2P4_varied_filler,20260527,20,varied_filler,1,1,0,0.0
R2P4_varied_filler,20260527,20,varied_filler,1,2,0,0.0
R2P4_varied_filler,20260527,20,varied_filler,1,3,320,1.0
R2P4_varied_filler,20260527,20,varied_filler,2,0,0,0.0
R2P4_varied_filler,20260527,20,varied_filler,2,1,0,0.0
R2P4_varied_filler,20260527,20,varied_filler,2,2,0,0.0
R2P4_varied_filler,20260527,20,varied_filler,2,3,320,1.0
R2P4_varied_filler,20260527,20,varied_filler,3,0,0,0.0
R2P4_varied_filler,20260527,20,varied_filler,3,1,0,0.0
R2P4_varied_filler,20260527,20,varied_filler,3,2,0,0.0
R2P4_varied_filler,20260527,20,varied_filler,3,3,320,1.0
R2P4_varied_filler,20260527,50,varied_filler,0,0,0,0.0
R2P4_varied_filler,20260527,50,varied_filler,0,1,0,0.0
R2P4_varied_filler,20260527,50,varied_filler,0,2,0,0.0
R2P4_varied_filler,20260527,50,varied_filler,0,3,320,1.0
R2P4_varied_filler,20260527,50,varied_filler,1,0,0,0.0
R2P4_varied_filler,20260527,50,varied_filler,1,1,0,0.0
R2P4_varied_filler,20260527,50,varied_filler,1,2,0,0.0
R2P4_varied_filler,20260527,50,varied_filler,1,3,320,1.0
R2P4_varied_filler,20260527,50,varied_filler,2,0,0,0.0
R2P4_varied_filler,20260527,50,varied_filler,2,1,0,0.0
R2P4_varied_filler,20260527,50,varied_filler,2,2,0,0.0
R2P4_varied_filler,20260527,50,varied_filler,2,3,320,1.0
R2P4_varied_filler,20260527,50,varied_filler,3,0,0,0.0
R2P4_varied_filler,20260527,50,varied_filler,3,1,0,0.0
R2P4_varied_filler,20260527,50,varied_filler,3,2,0,0.0
R2P4_varied_filler,20260527,50,varied_filler,3,3,320,1.0
R2P4_varied_filler,20260527,1600,varied_filler,0,0,0,0.0
R2P4_varied_filler,20260527,1600,varied_filler,0,1,0,0.0
R2P4_varied_filler,20260527,1600,varied_filler,0,2,0,0.0
R2P4_varied_filler,20260527,1600,varied_filler,0,3,320,1.0
R2P4_varied_filler,20260527,1600,varied_filler,1,0,0,0.0
R2P4_varied_filler,20260527,1600,varied_filler,1,1,0,0.0
R2P4_varied_filler,20260527,1600,varied_filler,1,2,0,0.0
R2P4_varied_filler,20260527,1600,varied_filler,1,3,320,1.0
R2P4_varied_filler,20260527,1600,varied_filler,2,0,0,0.0
R2P4_varied_filler,20260527,1600,varied_filler,2,1,0,0.0
R2P4_varied_filler,20260527,1600,varied_filler,2,2,0,0.0
R2P4_varied_filler,20260527,1600,varied_filler,2,3,320,1.0
R2P4_varied_filler,20260527,1600,varied_filler,3,0,0,0.0
R2P4_varied_filler,20260527,1600,varied_filler,3,1,0,0.0
R2P4_varied_filler,20260527,1600,varied_filler,3,2,0,0.0
R2P4_varied_filler,20260527,1600,varied_filler,3,3,320,1.0
R2P4_varied_filler,20260528,0,varied_filler,0,0,0,0.0
R2P4_varied_filler,20260528,0,varied_filler,0,1,320,1.0
R2P4_varied_filler,20260528,0,varied_filler,0,2,0,0.0
R2P4_varied_filler,20260528,0,varied_filler,0,3,0,0.0
R2P4_varied_filler,20260528,0,varied_filler,1,0,0,0.0
R2P4_varied_filler,20260528,0,varied_filler,1,1,320,1.0
R2P4_varied_filler,20260528,0,varied_filler,1,2,0,0.0
R2P4_varied_filler,20260528,0,varied_filler,1,3,0,0.0
R2P4_varied_filler,20260528,0,varied_filler,2,0,0,0.0
R2P4_varied_filler,20260528,0,varied_filler,2,1,320,1.0
R2P4_varied_filler,20260528,0,varied_filler,2,2,0,0.0
R2P4_varied_filler,20260528,0,varied_filler,2,3,0,0.0
R2P4_varied_filler,20260528,0,varied_filler,3,0,0,0.0
R2P4_varied_filler,20260528,0,varied_filler,3,1,236,0.7375
R2P4_varied_filler,20260528,0,varied_filler,3,2,84,0.2625
R2P4_varied_filler,20260528,0,varied_filler,3,3,0,0.0
R2P4_varied_filler,20260528,1,varied_filler,0,0,0,0.0
R2P4_varied_filler,20260528,1,varied_filler,0,1,220,0.6875
R2P4_varied_filler,20260528,1,varied_filler,0,2,100,0.3125
R2P4_varied_filler,20260528,1,varied_filler,0,3,0,0.0
R2P4_varied_filler,20260528,1,varied_filler,1,0,0,0.0
R2P4_varied_filler,20260528,1,varied_filler,1,1,220,0.6875
R2P4_varied_filler,20260528,1,varied_filler,1,2,100,0.3125
R2P4_varied_filler,20260528,1,varied_filler,1,3,0,0.0
R2P4_varied_filler,20260528,1,varied_filler,2,0,0,0.0
R2P4_varied_filler,20260528,1,varied_filler,2,1,272,0.85
R2P4_varied_filler,20260528,1,varied_filler,2,2,48,0.15
R2P4_varied_filler,20260528,1,varied_filler,2,3,0,0.0
R2P4_varied_filler,20260528,1,varied_filler,3,0,0,0.0
R2P4_varied_filler,20260528,1,varied_filler,3,1,8,0.025
R2P4_varied_filler,20260528,1,varied_filler,3,2,312,0.975
R2P4_varied_filler,20260528,1,varied_filler,3,3,0,0.0
R2P4_varied_filler,20260528,2,varied_filler,0,0,0,0.0
R2P4_varied_filler,20260528,2,varied_filler,0,1,140,0.4375
R2P4_varied_filler,20260528,2,varied_filler,0,2,180,0.5625
R2P4_varied_filler,20260528,2,varied_filler,0,3,0,0.0
R2P4_varied_filler,20260528,2,varied_filler,1,0,0,0.0
R2P4_varied_filler,20260528,2,varied_filler,1,1,156,0.4875
R2P4_varied_filler,20260528,2,varied_filler,1,2,164,0.5125
R2P4_varied_filler,20260528,2,varied_filler,1,3,0,0.0
R2P4_varied_filler,20260528,2,varied_filler,2,0,0,0.0
R2P4_varied_filler,20260528,2,varied_filler,2,1,200,0.625
R2P4_varied_filler,20260528,2,varied_filler,2,2,120,0.375
R2P4_varied_filler,20260528,2,varied_filler,2,3,0,0.0
R2P4_varied_filler,20260528,2,varied_filler,3,0,0,0.0
R2P4_varied_filler,20260528,2,varied_filler,3,1,0,0.0
R2P4_varied_filler,20260528,2,varied_filler,3,2,320,1.0
R2P4_varied_filler,20260528,2,varied_filler,3,3,0,0.0
R2P4_varied_filler,20260528,5,varied_filler,0,0,0,0.0
R2P4_varied_filler,20260528,5,varied_filler,0,1,92,0.2875
R2P4_varied_filler,20260528,5,varied_filler,0,2,228,0.7125
R2P4_varied_filler,20260528,5,varied_filler,0,3,0,0.0
R2P4_varied_filler,20260528,5,varied_filler,1,0,0,0.0
R2P4_varied_filler,20260528,5,varied_filler,1,1,172,0.5375
R2P4_varied_filler,20260528,5,varied_filler,1,2,148,0.4625
R2P4_varied_filler,20260528,5,varied_filler,1,3,0,0.0
R2P4_varied_filler,20260528,5,varied_filler,2,0,0,0.0
R2P4_varied_filler,20260528,5,varied_filler,2,1,188,0.5875
R2P4_varied_filler,20260528,5,varied_filler,2,2,132,0.4125
R2P4_varied_filler,20260528,5,varied_filler,2,3,0,0.0
R2P4_varied_filler,20260528,5,varied_filler,3,0,0,0.0
R2P4_varied_filler,20260528,5,varied_filler,3,1,0,0.0
R2P4_varied_filler,20260528,5,varied_filler,3,2,320,1.0
R2P4_varied_filler,20260528,5,varied_filler,3,3,0,0.0
R2P4_varied_filler,20260528,10,varied_filler,0,0,0,0.0
R2P4_varied_filler,20260528,10,varied_filler,0,1,320,1.0
R2P4_varied_filler,20260528,10,varied_filler,0,2,0,0.0
R2P4_varied_filler,20260528,10,varied_filler,0,3,0,0.0
R2P4_varied_filler,20260528,10,varied_filler,1,0,0,0.0
R2P4_varied_filler,20260528,10,varied_filler,1,1,320,1.0
R2P4_varied_filler,20260528,10,varied_filler,1,2,0,0.0
R2P4_varied_filler,20260528,10,varied_filler,1,3,0,0.0
R2P4_varied_filler,20260528,10,varied_filler,2,0,0,0.0
R2P4_varied_filler,20260528,10,varied_filler,2,1,320,1.0
R2P4_varied_filler,20260528,10,varied_filler,2,2,0,0.0
R2P4_varied_filler,20260528,10,varied_filler,2,3,0,0.0
R2P4_varied_filler,20260528,10,varied_filler,3,0,0,0.0
R2P4_varied_filler,20260528,10,varied_filler,3,1,0,0.0
R2P4_varied_filler,20260528,10,varied_filler,3,2,320,1.0
R2P4_varied_filler,20260528,10,varied_filler,3,3,0,0.0
R2P4_varied_filler,20260528,20,varied_filler,0,0,0,0.0
R2P4_varied_filler,20260528,20,varied_filler,0,1,320,1.0
R2P4_varied_filler,20260528,20,varied_filler,0,2,0,0.0
R2P4_varied_filler,20260528,20,varied_filler,0,3,0,0.0
R2P4_varied_filler,20260528,20,varied_filler,1,0,0,0.0
R2P4_varied_filler,20260528,20,varied_filler,1,1,320,1.0
R2P4_varied_filler,20260528,20,varied_filler,1,2,0,0.0
R2P4_varied_filler,20260528,20,varied_filler,1,3,0,0.0
R2P4_varied_filler,20260528,20,varied_filler,2,0,0,0.0
R2P4_varied_filler,20260528,20,varied_filler,2,1,320,1.0
R2P4_varied_filler,20260528,20,varied_filler,2,2,0,0.0
R2P4_varied_filler,20260528,20,varied_filler,2,3,0,0.0
R2P4_varied_filler,20260528,20,varied_filler,3,0,0,0.0
R2P4_varied_filler,20260528,20,varied_filler,3,1,0,0.0
R2P4_varied_filler,20260528,20,varied_filler,3,2,320,1.0
R2P4_varied_filler,20260528,20,varied_filler,3,3,0,0.0
R2P4_varied_filler,20260528,50,varied_filler,0,0,0,0.0
R2P4_varied_filler,20260528,50,varied_filler,0,1,320,1.0
R2P4_varied_filler,20260528,50,varied_filler,0,2,0,0.0
R2P4_varied_filler,20260528,50,varied_filler,0,3,0,0.0
R2P4_varied_filler,20260528,50,varied_filler,1,0,0,0.0
R2P4_varied_filler,20260528,50,varied_filler,1,1,320,1.0
R2P4_varied_filler,20260528,50,varied_filler,1,2,0,0.0
R2P4_varied_filler,20260528,50,varied_filler,1,3,0,0.0
R2P4_varied_filler,20260528,50,varied_filler,2,0,0,0.0
R2P4_varied_filler,20260528,50,varied_filler,2,1,320,1.0
R2P4_varied_filler,20260528,50,varied_filler,2,2,0,0.0
R2P4_varied_filler,20260528,50,varied_filler,2,3,0,0.0
R2P4_varied_filler,20260528,50,varied_filler,3,0,0,0.0
R2P4_varied_filler,20260528,50,varied_filler,3,1,0,0.0
R2P4_varied_filler,20260528,50,varied_filler,3,2,320,1.0
R2P4_varied_filler,20260528,50,varied_filler,3,3,0,0.0
R2P4_varied_filler,20260528,1600,varied_filler,0,0,0,0.0
R2P4_varied_filler,20260528,1600,varied_filler,0,1,320,1.0
R2P4_varied_filler,20260528,1600,varied_filler,0,2,0,0.0
R2P4_varied_filler,20260528,1600,varied_filler,0,3,0,0.0
R2P4_varied_filler,20260528,1600,varied_filler,1,0,0,0.0
R2P4_varied_filler,20260528,1600,varied_filler,1,1,320,1.0
R2P4_varied_filler,20260528,1600,varied_filler,1,2,0,0.0
R2P4_varied_filler,20260528,1600,varied_filler,1,3,0,0.0
R2P4_varied_filler,20260528,1600,varied_filler,2,0,0,0.0
R2P4_varied_filler,20260528,1600,varied_filler,2,1,320,1.0
R2P4_varied_filler,20260528,1600,varied_filler,2,2,0,0.0
R2P4_varied_filler,20260528,1600,varied_filler,2,3,0,0.0
R2P4_varied_filler,20260528,1600,varied_filler,3,0,0,0.0
R2P4_varied_filler,20260528,1600,varied_filler,3,1,0,0.0
R2P4_varied_filler,20260528,1600,varied_filler,3,2,320,1.0
R2P4_varied_filler,20260528,1600,varied_filler,3,3,0,0.0
