{
  "num_batches": 8,
  "num_samples": 32,
  "prefill_len": 100,
  "decode_steps": 128,
  "loss": {
    "full_sequence": 3.5882145473625853,
    "full_kv_teacher_forced": 3.6381445852410157,
    "anchor_kv_teacher_forced": 3.638175900030235,
    "full_kv_prefill": 3.736323928833008,
    "anchor_kv_prefill": 3.736323928833008,
    "full_kv_prefill_next_token": 3.827903240919113,
    "anchor_kv_prefill_next_token": 3.827903240919113,
    "full_kv_decode_only": 3.560282495207946,
    "anchor_kv_decode_only": 3.560338463009216
  },
  "logit_equivalence": {
    "max_decode_logit_abs_diff": 0.1875,
    "mean_decode_logit_abs_diff": 0.006794423260985896,
    "decode_top1_match_rate": 0.9934593023255814
  },
  "cache": {
    "full_kv": {
      "total_tokens": 6384.0,
      "per_layer_tokens": {
        "0": 228.0,
        "1": 228.0,
        "2": 228.0,
        "3": 228.0,
        "4": 228.0,
        "5": 228.0,
        "6": 228.0,
        "7": 228.0,
        "8": 228.0,
        "9": 228.0,
        "10": 228.0,
        "11": 228.0,
        "12": 228.0,
        "13": 228.0,
        "14": 228.0,
        "15": 228.0,
        "16": 228.0,
        "17": 228.0,
        "18": 228.0,
        "19": 228.0,
        "20": 228.0,
        "21": 228.0,
        "22": 228.0,
        "23": 228.0,
        "24": 228.0,
        "25": 228.0,
        "26": 228.0,
        "27": 228.0
      }
    },
    "anchor_kv": {
      "total_tokens": 3532.0,
      "per_layer_tokens": {
        "0": 228.0,
        "1": 228.0,
        "2": 228.0,
        "3": 228.0,
        "4": 228.0,
        "5": 228.0,
        "6": 57.0,
        "7": 57.0,
        "8": 57.0,
        "9": 57.0,
        "10": 57.0,
        "11": 57.0,
        "12": 28.0,
        "13": 28.0,
        "14": 28.0,
        "15": 28.0,
        "16": 57.0,
        "17": 57.0,
        "18": 57.0,
        "19": 57.0,
        "20": 57.0,
        "21": 57.0,
        "22": 228.0,
        "23": 228.0,
        "24": 228.0,
        "25": 228.0,
        "26": 228.0,
        "27": 228.0
      }
    },
    "anchor_vs_full_total_token_ratio": 0.5532581453634086,
    "cache_reduction": 0.44674185463659144
  },
  "position_loss_by_modulo": {
    "full_sequence": {
      "4": {
        "0": {
          "loss": 3.5823703964482116,
          "count": 6319,
          "is_anchor": false
        },
        "1": {
          "loss": 3.539689801477646,
          "count": 6316,
          "is_anchor": false
        },
        "2": {
          "loss": 3.6512154411400553,
          "count": 6310,
          "is_anchor": false
        },
        "3": {
          "loss": 3.579632579004479,
          "count": 6307,
          "is_anchor": true
        }
      },
      "8": {
        "0": {
          "loss": 3.5293141068667504,
          "count": 3163,
          "is_anchor": false
        },
        "1": {
          "loss": 3.5239772971616974,
          "count": 3161,
          "is_anchor": false
        },
        "2": {
          "loss": 3.689847688874238,
          "count": 3158,
          "is_anchor": false
        },
        "3": {
          "loss": 3.576090662293679,
          "count": 3158,
          "is_anchor": false
        },
        "4": {
          "loss": 3.6355443454060716,
          "count": 3156,
          "is_anchor": false
        },
        "5": {
          "loss": 3.55543185806879,
          "count": 3155,
          "is_anchor": false
        },
        "6": {
          "loss": 3.612509325676158,
          "count": 3152,
          "is_anchor": false
        },
        "7": {
          "loss": 3.5831845411613807,
          "count": 3149,
          "is_anchor": true
        }
      }
    },
    "full_kv_teacher_forced": {
      "4": {
        "0": {
          "loss": 3.7054430671065073,
          "count": 1809,
          "is_anchor": false
        },
        "1": {
          "loss": 3.563282634488386,
          "count": 1809,
          "is_anchor": false
        },
        "2": {
          "loss": 3.690996108099925,
          "count": 1809,
          "is_anchor": false
        },
        "3": {
          "loss": 3.5928315634188137,
          "count": 1808,
          "is_anchor": true
        }
      },
      "8": {
        "0": {
          "loss": 3.6596303450024648,
          "count": 920,
          "is_anchor": false
        },
        "1": {
          "loss": 3.5714123767355215,
          "count": 920,
          "is_anchor": false
        },
        "2": {
          "loss": 3.836850010312122,
          "count": 920,
          "is_anchor": false
        },
        "3": {
          "loss": 3.6056820152570372,
          "count": 920,
          "is_anchor": false
        },
        "4": {
          "loss": 3.752853256712078,
          "count": 889,
          "is_anchor": false
        },
        "5": {
          "loss": 3.554869402916547,
          "count": 889,
          "is_anchor": false
        },
        "6": {
          "loss": 3.5400562211284488,
          "count": 889,
          "is_anchor": false
        },
        "7": {
          "loss": 3.57951806660171,
          "count": 888,
          "is_anchor": true
        }
      }
    },
    "anchor_kv_teacher_forced": {
      "4": {
        "0": {
          "loss": 3.705888356999049,
          "count": 1809,
          "is_anchor": false
        },
        "1": {
          "loss": 3.563690719056222,
          "count": 1809,
          "is_anchor": false
        },
        "2": {
          "loss": 3.690670137711162,
          "count": 1809,
          "is_anchor": false
        },
        "3": {
          "loss": 3.5924284538600295,
          "count": 1808,
          "is_anchor": true
        }
      },
      "8": {
        "0": {
          "loss": 3.6602719383395237,
          "count": 920,
          "is_anchor": false
        },
        "1": {
          "loss": 3.5714781613453574,
          "count": 920,
          "is_anchor": false
        },
        "2": {
          "loss": 3.836937312198722,
          "count": 920,
          "is_anchor": false
        },
        "3": {
          "loss": 3.604983748301216,
          "count": 920,
          "is_anchor": false
        },
        "4": {
          "loss": 3.7530953979331274,
          "count": 889,
          "is_anchor": false
        },
        "5": {
          "loss": 3.5556317236613904,
          "count": 889,
          "is_anchor": false
        },
        "6": {
          "loss": 3.5393025673951017,
          "count": 889,
          "is_anchor": false
        },
        "7": {
          "loss": 3.57942075074256,
          "count": 888,
          "is_anchor": true
        }
      }
    }
  },
  "config": {
    "config_dir": "../../../Qwen3-0.6B",
    "data_dir": "../../../dclm/global-shard_01_of_10",
    "ckpt_file": "../checkpoints/unet-4-8-4/35000.pth",
    "attention_stride_pattern": [
      1,
      1,
      1,
      1,
      1,
      1,
      4,
      4,
      4,
      4,
      4,
      4,
      8,
      8,
      8,
      8,
      4,
      4,
      4,
      4,
      4,
      4,
      1,
      1,
      1,
      1,
      1,
      1
    ],
    "residual_source_pattern": [
      -1,
      -1,
      -1,
      -1,
      -1,
      -1,
      -1,
      -1,
      -1,
      -1,
      -1,
      -1,
      -1,
      -1,
      -1,
      -1,
      -1,
      -1,
      -1,
      -1,
      -1,
      -1,
      -1,
      -1,
      -1,
      -1,
      -1,
      -1
    ],
    "attn_implementation": "eager"
  }
}