layer,a_band,h_band,energy_fraction,a_band_adjacent_cosine,a_band_sequence_gap,a_band_sequence_accuracy
0,0_1,0_1,0.971128102796242,0.0878615528345108,0.06883539631962776,0.2109375
0,0_1,1_2,0.0030462343463651836,0.0878615528345108,0.06883539631962776,0.2109375
0,0_1,2_5,0.0020857866694922404,0.0878615528345108,0.06883539631962776,0.2109375
0,0_1,5_10,0.001536565843383084,0.0878615528345108,0.06883539631962776,0.2109375
0,0_1,10_20,0.00273792570264993,0.0878615528345108,0.06883539631962776,0.2109375
0,0_1,20_50,0.0067849352236462185,0.0878615528345108,0.06883539631962776,0.2109375
0,0_1,50_100,0.012679867629358474,0.0878615528345108,0.06883539631962776,0.2109375
0,1_2,0_1,0.005546869066080224,0.10163062065839767,0.09474210487678647,0.203125
0,1_2,1_2,0.8828501002716836,0.10163062065839767,0.09474210487678647,0.203125
0,1_2,2_5,0.09179335763429818,0.10163062065839767,0.09474210487678647,0.203125
0,1_2,5_10,0.0024625551223831517,0.10163062065839767,0.09474210487678647,0.203125
0,1_2,10_20,0.002540018201314803,0.10163062065839767,0.09474210487678647,0.203125
0,1_2,20_50,0.005759536068094087,0.10163062065839767,0.09474210487678647,0.203125
0,1_2,50_100,0.009047331145022739,0.10163062065839767,0.09474210487678647,0.203125
0,2_5,0_1,0.0010232036801424602,0.10297887027263641,0.09499178733676672,0.236328125
0,2_5,1_2,0.04448085714277663,0.10297887027263641,0.09499178733676672,0.236328125
0,2_5,2_5,0.9082237733230283,0.10297887027263641,0.09499178733676672,0.236328125
0,2_5,5_10,0.026115034981489614,0.10297887027263641,0.09499178733676672,0.236328125
0,2_5,10_20,0.00393540437243728,0.10297887027263641,0.09499178733676672,0.236328125
0,2_5,20_50,0.006816559837359228,0.10297887027263641,0.09499178733676672,0.236328125
0,2_5,50_100,0.009405056126687454,0.10297887027263641,0.09499178733676672,0.236328125
0,5_10,0_1,0.00041207344447621516,0.12934069335460663,0.12708302587270737,0.28125
0,5_10,1_2,0.0005284405245668877,0.12934069335460663,0.12708302587270737,0.28125
0,5_10,2_5,0.02496462569585095,0.12934069335460663,0.12708302587270737,0.28125
0,5_10,5_10,0.9178773949175044,0.12934069335460663,0.12708302587270737,0.28125
0,5_10,10_20,0.03389493664988302,0.12934069335460663,0.12708302587270737,0.28125
0,5_10,20_50,0.010521329350564016,0.12934069335460663,0.12708302587270737,0.28125
0,5_10,50_100,0.011801160655674593,0.12934069335460663,0.12708302587270737,0.28125
0,10_20,0_1,0.0003005143862406452,0.1286020576953888,0.13457241049036384,0.279296875
0,10_20,1_2,0.000273360254275424,0.1286020576953888,0.13457241049036384,0.279296875
0,10_20,2_5,0.0013115876705915217,0.1286020576953888,0.13457241049036384,0.279296875
0,10_20,5_10,0.027791251455281166,0.1286020576953888,0.13457241049036384,0.279296875
0,10_20,10_20,0.906772839689324,0.1286020576953888,0.13457241049036384,0.279296875
0,10_20,20_50,0.04683323626866515,0.1286020576953888,0.13457241049036384,0.279296875
0,10_20,50_100,0.016717120455012124,0.1286020576953888,0.13457241049036384,0.279296875
0,20_50,0_1,0.0002363183827607931,0.06830966472625732,0.07011494983453304,0.283203125
0,20_50,1_2,0.00019751216716821276,0.06830966472625732,0.07011494983453304,0.283203125
0,20_50,2_5,0.0007531420331024714,0.06830966472625732,0.07011494983453304,0.283203125
0,20_50,5_10,0.0021238393318893456,0.06830966472625732,0.07011494983453304,0.283203125
0,20_50,10_20,0.03723105747793708,0.06830966472625732,0.07011494983453304,0.283203125
0,20_50,20_50,0.9136066740719282,0.06830966472625732,0.07011494983453304,0.283203125
0,20_50,50_100,0.04585147894490918,0.06830966472625732,0.07011494983453304,0.283203125
0,50_100,0_1,0.00022461288288882375,-0.014049815945327282,-0.016103634843602777,0.12890625
0,50_100,1_2,0.00017489247502382237,-0.014049815945327282,-0.016103634843602777,0.12890625
0,50_100,2_5,0.0005954459001685345,-0.014049815945327282,-0.016103634843602777,0.12890625
0,50_100,5_10,0.0012229697187693543,-0.014049815945327282,-0.016103634843602777,0.12890625
0,50_100,10_20,0.00364221441607529,-0.014049815945327282,-0.016103634843602777,0.12890625
0,50_100,20_50,0.2005081248432041,-0.014049815945327282,-0.016103634843602777,0.12890625
0,50_100,50_100,0.7936318369348669,-0.014049815945327282,-0.016103634843602777,0.12890625
1,0_1,0_1,0.12511458692175095,0.5338621735572815,0.44748879969120026,0.419921875
1,0_1,1_2,0.043182379830850395,0.5338621735572815,0.44748879969120026,0.419921875
1,0_1,2_5,0.07869658533618004,0.5338621735572815,0.44748879969120026,0.419921875
1,0_1,5_10,0.13281854899764545,0.5338621735572815,0.44748879969120026,0.419921875
1,0_1,10_20,0.17530832014779266,0.5338621735572815,0.44748879969120026,0.419921875
1,0_1,20_50,0.22870584221387488,0.5338621735572815,0.44748879969120026,0.419921875
1,0_1,50_100,0.21617388119061962,0.5338621735572815,0.44748879969120026,0.419921875
1,1_2,0_1,0.0384331015336926,0.4823031723499298,0.4749555788002908,0.26953125
1,1_2,1_2,0.03603118909628727,0.4823031723499298,0.4749555788002908,0.26953125
1,1_2,2_5,0.07704564990329556,0.4823031723499298,0.4749555788002908,0.26953125
1,1_2,5_10,0.08489689647632848,0.4823031723499298,0.4749555788002908,0.26953125
1,1_2,10_20,0.1771023079955351,0.4823031723499298,0.4749555788002908,0.26953125
1,1_2,20_50,0.3233349636886776,0.4823031723499298,0.4749555788002908,0.26953125
1,1_2,50_100,0.2631560129572004,0.4823031723499298,0.4749555788002908,0.26953125
1,2_5,0_1,0.010243510252930592,0.42138636112213135,0.42507515545003116,0.474609375
1,2_5,1_2,0.014746927596331016,0.42138636112213135,0.42507515545003116,0.474609375
1,2_5,2_5,0.05876598914056614,0.42138636112213135,0.42507515545003116,0.474609375
1,2_5,5_10,0.07904648892848551,0.42138636112213135,0.42507515545003116,0.474609375
1,2_5,10_20,0.16049696995328874,0.42138636112213135,0.42507515545003116,0.474609375
1,2_5,20_50,0.3695294567751684,0.42138636112213135,0.42507515545003116,0.474609375
1,2_5,50_100,0.30717067664731906,0.42138636112213135,0.42507515545003116,0.474609375
1,5_10,0_1,0.005624127961723806,0.36885547637939453,0.3776133628562093,0.373046875
1,5_10,1_2,0.00567586963774509,0.36885547637939453,0.3776133628562093,0.373046875
1,5_10,2_5,0.026482676012509424,0.36885547637939453,0.3776133628562093,0.373046875
1,5_10,5_10,0.049648568996579684,0.36885547637939453,0.3776133628562093,0.373046875
1,5_10,10_20,0.11455244143716634,0.36885547637939453,0.3776133628562093,0.373046875
1,5_10,20_50,0.38643022377506253,0.36885547637939453,0.3776133628562093,0.373046875
1,5_10,50_100,0.4115861359498813,0.36885547637939453,0.3776133628562093,0.373046875
1,10_20,0_1,0.005152530944588694,0.29063576459884644,0.29514802247285843,0.28125
1,10_20,1_2,0.004570954746827248,0.29063576459884644,0.29514802247285843,0.28125
1,10_20,2_5,0.016069891511219223,0.29063576459884644,0.29514802247285843,0.28125
1,10_20,5_10,0.03426570306616571,0.29063576459884644,0.29514802247285843,0.28125
1,10_20,10_20,0.08846437303841803,0.29063576459884644,0.29514802247285843,0.28125
1,10_20,20_50,0.3350755827714351,0.29063576459884644,0.29514802247285843,0.28125
1,10_20,50_100,0.5164009524946027,0.29063576459884644,0.29514802247285843,0.28125
1,20_50,0_1,0.006030331197760547,0.1319219172000885,0.13237482417025603,0.119140625
1,20_50,1_2,0.005614182029593558,0.1319219172000885,0.13237482417025603,0.119140625
1,20_50,2_5,0.017284796230462952,0.1319219172000885,0.13237482417025603,0.119140625
1,20_50,5_10,0.03409114002911935,0.1319219172000885,0.13237482417025603,0.119140625
1,20_50,10_20,0.08430432152924475,0.1319219172000885,0.13237482417025603,0.119140625
1,20_50,20_50,0.2980223721932361,0.1319219172000885,0.13237482417025603,0.119140625
1,20_50,50_100,0.5546527957356739,0.1319219172000885,0.13237482417025603,0.119140625
1,50_100,0_1,0.008928172157702944,-0.10192204266786575,-0.10125342704122886,0.02734375
1,50_100,1_2,0.008577235223117492,-0.10192204266786575,-0.10125342704122886,0.02734375
1,50_100,2_5,0.027498481838999025,-0.10192204266786575,-0.10125342704122886,0.02734375
1,50_100,5_10,0.04766895682115555,-0.10192204266786575,-0.10125342704122886,0.02734375
1,50_100,10_20,0.09504664420391709,-0.10192204266786575,-0.10125342704122886,0.02734375
1,50_100,20_50,0.28700408933841887,-0.10192204266786575,-0.10125342704122886,0.02734375
1,50_100,50_100,0.525276457210623,-0.10192204266786575,-0.10125342704122886,0.02734375
2,0_1,0_1,0.5619672125162112,0.5108086466789246,0.40679699182510376,0.4140625
2,0_1,1_2,0.027238908564786866,0.5108086466789246,0.40679699182510376,0.4140625
2,0_1,2_5,0.04467274025001653,0.5108086466789246,0.40679699182510376,0.4140625
2,0_1,5_10,0.04864054993049195,0.5108086466789246,0.40679699182510376,0.4140625
2,0_1,10_20,0.06371068073904813,0.5108086466789246,0.40679699182510376,0.4140625
2,0_1,20_50,0.1113805742419192,0.5108086466789246,0.40679699182510376,0.4140625
2,0_1,50_100,0.14238897072081996,0.5108086466789246,0.40679699182510376,0.4140625
2,1_2,0_1,0.045573527214799986,0.48957931995391846,0.48017924930900335,0.33203125
2,1_2,1_2,0.04471355999189094,0.48957931995391846,0.48017924930900335,0.33203125
2,1_2,2_5,0.08527711041756461,0.48957931995391846,0.48017924930900335,0.33203125
2,1_2,5_10,0.11813295178399684,0.48957931995391846,0.48017924930900335,0.33203125
2,1_2,10_20,0.18758968903387827,0.48957931995391846,0.48017924930900335,0.33203125
2,1_2,20_50,0.28723788763946034,0.48957931995391846,0.48017924930900335,0.33203125
2,1_2,50_100,0.23147523943588927,0.48957931995391846,0.48017924930900335,0.33203125
2,2_5,0_1,0.013777492231772206,0.43259936571121216,0.43709133146330714,0.4375
2,2_5,1_2,0.03261839727729855,0.43259936571121216,0.43709133146330714,0.4375
2,2_5,2_5,0.09339259878570663,0.43259936571121216,0.43709133146330714,0.4375
2,2_5,5_10,0.08959879559535033,0.43259936571121216,0.43709133146330714,0.4375
2,2_5,10_20,0.16114163028444206,0.43259936571121216,0.43709133146330714,0.4375
2,2_5,20_50,0.31892468776218214,0.43259936571121216,0.43709133146330714,0.4375
2,2_5,50_100,0.29054628165074053,0.43259936571121216,0.43709133146330714,0.4375
2,5_10,0_1,0.008054063884000083,0.33261486887931824,0.33166859205812216,0.3828125
2,5_10,1_2,0.01137497803621434,0.33261486887931824,0.33166859205812216,0.3828125
2,5_10,2_5,0.04934546382805131,0.33261486887931824,0.33166859205812216,0.3828125
2,5_10,5_10,0.08820851895889403,0.33261486887931824,0.33166859205812216,0.3828125
2,5_10,10_20,0.1293575843562962,0.33261486887931824,0.33166859205812216,0.3828125
2,5_10,20_50,0.34200790573409423,0.33261486887931824,0.33166859205812216,0.3828125
2,5_10,50_100,0.3716513776874151,0.33261486887931824,0.33166859205812216,0.3828125
2,10_20,0_1,0.00699075602582006,0.24768954515457153,0.2532842527143657,0.248046875
2,10_20,1_2,0.007647158434704054,0.24768954515457153,0.2532842527143657,0.248046875
2,10_20,2_5,0.02857234091765365,0.24768954515457153,0.2532842527143657,0.248046875
2,10_20,5_10,0.057330203053809904,0.24768954515457153,0.2532842527143657,0.248046875
2,10_20,10_20,0.10524693514781563,0.24768954515457153,0.2532842527143657,0.248046875
2,10_20,20_50,0.3305871101864384,0.24768954515457153,0.2532842527143657,0.248046875
2,10_20,50_100,0.4636255972148604,0.24768954515457153,0.2532842527143657,0.248046875
2,20_50,0_1,0.006729506417501079,0.114776611328125,0.1180684962309897,0.103515625
2,20_50,1_2,0.007190633317550494,0.114776611328125,0.1180684962309897,0.103515625
2,20_50,2_5,0.023367857380697465,0.114776611328125,0.1180684962309897,0.103515625
2,20_50,5_10,0.04169370829815533,0.114776611328125,0.1180684962309897,0.103515625
2,20_50,10_20,0.09077059003996286,0.114776611328125,0.1180684962309897,0.103515625
2,20_50,20_50,0.2993293228169694,0.114776611328125,0.1180684962309897,0.103515625
2,20_50,50_100,0.5309183067688055,0.114776611328125,0.1180684962309897,0.103515625
2,50_100,0_1,0.007774769006543621,-0.07783275842666626,-0.07622378482483327,0.017578125
2,50_100,1_2,0.007497449257308606,-0.07783275842666626,-0.07622378482483327,0.017578125
2,50_100,2_5,0.02459806045055989,-0.07783275842666626,-0.07622378482483327,0.017578125
2,50_100,5_10,0.04221667741387185,-0.07783275842666626,-0.07622378482483327,0.017578125
2,50_100,10_20,0.09057388746075216,-0.07783275842666626,-0.07622378482483327,0.017578125
2,50_100,20_50,0.29266942559236436,-0.07783275842666626,-0.07622378482483327,0.017578125
2,50_100,50_100,0.5346695866647679,-0.07783275842666626,-0.07622378482483327,0.017578125
3,0_1,0_1,0.23613379767307868,0.5044693946838379,0.42123057693243027,0.744140625
3,0_1,1_2,0.061019009571217434,0.5044693946838379,0.42123057693243027,0.744140625
3,0_1,2_5,0.10203481510958255,0.5044693946838379,0.42123057693243027,0.744140625
3,0_1,5_10,0.11673940771106592,0.5044693946838379,0.42123057693243027,0.744140625
3,0_1,10_20,0.12482834459443812,0.5044693946838379,0.42123057693243027,0.744140625
3,0_1,20_50,0.17716622627157913,0.5044693946838379,0.42123057693243027,0.744140625
3,0_1,50_100,0.182078506054736,0.5044693946838379,0.42123057693243027,0.744140625
3,1_2,0_1,0.030318767666432392,0.46883684396743774,0.4671788188861683,0.486328125
3,1_2,1_2,0.02509449755229165,0.46883684396743774,0.4671788188861683,0.486328125
3,1_2,2_5,0.0872232564329656,0.46883684396743774,0.4671788188861683,0.486328125
3,1_2,5_10,0.14279682282992673,0.46883684396743774,0.4671788188861683,0.486328125
3,1_2,10_20,0.20155438251057578,0.46883684396743774,0.4671788188861683,0.486328125
3,1_2,20_50,0.2752842565105451,0.46883684396743774,0.4671788188861683,0.486328125
3,1_2,50_100,0.23772806282262007,0.46883684396743774,0.4671788188861683,0.486328125
3,2_5,0_1,0.013913079366135837,0.3653903901576996,0.3635237782727927,0.361328125
3,2_5,1_2,0.012513503757903796,0.3653903901576996,0.3635237782727927,0.361328125
3,2_5,2_5,0.04330263334201748,0.3653903901576996,0.3635237782727927,0.361328125
3,2_5,5_10,0.08829418893651876,0.3653903901576996,0.3635237782727927,0.361328125
3,2_5,10_20,0.21127902832120735,0.3653903901576996,0.3635237782727927,0.361328125
3,2_5,20_50,0.3583343191701325,0.3653903901576996,0.3635237782727927,0.361328125
3,2_5,50_100,0.27236333284096365,0.3653903901576996,0.3635237782727927,0.361328125
3,5_10,0_1,0.006644569934293668,0.3133494555950165,0.3025035513564944,0.20703125
3,5_10,1_2,0.007084740922848634,0.3133494555950165,0.3025035513564944,0.20703125
3,5_10,2_5,0.024546241693082033,0.3133494555950165,0.3025035513564944,0.20703125
3,5_10,5_10,0.05308942152461827,0.3133494555950165,0.3025035513564944,0.20703125
3,5_10,10_20,0.14469372923487236,0.3133494555950165,0.3025035513564944,0.20703125
3,5_10,20_50,0.4132842444201771,0.3133494555950165,0.3025035513564944,0.20703125
3,5_10,50_100,0.35065707719380934,0.3133494555950165,0.3025035513564944,0.20703125
3,10_20,0_1,0.005480155105067266,0.24585425853729248,0.23548053670674562,0.1484375
3,10_20,1_2,0.005936728836312178,0.24585425853729248,0.23548053670674562,0.1484375
3,10_20,2_5,0.019351470117861435,0.24585425853729248,0.23548053670674562,0.1484375
3,10_20,5_10,0.04029380306672353,0.24585425853729248,0.23548053670674562,0.1484375
3,10_20,10_20,0.10640845384406622,0.24585425853729248,0.23548053670674562,0.1484375
3,10_20,20_50,0.37018474004574886,0.24585425853729248,0.23548053670674562,0.1484375
3,10_20,50_100,0.4523447834683829,0.24585425853729248,0.23548053670674562,0.1484375
3,20_50,0_1,0.005445398410978606,0.12638624012470245,0.11886753467842937,0.064453125
3,20_50,1_2,0.005888465477975367,0.12638624012470245,0.11886753467842937,0.064453125
3,20_50,2_5,0.019088239386980697,0.12638624012470245,0.11886753467842937,0.064453125
3,20_50,5_10,0.03472213858670006,0.12638624012470245,0.11886753467842937,0.064453125
3,20_50,10_20,0.0869376472182874,0.12638624012470245,0.11886753467842937,0.064453125
3,20_50,20_50,0.3126330671570494,0.12638624012470245,0.11886753467842937,0.064453125
3,20_50,50_100,0.5352851455502605,0.12638624012470245,0.11886753467842937,0.064453125
3,50_100,0_1,0.0077106692419114855,-0.07572324573993683,-0.0831095832400024,0.0234375
3,50_100,1_2,0.00814312011724521,-0.07572324573993683,-0.0831095832400024,0.0234375
3,50_100,2_5,0.024775357576223175,-0.07572324573993683,-0.0831095832400024,0.0234375
3,50_100,5_10,0.042485954180078035,-0.07572324573993683,-0.0831095832400024,0.0234375
3,50_100,10_20,0.08827588935245922,-0.07572324573993683,-0.0831095832400024,0.0234375
3,50_100,20_50,0.28113662717782845,-0.07572324573993683,-0.0831095832400024,0.0234375
3,50_100,50_100,0.5474724254446269,-0.07572324573993683,-0.0831095832400024,0.0234375
4,0_1,0_1,0.14158332030707377,0.5267563462257385,0.4541841968894005,0.587890625
4,0_1,1_2,0.048328210324051206,0.5267563462257385,0.4541841968894005,0.587890625
4,0_1,2_5,0.08448656487150306,0.5267563462257385,0.4541841968894005,0.587890625
4,0_1,5_10,0.08339815498621397,0.5267563462257385,0.4541841968894005,0.587890625
4,0_1,10_20,0.11271676653959685,0.5267563462257385,0.4541841968894005,0.587890625
4,0_1,20_50,0.23175902332334572,0.5267563462257385,0.4541841968894005,0.587890625
4,0_1,50_100,0.29772792391995373,0.5267563462257385,0.4541841968894005,0.587890625
4,1_2,0_1,0.03183825954358773,0.3405517637729645,0.32329887710511684,0.3515625
4,1_2,1_2,0.019116401956831307,0.3405517637729645,0.32329887710511684,0.3515625
4,1_2,2_5,0.04495382673139128,0.3405517637729645,0.32329887710511684,0.3515625
4,1_2,5_10,0.05885748453128313,0.3405517637729645,0.32329887710511684,0.3515625
4,1_2,10_20,0.14398366918320937,0.3405517637729645,0.32329887710511684,0.3515625
4,1_2,20_50,0.3071621102396183,0.3405517637729645,0.32329887710511684,0.3515625
4,1_2,50_100,0.39408822883429107,0.3405517637729645,0.32329887710511684,0.3515625
4,2_5,0_1,0.014967916857726292,0.30294644832611084,0.2962366077117622,0.47265625
4,2_5,1_2,0.009914326120138293,0.30294644832611084,0.2962366077117622,0.47265625
4,2_5,2_5,0.03224776013991118,0.30294644832611084,0.2962366077117622,0.47265625
4,2_5,5_10,0.058028024678821497,0.30294644832611084,0.2962366077117622,0.47265625
4,2_5,10_20,0.12960543278376915,0.30294644832611084,0.2962366077117622,0.47265625
4,2_5,20_50,0.32521441649993577,0.30294644832611084,0.2962366077117622,0.47265625
4,2_5,50_100,0.43002207829504474,0.30294644832611084,0.2962366077117622,0.47265625
4,5_10,0_1,0.01163044910114704,0.2508985698223114,0.24163731187582016,0.328125
4,5_10,1_2,0.00785064075523051,0.2508985698223114,0.24163731187582016,0.328125
4,5_10,2_5,0.02552845325297125,0.2508985698223114,0.24163731187582016,0.328125
4,5_10,5_10,0.04852753488001423,0.2508985698223114,0.24163731187582016,0.328125
4,5_10,10_20,0.1152337074021474,0.2508985698223114,0.24163731187582016,0.328125
4,5_10,20_50,0.3246203352294575,0.2508985698223114,0.24163731187582016,0.328125
4,5_10,50_100,0.46660886887085146,0.2508985698223114,0.24163731187582016,0.328125
4,10_20,0_1,0.007172371228867584,0.1968299150466919,0.1950822143116966,0.193359375
4,10_20,1_2,0.006992917096145248,0.1968299150466919,0.1950822143116966,0.193359375
4,10_20,2_5,0.021919246642822843,0.1968299150466919,0.1950822143116966,0.193359375
4,10_20,5_10,0.041285478552978,0.1968299150466919,0.1950822143116966,0.193359375
4,10_20,10_20,0.10103732013643965,0.1968299150466919,0.1950822143116966,0.193359375
4,10_20,20_50,0.32352859602934114,0.1968299150466919,0.1950822143116966,0.193359375
4,10_20,50_100,0.4980641796234663,0.1968299150466919,0.1950822143116966,0.193359375
4,20_50,0_1,0.007052876608939793,0.1067843958735466,0.09838822763413191,0.103515625
4,20_50,1_2,0.006585666071487067,0.1067843958735466,0.09838822763413191,0.103515625
4,20_50,2_5,0.02198726320939438,0.1067843958735466,0.09838822763413191,0.103515625
4,20_50,5_10,0.03830554309544113,0.1067843958735466,0.09838822763413191,0.103515625
4,20_50,10_20,0.09406890848340947,0.1067843958735466,0.09838822763413191,0.103515625
4,20_50,20_50,0.3129281304122246,0.1067843958735466,0.09838822763413191,0.103515625
4,20_50,50_100,0.5190716888941019,0.1067843958735466,0.09838822763413191,0.103515625
4,50_100,0_1,0.00848513541172891,-0.05830070748925209,-0.06601423909887671,0.03125
4,50_100,1_2,0.008456757436732704,-0.05830070748925209,-0.06601423909887671,0.03125
4,50_100,2_5,0.02661335499836314,-0.05830070748925209,-0.06601423909887671,0.03125
4,50_100,5_10,0.04522864622336209,-0.05830070748925209,-0.06601423909887671,0.03125
4,50_100,10_20,0.09319236052210855,-0.05830070748925209,-0.06601423909887671,0.03125
4,50_100,20_50,0.29639397636342746,-0.05830070748925209,-0.06601423909887671,0.03125
4,50_100,50_100,0.5216297906958349,-0.05830070748925209,-0.06601423909887671,0.03125
5,0_1,0_1,0.19590683859586844,0.6628801822662354,0.5815268009901047,0.66015625
5,0_1,1_2,0.058631658245170276,0.6628801822662354,0.5815268009901047,0.66015625
5,0_1,2_5,0.10228998282570252,0.6628801822662354,0.5815268009901047,0.66015625
5,0_1,5_10,0.10970615673597978,0.6628801822662354,0.5815268009901047,0.66015625
5,0_1,10_20,0.15637950409858994,0.6628801822662354,0.5815268009901047,0.66015625
5,0_1,20_50,0.19935764344866982,0.6628801822662354,0.5815268009901047,0.66015625
5,0_1,50_100,0.1777285968789673,0.6628801822662354,0.5815268009901047,0.66015625
5,1_2,0_1,0.04451514736678291,0.6555095314979553,0.6428689640015364,0.3984375
5,1_2,1_2,0.05679616275916849,0.6555095314979553,0.6428689640015364,0.3984375
5,1_2,2_5,0.13071329851296515,0.6555095314979553,0.6428689640015364,0.3984375
5,1_2,5_10,0.11690301299731976,0.6555095314979553,0.6428689640015364,0.3984375
5,1_2,10_20,0.2130046939168047,0.6555095314979553,0.6428689640015364,0.3984375
5,1_2,20_50,0.25395643553998487,0.6555095314979553,0.6428689640015364,0.3984375
5,1_2,50_100,0.18411141940472706,0.6555095314979553,0.6428689640015364,0.3984375
5,2_5,0_1,0.02702241486038475,0.5601666569709778,0.548174693249166,0.4296875
5,2_5,1_2,0.048856527936496794,0.5601666569709778,0.548174693249166,0.4296875
5,2_5,2_5,0.1436398447610265,0.5601666569709778,0.548174693249166,0.4296875
5,2_5,5_10,0.1201177739416778,0.5601666569709778,0.548174693249166,0.4296875
5,2_5,10_20,0.19531055771798345,0.5601666569709778,0.548174693249166,0.4296875
5,2_5,20_50,0.2734610459850331,0.5601666569709778,0.548174693249166,0.4296875
5,2_5,50_100,0.19159186043808424,0.5601666569709778,0.548174693249166,0.4296875
5,5_10,0_1,0.01720426790477829,0.4205019474029541,0.41379621624946594,0.3203125
5,5_10,1_2,0.027883644429236066,0.4205019474029541,0.41379621624946594,0.3203125
5,5_10,2_5,0.1154723742163721,0.4205019474029541,0.41379621624946594,0.3203125
5,5_10,5_10,0.15421197519069504,0.4205019474029541,0.41379621624946594,0.3203125
5,5_10,10_20,0.16635740688564712,0.4205019474029541,0.41379621624946594,0.3203125
5,5_10,20_50,0.2875105729804837,0.4205019474029541,0.41379621624946594,0.3203125
5,5_10,50_100,0.2313598439643721,0.4205019474029541,0.41379621624946594,0.3203125
5,10_20,0_1,0.01016775402968725,0.322211891412735,0.3143995516002178,0.244140625
5,10_20,1_2,0.012549281565966844,0.322211891412735,0.3143995516002178,0.244140625
5,10_20,2_5,0.05344983187457201,0.322211891412735,0.3143995516002178,0.244140625
5,10_20,5_10,0.10879049948750912,0.322211891412735,0.3143995516002178,0.244140625
5,10_20,10_20,0.15736071794350473,0.322211891412735,0.3143995516002178,0.244140625
5,10_20,20_50,0.33933132946260297,0.322211891412735,0.3143995516002178,0.244140625
5,10_20,50_100,0.31835067084076923,0.322211891412735,0.3143995516002178,0.244140625
5,20_50,0_1,0.007250075221354641,0.16492930054664612,0.15789470029994845,0.083984375
5,20_50,1_2,0.006817104071604192,0.16492930054664612,0.15789470029994845,0.083984375
5,20_50,2_5,0.022695258981661987,0.16492930054664612,0.15789470029994845,0.083984375
5,20_50,5_10,0.047963875342259314,0.16492930054664612,0.15789470029994845,0.083984375
5,20_50,10_20,0.10418499103020827,0.16492930054664612,0.15789470029994845,0.083984375
5,20_50,20_50,0.3365895248522066,0.16492930054664612,0.15789470029994845,0.083984375
5,20_50,50_100,0.47449926404355597,0.16492930054664612,0.15789470029994845,0.083984375
5,50_100,0_1,0.006377001658818772,-0.1120181679725647,-0.11749606719240546,0.021484375
5,50_100,1_2,0.004877683762468612,-0.1120181679725647,-0.11749606719240546,0.021484375
5,50_100,2_5,0.014173940566767558,-0.1120181679725647,-0.11749606719240546,0.021484375
5,50_100,5_10,0.02758911032972228,-0.1120181679725647,-0.11749606719240546,0.021484375
5,50_100,10_20,0.07575844215761864,-0.1120181679725647,-0.11749606719240546,0.021484375
5,50_100,20_50,0.2886112474082737,-0.1120181679725647,-0.11749606719240546,0.021484375
5,50_100,50_100,0.582612658694395,-0.1120181679725647,-0.11749606719240546,0.021484375
6,0_1,0_1,0.21906752785757863,0.6232301592826843,0.509374625980854,0.6796875
6,0_1,1_2,0.03647778015682103,0.6232301592826843,0.509374625980854,0.6796875
6,0_1,2_5,0.049989430557348086,0.6232301592826843,0.509374625980854,0.6796875
6,0_1,5_10,0.05308709668521604,0.6232301592826843,0.509374625980854,0.6796875
6,0_1,10_20,0.11548098966470603,0.6232301592826843,0.509374625980854,0.6796875
6,0_1,20_50,0.22424436065253972,0.6232301592826843,0.509374625980854,0.6796875
6,0_1,50_100,0.3016527760449541,0.6232301592826843,0.509374625980854,0.6796875
6,1_2,0_1,0.028763515227614386,0.5093283653259277,0.5152337201870978,0.44921875
6,1_2,1_2,0.023051308463733683,0.5093283653259277,0.5152337201870978,0.44921875
6,1_2,2_5,0.05636426733031769,0.5093283653259277,0.5152337201870978,0.44921875
6,1_2,5_10,0.08745550128010274,0.5093283653259277,0.5152337201870978,0.44921875
6,1_2,10_20,0.1479894087588988,0.5093283653259277,0.5152337201870978,0.44921875
6,1_2,20_50,0.2694762682276317,0.5093283653259277,0.5152337201870978,0.44921875
6,1_2,50_100,0.3868997424738917,0.5093283653259277,0.5152337201870978,0.44921875
6,2_5,0_1,0.011492727160948088,0.48184239864349365,0.4746997351758182,0.388671875
6,2_5,1_2,0.010867056736655958,0.48184239864349365,0.4746997351758182,0.388671875
6,2_5,2_5,0.033528893677604636,0.48184239864349365,0.4746997351758182,0.388671875
6,2_5,5_10,0.06464329427184519,0.48184239864349365,0.4746997351758182,0.388671875
6,2_5,10_20,0.14876000015082247,0.48184239864349365,0.4746997351758182,0.388671875
6,2_5,20_50,0.2995715538145165,0.48184239864349365,0.4746997351758182,0.388671875
6,2_5,50_100,0.43113652735482855,0.48184239864349365,0.4746997351758182,0.388671875
6,5_10,0_1,0.00792255109558057,0.38737499713897705,0.3802499552257359,0.275390625
6,5_10,1_2,0.005825229039371591,0.38737499713897705,0.3802499552257359,0.275390625
6,5_10,2_5,0.020139156981341343,0.38737499713897705,0.3802499552257359,0.275390625
6,5_10,5_10,0.041622414483543396,0.38737499713897705,0.3802499552257359,0.275390625
6,5_10,10_20,0.12662538511447716,0.38737499713897705,0.3802499552257359,0.275390625
6,5_10,20_50,0.33051468968871084,0.38737499713897705,0.3802499552257359,0.275390625
6,5_10,50_100,0.4673505468908573,0.38737499713897705,0.3802499552257359,0.275390625
6,10_20,0_1,0.006298790296346384,0.32789501547813416,0.3205432048998773,0.208984375
6,10_20,1_2,0.005277708668047265,0.32789501547813416,0.3205432048998773,0.208984375
6,10_20,2_5,0.017282391596902466,0.32789501547813416,0.3205432048998773,0.208984375
6,10_20,5_10,0.03454336202858829,0.32789501547813416,0.3205432048998773,0.208984375
6,10_20,10_20,0.10216648280100725,0.32789501547813416,0.3205432048998773,0.208984375
6,10_20,20_50,0.34208171720524616,0.32789501547813416,0.3205432048998773,0.208984375
6,10_20,50_100,0.4923495567800633,0.32789501547813416,0.3205432048998773,0.208984375
6,20_50,0_1,0.005967876555222709,0.1880372166633606,0.17879172321408987,0.08203125
6,20_50,1_2,0.005707297574638364,0.1880372166633606,0.17879172321408987,0.08203125
6,20_50,2_5,0.018064917349649268,0.1880372166633606,0.17879172321408987,0.08203125
6,20_50,5_10,0.03278123886342898,0.1880372166633606,0.17879172321408987,0.08203125
6,20_50,10_20,0.09215570865842,0.1880372166633606,0.17879172321408987,0.08203125
6,20_50,20_50,0.3289010989110586,0.1880372166633606,0.17879172321408987,0.08203125
6,20_50,50_100,0.5164218539447434,0.1880372166633606,0.17879172321408987,0.08203125
6,50_100,0_1,0.008154036074335581,-0.11327603459358215,-0.1171154179610312,0.0234375
6,50_100,1_2,0.008357093045551598,-0.11327603459358215,-0.1171154179610312,0.0234375
6,50_100,2_5,0.026566586641501782,-0.11327603459358215,-0.1171154179610312,0.0234375
6,50_100,5_10,0.04479400723493938,-0.11327603459358215,-0.1171154179610312,0.0234375
6,50_100,10_20,0.09203100723217665,-0.11327603459358215,-0.1171154179610312,0.0234375
6,50_100,20_50,0.2926219939691837,-0.11327603459358215,-0.1171154179610312,0.0234375
6,50_100,50_100,0.5274753007066838,-0.11327603459358215,-0.1171154179610312,0.0234375
7,0_1,0_1,0.14015507560724377,0.6679593324661255,0.5558289438486099,0.701171875
7,0_1,1_2,0.029311998002596394,0.6679593324661255,0.5558289438486099,0.701171875
7,0_1,2_5,0.066127009761987,0.6679593324661255,0.5558289438486099,0.701171875
7,0_1,5_10,0.07455232641865282,0.6679593324661255,0.5558289438486099,0.701171875
7,0_1,10_20,0.16078642076134567,0.6679593324661255,0.5558289438486099,0.701171875
7,0_1,20_50,0.2816989678956049,0.6679593324661255,0.5558289438486099,0.701171875
7,0_1,50_100,0.2473683281506105,0.6679593324661255,0.5558289438486099,0.701171875
7,1_2,0_1,0.03300934204846766,0.6549116373062134,0.6738162878900766,0.494140625
7,1_2,1_2,0.026439665936979714,0.6549116373062134,0.6738162878900766,0.494140625
7,1_2,2_5,0.07612197077141271,0.6549116373062134,0.6738162878900766,0.494140625
7,1_2,5_10,0.11169153511746932,0.6549116373062134,0.6738162878900766,0.494140625
7,1_2,10_20,0.21778630449528272,0.6549116373062134,0.6738162878900766,0.494140625
7,1_2,20_50,0.311955293827465,0.6549116373062134,0.6738162878900766,0.494140625
7,1_2,50_100,0.22299588394894246,0.6549116373062134,0.6738162878900766,0.494140625
7,2_5,0_1,0.012459685891574911,0.5939172506332397,0.5962298873346299,0.400390625
7,2_5,1_2,0.011637246946897764,0.5939172506332397,0.5962298873346299,0.400390625
7,2_5,2_5,0.04303982090995247,0.5939172506332397,0.5962298873346299,0.400390625
7,2_5,5_10,0.08908259547405427,0.5939172506332397,0.5962298873346299,0.400390625
7,2_5,10_20,0.21566644156704995,0.5939172506332397,0.5962298873346299,0.400390625
7,2_5,20_50,0.3571090911895434,0.5939172506332397,0.5962298873346299,0.400390625
7,2_5,50_100,0.2710051445545681,0.5939172506332397,0.5962298873346299,0.400390625
7,5_10,0_1,0.009593642257248024,0.5031465291976929,0.5055279838852584,0.287109375
7,5_10,1_2,0.006827372122566266,0.5031465291976929,0.5055279838852584,0.287109375
7,5_10,2_5,0.021685499880676275,0.5031465291976929,0.5055279838852584,0.287109375
7,5_10,5_10,0.04674728292655925,0.5031465291976929,0.5055279838852584,0.287109375
7,5_10,10_20,0.14601161539430965,0.5031465291976929,0.5055279838852584,0.287109375
7,5_10,20_50,0.39309490753151155,0.5031465291976929,0.5055279838852584,0.287109375
7,5_10,50_100,0.3760397091251404,0.5031465291976929,0.5055279838852584,0.287109375
7,10_20,0_1,0.0067801263320961865,0.40532898902893066,0.39067778643220663,0.2109375
7,10_20,1_2,0.005979642025468953,0.40532898902893066,0.39067778643220663,0.2109375
7,10_20,2_5,0.017144198807210236,0.40532898902893066,0.39067778643220663,0.2109375
7,10_20,5_10,0.0341759370045689,0.40532898902893066,0.39067778643220663,0.2109375
7,10_20,10_20,0.10521931332892571,0.40532898902893066,0.39067778643220663,0.2109375
7,10_20,20_50,0.3718273353250262,0.40532898902893066,0.39067778643220663,0.2109375
7,10_20,50_100,0.4588734256216075,0.40532898902893066,0.39067778643220663,0.2109375
7,20_50,0_1,0.005431872014405878,0.2106405794620514,0.20326066110283136,0.0703125
7,20_50,1_2,0.0052100833007463696,0.2106405794620514,0.20326066110283136,0.0703125
7,20_50,2_5,0.016128825834595382,0.2106405794620514,0.20326066110283136,0.0703125
7,20_50,5_10,0.030479566135687478,0.2106405794620514,0.20326066110283136,0.0703125
7,20_50,10_20,0.08394306209228254,0.2106405794620514,0.20326066110283136,0.0703125
7,20_50,20_50,0.3172624612218144,0.2106405794620514,0.20326066110283136,0.0703125
7,20_50,50_100,0.5415441152764372,0.2106405794620514,0.20326066110283136,0.0703125
7,50_100,0_1,0.0078019076647849826,-0.13703536987304688,-0.1447052201256156,0.015625
7,50_100,1_2,0.007611773399270114,-0.13703536987304688,-0.1447052201256156,0.015625
7,50_100,2_5,0.023757372374268282,-0.13703536987304688,-0.1447052201256156,0.015625
7,50_100,5_10,0.04047072898054198,-0.13703536987304688,-0.1447052201256156,0.015625
7,50_100,10_20,0.08279917144123375,-0.13703536987304688,-0.1447052201256156,0.015625
7,50_100,20_50,0.2841845243632115,-0.13703536987304688,-0.1447052201256156,0.015625
7,50_100,50_100,0.5533745358829403,-0.13703536987304688,-0.1447052201256156,0.015625
8,0_1,0_1,0.32620293458555555,0.6104241609573364,0.4919249787926674,0.509765625
8,0_1,1_2,0.0382824033461407,0.6104241609573364,0.4919249787926674,0.509765625
8,0_1,2_5,0.09778218513503736,0.6104241609573364,0.4919249787926674,0.509765625
8,0_1,5_10,0.055747005812202384,0.6104241609573364,0.4919249787926674,0.509765625
8,0_1,10_20,0.08335363336054634,0.6104241609573364,0.4919249787926674,0.509765625
8,0_1,20_50,0.1674733704507885,0.6104241609573364,0.4919249787926674,0.509765625
8,0_1,50_100,0.23115850987735378,0.6104241609573364,0.4919249787926674,0.509765625
8,1_2,0_1,0.019711825293001084,0.5481102466583252,0.5484873726963997,0.451171875
8,1_2,1_2,0.020109241326262524,0.5481102466583252,0.5484873726963997,0.451171875
8,1_2,2_5,0.046151632624261106,0.5481102466583252,0.5484873726963997,0.451171875
8,1_2,5_10,0.06771960660550469,0.5481102466583252,0.5484873726963997,0.451171875
8,1_2,10_20,0.1340341309322746,0.5481102466583252,0.5484873726963997,0.451171875
8,1_2,20_50,0.2728435768103459,0.5481102466583252,0.5484873726963997,0.451171875
8,1_2,50_100,0.4394300693814034,0.5481102466583252,0.5484873726963997,0.451171875
8,2_5,0_1,0.012564831559776855,0.47599780559539795,0.47883015871047974,0.474609375
8,2_5,1_2,0.013198329253315388,0.47599780559539795,0.47883015871047974,0.474609375
8,2_5,2_5,0.030405560270038868,0.47599780559539795,0.47883015871047974,0.474609375
8,2_5,5_10,0.04984982342499712,0.47599780559539795,0.47883015871047974,0.474609375
8,2_5,10_20,0.11551111695829495,0.47599780559539795,0.47883015871047974,0.474609375
8,2_5,20_50,0.28662073259856274,0.47599780559539795,0.47883015871047974,0.474609375
8,2_5,50_100,0.4918495499696582,0.47599780559539795,0.47883015871047974,0.474609375
8,5_10,0_1,0.006991926607492234,0.39518266916275024,0.38565526343882084,0.28515625
8,5_10,1_2,0.006750120155889515,0.39518266916275024,0.38565526343882084,0.28515625
8,5_10,2_5,0.020927110471752997,0.39518266916275024,0.38565526343882084,0.28515625
8,5_10,5_10,0.038736171170968524,0.39518266916275024,0.38565526343882084,0.28515625
8,5_10,10_20,0.10794548010619416,0.39518266916275024,0.38565526343882084,0.28515625
8,5_10,20_50,0.3019572258845482,0.39518266916275024,0.38565526343882084,0.28515625
8,5_10,50_100,0.5166919113411138,0.39518266916275024,0.38565526343882084,0.28515625
8,10_20,0_1,0.007245470754864834,0.3311332166194916,0.3173406636342406,0.21875
8,10_20,1_2,0.006573456240427492,0.3311332166194916,0.3173406636342406,0.21875
8,10_20,2_5,0.018729253561068884,0.3311332166194916,0.3173406636342406,0.21875
8,10_20,5_10,0.0362602701888835,0.3311332166194916,0.3173406636342406,0.21875
8,10_20,10_20,0.10244912265773867,0.3311332166194916,0.3173406636342406,0.21875
8,10_20,20_50,0.3192483011037802,0.3311332166194916,0.3173406636342406,0.21875
8,10_20,50_100,0.5094941452858098,0.3311332166194916,0.3173406636342406,0.21875
8,20_50,0_1,0.006290207176830534,0.21896612644195557,0.21243805112317204,0.10546875
8,20_50,1_2,0.00527325081045889,0.21896612644195557,0.21243805112317204,0.10546875
8,20_50,2_5,0.017192046946714952,0.21896612644195557,0.21243805112317204,0.10546875
8,20_50,5_10,0.033210422126564124,0.21896612644195557,0.21243805112317204,0.10546875
8,20_50,10_20,0.09575404565035446,0.21896612644195557,0.21243805112317204,0.10546875
8,20_50,20_50,0.3349094841944166,0.21896612644195557,0.21243805112317204,0.10546875
8,20_50,50_100,0.5073705544493209,0.21896612644195557,0.21243805112317204,0.10546875
8,50_100,0_1,0.00753486885707662,-0.11051647365093231,-0.11678540706634521,0.015625
8,50_100,1_2,0.00797517957738999,-0.11051647365093231,-0.11678540706634521,0.015625
8,50_100,2_5,0.024148205752637805,-0.11051647365093231,-0.11678540706634521,0.015625
8,50_100,5_10,0.041479567131840714,-0.11051647365093231,-0.11678540706634521,0.015625
8,50_100,10_20,0.0893009673467147,-0.11051647365093231,-0.11678540706634521,0.015625
8,50_100,20_50,0.3021172848117499,-0.11051647365093231,-0.11678540706634521,0.015625
8,50_100,50_100,0.527443975376395,-0.11051647365093231,-0.11678540706634521,0.015625
9,0_1,0_1,0.35770083065480485,0.36640095710754395,0.27764681726694107,0.560546875
9,0_1,1_2,0.14767634893231618,0.36640095710754395,0.27764681726694107,0.560546875
9,0_1,2_5,0.10094185958050524,0.36640095710754395,0.27764681726694107,0.560546875
9,0_1,5_10,0.05442549219842208,0.36640095710754395,0.27764681726694107,0.560546875
9,0_1,10_20,0.07092003843069486,0.36640095710754395,0.27764681726694107,0.560546875
9,0_1,20_50,0.1221245592194546,0.36640095710754395,0.27764681726694107,0.560546875
9,0_1,50_100,0.14621095750282098,0.36640095710754395,0.27764681726694107,0.560546875
9,1_2,0_1,0.03693534507792877,0.40142518281936646,0.41485635191202164,0.556640625
9,1_2,1_2,0.14850357076789875,0.40142518281936646,0.41485635191202164,0.556640625
9,1_2,2_5,0.2596982084497722,0.40142518281936646,0.41485635191202164,0.556640625
9,1_2,5_10,0.08637372477107505,0.40142518281936646,0.41485635191202164,0.556640625
9,1_2,10_20,0.09513449653531299,0.40142518281936646,0.41485635191202164,0.556640625
9,1_2,20_50,0.1613230937278796,0.40142518281936646,0.41485635191202164,0.556640625
9,1_2,50_100,0.2120314393601762,0.40142518281936646,0.41485635191202164,0.556640625
9,2_5,0_1,0.016666337400984742,0.4452226161956787,0.45167318684980273,0.548828125
9,2_5,1_2,0.020647475171499008,0.4452226161956787,0.45167318684980273,0.548828125
9,2_5,2_5,0.10996525898821134,0.4452226161956787,0.45167318684980273,0.548828125
9,2_5,5_10,0.08427912706305475,0.4452226161956787,0.45167318684980273,0.548828125
9,2_5,10_20,0.12501650008937454,0.4452226161956787,0.45167318684980273,0.548828125
9,2_5,20_50,0.26308467279631964,0.4452226161956787,0.45167318684980273,0.548828125
9,2_5,50_100,0.38034053647736027,0.4452226161956787,0.45167318684980273,0.548828125
9,5_10,0_1,0.0091347615940769,0.4058926999568939,0.39119409304112196,0.263671875
9,5_10,1_2,0.007020743265049271,0.4058926999568939,0.39119409304112196,0.263671875
9,5_10,2_5,0.026009321154102833,0.4058926999568939,0.39119409304112196,0.263671875
9,5_10,5_10,0.04722630213038737,0.4058926999568939,0.39119409304112196,0.263671875
9,5_10,10_20,0.11760533984913048,0.4058926999568939,0.39119409304112196,0.263671875
9,5_10,20_50,0.2999022108341679,0.4058926999568939,0.39119409304112196,0.263671875
9,5_10,50_100,0.4931013579709974,0.4058926999568939,0.39119409304112196,0.263671875
9,10_20,0_1,0.006073904763436197,0.3411487936973572,0.33709562849253416,0.205078125
9,10_20,1_2,0.004983691067610893,0.3411487936973572,0.33709562849253416,0.205078125
9,10_20,2_5,0.018180008493987255,0.3411487936973572,0.33709562849253416,0.205078125
9,10_20,5_10,0.036109170224343554,0.3411487936973572,0.33709562849253416,0.205078125
9,10_20,10_20,0.0971721679053407,0.3411487936973572,0.33709562849253416,0.205078125
9,10_20,20_50,0.31376227759354075,0.3411487936973572,0.33709562849253416,0.205078125
9,10_20,50_100,0.5237188440511606,0.3411487936973572,0.33709562849253416,0.205078125
9,20_50,0_1,0.00544384014765412,0.19740159809589386,0.18841809127479792,0.064453125
9,20_50,1_2,0.004019812628372802,0.19740159809589386,0.18841809127479792,0.064453125
9,20_50,2_5,0.01563493036363662,0.19740159809589386,0.18841809127479792,0.064453125
9,20_50,5_10,0.030717886762110617,0.19740159809589386,0.18841809127479792,0.064453125
9,20_50,10_20,0.08833270357931024,0.19740159809589386,0.18841809127479792,0.064453125
9,20_50,20_50,0.3201643554126174,0.19740159809589386,0.18841809127479792,0.064453125
9,20_50,50_100,0.5356865691374769,0.19740159809589386,0.18841809127479792,0.064453125
9,50_100,0_1,0.006275295909560162,-0.09830872714519501,-0.1083033848553896,0.013671875
9,50_100,1_2,0.00470765771634013,-0.09830872714519501,-0.1083033848553896,0.013671875
9,50_100,2_5,0.01954825083237509,-0.09830872714519501,-0.1083033848553896,0.013671875
9,50_100,5_10,0.03841767050887672,-0.09830872714519501,-0.1083033848553896,0.013671875
9,50_100,10_20,0.08851886461429186,-0.09830872714519501,-0.1083033848553896,0.013671875
9,50_100,20_50,0.31004374746060004,-0.09830872714519501,-0.1083033848553896,0.013671875
9,50_100,50_100,0.5324884348506312,-0.09830872714519501,-0.1083033848553896,0.013671875
10,0_1,0_1,0.23820298720757077,0.7666749358177185,0.611487478017807,0.744140625
10,0_1,1_2,0.05692266304040019,0.7666749358177185,0.611487478017807,0.744140625
10,0_1,2_5,0.08172179627194023,0.7666749358177185,0.611487478017807,0.744140625
10,0_1,5_10,0.07257629061314529,0.7666749358177185,0.611487478017807,0.744140625
10,0_1,10_20,0.11216311963418492,0.7666749358177185,0.611487478017807,0.744140625
10,0_1,20_50,0.20771450245339354,0.7666749358177185,0.611487478017807,0.744140625
10,0_1,50_100,0.23069888391618473,0.7666749358177185,0.611487478017807,0.744140625
10,1_2,0_1,0.025602584564015925,0.6799044609069824,0.69284004624933,0.400390625
10,1_2,1_2,0.022573964695632217,0.6799044609069824,0.69284004624933,0.400390625
10,1_2,2_5,0.07646978132285165,0.6799044609069824,0.69284004624933,0.400390625
10,1_2,5_10,0.11436880105582913,0.6799044609069824,0.69284004624933,0.400390625
10,1_2,10_20,0.1841360932200748,0.6799044609069824,0.69284004624933,0.400390625
10,1_2,20_50,0.2983675355396475,0.6799044609069824,0.69284004624933,0.400390625
10,1_2,50_100,0.2784812140990271,0.6799044609069824,0.69284004624933,0.400390625
10,2_5,0_1,0.010481342345859072,0.6222275495529175,0.6065293624997139,0.423828125
10,2_5,1_2,0.00988274646640764,0.6222275495529175,0.6065293624997139,0.423828125
10,2_5,2_5,0.041257229522912046,0.6222275495529175,0.6065293624997139,0.423828125
10,2_5,5_10,0.08626397634008197,0.6222275495529175,0.6065293624997139,0.423828125
10,2_5,10_20,0.1772744465711705,0.6222275495529175,0.6065293624997139,0.423828125
10,2_5,20_50,0.3399381763994274,0.6222275495529175,0.6065293624997139,0.423828125
10,2_5,50_100,0.3349021755180964,0.6222275495529175,0.6065293624997139,0.423828125
10,5_10,0_1,0.008529624186187214,0.5314363837242126,0.5300090664532036,0.296875
10,5_10,1_2,0.0072762798924341475,0.5314363837242126,0.5300090664532036,0.296875
10,5_10,2_5,0.025282083438462458,0.5314363837242126,0.5300090664532036,0.296875
10,5_10,5_10,0.04880138492978994,0.5314363837242126,0.5300090664532036,0.296875
10,5_10,10_20,0.15023640152750595,0.5314363837242126,0.5300090664532036,0.296875
10,5_10,20_50,0.37443415159689925,0.5314363837242126,0.5300090664532036,0.296875
10,5_10,50_100,0.3854401317841484,0.5314363837242126,0.5300090664532036,0.296875
10,10_20,0_1,0.006778368581123947,0.43142715096473694,0.4238353930413723,0.169921875
10,10_20,1_2,0.005977632329255947,0.43142715096473694,0.4238353930413723,0.169921875
10,10_20,2_5,0.019393212500955034,0.43142715096473694,0.4238353930413723,0.169921875
10,10_20,5_10,0.03883927870989542,0.43142715096473694,0.4238353930413723,0.169921875
10,10_20,10_20,0.10514583644098166,0.43142715096473694,0.4238353930413723,0.169921875
10,10_20,20_50,0.36339787918918576,0.43142715096473694,0.4238353930413723,0.169921875
10,10_20,50_100,0.460467785586818,0.43142715096473694,0.4238353930413723,0.169921875
10,20_50,0_1,0.005741318134621961,0.240431547164917,0.23299334524199367,0.048828125
10,20_50,1_2,0.004696031358181442,0.240431547164917,0.23299334524199367,0.048828125
10,20_50,2_5,0.016882556529959323,0.240431547164917,0.23299334524199367,0.048828125
10,20_50,5_10,0.031292321067520217,0.240431547164917,0.23299334524199367,0.048828125
10,20_50,10_20,0.08218845057176798,0.240431547164917,0.23299334524199367,0.048828125
10,20_50,20_50,0.327466836857136,0.240431547164917,0.23299334524199367,0.048828125
10,20_50,50_100,0.531732447982913,0.240431547164917,0.23299334524199367,0.048828125
10,50_100,0_1,0.006689326420855874,-0.13310909271240234,-0.13996614748612046,0.013671875
10,50_100,1_2,0.0067866172679813905,-0.13310909271240234,-0.13996614748612046,0.013671875
10,50_100,2_5,0.020969858111128774,-0.13310909271240234,-0.13996614748612046,0.013671875
10,50_100,5_10,0.03602043815217542,-0.13310909271240234,-0.13996614748612046,0.013671875
10,50_100,10_20,0.07762369963606196,-0.13310909271240234,-0.13996614748612046,0.013671875
10,50_100,20_50,0.2846253744397971,-0.13310909271240234,-0.13996614748612046,0.013671875
10,50_100,50_100,0.5672846825491821,-0.13310909271240234,-0.13996614748612046,0.013671875
11,0_1,0_1,0.39238970942117857,0.47951430082321167,0.41749182716012,0.427734375
11,0_1,1_2,0.10732073852186332,0.47951430082321167,0.41749182716012,0.427734375
11,0_1,2_5,0.06921703287268788,0.47951430082321167,0.41749182716012,0.427734375
11,0_1,5_10,0.04918121195733159,0.47951430082321167,0.41749182716012,0.427734375
11,0_1,10_20,0.06407112879687593,0.47951430082321167,0.41749182716012,0.427734375
11,0_1,20_50,0.13515566107555343,0.47951430082321167,0.41749182716012,0.427734375
11,0_1,50_100,0.1826641845146002,0.47951430082321167,0.41749182716012,0.427734375
11,1_2,0_1,0.06868283965022155,0.3657202124595642,0.3249691128730774,0.359375
11,1_2,1_2,0.20659497205596386,0.3657202124595642,0.3249691128730774,0.359375
11,1_2,2_5,0.2935551726203955,0.3657202124595642,0.3249691128730774,0.359375
11,1_2,5_10,0.09420545904346195,0.3657202124595642,0.3249691128730774,0.359375
11,1_2,10_20,0.0687488325446034,0.3657202124595642,0.3249691128730774,0.359375
11,1_2,20_50,0.11876134138862872,0.3657202124595642,0.3249691128730774,0.359375
11,1_2,50_100,0.14945141711463178,0.3657202124595642,0.3249691128730774,0.359375
11,2_5,0_1,0.02177128151405725,0.308477520942688,0.2925628609955311,0.4140625
11,2_5,1_2,0.05014432819353255,0.308477520942688,0.2925628609955311,0.4140625
11,2_5,2_5,0.34034914732969,0.308477520942688,0.2925628609955311,0.4140625
11,2_5,5_10,0.21070815808533294,0.308477520942688,0.2925628609955311,0.4140625
11,2_5,10_20,0.09502942681336875,0.308477520942688,0.2925628609955311,0.4140625
11,2_5,20_50,0.12464506570684877,0.308477520942688,0.2925628609955311,0.4140625
11,2_5,50_100,0.1573523603150527,0.308477520942688,0.2925628609955311,0.4140625
11,5_10,0_1,0.010579680140296125,0.3290415108203888,0.322366688400507,0.390625
11,5_10,1_2,0.011569541786592807,0.3290415108203888,0.322366688400507,0.390625
11,5_10,2_5,0.0694128981355674,0.3290415108203888,0.322366688400507,0.390625
11,5_10,5_10,0.2787490933470104,0.3290415108203888,0.322366688400507,0.390625
11,5_10,10_20,0.20571526759783812,0.3290415108203888,0.322366688400507,0.390625
11,5_10,20_50,0.18975596620705762,0.3290415108203888,0.322366688400507,0.390625
11,5_10,50_100,0.23421751421329806,0.3290415108203888,0.322366688400507,0.390625
11,10_20,0_1,0.007566934753914675,0.35376426577568054,0.34731084620580077,0.30859375
11,10_20,1_2,0.005837536734324629,0.35376426577568054,0.34731084620580077,0.30859375
11,10_20,2_5,0.020679787480037064,0.35376426577568054,0.34731084620580077,0.30859375
11,10_20,5_10,0.06186241597810611,0.35376426577568054,0.34731084620580077,0.30859375
11,10_20,10_20,0.1928989427581738,0.35376426577568054,0.34731084620580077,0.30859375
11,10_20,20_50,0.32448480726872686,0.35376426577568054,0.34731084620580077,0.30859375
11,10_20,50_100,0.3866695549619357,0.35376426577568054,0.34731084620580077,0.30859375
11,20_50,0_1,0.005665666987957683,0.2362530529499054,0.2270000483840704,0.125
11,20_50,1_2,0.004131369293760782,0.2362530529499054,0.2270000483840704,0.125
11,20_50,2_5,0.012901842774040558,0.2362530529499054,0.2270000483840704,0.125
11,20_50,5_10,0.027882050030784245,0.2362530529499054,0.2270000483840704,0.125
11,20_50,10_20,0.0995865068849943,0.2362530529499054,0.2270000483840704,0.125
11,20_50,20_50,0.35872477222581023,0.2362530529499054,0.2270000483840704,0.125
11,20_50,50_100,0.4911077605530272,0.2362530529499054,0.2270000483840704,0.125
11,50_100,0_1,0.006028874592746066,-0.08968433737754822,-0.09549482678994536,0.01171875
11,50_100,1_2,0.00423505018626492,-0.08968433737754822,-0.09549482678994536,0.01171875
11,50_100,2_5,0.013047872074125992,-0.08968433737754822,-0.09549482678994536,0.01171875
11,50_100,5_10,0.024745861029168238,-0.08968433737754822,-0.09549482678994536,0.01171875
11,50_100,10_20,0.07609973966557039,-0.08968433737754822,-0.09549482678994536,0.01171875
11,50_100,20_50,0.30227263741370325,-0.08968433737754822,-0.09549482678994536,0.01171875
11,50_100,50_100,0.5735699449806033,-0.08968433737754822,-0.09549482678994536,0.01171875
12,0_1,0_1,0.2768158826133353,0.7503761649131775,0.6601241901516914,0.599609375
12,0_1,1_2,0.02688463770550081,0.7503761649131775,0.6601241901516914,0.599609375
12,0_1,2_5,0.04565626336952551,0.7503761649131775,0.6601241901516914,0.599609375
12,0_1,5_10,0.05466911011648553,0.7503761649131775,0.6601241901516914,0.599609375
12,0_1,10_20,0.10898081121207398,0.7503761649131775,0.6601241901516914,0.599609375
12,0_1,20_50,0.23225142928074735,0.7503761649131775,0.6601241901516914,0.599609375
12,0_1,50_100,0.2547416658257043,0.7503761649131775,0.6601241901516914,0.599609375
12,1_2,0_1,0.013436691361935229,0.700173020362854,0.6610133312642574,0.455078125
12,1_2,1_2,0.014641001674356464,0.700173020362854,0.6610133312642574,0.455078125
12,1_2,2_5,0.045788141525950676,0.700173020362854,0.6610133312642574,0.455078125
12,1_2,5_10,0.08595334634035717,0.700173020362854,0.6610133312642574,0.455078125
12,1_2,10_20,0.20698270427364543,0.700173020362854,0.6610133312642574,0.455078125
12,1_2,20_50,0.31845277014481305,0.700173020362854,0.6610133312642574,0.455078125
12,1_2,50_100,0.31474542941358086,0.700173020362854,0.6610133312642574,0.455078125
12,2_5,0_1,0.008727523185146985,0.624862790107727,0.61670623999089,0.4453125
12,2_5,1_2,0.0063810866937857695,0.624862790107727,0.61670623999089,0.4453125
12,2_5,2_5,0.023053344056752023,0.624862790107727,0.61670623999089,0.4453125
12,2_5,5_10,0.05437668828753328,0.624862790107727,0.61670623999089,0.4453125
12,2_5,10_20,0.17996631854474576,0.624862790107727,0.61670623999089,0.4453125
12,2_5,20_50,0.3812055698600941,0.624862790107727,0.61670623999089,0.4453125
12,2_5,50_100,0.34628956072029615,0.624862790107727,0.61670623999089,0.4453125
12,5_10,0_1,0.006610685040079351,0.5520181655883789,0.5489404741674662,0.3359375
12,5_10,1_2,0.0053776884795938016,0.5520181655883789,0.5489404741674662,0.3359375
12,5_10,2_5,0.01481867872740036,0.5520181655883789,0.5489404741674662,0.3359375
12,5_10,5_10,0.03251584899682554,0.5520181655883789,0.5489404741674662,0.3359375
12,5_10,10_20,0.12878396287560803,0.5520181655883789,0.5489404741674662,0.3359375
12,5_10,20_50,0.40186131364188876,0.5520181655883789,0.5489404741674662,0.3359375
12,5_10,50_100,0.41003186883046155,0.5520181655883789,0.5489404741674662,0.3359375
12,10_20,0_1,0.005228996556825344,0.47194886207580566,0.4577790033072233,0.240234375
12,10_20,1_2,0.004430649572084935,0.47194886207580566,0.4577790033072233,0.240234375
12,10_20,2_5,0.013582456340228607,0.47194886207580566,0.4577790033072233,0.240234375
12,10_20,5_10,0.02570046692570688,0.47194886207580566,0.4577790033072233,0.240234375
12,10_20,10_20,0.0919434068527123,0.47194886207580566,0.4577790033072233,0.240234375
12,10_20,20_50,0.3753014180151483,0.47194886207580566,0.4577790033072233,0.240234375
12,10_20,50_100,0.48381256338757933,0.47194886207580566,0.4577790033072233,0.240234375
12,20_50,0_1,0.005293911801115799,0.2844139337539673,0.2730929972603917,0.08984375
12,20_50,1_2,0.004538638435617932,0.2844139337539673,0.2730929972603917,0.08984375
12,20_50,2_5,0.014085942524124285,0.2844139337539673,0.2730929972603917,0.08984375
12,20_50,5_10,0.02682544184354885,0.2844139337539673,0.2730929972603917,0.08984375
12,20_50,10_20,0.0759290045661222,0.2844139337539673,0.2730929972603917,0.08984375
12,20_50,20_50,0.3181085406770785,0.2844139337539673,0.2730929972603917,0.08984375
12,20_50,50_100,0.5552185607675635,0.2844139337539673,0.2730929972603917,0.08984375
12,50_100,0_1,0.008416739638534287,-0.13719937205314636,-0.14415110228583217,0.02734375
12,50_100,1_2,0.007621196602349154,-0.13719937205314636,-0.14415110228583217,0.02734375
12,50_100,2_5,0.02402302021998614,-0.13719937205314636,-0.14415110228583217,0.02734375
12,50_100,5_10,0.04095002768755787,-0.13719937205314636,-0.14415110228583217,0.02734375
12,50_100,10_20,0.08636125535818984,-0.13719937205314636,-0.14415110228583217,0.02734375
12,50_100,20_50,0.28248770408784135,-0.13719937205314636,-0.14415110228583217,0.02734375
12,50_100,50_100,0.5501400468765085,-0.13719937205314636,-0.14415110228583217,0.02734375
13,0_1,0_1,0.2759275088987667,0.7865883111953735,0.6619643494486809,0.56640625
13,0_1,1_2,0.0276057651057878,0.7865883111953735,0.6619643494486809,0.56640625
13,0_1,2_5,0.05717615762086627,0.7865883111953735,0.6619643494486809,0.56640625
13,0_1,5_10,0.07358140714227321,0.7865883111953735,0.6619643494486809,0.56640625
13,0_1,10_20,0.1264712768793587,0.7865883111953735,0.6619643494486809,0.56640625
13,0_1,20_50,0.2199041735603616,0.7865883111953735,0.6619643494486809,0.56640625
13,0_1,50_100,0.21933363858689642,0.7865883111953735,0.6619643494486809,0.56640625
13,1_2,0_1,0.014474302193489622,0.7340773344039917,0.7370532772038132,0.431640625
13,1_2,1_2,0.016026282847471363,0.7340773344039917,0.7370532772038132,0.431640625
13,1_2,2_5,0.05161686900753762,0.7340773344039917,0.7370532772038132,0.431640625
13,1_2,5_10,0.11886674032125465,0.7340773344039917,0.7370532772038132,0.431640625
13,1_2,10_20,0.23529086563333781,0.7340773344039917,0.7370532772038132,0.431640625
13,1_2,20_50,0.2962117096075512,0.7340773344039917,0.7370532772038132,0.431640625
13,1_2,50_100,0.2675132615056793,0.7340773344039917,0.7370532772038132,0.431640625
13,2_5,0_1,0.008669847525892968,0.6538060307502747,0.6593524953350425,0.50390625
13,2_5,1_2,0.007063629179331007,0.6538060307502747,0.6593524953350425,0.50390625
13,2_5,2_5,0.029837630240605657,0.6538060307502747,0.6593524953350425,0.50390625
13,2_5,5_10,0.0716725978568557,0.6538060307502747,0.6593524953350425,0.50390625
13,2_5,10_20,0.2193856258407481,0.6538060307502747,0.6593524953350425,0.50390625
13,2_5,20_50,0.37041583505979464,0.6538060307502747,0.6593524953350425,0.50390625
13,2_5,50_100,0.29295486672351045,0.6538060307502747,0.6593524953350425,0.50390625
13,5_10,0_1,0.0066096310380521295,0.5784351825714111,0.5637420145794749,0.32421875
13,5_10,1_2,0.005789557156345796,0.5784351825714111,0.5637420145794749,0.32421875
13,5_10,2_5,0.01791165655473363,0.5784351825714111,0.5637420145794749,0.32421875
13,5_10,5_10,0.037529319023512635,0.5784351825714111,0.5637420145794749,0.32421875
13,5_10,10_20,0.1423818068142307,0.5784351825714111,0.5637420145794749,0.32421875
13,5_10,20_50,0.4174339933203824,0.5784351825714111,0.5637420145794749,0.32421875
13,5_10,50_100,0.37234405453426095,0.5784351825714111,0.5637420145794749,0.32421875
13,10_20,0_1,0.006006365575996963,0.4882504343986511,0.4787454139441252,0.220703125
13,10_20,1_2,0.004745673730591536,0.4882504343986511,0.4787454139441252,0.220703125
13,10_20,2_5,0.014631049437836571,0.4882504343986511,0.4787454139441252,0.220703125
13,10_20,5_10,0.02804001151682561,0.4882504343986511,0.4787454139441252,0.220703125
13,10_20,10_20,0.08859617420468294,0.4882504343986511,0.4787454139441252,0.220703125
13,10_20,20_50,0.3908865472208384,0.4882504343986511,0.4787454139441252,0.220703125
13,10_20,50_100,0.46709420148032166,0.4882504343986511,0.4787454139441252,0.220703125
13,20_50,0_1,0.005826376655126996,0.2793000340461731,0.27131747733801603,0.091796875
13,20_50,1_2,0.004866014818355058,0.2793000340461731,0.27131747733801603,0.091796875
13,20_50,2_5,0.014305045454258716,0.2793000340461731,0.27131747733801603,0.091796875
13,20_50,5_10,0.02520133276714026,0.2793000340461731,0.27131747733801603,0.091796875
13,20_50,10_20,0.07231360284389174,0.2793000340461731,0.27131747733801603,0.091796875
13,20_50,20_50,0.3155301248247662,0.2793000340461731,0.27131747733801603,0.091796875
13,20_50,50_100,0.5619574697809941,0.2793000340461731,0.27131747733801603,0.091796875
13,50_100,0_1,0.008417720843603826,-0.15361425280570984,-0.1650063181295991,0.015625
13,50_100,1_2,0.007593057093705169,-0.15361425280570984,-0.1650063181295991,0.015625
13,50_100,2_5,0.022035124395171732,-0.15361425280570984,-0.1650063181295991,0.015625
13,50_100,5_10,0.03757088732965717,-0.15361425280570984,-0.1650063181295991,0.015625
13,50_100,10_20,0.08146786556006225,-0.15361425280570984,-0.1650063181295991,0.015625
13,50_100,20_50,0.28117561048665524,-0.15361425280570984,-0.1650063181295991,0.015625
13,50_100,50_100,0.5617397067997505,-0.15361425280570984,-0.1650063181295991,0.015625
14,0_1,0_1,0.24071499705371519,0.6489354372024536,0.565782830119133,0.4375
14,0_1,1_2,0.013887090131269795,0.6489354372024536,0.565782830119133,0.4375
14,0_1,2_5,0.021032502715628933,0.6489354372024536,0.565782830119133,0.4375
14,0_1,5_10,0.025675676070712947,0.6489354372024536,0.565782830119133,0.4375
14,0_1,10_20,0.06115233212909458,0.6489354372024536,0.565782830119133,0.4375
14,0_1,20_50,0.26320679434177524,0.6489354372024536,0.565782830119133,0.4375
14,0_1,50_100,0.37433071128694523,0.6489354372024536,0.565782830119133,0.4375
14,1_2,0_1,0.024310173829187834,0.7124243378639221,0.6845236271619797,0.43359375
14,1_2,1_2,0.02256210987238842,0.7124243378639221,0.6845236271619797,0.43359375
14,1_2,2_5,0.05123358564247881,0.7124243378639221,0.6845236271619797,0.43359375
14,1_2,5_10,0.06653983132038631,0.7124243378639221,0.6845236271619797,0.43359375
14,1_2,10_20,0.11467354482197008,0.7124243378639221,0.6845236271619797,0.43359375
14,1_2,20_50,0.28599334061964893,0.7124243378639221,0.6845236271619797,0.43359375
14,1_2,50_100,0.43468737791647705,0.7124243378639221,0.6845236271619797,0.43359375
14,2_5,0_1,0.010142543429178707,0.6221650242805481,0.6005667336285114,0.4765625
14,2_5,1_2,0.011812610213232762,0.6221650242805481,0.6005667336285114,0.4765625
14,2_5,2_5,0.03250100944451402,0.6221650242805481,0.6005667336285114,0.4765625
14,2_5,5_10,0.05661461214364204,0.6221650242805481,0.6005667336285114,0.4765625
14,2_5,10_20,0.1151140441654794,0.6221650242805481,0.6005667336285114,0.4765625
14,2_5,20_50,0.30236494643319134,0.6221650242805481,0.6005667336285114,0.4765625
14,2_5,50_100,0.4714502395381897,0.6221650242805481,0.6005667336285114,0.4765625
14,5_10,0_1,0.007642465844358237,0.5353226661682129,0.5270660519599915,0.31640625
14,5_10,1_2,0.007026009928174879,0.5353226661682129,0.5270660519599915,0.31640625
14,5_10,2_5,0.021076502286131695,0.5353226661682129,0.5270660519599915,0.31640625
14,5_10,5_10,0.03884034661861662,0.5353226661682129,0.5270660519599915,0.31640625
14,5_10,10_20,0.11125014755955699,0.5353226661682129,0.5270660519599915,0.31640625
14,5_10,20_50,0.3085085410338918,0.5353226661682129,0.5270660519599915,0.31640625
14,5_10,50_100,0.5056560619630036,0.5353226661682129,0.5270660519599915,0.31640625
14,10_20,0_1,0.007045721240988419,0.4407045543193817,0.4325708905234933,0.25390625
14,10_20,1_2,0.005901439609639052,0.4407045543193817,0.4325708905234933,0.25390625
14,10_20,2_5,0.01773031647939967,0.4407045543193817,0.4325708905234933,0.25390625
14,10_20,5_10,0.03240001710995788,0.4407045543193817,0.4325708905234933,0.25390625
14,10_20,10_20,0.09637461488168161,0.4407045543193817,0.4325708905234933,0.25390625
14,10_20,20_50,0.31323364354389066,0.4407045543193817,0.4325708905234933,0.25390625
14,10_20,50_100,0.5273141867230189,0.4407045543193817,0.4325708905234933,0.25390625
14,20_50,0_1,0.006330848869255052,0.27597665786743164,0.2658208757638931,0.138671875
14,20_50,1_2,0.005527970435993169,0.27597665786743164,0.2658208757638931,0.138671875
14,20_50,2_5,0.016504368166397835,0.27597665786743164,0.2658208757638931,0.138671875
14,20_50,5_10,0.0296546705064859,0.27597665786743164,0.2658208757638931,0.138671875
14,20_50,10_20,0.08490003597245065,0.27597665786743164,0.2658208757638931,0.138671875
14,20_50,20_50,0.3246240258394922,0.27597665786743164,0.2658208757638931,0.138671875
14,20_50,50_100,0.5324581128648997,0.27597665786743164,0.2658208757638931,0.138671875
14,50_100,0_1,0.008181739665990844,-0.12081938982009888,-0.13070507533848286,0.015625
14,50_100,1_2,0.007421938960658709,-0.12081938982009888,-0.13070507533848286,0.015625
14,50_100,2_5,0.02295854468750196,-0.12081938982009888,-0.13070507533848286,0.015625
14,50_100,5_10,0.040117019157623085,-0.12081938982009888,-0.13070507533848286,0.015625
14,50_100,10_20,0.0868932967338791,-0.12081938982009888,-0.13070507533848286,0.015625
14,50_100,20_50,0.30126658382441934,-0.12081938982009888,-0.13070507533848286,0.015625
14,50_100,50_100,0.5331609397685637,-0.12081938982009888,-0.13070507533848286,0.015625
15,0_1,0_1,0.25132218833959263,0.6758507490158081,0.6188460290431976,0.474609375
15,0_1,1_2,0.06731500590921198,0.6758507490158081,0.6188460290431976,0.474609375
15,0_1,2_5,0.09087874870493082,0.6758507490158081,0.6188460290431976,0.474609375
15,0_1,5_10,0.08092512936873172,0.6758507490158081,0.6188460290431976,0.474609375
15,0_1,10_20,0.11494084915082499,0.6758507490158081,0.6188460290431976,0.474609375
15,0_1,20_50,0.20920988947476243,0.6758507490158081,0.6188460290431976,0.474609375
15,0_1,50_100,0.1854081501869149,0.6758507490158081,0.6188460290431976,0.474609375
15,1_2,0_1,0.04731085868181815,0.6821609735488892,0.6380344927310944,0.423828125
15,1_2,1_2,0.08619545481572365,0.6821609735488892,0.6380344927310944,0.423828125
15,1_2,2_5,0.1088360878271351,0.6821609735488892,0.6380344927310944,0.423828125
15,1_2,5_10,0.12521542380092857,0.6821609735488892,0.6380344927310944,0.423828125
15,1_2,10_20,0.16463287354358647,0.6821609735488892,0.6380344927310944,0.423828125
15,1_2,20_50,0.27468784340636204,0.6821609735488892,0.6380344927310944,0.423828125
15,1_2,50_100,0.1931215474080168,0.6821609735488892,0.6380344927310944,0.423828125
15,2_5,0_1,0.011812969754054468,0.6460604071617126,0.6372193219140172,0.546875
15,2_5,1_2,0.018514114829104394,0.6460604071617126,0.6372193219140172,0.546875
15,2_5,2_5,0.08957955030438704,0.6460604071617126,0.6372193219140172,0.546875
15,2_5,5_10,0.11911939893625588,0.6460604071617126,0.6372193219140172,0.546875
15,2_5,10_20,0.19913236105295368,0.6460604071617126,0.6372193219140172,0.546875
15,2_5,20_50,0.3291256572907943,0.6460604071617126,0.6372193219140172,0.546875
15,2_5,50_100,0.2327159446869162,0.6460604071617126,0.6372193219140172,0.546875
15,5_10,0_1,0.006431247040206257,0.636488676071167,0.6235065246000886,0.400390625
15,5_10,1_2,0.00580264926666601,0.636488676071167,0.6235065246000886,0.400390625
15,5_10,2_5,0.02574053162025783,0.636488676071167,0.6235065246000886,0.400390625
15,5_10,5_10,0.06376158826387672,0.636488676071167,0.6235065246000886,0.400390625
15,5_10,10_20,0.17465909947395705,0.636488676071167,0.6235065246000886,0.400390625
15,5_10,20_50,0.40053125439382464,0.636488676071167,0.6235065246000886,0.400390625
15,5_10,50_100,0.32307373131159905,0.636488676071167,0.6235065246000886,0.400390625
15,10_20,0_1,0.0048237590463679,0.5647639036178589,0.5576514713466167,0.2421875
15,10_20,1_2,0.004850676834722143,0.5647639036178589,0.5576514713466167,0.2421875
15,10_20,2_5,0.014487831347841805,0.5647639036178589,0.5576514713466167,0.2421875
15,10_20,5_10,0.03302764775639427,0.5647639036178589,0.5576514713466167,0.2421875
15,10_20,10_20,0.10789702533970555,0.5647639036178589,0.5576514713466167,0.2421875
15,10_20,20_50,0.40187585761474515,0.5647639036178589,0.5576514713466167,0.2421875
15,10_20,50_100,0.4330373314760858,0.5647639036178589,0.5576514713466167,0.2421875
15,20_50,0_1,0.0049218187565892215,0.35559016466140747,0.3474476570263505,0.12109375
15,20_50,1_2,0.004587907573238619,0.35559016466140747,0.3474476570263505,0.12109375
15,20_50,2_5,0.014301762560655575,0.35559016466140747,0.3474476570263505,0.12109375
15,20_50,5_10,0.02591870042462489,0.35559016466140747,0.3474476570263505,0.12109375
15,20_50,10_20,0.07083141537049378,0.35559016466140747,0.3474476570263505,0.12109375
15,20_50,20_50,0.32292472267692035,0.35559016466140747,0.3474476570263505,0.12109375
15,20_50,50_100,0.5565137567017322,0.35559016466140747,0.3474476570263505,0.12109375
15,50_100,0_1,0.007314307647686787,-0.17349648475646973,-0.18152068369090557,0.013671875
15,50_100,1_2,0.00697530397283894,-0.17349648475646973,-0.18152068369090557,0.013671875
15,50_100,2_5,0.02054119962837025,-0.17349648475646973,-0.18152068369090557,0.013671875
15,50_100,5_10,0.03443095631286342,-0.17349648475646973,-0.18152068369090557,0.013671875
15,50_100,10_20,0.0760615486387783,-0.17349648475646973,-0.18152068369090557,0.013671875
15,50_100,20_50,0.2768500763833691,-0.17349648475646973,-0.18152068369090557,0.013671875
15,50_100,50_100,0.5778265751643146,-0.17349648475646973,-0.18152068369090557,0.013671875
16,0_1,0_1,0.37151862567141203,0.7166042327880859,0.588591679930687,0.501953125
16,0_1,1_2,0.05575575950765464,0.7166042327880859,0.588591679930687,0.501953125
16,0_1,2_5,0.06807805744029134,0.7166042327880859,0.588591679930687,0.501953125
16,0_1,5_10,0.057099586671781,0.7166042327880859,0.588591679930687,0.501953125
16,0_1,10_20,0.0891543181774006,0.7166042327880859,0.588591679930687,0.501953125
16,0_1,20_50,0.16966487219253426,0.7166042327880859,0.588591679930687,0.501953125
16,0_1,50_100,0.18872901996176378,0.7166042327880859,0.588591679930687,0.501953125
16,1_2,0_1,0.04850338293185136,0.726990818977356,0.6907296106219292,0.474609375
16,1_2,1_2,0.07153151200265526,0.726990818977356,0.6907296106219292,0.474609375
16,1_2,2_5,0.13539608615045004,0.726990818977356,0.6907296106219292,0.474609375
16,1_2,5_10,0.10910027991840085,0.726990818977356,0.6907296106219292,0.474609375
16,1_2,10_20,0.15113880454053066,0.726990818977356,0.6907296106219292,0.474609375
16,1_2,20_50,0.2468686285737853,0.726990818977356,0.6907296106219292,0.474609375
16,1_2,50_100,0.23746134533659646,0.726990818977356,0.6907296106219292,0.474609375
16,2_5,0_1,0.012906345476177366,0.6664110422134399,0.6468815822154284,0.556640625
16,2_5,1_2,0.029548640129515677,0.6664110422134399,0.6468815822154284,0.556640625
16,2_5,2_5,0.1038133927034514,0.6664110422134399,0.6468815822154284,0.556640625
16,2_5,5_10,0.11656456453679508,0.6664110422134399,0.6468815822154284,0.556640625
16,2_5,10_20,0.18683470233511512,0.6664110422134399,0.6468815822154284,0.556640625
16,2_5,20_50,0.296998362389891,0.6664110422134399,0.6468815822154284,0.556640625
16,2_5,50_100,0.2533340759405526,0.6664110422134399,0.6468815822154284,0.556640625
16,5_10,0_1,0.009812562673613112,0.5997161865234375,0.5875146817415953,0.341796875
16,5_10,1_2,0.010413864969885892,0.5997161865234375,0.5875146817415953,0.341796875
16,5_10,2_5,0.04129551498923981,0.5997161865234375,0.5875146817415953,0.341796875
16,5_10,5_10,0.08356076793241674,0.5997161865234375,0.5875146817415953,0.341796875
16,5_10,10_20,0.18090307242123785,0.5997161865234375,0.5875146817415953,0.341796875
16,5_10,20_50,0.3590784403666131,0.5997161865234375,0.5875146817415953,0.341796875
16,5_10,50_100,0.3149358221082684,0.5997161865234375,0.5875146817415953,0.341796875
16,10_20,0_1,0.006888977573764029,0.4966185390949249,0.48470494896173477,0.2578125
16,10_20,1_2,0.007965890352778874,0.4966185390949249,0.48470494896173477,0.2578125
16,10_20,2_5,0.023240237767491966,0.4966185390949249,0.48470494896173477,0.2578125
16,10_20,5_10,0.043201933338330376,0.4966185390949249,0.48470494896173477,0.2578125
16,10_20,10_20,0.11754095436359954,0.4966185390949249,0.48470494896173477,0.2578125
16,10_20,20_50,0.3933907606867374,0.4966185390949249,0.48470494896173477,0.2578125
16,10_20,50_100,0.40777130738818457,0.4966185390949249,0.48470494896173477,0.2578125
16,20_50,0_1,0.006292733829581114,0.2961437404155731,0.28979480685666203,0.09765625
16,20_50,1_2,0.006338074979646689,0.2961437404155731,0.28979480685666203,0.09765625
16,20_50,2_5,0.01867310409407723,0.2961437404155731,0.28979480685666203,0.09765625
16,20_50,5_10,0.03148516994794046,0.2961437404155731,0.28979480685666203,0.09765625
16,20_50,10_20,0.07634590946917949,0.2961437404155731,0.28979480685666203,0.09765625
16,20_50,20_50,0.32901963565811904,0.2961437404155731,0.28979480685666203,0.09765625
16,20_50,50_100,0.5318454417175023,0.2961437404155731,0.28979480685666203,0.09765625
16,50_100,0_1,0.007271065074500716,-0.13369964063167572,-0.1391882821917534,0.013671875
16,50_100,1_2,0.006862779143681067,-0.13369964063167572,-0.1391882821917534,0.013671875
16,50_100,2_5,0.020680998856404165,-0.13369964063167572,-0.1391882821917534,0.013671875
16,50_100,5_10,0.03409909370717429,-0.13369964063167572,-0.1391882821917534,0.013671875
16,50_100,10_20,0.07284138199618527,-0.13369964063167572,-0.1391882821917534,0.013671875
16,50_100,20_50,0.2727451604798445,-0.13369964063167572,-0.1391882821917534,0.013671875
16,50_100,50_100,0.5854995573842594,-0.13369964063167572,-0.1391882821917534,0.013671875
17,0_1,0_1,0.3318176355005627,0.8902167081832886,0.7810171097517014,0.552734375
17,0_1,1_2,0.09887490213612353,0.8902167081832886,0.7810171097517014,0.552734375
17,0_1,2_5,0.07947419660748659,0.8902167081832886,0.7810171097517014,0.552734375
17,0_1,5_10,0.06798658400790938,0.8902167081832886,0.7810171097517014,0.552734375
17,0_1,10_20,0.09259384519652127,0.8902167081832886,0.7810171097517014,0.552734375
17,0_1,20_50,0.16379386538322774,0.8902167081832886,0.7810171097517014,0.552734375
17,0_1,50_100,0.16545911991801557,0.8902167081832886,0.7810171097517014,0.552734375
17,1_2,0_1,0.03959424380041825,0.8548026084899902,0.8326827101409435,0.51953125
17,1_2,1_2,0.11349652108612193,0.8548026084899902,0.8326827101409435,0.51953125
17,1_2,2_5,0.1892046573913694,0.8548026084899902,0.8326827101409435,0.51953125
17,1_2,5_10,0.13963668561788764,0.8548026084899902,0.8326827101409435,0.51953125
17,1_2,10_20,0.14150319704786826,0.8548026084899902,0.8326827101409435,0.51953125
17,1_2,20_50,0.19250711587759495,0.8548026084899902,0.8326827101409435,0.51953125
17,1_2,50_100,0.18405761222282047,0.8548026084899902,0.8326827101409435,0.51953125
17,2_5,0_1,0.010506390103337503,0.7531244158744812,0.7510396053548902,0.4921875
17,2_5,1_2,0.013014062832769157,0.7531244158744812,0.7510396053548902,0.4921875
17,2_5,2_5,0.07010296416595099,0.7531244158744812,0.7510396053548902,0.4921875
17,2_5,5_10,0.13800280776745635,0.7531244158744812,0.7510396053548902,0.4921875
17,2_5,10_20,0.2606022852019818,0.7531244158744812,0.7510396053548902,0.4921875
17,2_5,20_50,0.28553063137215323,0.7531244158744812,0.7510396053548902,0.4921875
17,2_5,50_100,0.2222410616645292,0.7531244158744812,0.7510396053548902,0.4921875
17,5_10,0_1,0.006052625538321914,0.6701428294181824,0.6647507823072374,0.3515625
17,5_10,1_2,0.005364222513670842,0.6701428294181824,0.6647507823072374,0.3515625
17,5_10,2_5,0.02035524444479129,0.6701428294181824,0.6647507823072374,0.3515625
17,5_10,5_10,0.056716502807731266,0.6701428294181824,0.6647507823072374,0.3515625
17,5_10,10_20,0.2329902737265754,0.6701428294181824,0.6647507823072374,0.3515625
17,5_10,20_50,0.3955389305019361,0.6701428294181824,0.6647507823072374,0.3515625
17,5_10,50_100,0.2829822822308336,0.6701428294181824,0.6647507823072374,0.3515625
17,10_20,0_1,0.004763278569923986,0.5726386308670044,0.56421282235533,0.24609375
17,10_20,1_2,0.004092553790476287,0.5726386308670044,0.56421282235533,0.24609375
17,10_20,2_5,0.013009987636022109,0.5726386308670044,0.56421282235533,0.24609375
17,10_20,5_10,0.02795244374242116,0.5726386308670044,0.56421282235533,0.24609375
17,10_20,10_20,0.115061906408459,0.5726386308670044,0.56421282235533,0.24609375
17,10_20,20_50,0.444932038759316,0.5726386308670044,0.56421282235533,0.24609375
17,10_20,50_100,0.39018786834249364,0.5726386308670044,0.56421282235533,0.24609375
17,20_50,0_1,0.004450396740806967,0.32620882987976074,0.32179966336116195,0.11328125
17,20_50,1_2,0.0035644185983351967,0.32620882987976074,0.32179966336116195,0.11328125
17,20_50,2_5,0.01240276213467077,0.32620882987976074,0.32179966336116195,0.11328125
17,20_50,5_10,0.02361077949408973,0.32620882987976074,0.32179966336116195,0.11328125
17,20_50,10_20,0.06706521061796031,0.32620882987976074,0.32179966336116195,0.11328125
17,20_50,20_50,0.3440268265064178,0.32620882987976074,0.32179966336116195,0.11328125
17,20_50,50_100,0.5448795933652375,0.32620882987976074,0.32179966336116195,0.11328125
17,50_100,0_1,0.00636610091182106,-0.1814156174659729,-0.19244038220494986,0.01171875
17,50_100,1_2,0.006431372507907092,-0.1814156174659729,-0.19244038220494986,0.01171875
17,50_100,2_5,0.020882778315203358,-0.1814156174659729,-0.19244038220494986,0.01171875
17,50_100,5_10,0.03801427416971286,-0.1814156174659729,-0.19244038220494986,0.01171875
17,50_100,10_20,0.07338992261920939,-0.1814156174659729,-0.19244038220494986,0.01171875
17,50_100,20_50,0.2664328228403702,-0.1814156174659729,-0.19244038220494986,0.01171875
17,50_100,50_100,0.5884827385886477,-0.1814156174659729,-0.19244038220494986,0.01171875
18,0_1,0_1,0.32829301987456405,0.8417994976043701,0.6610580533742905,0.7890625
18,0_1,1_2,0.05806608206529935,0.8417994976043701,0.6610580533742905,0.7890625
18,0_1,2_5,0.06333001156957968,0.8417994976043701,0.6610580533742905,0.7890625
18,0_1,5_10,0.055122894893505484,0.8417994976043701,0.6610580533742905,0.7890625
18,0_1,10_20,0.09583473795578429,0.8417994976043701,0.6610580533742905,0.7890625
18,0_1,20_50,0.18712662502295893,0.8417994976043701,0.6610580533742905,0.7890625
18,0_1,50_100,0.21222692936564147,0.8417994976043701,0.6610580533742905,0.7890625
18,1_2,0_1,0.0514742540667042,0.774760365486145,0.7787078185938299,0.517578125
18,1_2,1_2,0.09752270735582971,0.774760365486145,0.7787078185938299,0.517578125
18,1_2,2_5,0.11867215921678656,0.774760365486145,0.7787078185938299,0.517578125
18,1_2,5_10,0.09509533422097223,0.774760365486145,0.7787078185938299,0.517578125
18,1_2,10_20,0.14187611856562282,0.774760365486145,0.7787078185938299,0.517578125
18,1_2,20_50,0.252224353454742,0.774760365486145,0.7787078185938299,0.517578125
18,1_2,50_100,0.24313525711326778,0.774760365486145,0.7787078185938299,0.517578125
18,2_5,0_1,0.016677040126150032,0.7116017937660217,0.6988053834065795,0.412109375
18,2_5,1_2,0.03358647014993764,0.7116017937660217,0.6988053834065795,0.412109375
18,2_5,2_5,0.09307428945973838,0.7116017937660217,0.6988053834065795,0.412109375
18,2_5,5_10,0.0954455395244869,0.7116017937660217,0.6988053834065795,0.412109375
18,2_5,10_20,0.1684042578624622,0.7116017937660217,0.6988053834065795,0.412109375
18,2_5,20_50,0.30483597706507926,0.7116017937660217,0.6988053834065795,0.412109375
18,2_5,50_100,0.28797649927680885,0.7116017937660217,0.6988053834065795,0.412109375
18,5_10,0_1,0.008032772831271406,0.6419951319694519,0.6242757216095924,0.32421875
18,5_10,1_2,0.009620253630980461,0.6419951319694519,0.6242757216095924,0.32421875
18,5_10,2_5,0.03337863897147637,0.6419951319694519,0.6242757216095924,0.32421875
18,5_10,5_10,0.06517433989847778,0.6419951319694519,0.6242757216095924,0.32421875
18,5_10,10_20,0.16327762954104091,0.6419951319694519,0.6242757216095924,0.32421875
18,5_10,20_50,0.3665925920097722,0.6419951319694519,0.6242757216095924,0.32421875
18,5_10,50_100,0.35392381495028413,0.6419951319694519,0.6242757216095924,0.32421875
18,10_20,0_1,0.00617214021926242,0.5419148206710815,0.5350615344941616,0.1875
18,10_20,1_2,0.005945023304433019,0.5419148206710815,0.5350615344941616,0.1875
18,10_20,2_5,0.019673558881282284,0.5419148206710815,0.5350615344941616,0.1875
18,10_20,5_10,0.03606594085210915,0.5419148206710815,0.5350615344941616,0.1875
18,10_20,10_20,0.11273623024045304,0.5419148206710815,0.5350615344941616,0.1875
18,10_20,20_50,0.3788426979075024,0.5419148206710815,0.5350615344941616,0.1875
18,10_20,50_100,0.4405644452691683,0.5419148206710815,0.5350615344941616,0.1875
18,20_50,0_1,0.005834806381921619,0.3057161569595337,0.2947087874636054,0.064453125
18,20_50,1_2,0.005762347081933475,0.3057161569595337,0.2947087874636054,0.064453125
18,20_50,2_5,0.017577016528366945,0.3057161569595337,0.2947087874636054,0.064453125
18,20_50,5_10,0.030026164826196383,0.3057161569595337,0.2947087874636054,0.064453125
18,20_50,10_20,0.07729189020508359,0.3057161569595337,0.2947087874636054,0.064453125
18,20_50,20_50,0.32530834959528093,0.3057161569595337,0.2947087874636054,0.064453125
18,20_50,50_100,0.5381994038618486,0.3057161569595337,0.2947087874636054,0.064453125
18,50_100,0_1,0.006462299059389745,-0.16892194747924805,-0.17558872839435935,0.015625
18,50_100,1_2,0.006669002949576326,-0.16892194747924805,-0.17558872839435935,0.015625
18,50_100,2_5,0.022568490841430814,-0.16892194747924805,-0.17558872839435935,0.015625
18,50_100,5_10,0.038313881105812644,-0.16892194747924805,-0.17558872839435935,0.015625
18,50_100,10_20,0.07979676564668267,-0.16892194747924805,-0.17558872839435935,0.015625
18,50_100,20_50,0.2820366265090507,-0.16892194747924805,-0.17558872839435935,0.015625
18,50_100,50_100,0.5641529545468256,-0.16892194747924805,-0.17558872839435935,0.015625
19,0_1,0_1,0.15766609533856574,0.708410918712616,0.5979565009474754,0.478515625
19,0_1,1_2,0.03441043185460255,0.708410918712616,0.5979565009474754,0.478515625
19,0_1,2_5,0.07226729409639376,0.708410918712616,0.5979565009474754,0.478515625
19,0_1,5_10,0.09543243284871605,0.708410918712616,0.5979565009474754,0.478515625
19,0_1,10_20,0.191249862780748,0.708410918712616,0.5979565009474754,0.478515625
19,0_1,20_50,0.2509509082054437,0.708410918712616,0.5979565009474754,0.478515625
19,0_1,50_100,0.19802314211659244,0.708410918712616,0.5979565009474754,0.478515625
19,1_2,0_1,0.040113276757886486,0.6383975744247437,0.6268183393403888,0.326171875
19,1_2,1_2,0.027873361425995478,0.6383975744247437,0.6268183393403888,0.326171875
19,1_2,2_5,0.0716824715970798,0.6383975744247437,0.6268183393403888,0.326171875
19,1_2,5_10,0.09009197240885304,0.6383975744247437,0.6268183393403888,0.326171875
19,1_2,10_20,0.21952599296519626,0.6383975744247437,0.6268183393403888,0.326171875
19,1_2,20_50,0.34571455450408345,0.6383975744247437,0.6268183393403888,0.326171875
19,1_2,50_100,0.20499843172086515,0.6383975744247437,0.6268183393403888,0.326171875
19,2_5,0_1,0.019980011611631064,0.6387807726860046,0.632087763864547,0.53515625
19,2_5,1_2,0.021954578709350366,0.6387807726860046,0.632087763864547,0.53515625
19,2_5,2_5,0.06310682258216226,0.6387807726860046,0.632087763864547,0.53515625
19,2_5,5_10,0.08129935447650806,0.6387807726860046,0.632087763864547,0.53515625
19,2_5,10_20,0.16818118956123526,0.6387807726860046,0.632087763864547,0.53515625
19,2_5,20_50,0.3786413041285006,0.6387807726860046,0.632087763864547,0.53515625
19,2_5,50_100,0.2668367486315473,0.6387807726860046,0.632087763864547,0.53515625
19,5_10,0_1,0.012016268108610832,0.5996780395507812,0.5970113829243928,0.484375
19,5_10,1_2,0.010970994735197852,0.5996780395507812,0.5970113829243928,0.484375
19,5_10,2_5,0.042655728749400046,0.5996780395507812,0.5970113829243928,0.484375
19,5_10,5_10,0.07758913556347988,0.5996780395507812,0.5970113829243928,0.484375
19,5_10,10_20,0.14949922017716588,0.5996780395507812,0.5970113829243928,0.484375
19,5_10,20_50,0.36189813234883506,0.5996780395507812,0.5970113829243928,0.484375
19,5_10,50_100,0.3453706103171576,0.5996780395507812,0.5970113829243928,0.484375
19,10_20,0_1,0.010797674546350252,0.5067391395568848,0.49523585475981236,0.29296875
19,10_20,1_2,0.008936830309827,0.5067391395568848,0.49523585475981236,0.29296875
19,10_20,2_5,0.026345224335725014,0.5067391395568848,0.49523585475981236,0.29296875
19,10_20,5_10,0.04814754660855111,0.5067391395568848,0.49523585475981236,0.29296875
19,10_20,10_20,0.11633996299781588,0.5067391395568848,0.49523585475981236,0.29296875
19,10_20,20_50,0.3694996111128594,0.5067391395568848,0.49523585475981236,0.29296875
19,10_20,50_100,0.41993321747920304,0.5067391395568848,0.49523585475981236,0.29296875
19,20_50,0_1,0.007485541608533225,0.2749476730823517,0.2688438417389989,0.1328125
19,20_50,1_2,0.007807985297960765,0.2749476730823517,0.2688438417389989,0.1328125
19,20_50,2_5,0.02069935405195574,0.2749476730823517,0.2688438417389989,0.1328125
19,20_50,5_10,0.034409914706133804,0.2749476730823517,0.2688438417389989,0.1328125
19,20_50,10_20,0.08161738643592592,0.2749476730823517,0.2688438417389989,0.1328125
19,20_50,20_50,0.318985106153316,0.2749476730823517,0.2688438417389989,0.1328125
19,20_50,50_100,0.5289946213547059,0.2749476730823517,0.2688438417389989,0.1328125
19,50_100,0_1,0.007464023190840929,-0.1508651077747345,-0.1566745387390256,0.02734375
19,50_100,1_2,0.007306415776177818,-0.1508651077747345,-0.1566745387390256,0.02734375
19,50_100,2_5,0.024259783361674326,-0.1508651077747345,-0.1566745387390256,0.02734375
19,50_100,5_10,0.03885694911178127,-0.1508651077747345,-0.1566745387390256,0.02734375
19,50_100,10_20,0.07961407922991957,-0.1508651077747345,-0.1566745387390256,0.02734375
19,50_100,20_50,0.2779397039199954,-0.1508651077747345,-0.1566745387390256,0.02734375
19,50_100,50_100,0.564559093627427,-0.1508651077747345,-0.1566745387390256,0.02734375
20,0_1,0_1,0.23469193473853675,0.653092622756958,0.5508707985281944,0.708984375
20,0_1,1_2,0.05496294291485302,0.653092622756958,0.5508707985281944,0.708984375
20,0_1,2_5,0.08242623986345478,0.653092622756958,0.5508707985281944,0.708984375
20,0_1,5_10,0.10041284993441059,0.653092622756958,0.5508707985281944,0.708984375
20,0_1,10_20,0.13526469612724346,0.653092622756958,0.5508707985281944,0.708984375
20,0_1,20_50,0.20991873993798818,0.653092622756958,0.5508707985281944,0.708984375
20,0_1,50_100,0.18232231232484647,0.653092622756958,0.5508707985281944,0.708984375
20,1_2,0_1,0.04525233389321547,0.5421990752220154,0.5190043170005083,0.412109375
20,1_2,1_2,0.0552117996374187,0.5421990752220154,0.5190043170005083,0.412109375
20,1_2,2_5,0.09635318094025712,0.5421990752220154,0.5190043170005083,0.412109375
20,1_2,5_10,0.12736484354243505,0.5421990752220154,0.5190043170005083,0.412109375
20,1_2,10_20,0.18943389319872947,0.5421990752220154,0.5190043170005083,0.412109375
20,1_2,20_50,0.2821631863627377,0.5421990752220154,0.5190043170005083,0.412109375
20,1_2,50_100,0.20422057408650288,0.5421990752220154,0.5190043170005083,0.412109375
20,2_5,0_1,0.02036463372506852,0.5532211065292358,0.5621322300285101,0.44921875
20,2_5,1_2,0.024485389870870157,0.5532211065292358,0.5621322300285101,0.44921875
20,2_5,2_5,0.06312129763185938,0.5532211065292358,0.5621322300285101,0.44921875
20,2_5,5_10,0.0966702908082083,0.5532211065292358,0.5621322300285101,0.44921875
20,2_5,10_20,0.17333623191969907,0.5532211065292358,0.5621322300285101,0.44921875
20,2_5,20_50,0.3432250217863413,0.5532211065292358,0.5621322300285101,0.44921875
20,2_5,50_100,0.2787970850429612,0.5532211065292358,0.5621322300285101,0.44921875
20,5_10,0_1,0.010664447580366875,0.5359428524971008,0.5311415172182024,0.388671875
20,5_10,1_2,0.010261475753830395,0.5359428524971008,0.5311415172182024,0.388671875
20,5_10,2_5,0.030624252958944952,0.5359428524971008,0.5311415172182024,0.388671875
20,5_10,5_10,0.05552889438351191,0.5359428524971008,0.5311415172182024,0.388671875
20,5_10,10_20,0.13268736494769057,0.5359428524971008,0.5311415172182024,0.388671875
20,5_10,20_50,0.37994273023554254,0.5359428524971008,0.5311415172182024,0.388671875
20,5_10,50_100,0.38029085083302155,0.5359428524971008,0.5311415172182024,0.388671875
20,10_20,0_1,0.007967103287288285,0.4149443507194519,0.40832099551334977,0.1953125
20,10_20,1_2,0.007172917321347734,0.4149443507194519,0.40832099551334977,0.1953125
20,10_20,2_5,0.022633719513052195,0.4149443507194519,0.40832099551334977,0.1953125
20,10_20,5_10,0.03928061242760719,0.4149443507194519,0.40832099551334977,0.1953125
20,10_20,10_20,0.1019345309043721,0.4149443507194519,0.40832099551334977,0.1953125
20,10_20,20_50,0.3602587984720918,0.4149443507194519,0.40832099551334977,0.1953125
20,10_20,50_100,0.4607523688418218,0.4149443507194519,0.40832099551334977,0.1953125
20,20_50,0_1,0.007139580604348105,0.21574115753173828,0.20869385870173573,0.08984375
20,20_50,1_2,0.0074756720009285455,0.21574115753173828,0.20869385870173573,0.08984375
20,20_50,2_5,0.021722798621291464,0.21574115753173828,0.20869385870173573,0.08984375
20,20_50,5_10,0.03546821597166071,0.21574115753173828,0.20869385870173573,0.08984375
20,20_50,10_20,0.08307084545899568,0.21574115753173828,0.20869385870173573,0.08984375
20,20_50,20_50,0.3114183288753812,0.21574115753173828,0.20869385870173573,0.08984375
20,20_50,50_100,0.5337044915805015,0.21574115753173828,0.20869385870173573,0.08984375
20,50_100,0_1,0.007274138976178864,-0.13307565450668335,-0.1431291699409485,0.01171875
20,50_100,1_2,0.007566500453770273,-0.13307565450668335,-0.1431291699409485,0.01171875
20,50_100,2_5,0.024812691333334785,-0.13307565450668335,-0.1431291699409485,0.01171875
20,50_100,5_10,0.04201372908533412,-0.13307565450668335,-0.1431291699409485,0.01171875
20,50_100,10_20,0.0851094577047185,-0.13307565450668335,-0.1431291699409485,0.01171875
20,50_100,20_50,0.2835489598325194,-0.13307565450668335,-0.1431291699409485,0.01171875
20,50_100,50_100,0.5496744407514419,-0.13307565450668335,-0.1431291699409485,0.01171875
21,0_1,0_1,0.16492741562954735,0.6478750109672546,0.5681444853544235,0.72265625
21,0_1,1_2,0.055070508973400885,0.6478750109672546,0.5681444853544235,0.72265625
21,0_1,2_5,0.08123115245474073,0.6478750109672546,0.5681444853544235,0.72265625
21,0_1,5_10,0.10091990161767124,0.6478750109672546,0.5681444853544235,0.72265625
21,0_1,10_20,0.16360654953845535,0.6478750109672546,0.5681444853544235,0.72265625
21,0_1,20_50,0.2332666194344566,0.6478750109672546,0.5681444853544235,0.72265625
21,0_1,50_100,0.20097796719662292,0.6478750109672546,0.5681444853544235,0.72265625
21,1_2,0_1,0.043452887039274475,0.5464184880256653,0.5035214759409428,0.484375
21,1_2,1_2,0.033035621059181265,0.5464184880256653,0.5035214759409428,0.484375
21,1_2,2_5,0.06395731938380281,0.5464184880256653,0.5035214759409428,0.484375
21,1_2,5_10,0.11245164206551642,0.5464184880256653,0.5035214759409428,0.484375
21,1_2,10_20,0.2259047812603659,0.5464184880256653,0.5035214759409428,0.484375
21,1_2,20_50,0.3096574786147212,0.5464184880256653,0.5035214759409428,0.484375
21,1_2,50_100,0.21154034826591545,0.5464184880256653,0.5035214759409428,0.484375
21,2_5,0_1,0.01622917031196064,0.49928808212280273,0.4984235734445974,0.38671875
21,2_5,1_2,0.021258719426841897,0.49928808212280273,0.4984235734445974,0.38671875
21,2_5,2_5,0.04984959219760244,0.49928808212280273,0.4984235734445974,0.38671875
21,2_5,5_10,0.08100819808517103,0.49928808212280273,0.4984235734445974,0.38671875
21,2_5,10_20,0.17813900141902764,0.49928808212280273,0.4984235734445974,0.38671875
21,2_5,20_50,0.3813046781169228,0.49928808212280273,0.4984235734445974,0.38671875
21,2_5,50_100,0.272210621052612,0.49928808212280273,0.4984235734445974,0.38671875
21,5_10,0_1,0.009904446705435081,0.44800329208374023,0.4311766140162945,0.3984375
21,5_10,1_2,0.009115481606369534,0.44800329208374023,0.4311766140162945,0.3984375
21,5_10,2_5,0.034272560920620504,0.44800329208374023,0.4311766140162945,0.3984375
21,5_10,5_10,0.05732943991317339,0.44800329208374023,0.4311766140162945,0.3984375
21,5_10,10_20,0.13300723152558414,0.44800329208374023,0.4311766140162945,0.3984375
21,5_10,20_50,0.3886699358133056,0.44800329208374023,0.4311766140162945,0.3984375
21,5_10,50_100,0.3677009626932257,0.44800329208374023,0.4311766140162945,0.3984375
21,10_20,0_1,0.007873673434259395,0.3854275941848755,0.38122308626770973,0.275390625
21,10_20,1_2,0.006505513745096434,0.3854275941848755,0.38122308626770973,0.275390625
21,10_20,2_5,0.02257137341249303,0.3854275941848755,0.38122308626770973,0.275390625
21,10_20,5_10,0.04326973418341882,0.3854275941848755,0.38122308626770973,0.275390625
21,10_20,10_20,0.1026583669887657,0.3854275941848755,0.38122308626770973,0.275390625
21,10_20,20_50,0.3599328275057767,0.3854275941848755,0.38122308626770973,0.275390625
21,10_20,50_100,0.4571886119320112,0.3854275941848755,0.38122308626770973,0.275390625
21,20_50,0_1,0.006382335252458186,0.2121037244796753,0.20244139339774847,0.119140625
21,20_50,1_2,0.006465235789643015,0.2121037244796753,0.20244139339774847,0.119140625
21,20_50,2_5,0.020527499392773343,0.2121037244796753,0.20244139339774847,0.119140625
21,20_50,5_10,0.03513203818988581,0.2121037244796753,0.20244139339774847,0.119140625
21,20_50,10_20,0.08125457128886536,0.2121037244796753,0.20244139339774847,0.119140625
21,20_50,20_50,0.31096671851068375,0.2121037244796753,0.20244139339774847,0.119140625
21,20_50,50_100,0.5392716378896675,0.2121037244796753,0.20244139339774847,0.119140625
21,50_100,0_1,0.00814346358171739,-0.09517531096935272,-0.10161229176446795,0.025390625
21,50_100,1_2,0.00792826586437948,-0.09517531096935272,-0.10161229176446795,0.025390625
21,50_100,2_5,0.026308043161331566,-0.09517531096935272,-0.10161229176446795,0.025390625
21,50_100,5_10,0.043248632315278854,-0.09517531096935272,-0.10161229176446795,0.025390625
21,50_100,10_20,0.08751305505777997,-0.09517531096935272,-0.10161229176446795,0.025390625
21,50_100,20_50,0.27833712623686413,-0.09517531096935272,-0.10161229176446795,0.025390625
21,50_100,50_100,0.5485214300969703,-0.09517531096935272,-0.10161229176446795,0.025390625
22,0_1,0_1,0.23731631080736004,0.6693000197410583,0.5837103649973869,0.796875
22,0_1,1_2,0.032719865603491695,0.6693000197410583,0.5837103649973869,0.796875
22,0_1,2_5,0.04059112218721406,0.6693000197410583,0.5837103649973869,0.796875
22,0_1,5_10,0.04692615955096436,0.6693000197410583,0.5837103649973869,0.796875
22,0_1,10_20,0.09158857365086578,0.6693000197410583,0.5837103649973869,0.796875
22,0_1,20_50,0.23452845525140603,0.6693000197410583,0.5837103649973869,0.796875
22,0_1,50_100,0.3163294453444021,0.6693000197410583,0.5837103649973869,0.796875
22,1_2,0_1,0.03645342935367994,0.5051024556159973,0.5054573453962803,0.27734375
22,1_2,1_2,0.02785676246563767,0.5051024556159973,0.5054573453962803,0.27734375
22,1_2,2_5,0.04151914589211498,0.5051024556159973,0.5054573453962803,0.27734375
22,1_2,5_10,0.057892691046391866,0.5051024556159973,0.5054573453962803,0.27734375
22,1_2,10_20,0.11615264932200133,0.5051024556159973,0.5054573453962803,0.27734375
22,1_2,20_50,0.33705988565232214,0.5051024556159973,0.5054573453962803,0.27734375
22,1_2,50_100,0.38306548585069883,0.5051024556159973,0.5054573453962803,0.27734375
22,2_5,0_1,0.018690470930944697,0.5111330151557922,0.4931855536997318,0.40234375
22,2_5,1_2,0.019948034052281148,0.5111330151557922,0.4931855536997318,0.40234375
22,2_5,2_5,0.04575845862083986,0.5111330151557922,0.4931855536997318,0.40234375
22,2_5,5_10,0.059836875194916615,0.5111330151557922,0.4931855536997318,0.40234375
22,2_5,10_20,0.10601616134063165,0.5111330151557922,0.4931855536997318,0.40234375
22,2_5,20_50,0.33034911062179345,0.5111330151557922,0.4931855536997318,0.40234375
22,2_5,50_100,0.41940094935016214,0.5111330151557922,0.4931855536997318,0.40234375
22,5_10,0_1,0.013070057117661345,0.4456959366798401,0.4348852410912514,0.298828125
22,5_10,1_2,0.013120659735912771,0.4456959366798401,0.4348852410912514,0.298828125
22,5_10,2_5,0.03259236699319707,0.4456959366798401,0.4348852410912514,0.298828125
22,5_10,5_10,0.05344694493023208,0.4456959366798401,0.4348852410912514,0.298828125
22,5_10,10_20,0.1026409511394017,0.4456959366798401,0.4348852410912514,0.298828125
22,5_10,20_50,0.33409708763238494,0.4456959366798401,0.4348852410912514,0.298828125
22,5_10,50_100,0.4510320052067022,0.4456959366798401,0.4348852410912514,0.298828125
22,10_20,0_1,0.00890276884545602,0.3656308054924011,0.3535736920312047,0.212890625
22,10_20,1_2,0.00946786619033427,0.3656308054924011,0.3535736920312047,0.212890625
22,10_20,2_5,0.026053363106286784,0.3656308054924011,0.3535736920312047,0.212890625
22,10_20,5_10,0.04439340766332206,0.3656308054924011,0.3535736920312047,0.212890625
22,10_20,10_20,0.10046695345955357,0.3656308054924011,0.3535736920312047,0.212890625
22,10_20,20_50,0.3263167985164503,0.3656308054924011,0.3535736920312047,0.212890625
22,10_20,50_100,0.484398937533006,0.3656308054924011,0.3535736920312047,0.212890625
22,20_50,0_1,0.006689471933123679,0.1902986317873001,0.1812985772266984,0.09375
22,20_50,1_2,0.007081727847344745,0.1902986317873001,0.1812985772266984,0.09375
22,20_50,2_5,0.02293853284219316,0.1902986317873001,0.1812985772266984,0.09375
22,20_50,5_10,0.04048437941925144,0.1902986317873001,0.1812985772266984,0.09375
22,20_50,10_20,0.08911423891230859,0.1902986317873001,0.1812985772266984,0.09375
22,20_50,20_50,0.3063745302967043,0.1902986317873001,0.1812985772266984,0.09375
22,20_50,50_100,0.5273171355843176,0.1902986317873001,0.1812985772266984,0.09375
22,50_100,0_1,0.007154017281337269,-0.11865001916885376,-0.1266613630577922,0.013671875
22,50_100,1_2,0.007899843816592011,-0.11865001916885376,-0.1266613630577922,0.013671875
22,50_100,2_5,0.02725212479331202,-0.11865001916885376,-0.1266613630577922,0.013671875
22,50_100,5_10,0.04653062379032938,-0.11865001916885376,-0.1266613630577922,0.013671875
22,50_100,10_20,0.09429489451953121,-0.11865001916885376,-0.1266613630577922,0.013671875
22,50_100,20_50,0.2910078234518983,-0.11865001916885376,-0.1266613630577922,0.013671875
22,50_100,50_100,0.525860708263586,-0.11865001916885376,-0.1266613630577922,0.013671875
23,0_1,0_1,0.2325969556464276,0.5590070486068726,0.4882768839597702,0.58984375
23,0_1,1_2,0.04126888709197702,0.5590070486068726,0.4882768839597702,0.58984375
23,0_1,2_5,0.06365383893176106,0.5590070486068726,0.4882768839597702,0.58984375
23,0_1,5_10,0.07305913763491333,0.5590070486068726,0.4882768839597702,0.58984375
23,0_1,10_20,0.10055584018125384,0.5590070486068726,0.4882768839597702,0.58984375
23,0_1,20_50,0.21721409298823394,0.5590070486068726,0.4882768839597702,0.58984375
23,0_1,50_100,0.27165124243394156,0.5590070486068726,0.4882768839597702,0.58984375
23,1_2,0_1,0.054011696755581755,0.5499522686004639,0.5593561064451933,0.4296875
23,1_2,1_2,0.0596227405113475,0.5499522686004639,0.5593561064451933,0.4296875
23,1_2,2_5,0.0943914250928452,0.5499522686004639,0.5593561064451933,0.4296875
23,1_2,5_10,0.08097648522793166,0.5499522686004639,0.5593561064451933,0.4296875
23,1_2,10_20,0.13123191395466663,0.5499522686004639,0.5593561064451933,0.4296875
23,1_2,20_50,0.2852418295743162,0.5499522686004639,0.5593561064451933,0.4296875
23,1_2,50_100,0.2945239820442343,0.5499522686004639,0.5593561064451933,0.4296875
23,2_5,0_1,0.01895653945905891,0.5322006940841675,0.5191910779103637,0.470703125
23,2_5,1_2,0.028096772878844017,0.5322006940841675,0.5191910779103637,0.470703125
23,2_5,2_5,0.08383075954057058,0.5322006940841675,0.5191910779103637,0.470703125
23,2_5,5_10,0.0897233790292701,0.5322006940841675,0.5191910779103637,0.470703125
23,2_5,10_20,0.141043467951093,0.5322006940841675,0.5191910779103637,0.470703125
23,2_5,20_50,0.2976658317895517,0.5322006940841675,0.5191910779103637,0.470703125
23,2_5,50_100,0.3406832752871434,0.5322006940841675,0.5191910779103637,0.470703125
23,5_10,0_1,0.012663130190390526,0.44656771421432495,0.4443785906769335,0.318359375
23,5_10,1_2,0.011840539557307737,0.44656771421432495,0.4443785906769335,0.318359375
23,5_10,2_5,0.0483969690687952,0.44656771421432495,0.4443785906769335,0.318359375
23,5_10,5_10,0.07796931717691277,0.44656771421432495,0.4443785906769335,0.318359375
23,5_10,10_20,0.14602535036732756,0.44656771421432495,0.4443785906769335,0.318359375
23,5_10,20_50,0.3258800397660999,0.44656771421432495,0.4443785906769335,0.318359375
23,5_10,50_100,0.37722470383800144,0.44656771421432495,0.4443785906769335,0.318359375
23,10_20,0_1,0.008170280731378723,0.34244680404663086,0.3397902534343302,0.21875
23,10_20,1_2,0.008458769559392582,0.34244680404663086,0.3397902534343302,0.21875
23,10_20,2_5,0.028089686016281472,0.34244680404663086,0.3397902534343302,0.21875
23,10_20,5_10,0.053257339803602394,0.34244680404663086,0.3397902534343302,0.21875
23,10_20,10_20,0.12172869324627278,0.34244680404663086,0.3397902534343302,0.21875
23,10_20,20_50,0.341186611659552,0.34244680404663086,0.3397902534343302,0.21875
23,10_20,50_100,0.4391087041595541,0.34244680404663086,0.3397902534343302,0.21875
23,20_50,0_1,0.006944379610722936,0.157736673951149,0.14651073701679707,0.08203125
23,20_50,1_2,0.007390232830814984,0.157736673951149,0.14651073701679707,0.08203125
23,20_50,2_5,0.023317108063325275,0.157736673951149,0.14651073701679707,0.08203125
23,20_50,5_10,0.04194869164156213,0.157736673951149,0.14651073701679707,0.08203125
23,20_50,10_20,0.09231058170784512,0.157736673951149,0.14651073701679707,0.08203125
23,20_50,20_50,0.31866873381476124,0.157736673951149,0.14651073701679707,0.08203125
23,20_50,50_100,0.5094202860403015,0.157736673951149,0.14651073701679707,0.08203125
23,50_100,0_1,0.006982945332199725,-0.11537136882543564,-0.12053447589278221,0.033203125
23,50_100,1_2,0.007684155544012979,-0.11537136882543564,-0.12053447589278221,0.033203125
23,50_100,2_5,0.025197749891030716,-0.11537136882543564,-0.12053447589278221,0.033203125
23,50_100,5_10,0.04360685972003435,-0.11537136882543564,-0.12053447589278221,0.033203125
23,50_100,10_20,0.08862215068614412,-0.11537136882543564,-0.12053447589278221,0.033203125
23,50_100,20_50,0.2873482518583016,-0.11537136882543564,-0.12053447589278221,0.033203125
23,50_100,50_100,0.5405578632080869,-0.11537136882543564,-0.12053447589278221,0.033203125
24,0_1,0_1,0.2616395098655832,0.662743330001831,0.5611658617854118,0.80078125
24,0_1,1_2,0.0415693803915567,0.662743330001831,0.5611658617854118,0.80078125
24,0_1,2_5,0.0800712980846286,0.662743330001831,0.5611658617854118,0.80078125
24,0_1,5_10,0.0670879854751629,0.662743330001831,0.5611658617854118,0.80078125
24,0_1,10_20,0.10419270108564521,0.662743330001831,0.5611658617854118,0.80078125
24,0_1,20_50,0.21143783910139613,0.662743330001831,0.5611658617854118,0.80078125
24,0_1,50_100,0.23400129955719007,0.662743330001831,0.5611658617854118,0.80078125
24,1_2,0_1,0.05198770988095089,0.5067335963249207,0.4715891592204571,0.46484375
24,1_2,1_2,0.036813668803579405,0.5067335963249207,0.4715891592204571,0.46484375
24,1_2,2_5,0.07113354634605668,0.5067335963249207,0.4715891592204571,0.46484375
24,1_2,5_10,0.09933881106434331,0.5067335963249207,0.4715891592204571,0.46484375
24,1_2,10_20,0.1439690283362772,0.5067335963249207,0.4715891592204571,0.46484375
24,1_2,20_50,0.2999827230552737,0.5067335963249207,0.4715891592204571,0.46484375
24,1_2,50_100,0.2967742743683215,0.5067335963249207,0.4715891592204571,0.46484375
24,2_5,0_1,0.016060787113778997,0.49544480443000793,0.4787679426372051,0.544921875
24,2_5,1_2,0.02223732753647209,0.49544480443000793,0.4787679426372051,0.544921875
24,2_5,2_5,0.05689758789851719,0.49544480443000793,0.4787679426372051,0.544921875
24,2_5,5_10,0.08239755875080221,0.49544480443000793,0.4787679426372051,0.544921875
24,2_5,10_20,0.14022712781399466,0.49544480443000793,0.4787679426372051,0.544921875
24,2_5,20_50,0.3292786884034049,0.49544480443000793,0.4787679426372051,0.544921875
24,2_5,50_100,0.35290088499465905,0.49544480443000793,0.4787679426372051,0.544921875
24,5_10,0_1,0.0084268071904098,0.4735996127128601,0.45624635368585587,0.31640625
24,5_10,1_2,0.012200897763353005,0.4735996127128601,0.45624635368585587,0.31640625
24,5_10,2_5,0.03986478505424858,0.4735996127128601,0.45624635368585587,0.31640625
24,5_10,5_10,0.07006357418716917,0.4735996127128601,0.45624635368585587,0.31640625
24,5_10,10_20,0.12258133621235717,0.4735996127128601,0.45624635368585587,0.31640625
24,5_10,20_50,0.34291517719686604,0.4735996127128601,0.45624635368585587,0.31640625
24,5_10,50_100,0.40394729883941205,0.4735996127128601,0.45624635368585587,0.31640625
24,10_20,0_1,0.006719396864174352,0.3666594326496124,0.35984049970284104,0.201171875
24,10_20,1_2,0.00670400717681678,0.3666594326496124,0.35984049970284104,0.201171875
24,10_20,2_5,0.026386760864110893,0.3666594326496124,0.35984049970284104,0.201171875
24,10_20,5_10,0.050104962946866026,0.3666594326496124,0.35984049970284104,0.201171875
24,10_20,10_20,0.10895574865134466,0.3666594326496124,0.35984049970284104,0.201171875
24,10_20,20_50,0.3365247869954037,0.3666594326496124,0.35984049970284104,0.201171875
24,10_20,50_100,0.46460429748194204,0.3666594326496124,0.35984049970284104,0.201171875
24,20_50,0_1,0.0063390949833378426,0.1883539855480194,0.18090694304555655,0.091796875
24,20_50,1_2,0.006496876228552258,0.1883539855480194,0.18090694304555655,0.091796875
24,20_50,2_5,0.02260031587884973,0.1883539855480194,0.18090694304555655,0.091796875
24,20_50,5_10,0.04189385425764952,0.1883539855480194,0.18090694304555655,0.091796875
24,20_50,10_20,0.08912711579586428,0.1883539855480194,0.18090694304555655,0.091796875
24,20_50,20_50,0.30697645174587207,0.1883539855480194,0.18090694304555655,0.091796875
24,20_50,50_100,0.5265663880510648,0.1883539855480194,0.18090694304555655,0.091796875
24,50_100,0_1,0.007792036917556631,-0.10684075206518173,-0.11125403782352805,0.02734375
24,50_100,1_2,0.00796028388270353,-0.10684075206518173,-0.11125403782352805,0.02734375
24,50_100,2_5,0.026461554734294058,-0.10684075206518173,-0.11125403782352805,0.02734375
24,50_100,5_10,0.044701342678458024,-0.10684075206518173,-0.11125403782352805,0.02734375
24,50_100,10_20,0.0900732294039645,-0.10684075206518173,-0.11125403782352805,0.02734375
24,50_100,20_50,0.2864102305369617,-0.10684075206518173,-0.11125403782352805,0.02734375
24,50_100,50_100,0.5366012387289811,-0.10684075206518173,-0.11125403782352805,0.02734375
25,0_1,0_1,0.30024930940192895,0.6966871619224548,0.5934499427676201,0.87109375
25,0_1,1_2,0.06357213097496259,0.6966871619224548,0.5934499427676201,0.87109375
25,0_1,2_5,0.07766793401803297,0.6966871619224548,0.5934499427676201,0.87109375
25,0_1,5_10,0.08300134978110017,0.6966871619224548,0.5934499427676201,0.87109375
25,0_1,10_20,0.10374021789806681,0.6966871619224548,0.5934499427676201,0.87109375
25,0_1,20_50,0.16996459737917002,0.6966871619224548,0.5934499427676201,0.87109375
25,0_1,50_100,0.2018043447095633,0.6966871619224548,0.5934499427676201,0.87109375
25,1_2,0_1,0.06677999645576287,0.5870293974876404,0.5433784984052181,0.3203125
25,1_2,1_2,0.060350492901574314,0.5870293974876404,0.5433784984052181,0.3203125
25,1_2,2_5,0.1434589113450801,0.5870293974876404,0.5433784984052181,0.3203125
25,1_2,5_10,0.1205265967056201,0.5870293974876404,0.5433784984052181,0.3203125
25,1_2,10_20,0.13420780176155475,0.5870293974876404,0.5433784984052181,0.3203125
25,1_2,20_50,0.2297280735731575,0.5870293974876404,0.5433784984052181,0.3203125
25,1_2,50_100,0.24494806506086442,0.5870293974876404,0.5433784984052181,0.3203125
25,2_5,0_1,0.02031145965523431,0.5383946895599365,0.533806789200753,0.4140625
25,2_5,1_2,0.04043641327406157,0.5383946895599365,0.533806789200753,0.4140625
25,2_5,2_5,0.10239335864299338,0.5383946895599365,0.533806789200753,0.4140625
25,2_5,5_10,0.11589165557281828,0.5383946895599365,0.533806789200753,0.4140625
25,2_5,10_20,0.16119206753155674,0.5383946895599365,0.533806789200753,0.4140625
25,2_5,20_50,0.28074147924134774,0.5383946895599365,0.533806789200753,0.4140625
25,2_5,50_100,0.2790335468108538,0.5383946895599365,0.533806789200753,0.4140625
25,5_10,0_1,0.009139866698386389,0.4722352623939514,0.46613200521096587,0.322265625
25,5_10,1_2,0.013746741860567771,0.4722352623939514,0.46613200521096587,0.322265625
25,5_10,2_5,0.053463447187108264,0.4722352623939514,0.46613200521096587,0.322265625
25,5_10,5_10,0.08344596460829098,0.4722352623939514,0.46613200521096587,0.322265625
25,5_10,10_20,0.1519971560689453,0.4722352623939514,0.46613200521096587,0.322265625
25,5_10,20_50,0.32970741266827636,0.4722352623939514,0.46613200521096587,0.322265625
25,5_10,50_100,0.3584994398124322,0.4722352623939514,0.46613200521096587,0.322265625
25,10_20,0_1,0.006991542287292931,0.3897188603878021,0.3787807244807482,0.234375
25,10_20,1_2,0.007536299279293849,0.3897188603878021,0.3787807244807482,0.234375
25,10_20,2_5,0.028065440512923128,0.3897188603878021,0.3787807244807482,0.234375
25,10_20,5_10,0.05603884544784227,0.3897188603878021,0.3787807244807482,0.234375
25,10_20,10_20,0.12443940149120859,0.3897188603878021,0.3787807244807482,0.234375
25,10_20,20_50,0.34590457477164516,0.3897188603878021,0.3787807244807482,0.234375
25,10_20,50_100,0.43102391227081144,0.3897188603878021,0.3787807244807482,0.234375
25,20_50,0_1,0.0065576584410070755,0.1982220709323883,0.18974984996020794,0.103515625
25,20_50,1_2,0.005883857419909003,0.1982220709323883,0.18974984996020794,0.103515625
25,20_50,2_5,0.022301436120068623,0.1982220709323883,0.18974984996020794,0.103515625
25,20_50,5_10,0.04172384111205961,0.1982220709323883,0.18974984996020794,0.103515625
25,20_50,10_20,0.09294457071029408,0.1982220709323883,0.18974984996020794,0.103515625
25,20_50,20_50,0.3178256566067037,0.1982220709323883,0.18974984996020794,0.103515625
25,20_50,50_100,0.5127630119202033,0.1982220709323883,0.18974984996020794,0.103515625
25,50_100,0_1,0.00692299950947258,-0.13052940368652344,-0.13693273346871138,0.02734375
25,50_100,1_2,0.006782390874549321,-0.13052940368652344,-0.13693273346871138,0.02734375
25,50_100,2_5,0.02285615761926641,-0.13052940368652344,-0.13693273346871138,0.02734375
25,50_100,5_10,0.041892564620607274,-0.13052940368652344,-0.13693273346871138,0.02734375
25,50_100,10_20,0.08868563717028115,-0.13052940368652344,-0.13693273346871138,0.02734375
25,50_100,20_50,0.28958095984929005,-0.13052940368652344,-0.13693273346871138,0.02734375
25,50_100,50_100,0.5432793603789806,-0.13052940368652344,-0.13693273346871138,0.02734375
26,0_1,0_1,0.4044187827534112,0.5149224400520325,0.4492591992020607,0.7734375
26,0_1,1_2,0.03825520341277302,0.5149224400520325,0.4492591992020607,0.7734375
26,0_1,2_5,0.04337254865617397,0.5149224400520325,0.4492591992020607,0.7734375
26,0_1,5_10,0.03227412855194547,0.5149224400520325,0.4492591992020607,0.7734375
26,0_1,10_20,0.053246646187930964,0.5149224400520325,0.4492591992020607,0.7734375
26,0_1,20_50,0.13854610292878444,0.5149224400520325,0.4492591992020607,0.7734375
26,0_1,50_100,0.28988694576412505,0.5149224400520325,0.4492591992020607,0.7734375
26,1_2,0_1,0.011043919143854258,0.43381616473197937,0.4067506790161133,0.271484375
26,1_2,1_2,0.01093323788754088,0.43381616473197937,0.4067506790161133,0.271484375
26,1_2,2_5,0.023724683897645142,0.43381616473197937,0.4067506790161133,0.271484375
26,1_2,5_10,0.03496988813145776,0.43381616473197937,0.4067506790161133,0.271484375
26,1_2,10_20,0.06278999178571533,0.43381616473197937,0.4067506790161133,0.271484375
26,1_2,20_50,0.20563484770798762,0.43381616473197937,0.4067506790161133,0.271484375
26,1_2,50_100,0.6509034562449871,0.43381616473197937,0.4067506790161133,0.271484375
26,2_5,0_1,0.008285659592553084,0.314109206199646,0.3017832040786743,0.28125
26,2_5,1_2,0.008728686947924509,0.314109206199646,0.3017832040786743,0.28125
26,2_5,2_5,0.01875964257272521,0.314109206199646,0.3017832040786743,0.28125
26,2_5,5_10,0.027014831558418505,0.314109206199646,0.3017832040786743,0.28125
26,2_5,10_20,0.056458523042936554,0.314109206199646,0.3017832040786743,0.28125
26,2_5,20_50,0.19247248046470497,0.314109206199646,0.3017832040786743,0.28125
26,2_5,50_100,0.6882802201234085,0.314109206199646,0.3017832040786743,0.28125
26,5_10,0_1,0.007542938488769562,0.25165894627571106,0.24119611829519272,0.20703125
26,5_10,1_2,0.00767691567592865,0.25165894627571106,0.24119611829519272,0.20703125
26,5_10,2_5,0.020527346392229303,0.25165894627571106,0.24119611829519272,0.20703125
26,5_10,5_10,0.0320474706569574,0.25165894627571106,0.24119611829519272,0.20703125
26,5_10,10_20,0.05845474769111104,0.25165894627571106,0.24119611829519272,0.20703125
26,5_10,20_50,0.1937535396100526,0.25165894627571106,0.24119611829519272,0.20703125
26,5_10,50_100,0.6799971211652661,0.25165894627571106,0.24119611829519272,0.20703125
26,10_20,0_1,0.008106363209114927,0.2487240731716156,0.23018806241452694,0.24609375
26,10_20,1_2,0.00881860637889681,0.2487240731716156,0.23018806241452694,0.24609375
26,10_20,2_5,0.02811576466977593,0.2487240731716156,0.23018806241452694,0.24609375
26,10_20,5_10,0.046532616498514874,0.2487240731716156,0.23018806241452694,0.24609375
26,10_20,10_20,0.0867059829926711,0.2487240731716156,0.23018806241452694,0.24609375
26,10_20,20_50,0.250694357771037,0.2487240731716156,0.23018806241452694,0.24609375
26,10_20,50_100,0.5710262706444525,0.2487240731716156,0.23018806241452694,0.24609375
26,20_50,0_1,0.006481364357418466,0.2258722186088562,0.2201837976463139,0.18359375
26,20_50,1_2,0.007229649928558228,0.2258722186088562,0.2201837976463139,0.18359375
26,20_50,2_5,0.028110698475256178,0.2258722186088562,0.2201837976463139,0.18359375
26,20_50,5_10,0.051338388679416286,0.2258722186088562,0.2201837976463139,0.18359375
26,20_50,10_20,0.10608685853690011,0.2258722186088562,0.2201837976463139,0.18359375
26,20_50,20_50,0.3254575975088808,0.2258722186088562,0.2201837976463139,0.18359375
26,20_50,50_100,0.47529547820764884,0.2258722186088562,0.2201837976463139,0.18359375
26,50_100,0_1,0.006786009064583276,-0.07240234315395355,-0.0797152821905911,0.041015625
26,50_100,1_2,0.008372939749363859,-0.07240234315395355,-0.0797152821905911,0.041015625
26,50_100,2_5,0.028754392476139767,-0.07240234315395355,-0.0797152821905911,0.041015625
26,50_100,5_10,0.049373601047504274,-0.07240234315395355,-0.0797152821905911,0.041015625
26,50_100,10_20,0.10272634980743924,-0.07240234315395355,-0.0797152821905911,0.041015625
26,50_100,20_50,0.31701783385872,-0.07240234315395355,-0.0797152821905911,0.041015625
26,50_100,50_100,0.4869688583308071,-0.07240234315395355,-0.0797152821905911,0.041015625
27,0_1,0_1,0.26994793968275455,0.7363095283508301,0.6189966127276421,0.8203125
27,0_1,1_2,0.04285245482266802,0.7363095283508301,0.6189966127276421,0.8203125
27,0_1,2_5,0.03931272911029453,0.7363095283508301,0.6189966127276421,0.8203125
27,0_1,5_10,0.044317902269792674,0.7363095283508301,0.6189966127276421,0.8203125
27,0_1,10_20,0.0808402141068464,0.7363095283508301,0.6189966127276421,0.8203125
27,0_1,20_50,0.21210862144775366,0.7363095283508301,0.6189966127276421,0.8203125
27,0_1,50_100,0.31062011782467586,0.7363095283508301,0.6189966127276421,0.8203125
27,1_2,0_1,0.02909346513380114,0.495758593082428,0.48298325669020414,0.376953125
27,1_2,1_2,0.06186451377847797,0.495758593082428,0.48298325669020414,0.376953125
27,1_2,2_5,0.08101648895536873,0.495758593082428,0.48298325669020414,0.376953125
27,1_2,5_10,0.06795194124514232,0.495758593082428,0.48298325669020414,0.376953125
27,1_2,10_20,0.10733133716831274,0.495758593082428,0.48298325669020414,0.376953125
27,1_2,20_50,0.2580303126837165,0.495758593082428,0.48298325669020414,0.376953125
27,1_2,50_100,0.39471202902202235,0.495758593082428,0.48298325669020414,0.376953125
27,2_5,0_1,0.01385116080168944,0.4826396703720093,0.4862200717907399,0.36328125
27,2_5,1_2,0.0251471129484791,0.4826396703720093,0.4862200717907399,0.36328125
27,2_5,2_5,0.09062791877063782,0.4826396703720093,0.4862200717907399,0.36328125
27,2_5,5_10,0.08819990842401672,0.4826396703720093,0.4862200717907399,0.36328125
27,2_5,10_20,0.12214602513826096,0.4826396703720093,0.4862200717907399,0.36328125
27,2_5,20_50,0.2737157803955461,0.4826396703720093,0.4862200717907399,0.36328125
27,2_5,50_100,0.3863121757634278,0.4826396703720093,0.4862200717907399,0.36328125
27,5_10,0_1,0.00907087073873259,0.44069287180900574,0.42921820282936096,0.248046875
27,5_10,1_2,0.010822544259222553,0.44069287180900574,0.42921820282936096,0.248046875
27,5_10,2_5,0.04983648362484036,0.44069287180900574,0.42921820282936096,0.248046875
27,5_10,5_10,0.09181820348704464,0.44069287180900574,0.42921820282936096,0.248046875
27,5_10,10_20,0.14007628694227484,0.44069287180900574,0.42921820282936096,0.248046875
27,5_10,20_50,0.2942065330024764,0.44069287180900574,0.42921820282936096,0.248046875
27,5_10,50_100,0.4041689226994111,0.44069287180900574,0.42921820282936096,0.248046875
27,10_20,0_1,0.007139962545692254,0.3564571738243103,0.3506058012135327,0.177734375
27,10_20,1_2,0.007995871021105152,0.3564571738243103,0.3506058012135327,0.177734375
27,10_20,2_5,0.02953641706022039,0.3564571738243103,0.3506058012135327,0.177734375
27,10_20,5_10,0.06312907228047707,0.3564571738243103,0.3506058012135327,0.177734375
27,10_20,10_20,0.1329377384668748,0.3564571738243103,0.3506058012135327,0.177734375
27,10_20,20_50,0.3255303236479095,0.3564571738243103,0.3506058012135327,0.177734375
27,10_20,50_100,0.4337306491635316,0.3564571738243103,0.3506058012135327,0.177734375
27,20_50,0_1,0.006368395366075601,0.1781141757965088,0.1660273652523756,0.0859375
27,20_50,1_2,0.0063088235200743645,0.1781141757965088,0.1660273652523756,0.0859375
27,20_50,2_5,0.023099014042041222,0.1781141757965088,0.1660273652523756,0.0859375
27,20_50,5_10,0.04407643337522749,0.1781141757965088,0.1660273652523756,0.0859375
27,20_50,10_20,0.10190930144636436,0.1781141757965088,0.1660273652523756,0.0859375
27,20_50,20_50,0.3267360073029354,0.1781141757965088,0.1660273652523756,0.0859375
27,20_50,50_100,0.4915020651981458,0.1781141757965088,0.1660273652523756,0.0859375
27,50_100,0_1,0.006938529160589762,-0.1027103066444397,-0.11024818057194352,0.01171875
27,50_100,1_2,0.007522955265705939,-0.1027103066444397,-0.11024818057194352,0.01171875
27,50_100,2_5,0.024234357618880927,-0.1027103066444397,-0.11024818057194352,0.01171875
27,50_100,5_10,0.04214166933115293,-0.1027103066444397,-0.11024818057194352,0.01171875
27,50_100,10_20,0.08824119219235643,-0.1027103066444397,-0.11024818057194352,0.01171875
27,50_100,20_50,0.2933374665003826,-0.1027103066444397,-0.11024818057194352,0.01171875
27,50_100,50_100,0.5375838825632148,-0.1027103066444397,-0.11024818057194352,0.01171875
