condition,seed,metric,status,threshold,natural_load_error,calibrated_load_error,natural_mean_margin,calibrated_mean_margin,margin_delta_cal_minus_nat,calibrated_validity,calibrated_validity_reason
C1_random_unconstrained,0,M1_signed_prototype,ok,2.7755575615628914e-16,0.0,0.0,1.101921181856485,1.101921181856485,0.0,True,calibrated_load_margin_preserved
C1_random_unconstrained,0,M2_unsigned_prototype,ok,-1.942890293094024e-16,0.0,0.0,0.5520633029045572,0.5520633029045572,0.0,True,calibrated_load_margin_preserved
C1_random_unconstrained,0,M3_top1_projection,ok,0.0,0.0,0.0,0.5928132482182458,0.5928132482182458,0.0,True,calibrated_load_margin_preserved
C1_random_unconstrained,0,M3_fullspan_control,ok,0.0,0.22440000000000004,0.22440000000000004,9.674483436583614e-17,9.674483436583614e-17,0.0,False,degenerate_scores
C1_random_unconstrained,0,M4_matrix_response,ok,-0.8897776468275548,0.07719999999999999,0.0,2.4287900499522967,2.360492319170729,-0.06829773078156753,True,calibrated_load_margin_preserved
C1_random_unconstrained,1,M1_signed_prototype,ok,2.7755575615628914e-16,0.0,0.0,0.9034280078685085,0.9034280078685085,0.0,True,calibrated_load_margin_preserved
C1_random_unconstrained,1,M2_unsigned_prototype,ok,1.6653345369377348e-16,0.0,0.0,0.6366044384500524,0.6366044384500524,0.0,True,calibrated_load_margin_preserved
C1_random_unconstrained,1,M3_top1_projection,ok,2.7755575615628914e-17,0.0,0.0,0.4938612097953361,0.4938612097953361,0.0,True,calibrated_load_margin_preserved
C1_random_unconstrained,1,M3_fullspan_control,ok,2.220446049250313e-16,0.4586,0.00880000000000003,1.560751528018045e-16,1.233235735753624e-16,-3.275157922644211e-17,False,degenerate_scores
C1_random_unconstrained,1,M4_matrix_response,ok,-3.00877350542585,0.5,0.0,3.0087735054258498,1.6137992926336269,-1.394974212792223,True,calibrated_load_margin_preserved
C1_random_unconstrained,2,M1_signed_prototype,ok,-5.551115123125783e-17,0.0,0.0,0.153550042101902,0.153550042101902,0.0,True,calibrated_load_margin_preserved
C1_random_unconstrained,2,M2_unsigned_prototype,ok,1.1622647289044608e-16,0.0,0.0,0.15242935269192212,0.15242935269192212,0.0,True,calibrated_load_margin_preserved
C1_random_unconstrained,2,M3_top1_projection,ok,3.469446951953614e-17,0.0,0.0,0.4204541838631744,0.4204541838631744,0.0,True,calibrated_load_margin_preserved
C1_random_unconstrained,2,M3_fullspan_control,ok,-1.1102230246251565e-16,0.0050000000000000044,0.1875,1.166511331973652e-16,7.390754674929667e-17,-4.274358644806853e-17,False,degenerate_scores
C1_random_unconstrained,2,M4_matrix_response,ok,0.4932257653967179,0.17220000000000002,0.0,0.6930267331976433,0.6103099682337157,-0.08271676496392755,True,calibrated_load_margin_preserved
C1_random_unconstrained,3,M1_signed_prototype,ok,4.996003610813204e-16,0.0,0.0,1.2080897778247013,1.2080897778247013,0.0,True,calibrated_load_margin_preserved
C1_random_unconstrained,3,M2_unsigned_prototype,ok,-3.469446951953614e-17,0.0,0.0,0.3814940371439607,0.3814940371439607,0.0,True,calibrated_load_margin_preserved
C1_random_unconstrained,3,M3_top1_projection,ok,2.104436416794364e-16,0.0,0.0,0.055210150514662305,0.055210150514662305,0.0,True,calibrated_load_margin_preserved
C1_random_unconstrained,3,M3_fullspan_control,ok,2.220446049250313e-16,0.49739999999999995,0.3386,2.777000851494904e-16,2.564504164581649e-16,-2.1249668691325522e-17,False,degenerate_scores
C1_random_unconstrained,3,M4_matrix_response,ok,-0.0771580511765736,0.04139999999999999,0.0,0.3827626276210629,0.3795798908072499,-0.003182736813812981,True,calibrated_load_margin_preserved
C1_random_unconstrained,4,M1_signed_prototype,ok,-5.551115123125783e-17,0.0,0.0,0.8229428466254763,0.8229428466254763,0.0,True,calibrated_load_margin_preserved
C1_random_unconstrained,4,M2_unsigned_prototype,ok,1.1102230246251565e-16,0.0,0.0,0.6279476582431291,0.6279476582431291,0.0,True,calibrated_load_margin_preserved
C1_random_unconstrained,4,M3_top1_projection,ok,-1.3877787807814457e-16,0.0,0.0,0.5256625429930157,0.5256625429930157,0.0,True,calibrated_load_margin_preserved
C1_random_unconstrained,4,M3_fullspan_control,ok,0.0,0.2864,0.2864,9.743317264110374e-17,9.743317264110374e-17,0.0,False,degenerate_scores
C1_random_unconstrained,4,M4_matrix_response,ok,-0.02765922392374931,0.003400000000000014,0.0,1.6830473857747914,1.6829553658594996,-9.201991529184106e-05,True,calibrated_load_margin_preserved
C1_random_unconstrained,5,M1_signed_prototype,ok,0.0,0.0,0.0,0.13255587551810233,0.13255587551810233,0.0,True,calibrated_load_margin_preserved
C1_random_unconstrained,5,M2_unsigned_prototype,ok,-6.331740687315346e-17,0.0,0.0,0.13183555269544603,0.13183555269544603,0.0,True,calibrated_load_margin_preserved
C1_random_unconstrained,5,M3_top1_projection,ok,-1.3877787807814457e-16,0.0,0.0,0.2531386992174906,0.2531386992174906,0.0,True,calibrated_load_margin_preserved
C1_random_unconstrained,5,M3_fullspan_control,ok,-4.440892098500626e-16,0.4927,0.31679999999999997,3.990696662015125e-16,-1.776911950912563e-16,-5.767608612927689e-16,False,degenerate_scores
C1_random_unconstrained,5,M4_matrix_response,ok,4.41837168292469,0.5,0.0,4.41837168292469,2.7816875943746058,-1.636684088550084,True,calibrated_load_margin_preserved
C1_random_unconstrained,6,M1_signed_prototype,ok,-2.7755575615628914e-16,0.0,0.0,1.1002293587910181,1.1002293587910181,0.0,True,calibrated_load_margin_preserved
C1_random_unconstrained,6,M2_unsigned_prototype,ok,4.163336342344337e-16,0.0,0.0,0.553733449320152,0.553733449320152,0.0,True,calibrated_load_margin_preserved
C1_random_unconstrained,6,M3_top1_projection,ok,1.5265566588595902e-16,0.0,0.0,0.5208125284094998,0.5208125284094998,0.0,True,calibrated_load_margin_preserved
C1_random_unconstrained,6,M3_fullspan_control,ok,1.1102230246251565e-16,0.4133,0.048900000000000055,1.2848611063986937e-16,1.2848611063986937e-16,0.0,False,degenerate_scores
C1_random_unconstrained,6,M4_matrix_response,ok,-1.5474705679666911,0.3702,0.0,1.5712578500073655,1.072974119223148,-0.4982837307842176,True,calibrated_load_margin_preserved
C1_random_unconstrained,7,M1_signed_prototype,ok,5.551115123125783e-17,0.0,0.0,0.02686491569208034,0.02686491569208034,0.0,True,calibrated_load_margin_preserved
C1_random_unconstrained,7,M2_unsigned_prototype,ok,1.253879812479486e-16,0.0,0.0,0.02685893365833365,0.02685893365833365,0.0,True,calibrated_load_margin_preserved
C1_random_unconstrained,7,M3_top1_projection,ok,1.1102230246251565e-16,0.0,0.0,0.13762300833939173,0.13762300833939173,0.0,True,calibrated_load_margin_preserved
C1_random_unconstrained,7,M3_fullspan_control,ok,1.1102230246251565e-16,0.4436,0.11519999999999997,1.4338530363033898e-16,1.4338530363033898e-16,0.0,False,degenerate_scores
C1_random_unconstrained,7,M4_matrix_response,ok,3.1647358726750294,0.3808,0.0,3.2022171201359897,2.165071818696123,-1.0371453014398666,True,calibrated_load_margin_preserved
C1_random_unconstrained,8,M1_signed_prototype,ok,0.0,0.0,0.0,0.32982264857345805,0.32982264857345805,0.0,True,calibrated_load_margin_preserved
C1_random_unconstrained,8,M2_unsigned_prototype,ok,-8.326672684688674e-17,0.0,0.0,0.31856450814957493,0.31856450814957493,0.0,True,calibrated_load_margin_preserved
C1_random_unconstrained,8,M3_top1_projection,ok,0.0,0.0,0.0,0.5491046528476314,0.5491046528476314,0.0,True,calibrated_load_margin_preserved
C1_random_unconstrained,8,M3_fullspan_control,ok,2.220446049250313e-16,0.47809999999999997,0.10919999999999996,1.888045275677541e-16,1.52389212360049e-16,-3.641531520770512e-17,False,degenerate_scores
C1_random_unconstrained,8,M4_matrix_response,ok,2.29981903579883,0.16659999999999997,0.0,3.3028722761075815,2.9286270931792298,-0.37424518292835174,True,calibrated_load_margin_preserved
C1_random_unconstrained,9,M1_signed_prototype,ok,-1.1102230246251565e-16,0.0,0.0,0.9977057942816447,0.9977057942816447,0.0,True,calibrated_load_margin_preserved
C1_random_unconstrained,9,M2_unsigned_prototype,ok,-1.6653345369377348e-16,0.0,0.0,0.6198450084426121,0.6198450084426121,0.0,True,calibrated_load_margin_preserved
C1_random_unconstrained,9,M3_top1_projection,ok,-5.551115123125783e-17,0.0,0.0,0.5666335491320469,0.5666335491320469,0.0,True,calibrated_load_margin_preserved
C1_random_unconstrained,9,M3_fullspan_control,ok,0.0,0.3792,0.3792,1.0960121699099545e-16,1.0960121699099545e-16,0.0,False,degenerate_scores
C1_random_unconstrained,9,M4_matrix_response,ok,1.47260020338789,0.15880000000000005,0.0,2.1891388516832713,1.9603786028114496,-0.22876024887182167,True,calibrated_load_margin_preserved
C1_random_unconstrained,10,M1_signed_prototype,ok,0.0,0.0,0.0,0.2962556338821775,0.2962556338821775,0.0,True,calibrated_load_margin_preserved
C1_random_unconstrained,10,M2_unsigned_prototype,ok,-1.2836953722228372e-16,0.0,0.0,0.2881245183626498,0.2881245183626498,0.0,True,calibrated_load_margin_preserved
C1_random_unconstrained,10,M3_top1_projection,ok,2.7755575615628914e-17,0.0,0.0,0.6086235175504704,0.6086235175504704,0.0,True,calibrated_load_margin_preserved
C1_random_unconstrained,10,M3_fullspan_control,ok,-1.1102230246251565e-16,0.07179999999999997,0.009800000000000031,1.4260814751310135e-16,1.244893077512188e-16,-1.8118839761882556e-17,False,degenerate_scores
C1_random_unconstrained,10,M4_matrix_response,ok,0.22260030310818288,0.07140000000000002,0.0,0.653938037464239,0.6381373176807484,-0.015800719783490513,True,calibrated_load_margin_preserved
C1_random_unconstrained,11,M1_signed_prototype,ok,-8.326672684688674e-17,0.0,0.0,1.1842654173780853,1.1842654173780853,0.0,True,calibrated_load_margin_preserved
C1_random_unconstrained,11,M2_unsigned_prototype,ok,-6.938893903907228e-17,0.0,0.0,0.4349285743956755,0.4349285743956755,0.0,True,calibrated_load_margin_preserved
C1_random_unconstrained,11,M3_top1_projection,ok,4.2327252813834093e-16,0.0,0.0,0.3388130394910838,0.3388130394910838,0.0,True,calibrated_load_margin_preserved
C1_random_unconstrained,11,M3_fullspan_control,ok,6.661338147750939e-16,0.5,0.28390000000000004,6.871614388614944e-16,4.799494135454552e-16,-2.0721202531603917e-16,False,degenerate_scores
C1_random_unconstrained,11,M4_matrix_response,ok,-0.01796063515673285,0.007199999999999984,0.0,0.5074048551290621,0.5072759878671929,-0.00012886726186922548,True,calibrated_load_margin_preserved
C1_random_unconstrained,12,M1_signed_prototype,ok,-5.551115123125783e-17,0.0,0.0,1.2563476791907227,1.2563476791907227,0.0,True,calibrated_load_margin_preserved
C1_random_unconstrained,12,M2_unsigned_prototype,ok,-8.153200337090993e-17,0.0,0.0,0.203968585676789,0.203968585676789,0.0,True,calibrated_load_margin_preserved
C1_random_unconstrained,12,M3_top1_projection,ok,-7.632783294297951e-17,0.0,0.0,0.25153960682484533,0.25153960682484533,0.0,True,calibrated_load_margin_preserved
C1_random_unconstrained,12,M3_fullspan_control,ok,-2.220446049250313e-16,0.23020000000000002,0.35240000000000005,1.6971979377444767e-16,-4.770628336814298e-17,-2.1742607714259065e-16,False,degenerate_scores
C1_random_unconstrained,12,M4_matrix_response,ok,1.404884245396076,0.5,0.0,1.4048842453960761,0.6523233390631951,-0.7525609063328811,True,calibrated_load_margin_preserved
C1_random_unconstrained,13,M1_signed_prototype,ok,2.220446049250313e-16,0.0,0.0,0.4291439827313473,0.4291439827313473,0.0,True,calibrated_load_margin_preserved
C1_random_unconstrained,13,M2_unsigned_prototype,ok,2.0816681711721685e-16,0.0,0.0,0.40403355715557765,0.40403355715557765,0.0,True,calibrated_load_margin_preserved
C1_random_unconstrained,13,M3_top1_projection,ok,-2.7755575615628914e-17,0.0,0.0,0.6283192072782778,0.6283192072782778,0.0,True,calibrated_load_margin_preserved
C1_random_unconstrained,13,M3_fullspan_control,ok,0.0,0.31020000000000003,0.31020000000000003,9.732215033864123e-17,9.732215033864123e-17,0.0,False,degenerate_scores
C1_random_unconstrained,13,M4_matrix_response,ok,0.8966657101139295,0.11339999999999995,0.0,1.738966046986366,1.6384841955382152,-0.1004818514481507,True,calibrated_load_margin_preserved
C1_random_unconstrained,14,M1_signed_prototype,ok,5.551115123125783e-17,0.0,0.0,0.6876660135034524,0.6876660135034524,0.0,True,calibrated_load_margin_preserved
C1_random_unconstrained,14,M2_unsigned_prototype,ok,-2.7755575615628914e-16,0.0,0.0,0.5787440256683088,0.5787440256683088,0.0,True,calibrated_load_margin_preserved
C1_random_unconstrained,14,M3_top1_projection,ok,-1.3877787807814457e-17,0.0,0.0,0.4566844540010542,0.4566844540010542,0.0,True,calibrated_load_margin_preserved
C1_random_unconstrained,14,M3_fullspan_control,ok,1.1102230246251565e-16,0.41890000000000005,0.15569999999999995,1.3513634655737406e-16,1.3513634655737406e-16,0.0,False,degenerate_scores
C1_random_unconstrained,14,M4_matrix_response,ok,-2.5167673676742384,0.1824,0.0,3.4014630071070133,2.955436019675652,-0.4460269874313614,True,calibrated_load_margin_preserved
C1_random_unconstrained,15,M1_signed_prototype,ok,0.0,0.0,0.0,0.12337926255375907,0.12337926255375907,0.0,True,calibrated_load_margin_preserved
C1_random_unconstrained,15,M2_unsigned_prototype,ok,1.1275702593849246e-17,0.0,0.0,0.1227986316995308,0.1227986316995308,0.0,True,calibrated_load_margin_preserved
C1_random_unconstrained,15,M3_top1_projection,ok,1.734723475976807e-18,0.0,0.0,0.1785531944041385,0.1785531944041385,0.0,True,calibrated_load_margin_preserved
C1_random_unconstrained,15,M3_fullspan_control,ok,0.0,0.10819999999999996,0.10819999999999996,9.999778782798784e-17,9.999778782798784e-17,0.0,False,degenerate_scores
C1_random_unconstrained,15,M4_matrix_response,ok,0.015843790289584686,0.009000000000000008,0.0,0.3622427654322376,0.3621022760439936,-0.0001404893882440139,True,calibrated_load_margin_preserved
C1_random_unconstrained,16,M1_signed_prototype,ok,-2.220446049250313e-16,0.0,0.0,0.9320945291183013,0.9320945291183013,0.0,True,calibrated_load_margin_preserved
C1_random_unconstrained,16,M2_unsigned_prototype,ok,-5.551115123125783e-17,0.0,0.0,0.6349748263456939,0.6349748263456939,0.0,True,calibrated_load_margin_preserved
C1_random_unconstrained,16,M3_top1_projection,ok,-5.551115123125783e-17,0.0,0.0,0.5783462644679629,0.5783462644679629,0.0,True,calibrated_load_margin_preserved
C1_random_unconstrained,16,M3_fullspan_control,ok,-1.1102230246251565e-16,0.028100000000000014,0.1271,1.2296830220748233e-16,8.850697952311748e-17,-3.446132268436485e-17,False,degenerate_scores
C1_random_unconstrained,16,M4_matrix_response,ok,-0.7736975071515262,0.0902,0.0,1.830939579642981,1.7616214231507474,-0.0693181564922336,True,calibrated_load_margin_preserved
C1_random_unconstrained,17,M1_signed_prototype,ok,3.3306690738754696e-16,0.0,0.0,1.0224122616561135,1.0224122616561135,0.0,True,calibrated_load_margin_preserved
C1_random_unconstrained,17,M2_unsigned_prototype,ok,1.942890293094024e-16,0.0,0.0,0.6093352735166134,0.6093352735166134,0.0,True,calibrated_load_margin_preserved
C1_random_unconstrained,17,M3_top1_projection,ok,-4.163336342344337e-17,0.0,0.0,0.5217381989438024,0.5217381989438024,0.0,True,calibrated_load_margin_preserved
C1_random_unconstrained,17,M3_fullspan_control,ok,2.220446049250313e-16,0.49019999999999997,0.20430000000000004,2.2549739853161553e-16,1.8841594950913532e-16,-3.708144902248021e-17,False,degenerate_scores
C1_random_unconstrained,17,M4_matrix_response,ok,1.4119452159242503,0.247,0.0,1.613611702539265,1.2835364228282546,-0.33007527971101025,True,calibrated_load_margin_preserved
C1_random_unconstrained,18,M1_signed_prototype,ok,0.0,0.0,0.0,0.3370268166677644,0.3370268166677644,0.0,True,calibrated_load_margin_preserved
C1_random_unconstrained,18,M2_unsigned_prototype,ok,-2.7755575615628914e-17,0.0,0.0,0.3250053279216479,0.3250053279216479,0.0,True,calibrated_load_margin_preserved
C1_random_unconstrained,18,M3_top1_projection,ok,2.0816681711721685e-16,0.0,0.0,0.40500086849325834,0.40500086849325834,0.0,True,calibrated_load_margin_preserved
C1_random_unconstrained,18,M3_fullspan_control,ok,1.1102230246251565e-16,0.41769999999999996,0.03300000000000003,1.2523315717771765e-16,1.2523315717771765e-16,0.0,False,degenerate_scores
C1_random_unconstrained,18,M4_matrix_response,ok,-1.5860913613844212,0.18880000000000002,0.0,2.09662577138473,1.8062337906421482,-0.29039198074258166,True,calibrated_load_margin_preserved
C1_random_unconstrained,19,M1_signed_prototype,ok,-2.220446049250313e-16,0.0,0.0,0.7726923421841211,0.7726923421841211,0.0,True,calibrated_load_margin_preserved
C1_random_unconstrained,19,M2_unsigned_prototype,ok,-1.1102230246251565e-16,0.0,0.0,0.6141360402799332,0.6141360402799332,0.0,True,calibrated_load_margin_preserved
C1_random_unconstrained,19,M3_top1_projection,ok,-1.6653345369377348e-16,0.0,0.0,0.6287602593410213,0.6287602593410213,0.0,True,calibrated_load_margin_preserved
C1_random_unconstrained,19,M3_fullspan_control,ok,-2.220446049250313e-16,0.36460000000000004,0.1874,2.367994689222996e-16,1.695310558602614e-17,-2.1984636333627347e-16,False,degenerate_scores
C1_random_unconstrained,19,M4_matrix_response,ok,0.7342212253991174,0.10560000000000003,0.0,1.5128746335944008,1.4361139397761142,-0.07676069381828654,True,calibrated_load_margin_preserved
C1_random_unconstrained,20,M1_signed_prototype,ok,0.0,0.0,0.0,0.047540850362133666,0.047540850362133666,0.0,True,calibrated_load_margin_preserved
C1_random_unconstrained,20,M2_unsigned_prototype,ok,9.280770596475918e-17,0.0,0.0,0.04750769655067335,0.04750769655067335,0.0,True,calibrated_load_margin_preserved
C1_random_unconstrained,20,M3_top1_projection,ok,1.734723475976807e-16,0.0,0.0,0.3924962304185305,0.3924962304185305,0.0,True,calibrated_load_margin_preserved
C1_random_unconstrained,20,M3_fullspan_control,ok,1.1102230246251565e-16,0.40969999999999995,0.05389999999999995,1.2825296380469808e-16,1.2825296380469808e-16,0.0,False,degenerate_scores
C1_random_unconstrained,20,M4_matrix_response,ok,-5.6044129566598535,0.5,0.0,5.6044129566598535,1.7145468677927234,-3.88986608886713,True,calibrated_load_margin_preserved
C1_random_unconstrained,21,M1_signed_prototype,ok,5.516420653606247e-16,0.0,0.0,1.2732117486830865,1.2732117486830865,0.0,True,calibrated_load_margin_preserved
C1_random_unconstrained,21,M2_unsigned_prototype,ok,-6.779990523002322e-17,0.0,0.0,0.008407932938650874,0.008407932938650874,0.0,True,calibrated_load_margin_preserved
C1_random_unconstrained,21,M3_top1_projection,ok,-1.0200174038743626e-15,0.0,0.0,0.361041530100905,0.361041530100905,0.0,True,calibrated_load_margin_preserved
C1_random_unconstrained,21,M3_fullspan_control,ok,-1.2212453270876722e-15,0.5,0.21960000000000002,1.1801781774067877e-15,-4.180988888435877e-16,-1.5982770662503754e-15,False,degenerate_scores
C1_random_unconstrained,21,M4_matrix_response,ok,-1.8277854283759845,0.3426,0.0,1.8799210138475577,1.3222692096080828,-0.5576518042394749,True,calibrated_load_margin_preserved
C1_random_unconstrained,22,M1_signed_prototype,ok,5.551115123125783e-17,0.0,0.0,0.17617533705256594,0.17617533705256594,0.0,True,calibrated_load_margin_preserved
C1_random_unconstrained,22,M2_unsigned_prototype,ok,1.734723475976807e-17,0.0,0.0,0.17448069931459553,0.17448069931459553,0.0,True,calibrated_load_margin_preserved
C1_random_unconstrained,22,M3_top1_projection,ok,-3.0531133177191805e-16,0.0,0.0,0.6292408081079329,0.6292408081079329,0.0,True,calibrated_load_margin_preserved
C1_random_unconstrained,22,M3_fullspan_control,ok,2.220446049250313e-16,0.4747,0.08420000000000005,1.6583401318825964e-16,1.5035750422498496e-16,-1.547650896327468e-17,False,degenerate_scores
C1_random_unconstrained,22,M4_matrix_response,ok,-0.3508986965271929,0.1194,0.0,0.6512310866196637,0.6098394645731032,-0.04139162204656044,True,calibrated_load_margin_preserved
C1_random_unconstrained,23,M1_signed_prototype,ok,5.551115123125783e-17,0.0,0.0,0.3232673165430745,0.3232673165430745,0.0,True,calibrated_load_margin_preserved
C1_random_unconstrained,23,M2_unsigned_prototype,ok,-1.249000902703301e-16,0.0,0.0,0.31267453526666894,0.31267453526666894,0.0,True,calibrated_load_margin_preserved
C1_random_unconstrained,23,M3_top1_projection,ok,3.469446951953614e-17,0.0,0.0,0.257472736928157,0.257472736928157,0.0,True,calibrated_load_margin_preserved
C1_random_unconstrained,23,M3_fullspan_control,ok,4.440892098500626e-16,0.49970000000000003,0.01429999999999998,3.5519365226832634e-16,1.3428147482841269e-16,-2.2091217743991365e-16,False,degenerate_scores
C1_random_unconstrained,23,M4_matrix_response,ok,-0.9814543959377253,0.19140000000000001,0.0,1.2869925353627953,1.105131233116922,-0.18186130224587327,True,calibrated_load_margin_preserved
C1_random_unconstrained,24,M1_signed_prototype,ok,1.6653345369377348e-16,0.0,0.0,0.27790642946266414,0.27790642946266414,0.0,True,calibrated_load_margin_preserved
C1_random_unconstrained,24,M2_unsigned_prototype,ok,-9.020562075079397e-17,0.0,0.0,0.2712058334432433,0.2712058334432433,0.0,True,calibrated_load_margin_preserved
C1_random_unconstrained,24,M3_top1_projection,ok,1.4224732503009818e-16,0.0,0.0,0.10121928989384699,0.10121928989384699,0.0,True,calibrated_load_margin_preserved
C1_random_unconstrained,24,M3_fullspan_control,ok,3.3306690738754696e-16,0.4999,0.14229999999999998,3.47544215628659e-16,2.0741186546047175e-16,-1.4013235016818723e-16,False,degenerate_scores
C1_random_unconstrained,24,M4_matrix_response,ok,-1.683582023318439,0.5,0.0,1.6835820233184389,1.0614469109824112,-0.6221351123360277,True,calibrated_load_margin_preserved
C1_random_unconstrained,25,M1_signed_prototype,ok,1.249000902703301e-16,0.0,0.0,1.2428761068034078,1.2428761068034078,0.0,True,calibrated_load_margin_preserved
C1_random_unconstrained,25,M2_unsigned_prototype,ok,-1.214306433183765e-16,0.0,0.0,0.26981037363174676,0.26981037363174676,0.0,True,calibrated_load_margin_preserved
C1_random_unconstrained,25,M3_top1_projection,ok,9.540979117872439e-18,0.0,0.0,0.13601379646773862,0.13601379646773862,0.0,True,calibrated_load_margin_preserved
C1_random_unconstrained,25,M3_fullspan_control,ok,-1.1102230246251565e-16,0.2229,0.05920000000000003,1.531663684772866e-16,9.052758542793527e-17,-6.263878304935132e-17,False,degenerate_scores
C1_random_unconstrained,25,M4_matrix_response,ok,1.3112156081516335,0.5,0.0,1.3112156081516333,0.3305301519102544,-0.9806854562413789,True,calibrated_load_margin_preserved
C1_random_unconstrained,26,M1_signed_prototype,ok,1.1102230246251565e-16,0.0,0.0,1.10853167583545,1.10853167583545,0.0,True,calibrated_load_margin_preserved
C1_random_unconstrained,26,M2_unsigned_prototype,ok,-5.551115123125783e-17,0.0,0.0,0.5453121212598833,0.5453121212598833,0.0,True,calibrated_load_margin_preserved
C1_random_unconstrained,26,M3_top1_projection,ok,4.85722573273506e-16,0.0,0.0,0.5320018211989763,0.5320018211989763,0.0,True,calibrated_load_margin_preserved
C1_random_unconstrained,26,M3_fullspan_control,ok,2.220446049250313e-16,0.4698,0.05789999999999995,1.6995294060961896e-16,1.3724577030416185e-16,-3.270717030545711e-17,False,degenerate_scores
C1_random_unconstrained,26,M4_matrix_response,ok,0.7867590663074673,0.34619999999999995,0.0,0.807483083378725,0.5655058585058034,-0.24197722487292161,True,calibrated_load_margin_preserved
C1_random_unconstrained,27,M1_signed_prototype,ok,-5.551115123125783e-17,0.0,0.0,0.23221984348615315,0.23221984348615315,0.0,True,calibrated_load_margin_preserved
C1_random_unconstrained,27,M2_unsigned_prototype,ok,2.7755575615628914e-17,0.0,0.0,0.22832484508742332,0.22832484508742332,0.0,True,calibrated_load_margin_preserved
C1_random_unconstrained,27,M3_top1_projection,ok,1.1806961658367143e-16,0.0,0.0,0.03399125809263393,0.03399125809263393,0.0,True,calibrated_load_margin_preserved
C1_random_unconstrained,27,M3_fullspan_control,ok,2.220446049250313e-16,0.49150000000000005,0.21009999999999995,2.247757535656092e-16,1.9173551635276454e-16,-3.3040237212844644e-17,False,degenerate_scores
C1_random_unconstrained,27,M4_matrix_response,ok,-0.473690358810251,0.29359999999999997,0.0,0.5066522953261662,0.37835628295413076,-0.12829601237203542,True,calibrated_load_margin_preserved
C1_random_unconstrained,28,M1_signed_prototype,ok,-5.551115123125783e-17,0.0,0.0,0.12046187736765973,0.12046187736765973,0.0,True,calibrated_load_margin_preserved
C1_random_unconstrained,28,M2_unsigned_prototype,ok,8.847089727481716e-17,0.0,0.0,0.11992153350109094,0.11992153350109094,0.0,True,calibrated_load_margin_preserved
C1_random_unconstrained,28,M3_top1_projection,ok,-5.898059818321144e-17,0.0,0.0,0.234393482665403,0.234393482665403,0.0,True,calibrated_load_margin_preserved
C1_random_unconstrained,28,M3_fullspan_control,ok,-3.3306690738754696e-16,0.4779,0.11850000000000005,3.360201006330499e-16,2.9576341376014173e-17,-3.0644375925703573e-16,False,degenerate_scores
C1_random_unconstrained,28,M4_matrix_response,ok,0.707000268573072,0.17200000000000004,0.0,0.9937783432787779,0.8752733754321245,-0.11850496784665343,True,calibrated_load_margin_preserved
C1_random_unconstrained,29,M1_signed_prototype,ok,-5.134781488891349e-16,0.0,0.0,1.2593796911722719,1.2593796911722719,0.0,True,calibrated_load_margin_preserved
C1_random_unconstrained,29,M2_unsigned_prototype,ok,1.0408340855860843e-16,0.0,0.0,0.1853152515900169,0.1853152515900169,0.0,True,calibrated_load_margin_preserved
C1_random_unconstrained,29,M3_top1_projection,ok,5.898059818321144e-17,0.0,0.0,0.2947553451730474,0.2947553451730474,0.0,True,calibrated_load_margin_preserved
C1_random_unconstrained,29,M3_fullspan_control,ok,0.0,0.38939999999999997,0.38939999999999997,1.0861311849907906e-16,1.0861311849907906e-16,0.0,False,degenerate_scores
C1_random_unconstrained,29,M4_matrix_response,ok,-2.1135081604131436,0.3026,0.0,2.239889932404201,1.6532433131713828,-0.5866466192328184,True,calibrated_load_margin_preserved
C1_random_unconstrained,30,M1_signed_prototype,ok,1.6653345369377348e-16,0.0,0.0,0.9297871061199201,0.9297871061199201,0.0,True,calibrated_load_margin_preserved
C1_random_unconstrained,30,M2_unsigned_prototype,ok,-3.0531133177191805e-16,0.0,0.0,0.6352089474402822,0.6352089474402822,0.0,True,calibrated_load_margin_preserved
C1_random_unconstrained,30,M3_top1_projection,ok,-8.326672684688674e-17,0.0,0.0,0.6336629409384084,0.6336629409384084,0.0,True,calibrated_load_margin_preserved
C1_random_unconstrained,30,M3_fullspan_control,ok,-2.220446049250313e-16,0.3755,0.17259999999999998,2.552402733613235e-16,2.3914203950425873e-17,-2.3132606941089763e-16,False,degenerate_scores
C1_random_unconstrained,30,M4_matrix_response,ok,-1.8380036179035462,0.5,0.0,1.8380036179035455,0.8803596405135169,-0.9576439773900286,True,calibrated_load_margin_preserved
C1_random_unconstrained,31,M1_signed_prototype,ok,2.914335439641036e-16,0.0,0.0,1.258142573424643,1.258142573424643,0.0,True,calibrated_load_margin_preserved
C1_random_unconstrained,31,M2_unsigned_prototype,ok,-1.1796119636642288e-16,0.0,0.0,0.19317182300723948,0.19317182300723948,0.0,True,calibrated_load_margin_preserved
C1_random_unconstrained,31,M3_top1_projection,ok,1.3877787807814457e-17,0.0,0.0,0.21385984485390258,0.21385984485390258,0.0,True,calibrated_load_margin_preserved
C1_random_unconstrained,31,M3_fullspan_control,ok,1.1102230246251565e-16,0.44899999999999995,0.1421,1.492472812003598e-16,1.492472812003598e-16,0.0,False,degenerate_scores
C1_random_unconstrained,31,M4_matrix_response,ok,0.9212092028443273,0.23619999999999997,0.0,1.07467662754234,0.8675990471171339,-0.2070775804252062,True,calibrated_load_margin_preserved
C1_random_unconstrained,32,M1_signed_prototype,ok,0.0,0.0,0.0,0.06164885675742973,0.06164885675742973,0.0,True,calibrated_load_margin_preserved
C1_random_unconstrained,32,M2_unsigned_prototype,ok,-1.1492543028346347e-16,0.0,0.0,0.061576548435712496,0.061576548435712496,0.0,True,calibrated_load_margin_preserved
C1_random_unconstrained,32,M3_top1_projection,ok,-1.8041124150158794e-16,0.0,0.0,0.513665336091113,0.513665336091113,0.0,True,calibrated_load_margin_preserved
C1_random_unconstrained,32,M3_fullspan_control,ok,-2.220446049250313e-16,0.22199999999999998,0.35009999999999997,1.6926460233435136e-16,-4.343192472333612e-17,-2.1269652705768748e-16,False,degenerate_scores
C1_random_unconstrained,32,M4_matrix_response,ok,0.7370462621334393,0.18159999999999998,0.0,0.9992293556654633,0.8691936428631453,-0.13003571280231807,True,calibrated_load_margin_preserved
C1_random_unconstrained,33,M1_signed_prototype,ok,-5.551115123125783e-17,0.0,0.0,1.2308025299658807,1.2308025299658807,0.0,True,calibrated_load_margin_preserved
C1_random_unconstrained,33,M2_unsigned_prototype,ok,0.0,0.0,0.0,0.31511675855315385,0.31511675855315385,0.0,True,calibrated_load_margin_preserved
C1_random_unconstrained,33,M3_top1_projection,ok,-2.7755575615628914e-17,0.0,0.0,0.44263729251555095,0.44263729251555095,0.0,True,calibrated_load_margin_preserved
C1_random_unconstrained,33,M3_fullspan_control,ok,-3.3306690738754696e-16,0.4779,0.08030000000000004,3.447464536066036e-16,5.972999872483343e-17,-2.8501645488177015e-16,False,degenerate_scores
C1_random_unconstrained,33,M4_matrix_response,ok,1.477552904903314,0.1594,0.0,2.188824167779725,1.9582242139747235,-0.23059995380500165,True,calibrated_load_margin_preserved
C1_random_unconstrained,34,M1_signed_prototype,ok,-5.551115123125783e-17,0.0,0.0,0.38619147323875247,0.38619147323875247,0.0,True,calibrated_load_margin_preserved
C1_random_unconstrained,34,M2_unsigned_prototype,ok,-2.7755575615628914e-17,0.0,0.0,0.36799820308635073,0.36799820308635073,0.0,True,calibrated_load_margin_preserved
C1_random_unconstrained,34,M3_top1_projection,ok,-5.551115123125783e-17,0.0,0.0,0.5908663220062753,0.5908663220062753,0.0,True,calibrated_load_margin_preserved
C1_random_unconstrained,34,M3_fullspan_control,ok,-1.1102230246251565e-16,0.1321,0.027100000000000013,1.4843681839238343e-16,1.1308731728831844e-16,-3.5349501104064986e-17,False,degenerate_scores
C1_random_unconstrained,34,M4_matrix_response,ok,-0.09839975697810166,0.005199999999999982,0.0,3.8217084248646063,3.8211949450391374,-0.0005134798254688988,True,calibrated_load_margin_preserved
C1_random_unconstrained,35,M1_signed_prototype,ok,5.551115123125783e-17,0.0,0.0,0.39157088578695415,0.39157088578695415,0.0,True,calibrated_load_margin_preserved
C1_random_unconstrained,35,M2_unsigned_prototype,ok,-1.1102230246251565e-16,0.0,0.0,0.3725935950810921,0.3725935950810921,0.0,True,calibrated_load_margin_preserved
C1_random_unconstrained,35,M3_top1_projection,ok,-7.45931094670027e-17,0.0,0.0,0.20669454810190852,0.20669454810190852,0.0,True,calibrated_load_margin_preserved
C1_random_unconstrained,35,M3_fullspan_control,ok,-1.1102230246251565e-16,0.14950000000000002,0.07579999999999998,1.4219736499399004e-16,9.21707155043805e-17,-5.002664948960954e-17,False,degenerate_scores
C1_random_unconstrained,35,M4_matrix_response,ok,1.0311970301713163,0.5,0.0,1.0311970301713163,0.4434395671321974,-0.5877574630391189,True,calibrated_load_margin_preserved
C1_random_unconstrained,36,M1_signed_prototype,ok,0.0,0.0,0.0,0.23410673156030604,0.23410673156030604,0.0,True,calibrated_load_margin_preserved
C1_random_unconstrained,36,M2_unsigned_prototype,ok,2.0122792321330962e-16,0.0,0.0,0.23011547271440255,0.23011547271440255,0.0,True,calibrated_load_margin_preserved
C1_random_unconstrained,36,M3_top1_projection,ok,3.3306690738754696e-16,0.0,0.0,0.4732996051009071,0.4732996051009071,0.0,True,calibrated_load_margin_preserved
C1_random_unconstrained,36,M3_fullspan_control,ok,2.220446049250313e-16,0.4808,0.11639999999999995,1.9210188995089083e-16,1.5581980150614072e-16,-3.6282088444750113e-17,False,degenerate_scores
C1_random_unconstrained,36,M4_matrix_response,ok,-0.7036571816725297,0.059199999999999975,0.0,2.4639172859823244,2.4223779693443883,-0.041539316637936086,True,calibrated_load_margin_preserved
C1_random_unconstrained,37,M1_signed_prototype,ok,8.326672684688674e-17,0.0,0.0,1.1454583323729586,1.1454583323729586,0.0,True,calibrated_load_margin_preserved
C1_random_unconstrained,37,M2_unsigned_prototype,ok,-2.7755575615628914e-16,0.0,0.0,0.500142249082945,0.500142249082945,0.0,True,calibrated_load_margin_preserved
C1_random_unconstrained,37,M3_top1_projection,ok,1.1102230246251565e-16,0.0,0.0,0.5538497584109208,0.5538497584109208,0.0,True,calibrated_load_margin_preserved
C1_random_unconstrained,37,M3_fullspan_control,ok,3.3306690738754696e-16,0.4999,0.26549999999999996,3.7735370383984444e-16,2.8340663149606373e-16,-9.39470723437807e-17,False,degenerate_scores
C1_random_unconstrained,37,M4_matrix_response,ok,1.4695695017621428,0.38759999999999994,0.0,1.4840265433969282,0.9970908964669585,-0.4869356469299697,True,calibrated_load_margin_preserved
C1_random_unconstrained,38,M1_signed_prototype,ok,-1.6653345369377348e-16,0.0,0.0,1.0897639555466885,1.0897639555466885,0.0,True,calibrated_load_margin_preserved
C1_random_unconstrained,38,M2_unsigned_prototype,ok,-1.1102230246251565e-16,0.0,0.0,0.5635645710543093,0.5635645710543093,0.0,True,calibrated_load_margin_preserved
C1_random_unconstrained,38,M3_top1_projection,ok,-2.7755575615628914e-17,0.0,0.0,0.6364400329314679,0.6364400329314679,0.0,True,calibrated_load_margin_preserved
C1_random_unconstrained,38,M3_fullspan_control,ok,0.0,0.19989999999999997,0.19989999999999997,9.033884751374899e-17,9.033884751374899e-17,0.0,False,degenerate_scores
C1_random_unconstrained,38,M4_matrix_response,ok,0.8580143544130299,0.054400000000000004,0.0,3.2551771245463343,3.2085686998213205,-0.04660842472501381,True,calibrated_load_margin_preserved
C1_random_unconstrained,39,M1_signed_prototype,ok,-3.608224830031759e-16,0.0,0.0,1.1883454910288462,1.1883454910288462,0.0,True,calibrated_load_margin_preserved
C1_random_unconstrained,39,M2_unsigned_prototype,ok,0.0,0.0,0.0,0.42665679246319105,0.42665679246319105,0.0,True,calibrated_load_margin_preserved
C1_random_unconstrained,39,M3_top1_projection,ok,1.4224732503009818e-16,0.0,0.0,0.2079023404639226,0.2079023404639226,0.0,True,calibrated_load_margin_preserved
C1_random_unconstrained,39,M3_fullspan_control,ok,2.220446049250313e-16,0.4839,0.1614,2.0784485244007557e-16,1.742272992544258e-16,-3.361755318564976e-17,False,degenerate_scores
C1_random_unconstrained,39,M4_matrix_response,ok,-0.41205800291066313,0.123,0.0,0.7463279337845088,0.696302962132647,-0.050024971651861816,True,calibrated_load_margin_preserved
C1_random_unconstrained,40,M1_signed_prototype,ok,-2.7755575615628914e-16,0.0,0.0,0.606996399842217,0.606996399842217,0.0,True,calibrated_load_margin_preserved
C1_random_unconstrained,40,M2_unsigned_prototype,ok,-5.551115123125783e-17,0.0,0.0,0.5335787906955104,0.5335787906955104,0.0,True,calibrated_load_margin_preserved
C1_random_unconstrained,40,M3_top1_projection,ok,-4.163336342344337e-17,0.0,0.0,0.2556190965560379,0.2556190965560379,0.0,True,calibrated_load_margin_preserved
C1_random_unconstrained,40,M3_fullspan_control,ok,-3.3306690738754696e-16,0.4718,0.13119999999999998,3.292477401828364e-16,2.2803980925800715e-17,-3.064437592570357e-16,False,degenerate_scores
C1_random_unconstrained,40,M4_matrix_response,ok,-0.5886302593990003,0.1466,0.0,0.9275790979730858,0.8428093297688829,-0.0847697682042029,True,calibrated_load_margin_preserved
C1_random_unconstrained,41,M1_signed_prototype,ok,-5.551115123125783e-17,0.0,0.0,1.0552603402822494,1.0552603402822494,0.0,True,calibrated_load_margin_preserved
C1_random_unconstrained,41,M2_unsigned_prototype,ok,4.718447854656915e-16,0.0,0.0,0.5904663532422428,0.5904663532422428,0.0,True,calibrated_load_margin_preserved
C1_random_unconstrained,41,M3_top1_projection,ok,6.938893903907228e-17,0.0,0.0,0.5481620238050374,0.5481620238050374,0.0,True,calibrated_load_margin_preserved
C1_random_unconstrained,41,M3_fullspan_control,ok,2.220446049250313e-16,0.49350000000000005,0.256,2.320144076861652e-16,2.120303932429124e-16,-1.998401444325281e-17,False,degenerate_scores
C1_random_unconstrained,41,M4_matrix_response,ok,3.571580571699262,0.2592,0.0,3.997136851254049,3.12602164384668,-0.8711152074073687,True,calibrated_load_margin_preserved
C1_random_unconstrained,42,M1_signed_prototype,ok,1.1102230246251565e-16,0.0,0.0,0.7944841305198493,0.7944841305198493,0.0,True,calibrated_load_margin_preserved
C1_random_unconstrained,42,M2_unsigned_prototype,ok,1.1102230246251565e-16,0.0,0.0,0.620837917442362,0.620837917442362,0.0,True,calibrated_load_margin_preserved
C1_random_unconstrained,42,M3_top1_projection,ok,-2.220446049250313e-16,0.0,0.0,0.6233704574286442,0.6233704574286442,0.0,True,calibrated_load_margin_preserved
C1_random_unconstrained,42,M3_fullspan_control,ok,-2.220446049250313e-16,0.4534,0.009199999999999986,2.951972000175829e-16,1.0947909245828668e-16,-1.857181075592962e-16,False,degenerate_scores
C1_random_unconstrained,42,M4_matrix_response,ok,-0.5202002612533492,0.04299999999999998,0.0,2.4806624860603974,2.458322309733145,-0.022340176327252603,True,calibrated_load_margin_preserved
C1_random_unconstrained,43,M1_signed_prototype,ok,-2.7755575615628914e-16,0.0,0.0,1.0158349296230784,1.0158349296230784,0.0,True,calibrated_load_margin_preserved
C1_random_unconstrained,43,M2_unsigned_prototype,ok,-1.1102230246251565e-16,0.0,0.0,0.6124224908393168,0.6124224908393168,0.0,True,calibrated_load_margin_preserved
C1_random_unconstrained,43,M3_top1_projection,ok,-1.6653345369377348e-16,0.0,0.0,0.6358572743806313,0.6358572743806313,0.0,True,calibrated_load_margin_preserved
C1_random_unconstrained,43,M3_fullspan_control,ok,-1.1102230246251565e-16,0.14129999999999998,0.006800000000000028,1.5137890940764009e-16,1.1849410341824295e-16,-3.288480598939714e-17,False,degenerate_scores
C1_random_unconstrained,43,M4_matrix_response,ok,-0.2117462331793758,0.020199999999999996,0.0,2.1356848866478213,2.131420629092778,-0.004264257555043116,True,calibrated_load_margin_preserved
C1_random_unconstrained,44,M1_signed_prototype,ok,-1.3877787807814457e-16,0.0,0.0,1.2276639531692253,1.2276639531692253,0.0,True,calibrated_load_margin_preserved
C1_random_unconstrained,44,M2_unsigned_prototype,ok,-4.163336342344337e-17,0.0,0.0,0.3255247951399032,0.3255247951399032,0.0,True,calibrated_load_margin_preserved
C1_random_unconstrained,44,M3_top1_projection,ok,2.7755575615628914e-17,0.0,0.0,0.6311786943350951,0.6311786943350951,0.0,True,calibrated_load_margin_preserved
C1_random_unconstrained,44,M3_fullspan_control,ok,2.220446049250313e-16,0.4952,0.2872,2.62545540863357e-16,2.327471548824178e-16,-2.9798385980939174e-17,False,degenerate_scores
C1_random_unconstrained,44,M4_matrix_response,ok,-0.01478727087782139,0.0024000000000000132,0.0,1.3072407996763358,1.3072069772534156,-3.382242292016002e-05,True,calibrated_load_margin_preserved
C1_random_unconstrained,45,M1_signed_prototype,ok,-1.3877787807814457e-16,0.0,0.0,1.2178746359445576,1.2178746359445576,0.0,True,calibrated_load_margin_preserved
C1_random_unconstrained,45,M2_unsigned_prototype,ok,-1.0408340855860843e-16,0.0,0.0,0.3552274121473254,0.3552274121473254,0.0,True,calibrated_load_margin_preserved
C1_random_unconstrained,45,M3_top1_projection,ok,-2.498001805406602e-16,0.0,0.0,0.5531222139321277,0.5531222139321277,0.0,True,calibrated_load_margin_preserved
C1_random_unconstrained,45,M3_fullspan_control,ok,-3.3306690738754696e-16,0.4934,0.01759999999999995,3.776090551355082e-16,9.885425811262393e-17,-2.7875479702288427e-16,False,degenerate_scores
C1_random_unconstrained,45,M4_matrix_response,ok,-0.24254327853007704,0.1528,0.0,0.37074593783913995,0.3344214997203488,-0.03632443811879116,True,calibrated_load_margin_preserved
C1_random_unconstrained,46,M1_signed_prototype,ok,-2.7755575615628914e-16,0.0,0.0,1.136633942773246,1.136633942773246,0.0,True,calibrated_load_margin_preserved
C1_random_unconstrained,46,M2_unsigned_prototype,ok,-1.249000902703301e-16,0.0,0.0,0.5122026920783597,0.5122026920783597,0.0,True,calibrated_load_margin_preserved
C1_random_unconstrained,46,M3_top1_projection,ok,1.6653345369377348e-16,0.0,0.0,0.6365774592075188,0.6365774592075188,0.0,True,calibrated_load_margin_preserved
C1_random_unconstrained,46,M3_fullspan_control,ok,5.551115123125783e-16,0.5,0.04059999999999997,5.281219905839407e-16,1.571076602147059e-16,-3.710143303692348e-16,False,degenerate_scores
C1_random_unconstrained,46,M4_matrix_response,ok,1.2595920718607645,0.10640000000000005,0.0,2.57798270970442,2.445284208845447,-0.13269850085897295,True,calibrated_load_margin_preserved
C1_random_unconstrained,47,M1_signed_prototype,ok,1.6653345369377348e-16,0.0,0.0,1.2180779897948588,1.2180779897948588,0.0,True,calibrated_load_margin_preserved
C1_random_unconstrained,47,M2_unsigned_prototype,ok,5.551115123125783e-17,0.0,0.0,0.3546481566542839,0.3546481566542839,0.0,True,calibrated_load_margin_preserved
C1_random_unconstrained,47,M3_top1_projection,ok,3.469446951953614e-17,0.0,0.0,0.34277459523679105,0.34277459523679105,0.0,True,calibrated_load_margin_preserved
C1_random_unconstrained,47,M3_fullspan_control,ok,2.220446049250313e-16,0.47230000000000005,0.07879999999999998,1.797562099170591e-16,1.4267476089457886e-16,-3.7081449022480237e-17,False,degenerate_scores
C1_random_unconstrained,47,M4_matrix_response,ok,1.8308341279970013,0.2892,0.0,1.9674728060707527,1.4775274939552487,-0.48994531211550396,True,calibrated_load_margin_preserved
C1_random_unconstrained,48,M1_signed_prototype,ok,5.551115123125783e-17,0.0,0.0,0.8068729890645353,0.8068729890645353,0.0,True,calibrated_load_margin_preserved
C1_random_unconstrained,48,M2_unsigned_prototype,ok,2.7755575615628914e-17,0.0,0.0,0.6241689005471217,0.6241689005471217,0.0,True,calibrated_load_margin_preserved
C1_random_unconstrained,48,M3_top1_projection,ok,5.551115123125783e-17,0.0,0.0,0.6345899726790826,0.6345899726790826,0.0,True,calibrated_load_margin_preserved
C1_random_unconstrained,48,M3_fullspan_control,ok,4.440892098500626e-16,0.5,0.023499999999999965,3.8425929105301294e-16,1.322386644631024e-16,-2.5202062658991054e-16,False,degenerate_scores
C1_random_unconstrained,48,M4_matrix_response,ok,-0.9804003850295715,0.0842,0.0,2.4706432415605497,2.388625975493255,-0.08201726606729487,True,calibrated_load_margin_preserved
C1_random_unconstrained,49,M1_signed_prototype,ok,1.6653345369377348e-16,0.0,0.0,1.203830056313202,1.203830056313202,0.0,True,calibrated_load_margin_preserved
C1_random_unconstrained,49,M2_unsigned_prototype,ok,0.0,0.0,0.0,0.39204275402971495,0.39204275402971495,0.0,True,calibrated_load_margin_preserved
C1_random_unconstrained,49,M3_top1_projection,ok,4.0939474033052647e-16,0.0,0.0,0.3562189613000501,0.3562189613000501,0.0,True,calibrated_load_margin_preserved
C1_random_unconstrained,49,M3_fullspan_control,ok,2.220446049250313e-16,0.47540000000000004,0.09630000000000005,1.6761037002765989e-16,1.548872141654556e-16,-1.2723155862204298e-17,False,degenerate_scores
C1_random_unconstrained,49,M4_matrix_response,ok,0.9204563631046445,0.5,0.0,0.9204563631046448,0.43803883952006134,-0.4824175235845835,True,calibrated_load_margin_preserved
C1_random_unconstrained,50,M1_signed_prototype,ok,5.551115123125783e-17,0.0,0.0,0.11987627395329928,0.11987627395329928,0.0,True,calibrated_load_margin_preserved
C1_random_unconstrained,50,M2_unsigned_prototype,ok,1.222980050563649e-16,0.0,0.0,0.11934378468985435,0.11934378468985435,0.0,True,calibrated_load_margin_preserved
C1_random_unconstrained,50,M3_top1_projection,ok,-1.491862189340054e-16,0.0,0.0,0.25082332266438245,0.25082332266438245,0.0,True,calibrated_load_margin_preserved
C1_random_unconstrained,50,M3_fullspan_control,ok,-1.1102230246251565e-16,0.09799999999999998,0.1985,1.2372325386422745e-16,5.788702850395566e-17,-6.583622536027179e-17,False,degenerate_scores
C1_random_unconstrained,50,M4_matrix_response,ok,-0.1423359600269859,0.04799999999999999,0.0,0.6082862297034258,0.6014473556595665,-0.0068388740438593,True,calibrated_load_margin_preserved
C1_random_unconstrained,51,M1_signed_prototype,ok,1.1102230246251565e-16,0.0,0.0,1.1195962411944553,1.1195962411944553,0.0,True,calibrated_load_margin_preserved
C1_random_unconstrained,51,M2_unsigned_prototype,ok,1.249000902703301e-16,0.0,0.0,0.5331685791364363,0.5331685791364363,0.0,True,calibrated_load_margin_preserved
C1_random_unconstrained,51,M3_top1_projection,ok,1.6653345369377348e-16,0.0,0.0,0.1340945419275894,0.1340945419275894,0.0,True,calibrated_load_margin_preserved
C1_random_unconstrained,51,M3_fullspan_control,ok,2.220446049250313e-16,0.47040000000000004,0.05249999999999999,1.7543744235126724e-16,1.3002932064409834e-16,-4.5408121707168906e-17,False,degenerate_scores
C1_random_unconstrained,51,M4_matrix_response,ok,0.9931028806651105,0.5,0.0,0.9931028806651102,0.5748425980515982,-0.418260282613512,True,calibrated_load_margin_preserved
C1_random_unconstrained,52,M1_signed_prototype,ok,0.0,0.0,0.0,0.024152035464702053,0.024152035464702053,0.0,True,calibrated_load_margin_preserved
C1_random_unconstrained,52,M2_unsigned_prototype,ok,5.1093027378379396e-17,0.0,0.0,0.024147689323299856,0.024147689323299856,0.0,True,calibrated_load_margin_preserved
C1_random_unconstrained,52,M3_top1_projection,ok,2.498001805406602e-16,0.0,0.0,0.55936748268461,0.55936748268461,0.0,True,calibrated_load_margin_preserved
C1_random_unconstrained,52,M3_fullspan_control,ok,3.3306690738754696e-16,0.49860000000000004,0.01759999999999995,3.021582983819826e-16,1.262323578998803e-16,-1.759259404821023e-16,False,degenerate_scores
C1_random_unconstrained,52,M4_matrix_response,ok,-0.11295421959562546,0.047599999999999976,0.0,0.4870312914916154,0.4816534257430585,-0.005377865748556865,True,calibrated_load_margin_preserved
C1_random_unconstrained,53,M1_signed_prototype,ok,2.220446049250313e-16,0.0,0.0,0.9383975488639639,0.9383975488639639,0.0,True,calibrated_load_margin_preserved
C1_random_unconstrained,53,M2_unsigned_prototype,ok,2.7755575615628914e-16,0.0,0.0,0.6342400530957941,0.6342400530957941,0.0,True,calibrated_load_margin_preserved
C1_random_unconstrained,53,M3_top1_projection,ok,-1.3877787807814457e-16,0.0,0.0,0.6277098272221006,0.6277098272221006,0.0,True,calibrated_load_margin_preserved
C1_random_unconstrained,53,M3_fullspan_control,ok,-3.3306690738754696e-16,0.4783,0.0131,3.5457192737453627e-16,1.1138867606064196e-16,-2.4318325131389433e-16,False,degenerate_scores
C1_random_unconstrained,53,M4_matrix_response,ok,-1.2233364876415105,0.19319999999999998,0.0,1.5944403173119983,1.3656674183371034,-0.22877289897489494,True,calibrated_load_margin_preserved
C1_random_unconstrained,54,M1_signed_prototype,ok,4.996003610813204e-16,0.0,0.0,1.1767257963707654,1.1767257963707654,0.0,True,calibrated_load_margin_preserved
C1_random_unconstrained,54,M2_unsigned_prototype,ok,4.163336342344337e-17,0.0,0.0,0.44940692504442414,0.44940692504442414,0.0,True,calibrated_load_margin_preserved
C1_random_unconstrained,54,M3_top1_projection,ok,4.3021142204224816e-16,0.0,0.0,0.5058996527793942,0.5058996527793942,0.0,True,calibrated_load_margin_preserved
C1_random_unconstrained,54,M3_fullspan_control,ok,6.661338147750939e-16,0.5,0.009399999999999964,5.86874993047104e-16,1.335931365531451e-16,-4.53281856493959e-16,False,degenerate_scores
C1_random_unconstrained,54,M4_matrix_response,ok,-0.1432948714391391,0.02260000000000001,0.0,1.2971794830113506,1.2939624048516147,-0.00321707815973582,True,calibrated_load_margin_preserved
C1_random_unconstrained,55,M1_signed_prototype,ok,-1.1102230246251565e-16,0.0,0.0,0.29732861861747023,0.29732861861747023,0.0,True,calibrated_load_margin_preserved
C1_random_unconstrained,55,M2_unsigned_prototype,ok,-2.914335439641036e-16,0.0,0.0,0.28910796203972766,0.28910796203972766,0.0,True,calibrated_load_margin_preserved
C1_random_unconstrained,55,M3_top1_projection,ok,-3.469446951953614e-17,0.0,0.0,0.16655728841099213,0.16655728841099213,0.0,True,calibrated_load_margin_preserved
C1_random_unconstrained,55,M3_fullspan_control,ok,2.220446049250313e-16,0.47040000000000004,0.057599999999999985,1.7447154831984334e-16,1.3348211425068256e-16,-4.0989434069160776e-17,False,degenerate_scores
C1_random_unconstrained,55,M4_matrix_response,ok,-0.32680776202571826,0.1738,0.0,0.4558922732398759,0.400529297941463,-0.055362975298412886,True,calibrated_load_margin_preserved
C1_random_unconstrained,56,M1_signed_prototype,ok,-2.220446049250313e-16,0.0,0.0,1.09917676831184,1.09917676831184,0.0,True,calibrated_load_margin_preserved
C1_random_unconstrained,56,M2_unsigned_prototype,ok,-2.498001805406602e-16,0.0,0.0,0.5547609259277763,0.5547609259277763,0.0,True,calibrated_load_margin_preserved
C1_random_unconstrained,56,M3_top1_projection,ok,-2.0816681711721685e-17,0.0,0.0,0.3978907569154299,0.3978907569154299,0.0,True,calibrated_load_margin_preserved
C1_random_unconstrained,56,M3_fullspan_control,ok,-1.1102230246251565e-16,0.11170000000000002,0.031299999999999994,1.4693801730913946e-16,1.1518563880486e-16,-3.1752378504279456e-17,False,degenerate_scores
C1_random_unconstrained,56,M4_matrix_response,ok,3.5480629089705884,0.3578,0.0,3.6210535220792437,2.504635952216385,-1.116417569862859,True,calibrated_load_margin_preserved
C1_random_unconstrained,57,M1_signed_prototype,ok,-5.551115123125783e-17,0.0,0.0,0.772908004190675,0.772908004190675,0.0,True,calibrated_load_margin_preserved
C1_random_unconstrained,57,M2_unsigned_prototype,ok,-2.220446049250313e-16,0.0,0.0,0.6142074540174389,0.6142074540174389,0.0,True,calibrated_load_margin_preserved
C1_random_unconstrained,57,M3_top1_projection,ok,-2.220446049250313e-16,0.0,0.0,0.6324333585684276,0.6324333585684276,0.0,True,calibrated_load_margin_preserved
C1_random_unconstrained,57,M3_fullspan_control,ok,-2.220446049250313e-16,0.1169,0.39880000000000004,1.5190071422921393e-16,-5.404565683875262e-17,-2.0594637106796654e-16,False,degenerate_scores
C1_random_unconstrained,57,M4_matrix_response,ok,-0.919180023936671,0.03460000000000002,0.0,5.426140455246645,5.394370024939922,-0.03177043030672344,True,calibrated_load_margin_preserved
C1_random_unconstrained,58,M1_signed_prototype,ok,-2.7755575615628914e-16,0.0,0.0,0.7423847251823267,0.7423847251823267,0.0,True,calibrated_load_margin_preserved
C1_random_unconstrained,58,M2_unsigned_prototype,ok,0.0,0.0,0.0,0.6031309344958015,0.6031309344958015,0.0,True,calibrated_load_margin_preserved
C1_random_unconstrained,58,M3_top1_projection,ok,-5.412337245047638e-16,0.0,0.0,0.49025966635614404,0.49025966635614404,0.0,True,calibrated_load_margin_preserved
C1_random_unconstrained,58,M3_fullspan_control,ok,-4.440892098500626e-16,0.4918,0.2963,4.0740744111644744e-16,-1.5949463971765e-16,-5.669020808340975e-16,False,degenerate_scores
C1_random_unconstrained,58,M4_matrix_response,ok,0.16526773300029451,0.01859999999999995,0.0,1.8044594252531978,1.8013862349164873,-0.0030731903367104962,True,calibrated_load_margin_preserved
C1_random_unconstrained,59,M1_signed_prototype,ok,0.0,0.0,0.0,0.01491633383608426,0.01491633383608426,0.0,True,calibrated_load_margin_preserved
C1_random_unconstrained,59,M2_unsigned_prototype,ok,-1.3633842319005218e-17,0.0,0.0,0.014915309040066597,0.014915309040066597,0.0,True,calibrated_load_margin_preserved
C1_random_unconstrained,59,M3_top1_projection,ok,1.1796119636642288e-16,0.0,0.0,0.3843811992957019,0.3843811992957019,0.0,True,calibrated_load_margin_preserved
C1_random_unconstrained,59,M3_fullspan_control,ok,2.220446049250313e-16,0.4838,0.1422,1.9652057758889896e-16,1.6954215809050764e-16,-2.6978419498391316e-17,False,degenerate_scores
C1_random_unconstrained,59,M4_matrix_response,ok,2.732842042555572,0.3206,0.0,2.85193338928781,2.05833827266594,-0.7935951166218698,True,calibrated_load_margin_preserved
C1_random_unconstrained,60,M1_signed_prototype,ok,1.1102230246251565e-16,0.0,0.0,0.9269425805035247,0.9269425805035247,0.0,True,calibrated_load_margin_preserved
C1_random_unconstrained,60,M2_unsigned_prototype,ok,3.0531133177191805e-16,0.0,0.0,0.6354719380760123,0.6354719380760123,0.0,True,calibrated_load_margin_preserved
C1_random_unconstrained,60,M3_top1_projection,ok,4.85722573273506e-17,0.0,0.0,0.24302011159374914,0.24302011159374914,0.0,True,calibrated_load_margin_preserved
C1_random_unconstrained,60,M3_fullspan_control,ok,1.1102230246251565e-16,0.45330000000000004,0.08919999999999995,1.45417011765403e-16,1.45417011765403e-16,0.0,False,degenerate_scores
C1_random_unconstrained,60,M4_matrix_response,ok,0.9552674653500397,0.5,0.0,0.9552674653500398,0.3865305665990719,-0.5687368987509679,True,calibrated_load_margin_preserved
C1_random_unconstrained,61,M1_signed_prototype,ok,8.326672684688674e-17,0.0,0.0,1.245754628072727,1.245754628072727,0.0,True,calibrated_load_margin_preserved
C1_random_unconstrained,61,M2_unsigned_prototype,ok,3.8163916471489756e-17,0.0,0.0,0.2574443467773327,0.2574443467773327,0.0,True,calibrated_load_margin_preserved
C1_random_unconstrained,61,M3_top1_projection,ok,3.838075690598686e-17,0.0,0.0,0.07075164005589399,0.07075164005589399,0.0,True,calibrated_load_margin_preserved
C1_random_unconstrained,61,M3_fullspan_control,ok,2.220446049250313e-16,0.49429999999999996,0.24529999999999996,2.379541008679098e-16,2.080668970450006e-16,-2.98872038229092e-17,False,degenerate_scores
C1_random_unconstrained,61,M4_matrix_response,ok,-1.0877009891840168,0.5,0.0,1.087700989184017,0.140499943184313,-0.947201045999704,True,calibrated_load_margin_preserved
C1_random_unconstrained,62,M1_signed_prototype,ok,3.885780586188048e-16,0.0,0.0,0.8488251685430929,0.8488251685430929,0.0,True,calibrated_load_margin_preserved
C1_random_unconstrained,62,M2_unsigned_prototype,ok,-8.326672684688674e-17,0.0,0.0,0.6326776707480778,0.6326776707480778,0.0,True,calibrated_load_margin_preserved
C1_random_unconstrained,62,M3_top1_projection,ok,1.8041124150158794e-16,0.0,0.0,0.38979330774200516,0.38979330774200516,0.0,True,calibrated_load_margin_preserved
C1_random_unconstrained,62,M3_fullspan_control,ok,1.1102230246251565e-16,0.4475,0.13419999999999999,1.4863665853681596e-16,1.4863665853681596e-16,0.0,False,degenerate_scores
C1_random_unconstrained,62,M4_matrix_response,ok,-0.7669795088889442,0.07079999999999997,0.0,2.267001595683712,2.21291142631279,-0.05409016937092215,True,calibrated_load_margin_preserved
C1_random_unconstrained,63,M1_signed_prototype,ok,-2.7755575615628914e-16,0.0,0.0,1.1432362104276188,1.1432362104276188,0.0,True,calibrated_load_margin_preserved
C1_random_unconstrained,63,M2_unsigned_prototype,ok,-4.163336342344337e-16,0.0,0.0,0.5032621711584118,0.5032621711584118,0.0,True,calibrated_load_margin_preserved
C1_random_unconstrained,63,M3_top1_projection,ok,-1.6653345369377348e-16,0.0,0.0,0.6292780004522458,0.6292780004522458,0.0,True,calibrated_load_margin_preserved
C1_random_unconstrained,63,M3_fullspan_control,ok,0.0,0.15980000000000005,0.15980000000000005,9.733325256888748e-17,9.733325256888748e-17,0.0,False,degenerate_scores
C1_random_unconstrained,63,M4_matrix_response,ok,0.2644573301753103,0.060799999999999965,0.0,0.9005478746090146,0.884475637454772,-0.016072237154242663,True,calibrated_load_margin_preserved
C1_random_unconstrained,64,M1_signed_prototype,ok,-2.7755575615628914e-17,0.0,0.0,1.2597703026476894,1.2597703026476894,0.0,True,calibrated_load_margin_preserved
C1_random_unconstrained,64,M2_unsigned_prototype,ok,-3.9898639947466563e-17,0.0,0.0,0.18275578230577808,0.18275578230577808,0.0,True,calibrated_load_margin_preserved
C1_random_unconstrained,64,M3_top1_projection,ok,1.6479873021779667e-17,0.0,0.0,0.13207896437810318,0.13207896437810318,0.0,True,calibrated_load_margin_preserved
C1_random_unconstrained,64,M3_fullspan_control,ok,1.1102230246251565e-16,0.4567,0.16779999999999995,1.5625278848574453e-16,1.5625278848574453e-16,0.0,False,degenerate_scores
C1_random_unconstrained,64,M4_matrix_response,ok,-3.7601623371984747,0.5,0.0,3.760162337198475,2.0163430135480853,-1.7438193236503898,True,calibrated_load_margin_preserved
C1_random_unconstrained,65,M1_signed_prototype,ok,0.0,0.0,0.0,1.0937186178504028,1.0937186178504028,0.0,True,calibrated_load_margin_preserved
C1_random_unconstrained,65,M2_unsigned_prototype,ok,-5.551115123125783e-17,0.0,0.0,0.5599488508841444,0.5599488508841444,0.0,True,calibrated_load_margin_preserved
C1_random_unconstrained,65,M3_top1_projection,ok,-2.7755575615628914e-17,0.0,0.0,0.5505598035044964,0.5505598035044964,0.0,True,calibrated_load_margin_preserved
C1_random_unconstrained,65,M3_fullspan_control,ok,-1.1102230246251565e-16,0.20079999999999998,0.049000000000000044,1.535771509963979e-16,9.811040868612509e-17,-5.5466742310272813e-17,False,degenerate_scores
C1_random_unconstrained,65,M4_matrix_response,ok,0.6474211715456971,0.08860000000000001,0.0,1.5567496135904642,1.4997499046256224,-0.056999708964841744,True,calibrated_load_margin_preserved
C1_random_unconstrained,66,M1_signed_prototype,ok,-8.326672684688674e-17,0.0,0.0,1.271882912378237,1.271882912378237,0.0,True,calibrated_load_margin_preserved
C1_random_unconstrained,66,M2_unsigned_prototype,ok,-4.445228907190568e-17,0.0,0.0,0.058697018431142396,0.058697018431142396,0.0,True,calibrated_load_margin_preserved
C1_random_unconstrained,66,M3_top1_projection,ok,-1.2663481374630692e-16,0.0,0.0,0.04670689274308783,0.04670689274308783,0.0,True,calibrated_load_margin_preserved
C1_random_unconstrained,66,M3_fullspan_control,ok,-3.3306690738754696e-16,0.4779,0.21499999999999997,3.123168390573028e-16,-4.3576253716537396e-17,-3.558930927738402e-16,False,degenerate_scores
C1_random_unconstrained,66,M4_matrix_response,ok,0.1881986074906326,0.2338,0.0,0.22072688968170948,0.17883564176445876,-0.04189124791725071,True,calibrated_load_margin_preserved
C1_random_unconstrained,67,M1_signed_prototype,ok,1.6653345369377348e-16,0.0,0.0,1.0111631279369386,1.0111631279369386,0.0,True,calibrated_load_margin_preserved
C1_random_unconstrained,67,M2_unsigned_prototype,ok,1.1102230246251565e-16,0.0,0.0,0.6144851780609176,0.6144851780609176,0.0,True,calibrated_load_margin_preserved
C1_random_unconstrained,67,M3_top1_projection,ok,8.326672684688674e-17,0.0,0.0,0.5980037950800042,0.5980037950800042,0.0,True,calibrated_load_margin_preserved
C1_random_unconstrained,67,M3_fullspan_control,ok,0.0,0.1764,0.1764,1.0239586956117819e-16,1.0239586956117819e-16,0.0,False,degenerate_scores
C1_random_unconstrained,67,M4_matrix_response,ok,1.6566776332010895,0.27259999999999995,0.0,1.8176807863212074,1.395775316020047,-0.42190547030116043,True,calibrated_load_margin_preserved
C1_random_unconstrained,68,M1_signed_prototype,ok,-1.6653345369377348e-16,0.0,0.0,0.7130798683789513,0.7130798683789513,0.0,True,calibrated_load_margin_preserved
C1_random_unconstrained,68,M2_unsigned_prototype,ok,1.1102230246251565e-16,0.0,0.0,0.5907565513229848,0.5907565513229848,0.0,True,calibrated_load_margin_preserved
C1_random_unconstrained,68,M3_top1_projection,ok,-5.551115123125783e-17,0.0,0.0,0.5435854778974917,0.5435854778974917,0.0,True,calibrated_load_margin_preserved
C1_random_unconstrained,68,M3_fullspan_control,ok,-1.1102230246251565e-16,0.0015000000000000013,0.08530000000000004,1.2603251775544777e-16,1.0675904604795505e-16,-1.9273471707492715e-17,False,degenerate_scores
C1_random_unconstrained,68,M4_matrix_response,ok,2.207293131389129,0.28080000000000005,0.0,2.3958368272641093,1.8194294969156508,-0.5764073303484585,True,calibrated_load_margin_preserved
C1_random_unconstrained,69,M1_signed_prototype,ok,-3.712308238590367e-16,0.0,0.0,1.272580981520466,1.272580981520466,0.0,True,calibrated_load_margin_preserved
C1_random_unconstrained,69,M2_unsigned_prototype,ok,5.442694905877232e-17,0.0,0.0,0.040925525628729975,0.040925525628729975,0.0,True,calibrated_load_margin_preserved
C1_random_unconstrained,69,M3_top1_projection,ok,3.119791751327039e-17,0.0,0.0,0.023977565000658792,0.023977565000658792,0.0,True,calibrated_load_margin_preserved
C1_random_unconstrained,69,M3_fullspan_control,ok,2.220446049250313e-16,0.46930000000000005,0.04569999999999996,1.6801005031652495e-16,1.3019585409779212e-16,-3.7814196218732833e-17,False,degenerate_scores
C1_random_unconstrained,69,M4_matrix_response,ok,0.7892337002488343,0.5,0.0,0.7892337002488341,0.47375318284702,-0.3154805174018141,True,calibrated_load_margin_preserved
C1_random_unconstrained,70,M1_signed_prototype,ok,-5.551115123125783e-17,0.0,0.0,0.47531429390144003,0.47531429390144003,0.0,True,calibrated_load_margin_preserved
C1_random_unconstrained,70,M2_unsigned_prototype,ok,-2.7755575615628914e-17,0.0,0.0,0.4409520553354595,0.4409520553354595,0.0,True,calibrated_load_margin_preserved
C1_random_unconstrained,70,M3_top1_projection,ok,-1.1102230246251565e-16,0.0,0.0,0.22799573244531912,0.22799573244531912,0.0,True,calibrated_load_margin_preserved
C1_random_unconstrained,70,M3_fullspan_control,ok,-2.220446049250313e-16,0.1412,0.3913,1.574518293523397e-16,-5.679900993982301e-17,-2.142508392921627e-16,False,degenerate_scores
C1_random_unconstrained,70,M4_matrix_response,ok,-1.298993676925273,0.5,0.0,1.2989936769252728,0.4859375850610222,-0.8130560918642507,True,calibrated_load_margin_preserved
C1_random_unconstrained,71,M1_signed_prototype,ok,-5.551115123125783e-17,0.0,0.0,0.3743383607208696,0.3743383607208696,0.0,True,calibrated_load_margin_preserved
C1_random_unconstrained,71,M2_unsigned_prototype,ok,-5.551115123125783e-17,0.0,0.0,0.3577940911369424,0.3577940911369424,0.0,True,calibrated_load_margin_preserved
C1_random_unconstrained,71,M3_top1_projection,ok,8.451355934524507e-17,0.0,0.0,0.0374298270205915,0.0374298270205915,0.0,True,calibrated_load_margin_preserved
C1_random_unconstrained,71,M3_fullspan_control,ok,0.0,0.03620000000000001,0.03620000000000001,1.067479438177088e-16,1.067479438177088e-16,0.0,False,degenerate_scores
C1_random_unconstrained,71,M4_matrix_response,ok,4.147505043986064,0.42379999999999995,0.0,4.159956699719772,2.7182860626565355,-1.4416706370632366,True,calibrated_load_margin_preserved
C1_random_unconstrained,72,M1_signed_prototype,ok,-1.3877787807814457e-16,0.0,0.0,1.2402322592791089,1.2402322592791089,0.0,True,calibrated_load_margin_preserved
C1_random_unconstrained,72,M2_unsigned_prototype,ok,1.457167719820518e-16,0.0,0.0,0.28056590177525526,0.28056590177525526,0.0,True,calibrated_load_margin_preserved
C1_random_unconstrained,72,M3_top1_projection,ok,8.326672684688674e-17,0.0,0.0,0.47224519105026647,0.47224519105026647,0.0,True,calibrated_load_margin_preserved
C1_random_unconstrained,72,M3_fullspan_control,ok,-1.1102230246251565e-16,0.1139,0.1603,1.287969730867644e-16,6.791234241632083e-17,-6.088463067044357e-17,False,degenerate_scores
C1_random_unconstrained,72,M4_matrix_response,ok,-2.636827733745144,0.4082,0.0,2.65073377727451,1.7510476550293876,-0.8996861222451222,True,calibrated_load_margin_preserved
C1_random_unconstrained,73,M1_signed_prototype,ok,-5.551115123125783e-17,0.0,0.0,1.0437223403220899,1.0437223403220899,0.0,True,calibrated_load_margin_preserved
C1_random_unconstrained,73,M2_unsigned_prototype,ok,8.326672684688674e-17,0.0,0.0,0.597780789141646,0.597780789141646,0.0,True,calibrated_load_margin_preserved
C1_random_unconstrained,73,M3_top1_projection,ok,2.0816681711721685e-17,0.0,0.0,0.31282735334456513,0.31282735334456513,0.0,True,calibrated_load_margin_preserved
C1_random_unconstrained,73,M3_fullspan_control,ok,0.0,0.3529,0.3529,1.0937917238607042e-16,1.0937917238607042e-16,0.0,False,degenerate_scores
C1_random_unconstrained,73,M4_matrix_response,ok,1.0661176829803596,0.28759999999999997,0.0,1.1479709743209712,0.8640906502688107,-0.28388032405216046,True,calibrated_load_margin_preserved
C1_random_unconstrained,74,M1_signed_prototype,ok,4.718447854656915e-16,0.0,0.0,1.2274067242014888,1.2274067242014888,0.0,True,calibrated_load_margin_preserved
C1_random_unconstrained,74,M2_unsigned_prototype,ok,-1.8041124150158794e-16,0.0,0.0,0.3263568268077782,0.3263568268077782,0.0,True,calibrated_load_margin_preserved
C1_random_unconstrained,74,M3_top1_projection,ok,-1.1709383462843448e-16,0.0,0.0,0.12986088621100234,0.12986088621100234,0.0,True,calibrated_load_margin_preserved
C1_random_unconstrained,74,M3_fullspan_control,ok,-2.220446049250313e-16,0.3734,0.19340000000000002,2.3198110099542647e-16,1.1513012765362873e-17,-2.204680882300636e-16,False,degenerate_scores
C1_random_unconstrained,74,M4_matrix_response,ok,-0.28983803036011146,0.139,0.0,0.47585798155159936,0.43621758418427437,-0.039640397367325,True,calibrated_load_margin_preserved
C1_random_unconstrained,75,M1_signed_prototype,ok,2.7755575615628914e-16,0.0,0.0,0.6519741347038275,0.6519741347038275,0.0,True,calibrated_load_margin_preserved
C1_random_unconstrained,75,M2_unsigned_prototype,ok,4.718447854656915e-16,0.0,0.0,0.5600132779250219,0.5600132779250219,0.0,True,calibrated_load_margin_preserved
C1_random_unconstrained,75,M3_top1_projection,ok,-6.938893903907228e-18,0.0,0.0,0.33491041238408975,0.33491041238408975,0.0,True,calibrated_load_margin_preserved
C1_random_unconstrained,75,M3_fullspan_control,ok,0.0,0.33809999999999996,0.33809999999999996,1.0162981567418683e-16,1.0162981567418683e-16,0.0,False,degenerate_scores
C1_random_unconstrained,75,M4_matrix_response,ok,-1.3212485847665236,0.2208,0.0,1.5948109667607464,1.3153024197476202,-0.2795085470131262,True,calibrated_load_margin_preserved
C1_random_unconstrained,76,M1_signed_prototype,ok,0.0,0.0,0.0,0.6493891948119777,0.6493891948119777,0.0,True,calibrated_load_margin_preserved
C1_random_unconstrained,76,M2_unsigned_prototype,ok,0.0,0.0,0.0,0.5585767776897613,0.5585767776897613,0.0,True,calibrated_load_margin_preserved
C1_random_unconstrained,76,M3_top1_projection,ok,8.326672684688674e-17,0.0,0.0,0.6252781088241646,0.6252781088241646,0.0,True,calibrated_load_margin_preserved
C1_random_unconstrained,76,M3_fullspan_control,ok,2.220446049250313e-16,0.4859,0.13449999999999995,2.0128343436454087e-16,1.5822898546957731e-16,-4.305444889496356e-17,False,degenerate_scores
C1_random_unconstrained,76,M4_matrix_response,ok,0.39051500973457387,0.029000000000000026,0.0,2.7434721448890054,2.732153367024475,-0.011318777864530283,True,calibrated_load_margin_preserved
C1_random_unconstrained,77,M1_signed_prototype,ok,3.3306690738754696e-16,0.0,0.0,1.1395008513155247,1.1395008513155247,0.0,True,calibrated_load_margin_preserved
C1_random_unconstrained,77,M2_unsigned_prototype,ok,-5.412337245047638e-16,0.0,0.0,0.5083798804028722,0.5083798804028722,0.0,True,calibrated_load_margin_preserved
C1_random_unconstrained,77,M3_top1_projection,ok,1.6653345369377348e-16,0.0,0.0,0.4861990789725308,0.4861990789725308,0.0,True,calibrated_load_margin_preserved
C1_random_unconstrained,77,M3_fullspan_control,ok,4.440892098500626e-16,0.5,0.2744,4.670708264598033e-16,3.447242491461111e-16,-1.2234657731369224e-16,False,degenerate_scores
C1_random_unconstrained,77,M4_matrix_response,ok,0.07278964938116206,0.0048000000000000265,0.0,3.063598912143007,3.06324840964496,-0.00035050249804724487,True,calibrated_load_margin_preserved
C1_random_unconstrained,78,M1_signed_prototype,ok,1.1102230246251565e-16,0.0,0.0,0.7853226928692996,0.7853226928692996,0.0,True,calibrated_load_margin_preserved
C1_random_unconstrained,78,M2_unsigned_prototype,ok,4.163336342344337e-16,0.0,0.0,0.6181487025954945,0.6181487025954945,0.0,True,calibrated_load_margin_preserved
C1_random_unconstrained,78,M3_top1_projection,ok,5.551115123125783e-17,0.0,0.0,0.5431670211641388,0.5431670211641388,0.0,True,calibrated_load_margin_preserved
C1_random_unconstrained,78,M3_fullspan_control,ok,4.440892098500626e-16,0.5,0.29410000000000003,4.784284080017187e-16,3.629430089802099e-16,-1.1548539902150883e-16,False,degenerate_scores
C1_random_unconstrained,78,M4_matrix_response,ok,1.170264077182393,0.15280000000000005,0.0,1.788318413474405,1.612987866609676,-0.17533054686472904,True,calibrated_load_margin_preserved
C1_random_unconstrained,79,M1_signed_prototype,ok,3.469446951953614e-16,0.0,0.0,1.2373948008689124,1.2373948008689124,0.0,True,calibrated_load_margin_preserved
C1_random_unconstrained,79,M2_unsigned_prototype,ok,-2.7755575615628914e-17,0.0,0.0,0.29154311153829393,0.29154311153829393,0.0,True,calibrated_load_margin_preserved
C1_random_unconstrained,79,M3_top1_projection,ok,3.452099717193846e-16,0.0,0.0,0.12809328411420648,0.12809328411420648,0.0,True,calibrated_load_margin_preserved
C1_random_unconstrained,79,M3_fullspan_control,ok,6.661338147750939e-16,0.5,0.12970000000000004,6.444511591041647e-16,2.7521318557433004e-16,-3.692379735298346e-16,False,degenerate_scores
C1_random_unconstrained,79,M4_matrix_response,ok,-0.09459673564098642,0.03739999999999999,0.0,0.5160316150778169,0.5124891442726269,-0.00354247080518999,True,calibrated_load_margin_preserved
C1_random_unconstrained,80,M1_signed_prototype,ok,0.0,0.0,0.0,1.2402491079237417,1.2402491079237417,0.0,True,calibrated_load_margin_preserved
C1_random_unconstrained,80,M2_unsigned_prototype,ok,-3.8163916471489756e-17,0.0,0.0,0.2804990709834535,0.2804990709834535,0.0,True,calibrated_load_margin_preserved
C1_random_unconstrained,80,M3_top1_projection,ok,3.7730235602495554e-17,0.0,0.0,0.06991709919778717,0.06991709919778717,0.0,True,calibrated_load_margin_preserved
C1_random_unconstrained,80,M3_fullspan_control,ok,1.1102230246251565e-16,0.4243,0.1069,1.2789769243681802e-16,1.2789769243681802e-16,0.0,False,degenerate_scores
C1_random_unconstrained,80,M4_matrix_response,ok,-1.777500786399579,0.2358,0.0,2.076181837966542,1.6775305420941389,-0.3986512958724031,True,calibrated_load_margin_preserved
C1_random_unconstrained,81,M1_signed_prototype,ok,0.0,0.0,0.0,0.02081799639827556,0.02081799639827556,0.0,True,calibrated_load_margin_preserved
C1_random_unconstrained,81,M2_unsigned_prototype,ok,-7.738493006115288e-17,0.0,0.0,0.020815214535930566,0.020815214535930566,0.0,True,calibrated_load_margin_preserved
C1_random_unconstrained,81,M3_top1_projection,ok,-6.895525817007808e-17,0.0,0.0,0.08394578684170094,0.08394578684170094,0.0,True,calibrated_load_margin_preserved
C1_random_unconstrained,81,M3_fullspan_control,ok,0.0,0.18079999999999996,0.18079999999999996,9.787726185095381e-17,9.787726185095381e-17,0.0,False,degenerate_scores
C1_random_unconstrained,81,M4_matrix_response,ok,-0.8911452371913693,0.5,0.0,0.8911452371913693,0.5629662160083299,-0.32817902118303943,True,calibrated_load_margin_preserved
C1_random_unconstrained,82,M1_signed_prototype,ok,3.0531133177191805e-16,0.0,0.0,1.2254573932206028,1.2254573932206028,0.0,True,calibrated_load_margin_preserved
C1_random_unconstrained,82,M2_unsigned_prototype,ok,6.245004513516506e-17,0.0,0.0,0.3325658129155304,0.3325658129155304,0.0,True,calibrated_load_margin_preserved
C1_random_unconstrained,82,M3_top1_projection,ok,6.938893903907228e-17,0.0,0.0,0.45923257186957805,0.45923257186957805,0.0,True,calibrated_load_margin_preserved
C1_random_unconstrained,82,M3_fullspan_control,ok,0.0,0.3438,0.3438,1.0518252935298733e-16,1.0518252935298733e-16,0.0,False,degenerate_scores
C1_random_unconstrained,82,M4_matrix_response,ok,-2.204943520766313,0.3412,0.0,2.26934471737135,1.5982790192595764,-0.6710656981117737,True,calibrated_load_margin_preserved
C1_random_unconstrained,83,M1_signed_prototype,ok,3.608224830031759e-16,0.0,0.0,1.2348051425418394,1.2348051425418394,0.0,True,calibrated_load_margin_preserved
C1_random_unconstrained,83,M2_unsigned_prototype,ok,7.28583859910259e-17,0.0,0.0,0.30110372186210377,0.30110372186210377,0.0,True,calibrated_load_margin_preserved
C1_random_unconstrained,83,M3_top1_projection,ok,2.7755575615628914e-16,0.0,0.0,0.38208414432743615,0.38208414432743615,0.0,True,calibrated_load_margin_preserved
C1_random_unconstrained,83,M3_fullspan_control,ok,0.0,0.35750000000000004,0.35750000000000004,1.050270981295398e-16,1.050270981295398e-16,0.0,False,degenerate_scores
C1_random_unconstrained,83,M4_matrix_response,ok,1.296370750410655,0.3184,0.0,1.3550757220511824,0.9805259495039415,-0.374549772547241,True,calibrated_load_margin_preserved
C1_random_unconstrained,84,M1_signed_prototype,ok,1.6653345369377348e-16,0.0,0.0,0.2825795151209734,0.2825795151209734,0.0,True,calibrated_load_margin_preserved
C1_random_unconstrained,84,M2_unsigned_prototype,ok,-3.469446951953614e-17,0.0,0.0,0.27553223355395673,0.27553223355395673,0.0,True,calibrated_load_margin_preserved
C1_random_unconstrained,84,M3_top1_projection,ok,-1.6653345369377348e-16,0.0,0.0,0.5735596925889884,0.5735596925889884,0.0,True,calibrated_load_margin_preserved
C1_random_unconstrained,84,M3_fullspan_control,ok,2.220446049250313e-16,0.4839,0.15049999999999997,2.0186075033734597e-16,1.687538997430238e-16,-3.310685059432217e-17,False,degenerate_scores
C1_random_unconstrained,84,M4_matrix_response,ok,-2.3423935505459426,0.242,0.0,2.701929253130665,2.164084731493046,-0.5378445216376191,True,calibrated_load_margin_preserved
C1_random_unconstrained,85,M1_signed_prototype,ok,0.0,0.0,0.0,0.007589682202974969,0.007589682202974969,0.0,True,calibrated_load_margin_preserved
C1_random_unconstrained,85,M2_unsigned_prototype,ok,5.274643569141979e-17,0.0,0.0,0.007589547404385462,0.007589547404385462,0.0,True,calibrated_load_margin_preserved
C1_random_unconstrained,85,M3_top1_projection,ok,-2.5153490401663703e-17,0.0,0.0,0.12218634166738111,0.12218634166738111,0.0,True,calibrated_load_margin_preserved
C1_random_unconstrained,85,M3_fullspan_control,ok,0.0,0.41300000000000003,0.41300000000000003,1.1771694730100535e-16,1.1771694730100535e-16,0.0,False,degenerate_scores
C1_random_unconstrained,85,M4_matrix_response,ok,-0.8648234463721061,0.5,0.0,0.8648234463721063,0.22934487064140377,-0.6354785757307025,True,calibrated_load_margin_preserved
C1_random_unconstrained,86,M1_signed_prototype,ok,5.551115123125783e-17,0.0,0.0,0.8542556132614989,0.8542556132614989,0.0,True,calibrated_load_margin_preserved
C1_random_unconstrained,86,M2_unsigned_prototype,ok,5.551115123125783e-17,0.0,0.0,0.6334476410542635,0.6334476410542635,0.0,True,calibrated_load_margin_preserved
C1_random_unconstrained,86,M3_top1_projection,ok,-2.6020852139652106e-16,0.0,0.0,0.26658101729576184,0.26658101729576184,0.0,True,calibrated_load_margin_preserved
C1_random_unconstrained,86,M3_fullspan_control,ok,-4.440892098500626e-16,0.4989,0.06789999999999996,5.010103443225944e-16,4.883871085326064e-17,-4.521716334693338e-16,False,degenerate_scores
C1_random_unconstrained,86,M4_matrix_response,ok,-3.318554091992217,0.5,0.0,3.3185540919922167,0.8958170920280971,-2.4227369999641195,True,calibrated_load_margin_preserved
C1_random_unconstrained,87,M1_signed_prototype,ok,5.689893001203927e-16,0.0,0.0,1.2592776279811502,1.2592776279811502,0.0,True,calibrated_load_margin_preserved
C1_random_unconstrained,87,M2_unsigned_prototype,ok,-1.700029006457271e-16,0.0,0.0,0.18597725014140526,0.18597725014140526,0.0,True,calibrated_load_margin_preserved
C1_random_unconstrained,87,M3_top1_projection,ok,-2.3245294578089215e-16,0.0,0.0,0.14920075094381655,0.14920075094381655,0.0,True,calibrated_load_margin_preserved
C1_random_unconstrained,87,M3_fullspan_control,ok,-2.220446049250313e-16,0.4424,0.013000000000000012,3.0205837830976633e-16,1.1345369088644475e-16,-1.8860468742332158e-16,False,degenerate_scores
C1_random_unconstrained,87,M4_matrix_response,ok,-0.3505373310642241,0.1456,0.0,0.5555844512515262,0.5054721810971323,-0.0501122701543939,True,calibrated_load_margin_preserved
C1_random_unconstrained,88,M1_signed_prototype,ok,-5.551115123125783e-17,0.0,0.0,1.1014614143721333,1.1014614143721333,0.0,True,calibrated_load_margin_preserved
C1_random_unconstrained,88,M2_unsigned_prototype,ok,-1.1102230246251565e-16,0.0,0.0,0.5525194268654493,0.5525194268654493,0.0,True,calibrated_load_margin_preserved
C1_random_unconstrained,88,M3_top1_projection,ok,-1.3877787807814457e-16,0.0,0.0,0.31311801053771005,0.31311801053771005,0.0,True,calibrated_load_margin_preserved
C1_random_unconstrained,88,M3_fullspan_control,ok,0.0,0.2522,0.2522,9.817702206760259e-17,9.817702206760259e-17,0.0,False,degenerate_scores
C1_random_unconstrained,88,M4_matrix_response,ok,-2.7324650303107134,0.38480000000000003,0.0,2.7614757039906723,1.8600404148970042,-0.9014352890936681,True,calibrated_load_margin_preserved
C1_random_unconstrained,89,M1_signed_prototype,ok,1.6653345369377348e-16,0.0,0.0,0.615560571311929,0.615560571311929,0.0,True,calibrated_load_margin_preserved
C1_random_unconstrained,89,M2_unsigned_prototype,ok,-1.1102230246251565e-16,0.0,0.0,0.5388410222009887,0.5388410222009887,0.0,True,calibrated_load_margin_preserved
C1_random_unconstrained,89,M3_top1_projection,ok,2.7755575615628914e-17,0.0,0.0,0.6343535232768207,0.6343535232768207,0.0,True,calibrated_load_margin_preserved
C1_random_unconstrained,89,M3_fullspan_control,ok,-2.220446049250313e-16,0.29359999999999997,0.276,2.0869972416903692e-16,-2.1804780203638073e-17,-2.30504504372675e-16,False,degenerate_scores
C1_random_unconstrained,89,M4_matrix_response,ok,2.060331954975441,0.13419999999999999,0.0,3.4797022639953097,3.2075818484032688,-0.2721204155920409,True,calibrated_load_margin_preserved
C1_random_unconstrained,90,M1_signed_prototype,ok,-3.3306690738754696e-16,0.0,0.0,1.1478378860146874,1.1478378860146874,0.0,True,calibrated_load_margin_preserved
C1_random_unconstrained,90,M2_unsigned_prototype,ok,-1.8041124150158794e-16,0.0,0.0,0.4967369524009896,0.4967369524009896,0.0,True,calibrated_load_margin_preserved
C1_random_unconstrained,90,M3_top1_projection,ok,2.7755575615628914e-17,0.0,0.0,0.5861628574271597,0.5861628574271597,0.0,True,calibrated_load_margin_preserved
C1_random_unconstrained,90,M3_fullspan_control,ok,1.1102230246251565e-16,0.4263,0.10970000000000002,1.3679057886406553e-16,1.3679057886406553e-16,0.0,False,degenerate_scores
C1_random_unconstrained,90,M4_matrix_response,ok,1.4458771529364007,0.2138,0.0,1.775880900181285,1.4788584178619044,-0.29702248231938055,True,calibrated_load_margin_preserved
C1_random_unconstrained,91,M1_signed_prototype,ok,2.7755575615628914e-16,0.0,0.0,1.0493746929467354,1.0493746929467354,0.0,True,calibrated_load_margin_preserved
C1_random_unconstrained,91,M2_unsigned_prototype,ok,-5.551115123125783e-17,0.0,0.0,0.5942948927107018,0.5942948927107018,0.0,True,calibrated_load_margin_preserved
C1_random_unconstrained,91,M3_top1_projection,ok,-4.3021142204224816e-16,0.0,0.0,0.5251864817770453,0.5251864817770453,0.0,True,calibrated_load_margin_preserved
C1_random_unconstrained,91,M3_fullspan_control,ok,-4.440892098500626e-16,0.4958,0.30189999999999995,3.968270156917697e-16,-1.6221468612798163e-16,-5.590417018197513e-16,False,degenerate_scores
C1_random_unconstrained,91,M4_matrix_response,ok,0.45528698139841417,0.06979999999999997,0.0,1.363968662986728,1.332314844362289,-0.031653818624439056,True,calibrated_load_margin_preserved
C1_random_unconstrained,92,M1_signed_prototype,ok,3.3306690738754696e-16,0.0,0.0,1.1837977370086035,1.1837977370086035,0.0,True,calibrated_load_margin_preserved
C1_random_unconstrained,92,M2_unsigned_prototype,ok,-6.938893903907228e-17,0.0,0.0,0.4358564460847997,0.4358564460847997,0.0,True,calibrated_load_margin_preserved
C1_random_unconstrained,92,M3_top1_projection,ok,-1.8735013540549517e-16,0.0,0.0,0.31116851195741163,0.31116851195741163,0.0,True,calibrated_load_margin_preserved
C1_random_unconstrained,92,M3_fullspan_control,ok,-4.440892098500626e-16,0.4904,0.33409999999999995,3.8674619062817326e-16,-1.869504551166301e-16,-5.736966457448034e-16,False,degenerate_scores
C1_random_unconstrained,92,M4_matrix_response,ok,1.9734503375437928,0.16259999999999997,0.0,2.8832451682783016,2.5694946283890956,-0.313750539889206,True,calibrated_load_margin_preserved
C1_random_unconstrained,93,M1_signed_prototype,ok,-3.3306690738754696e-16,0.0,0.0,1.183932941052546,1.183932941052546,0.0,True,calibrated_load_margin_preserved
C1_random_unconstrained,93,M2_unsigned_prototype,ok,-1.8041124150158794e-16,0.0,0.0,0.43558866692736903,0.43558866692736903,0.0,True,calibrated_load_margin_preserved
C1_random_unconstrained,93,M3_top1_projection,ok,8.326672684688674e-17,0.0,0.0,0.5424163152767051,0.5424163152767051,0.0,True,calibrated_load_margin_preserved
C1_random_unconstrained,93,M3_fullspan_control,ok,0.0,0.3557,0.3557,1.0710321518558885e-16,1.0710321518558885e-16,0.0,False,degenerate_scores
C1_random_unconstrained,93,M4_matrix_response,ok,-4.545863605015658,0.3216,0.0,4.740304097862248,3.4170178222070033,-1.3232862756552448,True,calibrated_load_margin_preserved
C1_random_unconstrained,94,M1_signed_prototype,ok,-1.1102230246251565e-16,0.0,0.0,0.5945113534365477,0.5945113534365477,0.0,True,calibrated_load_margin_preserved
C1_random_unconstrained,94,M2_unsigned_prototype,ok,-1.3877787807814457e-16,0.0,0.0,0.5257236047300303,0.5257236047300303,0.0,True,calibrated_load_margin_preserved
C1_random_unconstrained,94,M3_top1_projection,ok,2.671474153004283e-16,0.0,0.0,0.23632815055269094,0.23632815055269094,0.0,True,calibrated_load_margin_preserved
C1_random_unconstrained,94,M3_fullspan_control,ok,0.0,0.2863,0.2863,9.489076191471213e-17,9.489076191471213e-17,0.0,False,degenerate_scores
C1_random_unconstrained,94,M4_matrix_response,ok,-0.8645495268733101,0.3328,0.0,0.8944382396547759,0.6361429059811073,-0.2582953336736685,True,calibrated_load_margin_preserved
C1_random_unconstrained,95,M1_signed_prototype,ok,-5.551115123125783e-17,0.0,0.0,0.7113988034751503,0.7113988034751503,0.0,True,calibrated_load_margin_preserved
C1_random_unconstrained,95,M2_unsigned_prototype,ok,0.0,0.0,0.0,0.5899977038438096,0.5899977038438096,0.0,True,calibrated_load_margin_preserved
C1_random_unconstrained,95,M3_top1_projection,ok,1.942890293094024e-16,0.0,0.0,0.6365397618843025,0.6365397618843025,0.0,True,calibrated_load_margin_preserved
C1_random_unconstrained,95,M3_fullspan_control,ok,0.0,0.18069999999999997,0.18069999999999997,9.862111127745265e-17,9.862111127745265e-17,0.0,False,degenerate_scores
C1_random_unconstrained,95,M4_matrix_response,ok,-1.6618597449369665,0.2098,0.0,2.0629959298096257,1.7275277423179218,-0.3354681874917038,True,calibrated_load_margin_preserved
C1_random_unconstrained,96,M1_signed_prototype,ok,5.551115123125783e-16,0.0,0.0,1.212534591267765,1.212534591267765,0.0,True,calibrated_load_margin_preserved
C1_random_unconstrained,96,M2_unsigned_prototype,ok,6.938893903907228e-18,0.0,0.0,0.3699362961660129,0.3699362961660129,0.0,True,calibrated_load_margin_preserved
C1_random_unconstrained,96,M3_top1_projection,ok,-8.847089727481716e-17,0.0,0.0,0.19743916405324652,0.19743916405324652,0.0,True,calibrated_load_margin_preserved
C1_random_unconstrained,96,M3_fullspan_control,ok,-2.220446049250313e-16,0.4513,0.0042999999999999705,2.9639624088417806e-16,1.1258771692723712e-16,-1.8380852395694094e-16,False,degenerate_scores
C1_random_unconstrained,96,M4_matrix_response,ok,2.5532962686595755,0.5,0.0,2.5532962686595773,1.3800507387722312,-1.173245529887346,True,calibrated_load_margin_preserved
C1_random_unconstrained,97,M1_signed_prototype,ok,2.220446049250313e-16,0.0,0.0,0.5419909082380331,0.5419909082380331,0.0,True,calibrated_load_margin_preserved
C1_random_unconstrained,97,M2_unsigned_prototype,ok,1.5265566588595902e-16,0.0,0.0,0.4904336534791949,0.4904336534791949,0.0,True,calibrated_load_margin_preserved
C1_random_unconstrained,97,M3_top1_projection,ok,-4.996003610813204e-16,0.0,0.0,0.6329937763919126,0.6329937763919126,0.0,True,calibrated_load_margin_preserved
C1_random_unconstrained,97,M3_fullspan_control,ok,-1.1102230246251565e-16,0.10759999999999997,0.04059999999999997,1.438404950704353e-16,1.1093348462054564e-16,-3.290701044988965e-17,False,degenerate_scores
C1_random_unconstrained,97,M4_matrix_response,ok,1.7851059459083956,0.10460000000000003,0.0,3.7092351640293315,3.5243743939417853,-0.1848607700875462,True,calibrated_load_margin_preserved
C1_random_unconstrained,98,M1_signed_prototype,ok,-8.326672684688674e-17,0.0,0.0,1.2065207120870418,1.2065207120870418,0.0,True,calibrated_load_margin_preserved
C1_random_unconstrained,98,M2_unsigned_prototype,ok,3.469446951953614e-17,0.0,0.0,0.38543735143149266,0.38543735143149266,0.0,True,calibrated_load_margin_preserved
C1_random_unconstrained,98,M3_top1_projection,ok,1.2663481374630692e-16,0.0,0.0,0.17241605241099847,0.17241605241099847,0.0,True,calibrated_load_margin_preserved
C1_random_unconstrained,98,M3_fullspan_control,ok,2.220446049250313e-16,0.47440000000000004,0.059599999999999986,1.7875700919489646e-16,1.329492071988625e-16,-4.580780199603397e-17,False,degenerate_scores
C1_random_unconstrained,98,M4_matrix_response,ok,-1.1936739284248223,0.2988,0.0,1.2697802747858007,0.941793413315625,-0.32798686147017564,True,calibrated_load_margin_preserved
C1_random_unconstrained,99,M1_signed_prototype,ok,-5.551115123125783e-17,0.0,0.0,0.031453778595752394,0.031453778595752394,0.0,True,calibrated_load_margin_preserved
C1_random_unconstrained,99,M2_unsigned_prototype,ok,6.662422349923425e-17,0.0,0.0,0.03144418082183021,0.03144418082183021,0.0,True,calibrated_load_margin_preserved
C1_random_unconstrained,99,M3_top1_projection,ok,-4.3021142204224816e-16,0.0,0.0,0.32239102554868004,0.32239102554868004,0.0,True,calibrated_load_margin_preserved
C1_random_unconstrained,99,M3_fullspan_control,ok,-2.220446049250313e-16,0.3369,0.2348,2.1753709944505318e-16,-3.530509218307998e-18,-2.2106760866336118e-16,False,degenerate_scores
C1_random_unconstrained,99,M4_matrix_response,ok,-1.4405245165723861,0.3594,0.0,1.4692055411149665,1.0146727245396037,-0.4545328165753628,True,calibrated_load_margin_preserved
C2_orthogonal_equal_singular,0,M1_signed_prototype,undefined_prototype_equal_singular_values/undefined_prototype_equal_singular_values,0.0,,,,,,False,undefined_prototype_equal_singular_values/undefined_prototype_equal_singular_values
C2_orthogonal_equal_singular,0,M2_unsigned_prototype,undefined_prototype_equal_singular_values/undefined_prototype_equal_singular_values,0.0,,,,,,False,undefined_prototype_equal_singular_values/undefined_prototype_equal_singular_values
C2_orthogonal_equal_singular,0,M3_top1_projection,undefined_top_direction_equal_singular_values/undefined_top_direction_equal_singular_values,0.0,,,,,,False,undefined_top_direction_equal_singular_values/undefined_top_direction_equal_singular_values
C2_orthogonal_equal_singular,0,M3_fullspan_control,ok,0.0,0.5,0.5,0.0,0.0,0.0,False,degenerate_scores
C2_orthogonal_equal_singular,0,M4_matrix_response,ok,-2.220446049250313e-16,0.46599999999999997,0.32099999999999995,2.3636648194269583e-16,-1.007638417149792e-16,-3.3713032365767503e-16,False,degenerate_scores
C2_orthogonal_equal_singular,1,M1_signed_prototype,undefined_prototype_equal_singular_values/undefined_prototype_equal_singular_values,0.0,,,,,,False,undefined_prototype_equal_singular_values/undefined_prototype_equal_singular_values
C2_orthogonal_equal_singular,1,M2_unsigned_prototype,undefined_prototype_equal_singular_values/undefined_prototype_equal_singular_values,0.0,,,,,,False,undefined_prototype_equal_singular_values/undefined_prototype_equal_singular_values
C2_orthogonal_equal_singular,1,M3_top1_projection,undefined_top_direction_equal_singular_values/undefined_top_direction_equal_singular_values,0.0,,,,,,False,undefined_top_direction_equal_singular_values/undefined_top_direction_equal_singular_values
C2_orthogonal_equal_singular,1,M3_fullspan_control,ok,0.0,0.5,0.5,0.0,0.0,0.0,False,degenerate_scores
C2_orthogonal_equal_singular,1,M4_matrix_response,ok,1.1102230246251565e-16,0.4999,0.2815,1.2759793222016924e-16,1.2759793222016924e-16,0.0,False,degenerate_scores
C2_orthogonal_equal_singular,2,M1_signed_prototype,undefined_prototype_equal_singular_values/undefined_prototype_equal_singular_values,0.0,,,,,,False,undefined_prototype_equal_singular_values/undefined_prototype_equal_singular_values
C2_orthogonal_equal_singular,2,M2_unsigned_prototype,undefined_prototype_equal_singular_values/undefined_prototype_equal_singular_values,0.0,,,,,,False,undefined_prototype_equal_singular_values/undefined_prototype_equal_singular_values
C2_orthogonal_equal_singular,2,M3_top1_projection,undefined_top_direction_equal_singular_values/undefined_top_direction_equal_singular_values,0.0,,,,,,False,undefined_top_direction_equal_singular_values/undefined_top_direction_equal_singular_values
C2_orthogonal_equal_singular,2,M3_fullspan_control,ok,0.0,0.5,0.5,0.0,0.0,0.0,False,degenerate_scores
C2_orthogonal_equal_singular,2,M4_matrix_response,ok,-2.220446049250313e-16,0.15489999999999998,0.22909999999999997,1.847522135278723e-16,4.0956127378422025e-17,-1.4379608614945026e-16,False,degenerate_scores
C2_orthogonal_equal_singular,3,M1_signed_prototype,undefined_prototype_equal_singular_values/undefined_prototype_equal_singular_values,0.0,,,,,,False,undefined_prototype_equal_singular_values/undefined_prototype_equal_singular_values
C2_orthogonal_equal_singular,3,M2_unsigned_prototype,undefined_prototype_equal_singular_values/undefined_prototype_equal_singular_values,0.0,,,,,,False,undefined_prototype_equal_singular_values/undefined_prototype_equal_singular_values
C2_orthogonal_equal_singular,3,M3_top1_projection,undefined_top_direction_equal_singular_values/undefined_top_direction_equal_singular_values,0.0,,,,,,False,undefined_top_direction_equal_singular_values/undefined_top_direction_equal_singular_values
C2_orthogonal_equal_singular,3,M3_fullspan_control,ok,0.0,0.5,0.5,0.0,0.0,0.0,False,degenerate_scores
C2_orthogonal_equal_singular,3,M4_matrix_response,ok,-1.1102230246251565e-16,0.07090000000000002,0.07450000000000001,1.1347589534693725e-16,8.119060979083769e-17,-3.228528555609956e-17,False,degenerate_scores
C2_orthogonal_equal_singular,4,M1_signed_prototype,undefined_prototype_equal_singular_values/undefined_prototype_equal_singular_values,0.0,,,,,,False,undefined_prototype_equal_singular_values/undefined_prototype_equal_singular_values
C2_orthogonal_equal_singular,4,M2_unsigned_prototype,undefined_prototype_equal_singular_values/undefined_prototype_equal_singular_values,0.0,,,,,,False,undefined_prototype_equal_singular_values/undefined_prototype_equal_singular_values
C2_orthogonal_equal_singular,4,M3_top1_projection,undefined_top_direction_equal_singular_values/undefined_top_direction_equal_singular_values,0.0,,,,,,False,undefined_top_direction_equal_singular_values/undefined_top_direction_equal_singular_values
C2_orthogonal_equal_singular,4,M3_fullspan_control,ok,0.0,0.5,0.5,0.0,0.0,0.0,False,degenerate_scores
C2_orthogonal_equal_singular,4,M4_matrix_response,ok,-1.1102230246251565e-16,0.0019000000000000128,0.05149999999999999,1.6761037002765989e-16,1.5575318812466322e-16,-1.1857181902996673e-17,False,degenerate_scores
C2_orthogonal_equal_singular,5,M1_signed_prototype,undefined_prototype_equal_singular_values/undefined_prototype_equal_singular_values,0.0,,,,,,False,undefined_prototype_equal_singular_values/undefined_prototype_equal_singular_values
C2_orthogonal_equal_singular,5,M2_unsigned_prototype,undefined_prototype_equal_singular_values/undefined_prototype_equal_singular_values,0.0,,,,,,False,undefined_prototype_equal_singular_values/undefined_prototype_equal_singular_values
C2_orthogonal_equal_singular,5,M3_top1_projection,undefined_top_direction_equal_singular_values/undefined_top_direction_equal_singular_values,0.0,,,,,,False,undefined_top_direction_equal_singular_values/undefined_top_direction_equal_singular_values
C2_orthogonal_equal_singular,5,M3_fullspan_control,ok,0.0,0.5,0.5,0.0,0.0,0.0,False,degenerate_scores
C2_orthogonal_equal_singular,5,M4_matrix_response,ok,-1.1102230246251565e-16,0.11499999999999999,0.01539999999999997,1.3855583347321954e-16,1.0960121699099545e-16,-2.8954616482224086e-17,False,degenerate_scores
C2_orthogonal_equal_singular,6,M1_signed_prototype,undefined_prototype_equal_singular_values/undefined_prototype_equal_singular_values,0.0,,,,,,False,undefined_prototype_equal_singular_values/undefined_prototype_equal_singular_values
C2_orthogonal_equal_singular,6,M2_unsigned_prototype,undefined_prototype_equal_singular_values/undefined_prototype_equal_singular_values,0.0,,,,,,False,undefined_prototype_equal_singular_values/undefined_prototype_equal_singular_values
C2_orthogonal_equal_singular,6,M3_top1_projection,undefined_top_direction_equal_singular_values/undefined_top_direction_equal_singular_values,0.0,,,,,,False,undefined_top_direction_equal_singular_values/undefined_top_direction_equal_singular_values
C2_orthogonal_equal_singular,6,M3_fullspan_control,ok,0.0,0.5,0.5,0.0,0.0,0.0,False,degenerate_scores
C2_orthogonal_equal_singular,6,M4_matrix_response,ok,2.220446049250313e-16,0.5,0.24519999999999997,2.3242519020527654e-16,1.924793657792634e-16,-3.9945824426013146e-17,False,degenerate_scores
C2_orthogonal_equal_singular,7,M1_signed_prototype,undefined_prototype_equal_singular_values/undefined_prototype_equal_singular_values,0.0,,,,,,False,undefined_prototype_equal_singular_values/undefined_prototype_equal_singular_values
C2_orthogonal_equal_singular,7,M2_unsigned_prototype,undefined_prototype_equal_singular_values/undefined_prototype_equal_singular_values,0.0,,,,,,False,undefined_prototype_equal_singular_values/undefined_prototype_equal_singular_values
C2_orthogonal_equal_singular,7,M3_top1_projection,undefined_top_direction_equal_singular_values/undefined_top_direction_equal_singular_values,0.0,,,,,,False,undefined_top_direction_equal_singular_values/undefined_top_direction_equal_singular_values
C2_orthogonal_equal_singular,7,M3_fullspan_control,ok,0.0,0.5,0.5,0.0,0.0,0.0,False,degenerate_scores
C2_orthogonal_equal_singular,7,M4_matrix_response,ok,2.220446049250313e-16,0.5,0.4617,3.0161428909991627e-16,2.9546365354349293e-16,-6.150635556423331e-18,False,degenerate_scores
C2_orthogonal_equal_singular,8,M1_signed_prototype,undefined_prototype_equal_singular_values/undefined_prototype_equal_singular_values,0.0,,,,,,False,undefined_prototype_equal_singular_values/undefined_prototype_equal_singular_values
C2_orthogonal_equal_singular,8,M2_unsigned_prototype,undefined_prototype_equal_singular_values/undefined_prototype_equal_singular_values,0.0,,,,,,False,undefined_prototype_equal_singular_values/undefined_prototype_equal_singular_values
C2_orthogonal_equal_singular,8,M3_top1_projection,undefined_top_direction_equal_singular_values/undefined_top_direction_equal_singular_values,0.0,,,,,,False,undefined_top_direction_equal_singular_values/undefined_top_direction_equal_singular_values
C2_orthogonal_equal_singular,8,M3_fullspan_control,ok,0.0,0.5,0.5,0.0,0.0,0.0,False,degenerate_scores
C2_orthogonal_equal_singular,8,M4_matrix_response,ok,0.0,0.46499999999999997,0.46499999999999997,8.559819519859957e-18,8.559819519859957e-18,0.0,False,degenerate_scores
C2_orthogonal_equal_singular,9,M1_signed_prototype,undefined_prototype_equal_singular_values/undefined_prototype_equal_singular_values,0.0,,,,,,False,undefined_prototype_equal_singular_values/undefined_prototype_equal_singular_values
C2_orthogonal_equal_singular,9,M2_unsigned_prototype,undefined_prototype_equal_singular_values/undefined_prototype_equal_singular_values,0.0,,,,,,False,undefined_prototype_equal_singular_values/undefined_prototype_equal_singular_values
C2_orthogonal_equal_singular,9,M3_top1_projection,undefined_top_direction_equal_singular_values/undefined_top_direction_equal_singular_values,0.0,,,,,,False,undefined_top_direction_equal_singular_values/undefined_top_direction_equal_singular_values
C2_orthogonal_equal_singular,9,M3_fullspan_control,ok,0.0,0.5,0.5,0.0,0.0,0.0,False,degenerate_scores
C2_orthogonal_equal_singular,9,M4_matrix_response,ok,0.0,0.017900000000000027,0.017900000000000027,2.0314860904591115e-16,2.0314860904591115e-16,0.0,False,degenerate_scores
C2_orthogonal_equal_singular,10,M1_signed_prototype,undefined_prototype_equal_singular_values/undefined_prototype_equal_singular_values,0.0,,,,,,False,undefined_prototype_equal_singular_values/undefined_prototype_equal_singular_values
C2_orthogonal_equal_singular,10,M2_unsigned_prototype,undefined_prototype_equal_singular_values/undefined_prototype_equal_singular_values,0.0,,,,,,False,undefined_prototype_equal_singular_values/undefined_prototype_equal_singular_values
C2_orthogonal_equal_singular,10,M3_top1_projection,undefined_top_direction_equal_singular_values/undefined_top_direction_equal_singular_values,0.0,,,,,,False,undefined_top_direction_equal_singular_values/undefined_top_direction_equal_singular_values
C2_orthogonal_equal_singular,10,M3_fullspan_control,ok,0.0,0.5,0.5,0.0,0.0,0.0,False,degenerate_scores
C2_orthogonal_equal_singular,10,M4_matrix_response,ok,0.0,0.49450000000000005,0.49450000000000005,1.8762769116165144e-18,1.8762769116165144e-18,0.0,False,degenerate_scores
C2_orthogonal_equal_singular,11,M1_signed_prototype,undefined_prototype_equal_singular_values/undefined_prototype_equal_singular_values,0.0,,,,,,False,undefined_prototype_equal_singular_values/undefined_prototype_equal_singular_values
C2_orthogonal_equal_singular,11,M2_unsigned_prototype,undefined_prototype_equal_singular_values/undefined_prototype_equal_singular_values,0.0,,,,,,False,undefined_prototype_equal_singular_values/undefined_prototype_equal_singular_values
C2_orthogonal_equal_singular,11,M3_top1_projection,undefined_top_direction_equal_singular_values/undefined_top_direction_equal_singular_values,0.0,,,,,,False,undefined_top_direction_equal_singular_values/undefined_top_direction_equal_singular_values
C2_orthogonal_equal_singular,11,M3_fullspan_control,ok,0.0,0.5,0.5,0.0,0.0,0.0,False,degenerate_scores
C2_orthogonal_equal_singular,11,M4_matrix_response,ok,-1.1102230246251565e-16,0.2811,0.13349999999999995,1.2774226121337052e-16,3.5682568011452533e-17,-9.205969320191799e-17,False,degenerate_scores
C2_orthogonal_equal_singular,12,M1_signed_prototype,undefined_prototype_equal_singular_values/undefined_prototype_equal_singular_values,0.0,,,,,,False,undefined_prototype_equal_singular_values/undefined_prototype_equal_singular_values
C2_orthogonal_equal_singular,12,M2_unsigned_prototype,undefined_prototype_equal_singular_values/undefined_prototype_equal_singular_values,0.0,,,,,,False,undefined_prototype_equal_singular_values/undefined_prototype_equal_singular_values
C2_orthogonal_equal_singular,12,M3_top1_projection,undefined_top_direction_equal_singular_values/undefined_top_direction_equal_singular_values,0.0,,,,,,False,undefined_top_direction_equal_singular_values/undefined_top_direction_equal_singular_values
C2_orthogonal_equal_singular,12,M3_fullspan_control,ok,0.0,0.5,0.5,0.0,0.0,0.0,False,degenerate_scores
C2_orthogonal_equal_singular,12,M4_matrix_response,ok,-1.1102230246251565e-16,0.2801,0.13680000000000003,1.2727596754302796e-16,3.470557174978239e-17,-9.257039579324556e-17,False,degenerate_scores
C2_orthogonal_equal_singular,13,M1_signed_prototype,undefined_prototype_equal_singular_values/undefined_prototype_equal_singular_values,0.0,,,,,,False,undefined_prototype_equal_singular_values/undefined_prototype_equal_singular_values
C2_orthogonal_equal_singular,13,M2_unsigned_prototype,undefined_prototype_equal_singular_values/undefined_prototype_equal_singular_values,0.0,,,,,,False,undefined_prototype_equal_singular_values/undefined_prototype_equal_singular_values
C2_orthogonal_equal_singular,13,M3_top1_projection,undefined_top_direction_equal_singular_values/undefined_top_direction_equal_singular_values,0.0,,,,,,False,undefined_top_direction_equal_singular_values/undefined_top_direction_equal_singular_values
C2_orthogonal_equal_singular,13,M3_fullspan_control,ok,0.0,0.5,0.5,0.0,0.0,0.0,False,degenerate_scores
C2_orthogonal_equal_singular,13,M4_matrix_response,ok,0.0,0.07699999999999996,0.07699999999999996,6.51922960059892e-17,6.51922960059892e-17,0.0,False,degenerate_scores
C2_orthogonal_equal_singular,14,M1_signed_prototype,undefined_prototype_equal_singular_values/undefined_prototype_equal_singular_values,0.0,,,,,,False,undefined_prototype_equal_singular_values/undefined_prototype_equal_singular_values
C2_orthogonal_equal_singular,14,M2_unsigned_prototype,undefined_prototype_equal_singular_values/undefined_prototype_equal_singular_values,0.0,,,,,,False,undefined_prototype_equal_singular_values/undefined_prototype_equal_singular_values
C2_orthogonal_equal_singular,14,M3_top1_projection,undefined_top_direction_equal_singular_values/undefined_top_direction_equal_singular_values,0.0,,,,,,False,undefined_top_direction_equal_singular_values/undefined_top_direction_equal_singular_values
C2_orthogonal_equal_singular,14,M3_fullspan_control,ok,0.0,0.5,0.5,0.0,0.0,0.0,False,degenerate_scores
C2_orthogonal_equal_singular,14,M4_matrix_response,ok,2.220446049250313e-16,0.5,0.10160000000000002,1.8465229345565604e-16,1.7350565428841946e-16,-1.1146639167236577e-17,False,degenerate_scores
C2_orthogonal_equal_singular,15,M1_signed_prototype,undefined_prototype_equal_singular_values/undefined_prototype_equal_singular_values,0.0,,,,,,False,undefined_prototype_equal_singular_values/undefined_prototype_equal_singular_values
C2_orthogonal_equal_singular,15,M2_unsigned_prototype,undefined_prototype_equal_singular_values/undefined_prototype_equal_singular_values,0.0,,,,,,False,undefined_prototype_equal_singular_values/undefined_prototype_equal_singular_values
C2_orthogonal_equal_singular,15,M3_top1_projection,undefined_top_direction_equal_singular_values/undefined_top_direction_equal_singular_values,0.0,,,,,,False,undefined_top_direction_equal_singular_values/undefined_top_direction_equal_singular_values
C2_orthogonal_equal_singular,15,M3_fullspan_control,ok,0.0,0.5,0.5,0.0,0.0,0.0,False,degenerate_scores
C2_orthogonal_equal_singular,15,M4_matrix_response,ok,0.0,0.16190000000000004,0.16190000000000004,5.642153411145045e-17,5.642153411145045e-17,0.0,False,degenerate_scores
C2_orthogonal_equal_singular,16,M1_signed_prototype,undefined_prototype_equal_singular_values/undefined_prototype_equal_singular_values,0.0,,,,,,False,undefined_prototype_equal_singular_values/undefined_prototype_equal_singular_values
C2_orthogonal_equal_singular,16,M2_unsigned_prototype,undefined_prototype_equal_singular_values/undefined_prototype_equal_singular_values,0.0,,,,,,False,undefined_prototype_equal_singular_values/undefined_prototype_equal_singular_values
C2_orthogonal_equal_singular,16,M3_top1_projection,undefined_top_direction_equal_singular_values/undefined_top_direction_equal_singular_values,0.0,,,,,,False,undefined_top_direction_equal_singular_values/undefined_top_direction_equal_singular_values
C2_orthogonal_equal_singular,16,M3_fullspan_control,ok,0.0,0.5,0.5,0.0,0.0,0.0,False,degenerate_scores
C2_orthogonal_equal_singular,16,M4_matrix_response,ok,1.1102230246251565e-16,0.49739999999999995,0.04249999999999998,1.1407541578023484e-16,1.1407541578023484e-16,0.0,False,degenerate_scores
C2_orthogonal_equal_singular,17,M1_signed_prototype,undefined_prototype_equal_singular_values/undefined_prototype_equal_singular_values,0.0,,,,,,False,undefined_prototype_equal_singular_values/undefined_prototype_equal_singular_values
C2_orthogonal_equal_singular,17,M2_unsigned_prototype,undefined_prototype_equal_singular_values/undefined_prototype_equal_singular_values,0.0,,,,,,False,undefined_prototype_equal_singular_values/undefined_prototype_equal_singular_values
C2_orthogonal_equal_singular,17,M3_top1_projection,undefined_top_direction_equal_singular_values/undefined_top_direction_equal_singular_values,0.0,,,,,,False,undefined_top_direction_equal_singular_values/undefined_top_direction_equal_singular_values
C2_orthogonal_equal_singular,17,M3_fullspan_control,ok,0.0,0.5,0.5,0.0,0.0,0.0,False,degenerate_scores
C2_orthogonal_equal_singular,17,M4_matrix_response,ok,0.0,0.3597,0.3597,4.319877788816484e-17,4.319877788816484e-17,0.0,False,degenerate_scores
C2_orthogonal_equal_singular,18,M1_signed_prototype,undefined_prototype_equal_singular_values/undefined_prototype_equal_singular_values,0.0,,,,,,False,undefined_prototype_equal_singular_values/undefined_prototype_equal_singular_values
C2_orthogonal_equal_singular,18,M2_unsigned_prototype,undefined_prototype_equal_singular_values/undefined_prototype_equal_singular_values,0.0,,,,,,False,undefined_prototype_equal_singular_values/undefined_prototype_equal_singular_values
C2_orthogonal_equal_singular,18,M3_top1_projection,undefined_top_direction_equal_singular_values/undefined_top_direction_equal_singular_values,0.0,,,,,,False,undefined_top_direction_equal_singular_values/undefined_top_direction_equal_singular_values
C2_orthogonal_equal_singular,18,M3_fullspan_control,ok,0.0,0.5,0.5,0.0,0.0,0.0,False,degenerate_scores
C2_orthogonal_equal_singular,18,M4_matrix_response,ok,-2.220446049250313e-16,0.4627,0.31799999999999995,2.367328555408221e-16,-9.628964292573982e-17,-3.3302249846656196e-16,False,degenerate_scores
C2_orthogonal_equal_singular,19,M1_signed_prototype,undefined_prototype_equal_singular_values/undefined_prototype_equal_singular_values,0.0,,,,,,False,undefined_prototype_equal_singular_values/undefined_prototype_equal_singular_values
C2_orthogonal_equal_singular,19,M2_unsigned_prototype,undefined_prototype_equal_singular_values/undefined_prototype_equal_singular_values,0.0,,,,,,False,undefined_prototype_equal_singular_values/undefined_prototype_equal_singular_values
C2_orthogonal_equal_singular,19,M3_top1_projection,undefined_top_direction_equal_singular_values/undefined_top_direction_equal_singular_values,0.0,,,,,,False,undefined_top_direction_equal_singular_values/undefined_top_direction_equal_singular_values
C2_orthogonal_equal_singular,19,M3_fullspan_control,ok,0.0,0.5,0.5,0.0,0.0,0.0,False,degenerate_scores
C2_orthogonal_equal_singular,19,M4_matrix_response,ok,0.0,0.07509999999999994,0.07509999999999994,6.581402089977928e-17,6.581402089977928e-17,0.0,False,degenerate_scores
C2_orthogonal_equal_singular,20,M1_signed_prototype,undefined_prototype_equal_singular_values/undefined_prototype_equal_singular_values,0.0,,,,,,False,undefined_prototype_equal_singular_values/undefined_prototype_equal_singular_values
C2_orthogonal_equal_singular,20,M2_unsigned_prototype,undefined_prototype_equal_singular_values/undefined_prototype_equal_singular_values,0.0,,,,,,False,undefined_prototype_equal_singular_values/undefined_prototype_equal_singular_values
C2_orthogonal_equal_singular,20,M3_top1_projection,undefined_top_direction_equal_singular_values/undefined_top_direction_equal_singular_values,0.0,,,,,,False,undefined_top_direction_equal_singular_values/undefined_top_direction_equal_singular_values
C2_orthogonal_equal_singular,20,M3_fullspan_control,ok,0.0,0.5,0.5,0.0,0.0,0.0,False,degenerate_scores
C2_orthogonal_equal_singular,20,M4_matrix_response,ok,2.220446049250313e-16,0.49139999999999995,0.0032999999999999696,1.8380852395694091e-16,1.5616397064377453e-16,-2.7644553313166385e-17,False,degenerate_scores
C2_orthogonal_equal_singular,21,M1_signed_prototype,undefined_prototype_equal_singular_values/undefined_prototype_equal_singular_values,0.0,,,,,,False,undefined_prototype_equal_singular_values/undefined_prototype_equal_singular_values
C2_orthogonal_equal_singular,21,M2_unsigned_prototype,undefined_prototype_equal_singular_values/undefined_prototype_equal_singular_values,0.0,,,,,,False,undefined_prototype_equal_singular_values/undefined_prototype_equal_singular_values
C2_orthogonal_equal_singular,21,M3_top1_projection,undefined_top_direction_equal_singular_values/undefined_top_direction_equal_singular_values,0.0,,,,,,False,undefined_top_direction_equal_singular_values/undefined_top_direction_equal_singular_values
C2_orthogonal_equal_singular,21,M3_fullspan_control,ok,0.0,0.5,0.5,0.0,0.0,0.0,False,degenerate_scores
C2_orthogonal_equal_singular,21,M4_matrix_response,ok,3.3306690738754696e-16,0.5,0.11939999999999995,3.436473328122247e-16,1.8239854071566697e-16,-1.6124879209655773e-16,False,degenerate_scores
C2_orthogonal_equal_singular,22,M1_signed_prototype,undefined_prototype_equal_singular_values/undefined_prototype_equal_singular_values,0.0,,,,,,False,undefined_prototype_equal_singular_values/undefined_prototype_equal_singular_values
C2_orthogonal_equal_singular,22,M2_unsigned_prototype,undefined_prototype_equal_singular_values/undefined_prototype_equal_singular_values,0.0,,,,,,False,undefined_prototype_equal_singular_values/undefined_prototype_equal_singular_values
C2_orthogonal_equal_singular,22,M3_top1_projection,undefined_top_direction_equal_singular_values/undefined_top_direction_equal_singular_values,0.0,,,,,,False,undefined_top_direction_equal_singular_values/undefined_top_direction_equal_singular_values
C2_orthogonal_equal_singular,22,M3_fullspan_control,ok,0.0,0.5,0.5,0.0,0.0,0.0,False,degenerate_scores
C2_orthogonal_equal_singular,22,M4_matrix_response,ok,0.0,0.10219999999999996,0.10219999999999996,6.893374759897597e-17,6.893374759897597e-17,0.0,False,degenerate_scores
C2_orthogonal_equal_singular,23,M1_signed_prototype,undefined_prototype_equal_singular_values/undefined_prototype_equal_singular_values,0.0,,,,,,False,undefined_prototype_equal_singular_values/undefined_prototype_equal_singular_values
C2_orthogonal_equal_singular,23,M2_unsigned_prototype,undefined_prototype_equal_singular_values/undefined_prototype_equal_singular_values,0.0,,,,,,False,undefined_prototype_equal_singular_values/undefined_prototype_equal_singular_values
C2_orthogonal_equal_singular,23,M3_top1_projection,undefined_top_direction_equal_singular_values/undefined_top_direction_equal_singular_values,0.0,,,,,,False,undefined_top_direction_equal_singular_values/undefined_top_direction_equal_singular_values
C2_orthogonal_equal_singular,23,M3_fullspan_control,ok,0.0,0.5,0.5,0.0,0.0,0.0,False,degenerate_scores
C2_orthogonal_equal_singular,23,M4_matrix_response,ok,0.0,0.42779999999999996,0.42779999999999996,9.049427873719651e-17,9.049427873719651e-17,0.0,False,degenerate_scores
C2_orthogonal_equal_singular,24,M1_signed_prototype,undefined_prototype_equal_singular_values/undefined_prototype_equal_singular_values,0.0,,,,,,False,undefined_prototype_equal_singular_values/undefined_prototype_equal_singular_values
C2_orthogonal_equal_singular,24,M2_unsigned_prototype,undefined_prototype_equal_singular_values/undefined_prototype_equal_singular_values,0.0,,,,,,False,undefined_prototype_equal_singular_values/undefined_prototype_equal_singular_values
C2_orthogonal_equal_singular,24,M3_top1_projection,undefined_top_direction_equal_singular_values/undefined_top_direction_equal_singular_values,0.0,,,,,,False,undefined_top_direction_equal_singular_values/undefined_top_direction_equal_singular_values
C2_orthogonal_equal_singular,24,M3_fullspan_control,ok,0.0,0.5,0.5,0.0,0.0,0.0,False,degenerate_scores
C2_orthogonal_equal_singular,24,M4_matrix_response,ok,-1.1102230246251565e-16,0.2814,0.13580000000000003,1.2753131883869174e-16,3.489430966396867e-17,-9.263700917472307e-17,False,degenerate_scores
C2_orthogonal_equal_singular,25,M1_signed_prototype,undefined_prototype_equal_singular_values/undefined_prototype_equal_singular_values,0.0,,,,,,False,undefined_prototype_equal_singular_values/undefined_prototype_equal_singular_values
C2_orthogonal_equal_singular,25,M2_unsigned_prototype,undefined_prototype_equal_singular_values/undefined_prototype_equal_singular_values,0.0,,,,,,False,undefined_prototype_equal_singular_values/undefined_prototype_equal_singular_values
C2_orthogonal_equal_singular,25,M3_top1_projection,undefined_top_direction_equal_singular_values/undefined_top_direction_equal_singular_values,0.0,,,,,,False,undefined_top_direction_equal_singular_values/undefined_top_direction_equal_singular_values
C2_orthogonal_equal_singular,25,M3_fullspan_control,ok,0.0,0.5,0.5,0.0,0.0,0.0,False,degenerate_scores
C2_orthogonal_equal_singular,25,M4_matrix_response,ok,0.0,0.04920000000000002,0.04920000000000002,7.537304114180187e-17,7.537304114180187e-17,0.0,False,degenerate_scores
C2_orthogonal_equal_singular,26,M1_signed_prototype,undefined_prototype_equal_singular_values/undefined_prototype_equal_singular_values,0.0,,,,,,False,undefined_prototype_equal_singular_values/undefined_prototype_equal_singular_values
C2_orthogonal_equal_singular,26,M2_unsigned_prototype,undefined_prototype_equal_singular_values/undefined_prototype_equal_singular_values,0.0,,,,,,False,undefined_prototype_equal_singular_values/undefined_prototype_equal_singular_values
C2_orthogonal_equal_singular,26,M3_top1_projection,undefined_top_direction_equal_singular_values/undefined_top_direction_equal_singular_values,0.0,,,,,,False,undefined_top_direction_equal_singular_values/undefined_top_direction_equal_singular_values
C2_orthogonal_equal_singular,26,M3_fullspan_control,ok,0.0,0.5,0.5,0.0,0.0,0.0,False,degenerate_scores
C2_orthogonal_equal_singular,26,M4_matrix_response,ok,1.1102230246251565e-16,0.4941,0.24870000000000003,1.3073986337985843e-16,1.3073986337985843e-16,0.0,False,degenerate_scores
C2_orthogonal_equal_singular,27,M1_signed_prototype,undefined_prototype_equal_singular_values/undefined_prototype_equal_singular_values,0.0,,,,,,False,undefined_prototype_equal_singular_values/undefined_prototype_equal_singular_values
C2_orthogonal_equal_singular,27,M2_unsigned_prototype,undefined_prototype_equal_singular_values/undefined_prototype_equal_singular_values,0.0,,,,,,False,undefined_prototype_equal_singular_values/undefined_prototype_equal_singular_values
C2_orthogonal_equal_singular,27,M3_top1_projection,undefined_top_direction_equal_singular_values/undefined_top_direction_equal_singular_values,0.0,,,,,,False,undefined_top_direction_equal_singular_values/undefined_top_direction_equal_singular_values
C2_orthogonal_equal_singular,27,M3_fullspan_control,ok,0.0,0.5,0.5,0.0,0.0,0.0,False,degenerate_scores
C2_orthogonal_equal_singular,27,M4_matrix_response,ok,3.3306690738754696e-16,0.5,0.10209999999999997,3.4422464878502976e-16,1.778022173937188e-16,-1.6642243139131095e-16,False,degenerate_scores
C2_orthogonal_equal_singular,28,M1_signed_prototype,undefined_prototype_equal_singular_values/undefined_prototype_equal_singular_values,0.0,,,,,,False,undefined_prototype_equal_singular_values/undefined_prototype_equal_singular_values
C2_orthogonal_equal_singular,28,M2_unsigned_prototype,undefined_prototype_equal_singular_values/undefined_prototype_equal_singular_values,0.0,,,,,,False,undefined_prototype_equal_singular_values/undefined_prototype_equal_singular_values
C2_orthogonal_equal_singular,28,M3_top1_projection,undefined_top_direction_equal_singular_values/undefined_top_direction_equal_singular_values,0.0,,,,,,False,undefined_top_direction_equal_singular_values/undefined_top_direction_equal_singular_values
C2_orthogonal_equal_singular,28,M3_fullspan_control,ok,0.0,0.5,0.5,0.0,0.0,0.0,False,degenerate_scores
C2_orthogonal_equal_singular,28,M4_matrix_response,ok,1.1102230246251565e-16,0.49970000000000003,0.07340000000000002,1.1334266858398222e-16,1.1334266858398222e-16,0.0,False,degenerate_scores
C2_orthogonal_equal_singular,29,M1_signed_prototype,undefined_prototype_equal_singular_values/undefined_prototype_equal_singular_values,0.0,,,,,,False,undefined_prototype_equal_singular_values/undefined_prototype_equal_singular_values
C2_orthogonal_equal_singular,29,M2_unsigned_prototype,undefined_prototype_equal_singular_values/undefined_prototype_equal_singular_values,0.0,,,,,,False,undefined_prototype_equal_singular_values/undefined_prototype_equal_singular_values
C2_orthogonal_equal_singular,29,M3_top1_projection,undefined_top_direction_equal_singular_values/undefined_top_direction_equal_singular_values,0.0,,,,,,False,undefined_top_direction_equal_singular_values/undefined_top_direction_equal_singular_values
C2_orthogonal_equal_singular,29,M3_fullspan_control,ok,0.0,0.5,0.5,0.0,0.0,0.0,False,degenerate_scores
C2_orthogonal_equal_singular,29,M4_matrix_response,ok,0.0,0.05489999999999995,0.05489999999999995,6.696865284538944e-17,6.696865284538944e-17,0.0,False,degenerate_scores
C2_orthogonal_equal_singular,30,M1_signed_prototype,undefined_prototype_equal_singular_values/undefined_prototype_equal_singular_values,0.0,,,,,,False,undefined_prototype_equal_singular_values/undefined_prototype_equal_singular_values
C2_orthogonal_equal_singular,30,M2_unsigned_prototype,undefined_prototype_equal_singular_values/undefined_prototype_equal_singular_values,0.0,,,,,,False,undefined_prototype_equal_singular_values/undefined_prototype_equal_singular_values
C2_orthogonal_equal_singular,30,M3_top1_projection,undefined_top_direction_equal_singular_values/undefined_top_direction_equal_singular_values,0.0,,,,,,False,undefined_top_direction_equal_singular_values/undefined_top_direction_equal_singular_values
C2_orthogonal_equal_singular,30,M3_fullspan_control,ok,0.0,0.5,0.5,0.0,0.0,0.0,False,degenerate_scores
C2_orthogonal_equal_singular,30,M4_matrix_response,ok,0.0,0.48939999999999995,0.48939999999999995,4.007905118896815e-18,4.007905118896815e-18,0.0,False,degenerate_scores
C2_orthogonal_equal_singular,31,M1_signed_prototype,undefined_prototype_equal_singular_values/undefined_prototype_equal_singular_values,0.0,,,,,,False,undefined_prototype_equal_singular_values/undefined_prototype_equal_singular_values
C2_orthogonal_equal_singular,31,M2_unsigned_prototype,undefined_prototype_equal_singular_values/undefined_prototype_equal_singular_values,0.0,,,,,,False,undefined_prototype_equal_singular_values/undefined_prototype_equal_singular_values
C2_orthogonal_equal_singular,31,M3_top1_projection,undefined_top_direction_equal_singular_values/undefined_top_direction_equal_singular_values,0.0,,,,,,False,undefined_top_direction_equal_singular_values/undefined_top_direction_equal_singular_values
C2_orthogonal_equal_singular,31,M3_fullspan_control,ok,0.0,0.5,0.5,0.0,0.0,0.0,False,degenerate_scores
C2_orthogonal_equal_singular,31,M4_matrix_response,ok,0.0,0.5,0.5,6.24389429049188e-17,6.24389429049188e-17,0.0,False,degenerate_scores
C2_orthogonal_equal_singular,32,M1_signed_prototype,undefined_prototype_equal_singular_values/undefined_prototype_equal_singular_values,0.0,,,,,,False,undefined_prototype_equal_singular_values/undefined_prototype_equal_singular_values
C2_orthogonal_equal_singular,32,M2_unsigned_prototype,undefined_prototype_equal_singular_values/undefined_prototype_equal_singular_values,0.0,,,,,,False,undefined_prototype_equal_singular_values/undefined_prototype_equal_singular_values
C2_orthogonal_equal_singular,32,M3_top1_projection,undefined_top_direction_equal_singular_values/undefined_top_direction_equal_singular_values,0.0,,,,,,False,undefined_top_direction_equal_singular_values/undefined_top_direction_equal_singular_values
C2_orthogonal_equal_singular,32,M3_fullspan_control,ok,0.0,0.5,0.5,0.0,0.0,0.0,False,degenerate_scores
C2_orthogonal_equal_singular,32,M4_matrix_response,ok,-2.220446049250313e-16,0.438,0.29910000000000003,2.353561789902869e-16,-7.925882172798992e-17,-3.1461500071827687e-16,False,degenerate_scores
C2_orthogonal_equal_singular,33,M1_signed_prototype,undefined_prototype_equal_singular_values/undefined_prototype_equal_singular_values,0.0,,,,,,False,undefined_prototype_equal_singular_values/undefined_prototype_equal_singular_values
C2_orthogonal_equal_singular,33,M2_unsigned_prototype,undefined_prototype_equal_singular_values/undefined_prototype_equal_singular_values,0.0,,,,,,False,undefined_prototype_equal_singular_values/undefined_prototype_equal_singular_values
C2_orthogonal_equal_singular,33,M3_top1_projection,undefined_top_direction_equal_singular_values/undefined_top_direction_equal_singular_values,0.0,,,,,,False,undefined_top_direction_equal_singular_values/undefined_top_direction_equal_singular_values
C2_orthogonal_equal_singular,33,M3_fullspan_control,ok,0.0,0.5,0.5,0.0,0.0,0.0,False,degenerate_scores
C2_orthogonal_equal_singular,33,M4_matrix_response,ok,-2.220446049250313e-16,0.4669,0.3097,2.268518706216582e-16,-9.549028234800971e-17,-3.2234215296966795e-16,False,degenerate_scores
C2_orthogonal_equal_singular,34,M1_signed_prototype,undefined_prototype_equal_singular_values/undefined_prototype_equal_singular_values,0.0,,,,,,False,undefined_prototype_equal_singular_values/undefined_prototype_equal_singular_values
C2_orthogonal_equal_singular,34,M2_unsigned_prototype,undefined_prototype_equal_singular_values/undefined_prototype_equal_singular_values,0.0,,,,,,False,undefined_prototype_equal_singular_values/undefined_prototype_equal_singular_values
C2_orthogonal_equal_singular,34,M3_top1_projection,undefined_top_direction_equal_singular_values/undefined_top_direction_equal_singular_values,0.0,,,,,,False,undefined_top_direction_equal_singular_values/undefined_top_direction_equal_singular_values
C2_orthogonal_equal_singular,34,M3_fullspan_control,ok,0.0,0.5,0.5,0.0,0.0,0.0,False,degenerate_scores
C2_orthogonal_equal_singular,34,M4_matrix_response,ok,1.1102230246251565e-16,0.45920000000000005,0.09060000000000001,1.287969730867644e-16,1.287969730867644e-16,0.0,False,degenerate_scores
C2_orthogonal_equal_singular,35,M1_signed_prototype,undefined_prototype_equal_singular_values/undefined_prototype_equal_singular_values,0.0,,,,,,False,undefined_prototype_equal_singular_values/undefined_prototype_equal_singular_values
C2_orthogonal_equal_singular,35,M2_unsigned_prototype,undefined_prototype_equal_singular_values/undefined_prototype_equal_singular_values,0.0,,,,,,False,undefined_prototype_equal_singular_values/undefined_prototype_equal_singular_values
C2_orthogonal_equal_singular,35,M3_top1_projection,undefined_top_direction_equal_singular_values/undefined_top_direction_equal_singular_values,0.0,,,,,,False,undefined_top_direction_equal_singular_values/undefined_top_direction_equal_singular_values
C2_orthogonal_equal_singular,35,M3_fullspan_control,ok,0.0,0.5,0.5,0.0,0.0,0.0,False,degenerate_scores
C2_orthogonal_equal_singular,35,M4_matrix_response,ok,0.0,0.5,0.5,6.512568262451168e-17,6.512568262451168e-17,0.0,False,degenerate_scores
C2_orthogonal_equal_singular,36,M1_signed_prototype,undefined_prototype_equal_singular_values/undefined_prototype_equal_singular_values,0.0,,,,,,False,undefined_prototype_equal_singular_values/undefined_prototype_equal_singular_values
C2_orthogonal_equal_singular,36,M2_unsigned_prototype,undefined_prototype_equal_singular_values/undefined_prototype_equal_singular_values,0.0,,,,,,False,undefined_prototype_equal_singular_values/undefined_prototype_equal_singular_values
C2_orthogonal_equal_singular,36,M3_top1_projection,undefined_top_direction_equal_singular_values/undefined_top_direction_equal_singular_values,0.0,,,,,,False,undefined_top_direction_equal_singular_values/undefined_top_direction_equal_singular_values
C2_orthogonal_equal_singular,36,M3_fullspan_control,ok,0.0,0.5,0.5,0.0,0.0,0.0,False,degenerate_scores
C2_orthogonal_equal_singular,36,M4_matrix_response,ok,0.0,0.4968,0.4968,9.769962616701378e-19,9.769962616701378e-19,0.0,False,degenerate_scores
C2_orthogonal_equal_singular,37,M1_signed_prototype,undefined_prototype_equal_singular_values/undefined_prototype_equal_singular_values,0.0,,,,,,False,undefined_prototype_equal_singular_values/undefined_prototype_equal_singular_values
C2_orthogonal_equal_singular,37,M2_unsigned_prototype,undefined_prototype_equal_singular_values/undefined_prototype_equal_singular_values,0.0,,,,,,False,undefined_prototype_equal_singular_values/undefined_prototype_equal_singular_values
C2_orthogonal_equal_singular,37,M3_top1_projection,undefined_top_direction_equal_singular_values/undefined_top_direction_equal_singular_values,0.0,,,,,,False,undefined_top_direction_equal_singular_values/undefined_top_direction_equal_singular_values
C2_orthogonal_equal_singular,37,M3_fullspan_control,ok,0.0,0.5,0.5,0.0,0.0,0.0,False,degenerate_scores
C2_orthogonal_equal_singular,37,M4_matrix_response,ok,2.220446049250313e-16,0.5,0.365,2.268629728519045e-16,2.0423662761004379e-16,-2.2626345241860713e-17,False,degenerate_scores
C2_orthogonal_equal_singular,38,M1_signed_prototype,undefined_prototype_equal_singular_values/undefined_prototype_equal_singular_values,0.0,,,,,,False,undefined_prototype_equal_singular_values/undefined_prototype_equal_singular_values
C2_orthogonal_equal_singular,38,M2_unsigned_prototype,undefined_prototype_equal_singular_values/undefined_prototype_equal_singular_values,0.0,,,,,,False,undefined_prototype_equal_singular_values/undefined_prototype_equal_singular_values
C2_orthogonal_equal_singular,38,M3_top1_projection,undefined_top_direction_equal_singular_values/undefined_top_direction_equal_singular_values,0.0,,,,,,False,undefined_top_direction_equal_singular_values/undefined_top_direction_equal_singular_values
C2_orthogonal_equal_singular,38,M3_fullspan_control,ok,0.0,0.5,0.5,0.0,0.0,0.0,False,degenerate_scores
C2_orthogonal_equal_singular,38,M4_matrix_response,ok,-1.1102230246251565e-16,0.2823,0.13460000000000005,1.2775336344361677e-16,3.518296765037121e-17,-9.257039579324556e-17,False,degenerate_scores
C2_orthogonal_equal_singular,39,M1_signed_prototype,undefined_prototype_equal_singular_values/undefined_prototype_equal_singular_values,0.0,,,,,,False,undefined_prototype_equal_singular_values/undefined_prototype_equal_singular_values
C2_orthogonal_equal_singular,39,M2_unsigned_prototype,undefined_prototype_equal_singular_values/undefined_prototype_equal_singular_values,0.0,,,,,,False,undefined_prototype_equal_singular_values/undefined_prototype_equal_singular_values
C2_orthogonal_equal_singular,39,M3_top1_projection,undefined_top_direction_equal_singular_values/undefined_top_direction_equal_singular_values,0.0,,,,,,False,undefined_top_direction_equal_singular_values/undefined_top_direction_equal_singular_values
C2_orthogonal_equal_singular,39,M3_fullspan_control,ok,0.0,0.5,0.5,0.0,0.0,0.0,False,degenerate_scores
C2_orthogonal_equal_singular,39,M4_matrix_response,ok,2.220446049250313e-16,0.5,0.29800000000000004,2.9453106620280776e-16,2.658651077069862e-16,-2.866595849582154e-17,False,degenerate_scores
C2_orthogonal_equal_singular,40,M1_signed_prototype,undefined_prototype_equal_singular_values/undefined_prototype_equal_singular_values,0.0,,,,,,False,undefined_prototype_equal_singular_values/undefined_prototype_equal_singular_values
C2_orthogonal_equal_singular,40,M2_unsigned_prototype,undefined_prototype_equal_singular_values/undefined_prototype_equal_singular_values,0.0,,,,,,False,undefined_prototype_equal_singular_values/undefined_prototype_equal_singular_values
C2_orthogonal_equal_singular,40,M3_top1_projection,undefined_top_direction_equal_singular_values/undefined_top_direction_equal_singular_values,0.0,,,,,,False,undefined_top_direction_equal_singular_values/undefined_top_direction_equal_singular_values
C2_orthogonal_equal_singular,40,M3_fullspan_control,ok,0.0,0.5,0.5,0.0,0.0,0.0,False,degenerate_scores
C2_orthogonal_equal_singular,40,M4_matrix_response,ok,2.220446049250313e-16,0.5,0.366,2.268074617006732e-16,2.0438095660324507e-16,-2.2426505097428157e-17,False,degenerate_scores
C2_orthogonal_equal_singular,41,M1_signed_prototype,undefined_prototype_equal_singular_values/undefined_prototype_equal_singular_values,0.0,,,,,,False,undefined_prototype_equal_singular_values/undefined_prototype_equal_singular_values
C2_orthogonal_equal_singular,41,M2_unsigned_prototype,undefined_prototype_equal_singular_values/undefined_prototype_equal_singular_values,0.0,,,,,,False,undefined_prototype_equal_singular_values/undefined_prototype_equal_singular_values
C2_orthogonal_equal_singular,41,M3_top1_projection,undefined_top_direction_equal_singular_values/undefined_top_direction_equal_singular_values,0.0,,,,,,False,undefined_top_direction_equal_singular_values/undefined_top_direction_equal_singular_values
C2_orthogonal_equal_singular,41,M3_fullspan_control,ok,0.0,0.5,0.5,0.0,0.0,0.0,False,degenerate_scores
C2_orthogonal_equal_singular,41,M4_matrix_response,ok,-1.1102230246251565e-16,0.2818,0.1341,1.2775336344361677e-16,3.5405012255296244e-17,-9.234835118832053e-17,False,degenerate_scores
C2_orthogonal_equal_singular,42,M1_signed_prototype,undefined_prototype_equal_singular_values/undefined_prototype_equal_singular_values,0.0,,,,,,False,undefined_prototype_equal_singular_values/undefined_prototype_equal_singular_values
C2_orthogonal_equal_singular,42,M2_unsigned_prototype,undefined_prototype_equal_singular_values/undefined_prototype_equal_singular_values,0.0,,,,,,False,undefined_prototype_equal_singular_values/undefined_prototype_equal_singular_values
C2_orthogonal_equal_singular,42,M3_top1_projection,undefined_top_direction_equal_singular_values/undefined_top_direction_equal_singular_values,0.0,,,,,,False,undefined_top_direction_equal_singular_values/undefined_top_direction_equal_singular_values
C2_orthogonal_equal_singular,42,M3_fullspan_control,ok,0.0,0.5,0.5,0.0,0.0,0.0,False,degenerate_scores
C2_orthogonal_equal_singular,42,M4_matrix_response,ok,2.220446049250313e-16,0.42079999999999995,0.005099999999999993,1.4185319585635626e-16,1.195821219823756e-16,-2.2271073873980653e-17,False,degenerate_scores
C2_orthogonal_equal_singular,43,M1_signed_prototype,undefined_prototype_equal_singular_values/undefined_prototype_equal_singular_values,0.0,,,,,,False,undefined_prototype_equal_singular_values/undefined_prototype_equal_singular_values
C2_orthogonal_equal_singular,43,M2_unsigned_prototype,undefined_prototype_equal_singular_values/undefined_prototype_equal_singular_values,0.0,,,,,,False,undefined_prototype_equal_singular_values/undefined_prototype_equal_singular_values
C2_orthogonal_equal_singular,43,M3_top1_projection,undefined_top_direction_equal_singular_values/undefined_top_direction_equal_singular_values,0.0,,,,,,False,undefined_top_direction_equal_singular_values/undefined_top_direction_equal_singular_values
C2_orthogonal_equal_singular,43,M3_fullspan_control,ok,0.0,0.5,0.5,0.0,0.0,0.0,False,degenerate_scores
C2_orthogonal_equal_singular,43,M4_matrix_response,ok,0.0,0.3832,0.3832,3.4616753907812383e-17,3.4616753907812383e-17,0.0,False,degenerate_scores
C2_orthogonal_equal_singular,44,M1_signed_prototype,undefined_prototype_equal_singular_values/undefined_prototype_equal_singular_values,0.0,,,,,,False,undefined_prototype_equal_singular_values/undefined_prototype_equal_singular_values
C2_orthogonal_equal_singular,44,M2_unsigned_prototype,undefined_prototype_equal_singular_values/undefined_prototype_equal_singular_values,0.0,,,,,,False,undefined_prototype_equal_singular_values/undefined_prototype_equal_singular_values
C2_orthogonal_equal_singular,44,M3_top1_projection,undefined_top_direction_equal_singular_values/undefined_top_direction_equal_singular_values,0.0,,,,,,False,undefined_top_direction_equal_singular_values/undefined_top_direction_equal_singular_values
C2_orthogonal_equal_singular,44,M3_fullspan_control,ok,0.0,0.5,0.5,0.0,0.0,0.0,False,degenerate_scores
C2_orthogonal_equal_singular,44,M4_matrix_response,ok,1.1102230246251565e-16,0.5,0.06130000000000002,1.1690648449302898e-16,1.1690648449302898e-16,0.0,False,degenerate_scores
C2_orthogonal_equal_singular,45,M1_signed_prototype,undefined_prototype_equal_singular_values/undefined_prototype_equal_singular_values,0.0,,,,,,False,undefined_prototype_equal_singular_values/undefined_prototype_equal_singular_values
C2_orthogonal_equal_singular,45,M2_unsigned_prototype,undefined_prototype_equal_singular_values/undefined_prototype_equal_singular_values,0.0,,,,,,False,undefined_prototype_equal_singular_values/undefined_prototype_equal_singular_values
C2_orthogonal_equal_singular,45,M3_top1_projection,undefined_top_direction_equal_singular_values/undefined_top_direction_equal_singular_values,0.0,,,,,,False,undefined_top_direction_equal_singular_values/undefined_top_direction_equal_singular_values
C2_orthogonal_equal_singular,45,M3_fullspan_control,ok,0.0,0.5,0.5,0.0,0.0,0.0,False,degenerate_scores
C2_orthogonal_equal_singular,45,M4_matrix_response,ok,-2.220446049250313e-16,0.4942,0.033299999999999996,3.012146088110512e-16,7.275291480368651e-17,-2.284616940073647e-16,False,degenerate_scores
C2_orthogonal_equal_singular,46,M1_signed_prototype,undefined_prototype_equal_singular_values/undefined_prototype_equal_singular_values,0.0,,,,,,False,undefined_prototype_equal_singular_values/undefined_prototype_equal_singular_values
C2_orthogonal_equal_singular,46,M2_unsigned_prototype,undefined_prototype_equal_singular_values/undefined_prototype_equal_singular_values,0.0,,,,,,False,undefined_prototype_equal_singular_values/undefined_prototype_equal_singular_values
C2_orthogonal_equal_singular,46,M3_top1_projection,undefined_top_direction_equal_singular_values/undefined_top_direction_equal_singular_values,0.0,,,,,,False,undefined_top_direction_equal_singular_values/undefined_top_direction_equal_singular_values
C2_orthogonal_equal_singular,46,M3_fullspan_control,ok,0.0,0.5,0.5,0.0,0.0,0.0,False,degenerate_scores
C2_orthogonal_equal_singular,46,M4_matrix_response,ok,0.0,0.1129,0.1129,6.514788708500418e-17,6.514788708500418e-17,0.0,False,degenerate_scores
C2_orthogonal_equal_singular,47,M1_signed_prototype,undefined_prototype_equal_singular_values/undefined_prototype_equal_singular_values,0.0,,,,,,False,undefined_prototype_equal_singular_values/undefined_prototype_equal_singular_values
C2_orthogonal_equal_singular,47,M2_unsigned_prototype,undefined_prototype_equal_singular_values/undefined_prototype_equal_singular_values,0.0,,,,,,False,undefined_prototype_equal_singular_values/undefined_prototype_equal_singular_values
C2_orthogonal_equal_singular,47,M3_top1_projection,undefined_top_direction_equal_singular_values/undefined_top_direction_equal_singular_values,0.0,,,,,,False,undefined_top_direction_equal_singular_values/undefined_top_direction_equal_singular_values
C2_orthogonal_equal_singular,47,M3_fullspan_control,ok,0.0,0.5,0.5,0.0,0.0,0.0,False,degenerate_scores
C2_orthogonal_equal_singular,47,M4_matrix_response,ok,0.0,0.03979999999999995,0.03979999999999995,6.976641486744483e-17,6.976641486744483e-17,0.0,False,degenerate_scores
C2_orthogonal_equal_singular,48,M1_signed_prototype,undefined_prototype_equal_singular_values/undefined_prototype_equal_singular_values,0.0,,,,,,False,undefined_prototype_equal_singular_values/undefined_prototype_equal_singular_values
C2_orthogonal_equal_singular,48,M2_unsigned_prototype,undefined_prototype_equal_singular_values/undefined_prototype_equal_singular_values,0.0,,,,,,False,undefined_prototype_equal_singular_values/undefined_prototype_equal_singular_values
C2_orthogonal_equal_singular,48,M3_top1_projection,undefined_top_direction_equal_singular_values/undefined_top_direction_equal_singular_values,0.0,,,,,,False,undefined_top_direction_equal_singular_values/undefined_top_direction_equal_singular_values
C2_orthogonal_equal_singular,48,M3_fullspan_control,ok,0.0,0.5,0.5,0.0,0.0,0.0,False,degenerate_scores
C2_orthogonal_equal_singular,48,M4_matrix_response,ok,-2.220446049250313e-16,0.4656,0.32120000000000004,2.3617774402850955e-16,-1.0075273948473295e-16,-3.369304835132425e-16,False,degenerate_scores
C2_orthogonal_equal_singular,49,M1_signed_prototype,undefined_prototype_equal_singular_values/undefined_prototype_equal_singular_values,0.0,,,,,,False,undefined_prototype_equal_singular_values/undefined_prototype_equal_singular_values
C2_orthogonal_equal_singular,49,M2_unsigned_prototype,undefined_prototype_equal_singular_values/undefined_prototype_equal_singular_values,0.0,,,,,,False,undefined_prototype_equal_singular_values/undefined_prototype_equal_singular_values
C2_orthogonal_equal_singular,49,M3_top1_projection,undefined_top_direction_equal_singular_values/undefined_top_direction_equal_singular_values,0.0,,,,,,False,undefined_top_direction_equal_singular_values/undefined_top_direction_equal_singular_values
C2_orthogonal_equal_singular,49,M3_fullspan_control,ok,0.0,0.5,0.5,0.0,0.0,0.0,False,degenerate_scores
C2_orthogonal_equal_singular,49,M4_matrix_response,ok,1.1102230246251565e-16,0.4969,0.028200000000000003,1.176614361497741e-16,1.176614361497741e-16,0.0,False,degenerate_scores
C2_orthogonal_equal_singular,50,M1_signed_prototype,undefined_prototype_equal_singular_values/undefined_prototype_equal_singular_values,0.0,,,,,,False,undefined_prototype_equal_singular_values/undefined_prototype_equal_singular_values
C2_orthogonal_equal_singular,50,M2_unsigned_prototype,undefined_prototype_equal_singular_values/undefined_prototype_equal_singular_values,0.0,,,,,,False,undefined_prototype_equal_singular_values/undefined_prototype_equal_singular_values
C2_orthogonal_equal_singular,50,M3_top1_projection,undefined_top_direction_equal_singular_values/undefined_top_direction_equal_singular_values,0.0,,,,,,False,undefined_top_direction_equal_singular_values/undefined_top_direction_equal_singular_values
C2_orthogonal_equal_singular,50,M3_fullspan_control,ok,0.0,0.5,0.5,0.0,0.0,0.0,False,degenerate_scores
C2_orthogonal_equal_singular,50,M4_matrix_response,ok,2.220446049250313e-16,0.5,0.44220000000000004,2.823075107016848e-16,2.721378677961184e-16,-1.0169642905566448e-17,False,degenerate_scores
C2_orthogonal_equal_singular,51,M1_signed_prototype,undefined_prototype_equal_singular_values/undefined_prototype_equal_singular_values,0.0,,,,,,False,undefined_prototype_equal_singular_values/undefined_prototype_equal_singular_values
C2_orthogonal_equal_singular,51,M2_unsigned_prototype,undefined_prototype_equal_singular_values/undefined_prototype_equal_singular_values,0.0,,,,,,False,undefined_prototype_equal_singular_values/undefined_prototype_equal_singular_values
C2_orthogonal_equal_singular,51,M3_top1_projection,undefined_top_direction_equal_singular_values/undefined_top_direction_equal_singular_values,0.0,,,,,,False,undefined_top_direction_equal_singular_values/undefined_top_direction_equal_singular_values
C2_orthogonal_equal_singular,51,M3_fullspan_control,ok,0.0,0.5,0.5,0.0,0.0,0.0,False,degenerate_scores
C2_orthogonal_equal_singular,51,M4_matrix_response,ok,2.220446049250313e-16,0.496,0.15980000000000005,2.4462654124590697e-16,2.1114221482321226e-16,-3.3484326422694707e-17,False,degenerate_scores
C2_orthogonal_equal_singular,52,M1_signed_prototype,undefined_prototype_equal_singular_values/undefined_prototype_equal_singular_values,0.0,,,,,,False,undefined_prototype_equal_singular_values/undefined_prototype_equal_singular_values
C2_orthogonal_equal_singular,52,M2_unsigned_prototype,undefined_prototype_equal_singular_values/undefined_prototype_equal_singular_values,0.0,,,,,,False,undefined_prototype_equal_singular_values/undefined_prototype_equal_singular_values
C2_orthogonal_equal_singular,52,M3_top1_projection,undefined_top_direction_equal_singular_values/undefined_top_direction_equal_singular_values,0.0,,,,,,False,undefined_top_direction_equal_singular_values/undefined_top_direction_equal_singular_values
C2_orthogonal_equal_singular,52,M3_fullspan_control,ok,0.0,0.5,0.5,0.0,0.0,0.0,False,degenerate_scores
C2_orthogonal_equal_singular,52,M4_matrix_response,ok,0.0,0.08779999999999999,0.08779999999999999,6.424860643505781e-17,6.424860643505781e-17,0.0,False,degenerate_scores
C2_orthogonal_equal_singular,53,M1_signed_prototype,undefined_prototype_equal_singular_values/undefined_prototype_equal_singular_values,0.0,,,,,,False,undefined_prototype_equal_singular_values/undefined_prototype_equal_singular_values
C2_orthogonal_equal_singular,53,M2_unsigned_prototype,undefined_prototype_equal_singular_values/undefined_prototype_equal_singular_values,0.0,,,,,,False,undefined_prototype_equal_singular_values/undefined_prototype_equal_singular_values
C2_orthogonal_equal_singular,53,M3_top1_projection,undefined_top_direction_equal_singular_values/undefined_top_direction_equal_singular_values,0.0,,,,,,False,undefined_top_direction_equal_singular_values/undefined_top_direction_equal_singular_values
C2_orthogonal_equal_singular,53,M3_fullspan_control,ok,0.0,0.5,0.5,0.0,0.0,0.0,False,degenerate_scores
C2_orthogonal_equal_singular,53,M4_matrix_response,ok,-2.220446049250313e-16,0.09860000000000002,0.4606,1.3913314944602463e-16,-8.761880110341736e-17,-2.26751950549442e-16,False,degenerate_scores
C2_orthogonal_equal_singular,54,M1_signed_prototype,undefined_prototype_equal_singular_values/undefined_prototype_equal_singular_values,0.0,,,,,,False,undefined_prototype_equal_singular_values/undefined_prototype_equal_singular_values
C2_orthogonal_equal_singular,54,M2_unsigned_prototype,undefined_prototype_equal_singular_values/undefined_prototype_equal_singular_values,0.0,,,,,,False,undefined_prototype_equal_singular_values/undefined_prototype_equal_singular_values
C2_orthogonal_equal_singular,54,M3_top1_projection,undefined_top_direction_equal_singular_values/undefined_top_direction_equal_singular_values,0.0,,,,,,False,undefined_top_direction_equal_singular_values/undefined_top_direction_equal_singular_values
C2_orthogonal_equal_singular,54,M3_fullspan_control,ok,0.0,0.5,0.5,0.0,0.0,0.0,False,degenerate_scores
C2_orthogonal_equal_singular,54,M4_matrix_response,ok,0.0,0.07620000000000005,0.07620000000000005,6.534772722943672e-17,6.534772722943672e-17,0.0,False,degenerate_scores
C2_orthogonal_equal_singular,55,M1_signed_prototype,undefined_prototype_equal_singular_values/undefined_prototype_equal_singular_values,0.0,,,,,,False,undefined_prototype_equal_singular_values/undefined_prototype_equal_singular_values
C2_orthogonal_equal_singular,55,M2_unsigned_prototype,undefined_prototype_equal_singular_values/undefined_prototype_equal_singular_values,0.0,,,,,,False,undefined_prototype_equal_singular_values/undefined_prototype_equal_singular_values
C2_orthogonal_equal_singular,55,M3_top1_projection,undefined_top_direction_equal_singular_values/undefined_top_direction_equal_singular_values,0.0,,,,,,False,undefined_top_direction_equal_singular_values/undefined_top_direction_equal_singular_values
C2_orthogonal_equal_singular,55,M3_fullspan_control,ok,0.0,0.5,0.5,0.0,0.0,0.0,False,degenerate_scores
C2_orthogonal_equal_singular,55,M4_matrix_response,ok,1.1102230246251565e-16,0.5,0.07010000000000005,1.1380896225432479e-16,1.1380896225432479e-16,0.0,False,degenerate_scores
C2_orthogonal_equal_singular,56,M1_signed_prototype,undefined_prototype_equal_singular_values/undefined_prototype_equal_singular_values,0.0,,,,,,False,undefined_prototype_equal_singular_values/undefined_prototype_equal_singular_values
C2_orthogonal_equal_singular,56,M2_unsigned_prototype,undefined_prototype_equal_singular_values/undefined_prototype_equal_singular_values,0.0,,,,,,False,undefined_prototype_equal_singular_values/undefined_prototype_equal_singular_values
C2_orthogonal_equal_singular,56,M3_top1_projection,undefined_top_direction_equal_singular_values/undefined_top_direction_equal_singular_values,0.0,,,,,,False,undefined_top_direction_equal_singular_values/undefined_top_direction_equal_singular_values
C2_orthogonal_equal_singular,56,M3_fullspan_control,ok,0.0,0.5,0.5,0.0,0.0,0.0,False,degenerate_scores
C2_orthogonal_equal_singular,56,M4_matrix_response,ok,-2.220446049250313e-16,0.1714,0.2509,1.8711698857032388e-16,9.414691248821328e-18,-1.7770229732150256e-16,False,degenerate_scores
C2_orthogonal_equal_singular,57,M1_signed_prototype,undefined_prototype_equal_singular_values/undefined_prototype_equal_singular_values,0.0,,,,,,False,undefined_prototype_equal_singular_values/undefined_prototype_equal_singular_values
C2_orthogonal_equal_singular,57,M2_unsigned_prototype,undefined_prototype_equal_singular_values/undefined_prototype_equal_singular_values,0.0,,,,,,False,undefined_prototype_equal_singular_values/undefined_prototype_equal_singular_values
C2_orthogonal_equal_singular,57,M3_top1_projection,undefined_top_direction_equal_singular_values/undefined_top_direction_equal_singular_values,0.0,,,,,,False,undefined_top_direction_equal_singular_values/undefined_top_direction_equal_singular_values
C2_orthogonal_equal_singular,57,M3_fullspan_control,ok,0.0,0.5,0.5,0.0,0.0,0.0,False,degenerate_scores
C2_orthogonal_equal_singular,57,M4_matrix_response,ok,0.0,0.49960000000000004,0.49960000000000004,6.52589093874667e-17,6.52589093874667e-17,0.0,False,degenerate_scores
C2_orthogonal_equal_singular,58,M1_signed_prototype,undefined_prototype_equal_singular_values/undefined_prototype_equal_singular_values,0.0,,,,,,False,undefined_prototype_equal_singular_values/undefined_prototype_equal_singular_values
C2_orthogonal_equal_singular,58,M2_unsigned_prototype,undefined_prototype_equal_singular_values/undefined_prototype_equal_singular_values,0.0,,,,,,False,undefined_prototype_equal_singular_values/undefined_prototype_equal_singular_values
C2_orthogonal_equal_singular,58,M3_top1_projection,undefined_top_direction_equal_singular_values/undefined_top_direction_equal_singular_values,0.0,,,,,,False,undefined_top_direction_equal_singular_values/undefined_top_direction_equal_singular_values
C2_orthogonal_equal_singular,58,M3_fullspan_control,ok,0.0,0.5,0.5,0.0,0.0,0.0,False,degenerate_scores
C2_orthogonal_equal_singular,58,M4_matrix_response,ok,1.1102230246251565e-16,0.4999,0.28190000000000004,1.2788659020657177e-16,1.2788659020657177e-16,0.0,False,degenerate_scores
C2_orthogonal_equal_singular,59,M1_signed_prototype,undefined_prototype_equal_singular_values/undefined_prototype_equal_singular_values,0.0,,,,,,False,undefined_prototype_equal_singular_values/undefined_prototype_equal_singular_values
C2_orthogonal_equal_singular,59,M2_unsigned_prototype,undefined_prototype_equal_singular_values/undefined_prototype_equal_singular_values,0.0,,,,,,False,undefined_prototype_equal_singular_values/undefined_prototype_equal_singular_values
C2_orthogonal_equal_singular,59,M3_top1_projection,undefined_top_direction_equal_singular_values/undefined_top_direction_equal_singular_values,0.0,,,,,,False,undefined_top_direction_equal_singular_values/undefined_top_direction_equal_singular_values
C2_orthogonal_equal_singular,59,M3_fullspan_control,ok,0.0,0.5,0.5,0.0,0.0,0.0,False,degenerate_scores
C2_orthogonal_equal_singular,59,M4_matrix_response,ok,0.0,0.04690000000000005,0.04690000000000005,2.0983215165415458e-16,2.0983215165415458e-16,0.0,False,degenerate_scores
C2_orthogonal_equal_singular,60,M1_signed_prototype,undefined_prototype_equal_singular_values/undefined_prototype_equal_singular_values,0.0,,,,,,False,undefined_prototype_equal_singular_values/undefined_prototype_equal_singular_values
C2_orthogonal_equal_singular,60,M2_unsigned_prototype,undefined_prototype_equal_singular_values/undefined_prototype_equal_singular_values,0.0,,,,,,False,undefined_prototype_equal_singular_values/undefined_prototype_equal_singular_values
C2_orthogonal_equal_singular,60,M3_top1_projection,undefined_top_direction_equal_singular_values/undefined_top_direction_equal_singular_values,0.0,,,,,,False,undefined_top_direction_equal_singular_values/undefined_top_direction_equal_singular_values
C2_orthogonal_equal_singular,60,M3_fullspan_control,ok,0.0,0.5,0.5,0.0,0.0,0.0,False,degenerate_scores
C2_orthogonal_equal_singular,60,M4_matrix_response,ok,1.1102230246251565e-16,0.473,0.07769999999999999,1.2645440250480533e-16,1.2645440250480533e-16,0.0,False,degenerate_scores
C2_orthogonal_equal_singular,61,M1_signed_prototype,undefined_prototype_equal_singular_values/undefined_prototype_equal_singular_values,0.0,,,,,,False,undefined_prototype_equal_singular_values/undefined_prototype_equal_singular_values
C2_orthogonal_equal_singular,61,M2_unsigned_prototype,undefined_prototype_equal_singular_values/undefined_prototype_equal_singular_values,0.0,,,,,,False,undefined_prototype_equal_singular_values/undefined_prototype_equal_singular_values
C2_orthogonal_equal_singular,61,M3_top1_projection,undefined_top_direction_equal_singular_values/undefined_top_direction_equal_singular_values,0.0,,,,,,False,undefined_top_direction_equal_singular_values/undefined_top_direction_equal_singular_values
C2_orthogonal_equal_singular,61,M3_fullspan_control,ok,0.0,0.5,0.5,0.0,0.0,0.0,False,degenerate_scores
C2_orthogonal_equal_singular,61,M4_matrix_response,ok,1.1102230246251565e-16,0.47319999999999995,0.20140000000000002,1.3761214390228816e-16,1.3761214390228816e-16,0.0,False,degenerate_scores
C2_orthogonal_equal_singular,62,M1_signed_prototype,undefined_prototype_equal_singular_values/undefined_prototype_equal_singular_values,0.0,,,,,,False,undefined_prototype_equal_singular_values/undefined_prototype_equal_singular_values
C2_orthogonal_equal_singular,62,M2_unsigned_prototype,undefined_prototype_equal_singular_values/undefined_prototype_equal_singular_values,0.0,,,,,,False,undefined_prototype_equal_singular_values/undefined_prototype_equal_singular_values
C2_orthogonal_equal_singular,62,M3_top1_projection,undefined_top_direction_equal_singular_values/undefined_top_direction_equal_singular_values,0.0,,,,,,False,undefined_top_direction_equal_singular_values/undefined_top_direction_equal_singular_values
C2_orthogonal_equal_singular,62,M3_fullspan_control,ok,0.0,0.5,0.5,0.0,0.0,0.0,False,degenerate_scores
C2_orthogonal_equal_singular,62,M4_matrix_response,ok,-3.3306690738754696e-16,0.5,0.009600000000000053,3.640310275443426e-16,7.892575482060238e-17,-2.851052727237402e-16,False,degenerate_scores
C2_orthogonal_equal_singular,63,M1_signed_prototype,undefined_prototype_equal_singular_values/undefined_prototype_equal_singular_values,0.0,,,,,,False,undefined_prototype_equal_singular_values/undefined_prototype_equal_singular_values
C2_orthogonal_equal_singular,63,M2_unsigned_prototype,undefined_prototype_equal_singular_values/undefined_prototype_equal_singular_values,0.0,,,,,,False,undefined_prototype_equal_singular_values/undefined_prototype_equal_singular_values
C2_orthogonal_equal_singular,63,M3_top1_projection,undefined_top_direction_equal_singular_values/undefined_top_direction_equal_singular_values,0.0,,,,,,False,undefined_top_direction_equal_singular_values/undefined_top_direction_equal_singular_values
C2_orthogonal_equal_singular,63,M3_fullspan_control,ok,0.0,0.5,0.5,0.0,0.0,0.0,False,degenerate_scores
C2_orthogonal_equal_singular,63,M4_matrix_response,ok,2.220446049250313e-16,0.5,0.3651,2.26973995154367e-16,2.0436985437299882e-16,-2.2604140781368188e-17,False,degenerate_scores
C2_orthogonal_equal_singular,64,M1_signed_prototype,undefined_prototype_equal_singular_values/undefined_prototype_equal_singular_values,0.0,,,,,,False,undefined_prototype_equal_singular_values/undefined_prototype_equal_singular_values
C2_orthogonal_equal_singular,64,M2_unsigned_prototype,undefined_prototype_equal_singular_values/undefined_prototype_equal_singular_values,0.0,,,,,,False,undefined_prototype_equal_singular_values/undefined_prototype_equal_singular_values
C2_orthogonal_equal_singular,64,M3_top1_projection,undefined_top_direction_equal_singular_values/undefined_top_direction_equal_singular_values,0.0,,,,,,False,undefined_top_direction_equal_singular_values/undefined_top_direction_equal_singular_values
C2_orthogonal_equal_singular,64,M3_fullspan_control,ok,0.0,0.5,0.5,0.0,0.0,0.0,False,degenerate_scores
C2_orthogonal_equal_singular,64,M4_matrix_response,ok,0.0,0.4336,0.4336,2.1727064591914315e-17,2.1727064591914315e-17,0.0,False,degenerate_scores
C2_orthogonal_equal_singular,65,M1_signed_prototype,undefined_prototype_equal_singular_values/undefined_prototype_equal_singular_values,0.0,,,,,,False,undefined_prototype_equal_singular_values/undefined_prototype_equal_singular_values
C2_orthogonal_equal_singular,65,M2_unsigned_prototype,undefined_prototype_equal_singular_values/undefined_prototype_equal_singular_values,0.0,,,,,,False,undefined_prototype_equal_singular_values/undefined_prototype_equal_singular_values
C2_orthogonal_equal_singular,65,M3_top1_projection,undefined_top_direction_equal_singular_values/undefined_top_direction_equal_singular_values,0.0,,,,,,False,undefined_top_direction_equal_singular_values/undefined_top_direction_equal_singular_values
C2_orthogonal_equal_singular,65,M3_fullspan_control,ok,0.0,0.5,0.5,0.0,0.0,0.0,False,degenerate_scores
C2_orthogonal_equal_singular,65,M4_matrix_response,ok,1.1102230246251565e-16,0.5,0.0645,1.1718404024918528e-16,1.1718404024918528e-16,0.0,False,degenerate_scores
C2_orthogonal_equal_singular,66,M1_signed_prototype,undefined_prototype_equal_singular_values/undefined_prototype_equal_singular_values,0.0,,,,,,False,undefined_prototype_equal_singular_values/undefined_prototype_equal_singular_values
C2_orthogonal_equal_singular,66,M2_unsigned_prototype,undefined_prototype_equal_singular_values/undefined_prototype_equal_singular_values,0.0,,,,,,False,undefined_prototype_equal_singular_values/undefined_prototype_equal_singular_values
C2_orthogonal_equal_singular,66,M3_top1_projection,undefined_top_direction_equal_singular_values/undefined_top_direction_equal_singular_values,0.0,,,,,,False,undefined_top_direction_equal_singular_values/undefined_top_direction_equal_singular_values
C2_orthogonal_equal_singular,66,M3_fullspan_control,ok,0.0,0.5,0.5,0.0,0.0,0.0,False,degenerate_scores
C2_orthogonal_equal_singular,66,M4_matrix_response,ok,0.0,0.09219999999999995,0.09219999999999995,6.517009154549669e-17,6.517009154549669e-17,0.0,False,degenerate_scores
C2_orthogonal_equal_singular,67,M1_signed_prototype,undefined_prototype_equal_singular_values/undefined_prototype_equal_singular_values,0.0,,,,,,False,undefined_prototype_equal_singular_values/undefined_prototype_equal_singular_values
C2_orthogonal_equal_singular,67,M2_unsigned_prototype,undefined_prototype_equal_singular_values/undefined_prototype_equal_singular_values,0.0,,,,,,False,undefined_prototype_equal_singular_values/undefined_prototype_equal_singular_values
C2_orthogonal_equal_singular,67,M3_top1_projection,undefined_top_direction_equal_singular_values/undefined_top_direction_equal_singular_values,0.0,,,,,,False,undefined_top_direction_equal_singular_values/undefined_top_direction_equal_singular_values
C2_orthogonal_equal_singular,67,M3_fullspan_control,ok,0.0,0.5,0.5,0.0,0.0,0.0,False,degenerate_scores
C2_orthogonal_equal_singular,67,M4_matrix_response,ok,1.1102230246251565e-16,0.49970000000000003,0.18789999999999996,9.919842725025773e-17,9.919842725025773e-17,0.0,False,degenerate_scores
C2_orthogonal_equal_singular,68,M1_signed_prototype,undefined_prototype_equal_singular_values/undefined_prototype_equal_singular_values,0.0,,,,,,False,undefined_prototype_equal_singular_values/undefined_prototype_equal_singular_values
C2_orthogonal_equal_singular,68,M2_unsigned_prototype,undefined_prototype_equal_singular_values/undefined_prototype_equal_singular_values,0.0,,,,,,False,undefined_prototype_equal_singular_values/undefined_prototype_equal_singular_values
C2_orthogonal_equal_singular,68,M3_top1_projection,undefined_top_direction_equal_singular_values/undefined_top_direction_equal_singular_values,0.0,,,,,,False,undefined_top_direction_equal_singular_values/undefined_top_direction_equal_singular_values
C2_orthogonal_equal_singular,68,M3_fullspan_control,ok,0.0,0.5,0.5,0.0,0.0,0.0,False,degenerate_scores
C2_orthogonal_equal_singular,68,M4_matrix_response,ok,0.0,0.48960000000000004,0.48960000000000004,6.76680933509033e-17,6.76680933509033e-17,0.0,False,degenerate_scores
C2_orthogonal_equal_singular,69,M1_signed_prototype,undefined_prototype_equal_singular_values/undefined_prototype_equal_singular_values,0.0,,,,,,False,undefined_prototype_equal_singular_values/undefined_prototype_equal_singular_values
C2_orthogonal_equal_singular,69,M2_unsigned_prototype,undefined_prototype_equal_singular_values/undefined_prototype_equal_singular_values,0.0,,,,,,False,undefined_prototype_equal_singular_values/undefined_prototype_equal_singular_values
C2_orthogonal_equal_singular,69,M3_top1_projection,undefined_top_direction_equal_singular_values/undefined_top_direction_equal_singular_values,0.0,,,,,,False,undefined_top_direction_equal_singular_values/undefined_top_direction_equal_singular_values
C2_orthogonal_equal_singular,69,M3_fullspan_control,ok,0.0,0.5,0.5,0.0,0.0,0.0,False,degenerate_scores
C2_orthogonal_equal_singular,69,M4_matrix_response,ok,0.0,0.4806,0.4806,5.599964936209289e-17,5.599964936209289e-17,0.0,False,degenerate_scores
C2_orthogonal_equal_singular,70,M1_signed_prototype,undefined_prototype_equal_singular_values/undefined_prototype_equal_singular_values,0.0,,,,,,False,undefined_prototype_equal_singular_values/undefined_prototype_equal_singular_values
C2_orthogonal_equal_singular,70,M2_unsigned_prototype,undefined_prototype_equal_singular_values/undefined_prototype_equal_singular_values,0.0,,,,,,False,undefined_prototype_equal_singular_values/undefined_prototype_equal_singular_values
C2_orthogonal_equal_singular,70,M3_top1_projection,undefined_top_direction_equal_singular_values/undefined_top_direction_equal_singular_values,0.0,,,,,,False,undefined_top_direction_equal_singular_values/undefined_top_direction_equal_singular_values
C2_orthogonal_equal_singular,70,M3_fullspan_control,ok,0.0,0.5,0.5,0.0,0.0,0.0,False,degenerate_scores
C2_orthogonal_equal_singular,70,M4_matrix_response,ok,-2.220446049250313e-16,0.4194,0.16459999999999997,2.444155988712282e-16,1.701971896750365e-17,-2.273958799037245e-16,False,degenerate_scores
C2_orthogonal_equal_singular,71,M1_signed_prototype,undefined_prototype_equal_singular_values/undefined_prototype_equal_singular_values,0.0,,,,,,False,undefined_prototype_equal_singular_values/undefined_prototype_equal_singular_values
C2_orthogonal_equal_singular,71,M2_unsigned_prototype,undefined_prototype_equal_singular_values/undefined_prototype_equal_singular_values,0.0,,,,,,False,undefined_prototype_equal_singular_values/undefined_prototype_equal_singular_values
C2_orthogonal_equal_singular,71,M3_top1_projection,undefined_top_direction_equal_singular_values/undefined_top_direction_equal_singular_values,0.0,,,,,,False,undefined_top_direction_equal_singular_values/undefined_top_direction_equal_singular_values
C2_orthogonal_equal_singular,71,M3_fullspan_control,ok,0.0,0.5,0.5,0.0,0.0,0.0,False,degenerate_scores
C2_orthogonal_equal_singular,71,M4_matrix_response,ok,0.0,0.19620000000000004,0.19620000000000004,1.505573443694175e-16,1.505573443694175e-16,0.0,False,degenerate_scores
C2_orthogonal_equal_singular,72,M1_signed_prototype,undefined_prototype_equal_singular_values/undefined_prototype_equal_singular_values,0.0,,,,,,False,undefined_prototype_equal_singular_values/undefined_prototype_equal_singular_values
C2_orthogonal_equal_singular,72,M2_unsigned_prototype,undefined_prototype_equal_singular_values/undefined_prototype_equal_singular_values,0.0,,,,,,False,undefined_prototype_equal_singular_values/undefined_prototype_equal_singular_values
C2_orthogonal_equal_singular,72,M3_top1_projection,undefined_top_direction_equal_singular_values/undefined_top_direction_equal_singular_values,0.0,,,,,,False,undefined_top_direction_equal_singular_values/undefined_top_direction_equal_singular_values
C2_orthogonal_equal_singular,72,M3_fullspan_control,ok,0.0,0.5,0.5,0.0,0.0,0.0,False,degenerate_scores
C2_orthogonal_equal_singular,72,M4_matrix_response,ok,0.0,0.4881,0.4881,6.720179968056072e-17,6.720179968056072e-17,0.0,False,degenerate_scores
C2_orthogonal_equal_singular,73,M1_signed_prototype,undefined_prototype_equal_singular_values/undefined_prototype_equal_singular_values,0.0,,,,,,False,undefined_prototype_equal_singular_values/undefined_prototype_equal_singular_values
C2_orthogonal_equal_singular,73,M2_unsigned_prototype,undefined_prototype_equal_singular_values/undefined_prototype_equal_singular_values,0.0,,,,,,False,undefined_prototype_equal_singular_values/undefined_prototype_equal_singular_values
C2_orthogonal_equal_singular,73,M3_top1_projection,undefined_top_direction_equal_singular_values/undefined_top_direction_equal_singular_values,0.0,,,,,,False,undefined_top_direction_equal_singular_values/undefined_top_direction_equal_singular_values
C2_orthogonal_equal_singular,73,M3_fullspan_control,ok,0.0,0.5,0.5,0.0,0.0,0.0,False,degenerate_scores
C2_orthogonal_equal_singular,73,M4_matrix_response,ok,-2.220446049250313e-16,0.3774,0.2501,2.381206343216036e-16,-2.6423307986078724e-17,-2.645439423076823e-16,False,degenerate_scores
C2_orthogonal_equal_singular,74,M1_signed_prototype,undefined_prototype_equal_singular_values/undefined_prototype_equal_singular_values,0.0,,,,,,False,undefined_prototype_equal_singular_values/undefined_prototype_equal_singular_values
C2_orthogonal_equal_singular,74,M2_unsigned_prototype,undefined_prototype_equal_singular_values/undefined_prototype_equal_singular_values,0.0,,,,,,False,undefined_prototype_equal_singular_values/undefined_prototype_equal_singular_values
C2_orthogonal_equal_singular,74,M3_top1_projection,undefined_top_direction_equal_singular_values/undefined_top_direction_equal_singular_values,0.0,,,,,,False,undefined_top_direction_equal_singular_values/undefined_top_direction_equal_singular_values
C2_orthogonal_equal_singular,74,M3_fullspan_control,ok,0.0,0.5,0.5,0.0,0.0,0.0,False,degenerate_scores
C2_orthogonal_equal_singular,74,M4_matrix_response,ok,-1.1102230246251565e-16,0.2767,0.13219999999999998,1.2743139876647546e-16,3.663735981263017e-17,-9.079403895384529e-17,False,degenerate_scores
C2_orthogonal_equal_singular,75,M1_signed_prototype,undefined_prototype_equal_singular_values/undefined_prototype_equal_singular_values,0.0,,,,,,False,undefined_prototype_equal_singular_values/undefined_prototype_equal_singular_values
C2_orthogonal_equal_singular,75,M2_unsigned_prototype,undefined_prototype_equal_singular_values/undefined_prototype_equal_singular_values,0.0,,,,,,False,undefined_prototype_equal_singular_values/undefined_prototype_equal_singular_values
C2_orthogonal_equal_singular,75,M3_top1_projection,undefined_top_direction_equal_singular_values/undefined_top_direction_equal_singular_values,0.0,,,,,,False,undefined_top_direction_equal_singular_values/undefined_top_direction_equal_singular_values
C2_orthogonal_equal_singular,75,M3_fullspan_control,ok,0.0,0.5,0.5,0.0,0.0,0.0,False,degenerate_scores
C2_orthogonal_equal_singular,75,M4_matrix_response,ok,0.0,0.07620000000000005,0.07620000000000005,6.5536465143623e-17,6.5536465143623e-17,0.0,False,degenerate_scores
C2_orthogonal_equal_singular,76,M1_signed_prototype,undefined_prototype_equal_singular_values/undefined_prototype_equal_singular_values,0.0,,,,,,False,undefined_prototype_equal_singular_values/undefined_prototype_equal_singular_values
C2_orthogonal_equal_singular,76,M2_unsigned_prototype,undefined_prototype_equal_singular_values/undefined_prototype_equal_singular_values,0.0,,,,,,False,undefined_prototype_equal_singular_values/undefined_prototype_equal_singular_values
C2_orthogonal_equal_singular,76,M3_top1_projection,undefined_top_direction_equal_singular_values/undefined_top_direction_equal_singular_values,0.0,,,,,,False,undefined_top_direction_equal_singular_values/undefined_top_direction_equal_singular_values
C2_orthogonal_equal_singular,76,M3_fullspan_control,ok,0.0,0.5,0.5,0.0,0.0,0.0,False,degenerate_scores
C2_orthogonal_equal_singular,76,M4_matrix_response,ok,0.0,0.40990000000000004,0.40990000000000004,2.8521629502620273e-17,2.8521629502620273e-17,0.0,False,degenerate_scores
C2_orthogonal_equal_singular,77,M1_signed_prototype,undefined_prototype_equal_singular_values/undefined_prototype_equal_singular_values,0.0,,,,,,False,undefined_prototype_equal_singular_values/undefined_prototype_equal_singular_values
C2_orthogonal_equal_singular,77,M2_unsigned_prototype,undefined_prototype_equal_singular_values/undefined_prototype_equal_singular_values,0.0,,,,,,False,undefined_prototype_equal_singular_values/undefined_prototype_equal_singular_values
C2_orthogonal_equal_singular,77,M3_top1_projection,undefined_top_direction_equal_singular_values/undefined_top_direction_equal_singular_values,0.0,,,,,,False,undefined_top_direction_equal_singular_values/undefined_top_direction_equal_singular_values
C2_orthogonal_equal_singular,77,M3_fullspan_control,ok,0.0,0.5,0.5,0.0,0.0,0.0,False,degenerate_scores
C2_orthogonal_equal_singular,77,M4_matrix_response,ok,0.0,0.1805,0.1805,9.00834962180852e-17,9.00834962180852e-17,0.0,False,degenerate_scores
C2_orthogonal_equal_singular,78,M1_signed_prototype,undefined_prototype_equal_singular_values/undefined_prototype_equal_singular_values,0.0,,,,,,False,undefined_prototype_equal_singular_values/undefined_prototype_equal_singular_values
C2_orthogonal_equal_singular,78,M2_unsigned_prototype,undefined_prototype_equal_singular_values/undefined_prototype_equal_singular_values,0.0,,,,,,False,undefined_prototype_equal_singular_values/undefined_prototype_equal_singular_values
C2_orthogonal_equal_singular,78,M3_top1_projection,undefined_top_direction_equal_singular_values/undefined_top_direction_equal_singular_values,0.0,,,,,,False,undefined_top_direction_equal_singular_values/undefined_top_direction_equal_singular_values
C2_orthogonal_equal_singular,78,M3_fullspan_control,ok,0.0,0.5,0.5,0.0,0.0,0.0,False,degenerate_scores
C2_orthogonal_equal_singular,78,M4_matrix_response,ok,2.220446049250313e-16,0.5,0.2732,2.4472646131812325e-16,2.1030954755474341e-16,-3.4416913763379834e-17,False,degenerate_scores
C2_orthogonal_equal_singular,79,M1_signed_prototype,undefined_prototype_equal_singular_values/undefined_prototype_equal_singular_values,0.0,,,,,,False,undefined_prototype_equal_singular_values/undefined_prototype_equal_singular_values
C2_orthogonal_equal_singular,79,M2_unsigned_prototype,undefined_prototype_equal_singular_values/undefined_prototype_equal_singular_values,0.0,,,,,,False,undefined_prototype_equal_singular_values/undefined_prototype_equal_singular_values
C2_orthogonal_equal_singular,79,M3_top1_projection,undefined_top_direction_equal_singular_values/undefined_top_direction_equal_singular_values,0.0,,,,,,False,undefined_top_direction_equal_singular_values/undefined_top_direction_equal_singular_values
C2_orthogonal_equal_singular,79,M3_fullspan_control,ok,0.0,0.5,0.5,0.0,0.0,0.0,False,degenerate_scores
C2_orthogonal_equal_singular,79,M4_matrix_response,ok,0.0,0.49629999999999996,0.49629999999999996,1.2989609388114332e-18,1.2989609388114332e-18,0.0,False,degenerate_scores
C2_orthogonal_equal_singular,80,M1_signed_prototype,undefined_prototype_equal_singular_values/undefined_prototype_equal_singular_values,0.0,,,,,,False,undefined_prototype_equal_singular_values/undefined_prototype_equal_singular_values
C2_orthogonal_equal_singular,80,M2_unsigned_prototype,undefined_prototype_equal_singular_values/undefined_prototype_equal_singular_values,0.0,,,,,,False,undefined_prototype_equal_singular_values/undefined_prototype_equal_singular_values
C2_orthogonal_equal_singular,80,M3_top1_projection,undefined_top_direction_equal_singular_values/undefined_top_direction_equal_singular_values,0.0,,,,,,False,undefined_top_direction_equal_singular_values/undefined_top_direction_equal_singular_values
C2_orthogonal_equal_singular,80,M3_fullspan_control,ok,0.0,0.5,0.5,0.0,0.0,0.0,False,degenerate_scores
C2_orthogonal_equal_singular,80,M4_matrix_response,ok,-2.220446049250313e-16,0.17309999999999998,0.2509,1.875277710894352e-16,9.137135492665038e-18,-1.7839063559677015e-16,False,degenerate_scores
C2_orthogonal_equal_singular,81,M1_signed_prototype,undefined_prototype_equal_singular_values/undefined_prototype_equal_singular_values,0.0,,,,,,False,undefined_prototype_equal_singular_values/undefined_prototype_equal_singular_values
C2_orthogonal_equal_singular,81,M2_unsigned_prototype,undefined_prototype_equal_singular_values/undefined_prototype_equal_singular_values,0.0,,,,,,False,undefined_prototype_equal_singular_values/undefined_prototype_equal_singular_values
C2_orthogonal_equal_singular,81,M3_top1_projection,undefined_top_direction_equal_singular_values/undefined_top_direction_equal_singular_values,0.0,,,,,,False,undefined_top_direction_equal_singular_values/undefined_top_direction_equal_singular_values
C2_orthogonal_equal_singular,81,M3_fullspan_control,ok,0.0,0.5,0.5,0.0,0.0,0.0,False,degenerate_scores
C2_orthogonal_equal_singular,81,M4_matrix_response,ok,1.1102230246251565e-16,0.48650000000000004,0.07010000000000005,1.2142509220325336e-16,1.2142509220325336e-16,0.0,False,degenerate_scores
C2_orthogonal_equal_singular,82,M1_signed_prototype,undefined_prototype_equal_singular_values/undefined_prototype_equal_singular_values,0.0,,,,,,False,undefined_prototype_equal_singular_values/undefined_prototype_equal_singular_values
C2_orthogonal_equal_singular,82,M2_unsigned_prototype,undefined_prototype_equal_singular_values/undefined_prototype_equal_singular_values,0.0,,,,,,False,undefined_prototype_equal_singular_values/undefined_prototype_equal_singular_values
C2_orthogonal_equal_singular,82,M3_top1_projection,undefined_top_direction_equal_singular_values/undefined_top_direction_equal_singular_values,0.0,,,,,,False,undefined_top_direction_equal_singular_values/undefined_top_direction_equal_singular_values
C2_orthogonal_equal_singular,82,M3_fullspan_control,ok,0.0,0.5,0.5,0.0,0.0,0.0,False,degenerate_scores
C2_orthogonal_equal_singular,82,M4_matrix_response,ok,2.220446049250313e-16,0.5,0.40069999999999995,2.3699930906673217e-16,2.237210416922153e-16,-1.3278267374516889e-17,False,degenerate_scores
C2_orthogonal_equal_singular,83,M1_signed_prototype,undefined_prototype_equal_singular_values/undefined_prototype_equal_singular_values,0.0,,,,,,False,undefined_prototype_equal_singular_values/undefined_prototype_equal_singular_values
C2_orthogonal_equal_singular,83,M2_unsigned_prototype,undefined_prototype_equal_singular_values/undefined_prototype_equal_singular_values,0.0,,,,,,False,undefined_prototype_equal_singular_values/undefined_prototype_equal_singular_values
C2_orthogonal_equal_singular,83,M3_top1_projection,undefined_top_direction_equal_singular_values/undefined_top_direction_equal_singular_values,0.0,,,,,,False,undefined_top_direction_equal_singular_values/undefined_top_direction_equal_singular_values
C2_orthogonal_equal_singular,83,M3_fullspan_control,ok,0.0,0.5,0.5,0.0,0.0,0.0,False,degenerate_scores
C2_orthogonal_equal_singular,83,M4_matrix_response,ok,0.0,0.4998,0.4998,1.1102230246251566e-19,1.1102230246251566e-19,0.0,False,degenerate_scores
C2_orthogonal_equal_singular,84,M1_signed_prototype,undefined_prototype_equal_singular_values/undefined_prototype_equal_singular_values,0.0,,,,,,False,undefined_prototype_equal_singular_values/undefined_prototype_equal_singular_values
C2_orthogonal_equal_singular,84,M2_unsigned_prototype,undefined_prototype_equal_singular_values/undefined_prototype_equal_singular_values,0.0,,,,,,False,undefined_prototype_equal_singular_values/undefined_prototype_equal_singular_values
C2_orthogonal_equal_singular,84,M3_top1_projection,undefined_top_direction_equal_singular_values/undefined_top_direction_equal_singular_values,0.0,,,,,,False,undefined_top_direction_equal_singular_values/undefined_top_direction_equal_singular_values
C2_orthogonal_equal_singular,84,M3_fullspan_control,ok,0.0,0.5,0.5,0.0,0.0,0.0,False,degenerate_scores
C2_orthogonal_equal_singular,84,M4_matrix_response,ok,2.220446049250313e-16,0.5,0.4685,3.010036664363724e-16,2.9536373347127666e-16,-5.639932965095766e-18,False,degenerate_scores
C2_orthogonal_equal_singular,85,M1_signed_prototype,undefined_prototype_equal_singular_values/undefined_prototype_equal_singular_values,0.0,,,,,,False,undefined_prototype_equal_singular_values/undefined_prototype_equal_singular_values
C2_orthogonal_equal_singular,85,M2_unsigned_prototype,undefined_prototype_equal_singular_values/undefined_prototype_equal_singular_values,0.0,,,,,,False,undefined_prototype_equal_singular_values/undefined_prototype_equal_singular_values
C2_orthogonal_equal_singular,85,M3_top1_projection,undefined_top_direction_equal_singular_values/undefined_top_direction_equal_singular_values,0.0,,,,,,False,undefined_top_direction_equal_singular_values/undefined_top_direction_equal_singular_values
C2_orthogonal_equal_singular,85,M3_fullspan_control,ok,0.0,0.5,0.5,0.0,0.0,0.0,False,degenerate_scores
C2_orthogonal_equal_singular,85,M4_matrix_response,ok,1.1102230246251565e-16,0.4999,0.2802,1.2734258092450546e-16,1.2734258092450546e-16,0.0,False,degenerate_scores
C2_orthogonal_equal_singular,86,M1_signed_prototype,undefined_prototype_equal_singular_values/undefined_prototype_equal_singular_values,0.0,,,,,,False,undefined_prototype_equal_singular_values/undefined_prototype_equal_singular_values
C2_orthogonal_equal_singular,86,M2_unsigned_prototype,undefined_prototype_equal_singular_values/undefined_prototype_equal_singular_values,0.0,,,,,,False,undefined_prototype_equal_singular_values/undefined_prototype_equal_singular_values
C2_orthogonal_equal_singular,86,M3_top1_projection,undefined_top_direction_equal_singular_values/undefined_top_direction_equal_singular_values,0.0,,,,,,False,undefined_top_direction_equal_singular_values/undefined_top_direction_equal_singular_values
C2_orthogonal_equal_singular,86,M3_fullspan_control,ok,0.0,0.5,0.5,0.0,0.0,0.0,False,degenerate_scores
C2_orthogonal_equal_singular,86,M4_matrix_response,ok,-2.220446049250313e-16,0.1658,0.23270000000000002,1.8611778784816123e-16,3.417266469796232e-17,-1.519451231501989e-16,False,degenerate_scores
C2_orthogonal_equal_singular,87,M1_signed_prototype,undefined_prototype_equal_singular_values/undefined_prototype_equal_singular_values,0.0,,,,,,False,undefined_prototype_equal_singular_values/undefined_prototype_equal_singular_values
C2_orthogonal_equal_singular,87,M2_unsigned_prototype,undefined_prototype_equal_singular_values/undefined_prototype_equal_singular_values,0.0,,,,,,False,undefined_prototype_equal_singular_values/undefined_prototype_equal_singular_values
C2_orthogonal_equal_singular,87,M3_top1_projection,undefined_top_direction_equal_singular_values/undefined_top_direction_equal_singular_values,0.0,,,,,,False,undefined_top_direction_equal_singular_values/undefined_top_direction_equal_singular_values
C2_orthogonal_equal_singular,87,M3_fullspan_control,ok,0.0,0.5,0.5,0.0,0.0,0.0,False,degenerate_scores
C2_orthogonal_equal_singular,87,M4_matrix_response,ok,-3.3306690738754696e-16,0.4683,0.022499999999999964,3.434585948980384e-16,1.0305090114570703e-16,-2.404076937523314e-16,False,degenerate_scores
C2_orthogonal_equal_singular,88,M1_signed_prototype,undefined_prototype_equal_singular_values/undefined_prototype_equal_singular_values,0.0,,,,,,False,undefined_prototype_equal_singular_values/undefined_prototype_equal_singular_values
C2_orthogonal_equal_singular,88,M2_unsigned_prototype,undefined_prototype_equal_singular_values/undefined_prototype_equal_singular_values,0.0,,,,,,False,undefined_prototype_equal_singular_values/undefined_prototype_equal_singular_values
C2_orthogonal_equal_singular,88,M3_top1_projection,undefined_top_direction_equal_singular_values/undefined_top_direction_equal_singular_values,0.0,,,,,,False,undefined_top_direction_equal_singular_values/undefined_top_direction_equal_singular_values
C2_orthogonal_equal_singular,88,M3_fullspan_control,ok,0.0,0.5,0.5,0.0,0.0,0.0,False,degenerate_scores
C2_orthogonal_equal_singular,88,M4_matrix_response,ok,-2.220446049250313e-16,0.4656,0.32099999999999995,2.362554596402333e-16,-1.006972283335017e-16,-3.3695268797373503e-16,False,degenerate_scores
C2_orthogonal_equal_singular,89,M1_signed_prototype,undefined_prototype_equal_singular_values/undefined_prototype_equal_singular_values,0.0,,,,,,False,undefined_prototype_equal_singular_values/undefined_prototype_equal_singular_values
C2_orthogonal_equal_singular,89,M2_unsigned_prototype,undefined_prototype_equal_singular_values/undefined_prototype_equal_singular_values,0.0,,,,,,False,undefined_prototype_equal_singular_values/undefined_prototype_equal_singular_values
C2_orthogonal_equal_singular,89,M3_top1_projection,undefined_top_direction_equal_singular_values/undefined_top_direction_equal_singular_values,0.0,,,,,,False,undefined_top_direction_equal_singular_values/undefined_top_direction_equal_singular_values
C2_orthogonal_equal_singular,89,M3_fullspan_control,ok,0.0,0.5,0.5,0.0,0.0,0.0,False,degenerate_scores
C2_orthogonal_equal_singular,89,M4_matrix_response,ok,0.0,0.48219999999999996,0.48219999999999996,4.263256414560601e-18,4.263256414560601e-18,0.0,False,degenerate_scores
C2_orthogonal_equal_singular,90,M1_signed_prototype,undefined_prototype_equal_singular_values/undefined_prototype_equal_singular_values,0.0,,,,,,False,undefined_prototype_equal_singular_values/undefined_prototype_equal_singular_values
C2_orthogonal_equal_singular,90,M2_unsigned_prototype,undefined_prototype_equal_singular_values/undefined_prototype_equal_singular_values,0.0,,,,,,False,undefined_prototype_equal_singular_values/undefined_prototype_equal_singular_values
C2_orthogonal_equal_singular,90,M3_top1_projection,undefined_top_direction_equal_singular_values/undefined_top_direction_equal_singular_values,0.0,,,,,,False,undefined_top_direction_equal_singular_values/undefined_top_direction_equal_singular_values
C2_orthogonal_equal_singular,90,M3_fullspan_control,ok,0.0,0.5,0.5,0.0,0.0,0.0,False,degenerate_scores
C2_orthogonal_equal_singular,90,M4_matrix_response,ok,2.220446049250313e-16,0.49939999999999996,0.0494,1.7625900738948984e-16,1.4517276269998548e-16,-3.108624468950436e-17,False,degenerate_scores
C2_orthogonal_equal_singular,91,M1_signed_prototype,undefined_prototype_equal_singular_values/undefined_prototype_equal_singular_values,0.0,,,,,,False,undefined_prototype_equal_singular_values/undefined_prototype_equal_singular_values
C2_orthogonal_equal_singular,91,M2_unsigned_prototype,undefined_prototype_equal_singular_values/undefined_prototype_equal_singular_values,0.0,,,,,,False,undefined_prototype_equal_singular_values/undefined_prototype_equal_singular_values
C2_orthogonal_equal_singular,91,M3_top1_projection,undefined_top_direction_equal_singular_values/undefined_top_direction_equal_singular_values,0.0,,,,,,False,undefined_top_direction_equal_singular_values/undefined_top_direction_equal_singular_values
C2_orthogonal_equal_singular,91,M3_fullspan_control,ok,0.0,0.5,0.5,0.0,0.0,0.0,False,degenerate_scores
C2_orthogonal_equal_singular,91,M4_matrix_response,ok,0.0,0.08630000000000004,0.08630000000000004,6.601386104421181e-17,6.601386104421181e-17,0.0,False,degenerate_scores
C2_orthogonal_equal_singular,92,M1_signed_prototype,undefined_prototype_equal_singular_values/undefined_prototype_equal_singular_values,0.0,,,,,,False,undefined_prototype_equal_singular_values/undefined_prototype_equal_singular_values
C2_orthogonal_equal_singular,92,M2_unsigned_prototype,undefined_prototype_equal_singular_values/undefined_prototype_equal_singular_values,0.0,,,,,,False,undefined_prototype_equal_singular_values/undefined_prototype_equal_singular_values
C2_orthogonal_equal_singular,92,M3_top1_projection,undefined_top_direction_equal_singular_values/undefined_top_direction_equal_singular_values,0.0,,,,,,False,undefined_top_direction_equal_singular_values/undefined_top_direction_equal_singular_values
C2_orthogonal_equal_singular,92,M3_fullspan_control,ok,0.0,0.5,0.5,0.0,0.0,0.0,False,degenerate_scores
C2_orthogonal_equal_singular,92,M4_matrix_response,ok,0.0,0.4939,0.4939,1.8984813721090178e-18,1.8984813721090178e-18,0.0,False,degenerate_scores
C2_orthogonal_equal_singular,93,M1_signed_prototype,undefined_prototype_equal_singular_values/undefined_prototype_equal_singular_values,0.0,,,,,,False,undefined_prototype_equal_singular_values/undefined_prototype_equal_singular_values
C2_orthogonal_equal_singular,93,M2_unsigned_prototype,undefined_prototype_equal_singular_values/undefined_prototype_equal_singular_values,0.0,,,,,,False,undefined_prototype_equal_singular_values/undefined_prototype_equal_singular_values
C2_orthogonal_equal_singular,93,M3_top1_projection,undefined_top_direction_equal_singular_values/undefined_top_direction_equal_singular_values,0.0,,,,,,False,undefined_top_direction_equal_singular_values/undefined_top_direction_equal_singular_values
C2_orthogonal_equal_singular,93,M3_fullspan_control,ok,0.0,0.5,0.5,0.0,0.0,0.0,False,degenerate_scores
C2_orthogonal_equal_singular,93,M4_matrix_response,ok,0.0,0.08509999999999995,0.08509999999999995,6.443734434924409e-17,6.443734434924409e-17,0.0,False,degenerate_scores
C2_orthogonal_equal_singular,94,M1_signed_prototype,undefined_prototype_equal_singular_values/undefined_prototype_equal_singular_values,0.0,,,,,,False,undefined_prototype_equal_singular_values/undefined_prototype_equal_singular_values
C2_orthogonal_equal_singular,94,M2_unsigned_prototype,undefined_prototype_equal_singular_values/undefined_prototype_equal_singular_values,0.0,,,,,,False,undefined_prototype_equal_singular_values/undefined_prototype_equal_singular_values
C2_orthogonal_equal_singular,94,M3_top1_projection,undefined_top_direction_equal_singular_values/undefined_top_direction_equal_singular_values,0.0,,,,,,False,undefined_top_direction_equal_singular_values/undefined_top_direction_equal_singular_values
C2_orthogonal_equal_singular,94,M3_fullspan_control,ok,0.0,0.5,0.5,0.0,0.0,0.0,False,degenerate_scores
C2_orthogonal_equal_singular,94,M4_matrix_response,ok,1.1102230246251565e-16,0.4961,0.05259999999999998,1.2118084313783583e-16,1.2118084313783583e-16,0.0,False,degenerate_scores
C2_orthogonal_equal_singular,95,M1_signed_prototype,undefined_prototype_equal_singular_values/undefined_prototype_equal_singular_values,0.0,,,,,,False,undefined_prototype_equal_singular_values/undefined_prototype_equal_singular_values
C2_orthogonal_equal_singular,95,M2_unsigned_prototype,undefined_prototype_equal_singular_values/undefined_prototype_equal_singular_values,0.0,,,,,,False,undefined_prototype_equal_singular_values/undefined_prototype_equal_singular_values
C2_orthogonal_equal_singular,95,M3_top1_projection,undefined_top_direction_equal_singular_values/undefined_top_direction_equal_singular_values,0.0,,,,,,False,undefined_top_direction_equal_singular_values/undefined_top_direction_equal_singular_values
C2_orthogonal_equal_singular,95,M3_fullspan_control,ok,0.0,0.5,0.5,0.0,0.0,0.0,False,degenerate_scores
C2_orthogonal_equal_singular,95,M4_matrix_response,ok,-4.440892098500626e-16,0.4973,0.2277,4.052425062184284e-16,-8.145706331674774e-17,-4.866995695351761e-16,False,degenerate_scores
C2_orthogonal_equal_singular,96,M1_signed_prototype,undefined_prototype_equal_singular_values/undefined_prototype_equal_singular_values,0.0,,,,,,False,undefined_prototype_equal_singular_values/undefined_prototype_equal_singular_values
C2_orthogonal_equal_singular,96,M2_unsigned_prototype,undefined_prototype_equal_singular_values/undefined_prototype_equal_singular_values,0.0,,,,,,False,undefined_prototype_equal_singular_values/undefined_prototype_equal_singular_values
C2_orthogonal_equal_singular,96,M3_top1_projection,undefined_top_direction_equal_singular_values/undefined_top_direction_equal_singular_values,0.0,,,,,,False,undefined_top_direction_equal_singular_values/undefined_top_direction_equal_singular_values
C2_orthogonal_equal_singular,96,M3_fullspan_control,ok,0.0,0.5,0.5,0.0,0.0,0.0,False,degenerate_scores
C2_orthogonal_equal_singular,96,M4_matrix_response,ok,-1.1102230246251565e-16,0.2788,0.13590000000000002,1.2723155862204293e-16,3.5149660959632455e-17,-9.208189766241047e-17,False,degenerate_scores
C2_orthogonal_equal_singular,97,M1_signed_prototype,undefined_prototype_equal_singular_values/undefined_prototype_equal_singular_values,0.0,,,,,,False,undefined_prototype_equal_singular_values/undefined_prototype_equal_singular_values
C2_orthogonal_equal_singular,97,M2_unsigned_prototype,undefined_prototype_equal_singular_values/undefined_prototype_equal_singular_values,0.0,,,,,,False,undefined_prototype_equal_singular_values/undefined_prototype_equal_singular_values
C2_orthogonal_equal_singular,97,M3_top1_projection,undefined_top_direction_equal_singular_values/undefined_top_direction_equal_singular_values,0.0,,,,,,False,undefined_top_direction_equal_singular_values/undefined_top_direction_equal_singular_values
C2_orthogonal_equal_singular,97,M3_fullspan_control,ok,0.0,0.5,0.5,0.0,0.0,0.0,False,degenerate_scores
C2_orthogonal_equal_singular,97,M4_matrix_response,ok,-2.220446049250313e-16,0.4662,0.3095,2.2640778141180816e-16,-9.509060205914466e-17,-3.214983834709528e-16,False,degenerate_scores
C2_orthogonal_equal_singular,98,M1_signed_prototype,undefined_prototype_equal_singular_values/undefined_prototype_equal_singular_values,0.0,,,,,,False,undefined_prototype_equal_singular_values/undefined_prototype_equal_singular_values
C2_orthogonal_equal_singular,98,M2_unsigned_prototype,undefined_prototype_equal_singular_values/undefined_prototype_equal_singular_values,0.0,,,,,,False,undefined_prototype_equal_singular_values/undefined_prototype_equal_singular_values
C2_orthogonal_equal_singular,98,M3_top1_projection,undefined_top_direction_equal_singular_values/undefined_top_direction_equal_singular_values,0.0,,,,,,False,undefined_top_direction_equal_singular_values/undefined_top_direction_equal_singular_values
C2_orthogonal_equal_singular,98,M3_fullspan_control,ok,0.0,0.5,0.5,0.0,0.0,0.0,False,degenerate_scores
C2_orthogonal_equal_singular,98,M4_matrix_response,ok,0.0,0.49329999999999996,0.49329999999999996,2.8754776337791554e-18,2.8754776337791554e-18,0.0,False,degenerate_scores
C2_orthogonal_equal_singular,99,M1_signed_prototype,undefined_prototype_equal_singular_values/undefined_prototype_equal_singular_values,0.0,,,,,,False,undefined_prototype_equal_singular_values/undefined_prototype_equal_singular_values
C2_orthogonal_equal_singular,99,M2_unsigned_prototype,undefined_prototype_equal_singular_values/undefined_prototype_equal_singular_values,0.0,,,,,,False,undefined_prototype_equal_singular_values/undefined_prototype_equal_singular_values
C2_orthogonal_equal_singular,99,M3_top1_projection,undefined_top_direction_equal_singular_values/undefined_top_direction_equal_singular_values,0.0,,,,,,False,undefined_top_direction_equal_singular_values/undefined_top_direction_equal_singular_values
C2_orthogonal_equal_singular,99,M3_fullspan_control,ok,0.0,0.5,0.5,0.0,0.0,0.0,False,degenerate_scores
C2_orthogonal_equal_singular,99,M4_matrix_response,ok,-3.3306690738754696e-16,0.5,0.00880000000000003,3.642974810702526e-16,7.932543510946744e-17,-2.8497204596078515e-16,False,degenerate_scores
C3_orthogonal_unequal_singular,0,M1_signed_prototype,ok,0.0,0.0,0.0,1.1701359262678004,1.1701359262678004,0.0,True,calibrated_load_margin_preserved
C3_orthogonal_unequal_singular,0,M2_unsigned_prototype,ok,1.1102230246251565e-16,0.0,0.0,0.4612732540587653,0.4612732540587653,0.0,True,calibrated_load_margin_preserved
C3_orthogonal_unequal_singular,0,M3_top1_projection,ok,-8.673617379884035e-18,0.0,0.0,0.200529767496679,0.200529767496679,0.0,True,calibrated_load_margin_preserved
C3_orthogonal_unequal_singular,0,M3_fullspan_control,ok,1.1102230246251565e-16,0.4508,0.13560000000000005,1.5044632206695496e-16,1.5044632206695496e-16,0.0,False,degenerate_scores
C3_orthogonal_unequal_singular,0,M4_matrix_response,ok,4.440892098500626e-16,0.0,0.0,0.7519866281125459,0.7519866281125459,0.0,True,calibrated_load_margin_preserved
C3_orthogonal_unequal_singular,1,M1_signed_prototype,ok,4.996003610813204e-16,0.0,0.0,1.1235459397921115,1.1235459397921115,0.0,True,calibrated_load_margin_preserved
C3_orthogonal_unequal_singular,1,M2_unsigned_prototype,ok,-9.71445146547012e-17,0.0,0.0,0.5285632503814087,0.5285632503814087,0.0,True,calibrated_load_margin_preserved
C3_orthogonal_unequal_singular,1,M3_top1_projection,ok,8.326672684688674e-17,0.0,0.0,0.6333590533521977,0.6333590533521977,0.0,True,calibrated_load_margin_preserved
C3_orthogonal_unequal_singular,1,M3_fullspan_control,ok,4.440892098500626e-16,0.5,0.03249999999999997,3.532840686659711e-16,1.5504264538890312e-16,-1.9824142327706796e-16,False,degenerate_scores
C3_orthogonal_unequal_singular,1,M4_matrix_response,ok,-3.3306690738754696e-16,0.0,0.0,2.3750964500707408,2.3750964500707408,0.0,True,calibrated_load_margin_preserved
C3_orthogonal_unequal_singular,2,M1_signed_prototype,ok,-5.551115123125783e-17,0.0,0.0,0.011919180096337988,0.011919180096337988,0.0,True,calibrated_load_margin_preserved
C3_orthogonal_unequal_singular,2,M2_unsigned_prototype,ok,2.5847379792054426e-16,0.0,0.0,0.01191865775394241,0.01191865775394241,0.0,True,calibrated_load_margin_preserved
C3_orthogonal_unequal_singular,2,M3_top1_projection,ok,1.8041124150158794e-16,0.0,0.0,0.2890168024301209,0.2890168024301209,0.0,True,calibrated_load_margin_preserved
C3_orthogonal_unequal_singular,2,M3_fullspan_control,ok,4.440892098500626e-16,0.49939999999999996,0.009499999999999953,3.5670355558181653e-16,1.3283818489639997e-16,-2.2386537068541656e-16,False,degenerate_scores
C3_orthogonal_unequal_singular,2,M4_matrix_response,ok,-4.163336342344337e-16,0.0,0.0,1.0838130091129532,1.0838130091129532,0.0,True,calibrated_load_margin_preserved
C3_orthogonal_unequal_singular,3,M1_signed_prototype,ok,5.551115123125783e-17,0.0,0.0,1.1604714478879143,1.1604714478879143,0.0,True,calibrated_load_margin_preserved
C3_orthogonal_unequal_singular,3,M2_unsigned_prototype,ok,-3.3306690738754696e-16,0.0,0.0,0.47747651167862476,0.47747651167862476,0.0,True,calibrated_load_margin_preserved
C3_orthogonal_unequal_singular,3,M3_top1_projection,ok,1.942890293094024e-16,0.0,0.0,0.47747649690224625,0.47747649690224625,0.0,True,calibrated_load_margin_preserved
C3_orthogonal_unequal_singular,3,M3_fullspan_control,ok,2.220446049250313e-16,0.49729999999999996,0.3406,2.617017713646419e-16,2.540190280342358e-16,-7.682743330406125e-18,False,degenerate_scores
C3_orthogonal_unequal_singular,3,M4_matrix_response,ok,5.551115123125783e-16,0.0,0.0,1.7905368633834233,1.7905368633834233,0.0,True,calibrated_load_margin_preserved
C3_orthogonal_unequal_singular,4,M1_signed_prototype,ok,-1.1102230246251565e-16,0.0,0.0,0.8890178675957133,0.8890178675957133,0.0,True,calibrated_load_margin_preserved
C3_orthogonal_unequal_singular,4,M2_unsigned_prototype,ok,-1.6653345369377348e-16,0.0,0.0,0.636421715491257,0.636421715491257,0.0,True,calibrated_load_margin_preserved
C3_orthogonal_unequal_singular,4,M3_top1_projection,ok,-8.326672684688674e-17,0.0,0.0,0.5540765011425964,0.5540765011425964,0.0,True,calibrated_load_margin_preserved
C3_orthogonal_unequal_singular,4,M3_fullspan_control,ok,-2.220446049250313e-16,0.2963,0.2784,2.0980994719366207e-16,-2.333688797762079e-17,-2.331468351712829e-16,False,degenerate_scores
C3_orthogonal_unequal_singular,4,M4_matrix_response,ok,-4.440892098500626e-16,0.0,0.0,2.077786879284736,2.077786879284736,0.0,True,calibrated_load_margin_preserved
C3_orthogonal_unequal_singular,5,M1_signed_prototype,ok,-5.689893001203927e-16,0.0,0.0,1.2654278306494737,1.2654278306494737,0.0,True,calibrated_load_margin_preserved
C3_orthogonal_unequal_singular,5,M2_unsigned_prototype,ok,1.0061396160665481e-16,0.0,0.0,0.13995957626917988,0.13995957626917988,0.0,True,calibrated_load_margin_preserved
C3_orthogonal_unequal_singular,5,M3_top1_projection,ok,7.806255641895632e-18,0.0,0.0,0.13995958492876656,0.13995958492876656,0.0,True,calibrated_load_margin_preserved
C3_orthogonal_unequal_singular,5,M3_fullspan_control,ok,2.220446049250313e-16,0.494,0.2662,2.3482327193846686e-16,2.201461235529223e-16,-1.4677148385544555e-17,False,degenerate_scores
C3_orthogonal_unequal_singular,5,M4_matrix_response,ok,-8.881784197001252e-16,0.0,0.0,0.5248484434828746,0.5248484434828746,0.0,True,calibrated_load_margin_preserved
C3_orthogonal_unequal_singular,6,M1_signed_prototype,ok,-3.0531133177191805e-16,0.0,0.0,1.1878299110160886,1.1878299110160886,0.0,True,calibrated_load_margin_preserved
C3_orthogonal_unequal_singular,6,M2_unsigned_prototype,ok,-6.938893903907228e-17,0.0,0.0,0.42772001443621305,0.42772001443621305,0.0,True,calibrated_load_margin_preserved
C3_orthogonal_unequal_singular,6,M3_top1_projection,ok,6.938893903907228e-17,0.0,0.0,0.4277200108512908,0.4277200108512908,0.0,True,calibrated_load_margin_preserved
C3_orthogonal_unequal_singular,6,M3_fullspan_control,ok,0.0,0.3536,0.3536,1.0760281554667017e-16,1.0760281554667017e-16,0.0,False,degenerate_scores
C3_orthogonal_unequal_singular,6,M4_matrix_response,ok,6.661338147750939e-16,0.0,0.0,1.6039500406923402,1.6039500406923402,0.0,True,calibrated_load_margin_preserved
C3_orthogonal_unequal_singular,7,M1_signed_prototype,ok,-1.1102230246251565e-16,0.0,0.0,0.8731514346428823,0.8731514346428823,0.0,True,calibrated_load_margin_preserved
C3_orthogonal_unequal_singular,7,M2_unsigned_prototype,ok,2.220446049250313e-16,0.0,0.0,0.635494334578634,0.635494334578634,0.0,True,calibrated_load_margin_preserved
C3_orthogonal_unequal_singular,7,M3_top1_projection,ok,8.326672684688674e-17,0.0,0.0,0.6354942939142374,0.6354942939142374,0.0,True,calibrated_load_margin_preserved
C3_orthogonal_unequal_singular,7,M3_fullspan_control,ok,2.220446049250313e-16,0.487,0.1482,2.0362600494649997e-16,1.6465717678215698e-16,-3.896882816434299e-17,False,degenerate_scores
C3_orthogonal_unequal_singular,7,M4_matrix_response,ok,-6.661338147750939e-16,0.0,0.0,2.3831036021783905,2.3831036021783905,0.0,True,calibrated_load_margin_preserved
C3_orthogonal_unequal_singular,8,M1_signed_prototype,ok,-1.1102230246251565e-16,0.0,0.0,0.7928777622547843,0.7928777622547843,0.0,True,calibrated_load_margin_preserved
C3_orthogonal_unequal_singular,8,M2_unsigned_prototype,ok,0.0,0.0,0.0,0.6203800935349477,0.6203800935349477,0.0,True,calibrated_load_margin_preserved
C3_orthogonal_unequal_singular,8,M3_top1_projection,ok,1.1102230246251565e-16,0.0,0.0,0.4801588126071565,0.4801588126071565,0.0,True,calibrated_load_margin_preserved
C3_orthogonal_unequal_singular,8,M3_fullspan_control,ok,0.0,0.3387,0.3387,1.049826892085548e-16,1.049826892085548e-16,0.0,False,degenerate_scores
C3_orthogonal_unequal_singular,8,M4_matrix_response,ok,-1.6653345369377348e-16,0.0,0.0,1.8005955472768371,1.8005955472768371,0.0,True,calibrated_load_margin_preserved
C3_orthogonal_unequal_singular,9,M1_signed_prototype,ok,-3.3306690738754696e-16,0.0,0.0,1.191544937502181,1.191544937502181,0.0,True,calibrated_load_margin_preserved
C3_orthogonal_unequal_singular,9,M2_unsigned_prototype,ok,-1.5265566588595902e-16,0.0,0.0,0.41993930173892385,0.41993930173892385,0.0,True,calibrated_load_margin_preserved
C3_orthogonal_unequal_singular,9,M3_top1_projection,ok,-2.498001805406602e-16,0.0,0.0,0.5956981175218576,0.5956981175218576,0.0,True,calibrated_load_margin_preserved
C3_orthogonal_unequal_singular,9,M3_fullspan_control,ok,-1.1102230246251565e-16,0.1966,0.038799999999999946,1.5271117703719028e-16,1.0044187703783791e-16,-5.226929999935237e-17,False,degenerate_scores
C3_orthogonal_unequal_singular,9,M4_matrix_response,ok,-4.440892098500626e-16,0.0,0.0,2.233867940706966,2.233867940706966,0.0,True,calibrated_load_margin_preserved
C3_orthogonal_unequal_singular,10,M1_signed_prototype,ok,0.0,0.0,0.0,0.2804591894384836,0.2804591894384836,0.0,True,calibrated_load_margin_preserved
C3_orthogonal_unequal_singular,10,M2_unsigned_prototype,ok,1.734723475976807e-17,0.0,0.0,0.2735706925395051,0.2735706925395051,0.0,True,calibrated_load_margin_preserved
C3_orthogonal_unequal_singular,10,M3_top1_projection,ok,-9.71445146547012e-17,0.0,0.0,0.5119000069177578,0.5119000069177578,0.0,True,calibrated_load_margin_preserved
C3_orthogonal_unequal_singular,10,M3_fullspan_control,ok,0.0,0.14390000000000003,0.14390000000000003,9.883205365213143e-17,9.883205365213143e-17,0.0,False,degenerate_scores
C3_orthogonal_unequal_singular,10,M4_matrix_response,ok,3.3306690738754696e-16,0.0,0.0,1.9196250259415923,1.9196250259415923,0.0,True,calibrated_load_margin_preserved
C3_orthogonal_unequal_singular,11,M1_signed_prototype,ok,1.6653345369377348e-16,0.0,0.0,0.4552936431269575,0.4552936431269575,0.0,True,calibrated_load_margin_preserved
C3_orthogonal_unequal_singular,11,M2_unsigned_prototype,ok,-8.326672684688674e-17,0.0,0.0,0.4251896085260232,0.4251896085260232,0.0,True,calibrated_load_margin_preserved
C3_orthogonal_unequal_singular,11,M3_top1_projection,ok,-1.942890293094024e-16,0.0,0.0,0.42518960369423675,0.42518960369423675,0.0,True,calibrated_load_margin_preserved
C3_orthogonal_unequal_singular,11,M3_fullspan_control,ok,-4.440892098500626e-16,0.4972,0.23050000000000004,4.3078873801505323e-16,-1.0396128402589966e-16,-5.347500220409529e-16,False,degenerate_scores
C3_orthogonal_unequal_singular,11,M4_matrix_response,ok,-1.6653345369377348e-16,0.0,0.0,1.5944610138533883,1.5944610138533883,0.0,True,calibrated_load_margin_preserved
C3_orthogonal_unequal_singular,12,M1_signed_prototype,ok,-1.1102230246251565e-16,0.0,0.0,1.2689273822315454,1.2689273822315454,0.0,True,calibrated_load_margin_preserved
C3_orthogonal_unequal_singular,12,M2_unsigned_prototype,ok,-1.6349768761081407e-16,0.0,0.0,0.10434565681785118,0.10434565681785118,0.0,True,calibrated_load_margin_preserved
C3_orthogonal_unequal_singular,12,M3_top1_projection,ok,1.0061396160665481e-16,0.0,0.0,0.20346444498783356,0.20346444498783356,0.0,True,calibrated_load_margin_preserved
C3_orthogonal_unequal_singular,12,M3_fullspan_control,ok,2.220446049250313e-16,0.4747,0.03749999999999998,1.742495037149183e-16,1.2491119250057636e-16,-4.9338311214341946e-17,False,degenerate_scores
C3_orthogonal_unequal_singular,12,M4_matrix_response,ok,-2.220446049250313e-16,0.0,0.0,0.7629916687043766,0.7629916687043766,0.0,True,calibrated_load_margin_preserved
C3_orthogonal_unequal_singular,13,M1_signed_prototype,ok,1.3877787807814457e-16,0.0,0.0,1.1825616153485132,1.1825616153485132,0.0,True,calibrated_load_margin_preserved
C3_orthogonal_unequal_singular,13,M2_unsigned_prototype,ok,-1.5265566588595902e-16,0.0,0.0,0.4382894935526125,0.4382894935526125,0.0,True,calibrated_load_margin_preserved
C3_orthogonal_unequal_singular,13,M3_top1_projection,ok,-1.214306433183765e-17,0.0,0.0,0.16944515811876967,0.16944515811876967,0.0,True,calibrated_load_margin_preserved
C3_orthogonal_unequal_singular,13,M3_fullspan_control,ok,1.1102230246251565e-16,0.43200000000000005,0.09060000000000001,1.3468115511727775e-16,1.3468115511727775e-16,0.0,False,degenerate_scores
C3_orthogonal_unequal_singular,13,M4_matrix_response,ok,-2.7755575615628914e-16,0.0,0.0,0.6354193429453858,0.6354193429453858,0.0,True,calibrated_load_margin_preserved
C3_orthogonal_unequal_singular,14,M1_signed_prototype,ok,0.0,0.0,0.0,1.1052641310117475,1.1052641310117475,0.0,True,calibrated_load_margin_preserved
C3_orthogonal_unequal_singular,14,M2_unsigned_prototype,ok,8.326672684688674e-17,0.0,0.0,0.5486947085514409,0.5486947085514409,0.0,True,calibrated_load_margin_preserved
C3_orthogonal_unequal_singular,14,M3_top1_projection,ok,3.885780586188048e-16,0.0,0.0,0.5486947093826253,0.5486947093826253,0.0,True,calibrated_load_margin_preserved
C3_orthogonal_unequal_singular,14,M3_fullspan_control,ok,0.0,0.27470000000000006,0.27470000000000006,9.68003455170674e-17,9.68003455170674e-17,0.0,False,degenerate_scores
C3_orthogonal_unequal_singular,14,M4_matrix_response,ok,1.5543122344752192e-15,0.0,0.0,2.057605160184844,2.057605160184844,0.0,True,calibrated_load_margin_preserved
C3_orthogonal_unequal_singular,15,M1_signed_prototype,ok,0.0,0.0,0.0,0.2505905781435727,0.2505905781435727,0.0,True,calibrated_load_margin_preserved
C3_orthogonal_unequal_singular,15,M2_unsigned_prototype,ok,-1.97758476261356e-16,0.0,0.0,0.2456892726078184,0.2456892726078184,0.0,True,calibrated_load_margin_preserved
C3_orthogonal_unequal_singular,15,M3_top1_projection,ok,-2.1272046624165597e-16,0.0,0.0,0.05959191465484356,0.05959191465484356,0.0,True,calibrated_load_margin_preserved
C3_orthogonal_unequal_singular,15,M3_fullspan_control,ok,-3.3306690738754696e-16,0.4669,0.05449999999999999,3.400280057519467e-16,8.18789480661053e-17,-2.5814905768584137e-16,False,degenerate_scores
C3_orthogonal_unequal_singular,15,M4_matrix_response,ok,-5.273559366969494e-16,0.0,0.0,0.22346967995566328,0.22346967995566328,0.0,True,calibrated_load_margin_preserved
C3_orthogonal_unequal_singular,16,M1_signed_prototype,ok,-3.3306690738754696e-16,0.0,0.0,0.884042327431181,0.884042327431181,0.0,True,calibrated_load_margin_preserved
C3_orthogonal_unequal_singular,16,M2_unsigned_prototype,ok,-5.551115123125783e-17,0.0,0.0,0.6362110933911482,0.6362110933911482,0.0,True,calibrated_load_margin_preserved
C3_orthogonal_unequal_singular,16,M3_top1_projection,ok,-1.3877787807814457e-16,0.0,0.0,0.572095378032876,0.572095378032876,0.0,True,calibrated_load_margin_preserved
C3_orthogonal_unequal_singular,16,M3_fullspan_control,ok,-3.3306690738754696e-16,0.4737,0.14390000000000003,3.2716052089654114e-16,1.325606291402437e-17,-3.1390445798251675e-16,False,degenerate_scores
C3_orthogonal_unequal_singular,16,M4_matrix_response,ok,1.3322676295501878e-15,0.0,0.0,2.1453576676232853,2.1453576676232853,0.0,True,calibrated_load_margin_preserved
C3_orthogonal_unequal_singular,17,M1_signed_prototype,ok,0.0,0.0,0.0,1.254077363956904,1.254077363956904,0.0,True,calibrated_load_margin_preserved
C3_orthogonal_unequal_singular,17,M2_unsigned_prototype,ok,2.480654570646834e-16,0.0,0.0,0.21675379018899285,0.21675379018899285,0.0,True,calibrated_load_margin_preserved
C3_orthogonal_unequal_singular,17,M3_top1_projection,ok,1.7867651802561113e-16,0.0,0.0,0.09043314967461365,0.09043314967461365,0.0,True,calibrated_load_margin_preserved
C3_orthogonal_unequal_singular,17,M3_fullspan_control,ok,1.1102230246251565e-16,0.41059999999999997,0.11299999999999999,1.3001821841385209e-16,1.3001821841385209e-16,0.0,False,degenerate_scores
C3_orthogonal_unequal_singular,17,M4_matrix_response,ok,5.551115123125783e-16,0.0,0.0,0.33912431127980075,0.33912431127980075,0.0,True,calibrated_load_margin_preserved
C3_orthogonal_unequal_singular,18,M1_signed_prototype,ok,3.0531133177191805e-16,0.0,0.0,1.1794328887452645,1.1794328887452645,0.0,True,calibrated_load_margin_preserved
C3_orthogonal_unequal_singular,18,M2_unsigned_prototype,ok,-4.0245584642661925e-16,0.0,0.0,0.44432398555800007,0.44432398555800007,0.0,True,calibrated_load_margin_preserved
C3_orthogonal_unequal_singular,18,M3_top1_projection,ok,-4.163336342344337e-17,0.0,0.0,0.4443239946743555,0.4443239946743555,0.0,True,calibrated_load_margin_preserved
C3_orthogonal_unequal_singular,18,M3_fullspan_control,ok,0.0,0.25449999999999995,0.25449999999999995,9.82880443700651e-17,9.82880443700651e-17,0.0,False,degenerate_scores
C3_orthogonal_unequal_singular,18,M4_matrix_response,ok,-4.996003610813204e-16,0.0,0.0,1.666214980028833,1.666214980028833,0.0,True,calibrated_load_margin_preserved
C3_orthogonal_unequal_singular,19,M1_signed_prototype,ok,-4.440892098500626e-16,0.0,0.0,0.8659643349348966,0.8659643349348966,0.0,True,calibrated_load_margin_preserved
C3_orthogonal_unequal_singular,19,M2_unsigned_prototype,ok,-1.6653345369377348e-16,0.0,0.0,0.6348336503840719,0.6348336503840719,0.0,True,calibrated_load_margin_preserved
C3_orthogonal_unequal_singular,19,M3_top1_projection,ok,-1.1102230246251565e-16,0.0,0.0,0.5377218319295707,0.5377218319295707,0.0,True,calibrated_load_margin_preserved
C3_orthogonal_unequal_singular,19,M3_fullspan_control,ok,-2.220446049250313e-16,0.2298,0.3469,1.6678880498943726e-16,-4.1222580904332064e-17,-2.0801138589376932e-16,False,degenerate_scores
C3_orthogonal_unequal_singular,19,M4_matrix_response,ok,-9.992007221626409e-16,0.0,0.0,2.01645686973589,2.01645686973589,0.0,True,calibrated_load_margin_preserved
C3_orthogonal_unequal_singular,20,M1_signed_prototype,ok,1.249000902703301e-16,0.0,0.0,1.2612906772538612,1.2612906772538612,0.0,True,calibrated_load_margin_preserved
C3_orthogonal_unequal_singular,20,M2_unsigned_prototype,ok,-2.7929047963226594e-16,0.0,0.0,0.17239194881743877,0.17239194881743877,0.0,True,calibrated_load_margin_preserved
C3_orthogonal_unequal_singular,20,M3_top1_projection,ok,1.3791051634015616e-16,0.0,0.0,0.1362820090941427,0.1362820090941427,0.0,True,calibrated_load_margin_preserved
C3_orthogonal_unequal_singular,20,M3_fullspan_control,ok,2.220446049250313e-16,0.49119999999999997,0.2126,2.273403687524933e-16,1.9376722448782858e-16,-3.357314426466471e-17,False,degenerate_scores
C3_orthogonal_unequal_singular,20,M4_matrix_response,ok,-3.3306690738754696e-16,0.0,0.0,0.5110575341030349,0.5110575341030349,0.0,True,calibrated_load_margin_preserved
C3_orthogonal_unequal_singular,21,M1_signed_prototype,ok,-1.6653345369377348e-16,0.0,0.0,0.5494240454898,0.5494240454898,0.0,True,calibrated_load_margin_preserved
C3_orthogonal_unequal_singular,21,M2_unsigned_prototype,ok,-4.163336342344337e-17,0.0,0.0,0.49563814101625486,0.49563814101625486,0.0,True,calibrated_load_margin_preserved
C3_orthogonal_unequal_singular,21,M3_top1_projection,ok,-4.163336342344337e-17,0.0,0.0,0.49563811197994984,0.49563811197994984,0.0,True,calibrated_load_margin_preserved
C3_orthogonal_unequal_singular,21,M3_fullspan_control,ok,0.0,0.04139999999999999,0.04139999999999999,1.1144418721187322e-16,1.1144418721187322e-16,0.0,False,degenerate_scores
C3_orthogonal_unequal_singular,21,M4_matrix_response,ok,-2.7755575615628914e-16,0.0,0.0,1.858642919924812,1.858642919924812,0.0,True,calibrated_load_margin_preserved
C3_orthogonal_unequal_singular,22,M1_signed_prototype,ok,-3.0531133177191805e-16,0.0,0.0,1.152021787430946,1.152021787430946,0.0,True,calibrated_load_margin_preserved
C3_orthogonal_unequal_singular,22,M2_unsigned_prototype,ok,-5.551115123125783e-17,0.0,0.0,0.4905835539681182,0.4905835539681182,0.0,True,calibrated_load_margin_preserved
C3_orthogonal_unequal_singular,22,M3_top1_projection,ok,8.326672684688674e-17,0.0,0.0,0.24193857332015786,0.24193857332015786,0.0,True,calibrated_load_margin_preserved
C3_orthogonal_unequal_singular,22,M3_fullspan_control,ok,4.440892098500626e-16,0.5,0.23750000000000004,4.548139642679416e-16,3.1115110488144637e-16,-1.436628593864952e-16,False,degenerate_scores
C3_orthogonal_unequal_singular,22,M4_matrix_response,ok,3.3306690738754696e-16,0.0,0.0,0.9072696499505917,0.9072696499505917,0.0,True,calibrated_load_margin_preserved
C3_orthogonal_unequal_singular,23,M1_signed_prototype,ok,-1.8041124150158794e-16,0.0,0.0,1.2619265770974504,1.2619265770974504,0.0,True,calibrated_load_margin_preserved
C3_orthogonal_unequal_singular,23,M2_unsigned_prototype,ok,2.255140518769849e-16,0.0,0.0,0.16784788146028412,0.16784788146028412,0.0,True,calibrated_load_margin_preserved
C3_orthogonal_unequal_singular,23,M3_top1_projection,ok,-9.367506770274758e-17,0.0,0.0,0.16784788098251582,0.16784788098251582,0.0,True,calibrated_load_margin_preserved
C3_orthogonal_unequal_singular,23,M3_fullspan_control,ok,0.0,0.07869999999999999,0.07869999999999999,1.1188827642172328e-16,1.1188827642172328e-16,0.0,False,degenerate_scores
C3_orthogonal_unequal_singular,23,M4_matrix_response,ok,-3.885780586188048e-16,0.0,0.0,0.6294295536844345,0.6294295536844345,0.0,True,calibrated_load_margin_preserved
C3_orthogonal_unequal_singular,24,M1_signed_prototype,ok,0.0,0.0,0.0,0.009614701984322682,0.009614701984322682,0.0,True,calibrated_load_margin_preserved
C3_orthogonal_unequal_singular,24,M2_unsigned_prototype,ok,1.2492041906106421e-16,0.0,0.0,0.009614427210954533,0.009614427210954533,0.0,True,calibrated_load_margin_preserved
C3_orthogonal_unequal_singular,24,M3_top1_projection,ok,1.229891839413244e-18,0.0,0.0,0.009614427828912473,0.009614427828912473,0.0,True,calibrated_load_margin_preserved
C3_orthogonal_unequal_singular,24,M3_fullspan_control,ok,1.1102230246251565e-16,0.4245,0.0039000000000000146,1.2545520178264268e-16,1.2545520178264268e-16,0.0,False,degenerate_scores
C3_orthogonal_unequal_singular,24,M4_matrix_response,ok,-8.326672684688674e-17,0.0,0.0,0.03605410435842184,0.03605410435842184,0.0,True,calibrated_load_margin_preserved
C3_orthogonal_unequal_singular,25,M1_signed_prototype,ok,1.9081958235744878e-16,0.0,0.0,1.272544011813579,1.272544011813579,0.0,True,calibrated_load_margin_preserved
C3_orthogonal_unequal_singular,25,M2_unsigned_prototype,ok,1.0776969594505914e-16,0.0,0.0,0.04205687018972063,0.04205687018972063,0.0,True,calibrated_load_margin_preserved
C3_orthogonal_unequal_singular,25,M3_top1_projection,ok,6.429318882839041e-17,0.0,0.0,0.04205686875620984,0.04205686875620984,0.0,True,calibrated_load_margin_preserved
C3_orthogonal_unequal_singular,25,M3_fullspan_control,ok,0.0,0.41379999999999995,0.41379999999999995,1.1793899190593038e-16,1.1793899190593038e-16,0.0,False,degenerate_scores
C3_orthogonal_unequal_singular,25,M4_matrix_response,ok,1.1102230246251565e-16,0.0,0.0,0.15771325783578674,0.15771325783578674,0.0,True,calibrated_load_margin_preserved
C3_orthogonal_unequal_singular,26,M1_signed_prototype,ok,-2.220446049250313e-16,0.0,0.0,0.6933569456329843,0.6933569456329843,0.0,True,calibrated_load_margin_preserved
C3_orthogonal_unequal_singular,26,M2_unsigned_prototype,ok,2.220446049250313e-16,0.0,0.0,0.5815330626096694,0.5815330626096694,0.0,True,calibrated_load_margin_preserved
C3_orthogonal_unequal_singular,26,M3_top1_projection,ok,-3.3306690738754696e-16,0.0,0.0,0.5815330898813491,0.5815330898813491,0.0,True,calibrated_load_margin_preserved
C3_orthogonal_unequal_singular,26,M3_fullspan_control,ok,3.3306690738754696e-16,0.49839999999999995,0.053200000000000025,3.0959679264697117e-16,1.461719634221481e-16,-1.6342482922482306e-16,False,degenerate_scores
C3_orthogonal_unequal_singular,26,M4_matrix_response,ok,-1.3322676295501878e-15,0.0,0.0,2.18074908705506,2.18074908705506,0.0,True,calibrated_load_margin_preserved
C3_orthogonal_unequal_singular,27,M1_signed_prototype,ok,-2.7755575615628914e-16,0.0,0.0,0.9924058860193572,0.9924058860193572,0.0,True,calibrated_load_margin_preserved
C3_orthogonal_unequal_singular,27,M2_unsigned_prototype,ok,8.326672684688674e-17,0.0,0.0,0.6217270003027715,0.6217270003027715,0.0,True,calibrated_load_margin_preserved
C3_orthogonal_unequal_singular,27,M3_top1_projection,ok,5.273559366969494e-16,0.0,0.0,0.6217270378391396,0.6217270378391396,0.0,True,calibrated_load_margin_preserved
C3_orthogonal_unequal_singular,27,M3_fullspan_control,ok,0.0,0.031299999999999994,0.031299999999999994,1.1041167979897182e-16,1.1041167979897182e-16,0.0,False,degenerate_scores
C3_orthogonal_unequal_singular,27,M4_matrix_response,ok,8.881784197001252e-16,0.0,0.0,2.3314763918967745,2.3314763918967745,0.0,True,calibrated_load_margin_preserved
C3_orthogonal_unequal_singular,28,M1_signed_prototype,ok,-5.551115123125783e-17,0.0,0.0,0.1893418654422478,0.1893418654422478,0.0,True,calibrated_load_margin_preserved
C3_orthogonal_unequal_singular,28,M2_unsigned_prototype,ok,1.3877787807814457e-17,0.0,0.0,0.1872365846909418,0.1872365846909418,0.0,True,calibrated_load_margin_preserved
C3_orthogonal_unequal_singular,28,M3_top1_projection,ok,-3.0531133177191805e-16,0.0,0.0,0.4515442799474917,0.4515442799474917,0.0,True,calibrated_load_margin_preserved
C3_orthogonal_unequal_singular,28,M3_fullspan_control,ok,-7.771561172376096e-16,0.5,0.23070000000000002,7.355782649653974e-16,-2.42861286636753e-16,-9.784395516021503e-16,False,degenerate_scores
C3_orthogonal_unequal_singular,28,M4_matrix_response,ok,1.6653345369377348e-16,0.0,0.0,1.6932910498030938,1.6932910498030938,0.0,True,calibrated_load_margin_preserved
C3_orthogonal_unequal_singular,29,M1_signed_prototype,ok,-2.220446049250313e-16,0.0,0.0,0.7453995692741159,0.7453995692741159,0.0,True,calibrated_load_margin_preserved
C3_orthogonal_unequal_singular,29,M2_unsigned_prototype,ok,-2.7755575615628914e-17,0.0,0.0,0.6043096424343067,0.6043096424343067,0.0,True,calibrated_load_margin_preserved
C3_orthogonal_unequal_singular,29,M3_top1_projection,ok,5.828670879282072e-16,0.0,0.0,0.6043096431709368,0.6043096431709368,0.0,True,calibrated_load_margin_preserved
C3_orthogonal_unequal_singular,29,M3_fullspan_control,ok,2.220446049250313e-16,0.489,0.2015,2.1470603073225902e-16,1.8610668561791498e-16,-2.859934511434404e-17,False,degenerate_scores
C3_orthogonal_unequal_singular,29,M4_matrix_response,ok,1.5543122344752192e-15,0.0,0.0,2.266161161891013,2.266161161891013,0.0,True,calibrated_load_margin_preserved
C3_orthogonal_unequal_singular,30,M1_signed_prototype,ok,3.885780586188048e-16,0.0,0.0,1.0656737186234906,1.0656737186234906,0.0,True,calibrated_load_margin_preserved
C3_orthogonal_unequal_singular,30,M2_unsigned_prototype,ok,-1.6653345369377348e-16,0.0,0.0,0.5831753206797332,0.5831753206797332,0.0,True,calibrated_load_margin_preserved
C3_orthogonal_unequal_singular,30,M3_top1_projection,ok,-3.885780586188048e-16,0.0,0.0,0.6347198116505783,0.6347198116505783,0.0,True,calibrated_load_margin_preserved
C3_orthogonal_unequal_singular,30,M3_fullspan_control,ok,1.1102230246251565e-16,0.46130000000000004,0.21240000000000003,1.5979439993429878e-16,1.5979439993429878e-16,0.0,False,degenerate_scores
C3_orthogonal_unequal_singular,30,M4_matrix_response,ok,-2.220446049250313e-15,0.0,0.0,2.380199293689669,2.380199293689669,0.0,True,calibrated_load_margin_preserved
C3_orthogonal_unequal_singular,31,M1_signed_prototype,ok,-4.440892098500626e-16,0.0,0.0,0.9166602140550505,0.9166602140550505,0.0,True,calibrated_load_margin_preserved
C3_orthogonal_unequal_singular,31,M2_unsigned_prototype,ok,2.7755575615628914e-17,0.0,0.0,0.6361923412166667,0.6361923412166667,0.0,True,calibrated_load_margin_preserved
C3_orthogonal_unequal_singular,31,M3_top1_projection,ok,8.326672684688674e-17,0.0,0.0,0.6361923779133779,0.6361923779133779,0.0,True,calibrated_load_margin_preserved
C3_orthogonal_unequal_singular,31,M3_fullspan_control,ok,-1.1102230246251565e-16,0.10139999999999999,0.01539999999999997,1.450062292462917e-16,1.1907141939104804e-16,-2.593480985524366e-17,False,degenerate_scores
C3_orthogonal_unequal_singular,31,M4_matrix_response,ok,2.220446049250313e-16,0.0,0.0,2.3857214171751675,2.3857214171751675,0.0,True,calibrated_load_margin_preserved
C3_orthogonal_unequal_singular,32,M1_signed_prototype,ok,3.0531133177191805e-16,0.0,0.0,1.135895344708336,1.135895344708336,0.0,True,calibrated_load_margin_preserved
C3_orthogonal_unequal_singular,32,M2_unsigned_prototype,ok,1.1102230246251565e-16,0.0,0.0,0.5131731048204228,0.5131731048204228,0.0,True,calibrated_load_margin_preserved
C3_orthogonal_unequal_singular,32,M3_top1_projection,ok,1.6653345369377348e-16,0.0,0.0,0.630092354145805,0.630092354145805,0.0,True,calibrated_load_margin_preserved
C3_orthogonal_unequal_singular,32,M3_fullspan_control,ok,-2.220446049250313e-16,0.3052,0.2813,1.98552285723963e-16,-2.2426505097428164e-17,-2.2097879082139115e-16,False,degenerate_scores
C3_orthogonal_unequal_singular,32,M4_matrix_response,ok,5.551115123125783e-16,0.0,0.0,2.362846328046769,2.362846328046769,0.0,True,calibrated_load_margin_preserved
C3_orthogonal_unequal_singular,33,M1_signed_prototype,ok,-1.8041124150158794e-16,0.0,0.0,1.2592633193251386,1.2592633193251386,0.0,True,calibrated_load_margin_preserved
C3_orthogonal_unequal_singular,33,M2_unsigned_prototype,ok,6.938893903907228e-18,0.0,0.0,0.1860699165556473,0.1860699165556473,0.0,True,calibrated_load_margin_preserved
C3_orthogonal_unequal_singular,33,M3_top1_projection,ok,2.38524477946811e-16,0.0,0.0,0.12232453843500496,0.12232453843500496,0.0,True,calibrated_load_margin_preserved
C3_orthogonal_unequal_singular,33,M3_fullspan_control,ok,3.3306690738754696e-16,0.4998,0.10070000000000001,3.3825164891254644e-16,1.8415269309457472e-16,-1.5409895581797172e-16,False,degenerate_scores
C3_orthogonal_unequal_singular,33,M4_matrix_response,ok,-5.551115123125783e-17,0.0,0.0,0.4587170191312677,0.4587170191312677,0.0,True,calibrated_load_margin_preserved
C3_orthogonal_unequal_singular,34,M1_signed_prototype,ok,5.551115123125783e-17,0.0,0.0,1.0795957496883952,1.0795957496883952,0.0,True,calibrated_load_margin_preserved
C3_orthogonal_unequal_singular,34,M2_unsigned_prototype,ok,-5.551115123125783e-17,0.0,0.0,0.5723326759159,0.5723326759159,0.0,True,calibrated_load_margin_preserved
C3_orthogonal_unequal_singular,34,M3_top1_projection,ok,2.7755575615628914e-17,0.0,0.0,0.572332714509044,0.572332714509044,0.0,True,calibrated_load_margin_preserved
C3_orthogonal_unequal_singular,34,M3_fullspan_control,ok,-1.1102230246251565e-16,0.1427,0.010499999999999954,1.52389212360049e-16,1.183719788855342e-16,-3.40172334745148e-17,False,degenerate_scores
C3_orthogonal_unequal_singular,34,M4_matrix_response,ok,0.0,0.0,0.0,2.1462476794089143,2.1462476794089143,0.0,True,calibrated_load_margin_preserved
C3_orthogonal_unequal_singular,35,M1_signed_prototype,ok,0.0,0.0,0.0,0.8089523174119363,0.8089523174119363,0.0,True,calibrated_load_margin_preserved
C3_orthogonal_unequal_singular,35,M2_unsigned_prototype,ok,-2.7755575615628914e-16,0.0,0.0,0.6246928547943599,0.6246928547943599,0.0,True,calibrated_load_margin_preserved
C3_orthogonal_unequal_singular,35,M3_top1_projection,ok,-3.0531133177191805e-16,0.0,0.0,0.6246928160693862,0.6246928160693862,0.0,True,calibrated_load_margin_preserved
C3_orthogonal_unequal_singular,35,M3_fullspan_control,ok,-1.1102230246251565e-16,0.15050000000000002,0.0039000000000000146,1.538991156735392e-16,1.1961542867311436e-16,-3.4283687000424855e-17,False,degenerate_scores
C3_orthogonal_unequal_singular,35,M4_matrix_response,ok,-1.6653345369377348e-15,0.0,0.0,2.3425980602601983,2.3425980602601983,0.0,True,calibrated_load_margin_preserved
C3_orthogonal_unequal_singular,36,M1_signed_prototype,ok,1.1102230246251565e-16,0.0,0.0,0.6067444652040553,0.6067444652040553,0.0,True,calibrated_load_margin_preserved
C3_orthogonal_unequal_singular,36,M2_unsigned_prototype,ok,-4.163336342344337e-17,0.0,0.0,0.5334223575973165,0.5334223575973165,0.0,True,calibrated_load_margin_preserved
C3_orthogonal_unequal_singular,36,M3_top1_projection,ok,1.734723475976807e-17,0.0,0.0,0.30714483717348273,0.30714483717348273,0.0,True,calibrated_load_margin_preserved
C3_orthogonal_unequal_singular,36,M3_fullspan_control,ok,0.0,0.21030000000000004,0.21030000000000004,9.753309271332e-17,9.753309271332e-17,0.0,False,degenerate_scores
C3_orthogonal_unequal_singular,36,M4_matrix_response,ok,3.3306690738754696e-16,0.0,0.0,1.15179313940056,1.15179313940056,0.0,True,calibrated_load_margin_preserved
C3_orthogonal_unequal_singular,37,M1_signed_prototype,ok,0.0,0.0,0.0,0.025570700829092862,0.025570700829092862,0.0,True,calibrated_load_margin_preserved
C3_orthogonal_unequal_singular,37,M2_unsigned_prototype,ok,4.404571325722362e-17,0.0,0.0,0.025565542875911028,0.025565542875911028,0.0,True,calibrated_load_margin_preserved
C3_orthogonal_unequal_singular,37,M3_top1_projection,ok,-3.8163916471489756e-16,0.0,0.0,0.3219019304426272,0.3219019304426272,0.0,True,calibrated_load_margin_preserved
C3_orthogonal_unequal_singular,37,M3_fullspan_control,ok,-2.220446049250313e-16,0.4483,0.013399999999999967,2.9898306053155466e-16,1.0984546605641298e-16,-1.891375944751417e-16,False,degenerate_scores
C3_orthogonal_unequal_singular,37,M4_matrix_response,ok,-6.106226635438361e-16,0.0,0.0,1.207132239159852,1.207132239159852,0.0,True,calibrated_load_margin_preserved
C3_orthogonal_unequal_singular,38,M1_signed_prototype,ok,-5.551115123125783e-17,0.0,0.0,0.6072415760806817,0.6072415760806817,0.0,True,calibrated_load_margin_preserved
C3_orthogonal_unequal_singular,38,M2_unsigned_prototype,ok,-4.718447854656915e-16,0.0,0.0,0.533730835932847,0.533730835932847,0.0,True,calibrated_load_margin_preserved
C3_orthogonal_unequal_singular,38,M3_top1_projection,ok,-4.440892098500626e-16,0.0,0.0,0.6342378837515384,0.6342378837515384,0.0,True,calibrated_load_margin_preserved
C3_orthogonal_unequal_singular,38,M3_fullspan_control,ok,0.0,0.241,0.241,9.894307595459395e-17,9.894307595459395e-17,0.0,False,degenerate_scores
C3_orthogonal_unequal_singular,38,M4_matrix_response,ok,-2.886579864025407e-15,0.0,0.0,2.3783920640682696,2.3783920640682696,0.0,True,calibrated_load_margin_preserved
C3_orthogonal_unequal_singular,39,M1_signed_prototype,ok,-5.551115123125783e-17,0.0,0.0,1.22535529383194,1.22535529383194,0.0,True,calibrated_load_margin_preserved
C3_orthogonal_unequal_singular,39,M2_unsigned_prototype,ok,1.3877787807814457e-16,0.0,0.0,0.332886479664634,0.332886479664634,0.0,True,calibrated_load_margin_preserved
C3_orthogonal_unequal_singular,39,M3_top1_projection,ok,-1.3877787807814457e-16,0.0,0.0,0.5490890641067067,0.5490890641067067,0.0,True,calibrated_load_margin_preserved
C3_orthogonal_unequal_singular,39,M3_fullspan_control,ok,-4.440892098500626e-16,0.4856,0.34940000000000004,3.826605698975527e-16,-1.9925172622947684e-16,-5.819122961270295e-16,False,degenerate_scores
C3_orthogonal_unequal_singular,39,M4_matrix_response,ok,-1.1102230246251565e-16,0.0,0.0,2.0590839904001497,2.0590839904001497,0.0,True,calibrated_load_margin_preserved
C3_orthogonal_unequal_singular,40,M1_signed_prototype,ok,5.551115123125783e-17,0.0,0.0,0.6233292262470078,0.6233292262470078,0.0,True,calibrated_load_margin_preserved
C3_orthogonal_unequal_singular,40,M2_unsigned_prototype,ok,-4.163336342344337e-17,0.0,0.0,0.5435235764998642,0.5435235764998642,0.0,True,calibrated_load_margin_preserved
C3_orthogonal_unequal_singular,40,M3_top1_projection,ok,1.6653345369377348e-16,0.0,0.0,0.6355616043352412,0.6355616043352412,0.0,True,calibrated_load_margin_preserved
C3_orthogonal_unequal_singular,40,M3_fullspan_control,ok,1.1102230246251565e-16,0.39559999999999995,0.014100000000000001,1.1453060722033116e-16,1.1453060722033116e-16,0.0,False,degenerate_scores
C3_orthogonal_unequal_singular,40,M4_matrix_response,ok,-4.440892098500626e-16,0.0,0.0,2.3833560162571548,2.3833560162571548,0.0,True,calibrated_load_margin_preserved
C3_orthogonal_unequal_singular,41,M1_signed_prototype,ok,0.0,0.0,0.0,0.034629939648553903,0.034629939648553903,0.0,True,calibrated_load_margin_preserved
C3_orthogonal_unequal_singular,41,M2_unsigned_prototype,ok,-1.9895109865109006e-16,0.0,0.0,0.03461713027178995,0.03461713027178995,0.0,True,calibrated_load_margin_preserved
C3_orthogonal_unequal_singular,41,M3_top1_projection,ok,-2.4600547293696096e-16,0.0,0.0,0.03461712980405359,0.03461712980405359,0.0,True,calibrated_load_margin_preserved
C3_orthogonal_unequal_singular,41,M3_fullspan_control,ok,-4.440892098500626e-16,0.4993,0.023499999999999965,5.216382881201298e-16,9.460210392830959e-17,-4.270361841918202e-16,False,degenerate_scores
C3_orthogonal_unequal_singular,41,M4_matrix_response,ok,-2.7755575615628914e-16,0.0,0.0,0.12981423676520099,0.12981423676520099,0.0,True,calibrated_load_margin_preserved
C3_orthogonal_unequal_singular,42,M1_signed_prototype,ok,-1.6653345369377348e-16,0.0,0.0,1.1659726419446037,1.1659726419446037,0.0,True,calibrated_load_margin_preserved
C3_orthogonal_unequal_singular,42,M2_unsigned_prototype,ok,1.249000902703301e-16,0.0,0.0,0.4684205399272175,0.4684205399272175,0.0,True,calibrated_load_margin_preserved
C3_orthogonal_unequal_singular,42,M3_top1_projection,ok,-1.942890293094024e-16,0.0,0.0,0.46842055212888534,0.46842055212888534,0.0,True,calibrated_load_margin_preserved
C3_orthogonal_unequal_singular,42,M3_fullspan_control,ok,-2.220446049250313e-16,0.36829999999999996,0.1996,2.3139268279237513e-16,9.725553695716371e-18,-2.2166712909665877e-16,False,degenerate_scores
C3_orthogonal_unequal_singular,42,M4_matrix_response,ok,2.220446049250313e-16,0.0,0.0,1.7565770704833197,1.7565770704833197,0.0,True,calibrated_load_margin_preserved
C3_orthogonal_unequal_singular,43,M1_signed_prototype,ok,-4.996003610813204e-16,0.0,0.0,1.0522194987993816,1.0522194987993816,0.0,True,calibrated_load_margin_preserved
C3_orthogonal_unequal_singular,43,M2_unsigned_prototype,ok,0.0,0.0,0.0,0.5924700884578459,0.5924700884578459,0.0,True,calibrated_load_margin_preserved
C3_orthogonal_unequal_singular,43,M3_top1_projection,ok,3.885780586188048e-16,0.0,0.0,0.41314595417657,0.41314595417657,0.0,True,calibrated_load_margin_preserved
C3_orthogonal_unequal_singular,43,M3_fullspan_control,ok,4.440892098500626e-16,0.5,0.30189999999999995,4.745648318760231e-16,3.6944891590451335e-16,-1.0511591597150978e-16,False,degenerate_scores
C3_orthogonal_unequal_singular,43,M4_matrix_response,ok,6.661338147750939e-16,0.0,0.0,1.5492973281621378,1.5492973281621378,0.0,True,calibrated_load_margin_preserved
C3_orthogonal_unequal_singular,44,M1_signed_prototype,ok,0.0,0.0,0.0,0.10724434091702337,0.10724434091702337,0.0,True,calibrated_load_margin_preserved
C3_orthogonal_unequal_singular,44,M2_unsigned_prototype,ok,1.5959455978986625e-16,0.0,0.0,0.10686323389482909,0.10686323389482909,0.0,True,calibrated_load_margin_preserved
C3_orthogonal_unequal_singular,44,M3_top1_projection,ok,4.163336342344337e-17,0.0,0.0,0.3896259699626785,0.3896259699626785,0.0,True,calibrated_load_margin_preserved
C3_orthogonal_unequal_singular,44,M3_fullspan_control,ok,0.0,0.18679999999999997,0.18679999999999997,9.401368572525826e-17,9.401368572525826e-17,0.0,False,degenerate_scores
C3_orthogonal_unequal_singular,44,M4_matrix_response,ok,-3.3306690738754696e-16,0.0,0.0,1.4610973873600444,1.4610973873600444,0.0,True,calibrated_load_margin_preserved
C3_orthogonal_unequal_singular,45,M1_signed_prototype,ok,-5.551115123125783e-17,0.0,0.0,0.7446479797183158,0.7446479797183158,0.0,True,calibrated_load_margin_preserved
C3_orthogonal_unequal_singular,45,M2_unsigned_prototype,ok,-5.551115123125783e-17,0.0,0.0,0.6040174852404778,0.6040174852404778,0.0,True,calibrated_load_margin_preserved
C3_orthogonal_unequal_singular,45,M3_top1_projection,ok,1.3877787807814457e-16,0.0,0.0,0.62759944360302,0.62759944360302,0.0,True,calibrated_load_margin_preserved
C3_orthogonal_unequal_singular,45,M3_fullspan_control,ok,2.220446049250313e-16,0.4948,0.2601,2.376321361907685e-16,2.1467272404152027e-16,-2.2959412149248248e-17,False,degenerate_scores
C3_orthogonal_unequal_singular,45,M4_matrix_response,ok,3.3306690738754696e-16,0.0,0.0,2.3534979135113248,2.3534979135113248,0.0,True,calibrated_load_margin_preserved
C3_orthogonal_unequal_singular,46,M1_signed_prototype,ok,-1.1102230246251565e-16,0.0,0.0,0.8518950339874249,0.8518950339874249,0.0,True,calibrated_load_margin_preserved
C3_orthogonal_unequal_singular,46,M2_unsigned_prototype,ok,5.273559366969494e-16,0.0,0.0,0.6331226551112785,0.6331226551112785,0.0,True,calibrated_load_margin_preserved
C3_orthogonal_unequal_singular,46,M3_top1_projection,ok,-5.551115123125783e-17,0.0,0.0,0.6331226813208416,0.6331226813208416,0.0,True,calibrated_load_margin_preserved
C3_orthogonal_unequal_singular,46,M3_fullspan_control,ok,-2.220446049250313e-16,0.3619,0.19389999999999996,2.4487079031132453e-16,1.396660564978447e-17,-2.3090418466154007e-16,False,degenerate_scores
C3_orthogonal_unequal_singular,46,M4_matrix_response,ok,-2.220446049250313e-16,0.0,0.0,2.374210054953156,2.374210054953156,0.0,True,calibrated_load_margin_preserved
C3_orthogonal_unequal_singular,47,M1_signed_prototype,ok,5.551115123125783e-17,0.0,0.0,0.8172975498396414,0.8172975498396414,0.0,True,calibrated_load_margin_preserved
C3_orthogonal_unequal_singular,47,M2_unsigned_prototype,ok,-1.3877787807814457e-16,0.0,0.0,0.62669150310242,0.62669150310242,0.0,True,calibrated_load_margin_preserved
C3_orthogonal_unequal_singular,47,M3_top1_projection,ok,-1.1102230246251565e-16,0.0,0.0,0.6056657744793749,0.6056657744793749,0.0,True,calibrated_load_margin_preserved
C3_orthogonal_unequal_singular,47,M3_fullspan_control,ok,-2.220446049250313e-16,0.4137,0.0998,2.6063595726100174e-16,5.908606937055083e-17,-2.015498878904509e-16,False,degenerate_scores
C3_orthogonal_unequal_singular,47,M4_matrix_response,ok,2.220446049250313e-16,0.0,0.0,2.2712466542976566,2.2712466542976566,0.0,True,calibrated_load_margin_preserved
C3_orthogonal_unequal_singular,48,M1_signed_prototype,ok,0.0,0.0,0.0,0.12889339647041212,0.12889339647041212,0.0,True,calibrated_load_margin_preserved
C3_orthogonal_unequal_singular,48,M2_unsigned_prototype,ok,1.3357370765021415e-16,0.0,0.0,0.12823123224333371,0.12823123224333371,0.0,True,calibrated_load_margin_preserved
C3_orthogonal_unequal_singular,48,M3_top1_projection,ok,0.0,0.0,0.0,0.406590609403934,0.406590609403934,0.0,True,calibrated_load_margin_preserved
C3_orthogonal_unequal_singular,48,M3_fullspan_control,ok,0.0,0.08079999999999998,0.08079999999999998,1.0471623568264477e-16,1.0471623568264477e-16,0.0,False,degenerate_scores
C3_orthogonal_unequal_singular,48,M4_matrix_response,ok,4.996003610813204e-16,0.0,0.0,1.524714785264752,1.524714785264752,0.0,True,calibrated_load_margin_preserved
C3_orthogonal_unequal_singular,49,M1_signed_prototype,ok,2.220446049250313e-16,0.0,0.0,0.5744275626251049,0.5744275626251049,0.0,True,calibrated_load_margin_preserved
C3_orthogonal_unequal_singular,49,M2_unsigned_prototype,ok,-1.1102230246251565e-16,0.0,0.0,0.5126455709686519,0.5126455709686519,0.0,True,calibrated_load_margin_preserved
C3_orthogonal_unequal_singular,49,M3_top1_projection,ok,-2.7755575615628914e-17,0.0,0.0,0.5126455704966989,0.5126455704966989,0.0,True,calibrated_load_margin_preserved
C3_orthogonal_unequal_singular,49,M3_fullspan_control,ok,0.0,0.08689999999999998,0.08689999999999998,1.0251799409388695e-16,1.0251799409388695e-16,0.0,False,degenerate_scores
C3_orthogonal_unequal_singular,49,M4_matrix_response,ok,3.3306690738754696e-16,0.0,0.0,1.9224208893626216,1.9224208893626216,0.0,True,calibrated_load_margin_preserved
C3_orthogonal_unequal_singular,50,M1_signed_prototype,ok,0.0,0.0,0.0,0.07507113713247168,0.07507113713247168,0.0,True,calibrated_load_margin_preserved
C3_orthogonal_unequal_singular,50,M2_unsigned_prototype,ok,-6.483528991463317e-17,0.0,0.0,0.07494053465738687,0.07494053465738687,0.0,True,calibrated_load_margin_preserved
C3_orthogonal_unequal_singular,50,M3_top1_projection,ok,-1.0408340855860843e-17,0.0,0.0,0.23137882568675391,0.23137882568675391,0.0,True,calibrated_load_margin_preserved
C3_orthogonal_unequal_singular,50,M3_fullspan_control,ok,0.0,0.3822,0.3822,1.1278755707166966e-16,1.1278755707166966e-16,0.0,False,degenerate_scores
C3_orthogonal_unequal_singular,50,M4_matrix_response,ok,-2.7755575615628914e-16,0.0,0.0,0.8676705963253271,0.8676705963253271,0.0,True,calibrated_load_margin_preserved
C3_orthogonal_unequal_singular,51,M1_signed_prototype,ok,6.331740687315346e-16,0.0,0.0,1.2730003699984238,1.2730003699984238,0.0,True,calibrated_load_margin_preserved
C3_orthogonal_unequal_singular,51,M2_unsigned_prototype,ok,6.318188160159277e-17,0.0,0.0,0.024674115540924624,0.024674115540924624,0.0,True,calibrated_load_margin_preserved
C3_orthogonal_unequal_singular,51,M3_top1_projection,ok,-3.122502256758253e-17,0.0,0.0,0.27758941231534134,0.27758941231534134,0.0,True,calibrated_load_margin_preserved
C3_orthogonal_unequal_singular,51,M3_fullspan_control,ok,-2.220446049250313e-16,0.23349999999999999,0.33099999999999996,1.839084440291572e-16,-3.944622406493181e-17,-2.23354668094089e-16,False,degenerate_scores
C3_orthogonal_unequal_singular,51,M4_matrix_response,ok,-2.7755575615628914e-16,0.0,0.0,1.0409602961825297,1.0409602961825297,0.0,True,calibrated_load_margin_preserved
C3_orthogonal_unequal_singular,52,M1_signed_prototype,ok,-2.220446049250313e-16,0.0,0.0,1.1364880729514242,1.1364880729514242,0.0,True,calibrated_load_margin_preserved
C3_orthogonal_unequal_singular,52,M2_unsigned_prototype,ok,2.7755575615628914e-17,0.0,0.0,0.5123948886882331,0.5123948886882331,0.0,True,calibrated_load_margin_preserved
C3_orthogonal_unequal_singular,52,M3_top1_projection,ok,1.6653345369377348e-16,0.0,0.0,0.5123948930238148,0.5123948930238148,0.0,True,calibrated_load_margin_preserved
C3_orthogonal_unequal_singular,52,M3_fullspan_control,ok,3.3306690738754696e-16,0.49960000000000004,0.09670000000000001,3.423039629524283e-16,1.864286502950563e-16,-1.55875312657372e-16,False,degenerate_scores
C3_orthogonal_unequal_singular,52,M4_matrix_response,ok,0.0,0.0,0.0,1.921480848839305,1.921480848839305,0.0,True,calibrated_load_margin_preserved
C3_orthogonal_unequal_singular,53,M1_signed_prototype,ok,1.1102230246251565e-16,0.0,0.0,0.6756529988815421,0.6756529988815421,0.0,True,calibrated_load_margin_preserved
C3_orthogonal_unequal_singular,53,M2_unsigned_prototype,ok,-8.326672684688674e-17,0.0,0.0,0.5726746601956233,0.5726746601956233,0.0,True,calibrated_load_margin_preserved
C3_orthogonal_unequal_singular,53,M3_top1_projection,ok,1.3877787807814457e-16,0.0,0.0,0.5726746569996907,0.5726746569996907,0.0,True,calibrated_load_margin_preserved
C3_orthogonal_unequal_singular,53,M3_fullspan_control,ok,0.0,0.29800000000000004,0.29800000000000004,1.0011991236069662e-16,1.0011991236069662e-16,0.0,False,degenerate_scores
C3_orthogonal_unequal_singular,53,M4_matrix_response,ok,3.3306690738754696e-16,0.0,0.0,2.14752996374884,2.14752996374884,0.0,True,calibrated_load_margin_preserved
C3_orthogonal_unequal_singular,54,M1_signed_prototype,ok,0.0,0.0,0.0,0.19349682938462281,0.19349682938462281,0.0,True,calibrated_load_margin_preserved
C3_orthogonal_unequal_singular,54,M2_unsigned_prototype,ok,1.8388068845354155e-16,0.0,0.0,0.191249314562656,0.191249314562656,0.0,True,calibrated_load_margin_preserved
C3_orthogonal_unequal_singular,54,M3_top1_projection,ok,4.163336342344337e-17,0.0,0.0,0.19124932549537496,0.19124932549537496,0.0,True,calibrated_load_margin_preserved
C3_orthogonal_unequal_singular,54,M3_fullspan_control,ok,0.0,0.2905,0.2905,9.85656001262214e-17,9.85656001262214e-17,0.0,False,degenerate_scores
C3_orthogonal_unequal_singular,54,M4_matrix_response,ok,7.216449660063518e-16,0.0,0.0,0.7171849706076558,0.7171849706076558,0.0,True,calibrated_load_margin_preserved
C3_orthogonal_unequal_singular,55,M1_signed_prototype,ok,1.3877787807814457e-16,0.0,0.0,1.1324008446739102,1.1324008446739102,0.0,True,calibrated_load_margin_preserved
C3_orthogonal_unequal_singular,55,M2_unsigned_prototype,ok,-2.7755575615628914e-17,0.0,0.0,0.5176860596200017,0.5176860596200017,0.0,True,calibrated_load_margin_preserved
C3_orthogonal_unequal_singular,55,M3_top1_projection,ok,1.3877787807814457e-16,0.0,0.0,0.5176860594027094,0.5176860594027094,0.0,True,calibrated_load_margin_preserved
C3_orthogonal_unequal_singular,55,M3_fullspan_control,ok,2.220446049250313e-16,0.45909999999999995,0.009299999999999975,1.4773737788686958e-16,1.2626566459061905e-16,-2.147171329625053e-17,False,degenerate_scores
C3_orthogonal_unequal_singular,55,M4_matrix_response,ok,-1.1102230246251565e-16,0.0,0.0,1.9413227227601602,1.9413227227601602,0.0,True,calibrated_load_margin_preserved
C3_orthogonal_unequal_singular,56,M1_signed_prototype,ok,-1.1102230246251565e-16,0.0,0.0,0.5804324706615558,0.5804324706615558,0.0,True,calibrated_load_margin_preserved
C3_orthogonal_unequal_singular,56,M2_unsigned_prototype,ok,0.0,0.0,0.0,0.51661164142287,0.51661164142287,0.0,True,calibrated_load_margin_preserved
C3_orthogonal_unequal_singular,56,M3_top1_projection,ok,-4.5102810375396984e-17,0.0,0.0,0.28076665721891464,0.28076665721891464,0.0,True,calibrated_load_margin_preserved
C3_orthogonal_unequal_singular,56,M3_fullspan_control,ok,-1.1102230246251565e-16,0.11930000000000002,0.08430000000000004,1.3925527397873338e-16,9.404699241599701e-17,-4.5208281562736375e-17,False,degenerate_scores
C3_orthogonal_unequal_singular,56,M4_matrix_response,ok,-7.216449660063518e-16,0.0,0.0,1.0528749645709303,1.0528749645709303,0.0,True,calibrated_load_margin_preserved
C3_orthogonal_unequal_singular,57,M1_signed_prototype,ok,2.220446049250313e-16,0.0,0.0,0.9798424879811759,0.9798424879811759,0.0,True,calibrated_load_margin_preserved
C3_orthogonal_unequal_singular,57,M2_unsigned_prototype,ok,4.718447854656915e-16,0.0,0.0,0.6256948193328714,0.6256948193328714,0.0,True,calibrated_load_margin_preserved
C3_orthogonal_unequal_singular,57,M3_top1_projection,ok,-1.1102230246251565e-16,0.0,0.0,0.6256948154420604,0.6256948154420604,0.0,True,calibrated_load_margin_preserved
C3_orthogonal_unequal_singular,57,M3_fullspan_control,ok,2.220446049250313e-16,0.4645,0.011700000000000044,1.6516787937348454e-16,1.1802780974790038e-16,-4.7140069625584157e-17,False,degenerate_scores
C3_orthogonal_unequal_singular,57,M4_matrix_response,ok,-2.220446049250313e-16,0.0,0.0,2.3463555579077267,2.3463555579077267,0.0,True,calibrated_load_margin_preserved
C3_orthogonal_unequal_singular,58,M1_signed_prototype,ok,-1.1102230246251565e-16,0.0,0.0,0.19672902549638516,0.19672902549638516,0.0,True,calibrated_load_margin_preserved
C3_orthogonal_unequal_singular,58,M2_unsigned_prototype,ok,4.5102810375396984e-17,0.0,0.0,0.19436652705885427,0.19436652705885427,0.0,True,calibrated_load_margin_preserved
C3_orthogonal_unequal_singular,58,M3_top1_projection,ok,7.45931094670027e-17,0.0,0.0,0.19436651406770994,0.19436651406770994,0.0,True,calibrated_load_margin_preserved
C3_orthogonal_unequal_singular,58,M3_fullspan_control,ok,0.0,0.1925,0.1925,9.386935673205699e-17,9.386935673205699e-17,0.0,False,degenerate_scores
C3_orthogonal_unequal_singular,58,M4_matrix_response,ok,1.6653345369377348e-16,0.0,0.0,0.7288744277539115,0.7288744277539115,0.0,True,calibrated_load_margin_preserved
C3_orthogonal_unequal_singular,59,M1_signed_prototype,ok,-5.551115123125783e-17,0.0,0.0,0.9500140878567036,0.9500140878567036,0.0,True,calibrated_load_margin_preserved
C3_orthogonal_unequal_singular,59,M2_unsigned_prototype,ok,-2.7755575615628914e-17,0.0,0.0,0.6325096666168397,0.6325096666168397,0.0,True,calibrated_load_margin_preserved
C3_orthogonal_unequal_singular,59,M3_top1_projection,ok,0.0,0.0,0.0,0.5920841151639462,0.5920841151639462,0.0,True,calibrated_load_margin_preserved
C3_orthogonal_unequal_singular,59,M3_fullspan_control,ok,0.0,0.20220000000000005,0.20220000000000005,9.329204075925191e-17,9.329204075925191e-17,0.0,False,degenerate_scores
C3_orthogonal_unequal_singular,59,M4_matrix_response,ok,-5.551115123125783e-16,0.0,0.0,2.220315431864799,2.220315431864799,0.0,True,calibrated_load_margin_preserved
C3_orthogonal_unequal_singular,60,M1_signed_prototype,ok,0.0,0.0,0.0,1.2527429682270879,1.2527429682270879,0.0,True,calibrated_load_margin_preserved
C3_orthogonal_unequal_singular,60,M2_unsigned_prototype,ok,-8.673617379884035e-17,0.0,0.0,0.22387603271577633,0.22387603271577633,0.0,True,calibrated_load_margin_preserved
C3_orthogonal_unequal_singular,60,M3_top1_projection,ok,1.942890293094024e-16,0.0,0.0,0.47798782801274475,0.47798782801274475,0.0,True,calibrated_load_margin_preserved
C3_orthogonal_unequal_singular,60,M3_fullspan_control,ok,4.440892098500626e-16,0.4998,0.10370000000000001,3.995137554113626e-16,1.9725332478515156e-16,-2.0226043062621103e-16,False,degenerate_scores
C3_orthogonal_unequal_singular,60,M4_matrix_response,ok,-1.1102230246251565e-16,0.0,0.0,1.7924543550477927,1.7924543550477927,0.0,True,calibrated_load_margin_preserved
C3_orthogonal_unequal_singular,61,M1_signed_prototype,ok,1.6653345369377348e-16,0.0,0.0,0.28292264883471,0.28292264883471,0.0,True,calibrated_load_margin_preserved
C3_orthogonal_unequal_singular,61,M2_unsigned_prototype,ok,1.214306433183765e-16,0.0,0.0,0.2758494553918141,0.2758494553918141,0.0,True,calibrated_load_margin_preserved
C3_orthogonal_unequal_singular,61,M3_top1_projection,ok,-5.551115123125783e-17,0.0,0.0,0.2758494628080334,0.2758494628080334,0.0,True,calibrated_load_margin_preserved
C3_orthogonal_unequal_singular,61,M3_fullspan_control,ok,0.0,0.0625,0.0625,1.1285417045314716e-16,1.1285417045314716e-16,0.0,False,degenerate_scores
C3_orthogonal_unequal_singular,61,M4_matrix_response,ok,1.1102230246251565e-16,0.0,0.0,1.0344354855301254,1.0344354855301254,0.0,True,calibrated_load_margin_preserved
C3_orthogonal_unequal_singular,62,M1_signed_prototype,ok,2.7755575615628914e-16,0.0,0.0,0.5670172316686206,0.5670172316686206,0.0,True,calibrated_load_margin_preserved
C3_orthogonal_unequal_singular,62,M2_unsigned_prototype,ok,-1.5265566588595902e-16,0.0,0.0,0.5076870086480308,0.5076870086480308,0.0,True,calibrated_load_margin_preserved
C3_orthogonal_unequal_singular,62,M3_top1_projection,ok,7.979727989493313e-17,0.0,0.0,0.2672026416738221,0.2672026416738221,0.0,True,calibrated_load_margin_preserved
C3_orthogonal_unequal_singular,62,M3_fullspan_control,ok,2.220446049250313e-16,0.47230000000000005,0.05500000000000005,1.7894574710908272e-16,1.3300471835009375e-16,-4.594102875898897e-17,False,degenerate_scores
C3_orthogonal_unequal_singular,62,M4_matrix_response,ok,-4.440892098500626e-16,0.0,0.0,1.0020099062768335,1.0020099062768335,0.0,True,calibrated_load_margin_preserved
C3_orthogonal_unequal_singular,63,M1_signed_prototype,ok,-9.606031248221569e-17,0.0,0.0,1.2732310853500661,1.2732310853500661,0.0,True,calibrated_load_margin_preserved
C3_orthogonal_unequal_singular,63,M2_unsigned_prototype,ok,-2.582967680345681e-16,0.0,0.0,0.004644078784655129,0.004644078784655129,0.0,True,calibrated_load_margin_preserved
C3_orthogonal_unequal_singular,63,M3_top1_projection,ok,-3.469446951953614e-17,0.0,0.0,0.29548009690921906,0.29548009690921906,0.0,True,calibrated_load_margin_preserved
C3_orthogonal_unequal_singular,63,M3_fullspan_control,ok,1.1102230246251565e-16,0.36739999999999995,0.03600000000000003,1.13464793116691e-16,1.13464793116691e-16,0.0,False,degenerate_scores
C3_orthogonal_unequal_singular,63,M4_matrix_response,ok,-7.771561172376096e-16,0.0,0.0,1.1080503634095715,1.1080503634095715,0.0,True,calibrated_load_margin_preserved
C3_orthogonal_unequal_singular,64,M1_signed_prototype,ok,-1.1102230246251565e-16,0.0,0.0,1.0186746695468274,1.0186746695468274,0.0,True,calibrated_load_margin_preserved
C3_orthogonal_unequal_singular,64,M2_unsigned_prototype,ok,-1.1102230246251565e-16,0.0,0.0,0.6111162549400315,0.6111162549400315,0.0,True,calibrated_load_margin_preserved
C3_orthogonal_unequal_singular,64,M3_top1_projection,ok,-5.551115123125783e-17,0.0,0.0,0.4552736916765069,0.4552736916765069,0.0,True,calibrated_load_margin_preserved
C3_orthogonal_unequal_singular,64,M3_fullspan_control,ok,-2.220446049250313e-16,0.10449999999999998,0.405,1.529332216421153e-16,-5.836442440454447e-17,-2.112976460466598e-16,False,degenerate_scores
C3_orthogonal_unequal_singular,64,M4_matrix_response,ok,-4.996003610813204e-16,0.0,0.0,1.707276343786901,1.707276343786901,0.0,True,calibrated_load_margin_preserved
C3_orthogonal_unequal_singular,65,M1_signed_prototype,ok,-1.1102230246251565e-16,0.0,0.0,0.8324493985484412,0.8324493985484412,0.0,True,calibrated_load_margin_preserved
C3_orthogonal_unequal_singular,65,M2_unsigned_prototype,ok,-2.220446049250313e-16,0.0,0.0,0.6298842125524735,0.6298842125524735,0.0,True,calibrated_load_margin_preserved
C3_orthogonal_unequal_singular,65,M3_top1_projection,ok,3.3306690738754696e-16,0.0,0.0,0.6298842461359903,0.6298842461359903,0.0,True,calibrated_load_margin_preserved
C3_orthogonal_unequal_singular,65,M3_fullspan_control,ok,2.220446049250313e-16,0.49750000000000005,0.32799999999999996,2.682853939006691e-16,2.522537734250818e-16,-1.603162047558727e-17,False,degenerate_scores
C3_orthogonal_unequal_singular,65,M4_matrix_response,ok,9.992007221626409e-16,0.0,0.0,2.3620659230099634,2.3620659230099634,0.0,True,calibrated_load_margin_preserved
C3_orthogonal_unequal_singular,66,M1_signed_prototype,ok,-1.1102230246251565e-16,0.0,0.0,0.5403329463032167,0.5403329463032167,0.0,True,calibrated_load_margin_preserved
C3_orthogonal_unequal_singular,66,M2_unsigned_prototype,ok,8.326672684688674e-17,0.0,0.0,0.4892637976909097,0.4892637976909097,0.0,True,calibrated_load_margin_preserved
C3_orthogonal_unequal_singular,66,M3_top1_projection,ok,2.42861286636753e-17,0.0,0.0,0.2400256427345876,0.2400256427345876,0.0,True,calibrated_load_margin_preserved
C3_orthogonal_unequal_singular,66,M3_fullspan_control,ok,2.220446049250313e-16,0.4789,0.1038,1.911248936892207e-16,1.4780399126834708e-16,-4.332090242087362e-17,False,degenerate_scores
C3_orthogonal_unequal_singular,66,M4_matrix_response,ok,5.551115123125783e-17,0.0,0.0,0.9000961602547042,0.9000961602547042,0.0,True,calibrated_load_margin_preserved
C3_orthogonal_unequal_singular,67,M1_signed_prototype,ok,-1.3877787807814457e-16,0.0,0.0,1.1607035488515174,1.1607035488515174,0.0,True,calibrated_load_margin_preserved
C3_orthogonal_unequal_singular,67,M2_unsigned_prototype,ok,-5.551115123125783e-17,0.0,0.0,0.47710293843394375,0.47710293843394375,0.0,True,calibrated_load_margin_preserved
C3_orthogonal_unequal_singular,67,M3_top1_projection,ok,-2.0816681711721685e-16,0.0,0.0,0.47710290443094744,0.47710290443094744,0.0,True,calibrated_load_margin_preserved
C3_orthogonal_unequal_singular,67,M3_fullspan_control,ok,-3.3306690738754696e-16,0.4776,0.0026000000000000467,3.5975666889953574e-16,1.1857181902996673e-16,-2.41184849869569e-16,False,degenerate_scores
C3_orthogonal_unequal_singular,67,M4_matrix_response,ok,-1.1102230246251565e-16,0.0,0.0,1.7891358916160531,1.7891358916160531,0.0,True,calibrated_load_margin_preserved
C3_orthogonal_unequal_singular,68,M1_signed_prototype,ok,-1.1102230246251565e-16,0.0,0.0,0.23446316112045798,0.23446316112045798,0.0,True,calibrated_load_margin_preserved
C3_orthogonal_unequal_singular,68,M2_unsigned_prototype,ok,3.8163916471489756e-17,0.0,0.0,0.23045355256586314,0.23045355256586314,0.0,True,calibrated_load_margin_preserved
C3_orthogonal_unequal_singular,68,M3_top1_projection,ok,1.8865117801247777e-17,0.0,0.0,0.07592645849735354,0.07592645849735354,0.0,True,calibrated_load_margin_preserved
C3_orthogonal_unequal_singular,68,M3_fullspan_control,ok,0.0,0.18730000000000002,0.18730000000000002,9.551248680850221e-17,9.551248680850221e-17,0.0,False,degenerate_scores
C3_orthogonal_unequal_singular,68,M4_matrix_response,ok,-1.1102230246251565e-16,0.0,0.0,0.28472421936507536,0.28472421936507536,0.0,True,calibrated_load_margin_preserved
C3_orthogonal_unequal_singular,69,M1_signed_prototype,ok,1.1102230246251565e-16,0.0,0.0,0.4280102738852172,0.4280102738852172,0.0,True,calibrated_load_margin_preserved
C3_orthogonal_unequal_singular,69,M2_unsigned_prototype,ok,-6.245004513516506e-17,0.0,0.0,0.40310239579703167,0.40310239579703167,0.0,True,calibrated_load_margin_preserved
C3_orthogonal_unequal_singular,69,M3_top1_projection,ok,3.885780586188048e-16,0.0,0.0,0.5875564564352459,0.5875564564352459,0.0,True,calibrated_load_margin_preserved
C3_orthogonal_unequal_singular,69,M3_fullspan_control,ok,6.661338147750939e-16,0.5,0.11019999999999996,6.238454197671218e-16,2.5431878825088463e-16,-3.6952663151623713e-16,False,degenerate_scores
C3_orthogonal_unequal_singular,69,M4_matrix_response,ok,7.771561172376096e-16,0.0,0.0,2.2033367116321707,2.2033367116321707,0.0,True,calibrated_load_margin_preserved
C3_orthogonal_unequal_singular,70,M1_signed_prototype,ok,1.1102230246251565e-16,0.0,0.0,1.1652449941741345,1.1652449941741345,0.0,True,calibrated_load_margin_preserved
C3_orthogonal_unequal_singular,70,M2_unsigned_prototype,ok,8.326672684688674e-17,0.0,0.0,0.4696432737266823,0.4696432737266823,0.0,True,calibrated_load_margin_preserved
C3_orthogonal_unequal_singular,70,M3_top1_projection,ok,1.0755285551056204e-16,0.0,0.0,0.21213671235648782,0.21213671235648782,0.0,True,calibrated_load_margin_preserved
C3_orthogonal_unequal_singular,70,M3_fullspan_control,ok,2.220446049250313e-16,0.48750000000000004,0.15890000000000004,2.1488366641619905e-16,1.6658896484500473e-16,-4.8294701571194315e-17,False,degenerate_scores
C3_orthogonal_unequal_singular,70,M4_matrix_response,ok,-2.7755575615628914e-16,0.0,0.0,0.7955126713368295,0.7955126713368295,0.0,True,calibrated_load_margin_preserved
C3_orthogonal_unequal_singular,71,M1_signed_prototype,ok,-5.551115123125783e-17,0.0,0.0,0.6150137894509173,0.6150137894509173,0.0,True,calibrated_load_margin_preserved
C3_orthogonal_unequal_singular,71,M2_unsigned_prototype,ok,4.440892098500626e-16,0.0,0.0,0.5385081724036948,0.5385081724036948,0.0,True,calibrated_load_margin_preserved
C3_orthogonal_unequal_singular,71,M3_top1_projection,ok,2.0816681711721685e-16,0.0,0.0,0.5385081944829506,0.5385081944829506,0.0,True,calibrated_load_margin_preserved
C3_orthogonal_unequal_singular,71,M3_fullspan_control,ok,-2.220446049250313e-16,0.4431,0.03200000000000003,2.843503210669951e-16,9.627854069549357e-17,-1.8807178037150151e-16,False,degenerate_scores
C3_orthogonal_unequal_singular,71,M4_matrix_response,ok,1.1102230246251565e-15,0.0,0.0,2.019405729311065,2.019405729311065,0.0,True,calibrated_load_margin_preserved
C3_orthogonal_unequal_singular,72,M1_signed_prototype,ok,1.6653345369377348e-16,0.0,0.0,0.652334822272926,0.652334822272926,0.0,True,calibrated_load_margin_preserved
C3_orthogonal_unequal_singular,72,M2_unsigned_prototype,ok,2.7755575615628914e-16,0.0,0.0,0.5602128670974259,0.5602128670974259,0.0,True,calibrated_load_margin_preserved
C3_orthogonal_unequal_singular,72,M3_top1_projection,ok,0.0,0.0,0.0,0.5602128395203039,0.5602128395203039,0.0,True,calibrated_load_margin_preserved
C3_orthogonal_unequal_singular,72,M3_fullspan_control,ok,0.0,0.07250000000000001,0.07250000000000001,1.0691447727140257e-16,1.0691447727140257e-16,0.0,False,degenerate_scores
C3_orthogonal_unequal_singular,72,M4_matrix_response,ok,-1.1102230246251565e-16,0.0,0.0,2.1007981482011395,2.1007981482011395,0.0,True,calibrated_load_margin_preserved
C3_orthogonal_unequal_singular,73,M1_signed_prototype,ok,5.551115123125783e-17,0.0,0.0,0.9401132741883552,0.9401132741883552,0.0,True,calibrated_load_margin_preserved
C3_orthogonal_unequal_singular,73,M2_unsigned_prototype,ok,-2.7755575615628914e-17,0.0,0.0,0.6340153691061415,0.6340153691061415,0.0,True,calibrated_load_margin_preserved
C3_orthogonal_unequal_singular,73,M3_top1_projection,ok,2.7755575615628914e-17,0.0,0.0,0.6340154116418395,0.6340154116418395,0.0,True,calibrated_load_margin_preserved
C3_orthogonal_unequal_singular,73,M3_fullspan_control,ok,-1.1102230246251565e-16,0.07650000000000001,0.08299999999999996,1.3358203432289884e-16,9.816591983735634e-17,-3.54161144855425e-17,False,degenerate_scores
C3_orthogonal_unequal_singular,73,M4_matrix_response,ok,1.1102230246251565e-16,0.0,0.0,2.3775577936568983,2.3775577936568983,0.0,True,calibrated_load_margin_preserved
C3_orthogonal_unequal_singular,74,M1_signed_prototype,ok,0.0,0.0,0.0,0.1464413925058065,0.1464413925058065,0.0,True,calibrated_load_margin_preserved
C3_orthogonal_unequal_singular,74,M2_unsigned_prototype,ok,-2.8189256484623115e-16,0.0,0.0,0.1454695817918571,0.1454695817918571,0.0,True,calibrated_load_margin_preserved
C3_orthogonal_unequal_singular,74,M3_top1_projection,ok,-2.498001805406602e-16,0.0,0.0,0.42001522352811715,0.42001522352811715,0.0,True,calibrated_load_margin_preserved
C3_orthogonal_unequal_singular,74,M3_fullspan_control,ok,-6.661338147750939e-16,0.5,0.3667,5.959677196187841e-16,-3.7325698087897764e-16,-9.692247004977617e-16,False,degenerate_scores
C3_orthogonal_unequal_singular,74,M4_matrix_response,ok,3.3306690738754696e-16,0.0,0.0,1.5750570882304389,1.5750570882304389,0.0,True,calibrated_load_margin_preserved
C3_orthogonal_unequal_singular,75,M1_signed_prototype,ok,-5.551115123125783e-17,0.0,0.0,1.1737635579432473,1.1737635579432473,0.0,True,calibrated_load_margin_preserved
C3_orthogonal_unequal_singular,75,M2_unsigned_prototype,ok,-4.163336342344337e-17,0.0,0.0,0.4548276735002972,0.4548276735002972,0.0,True,calibrated_load_margin_preserved
C3_orthogonal_unequal_singular,75,M3_top1_projection,ok,8.500145032286355e-17,0.0,0.0,0.191699860002131,0.191699860002131,0.0,True,calibrated_load_margin_preserved
C3_orthogonal_unequal_singular,75,M3_fullspan_control,ok,1.1102230246251565e-16,0.45199999999999996,0.07420000000000004,1.431965657161527e-16,1.431965657161527e-16,0.0,False,degenerate_scores
C3_orthogonal_unequal_singular,75,M4_matrix_response,ok,7.216449660063518e-16,0.0,0.0,0.7188744750079911,0.7188744750079911,0.0,True,calibrated_load_margin_preserved
C3_orthogonal_unequal_singular,76,M1_signed_prototype,ok,3.3306690738754696e-16,0.0,0.0,0.8267092817268306,0.8267092817268306,0.0,True,calibrated_load_margin_preserved
C3_orthogonal_unequal_singular,76,M2_unsigned_prototype,ok,8.326672684688674e-17,0.0,0.0,0.6287420257541785,0.6287420257541785,0.0,True,calibrated_load_margin_preserved
C3_orthogonal_unequal_singular,76,M3_top1_projection,ok,-2.7755575615628914e-17,0.0,0.0,0.5077884821193339,0.5077884821193339,0.0,True,calibrated_load_margin_preserved
C3_orthogonal_unequal_singular,76,M3_fullspan_control,ok,0.0,0.18400000000000005,0.18400000000000005,9.851008897499014e-17,9.851008897499014e-17,0.0,False,degenerate_scores
C3_orthogonal_unequal_singular,76,M4_matrix_response,ok,1.1102230246251565e-16,0.0,0.0,1.9042068079475019,1.9042068079475019,0.0,True,calibrated_load_margin_preserved
C3_orthogonal_unequal_singular,77,M1_signed_prototype,ok,-3.3306690738754696e-16,0.0,0.0,0.8728118436954266,0.8728118436954266,0.0,True,calibrated_load_margin_preserved
C3_orthogonal_unequal_singular,77,M2_unsigned_prototype,ok,8.326672684688674e-17,0.0,0.0,0.6354664828582429,0.6354664828582429,0.0,True,calibrated_load_margin_preserved
C3_orthogonal_unequal_singular,77,M3_top1_projection,ok,3.0531133177191805e-16,0.0,0.0,0.6354664919217918,0.6354664919217918,0.0,True,calibrated_load_margin_preserved
C3_orthogonal_unequal_singular,77,M3_fullspan_control,ok,0.0,0.3984,0.3984,1.1377565556358603e-16,1.1377565556358603e-16,0.0,False,degenerate_scores
C3_orthogonal_unequal_singular,77,M4_matrix_response,ok,1.5543122344752192e-15,0.0,0.0,2.3829993447067195,2.3829993447067195,0.0,True,calibrated_load_margin_preserved
C3_orthogonal_unequal_singular,78,M1_signed_prototype,ok,0.0,0.0,0.0,0.7945505049739524,0.7945505049739524,0.0,True,calibrated_load_margin_preserved
C3_orthogonal_unequal_singular,78,M2_unsigned_prototype,ok,2.7755575615628914e-17,0.0,0.0,0.6208566577620916,0.6208566577620916,0.0,True,calibrated_load_margin_preserved
C3_orthogonal_unequal_singular,78,M3_top1_projection,ok,5.551115123125783e-17,0.0,0.0,0.6140686519867191,0.6140686519867191,0.0,True,calibrated_load_margin_preserved
C3_orthogonal_unequal_singular,78,M3_fullspan_control,ok,0.0,0.21020000000000005,0.21020000000000005,9.825473767932635e-17,9.825473767932635e-17,0.0,False,degenerate_scores
C3_orthogonal_unequal_singular,78,M4_matrix_response,ok,-5.551115123125783e-16,0.0,0.0,2.3027574449501964,2.3027574449501964,0.0,True,calibrated_load_margin_preserved
C3_orthogonal_unequal_singular,79,M1_signed_prototype,ok,2.498001805406602e-16,0.0,0.0,1.2245757569166267,1.2245757569166267,0.0,True,calibrated_load_margin_preserved
C3_orthogonal_unequal_singular,79,M2_unsigned_prototype,ok,-2.0816681711721685e-17,0.0,0.0,0.3353194255003022,0.3353194255003022,0.0,True,calibrated_load_margin_preserved
C3_orthogonal_unequal_singular,79,M3_top1_projection,ok,3.2612801348363973e-16,0.0,0.0,0.33531941176308055,0.33531941176308055,0.0,True,calibrated_load_margin_preserved
C3_orthogonal_unequal_singular,79,M3_fullspan_control,ok,1.1102230246251565e-16,0.45489999999999997,0.09360000000000002,1.4483969579259792e-16,1.4483969579259792e-16,0.0,False,degenerate_scores
C3_orthogonal_unequal_singular,79,M4_matrix_response,ok,1.2212453270876722e-15,0.0,0.0,1.2574477941115514,1.2574477941115514,0.0,True,calibrated_load_margin_preserved
C3_orthogonal_unequal_singular,80,M1_signed_prototype,ok,-1.1102230246251565e-16,0.0,0.0,0.8317597257470228,0.8317597257470228,0.0,True,calibrated_load_margin_preserved
C3_orthogonal_unequal_singular,80,M2_unsigned_prototype,ok,-2.7755575615628914e-17,0.0,0.0,0.6297514161719128,0.6297514161719128,0.0,True,calibrated_load_margin_preserved
C3_orthogonal_unequal_singular,80,M3_top1_projection,ok,-1.8041124150158794e-16,0.0,0.0,0.5117748887709599,0.5117748887709599,0.0,True,calibrated_load_margin_preserved
C3_orthogonal_unequal_singular,80,M3_fullspan_control,ok,-3.3306690738754696e-16,0.4772,0.06830000000000003,3.4305891460917336e-16,6.887823644774471e-17,-2.7418067816142864e-16,False,degenerate_scores
C3_orthogonal_unequal_singular,80,M4_matrix_response,ok,-3.3306690738754696e-16,0.0,0.0,1.9191558328910994,1.9191558328910994,0.0,True,calibrated_load_margin_preserved
C3_orthogonal_unequal_singular,81,M1_signed_prototype,ok,1.3877787807814457e-16,0.0,0.0,1.2580339606138509,1.2580339606138509,0.0,True,calibrated_load_margin_preserved
C3_orthogonal_unequal_singular,81,M2_unsigned_prototype,ok,-2.0469737016526324e-16,0.0,0.0,0.19384444947221582,0.19384444947221582,0.0,True,calibrated_load_margin_preserved
C3_orthogonal_unequal_singular,81,M3_top1_projection,ok,6.591949208711867e-17,0.0,0.0,0.19384445653428276,0.19384445653428276,0.0,True,calibrated_load_margin_preserved
C3_orthogonal_unequal_singular,81,M3_fullspan_control,ok,1.1102230246251565e-16,0.43289999999999995,0.04400000000000004,1.3044010316320965e-16,1.3044010316320965e-16,0.0,False,degenerate_scores
C3_orthogonal_unequal_singular,81,M4_matrix_response,ok,-8.326672684688674e-17,0.0,0.0,0.72691671200356,0.72691671200356,0.0,True,calibrated_load_margin_preserved
C3_orthogonal_unequal_singular,82,M1_signed_prototype,ok,2.7755575615628914e-16,0.0,0.0,1.069951161357399,1.069951161357399,0.0,True,calibrated_load_margin_preserved
C3_orthogonal_unequal_singular,82,M2_unsigned_prototype,ok,5.828670879282072e-16,0.0,0.0,0.5799811286584367,0.5799811286584367,0.0,True,calibrated_load_margin_preserved
C3_orthogonal_unequal_singular,82,M3_top1_projection,ok,-1.1102230246251565e-16,0.0,0.0,0.5799811625410713,0.5799811625410713,0.0,True,calibrated_load_margin_preserved
C3_orthogonal_unequal_singular,82,M3_fullspan_control,ok,1.1102230246251565e-16,0.4305,0.10199999999999998,1.4066525722000732e-16,1.4066525722000732e-16,0.0,False,degenerate_scores
C3_orthogonal_unequal_singular,82,M4_matrix_response,ok,-6.661338147750939e-16,0.0,0.0,2.174929359529018,2.174929359529018,0.0,True,calibrated_load_margin_preserved
C3_orthogonal_unequal_singular,83,M1_signed_prototype,ok,-5.551115123125783e-17,0.0,0.0,0.7662523152821602,0.7662523152821602,0.0,True,calibrated_load_margin_preserved
C3_orthogonal_unequal_singular,83,M2_unsigned_prototype,ok,4.996003610813204e-16,0.0,0.0,0.6119573934067859,0.6119573934067859,0.0,True,calibrated_load_margin_preserved
C3_orthogonal_unequal_singular,83,M3_top1_projection,ok,8.326672684688674e-17,0.0,0.0,0.6119573632329443,0.6119573632329443,0.0,True,calibrated_load_margin_preserved
C3_orthogonal_unequal_singular,83,M3_fullspan_control,ok,2.220446049250313e-16,0.4879,0.18700000000000006,2.1255219806448623e-16,1.8446355554146976e-16,-2.8088642523016473e-17,False,degenerate_scores
C3_orthogonal_unequal_singular,83,M4_matrix_response,ok,0.0,0.0,0.0,2.294840112123541,2.294840112123541,0.0,True,calibrated_load_margin_preserved
C3_orthogonal_unequal_singular,84,M1_signed_prototype,ok,-5.273559366969494e-16,0.0,0.0,1.1788190929610909,1.1788190929610909,0.0,True,calibrated_load_margin_preserved
C3_orthogonal_unequal_singular,84,M2_unsigned_prototype,ok,5.551115123125783e-17,0.0,0.0,0.44548745377456017,0.44548745377456017,0.0,True,calibrated_load_margin_preserved
C3_orthogonal_unequal_singular,84,M3_top1_projection,ok,9.71445146547012e-17,0.0,0.0,0.4454874245573522,0.4454874245573522,0.0,True,calibrated_load_margin_preserved
C3_orthogonal_unequal_singular,84,M3_fullspan_control,ok,1.1102230246251565e-16,0.4071,0.07799999999999996,1.2500001034254636e-16,1.2500001034254636e-16,0.0,False,degenerate_scores
C3_orthogonal_unequal_singular,84,M4_matrix_response,ok,2.220446049250313e-16,0.0,0.0,1.6705778420900708,1.6705778420900708,0.0,True,calibrated_load_margin_preserved
C3_orthogonal_unequal_singular,85,M1_signed_prototype,ok,1.942890293094024e-16,0.0,0.0,1.1147090158476598,1.1147090158476598,0.0,True,calibrated_load_margin_preserved
C3_orthogonal_unequal_singular,85,M2_unsigned_prototype,ok,1.942890293094024e-16,0.0,0.0,0.5386668747825274,0.5386668747825274,0.0,True,calibrated_load_margin_preserved
C3_orthogonal_unequal_singular,85,M3_top1_projection,ok,1.1796119636642288e-16,0.0,0.0,0.3156249841058979,0.3156249841058979,0.0,True,calibrated_load_margin_preserved
C3_orthogonal_unequal_singular,85,M3_fullspan_control,ok,1.1102230246251565e-16,0.4053,0.0595,1.2837508833740686e-16,1.2837508833740686e-16,0.0,False,degenerate_scores
C3_orthogonal_unequal_singular,85,M4_matrix_response,ok,8.326672684688674e-16,0.0,0.0,1.1835936903971178,1.1835936903971178,0.0,True,calibrated_load_margin_preserved
C3_orthogonal_unequal_singular,86,M1_signed_prototype,ok,-5.551115123125783e-17,0.0,0.0,0.35277324421445183,0.35277324421445183,0.0,True,calibrated_load_margin_preserved
C3_orthogonal_unequal_singular,86,M2_unsigned_prototype,ok,-9.020562075079397e-17,0.0,0.0,0.3389623179022614,0.3389623179022614,0.0,True,calibrated_load_margin_preserved
C3_orthogonal_unequal_singular,86,M3_top1_projection,ok,2.0816681711721685e-17,0.0,0.0,0.33896233845714435,0.33896233845714435,0.0,True,calibrated_load_margin_preserved
C3_orthogonal_unequal_singular,86,M3_fullspan_control,ok,-4.440892098500626e-16,0.4915,0.31920000000000004,3.9422909381414683e-16,-1.761590873172736e-16,-5.703881811314204e-16,False,degenerate_scores
C3_orthogonal_unequal_singular,86,M4_matrix_response,ok,1.27675647831893e-15,0.0,0.0,1.2711087692142913,1.2711087692142913,0.0,True,calibrated_load_margin_preserved
C3_orthogonal_unequal_singular,87,M1_signed_prototype,ok,5.551115123125783e-17,0.0,0.0,0.07086927740578142,0.07086927740578142,0.0,True,calibrated_load_margin_preserved
C3_orthogonal_unequal_singular,87,M2_unsigned_prototype,ok,-2.1315414711065017e-16,0.0,0.0,0.0707594144321069,0.0707594144321069,0.0,True,calibrated_load_margin_preserved
C3_orthogonal_unequal_singular,87,M3_top1_projection,ok,-1.457167719820518e-16,0.0,0.0,0.3601642709133429,0.3601642709133429,0.0,True,calibrated_load_margin_preserved
C3_orthogonal_unequal_singular,87,M3_fullspan_control,ok,-3.3306690738754696e-16,0.4596,0.0837,3.2790437032304e-16,6.564748744608551e-17,-2.622568828769545e-16,False,degenerate_scores
C3_orthogonal_unequal_singular,87,M4_matrix_response,ok,5.551115123125783e-17,0.0,0.0,1.3506160159250362,1.3506160159250362,0.0,True,calibrated_load_margin_preserved
C3_orthogonal_unequal_singular,88,M1_signed_prototype,ok,0.0,0.0,0.0,0.15353751078586572,0.15353751078586572,0.0,True,calibrated_load_margin_preserved
C3_orthogonal_unequal_singular,88,M2_unsigned_prototype,ok,-6.938893903907228e-18,0.0,0.0,0.15241709507882753,0.15241709507882753,0.0,True,calibrated_load_margin_preserved
C3_orthogonal_unequal_singular,88,M3_top1_projection,ok,5.377642775528102e-17,0.0,0.0,0.15638726949624135,0.15638726949624135,0.0,True,calibrated_load_margin_preserved
C3_orthogonal_unequal_singular,88,M3_fullspan_control,ok,3.3306690738754696e-16,0.49929999999999997,0.04259999999999997,3.228528555609955e-16,1.4843681839238343e-16,-1.7441603716861209e-16,False,degenerate_scores
C3_orthogonal_unequal_singular,88,M4_matrix_response,ok,-1.1102230246251565e-16,0.0,0.0,0.5864522606109054,0.5864522606109054,0.0,True,calibrated_load_margin_preserved
C3_orthogonal_unequal_singular,89,M1_signed_prototype,ok,5.551115123125783e-17,0.0,0.0,0.5680949900527794,0.5680949900527794,0.0,True,calibrated_load_margin_preserved
C3_orthogonal_unequal_singular,89,M2_unsigned_prototype,ok,6.938893903907228e-17,0.0,0.0,0.5084125546783013,0.5084125546783013,0.0,True,calibrated_load_margin_preserved
C3_orthogonal_unequal_singular,89,M3_top1_projection,ok,9.71445146547012e-17,0.0,0.0,0.5084125252083531,0.5084125252083531,0.0,True,calibrated_load_margin_preserved
C3_orthogonal_unequal_singular,89,M3_fullspan_control,ok,-2.220446049250313e-16,0.27290000000000003,0.3186,1.837641150359559e-16,-3.6126657221302596e-17,-2.198907722572585e-16,False,degenerate_scores
C3_orthogonal_unequal_singular,89,M4_matrix_response,ok,1.1102230246251565e-15,0.0,0.0,1.9065469695313244,1.9065469695313244,0.0,True,calibrated_load_margin_preserved
C3_orthogonal_unequal_singular,90,M1_signed_prototype,ok,-2.8796409701215e-16,0.0,0.0,1.271576632234922,1.271576632234922,0.0,True,calibrated_load_margin_preserved
C3_orthogonal_unequal_singular,90,M2_unsigned_prototype,ok,2.3830763751231387e-16,0.0,0.0,0.06496766175857568,0.06496766175857568,0.0,True,calibrated_load_margin_preserved
C3_orthogonal_unequal_singular,90,M3_top1_projection,ok,8.326672684688674e-17,0.0,0.0,0.3553461105566057,0.3553461105566057,0.0,True,calibrated_load_margin_preserved
C3_orthogonal_unequal_singular,90,M3_fullspan_control,ok,3.3306690738754696e-16,0.49960000000000004,0.09519999999999995,3.2470692801211954e-16,1.7256196471748808e-16,-1.5214496329463146e-16,False,degenerate_scores
C3_orthogonal_unequal_singular,90,M4_matrix_response,ok,0.0,0.0,0.0,1.332547914587271,1.332547914587271,0.0,True,calibrated_load_margin_preserved
C3_orthogonal_unequal_singular,91,M1_signed_prototype,ok,0.0,0.0,0.0,0.08161315996175038,0.08161315996175038,0.0,True,calibrated_load_margin_preserved
C3_orthogonal_unequal_singular,91,M2_unsigned_prototype,ok,-4.9873299934333204e-17,0.0,0.0,0.08144533024812535,0.08144533024812535,0.0,True,calibrated_load_margin_preserved
C3_orthogonal_unequal_singular,91,M3_top1_projection,ok,8.326672684688674e-17,0.0,0.0,0.0814453313039043,0.0814453313039043,0.0,True,calibrated_load_margin_preserved
C3_orthogonal_unequal_singular,91,M3_fullspan_control,ok,1.1102230246251565e-16,0.45740000000000003,0.2016,1.5151213617059512e-16,1.5151213617059512e-16,0.0,False,degenerate_scores
C3_orthogonal_unequal_singular,91,M4_matrix_response,ok,0.0,0.0,0.0,0.3054199923896412,0.3054199923896412,0.0,True,calibrated_load_margin_preserved
C3_orthogonal_unequal_singular,92,M1_signed_prototype,ok,3.3306690738754696e-16,0.0,0.0,0.7384784690422455,0.7384784690422455,0.0,True,calibrated_load_margin_preserved
C3_orthogonal_unequal_singular,92,M2_unsigned_prototype,ok,1.942890293094024e-16,0.0,0.0,0.6015769335485961,0.6015769335485961,0.0,True,calibrated_load_margin_preserved
C3_orthogonal_unequal_singular,92,M3_top1_projection,ok,6.938893903907228e-17,0.0,0.0,0.43277845084090844,0.43277845084090844,0.0,True,calibrated_load_margin_preserved
C3_orthogonal_unequal_singular,92,M3_fullspan_control,ok,0.0,0.043399999999999994,0.043399999999999994,1.1797229859666913e-16,1.1797229859666913e-16,0.0,False,degenerate_scores
C3_orthogonal_unequal_singular,92,M4_matrix_response,ok,1.3877787807814457e-15,0.0,0.0,1.622919190653407,1.622919190653407,0.0,True,calibrated_load_margin_preserved
C3_orthogonal_unequal_singular,93,M1_signed_prototype,ok,0.0,0.0,0.0,0.008891658564596533,0.008891658564596533,0.0,True,calibrated_load_margin_preserved
C3_orthogonal_unequal_singular,93,M2_unsigned_prototype,ok,-7.355972927135246e-17,0.0,0.0,0.008891441531223827,0.008891441531223827,0.0,True,calibrated_load_margin_preserved
C3_orthogonal_unequal_singular,93,M3_top1_projection,ok,-3.744563253221811e-17,0.0,0.0,0.008891440939954469,0.008891440939954469,0.0,True,calibrated_load_margin_preserved
C3_orthogonal_unequal_singular,93,M3_fullspan_control,ok,0.0,0.3608,0.3608,1.0469403122215226e-16,1.0469403122215226e-16,0.0,False,degenerate_scores
C3_orthogonal_unequal_singular,93,M4_matrix_response,ok,-3.0531133177191805e-16,0.0,0.0,0.03334290352482932,0.03334290352482932,0.0,True,calibrated_load_margin_preserved
C3_orthogonal_unequal_singular,94,M1_signed_prototype,ok,-5.551115123125783e-17,0.0,0.0,1.2141135969216428,1.2141135969216428,0.0,True,calibrated_load_margin_preserved
C3_orthogonal_unequal_singular,94,M2_unsigned_prototype,ok,4.0939474033052647e-16,0.0,0.0,0.36568493859047635,0.36568493859047635,0.0,True,calibrated_load_margin_preserved
C3_orthogonal_unequal_singular,94,M3_top1_projection,ok,5.551115123125783e-17,0.0,0.0,0.3656849310741446,0.3656849310741446,0.0,True,calibrated_load_margin_preserved
C3_orthogonal_unequal_singular,94,M3_fullspan_control,ok,-6.661338147750939e-16,0.5,0.0686,7.055134254585483e-16,1.4843681839238344e-17,-6.906697436193099e-16,False,degenerate_scores
C3_orthogonal_unequal_singular,94,M4_matrix_response,ok,1.3322676295501878e-15,0.0,0.0,1.3713184915280425,1.3713184915280425,0.0,True,calibrated_load_margin_preserved
C3_orthogonal_unequal_singular,95,M1_signed_prototype,ok,-3.3306690738754696e-16,0.0,0.0,1.1006758976379996,1.1006758976379996,0.0,True,calibrated_load_margin_preserved
C3_orthogonal_unequal_singular,95,M2_unsigned_prototype,ok,1.942890293094024e-16,0.0,0.0,0.5532947633072932,0.5532947633072932,0.0,True,calibrated_load_margin_preserved
C3_orthogonal_unequal_singular,95,M3_top1_projection,ok,3.0531133177191805e-16,0.0,0.0,0.34002232272207644,0.34002232272207644,0.0,True,calibrated_load_margin_preserved
C3_orthogonal_unequal_singular,95,M3_fullspan_control,ok,1.1102230246251565e-16,0.4406,0.10709999999999997,1.3972156764907595e-16,1.3972156764907595e-16,0.0,False,degenerate_scores
C3_orthogonal_unequal_singular,95,M4_matrix_response,ok,1.1657341758564144e-15,0.0,0.0,1.2750837102077865,1.2750837102077865,0.0,True,calibrated_load_margin_preserved
C3_orthogonal_unequal_singular,96,M1_signed_prototype,ok,-2.7755575615628914e-16,0.0,0.0,0.5695028969582384,0.5695028969582384,0.0,True,calibrated_load_margin_preserved
C3_orthogonal_unequal_singular,96,M2_unsigned_prototype,ok,5.273559366969494e-16,0.0,0.0,0.5093581331345582,0.5093581331345582,0.0,True,calibrated_load_margin_preserved
C3_orthogonal_unequal_singular,96,M3_top1_projection,ok,5.273559366969494e-16,0.0,0.0,0.6291460380420092,0.6291460380420092,0.0,True,calibrated_load_margin_preserved
C3_orthogonal_unequal_singular,96,M3_fullspan_control,ok,0.0,0.09389999999999998,0.09389999999999998,1.0453859999870474e-16,1.0453859999870474e-16,0.0,False,degenerate_scores
C3_orthogonal_unequal_singular,96,M4_matrix_response,ok,3.1086244689504383e-15,0.0,0.0,2.359297642657535,2.359297642657535,0.0,True,calibrated_load_margin_preserved
C3_orthogonal_unequal_singular,97,M1_signed_prototype,ok,3.885780586188048e-16,0.0,0.0,1.1024427867278161,1.1024427867278161,0.0,True,calibrated_load_margin_preserved
C3_orthogonal_unequal_singular,97,M2_unsigned_prototype,ok,1.3877787807814457e-16,0.0,0.0,0.5515436780637429,0.5515436780637429,0.0,True,calibrated_load_margin_preserved
C3_orthogonal_unequal_singular,97,M3_top1_projection,ok,4.163336342344337e-17,0.0,0.0,0.33703852498196313,0.33703852498196313,0.0,True,calibrated_load_margin_preserved
C3_orthogonal_unequal_singular,97,M3_fullspan_control,ok,2.220446049250313e-16,0.46740000000000004,0.029299999999999993,1.7046364320094655e-16,1.2345680033831742e-16,-4.700684286262913e-17,False,degenerate_scores
C3_orthogonal_unequal_singular,97,M4_matrix_response,ok,1.6653345369377348e-16,0.0,0.0,1.2638944686823614,1.2638944686823614,0.0,True,calibrated_load_margin_preserved
C3_orthogonal_unequal_singular,98,M1_signed_prototype,ok,-1.1102230246251565e-16,0.0,0.0,0.4718634666995766,0.4718634666995766,0.0,True,calibrated_load_margin_preserved
C3_orthogonal_unequal_singular,98,M2_unsigned_prototype,ok,2.0816681711721685e-16,0.0,0.0,0.43826317085166366,0.43826317085166366,0.0,True,calibrated_load_margin_preserved
C3_orthogonal_unequal_singular,98,M3_top1_projection,ok,2.7755575615628914e-17,0.0,0.0,0.43826317401285997,0.43826317401285997,0.0,True,calibrated_load_margin_preserved
C3_orthogonal_unequal_singular,98,M3_fullspan_control,ok,0.0,0.04139999999999999,0.04139999999999999,1.201372334946882e-16,1.201372334946882e-16,0.0,False,degenerate_scores
C3_orthogonal_unequal_singular,98,M4_matrix_response,ok,-1.6653345369377348e-16,0.0,0.0,1.6434869025482244,1.6434869025482244,0.0,True,calibrated_load_margin_preserved
C3_orthogonal_unequal_singular,99,M1_signed_prototype,ok,-1.1102230246251565e-16,0.0,0.0,0.8914158834767557,0.8914158834767557,0.0,True,calibrated_load_margin_preserved
C3_orthogonal_unequal_singular,99,M2_unsigned_prototype,ok,5.551115123125783e-17,0.0,0.0,0.6364965583909956,0.6364965583909956,0.0,True,calibrated_load_margin_preserved
C3_orthogonal_unequal_singular,99,M3_top1_projection,ok,-1.3877787807814457e-16,0.0,0.0,0.6364965248047257,0.6364965248047257,0.0,True,calibrated_load_margin_preserved
C3_orthogonal_unequal_singular,99,M3_fullspan_control,ok,-2.220446049250313e-16,0.4278,0.08009999999999995,2.6911806116913794e-16,6.94555524205498e-17,-1.9966250874858815e-16,False,degenerate_scores
C3_orthogonal_unequal_singular,99,M4_matrix_response,ok,-2.220446049250313e-16,0.0,0.0,2.3868619680177217,2.3868619680177217,0.0,True,calibrated_load_margin_preserved
C4_near_identical,0,M1_signed_prototype,ok,0.0,0.0,0.0,0.005010090849585012,0.005010090849585012,0.0,True,calibrated_load_margin_preserved
C4_near_identical,0,M2_unsigned_prototype,ok,6.404585520779216e-17,0.0,0.0,0.005010051817332611,0.005010051817332611,0.0,True,calibrated_load_margin_preserved
C4_near_identical,0,M3_top1_projection,ok,-2.2017605024338832e-16,0.0,0.0,0.00400066407995291,0.00400066407995291,0.0,True,calibrated_load_margin_preserved
C4_near_identical,0,M3_fullspan_control,ok,-4.440892098500626e-16,0.4959,0.255,4.2155168245017196e-16,-1.2534417948018017e-16,-5.468958619303521e-16,False,degenerate_scores
C4_near_identical,0,M4_matrix_response,ok,0.013546770462401492,0.1614,0.0,0.01990854132952328,0.01777168841216034,-0.002136852917362937,True,calibrated_load_margin_preserved
C4_near_identical,1,M1_signed_prototype,ok,0.0,0.0,0.0,0.0018471646905121434,0.0018471646905121434,0.0,True,calibrated_load_margin_preserved
C4_near_identical,1,M2_unsigned_prototype,ok,1.815462656509087e-16,0.0,0.0,0.0018471627791369972,0.0018471627791369972,0.0,True,calibrated_load_margin_preserved
C4_near_identical,1,M3_top1_projection,ok,-1.1980444593876665e-16,0.0,0.0,0.0009176886496775424,0.0009176886496775424,0.0,True,calibrated_load_margin_preserved
C4_near_identical,1,M3_fullspan_control,ok,0.0,0.08199999999999996,0.08199999999999996,1.123212634013271e-16,1.123212634013271e-16,0.0,False,degenerate_scores
C4_near_identical,1,M4_matrix_response,ok,-0.005144244257325625,0.1884,0.0,0.006808168721766104,0.005867989115771647,-0.0009401796059944571,True,calibrated_load_margin_preserved
C4_near_identical,2,M1_signed_prototype,ok,-5.551115123125783e-17,0.0,0.0,0.0021383313126715924,0.0021383313126715924,0.0,True,calibrated_load_margin_preserved
C4_near_identical,2,M2_unsigned_prototype,ok,2.317768017307464e-16,0.0,0.0,0.002138328282974639,0.002138328282974639,0.0,True,calibrated_load_margin_preserved
C4_near_identical,2,M3_top1_projection,ok,-4.2676696256223855e-17,0.0,0.0,0.0020312948618020953,0.0020312948618020953,0.0,True,calibrated_load_margin_preserved
C4_near_identical,2,M3_fullspan_control,ok,0.0,0.2893,0.2893,9.490186414495838e-17,9.490186414495838e-17,0.0,False,degenerate_scores
C4_near_identical,2,M4_matrix_response,ok,-0.028095683808751715,0.2496,0.0,0.03195502956957007,0.02532457050773467,-0.006630459061835396,True,calibrated_load_margin_preserved
C4_near_identical,3,M1_signed_prototype,ok,0.0,0.0,0.0,0.006641232316400442,0.006641232316400442,0.0,True,calibrated_load_margin_preserved
C4_near_identical,3,M2_unsigned_prototype,ok,-7.874526497444329e-17,0.0,0.0,0.006641141540523496,0.006641141540523496,0.0,True,calibrated_load_margin_preserved
C4_near_identical,3,M3_top1_projection,ok,5.688842680349332e-17,0.0,0.0,0.006181898970985763,0.006181898970985763,0.0,True,calibrated_load_margin_preserved
C4_near_identical,3,M3_fullspan_control,ok,2.220446049250313e-16,0.48640000000000005,0.1834,2.102873430942509e-16,1.8148815783547434e-16,-2.8799185258776544e-17,False,degenerate_scores
C4_near_identical,3,M4_matrix_response,ok,0.030634015540937032,0.24280000000000002,0.0,0.03527043894891437,0.02821140888560404,-0.0070590300633103335,True,calibrated_load_margin_preserved
C4_near_identical,4,M1_signed_prototype,ok,0.0,0.0,0.0,0.002191996034987272,0.002191996034987272,0.0,True,calibrated_load_margin_preserved
C4_near_identical,4,M2_unsigned_prototype,ok,1.006325963314944e-16,0.0,0.0,0.002191992859962843,0.002191992859962843,0.0,True,calibrated_load_margin_preserved
C4_near_identical,4,M3_top1_projection,ok,-5.979537439529862e-17,0.0,0.0,0.00010871019164046132,0.00010871019164046132,0.0,True,calibrated_load_margin_preserved
C4_near_identical,4,M3_fullspan_control,ok,-1.1102230246251565e-16,0.1814,0.025699999999999945,1.5379919560132293e-16,1.0781375792134895e-16,-4.5985437679973985e-17,False,degenerate_scores
C4_near_identical,4,M4_matrix_response,ok,0.011127214550177955,0.2378,0.0,0.012943292746199262,0.01042847499466201,-0.0025148177515372516,True,calibrated_load_margin_preserved
C4_near_identical,5,M1_signed_prototype,ok,0.0,0.0,0.0,0.0007264471291314199,0.0007264471291314199,0.0,True,calibrated_load_margin_preserved
C4_near_identical,5,M2_unsigned_prototype,ok,-2.034365616232752e-16,0.0,0.0,0.0007264470466604313,0.0007264470466604313,0.0,True,calibrated_load_margin_preserved
C4_near_identical,5,M3_top1_projection,ok,1.474983469679236e-17,0.0,0.0,0.0004759937193417397,0.0004759937193417397,0.0,True,calibrated_load_margin_preserved
C4_near_identical,5,M3_fullspan_control,ok,0.0,0.02410000000000001,0.02410000000000001,1.141309269314661e-16,1.141309269314661e-16,0.0,False,degenerate_scores
C4_near_identical,5,M4_matrix_response,ok,-0.010957942001641685,0.5,0.0,0.010957942001641569,0.004135845755615553,-0.006822096246026016,True,calibrated_load_margin_preserved
C4_near_identical,6,M1_signed_prototype,ok,0.0,0.0,0.0,0.0028237159001799563,0.0028237159001799563,0.0,True,calibrated_load_margin_preserved
C4_near_identical,6,M2_unsigned_prototype,ok,1.2683937220306883e-16,0.0,0.0,0.002823708802940344,0.002823708802940344,0.0,True,calibrated_load_margin_preserved
C4_near_identical,6,M3_top1_projection,ok,5.656560137147102e-17,0.0,0.0,0.0018869406753512146,0.0018869406753512146,0.0,True,calibrated_load_margin_preserved
C4_near_identical,6,M3_fullspan_control,ok,1.1102230246251565e-16,0.3498,0.009700000000000042,1.0683676165967882e-16,1.0683676165967882e-16,0.0,False,degenerate_scores
C4_near_identical,6,M4_matrix_response,ok,-0.027118732261640743,0.3808,0.0,0.027438642442983423,0.018549109725565525,-0.008889532717417898,True,calibrated_load_margin_preserved
C4_near_identical,7,M1_signed_prototype,ok,5.551115123125783e-17,0.0,0.0,0.00130136482604422,0.00130136482604422,0.0,True,calibrated_load_margin_preserved
C4_near_identical,7,M2_unsigned_prototype,ok,-8.472002362613831e-17,0.0,0.0,0.001301364207425903,0.001301364207425903,0.0,True,calibrated_load_margin_preserved
C4_near_identical,7,M3_top1_projection,ok,-3.937055460952291e-17,0.0,0.0,0.000463125604351759,0.000463125604351759,0.0,True,calibrated_load_margin_preserved
C4_near_identical,7,M3_fullspan_control,ok,0.0,0.3621,0.3621,1.0680345496894006e-16,1.0680345496894006e-16,0.0,False,degenerate_scores
C4_near_identical,7,M4_matrix_response,ok,-0.0037003680723349808,0.1316,0.0,0.006340083541185596,0.005859858769379242,-0.0004802247718063545,True,calibrated_load_margin_preserved
C4_near_identical,8,M1_signed_prototype,ok,-5.551115123125783e-17,0.0,0.0,0.006477039138319745,0.006477039138319745,0.0,True,calibrated_load_margin_preserved
C4_near_identical,8,M2_unsigned_prototype,ok,4.852312941640985e-17,0.0,0.0,0.0064769550245300225,0.0064769550245300225,0.0,True,calibrated_load_margin_preserved
C4_near_identical,8,M3_top1_projection,ok,1.620691665452697e-17,0.0,0.0,0.0028577727084047972,0.0028577727084047972,0.0,True,calibrated_load_margin_preserved
C4_near_identical,8,M3_fullspan_control,ok,0.0,0.29579999999999995,0.29579999999999995,9.532374889431594e-17,9.532374889431594e-17,0.0,False,degenerate_scores
C4_near_identical,8,M4_matrix_response,ok,-0.014642800715932713,0.1648,0.0,0.02118907484524129,0.018830710808708937,-0.0023583640365323517,True,calibrated_load_margin_preserved
C4_near_identical,9,M1_signed_prototype,ok,5.551115123125783e-17,0.0,0.0,0.00039846441902381647,0.00039846441902381647,0.0,True,calibrated_load_margin_preserved
C4_near_identical,9,M2_unsigned_prototype,ok,3.5364512285483696e-17,0.0,0.0,0.00039846440876622173,0.00039846440876622173,0.0,True,calibrated_load_margin_preserved
C4_near_identical,9,M3_top1_projection,ok,1.6895559734600636e-16,0.0,0.0,0.0014631839535086443,0.0014631839535086443,0.0,True,calibrated_load_margin_preserved
C4_near_identical,9,M3_fullspan_control,ok,0.0,0.38049999999999995,0.38049999999999995,1.1455281168082366e-16,1.1455281168082366e-16,0.0,False,degenerate_scores
C4_near_identical,9,M4_matrix_response,ok,0.03673022134066539,0.5,0.0,0.03673022134066539,0.017845230338603163,-0.01888499100206223,True,calibrated_load_margin_preserved
C4_near_identical,10,M1_signed_prototype,ok,0.0,0.0,0.0,0.00026233917295947107,0.00026233917295947107,0.0,True,calibrated_load_margin_preserved
C4_near_identical,10,M2_unsigned_prototype,ok,-1.0998926637400023e-16,0.0,0.0,0.00026233917501216106,0.00026233917501216106,0.0,True,calibrated_load_margin_preserved
C4_near_identical,10,M3_top1_projection,ok,-4.131667898028867e-17,0.0,0.0,0.0014932153542132546,0.0014932153542132546,0.0,True,calibrated_load_margin_preserved
C4_near_identical,10,M3_fullspan_control,ok,-1.1102230246251565e-16,0.05130000000000001,0.07010000000000005,1.3293810496861625e-16,1.0598188993071744e-16,-2.6956215037898803e-17,False,degenerate_scores
C4_near_identical,10,M4_matrix_response,ok,0.0013775001118812025,0.043399999999999994,0.0,0.006523777856546506,0.006464201576889911,-5.957627965659518e-05,True,calibrated_load_margin_preserved
C4_near_identical,11,M1_signed_prototype,ok,-5.551115123125783e-17,0.0,0.0,0.001535847470149915,0.001535847470149915,0.0,True,calibrated_load_margin_preserved
C4_near_identical,11,M2_unsigned_prototype,ok,1.269809325843787e-16,0.0,0.0,0.0015358464276834028,0.0015358464276834028,0.0,True,calibrated_load_margin_preserved
C4_near_identical,11,M3_top1_projection,ok,1.6088755558384994e-17,0.0,0.0,0.0021163568147393517,0.0021163568147393517,0.0,True,calibrated_load_margin_preserved
C4_near_identical,11,M3_fullspan_control,ok,2.220446049250313e-16,0.4577,0.019000000000000017,1.5366596883836793e-16,1.294631069015395e-16,-2.4202861936828434e-17,False,degenerate_scores
C4_near_identical,11,M4_matrix_response,ok,-0.007398207204593693,0.18719999999999998,0.0,0.009833278577822423,0.008489724104350702,-0.0013435544734717204,True,calibrated_load_margin_preserved
C4_near_identical,12,M1_signed_prototype,ok,0.0,0.0,0.0,0.00436877228318259,0.00436877228318259,0.0,True,calibrated_load_margin_preserved
C4_near_identical,12,M2_unsigned_prototype,ok,7.972189396262749e-17,0.0,0.0,0.004368746677583527,0.004368746677583527,0.0,True,calibrated_load_margin_preserved
C4_near_identical,12,M3_top1_projection,ok,1.99137445899486e-17,0.0,0.0,0.0046375784635716896,0.0046375784635716896,0.0,True,calibrated_load_margin_preserved
C4_near_identical,12,M3_fullspan_control,ok,0.0,0.10760000000000003,0.10760000000000003,1.0311751452718453e-16,1.0311751452718453e-16,0.0,False,degenerate_scores
C4_near_identical,12,M4_matrix_response,ok,0.023021783550226216,0.24180000000000001,0.0,0.026567162682854882,0.021285510846226374,-0.005281651836628508,True,calibrated_load_margin_preserved
C4_near_identical,13,M1_signed_prototype,ok,-5.551115123125783e-17,0.0,0.0,0.007856937040205481,0.007856937040205481,0.0,True,calibrated_load_margin_preserved
C4_near_identical,13,M2_unsigned_prototype,ok,1.8963712436308178e-16,0.0,0.0,0.007856787786263636,0.007856787786263636,0.0,True,calibrated_load_margin_preserved
C4_near_identical,13,M3_top1_projection,ok,-6.328140797289515e-17,0.0,0.0,0.002961800512381646,0.002961800512381646,0.0,True,calibrated_load_margin_preserved
C4_near_identical,13,M3_fullspan_control,ok,0.0,0.1351,0.1351,1.0330625244137082e-16,1.0330625244137082e-16,0.0,False,degenerate_scores
C4_near_identical,13,M4_matrix_response,ok,-0.019018168057163942,0.5,0.0,0.01901816805716411,0.011129596593077775,-0.007888571464086334,True,calibrated_load_margin_preserved
C4_near_identical,14,M1_signed_prototype,ok,0.0,0.0,0.0,0.0004156279828302729,0.0004156279828302729,0.0,True,calibrated_load_margin_preserved
C4_near_identical,14,M2_unsigned_prototype,ok,2.6157475907066265e-17,0.0,0.0,0.000415627951711138,0.000415627951711138,0.0,True,calibrated_load_margin_preserved
C4_near_identical,14,M3_top1_projection,ok,1.3244630679741867e-16,0.0,0.0,0.004274649538220888,0.004274649538220888,0.0,True,calibrated_load_margin_preserved
C4_near_identical,14,M3_fullspan_control,ok,4.440892098500626e-16,0.5,0.2873,4.528044605933701e-16,3.5250691254873346e-16,-1.0029754804463664e-16,False,degenerate_scores
C4_near_identical,14,M4_matrix_response,ok,-0.00919776432128272,0.09179999999999999,0.0,0.02143713228637911,0.020599150504307256,-0.0008379817820718533,True,calibrated_load_margin_preserved
C4_near_identical,15,M1_signed_prototype,ok,5.551115123125783e-17,0.0,0.0,0.0052033791266104315,0.0052033791266104315,0.0,True,calibrated_load_margin_preserved
C4_near_identical,15,M2_unsigned_prototype,ok,-7.942119726635222e-17,0.0,0.0,0.00520333522975094,0.00520333522975094,0.0,True,calibrated_load_margin_preserved
C4_near_identical,15,M3_top1_projection,ok,-2.771779794618137e-16,0.0,0.0,0.0028321321263096544,0.0028321321263096544,0.0,True,calibrated_load_margin_preserved
C4_near_identical,15,M3_fullspan_control,ok,-4.440892098500626e-16,0.4993,0.07110000000000005,4.914735285410643e-16,4.11226608321158e-17,-4.503508677089485e-16,False,degenerate_scores
C4_near_identical,15,M4_matrix_response,ok,0.0032525583756649046,0.053200000000000025,0.0,0.012648990362607491,0.0124767719054668,-0.00017221845714069164,True,calibrated_load_margin_preserved
C4_near_identical,16,M1_signed_prototype,ok,5.551115123125783e-17,0.0,0.0,0.006047662090201027,0.006047662090201027,0.0,True,calibrated_load_margin_preserved
C4_near_identical,16,M2_unsigned_prototype,ok,2.59209022518761e-17,0.0,0.0,0.006047594005492098,0.006047594005492098,0.0,True,calibrated_load_margin_preserved
C4_near_identical,16,M3_top1_projection,ok,4.6500609539400836e-17,0.0,0.0,2.723600233625442e-05,2.723600233625442e-05,0.0,True,calibrated_load_margin_preserved
C4_near_identical,16,M3_fullspan_control,ok,1.1102230246251565e-16,0.42279999999999995,0.10660000000000003,1.3423706590742768e-16,1.3423706590742768e-16,0.0,False,degenerate_scores
C4_near_identical,16,M4_matrix_response,ok,0.04609004940526518,0.5,0.0,0.04609004940526496,0.01432005012309036,-0.0317699992821746,True,calibrated_load_margin_preserved
C4_near_identical,17,M1_signed_prototype,ok,-5.551115123125783e-17,0.0,0.0,0.001373360936884933,0.001373360936884933,0.0,True,calibrated_load_margin_preserved
C4_near_identical,17,M2_unsigned_prototype,ok,8.53907678412453e-17,0.0,0.0,0.001373360014408333,0.001373360014408333,0.0,True,calibrated_load_margin_preserved
C4_near_identical,17,M3_top1_projection,ok,1.309865513919443e-16,0.0,0.0,0.0013429781659365233,0.0013429781659365233,0.0,True,calibrated_load_margin_preserved
C4_near_identical,17,M3_fullspan_control,ok,2.220446049250313e-16,0.48140000000000005,0.12119999999999997,1.9142465390586949e-16,1.5807355424612978e-16,-3.33510996597397e-17,False,degenerate_scores
C4_near_identical,17,M4_matrix_response,ok,-0.012049529474688125,0.3668,0.0,0.012251325023710648,0.00839610459078374,-0.003855220432926909,True,calibrated_load_margin_preserved
C4_near_identical,18,M1_signed_prototype,ok,0.0,0.0,0.0,0.0019335920380413115,0.0019335920380413115,0.0,True,calibrated_load_margin_preserved
C4_near_identical,18,M2_unsigned_prototype,ok,8.310960223517107e-17,0.0,0.0,0.0019335897484073392,0.0019335897484073392,0.0,True,calibrated_load_margin_preserved
C4_near_identical,18,M3_top1_projection,ok,3.7764116920385726e-17,0.0,0.0,0.007953623165872187,0.007953623165872187,0.0,True,calibrated_load_margin_preserved
C4_near_identical,18,M3_fullspan_control,ok,2.220446049250313e-16,0.48660000000000003,0.17669999999999997,1.9589885269510887e-16,1.8084422848119175e-16,-1.5054624213917116e-17,False,degenerate_scores
C4_near_identical,18,M4_matrix_response,ok,-0.024023778513010408,0.12680000000000002,0.0,0.04245591597548146,0.039452594349126,-0.003003321626355464,True,calibrated_load_margin_preserved
C4_near_identical,19,M1_signed_prototype,ok,0.0,0.0,0.0,0.008989173359353899,0.008989173359353899,0.0,True,calibrated_load_margin_preserved
C4_near_identical,19,M2_unsigned_prototype,ok,1.6863070727117513e-16,0.0,0.0,0.008988949202104064,0.008988949202104064,0.0,True,calibrated_load_margin_preserved
C4_near_identical,19,M3_top1_projection,ok,-2.7852476184794805e-16,0.0,0.0,0.006828342229401014,0.006828342229401014,0.0,True,calibrated_load_margin_preserved
C4_near_identical,19,M3_fullspan_control,ok,-5.551115123125783e-16,0.4999,0.19220000000000004,5.284772619518208e-16,-1.0044187703783791e-16,-6.289191389896587e-16,False,degenerate_scores
C4_near_identical,19,M4_matrix_response,ok,-0.03085492202074036,0.19779999999999998,0.0,0.03963391014352988,0.03373391854320682,-0.005899991600323055,True,calibrated_load_margin_preserved
C4_near_identical,20,M1_signed_prototype,ok,0.0,0.0,0.0,0.00046427316319201,0.00046427316319201,0.0,True,calibrated_load_margin_preserved
C4_near_identical,20,M2_unsigned_prototype,ok,-2.3657841975049422e-17,0.0,0.0,0.00046427314244848505,0.00046427314244848505,0.0,True,calibrated_load_margin_preserved
C4_near_identical,20,M3_top1_projection,ok,1.116377777778143e-16,0.0,0.0,0.001975972013994556,0.001975972013994556,0.0,True,calibrated_load_margin_preserved
C4_near_identical,20,M3_fullspan_control,ok,3.3306690738754696e-16,0.4998,0.015000000000000013,3.2619462686511724e-16,1.3856693570346579e-16,-1.8762769116165145e-16,False,degenerate_scores
C4_near_identical,20,M4_matrix_response,ok,0.0056367310530435755,0.16100000000000003,0.0,0.008298269280078853,0.0074112064070406035,-0.0008870628730382494,True,calibrated_load_margin_preserved
C4_near_identical,21,M1_signed_prototype,ok,-5.551115123125783e-17,0.0,0.0,0.001038664852238617,0.001038664852238617,0.0,True,calibrated_load_margin_preserved
C4_near_identical,21,M2_unsigned_prototype,ok,2.056294240445982e-16,0.0,0.0,0.001038664529220529,0.001038664529220529,0.0,True,calibrated_load_margin_preserved
C4_near_identical,21,M3_top1_projection,ok,5.272271876889667e-17,0.0,0.0,0.004180975768887561,0.004180975768887561,0.0,True,calibrated_load_margin_preserved
C4_near_identical,21,M3_fullspan_control,ok,0.0,0.12849999999999995,0.12849999999999995,9.757750163430501e-17,9.757750163430501e-17,0.0,False,degenerate_scores
C4_near_identical,21,M4_matrix_response,ok,-0.0031339320164964213,0.035999999999999976,0.0,0.01775952144103992,0.017646617092830576,-0.00011290434820934378,True,calibrated_load_margin_preserved
C4_near_identical,22,M1_signed_prototype,ok,5.551115123125783e-17,0.0,0.0,0.00081479466275628,0.00081479466275628,0.0,True,calibrated_load_margin_preserved
C4_near_identical,22,M2_unsigned_prototype,ok,8.339756696745793e-17,0.0,0.0,0.0008147944394057699,0.0008147944394057699,0.0,True,calibrated_load_margin_preserved
C4_near_identical,22,M3_top1_projection,ok,1.329273156323407e-16,0.0,0.0,0.0017248150216444475,0.0017248150216444475,0.0,True,calibrated_load_margin_preserved
C4_near_identical,22,M3_fullspan_control,ok,2.220446049250313e-16,0.49770000000000003,0.35629999999999995,2.8569369092679155e-16,2.684630295846091e-16,-1.7230661342182455e-17,False,degenerate_scores
C4_near_identical,22,M4_matrix_response,ok,0.006326021504226453,0.20740000000000003,0.0,0.007901729843132232,0.006637484760515188,-0.001264245082617044,True,calibrated_load_margin_preserved
C4_near_identical,23,M1_signed_prototype,ok,-5.551115123125783e-17,0.0,0.0,0.004147955845967775,0.004147955845967775,0.0,True,calibrated_load_margin_preserved
C4_near_identical,23,M2_unsigned_prototype,ok,7.727650984390433e-17,0.0,0.0,0.00414793392554241,0.00414793392554241,0.0,True,calibrated_load_margin_preserved
C4_near_identical,23,M3_top1_projection,ok,-2.6267762243776735e-17,0.0,0.0,0.0015442581808426817,0.0015442581808426817,0.0,True,calibrated_load_margin_preserved
C4_near_identical,23,M3_fullspan_control,ok,-1.1102230246251565e-16,0.01040000000000002,0.2167,1.1071144001562061e-16,6.0285110237146e-17,-5.0426329778474603e-17,False,degenerate_scores
C4_near_identical,23,M4_matrix_response,ok,0.03951362308633288,0.5,0.0,0.03951362308633258,0.018063750642787705,-0.021449872443544873,True,calibrated_load_margin_preserved
C4_near_identical,24,M1_signed_prototype,ok,-1.1102230246251565e-16,0.0,0.0,0.0015913058148693628,0.0015913058148693628,0.0,True,calibrated_load_margin_preserved
C4_near_identical,24,M2_unsigned_prototype,ok,-1.2726987669851083e-17,0.0,0.0,0.0015913045351500436,0.0015913045351500436,0.0,True,calibrated_load_margin_preserved
C4_near_identical,24,M3_top1_projection,ok,-5.716794767608724e-17,0.0,0.0,0.005281204647492545,0.005281204647492545,0.0,True,calibrated_load_margin_preserved
C4_near_identical,24,M3_fullspan_control,ok,-2.220446049250313e-16,0.3877,0.1513,2.4334978476758806e-16,3.5715874702191284e-17,-2.0763391006539679e-16,False,degenerate_scores
C4_near_identical,24,M4_matrix_response,ok,0.021261629979451135,0.1634,0.0,0.030954601552981,0.02755825666125741,-0.00339634489172359,True,calibrated_load_margin_preserved
C4_near_identical,25,M1_signed_prototype,ok,5.551115123125783e-17,0.0,0.0,0.0005132434845373957,0.0005132434845373957,0.0,True,calibrated_load_margin_preserved
C4_near_identical,25,M2_unsigned_prototype,ok,2.471340913996181e-16,0.0,0.0,0.0005132434494295708,0.0005132434494295708,0.0,True,calibrated_load_margin_preserved
C4_near_identical,25,M3_top1_projection,ok,2.413654264519019e-16,0.0,0.0,0.003265513988830345,0.003265513988830345,0.0,True,calibrated_load_margin_preserved
C4_near_identical,25,M3_fullspan_control,ok,4.440892098500626e-16,0.5,0.2744,4.699907130145675e-16,3.45867778861475e-16,-1.241229341530925e-16,False,degenerate_scores
C4_near_identical,25,M4_matrix_response,ok,-0.04040501411958963,0.5,0.0,0.0404050141195896,0.021036176729206643,-0.019368837390382955,True,calibrated_load_margin_preserved
C4_near_identical,26,M1_signed_prototype,ok,-1.1102230246251565e-16,0.0,0.0,0.00048461319239429494,0.00048461319239429494,0.0,True,calibrated_load_margin_preserved
C4_near_identical,26,M2_unsigned_prototype,ok,-9.342195043530636e-17,0.0,0.0,0.00048461311224449896,0.00048461311224449896,0.0,True,calibrated_load_margin_preserved
C4_near_identical,26,M3_top1_projection,ok,-7.137438426743636e-17,0.0,0.0,0.00555765107087649,0.00555765107087649,0.0,True,calibrated_load_margin_preserved
C4_near_identical,26,M3_fullspan_control,ok,0.0,0.18610000000000004,0.18610000000000004,9.85656001262214e-17,9.85656001262214e-17,0.0,False,degenerate_scores
C4_near_identical,26,M4_matrix_response,ok,-0.01168474410973086,0.1144,0.0,0.022472626779790134,0.02115049066637686,-0.0013221361134132734,True,calibrated_load_margin_preserved
C4_near_identical,27,M1_signed_prototype,ok,5.551115123125783e-17,0.0,0.0,0.0026337858628967545,0.0026337858628967545,0.0,True,calibrated_load_margin_preserved
C4_near_identical,27,M2_unsigned_prototype,ok,1.8103973994845063e-16,0.0,0.0,0.002633780347759524,0.002633780347759524,0.0,True,calibrated_load_margin_preserved
C4_near_identical,27,M3_top1_projection,ok,4.392035238102998e-17,0.0,0.0,0.005248217222675848,0.005248217222675848,0.0,True,calibrated_load_margin_preserved
C4_near_identical,27,M3_fullspan_control,ok,1.1102230246251565e-16,0.36639999999999995,0.01649999999999996,1.0899059432745162e-16,1.0899059432745162e-16,0.0,False,degenerate_scores
C4_near_identical,27,M4_matrix_response,ok,-0.014016019237023836,0.12280000000000002,0.0,0.02542777620586987,0.023729504375133943,-0.0016982718307359257,True,calibrated_load_margin_preserved
C4_near_identical,28,M1_signed_prototype,ok,0.0,0.0,0.0,0.0029560132545957056,0.0029560132545957056,0.0,True,calibrated_load_margin_preserved
C4_near_identical,28,M2_unsigned_prototype,ok,-1.6064276306209345e-16,0.0,0.0,0.0029560050119399363,0.0029560050119399363,0.0,True,calibrated_load_margin_preserved
C4_near_identical,28,M3_top1_projection,ok,-2.40896170199123e-16,0.0,0.0,0.0029975081283585498,0.0029975081283585498,0.0,True,calibrated_load_margin_preserved
C4_near_identical,28,M3_fullspan_control,ok,-2.220446049250313e-16,0.4353,0.03080000000000005,2.998046255697773e-16,1.042721464727947e-16,-1.9553247909698258e-16,False,degenerate_scores
C4_near_identical,28,M4_matrix_response,ok,-0.008727622649177036,0.08900000000000002,0.0,0.02090317408047368,0.020131454210883807,-0.0007717198695898729,True,calibrated_load_margin_preserved
C4_near_identical,29,M1_signed_prototype,ok,0.0,0.0,0.0,0.012636956486580314,0.012636956486580314,0.0,True,calibrated_load_margin_preserved
C4_near_identical,29,M2_unsigned_prototype,ok,1.0875903042745216e-17,0.0,0.0,0.01263633456692988,0.01263633456692988,0.0,True,calibrated_load_margin_preserved
C4_near_identical,29,M3_top1_projection,ok,1.5697553391695596e-16,0.0,0.0,0.009795088332233283,0.009795088332233283,0.0,True,calibrated_load_margin_preserved
C4_near_identical,29,M3_fullspan_control,ok,1.1102230246251565e-16,0.4517,0.12960000000000005,1.4847012508312218e-16,1.4847012508312218e-16,0.0,False,degenerate_scores
C4_near_identical,29,M4_matrix_response,ok,-0.008153371274908727,0.04520000000000002,0.0,0.03709961802116229,0.03673226603373811,-0.000367351987424179,True,calibrated_load_margin_preserved
C4_near_identical,30,M1_signed_prototype,ok,0.0,0.0,0.0,0.0033657186408972747,0.0033657186408972747,0.0,True,calibrated_load_margin_preserved
C4_near_identical,30,M2_unsigned_prototype,ok,5.794128875693041e-17,0.0,0.0,0.003365706627486643,0.003365706627486643,0.0,True,calibrated_load_margin_preserved
C4_near_identical,30,M3_top1_projection,ok,-4.341636777741367e-17,0.0,0.0,0.002549241028059902,0.002549241028059902,0.0,True,calibrated_load_margin_preserved
C4_near_identical,30,M3_fullspan_control,ok,-1.1102230246251565e-16,0.017900000000000027,0.08440000000000003,1.2805312366026555e-16,1.0533796057643485e-16,-2.2715163083830703e-17,False,degenerate_scores
C4_near_identical,30,M4_matrix_response,ok,-0.010573383634360833,0.22160000000000002,0.0,0.0127393612277548,0.010495559833053827,-0.0022438013947009734,True,calibrated_load_margin_preserved
C4_near_identical,31,M1_signed_prototype,ok,-1.1102230246251565e-16,0.0,0.0,0.00342268947053571,0.00342268947053571,0.0,True,calibrated_load_margin_preserved
C4_near_identical,31,M2_unsigned_prototype,ok,1.924484267150188e-16,0.0,0.0,0.00342267717400412,0.00342267717400412,0.0,True,calibrated_load_margin_preserved
C4_near_identical,31,M3_top1_projection,ok,1.649816893344036e-16,0.0,0.0,0.002925156802856458,0.002925156802856458,0.0,True,calibrated_load_margin_preserved
C4_near_identical,31,M3_fullspan_control,ok,0.0,0.3788,0.3788,1.0734746425100638e-16,1.0734746425100638e-16,0.0,False,degenerate_scores
C4_near_identical,31,M4_matrix_response,ok,-0.005345914041960165,0.09399999999999997,0.0,0.01219167863976821,0.011692804309982882,-0.0004988743297853274,True,calibrated_load_margin_preserved
C4_near_identical,32,M1_signed_prototype,ok,-5.551115123125783e-17,0.0,0.0,0.002766625860624019,0.002766625860624019,0.0,True,calibrated_load_margin_preserved
C4_near_identical,32,M2_unsigned_prototype,ok,6.150306230013475e-17,0.0,0.0,0.0027666193372301758,0.0027666193372301758,0.0,True,calibrated_load_margin_preserved
C4_near_identical,32,M3_top1_projection,ok,-1.9212756004668703e-16,0.0,0.0,0.00027277183507117843,0.00027277183507117843,0.0,True,calibrated_load_margin_preserved
C4_near_identical,32,M3_fullspan_control,ok,-3.3306690738754696e-16,0.4588,0.16159999999999997,3.1230573682705655e-16,6.994405055138486e-18,-3.0531133177191805e-16,False,degenerate_scores
C4_near_identical,32,M4_matrix_response,ok,0.0037230358385148543,0.09240000000000004,0.0,0.0086184502659517,0.008276706935802269,-0.0003417433301494306,True,calibrated_load_margin_preserved
C4_near_identical,33,M1_signed_prototype,ok,5.551115123125783e-17,0.0,0.0,0.003756773782761451,0.003756773782761451,0.0,True,calibrated_load_margin_preserved
C4_near_identical,33,M2_unsigned_prototype,ok,8.237141302163895e-17,0.0,0.0,0.0037567572944582116,0.0037567572944582116,0.0,True,calibrated_load_margin_preserved
C4_near_identical,33,M3_top1_projection,ok,1.6478009549295708e-16,0.0,0.0,0.00200265767777371,0.00200265767777371,0.0,True,calibrated_load_margin_preserved
C4_near_identical,33,M3_fullspan_control,ok,4.440892098500626e-16,0.5,0.17879999999999996,4.3431924723336123e-16,2.597921877622866e-16,-1.7452705947107462e-16,False,degenerate_scores
C4_near_identical,33,M4_matrix_response,ok,-0.01047138575788209,0.1866,0.0,0.01393910183206066,0.012041694899927279,-0.0018974069321333817,True,calibrated_load_margin_preserved
C4_near_identical,34,M1_signed_prototype,ok,5.551115123125783e-17,0.0,0.0,0.0021885365813841895,0.0021885365813841895,0.0,True,calibrated_load_margin_preserved
C4_near_identical,34,M2_unsigned_prototype,ok,2.4466334923203652e-17,0.0,0.0,0.0021885333070017295,0.0021885333070017295,0.0,True,calibrated_load_margin_preserved
C4_near_identical,34,M3_top1_projection,ok,6.595286386175151e-17,0.0,0.0,0.0003298321187501286,0.0003298321187501286,0.0,True,calibrated_load_margin_preserved
C4_near_identical,34,M3_fullspan_control,ok,2.220446049250313e-16,0.487,0.15769999999999995,2.1049828546892967e-16,1.6719958750854858e-16,-4.3298697960381094e-17,False,degenerate_scores
C4_near_identical,34,M4_matrix_response,ok,0.024580321261501448,0.5,0.0,0.02458032126150123,0.0089510665751615,-0.01562925468633973,True,calibrated_load_margin_preserved
C4_near_identical,35,M1_signed_prototype,ok,-5.551115123125783e-17,0.0,0.0,0.005584069374718272,0.005584069374718272,0.0,True,calibrated_load_margin_preserved
C4_near_identical,35,M2_unsigned_prototype,ok,6.843687400635845e-17,0.0,0.0,0.005584015902678535,0.005584015902678535,0.0,True,calibrated_load_margin_preserved
C4_near_identical,35,M3_top1_projection,ok,-6.728999139577613e-17,0.0,0.0,0.004733252177971896,0.004733252177971896,0.0,True,calibrated_load_margin_preserved
C4_near_identical,35,M3_fullspan_control,ok,0.0,0.06299999999999994,0.06299999999999994,1.1398659793826482e-16,1.1398659793826482e-16,0.0,False,degenerate_scores
C4_near_identical,35,M4_matrix_response,ok,0.01050829069351178,0.11280000000000001,0.0,0.020430550531696654,0.01925638093312261,-0.0011741695985740437,True,calibrated_load_margin_preserved
C4_near_identical,36,M1_signed_prototype,ok,0.0,0.0,0.0,0.00391771577116343,0.00391771577116343,0.0,True,calibrated_load_margin_preserved
C4_near_identical,36,M2_unsigned_prototype,ok,-4.7216157578796464e-17,0.0,0.0,0.0039176972961697115,0.0039176972961697115,0.0,True,calibrated_load_margin_preserved
C4_near_identical,36,M3_top1_projection,ok,-7.135013794932121e-17,0.0,0.0,0.001527417695948419,0.001527417695948419,0.0,True,calibrated_load_margin_preserved
C4_near_identical,36,M3_fullspan_control,ok,-2.220446049250313e-16,0.3473,0.22099999999999997,2.3383517344655045e-16,-4.440892098500626e-19,-2.342792626564005e-16,False,degenerate_scores
C4_near_identical,36,M4_matrix_response,ok,0.04440337260016236,0.38580000000000003,0.0,0.04486225113152551,0.030190608124852043,-0.014671643006673469,True,calibrated_load_margin_preserved
C4_near_identical,37,M1_signed_prototype,ok,0.0,0.0,0.0,0.006145385469885053,0.006145385469885053,0.0,True,calibrated_load_margin_preserved
C4_near_identical,37,M2_unsigned_prototype,ok,-1.2906071610724323e-16,0.0,0.0,0.006145314173200168,0.006145314173200168,0.0,True,calibrated_load_margin_preserved
C4_near_identical,37,M3_top1_projection,ok,-2.1743589865902066e-16,0.0,0.0,0.0029829109069361174,0.0029829109069361174,0.0,True,calibrated_load_margin_preserved
C4_near_identical,37,M3_fullspan_control,ok,-3.3306690738754696e-16,0.4895,0.0968,3.494204925402755e-16,3.8358205500799156e-17,-3.1106228703947637e-16,False,degenerate_scores
C4_near_identical,37,M4_matrix_response,ok,-0.03840681296268256,0.5,0.0,0.03840681296268266,0.01881371051346799,-0.01959310244921467,True,calibrated_load_margin_preserved
C4_near_identical,38,M1_signed_prototype,ok,0.0,0.0,0.0,0.0020778624532303913,0.0020778624532303913,0.0,True,calibrated_load_margin_preserved
C4_near_identical,38,M2_unsigned_prototype,ok,-1.789145342837896e-16,0.0,0.0,0.002077859710640276,0.002077859710640276,0.0,True,calibrated_load_margin_preserved
C4_near_identical,38,M3_top1_projection,ok,5.520436648567416e-17,0.0,0.0,0.0008655338456396159,0.0008655338456396159,0.0,True,calibrated_load_margin_preserved
C4_near_identical,38,M3_fullspan_control,ok,2.220446049250313e-16,0.47550000000000003,0.10040000000000004,1.7378321004457574e-16,1.5313306178654784e-16,-2.0650148258027905e-17,False,degenerate_scores
C4_near_identical,38,M4_matrix_response,ok,-0.025037684193991105,0.5,0.0,0.02503768419399091,0.012051969731315483,-0.012985714462675428,True,calibrated_load_margin_preserved
C4_near_identical,39,M1_signed_prototype,ok,-1.1102230246251565e-16,0.0,0.0,0.0065988887547493635,0.0065988887547493635,0.0,True,calibrated_load_margin_preserved
C4_near_identical,39,M2_unsigned_prototype,ok,2.9781000799103396e-16,0.0,0.0,0.006598800299970807,0.006598800299970807,0.0,True,calibrated_load_margin_preserved
C4_near_identical,39,M3_top1_projection,ok,-7.48192871162543e-17,0.0,0.0,0.00019073092954055045,0.00019073092954055045,0.0,True,calibrated_load_margin_preserved
C4_near_identical,39,M3_fullspan_control,ok,-2.220446049250313e-16,0.19119999999999998,0.35860000000000003,1.6564527527407336e-16,-4.458655666894629e-17,-2.1023183194301964e-16,False,degenerate_scores
C4_near_identical,39,M4_matrix_response,ok,0.005792415754829916,0.06920000000000004,0.0,0.01748018404765054,0.017080557003787855,-0.00039962704386268394,True,calibrated_load_margin_preserved
C4_near_identical,40,M1_signed_prototype,ok,0.0,0.0,0.0,0.008949642397366097,0.008949642397366097,0.0,True,calibrated_load_margin_preserved
C4_near_identical,40,M2_unsigned_prototype,ok,2.262594408705687e-17,0.0,0.0,0.008949420423140318,0.008949420423140318,0.0,True,calibrated_load_margin_preserved
C4_near_identical,40,M3_top1_projection,ok,-2.4446556703885264e-16,0.0,0.0,0.006232386128193812,0.006232386128193812,0.0,True,calibrated_load_margin_preserved
C4_near_identical,40,M3_fullspan_control,ok,-2.220446049250313e-16,0.15239999999999998,0.37870000000000004,1.63113966777928e-16,-5.282441151166495e-17,-2.1593837828959295e-16,False,degenerate_scores
C4_near_identical,40,M4_matrix_response,ok,0.010179844130354443,0.08079999999999998,0.0,0.026622800546913516,0.02580464562050201,-0.000818154926411508,True,calibrated_load_margin_preserved
C4_near_identical,41,M1_signed_prototype,ok,0.0,0.0,0.0,0.003007145647467219,0.003007145647467219,0.0,True,calibrated_load_margin_preserved
C4_near_identical,41,M2_unsigned_prototype,ok,8.740532982717125e-17,0.0,0.0,0.003007137201768113,0.003007137201768113,0.0,True,calibrated_load_margin_preserved
C4_near_identical,41,M3_top1_projection,ok,-3.908543537854323e-17,0.0,0.0,0.0006449137727495157,0.0006449137727495157,0.0,True,calibrated_load_margin_preserved
C4_near_identical,41,M3_fullspan_control,ok,-2.220446049250313e-16,0.2459,0.3346,1.8030021919912543e-16,-4.138911435802584e-17,-2.2168933355715127e-16,False,degenerate_scores
C4_near_identical,41,M4_matrix_response,ok,-0.0002179872112687553,0.008599999999999997,0.0,0.005227969567960711,0.00522612667035645,-1.842897604261047e-06,True,calibrated_load_margin_preserved
C4_near_identical,42,M1_signed_prototype,ok,0.0,0.0,0.0,0.010304548506525443,0.010304548506525443,0.0,True,calibrated_load_margin_preserved
C4_near_identical,42,M2_unsigned_prototype,ok,-1.0623148411284533e-16,0.0,0.0,0.010304210708456876,0.010304210708456876,0.0,True,calibrated_load_margin_preserved
C4_near_identical,42,M3_top1_projection,ok,-8.472192945026963e-17,0.0,0.0,0.006740714671690574,0.006740714671690574,0.0,True,calibrated_load_margin_preserved
C4_near_identical,42,M3_fullspan_control,ok,0.0,0.1693,0.1693,1.0016432128168162e-16,1.0016432128168162e-16,0.0,False,degenerate_scores
C4_near_identical,42,M4_matrix_response,ok,0.028330014681033966,0.2358,0.0,0.03308365259192711,0.026727496500986946,-0.006356156090940163,True,calibrated_load_margin_preserved
C4_near_identical,43,M1_signed_prototype,ok,-5.551115123125783e-17,0.0,0.0,0.002582690667371286,0.002582690667371286,0.0,True,calibrated_load_margin_preserved
C4_near_identical,43,M2_unsigned_prototype,ok,6.863020927656924e-17,0.0,0.0,0.0025826854378186532,0.0025826854378186532,0.0,True,calibrated_load_margin_preserved
C4_near_identical,43,M3_top1_projection,ok,-2.526752734070761e-16,0.0,0.0,5.29016136323941e-05,5.29016136323941e-05,0.0,True,calibrated_load_margin_preserved
C4_near_identical,43,M3_fullspan_control,ok,-3.3306690738754696e-16,0.4668,0.13839999999999997,3.236855228294644e-16,2.0550228185811646e-17,-3.031352946436528e-16,False,degenerate_scores
C4_near_identical,43,M4_matrix_response,ok,0.0009673046732701085,0.04200000000000004,0.0,0.004729185153153501,0.004688687360939824,-4.049779221367705e-05,True,calibrated_load_margin_preserved
C4_near_identical,44,M1_signed_prototype,ok,5.551115123125783e-17,0.0,0.0,0.0031228250181649033,0.0031228250181649033,0.0,True,calibrated_load_margin_preserved
C4_near_identical,44,M2_unsigned_prototype,ok,9.188401653577837e-17,0.0,0.0,0.0031228157515536216,0.0031228157515536216,0.0,True,calibrated_load_margin_preserved
C4_near_identical,44,M3_top1_projection,ok,1.2221766265782885e-16,0.0,0.0,1.1637272536101724e-05,1.1637272536101724e-05,0.0,True,calibrated_load_margin_preserved
C4_near_identical,44,M3_fullspan_control,ok,2.220446049250313e-16,0.47219999999999995,0.07169999999999999,1.6928680679484386e-16,1.4297452111122767e-16,-2.6312285683616196e-17,False,degenerate_scores
C4_near_identical,44,M4_matrix_response,ok,0.023802832972747767,0.5,0.0,0.02380283297274771,0.007229351599061708,-0.016573481373686003,True,calibrated_load_margin_preserved
C4_near_identical,45,M1_signed_prototype,ok,0.0,0.0,0.0,0.0023991823411719155,0.0023991823411719155,0.0,True,calibrated_load_margin_preserved
C4_near_identical,45,M2_unsigned_prototype,ok,-6.545447099907606e-19,0.0,0.0,0.002399178165699811,0.002399178165699811,0.0,True,calibrated_load_margin_preserved
C4_near_identical,45,M3_top1_projection,ok,-5.283963082231369e-17,0.0,0.0,0.00018025841999633852,0.00018025841999633852,0.0,True,calibrated_load_margin_preserved
C4_near_identical,45,M3_fullspan_control,ok,0.0,0.028000000000000025,0.028000000000000025,1.1578515923815757e-16,1.1578515923815757e-16,0.0,False,degenerate_scores
C4_near_identical,45,M4_matrix_response,ok,-0.05029989715716021,0.5,0.0,0.0502998971571601,0.023691911475871623,-0.026607985681288478,True,calibrated_load_margin_preserved
C4_near_identical,46,M1_signed_prototype,ok,-1.1102230246251565e-16,0.0,0.0,0.0037487173922298935,0.0037487173922298935,0.0,True,calibrated_load_margin_preserved
C4_near_identical,46,M2_unsigned_prototype,ok,-7.888375486131936e-17,0.0,0.0,0.0037487012790505666,0.0037487012790505666,0.0,True,calibrated_load_margin_preserved
C4_near_identical,46,M3_top1_projection,ok,-2.0849800699959328e-16,0.0,0.0,0.004414615969164701,0.004414615969164701,0.0,True,calibrated_load_margin_preserved
C4_near_identical,46,M3_fullspan_control,ok,-2.220446049250313e-16,0.3925,0.1281,2.6320057244788584e-16,4.881650639276813e-17,-2.143840660551177e-16,False,degenerate_scores
C4_near_identical,46,M4_matrix_response,ok,0.008432451072622138,0.10299999999999998,0.0,0.017740777391105213,0.016879719824315673,-0.0008610575667895408,True,calibrated_load_margin_preserved
C4_near_identical,47,M1_signed_prototype,ok,0.0,0.0,0.0,0.0009732536141045251,0.0009732536141045251,0.0,True,calibrated_load_margin_preserved
C4_near_identical,47,M2_unsigned_prototype,ok,1.3190526450235999e-17,0.0,0.0,0.0009732533307340121,0.0009732533307340121,0.0,True,calibrated_load_margin_preserved
C4_near_identical,47,M3_top1_projection,ok,5.963778987116237e-17,0.0,0.0,0.00074762011357891,0.00074762011357891,0.0,True,calibrated_load_margin_preserved
C4_near_identical,47,M3_fullspan_control,ok,1.1102230246251565e-16,0.44210000000000005,0.1251,1.3999912340523223e-16,1.3999912340523223e-16,0.0,False,degenerate_scores
C4_near_identical,47,M4_matrix_response,ok,-0.010507293912877413,0.41259999999999997,0.0,0.010554840385284123,0.006949305892219183,-0.00360553449306494,True,calibrated_load_margin_preserved
C4_near_identical,48,M1_signed_prototype,ok,5.551115123125783e-17,0.0,0.0,0.003423448543703902,0.003423448543703902,0.0,True,calibrated_load_margin_preserved
C4_near_identical,48,M2_unsigned_prototype,ok,1.0279507144583463e-16,0.0,0.0,0.003423436326805813,0.003423436326805813,0.0,True,calibrated_load_margin_preserved
C4_near_identical,48,M3_top1_projection,ok,4.9424372472288425e-17,0.0,0.0,0.00634169219999229,0.00634169219999229,0.0,True,calibrated_load_margin_preserved
C4_near_identical,48,M3_fullspan_control,ok,0.0,0.27669999999999995,0.27669999999999995,9.894307595459395e-17,9.894307595459395e-17,0.0,False,degenerate_scores
C4_near_identical,48,M4_matrix_response,ok,-0.006104452357891865,0.05199999999999999,0.0,0.02420207964220413,0.02388522582624159,-0.00031685381596254295,True,calibrated_load_margin_preserved
C4_near_identical,49,M1_signed_prototype,ok,0.0,0.0,0.0,0.0037566252541339175,0.0037566252541339175,0.0,True,calibrated_load_margin_preserved
C4_near_identical,49,M2_unsigned_prototype,ok,2.8040432795790535e-16,0.0,0.0,0.00375660899054748,0.00375660899054748,0.0,True,calibrated_load_margin_preserved
C4_near_identical,49,M3_top1_projection,ok,8.477232791063126e-17,0.0,0.0,0.0032149900758331766,0.0032149900758331766,0.0,True,calibrated_load_margin_preserved
C4_near_identical,49,M3_fullspan_control,ok,2.220446049250313e-16,0.49360000000000004,0.24629999999999996,2.401079335356826e-16,2.0899948438568573e-16,-3.1108449149996887e-17,False,degenerate_scores
C4_near_identical,49,M4_matrix_response,ok,-0.0013431294594836718,0.015199999999999991,0.0,0.018061909817523706,0.018041644714770138,-2.026510275356802e-05,True,calibrated_load_margin_preserved
C4_near_identical,50,M1_signed_prototype,ok,0.0,0.0,0.0,0.0018927639189006357,0.0018927639189006357,0.0,True,calibrated_load_margin_preserved
C4_near_identical,50,M2_unsigned_prototype,ok,-3.7663955274372905e-17,0.0,0.0,0.0018927617822574686,0.0018927617822574686,0.0,True,calibrated_load_margin_preserved
C4_near_identical,50,M3_top1_projection,ok,1.4833413025884719e-16,0.0,0.0,0.00045867586697268285,0.00045867586697268285,0.0,True,calibrated_load_margin_preserved
C4_near_identical,50,M3_fullspan_control,ok,1.1102230246251565e-16,0.4516,0.05879999999999996,1.3881118476888332e-16,1.3881118476888332e-16,0.0,False,degenerate_scores
C4_near_identical,50,M4_matrix_response,ok,-0.03351743118106609,0.5,0.0,0.03351743118106628,0.01412378969079715,-0.01939364149026913,True,calibrated_load_margin_preserved
C4_near_identical,51,M1_signed_prototype,ok,5.551115123125783e-17,0.0,0.0,0.0010818380209165288,0.0010818380209165288,0.0,True,calibrated_load_margin_preserved
C4_near_identical,51,M2_unsigned_prototype,ok,-4.932585195261091e-17,0.0,0.0,0.0010818375725227362,0.0010818375725227362,0.0,True,calibrated_load_margin_preserved
C4_near_identical,51,M3_top1_projection,ok,-1.2821029502819992e-16,0.0,0.0,0.003612470561077555,0.003612470561077555,0.0,True,calibrated_load_margin_preserved
C4_near_identical,51,M3_fullspan_control,ok,-2.220446049250313e-16,0.2756,0.2793,2.0403678746561128e-16,-2.05613304160579e-17,-2.245981178816692e-16,False,degenerate_scores
C4_near_identical,51,M4_matrix_response,ok,-0.0015357591740721155,0.02100000000000002,0.0,0.014834678152510918,0.014802378736702426,-3.229941580849133e-05,True,calibrated_load_margin_preserved
C4_near_identical,52,M1_signed_prototype,ok,0.0,0.0,0.0,0.0013978751858003703,0.0013978751858003703,0.0,True,calibrated_load_margin_preserved
C4_near_identical,52,M2_unsigned_prototype,ok,1.4721242040866608e-16,0.0,0.0,0.001397874406424201,0.001397874406424201,0.0,True,calibrated_load_margin_preserved
C4_near_identical,52,M3_top1_projection,ok,2.015287985805972e-16,0.0,0.0,0.00010555383684811223,0.00010555383684811223,0.0,True,calibrated_load_margin_preserved
C4_near_identical,52,M3_fullspan_control,ok,2.220446049250313e-16,0.49350000000000005,0.2571,2.368327756130384e-16,2.1458390619955026e-16,-2.2248869413488127e-17,False,degenerate_scores
C4_near_identical,52,M4_matrix_response,ok,-0.00841116459317437,0.24320000000000003,0.0,0.009680091489331551,0.00774032316616786,-0.0019397683231636908,True,calibrated_load_margin_preserved
C4_near_identical,53,M1_signed_prototype,ok,0.0,0.0,0.0,0.004861113784865131,0.004861113784865131,0.0,True,calibrated_load_margin_preserved
C4_near_identical,53,M2_unsigned_prototype,ok,-6.23602596427561e-17,0.0,0.0,0.00486107821455445,0.00486107821455445,0.0,True,calibrated_load_margin_preserved
C4_near_identical,53,M3_top1_projection,ok,-6.697531865587115e-17,0.0,0.0,0.0027998811182846227,0.0027998811182846227,0.0,True,calibrated_load_margin_preserved
C4_near_identical,53,M3_fullspan_control,ok,-2.220446049250313e-16,0.23020000000000002,0.3507,1.686872863615463e-16,-4.596323321948148e-17,-2.1465051958102777e-16,False,degenerate_scores
C4_near_identical,53,M4_matrix_response,ok,0.031154553757109182,0.31020000000000003,0.0,0.03278522174905677,0.02396333066547649,-0.00882189108358028,True,calibrated_load_margin_preserved
C4_near_identical,54,M1_signed_prototype,ok,-5.551115123125783e-17,0.0,0.0,0.0029912759574975876,0.0029912759574975876,0.0,True,calibrated_load_margin_preserved
C4_near_identical,54,M2_unsigned_prototype,ok,6.888622498487686e-17,0.0,0.0,0.0029912674246576985,0.0029912674246576985,0.0,True,calibrated_load_margin_preserved
C4_near_identical,54,M3_top1_projection,ok,2.2567329407106873e-16,0.0,0.0,0.004379234318503299,0.004379234318503299,0.0,True,calibrated_load_margin_preserved
C4_near_identical,54,M3_fullspan_control,ok,4.440892098500626e-16,0.5,0.20589999999999997,4.407252340854484e-16,2.8380631178492874e-16,-1.5691892230051965e-16,False,degenerate_scores
C4_near_identical,54,M4_matrix_response,ok,0.03240826343575737,0.28359999999999996,0.0,0.03506037798027802,0.02652971283944081,-0.008530665140837213,True,calibrated_load_margin_preserved
C4_near_identical,55,M1_signed_prototype,ok,0.0,0.0,0.0,0.0012198908023290445,0.0012198908023290445,0.0,True,calibrated_load_margin_preserved
C4_near_identical,55,M2_unsigned_prototype,ok,7.23904002876679e-17,0.0,0.0,0.0012198903026082778,0.0012198903026082778,0.0,True,calibrated_load_margin_preserved
C4_near_identical,55,M3_top1_projection,ok,-3.0041039913910467e-16,0.0,0.0,0.0023427481556161454,0.0023427481556161454,0.0,True,calibrated_load_margin_preserved
C4_near_identical,55,M3_fullspan_control,ok,-4.440892098500626e-16,0.4995,0.04730000000000001,4.988343071943291e-16,6.684652831268067e-17,-4.319877788816484e-16,False,degenerate_scores
C4_near_identical,55,M4_matrix_response,ok,-0.03251658817238612,0.2792,0.0,0.03537470555530812,0.026929247220576234,-0.008445458334731884,True,calibrated_load_margin_preserved
C4_near_identical,56,M1_signed_prototype,ok,0.0,0.0,0.0,0.0015121306741929042,0.0015121306741929042,0.0,True,calibrated_load_margin_preserved
C4_near_identical,56,M2_unsigned_prototype,ok,2.8269724614612274e-17,0.0,0.0,0.0015121295549207325,0.0015121295549207325,0.0,True,calibrated_load_margin_preserved
C4_near_identical,56,M3_top1_projection,ok,-1.569042772702682e-16,0.0,0.0,0.001664826958952039,0.001664826958952039,0.0,True,calibrated_load_margin_preserved
C4_near_identical,56,M3_fullspan_control,ok,-3.3306690738754696e-16,0.4689,0.029000000000000026,3.454125874213787e-16,1.006972283335017e-16,-2.44715359087877e-16,False,degenerate_scores
C4_near_identical,56,M4_matrix_response,ok,0.004930067174231806,0.1492,0.0,0.007673070338432649,0.0069517178250880765,-0.0007213525133445723,True,calibrated_load_margin_preserved
C4_near_identical,57,M1_signed_prototype,ok,5.551115123125783e-17,0.0,0.0,0.0007366173891790839,0.0007366173891790839,0.0,True,calibrated_load_margin_preserved
C4_near_identical,57,M2_unsigned_prototype,ok,-1.9818188685586475e-17,0.0,0.0,0.0007366172032459519,0.0007366172032459519,0.0,True,calibrated_load_margin_preserved
C4_near_identical,57,M3_top1_projection,ok,-1.8702820994597933e-16,0.0,0.0,0.0009828209444486806,0.0009828209444486806,0.0,True,calibrated_load_margin_preserved
C4_near_identical,57,M3_fullspan_control,ok,-2.220446049250313e-16,0.17170000000000002,0.3752,1.589173237448449e-16,-4.911626660941693e-17,-2.0803359035426185e-16,False,degenerate_scores
C4_near_identical,57,M4_matrix_response,ok,0.0069133943651051855,0.1804,0.0,0.00941057704130318,0.008197940170542218,-0.0012126368707609612,True,calibrated_load_margin_preserved
C4_near_identical,58,M1_signed_prototype,ok,0.0,0.0,0.0,0.0029889861151358777,0.0029889861151358777,0.0,True,calibrated_load_margin_preserved
C4_near_identical,58,M2_unsigned_prototype,ok,-4.962850741257671e-17,0.0,0.0,0.0029889780254615406,0.0029889780254615406,0.0,True,calibrated_load_margin_preserved
C4_near_identical,58,M3_top1_projection,ok,-2.2370627180930743e-16,0.0,0.0,0.0013926604698933887,0.0013926604698933887,0.0,True,calibrated_load_margin_preserved
C4_near_identical,58,M3_fullspan_control,ok,-2.220446049250313e-16,0.4568,0.0023999999999999577,2.898792317296284e-16,1.1004530620084551e-16,-1.7983392552878287e-16,False,degenerate_scores
C4_near_identical,58,M4_matrix_response,ok,0.009543545617484273,0.13180000000000003,0.0,0.016354699169564405,0.015116447462402354,-0.0012382517071620504,True,calibrated_load_margin_preserved
C4_near_identical,59,M1_signed_prototype,ok,-5.551115123125783e-17,0.0,0.0,0.004770290242303629,0.004770290242303629,0.0,True,calibrated_load_margin_preserved
C4_near_identical,59,M2_unsigned_prototype,ok,-9.911725438885646e-17,0.0,0.0,0.00477025649219051,0.00477025649219051,0.0,True,calibrated_load_margin_preserved
C4_near_identical,59,M3_top1_projection,ok,1.7115486545399294e-16,0.0,0.0,0.0038832100324082213,0.0038832100324082213,0.0,True,calibrated_load_margin_preserved
C4_near_identical,59,M3_fullspan_control,ok,4.440892098500626e-16,0.5,0.05179999999999996,3.90087961932295e-16,1.545874539488068e-16,-2.355005079834882e-16,False,degenerate_scores
C4_near_identical,59,M4_matrix_response,ok,0.003608460689683235,0.0504,0.0,0.01474434464729153,0.014562777897714409,-0.00018156674957712192,True,calibrated_load_margin_preserved
C4_near_identical,60,M1_signed_prototype,ok,0.0,0.0,0.0,0.008644468527811535,0.008644468527811535,0.0,True,calibrated_load_margin_preserved
C4_near_identical,60,M2_unsigned_prototype,ok,-5.829280743004095e-17,0.0,0.0,0.008644268655891837,0.008644268655891837,0.0,True,calibrated_load_margin_preserved
C4_near_identical,60,M3_top1_projection,ok,-7.13561730590704e-18,0.0,0.0,0.0021671006307396995,0.0021671006307396995,0.0,True,calibrated_load_margin_preserved
C4_near_identical,60,M3_fullspan_control,ok,-2.220446049250313e-16,0.381,0.15710000000000002,2.4931168240982516e-16,3.241851231905457e-17,-2.1689317009077058e-16,False,degenerate_scores
C4_near_identical,60,M4_matrix_response,ok,-0.03153287307918484,0.5,0.0,0.03153287307918462,0.009214476831233479,-0.022318396247951143,True,calibrated_load_margin_preserved
C4_near_identical,61,M1_signed_prototype,ok,5.551115123125783e-17,0.0,0.0,0.0002622743244178365,0.0002622743244178365,0.0,True,calibrated_load_margin_preserved
C4_near_identical,61,M2_unsigned_prototype,ok,1.3277496881584314e-16,0.0,0.0,0.0002622743274725615,0.0002622743274725615,0.0,True,calibrated_load_margin_preserved
C4_near_identical,61,M3_top1_projection,ok,1.347023790524305e-16,0.0,0.0,0.0008319893301427484,0.0008319893301427484,0.0,True,calibrated_load_margin_preserved
C4_near_identical,61,M3_fullspan_control,ok,2.220446049250313e-16,0.48360000000000003,0.15859999999999996,2.0344836926255994e-16,1.7107426586449036e-16,-3.2374103398069574e-17,False,degenerate_scores
C4_near_identical,61,M4_matrix_response,ok,-0.0007471645296459606,0.0474,0.0,0.003236902205279607,0.003201500963485546,-3.540124179406091e-05,True,calibrated_load_margin_preserved
C4_near_identical,62,M1_signed_prototype,ok,0.0,0.0,0.0,0.0038437390122968013,0.0038437390122968013,0.0,True,calibrated_load_margin_preserved
C4_near_identical,62,M2_unsigned_prototype,ok,1.372574539378231e-16,0.0,0.0,0.0038437216547996364,0.0038437216547996364,0.0,True,calibrated_load_margin_preserved
C4_near_identical,62,M3_top1_projection,ok,5.904931373105745e-17,0.0,0.0,0.0006937405331192187,0.0006937405331192187,0.0,True,calibrated_load_margin_preserved
C4_near_identical,62,M3_fullspan_control,ok,2.220446049250313e-16,0.4889,0.21509999999999996,2.2267743204906765e-16,1.9789725413943415e-16,-2.47801779096335e-17,False,degenerate_scores
C4_near_identical,62,M4_matrix_response,ok,-0.021155483788289464,0.26180000000000003,0.0,0.02357965299732098,0.018375051648455987,-0.005204601348864992,True,calibrated_load_margin_preserved
C4_near_identical,63,M1_signed_prototype,ok,0.0,0.0,0.0,0.0005665503909847065,0.0005665503909847065,0.0,True,calibrated_load_margin_preserved
C4_near_identical,63,M2_unsigned_prototype,ok,8.648988573453637e-17,0.0,0.0,0.0005665503112780295,0.0005665503112780295,0.0,True,calibrated_load_margin_preserved
C4_near_identical,63,M3_top1_projection,ok,5.376875151919653e-17,0.0,0.0,0.0006588566234890838,0.0006588566234890838,0.0,True,calibrated_load_margin_preserved
C4_near_identical,63,M3_fullspan_control,ok,0.0,0.12490000000000001,0.12490000000000001,1.0350609258580335e-16,1.0350609258580335e-16,0.0,False,degenerate_scores
C4_near_identical,63,M4_matrix_response,ok,0.018854552908540656,0.5,0.0,0.018854552908541104,0.011051237462217133,-0.007803315446323971,True,calibrated_load_margin_preserved
C4_near_identical,64,M1_signed_prototype,ok,5.551115123125783e-17,0.0,0.0,1.683220510384589e-05,1.683220510384589e-05,0.0,True,calibrated_load_margin_preserved
C4_near_identical,64,M2_unsigned_prototype,ok,3.0321237420245454e-16,0.0,0.0,1.683220569405861e-05,1.683220569405861e-05,0.0,True,calibrated_load_margin_preserved
C4_near_identical,64,M3_top1_projection,ok,3.7713850808922104e-17,0.0,0.0,0.0004690814320075017,0.0004690814320075017,0.0,True,calibrated_load_margin_preserved
C4_near_identical,64,M3_fullspan_control,ok,0.0,0.2066,0.2066,9.399148126476575e-17,9.399148126476575e-17,0.0,False,degenerate_scores
C4_near_identical,64,M4_matrix_response,ok,-0.008439176767105705,0.36260000000000003,0.0,0.008595285026532463,0.005916217023922279,-0.0026790680026101844,True,calibrated_load_margin_preserved
C4_near_identical,65,M1_signed_prototype,ok,0.0,0.0,0.0,0.005237390509059452,0.005237390509059452,0.0,True,calibrated_load_margin_preserved
C4_near_identical,65,M2_unsigned_prototype,ok,4.353749348887104e-17,0.0,0.0,0.005237345699851855,0.005237345699851855,0.0,True,calibrated_load_margin_preserved
C4_near_identical,65,M3_top1_projection,ok,-2.1378052797514473e-16,0.0,0.0,0.0028238407277267783,0.0028238407277267783,0.0,True,calibrated_load_margin_preserved
C4_near_identical,65,M3_fullspan_control,ok,-2.220446049250313e-16,0.438,0.02290000000000003,3.069655640786095e-16,1.1018963519404679e-16,-1.9677592888456272e-16,False,degenerate_scores
C4_near_identical,65,M4_matrix_response,ok,-0.021557071618075574,0.5,0.0,0.021557071618075182,0.012830778545626219,-0.008726293072448963,True,calibrated_load_margin_preserved
C4_near_identical,66,M1_signed_prototype,ok,0.0,0.0,0.0,0.0007399600011450555,0.0007399600011450555,0.0,True,calibrated_load_margin_preserved
C4_near_identical,66,M2_unsigned_prototype,ok,1.0532198248573103e-16,0.0,0.0,0.00073995989945185,0.00073995989945185,0.0,True,calibrated_load_margin_preserved
C4_near_identical,66,M3_top1_projection,ok,-8.006875395452813e-17,0.0,0.0,0.000905384815756025,0.000905384815756025,0.0,True,calibrated_load_margin_preserved
C4_near_identical,66,M3_fullspan_control,ok,-1.1102230246251565e-16,0.1481,0.005299999999999971,1.5256684804398902e-16,1.185052056484892e-16,-3.406164239549982e-17,False,degenerate_scores
C4_near_identical,66,M4_matrix_response,ok,0.014574736845129999,0.5,0.0,0.014574736845129667,0.009163101866292277,-0.00541163497883739,True,calibrated_load_margin_preserved
C4_near_identical,67,M1_signed_prototype,ok,0.0,0.0,0.0,0.00019253549209770224,0.00019253549209770224,0.0,True,calibrated_load_margin_preserved
C4_near_identical,67,M2_unsigned_prototype,ok,1.0018257699104106e-16,0.0,0.0,0.0001925354825160082,0.0001925354825160082,0.0,True,calibrated_load_margin_preserved
C4_near_identical,67,M3_top1_projection,ok,6.094613813731505e-17,0.0,0.0,0.003259323498843599,0.003259323498843599,0.0,True,calibrated_load_margin_preserved
C4_near_identical,67,M3_fullspan_control,ok,0.0,0.30600000000000005,0.30600000000000005,9.61564161627848e-17,9.61564161627848e-17,0.0,False,degenerate_scores
C4_near_identical,67,M4_matrix_response,ok,-0.02869060795486933,0.2464,0.0,0.032829002207510345,0.02613809720944305,-0.0066909049980672965,True,calibrated_load_margin_preserved
C4_near_identical,68,M1_signed_prototype,ok,-5.551115123125783e-17,0.0,0.0,0.005361961781849973,0.005361961781849973,0.0,True,calibrated_load_margin_preserved
C4_near_identical,68,M2_unsigned_prototype,ok,-1.2803411217517102e-16,0.0,0.0,0.0053619139443613585,0.0053619139443613585,0.0,True,calibrated_load_margin_preserved
C4_near_identical,68,M3_top1_projection,ok,-4.1965400338767056e-17,0.0,0.0,0.0029277901401029553,0.0029277901401029553,0.0,True,calibrated_load_margin_preserved
C4_near_identical,68,M3_fullspan_control,ok,0.0,0.08709999999999996,0.08709999999999996,9.833245329105012e-17,9.833245329105012e-17,0.0,False,degenerate_scores
C4_near_identical,68,M4_matrix_response,ok,-0.0007308971665959396,0.012400000000000022,0.0,0.011853477339396177,0.011844337142301814,-9.140197094362895e-06,True,calibrated_load_margin_preserved
C4_near_identical,69,M1_signed_prototype,ok,0.0,0.0,0.0,0.006569601289855798,0.006569601289855798,0.0,True,calibrated_load_margin_preserved
C4_near_identical,69,M2_unsigned_prototype,ok,-2.6822145307754675e-17,0.0,0.0,0.006569513742529263,0.006569513742529263,0.0,True,calibrated_load_margin_preserved
C4_near_identical,69,M3_top1_projection,ok,-1.5082522768694248e-16,0.0,0.0,0.0029937797444146625,0.0029937797444146625,0.0,True,calibrated_load_margin_preserved
C4_near_identical,69,M3_fullspan_control,ok,-2.220446049250313e-16,0.2243,0.3369,1.836975016544784e-16,-4.432010314303625e-17,-2.2801760479751463e-16,False,degenerate_scores
C4_near_identical,69,M4_matrix_response,ok,0.005757036438984842,0.07699999999999996,0.0,0.015736758013141474,0.015295520760484101,-0.00044123725265737303,True,calibrated_load_margin_preserved
C4_near_identical,70,M1_signed_prototype,ok,0.0,0.0,0.0,0.0037359810646827776,0.0037359810646827776,0.0,True,calibrated_load_margin_preserved
C4_near_identical,70,M2_unsigned_prototype,ok,-9.794496078985651e-17,0.0,0.0,0.003735964828296093,0.003735964828296093,0.0,True,calibrated_load_margin_preserved
C4_near_identical,70,M3_top1_projection,ok,-6.738740018471037e-17,0.0,0.0,0.001495119404140516,0.001495119404140516,0.0,True,calibrated_load_margin_preserved
C4_near_identical,70,M3_fullspan_control,ok,0.0,0.006099999999999994,0.006099999999999994,1.1565193247520256e-16,1.1565193247520256e-16,0.0,False,degenerate_scores
C4_near_identical,70,M4_matrix_response,ok,0.017336083260906188,0.17600000000000005,0.0,0.02399243188246191,0.02102261642977259,-0.0029698154526893207,True,calibrated_load_margin_preserved
C4_near_identical,71,M1_signed_prototype,ok,0.0,0.0,0.0,0.0014593595486999905,0.0014593595486999905,0.0,True,calibrated_load_margin_preserved
C4_near_identical,71,M2_unsigned_prototype,ok,7.586101190992399e-17,0.0,0.0,0.0014593585314336935,0.0014593585314336935,0.0,True,calibrated_load_margin_preserved
C4_near_identical,71,M3_top1_projection,ok,1.864162286415881e-16,0.0,0.0,0.0013033168686404234,0.0013033168686404234,0.0,True,calibrated_load_margin_preserved
C4_near_identical,71,M3_fullspan_control,ok,5.551115123125783e-16,0.5,0.03400000000000003,5.245359702144014e-16,1.4970247264045611e-16,-3.7483349757394534e-16,False,degenerate_scores
C4_near_identical,71,M4_matrix_response,ok,0.03312341870920643,0.3284,0.0,0.034369064544447915,0.02457060462411355,-0.009798459920334367,True,calibrated_load_margin_preserved
C4_near_identical,72,M1_signed_prototype,ok,0.0,0.0,0.0,0.004755697756611196,0.004755697756611196,0.0,True,calibrated_load_margin_preserved
C4_near_identical,72,M2_unsigned_prototype,ok,-4.934475137524652e-17,0.0,0.0,0.004755664810247267,0.004755664810247267,0.0,True,calibrated_load_margin_preserved
C4_near_identical,72,M3_top1_projection,ok,-4.30080978968371e-17,0.0,0.0,0.0031735421384228427,0.0031735421384228427,0.0,True,calibrated_load_margin_preserved
C4_near_identical,72,M3_fullspan_control,ok,-2.220446049250313e-16,0.3416,0.22260000000000002,2.2054580384178734e-16,2.786659791809143e-18,-2.177591440499782e-16,False,degenerate_scores
C4_near_identical,72,M4_matrix_response,ok,0.03001247346347591,0.30779999999999996,0.0,0.03165725498312602,0.02321573576752617,-0.008441519215599852,True,calibrated_load_margin_preserved
C4_near_identical,73,M1_signed_prototype,ok,-5.551115123125783e-17,0.0,0.0,0.002705089429739026,0.002705089429739026,0.0,True,calibrated_load_margin_preserved
C4_near_identical,73,M2_unsigned_prototype,ok,-2.0030381026785518e-16,0.0,0.0,0.002705083320808533,0.002705083320808533,0.0,True,calibrated_load_margin_preserved
C4_near_identical,73,M3_top1_projection,ok,1.4322480105122964e-17,0.0,0.0,0.004587670683386468,0.004587670683386468,0.0,True,calibrated_load_margin_preserved
C4_near_identical,73,M3_fullspan_control,ok,-2.220446049250313e-16,0.2358,0.34040000000000004,1.7150725284409418e-16,-3.916866830877552e-17,-2.106759211528697e-16,False,degenerate_scores
C4_near_identical,73,M4_matrix_response,ok,-0.003721624714440319,0.043800000000000006,0.0,0.017438281902305515,0.01727555622284831,-0.00016272567945720476,True,calibrated_load_margin_preserved
C4_near_identical,74,M1_signed_prototype,ok,0.0,0.0,0.0,0.0024489495198111873,0.0024489495198111873,0.0,True,calibrated_load_margin_preserved
C4_near_identical,74,M2_unsigned_prototype,ok,-1.0483515029929662e-16,0.0,0.0,0.00244894507652287,0.00244894507652287,0.0,True,calibrated_load_margin_preserved
C4_near_identical,74,M3_top1_projection,ok,8.28559158674684e-17,0.0,0.0,0.0023781348103639297,0.0023781348103639297,0.0,True,calibrated_load_margin_preserved
C4_near_identical,74,M3_fullspan_control,ok,1.1102230246251565e-16,0.4296,0.0958,1.3050671654468715e-16,1.3050671654468715e-16,0.0,False,degenerate_scores
C4_near_identical,74,M4_matrix_response,ok,-0.012817602112231097,0.2542,0.0,0.014465787783418387,0.011393353542376989,-0.0030724342410413975,True,calibrated_load_margin_preserved
C4_near_identical,75,M1_signed_prototype,ok,5.551115123125783e-17,0.0,0.0,0.003295212058447341,0.003295212058447341,0.0,True,calibrated_load_margin_preserved
C4_near_identical,75,M2_unsigned_prototype,ok,1.0536115775954154e-16,0.0,0.0,0.0032952009249940253,0.0032952009249940253,0.0,True,calibrated_load_margin_preserved
C4_near_identical,75,M3_top1_projection,ok,-1.0555777528242294e-16,0.0,0.0,0.0015715996719838676,0.0015715996719838676,0.0,True,calibrated_load_margin_preserved
C4_near_identical,75,M3_fullspan_control,ok,-2.220446049250313e-16,0.31789999999999996,0.25249999999999995,2.0861090632706691e-16,-1.099120794378905e-17,-2.1960211427085596e-16,False,degenerate_scores
C4_near_identical,75,M4_matrix_response,ok,0.0014043484072604473,0.026800000000000046,0.0,0.010639777317109949,0.010602059696586267,-3.7717620523682396e-05,True,calibrated_load_margin_preserved
C4_near_identical,76,M1_signed_prototype,ok,0.0,0.0,0.0,0.0031945628790354015,0.0031945628790354015,0.0,True,calibrated_load_margin_preserved
C4_near_identical,76,M2_unsigned_prototype,ok,-7.23577895191986e-18,0.0,0.0,0.003194552957483657,0.003194552957483657,0.0,True,calibrated_load_margin_preserved
C4_near_identical,76,M3_top1_projection,ok,4.888608303430832e-17,0.0,0.0,0.00353183086676739,0.00353183086676739,0.0,True,calibrated_load_margin_preserved
C4_near_identical,76,M3_fullspan_control,ok,2.220446049250313e-16,0.49129999999999996,0.22060000000000002,2.2444268665822163e-16,1.9475532297974496e-16,-2.968736367847667e-17,False,degenerate_scores
C4_near_identical,76,M4_matrix_response,ok,0.017306780209282557,0.135,0.0,0.02906357780715732,0.026761747921854463,-0.002301829885302857,True,calibrated_load_margin_preserved
C4_near_identical,77,M1_signed_prototype,ok,0.0,0.0,0.0,0.005235186386463361,0.005235186386463361,0.0,True,calibrated_load_margin_preserved
C4_near_identical,77,M2_unsigned_prototype,ok,1.1232334506949826e-16,0.0,0.0,0.005235141879119704,0.005235141879119704,0.0,True,calibrated_load_margin_preserved
C4_near_identical,77,M3_top1_projection,ok,1.388846042294986e-16,0.0,0.0,0.0014098276708093384,0.0014098276708093384,0.0,True,calibrated_load_margin_preserved
C4_near_identical,77,M3_fullspan_control,ok,2.220446049250313e-16,0.49429999999999996,0.2509,2.466249426902323e-16,2.078115457493368e-16,-3.881339694089549e-17,False,degenerate_scores
C4_near_identical,77,M4_matrix_response,ok,-0.02220834126320015,0.5,0.0,0.02220834126320012,0.007053409928823534,-0.015154931334376587,True,calibrated_load_margin_preserved
C4_near_identical,78,M1_signed_prototype,ok,-5.551115123125783e-17,0.0,0.0,0.001238563037075101,0.001238563037075101,0.0,True,calibrated_load_margin_preserved
C4_near_identical,78,M2_unsigned_prototype,ok,1.131911832635195e-16,0.0,0.0,0.0012385625020562053,0.0012385625020562053,0.0,True,calibrated_load_margin_preserved
C4_near_identical,78,M3_top1_projection,ok,-6.01842320012598e-17,0.0,0.0,0.0047808371759161875,0.0047808371759161875,0.0,True,calibrated_load_margin_preserved
C4_near_identical,78,M3_fullspan_control,ok,-1.1102230246251565e-16,0.06309999999999999,0.013399999999999967,1.4150902671872245e-16,1.2452261444195755e-16,-1.6986412276764898e-17,False,degenerate_scores
C4_near_identical,78,M4_matrix_response,ok,0.01833880161026835,0.15539999999999998,0.0,0.02768038112874446,0.024888199359439443,-0.0027921817693050167,True,calibrated_load_margin_preserved
C4_near_identical,79,M1_signed_prototype,ok,0.0,0.0,0.0,0.003854807263735212,0.003854807263735212,0.0,True,calibrated_load_margin_preserved
C4_near_identical,79,M2_unsigned_prototype,ok,1.5442850584456227e-16,0.0,0.0,0.003854789618416157,0.003854789618416157,0.0,True,calibrated_load_margin_preserved
C4_near_identical,79,M3_top1_projection,ok,-7.69905832846468e-17,0.0,0.0,0.0009217182425950945,0.0009217182425950945,0.0,True,calibrated_load_margin_preserved
C4_near_identical,79,M3_fullspan_control,ok,0.0,0.15969999999999995,0.15969999999999995,1.003530591958679e-16,1.003530591958679e-16,0.0,False,degenerate_scores
C4_near_identical,79,M4_matrix_response,ok,-0.018747103199090565,0.2522,0.0,0.021226820221422544,0.016762651474504155,-0.004464168746918389,True,calibrated_load_margin_preserved
C4_near_identical,80,M1_signed_prototype,ok,0.0,0.0,0.0,0.0037727223926308866,0.0037727223926308866,0.0,True,calibrated_load_margin_preserved
C4_near_identical,80,M2_unsigned_prototype,ok,-1.6864468331480482e-16,0.0,0.0,0.0037727060166836395,0.0037727060166836395,0.0,True,calibrated_load_margin_preserved
C4_near_identical,80,M3_top1_projection,ok,2.3019899110824846e-16,0.0,0.0,0.004419161866354988,0.004419161866354988,0.0,True,calibrated_load_margin_preserved
C4_near_identical,80,M3_fullspan_control,ok,2.220446049250313e-16,0.49670000000000003,0.31089999999999995,2.4860113967406504e-16,2.3967494655607878e-16,-8.926193117986262e-18,False,degenerate_scores
C4_near_identical,80,M4_matrix_response,ok,-0.009296031504734126,0.0948,0.0,0.021052975393331633,0.02017876598993568,-0.0008742094033959528,True,calibrated_load_margin_preserved
C4_near_identical,81,M1_signed_prototype,ok,0.0,0.0,0.0,0.009750247921181012,0.009750247921181012,0.0,True,calibrated_load_margin_preserved
C4_near_identical,81,M2_unsigned_prototype,ok,9.679892521222144e-18,0.0,0.0,0.009749961776512668,0.009749961776512668,0.0,True,calibrated_load_margin_preserved
C4_near_identical,81,M3_top1_projection,ok,9.22588286149384e-18,0.0,0.0,0.007415724767846029,0.007415724767846029,0.0,True,calibrated_load_margin_preserved
C4_near_identical,81,M3_fullspan_control,ok,0.0,0.16369999999999996,0.16369999999999996,1.0004219674897286e-16,1.0004219674897286e-16,0.0,False,degenerate_scores
C4_near_identical,81,M4_matrix_response,ok,0.02454808237132955,0.17979999999999996,0.0,0.03348425055143191,0.029191187776693096,-0.0042930627747388116,True,calibrated_load_margin_preserved
C4_near_identical,82,M1_signed_prototype,ok,0.0,0.0,0.0,0.00469293097340433,0.00469293097340433,0.0,True,calibrated_load_margin_preserved
C4_near_identical,82,M2_unsigned_prototype,ok,-1.1967982621640186e-16,0.0,0.0,0.004692899141795153,0.004692899141795153,0.0,True,calibrated_load_margin_preserved
C4_near_identical,82,M3_top1_projection,ok,2.3209761545951897e-17,0.0,0.0,0.0025092041981603836,0.0025092041981603836,0.0,True,calibrated_load_margin_preserved
C4_near_identical,82,M3_fullspan_control,ok,1.1102230246251565e-16,0.38949999999999996,0.018100000000000005,1.2116974090758958e-16,1.2116974090758958e-16,0.0,False,degenerate_scores
C4_near_identical,82,M4_matrix_response,ok,0.008175843451321663,0.1866,0.0,0.010892038881591262,0.009412322401445869,-0.001479716480145393,True,calibrated_load_margin_preserved
C4_near_identical,83,M1_signed_prototype,ok,0.0,0.0,0.0,0.002567345136239252,0.002567345136239252,0.0,True,calibrated_load_margin_preserved
C4_near_identical,83,M2_unsigned_prototype,ok,1.1473908303506752e-16,0.0,0.0,0.00256734001594386,0.00256734001594386,0.0,True,calibrated_load_margin_preserved
C4_near_identical,83,M3_top1_projection,ok,-2.568458005959215e-17,0.0,0.0,0.0035584000958927943,0.0035584000958927943,0.0,True,calibrated_load_margin_preserved
C4_near_identical,83,M3_fullspan_control,ok,-2.220446049250313e-16,0.20550000000000002,0.36150000000000004,1.7071899449661033e-16,-5.170308625679354e-17,-2.2242208075340387e-16,False,degenerate_scores
C4_near_identical,83,M4_matrix_response,ok,-0.011928615895966638,0.18,0.0,0.016260777599165194,0.014172782298420629,-0.002087995300744565,True,calibrated_load_margin_preserved
C4_near_identical,84,M1_signed_prototype,ok,0.0,0.0,0.0,0.00921480557894019,0.00921480557894019,0.0,True,calibrated_load_margin_preserved
C4_near_identical,84,M2_unsigned_prototype,ok,1.5332651598018443e-16,0.0,0.0,0.009214564696651193,0.009214564696651193,0.0,True,calibrated_load_margin_preserved
C4_near_identical,84,M3_top1_projection,ok,-6.902640893764744e-17,0.0,0.0,0.0045479534556461,0.0045479534556461,0.0,True,calibrated_load_margin_preserved
C4_near_identical,84,M3_fullspan_control,ok,-2.220446049250313e-16,0.356,0.23760000000000003,2.1561641361245164e-16,-9.026113190202522e-18,-2.246425268026542e-16,False,degenerate_scores
C4_near_identical,84,M4_matrix_response,ok,0.029353085453197647,0.5,0.0,0.029353085453197144,0.01854653507340854,-0.010806550379788605,True,calibrated_load_margin_preserved
C4_near_identical,85,M1_signed_prototype,ok,-5.551115123125783e-17,0.0,0.0,0.002840270508803833,0.002840270508803833,0.0,True,calibrated_load_margin_preserved
C4_near_identical,85,M2_unsigned_prototype,ok,6.036719111786673e-17,0.0,0.0,0.0028402635331427925,0.0028402635331427925,0.0,True,calibrated_load_margin_preserved
C4_near_identical,85,M3_top1_projection,ok,2.8176746866783353e-16,0.0,0.0,0.0011756385330564457,0.0011756385330564457,0.0,True,calibrated_load_margin_preserved
C4_near_identical,85,M3_fullspan_control,ok,4.440892098500626e-16,0.5,0.0676,4.0004666246318265e-16,1.6392442958590435e-16,-2.361222328772783e-16,False,degenerate_scores
C4_near_identical,85,M4_matrix_response,ok,-0.01444941173470038,0.5,0.0,0.014449411734700433,0.006485314824987708,-0.007964096909712726,True,calibrated_load_margin_preserved
C4_near_identical,86,M1_signed_prototype,ok,0.0,0.0,0.0,0.0009398493481602078,0.0009398493481602078,0.0,True,calibrated_load_margin_preserved
C4_near_identical,86,M2_unsigned_prototype,ok,-3.55205384013459e-17,0.0,0.0,0.0009398491381952976,0.0009398491381952976,0.0,True,calibrated_load_margin_preserved
C4_near_identical,86,M3_top1_projection,ok,1.8052813204830903e-17,0.0,0.0,0.0028151082555993284,0.0028151082555993284,0.0,True,calibrated_load_margin_preserved
C4_near_identical,86,M3_fullspan_control,ok,-2.220446049250313e-16,0.2415,0.3326,1.867950238931826e-16,-4.50195436485501e-17,-2.318145675417327e-16,False,degenerate_scores
C4_near_identical,86,M4_matrix_response,ok,0.04418435968493828,0.3772,0.0,0.044756795330333124,0.030359952110499727,-0.014396843219833397,True,calibrated_load_margin_preserved
C4_near_identical,87,M1_signed_prototype,ok,0.0,0.0,0.0,0.003139952830793294,0.003139952830793294,0.0,True,calibrated_load_margin_preserved
C4_near_identical,87,M2_unsigned_prototype,ok,2.9501734036393654e-17,0.0,0.0,0.0031399432773599315,0.0031399432773599315,0.0,True,calibrated_load_margin_preserved
C4_near_identical,87,M3_top1_projection,ok,9.259764179384011e-18,0.0,0.0,0.005561914752873743,0.005561914752873743,0.0,True,calibrated_load_margin_preserved
C4_near_identical,87,M3_fullspan_control,ok,0.0,0.11580000000000001,0.11580000000000001,1.0242917625191694e-16,1.0242917625191694e-16,0.0,False,degenerate_scores
C4_near_identical,87,M4_matrix_response,ok,0.012478329167750879,0.12380000000000002,0.0,0.02248100645167044,0.02095649535558809,-0.0015245110960823496,True,calibrated_load_margin_preserved
C4_near_identical,88,M1_signed_prototype,ok,0.0,0.0,0.0,0.010258604087323516,0.010258604087323516,0.0,True,calibrated_load_margin_preserved
C4_near_identical,88,M2_unsigned_prototype,ok,1.0108830005711722e-16,0.0,0.0,0.010258271361237534,0.010258271361237534,0.0,True,calibrated_load_margin_preserved
C4_near_identical,88,M3_top1_projection,ok,7.899429266093605e-17,0.0,0.0,0.008261807625666369,0.008261807625666369,0.0,True,calibrated_load_margin_preserved
C4_near_identical,88,M3_fullspan_control,ok,2.220446049250313e-16,0.4969,0.3006,2.4694690736737356e-16,2.352673611483169e-16,-1.1679546219056642e-17,False,degenerate_scores
C4_near_identical,88,M4_matrix_response,ok,-0.00412108443852216,0.02639999999999998,0.0,0.03180289897250591,0.03169425117375925,-0.00010864779874666247,True,calibrated_load_margin_preserved
C4_near_identical,89,M1_signed_prototype,ok,0.0,0.0,0.0,0.0010106915728468394,0.0010106915728468394,0.0,True,calibrated_load_margin_preserved
C4_near_identical,89,M2_unsigned_prototype,ok,-4.465345939687858e-17,0.0,0.0,0.0010106912648933585,0.0010106912648933585,0.0,True,calibrated_load_margin_preserved
C4_near_identical,89,M3_top1_projection,ok,4.269829559637884e-17,0.0,0.0,0.002482919094715511,0.002482919094715511,0.0,True,calibrated_load_margin_preserved
C4_near_identical,89,M3_fullspan_control,ok,-1.1102230246251565e-16,0.017400000000000027,0.2219,1.1199929872418578e-16,5.88640247656258e-17,-5.313527395855998e-17,False,degenerate_scores
C4_near_identical,89,M4_matrix_response,ok,0.034240733853197924,0.28759999999999997,0.0,0.036869097589090315,0.027751321103063338,-0.009117776486026977,True,calibrated_load_margin_preserved
C4_near_identical,90,M1_signed_prototype,ok,0.0,0.0,0.0,0.010366758471111221,0.010366758471111221,0.0,True,calibrated_load_margin_preserved
C4_near_identical,90,M2_unsigned_prototype,ok,9.73410262984642e-17,0.0,0.0,0.010366415237920243,0.010366415237920243,0.0,True,calibrated_load_margin_preserved
C4_near_identical,90,M3_top1_projection,ok,2.941321909340558e-17,0.0,0.0,0.004216373261706574,0.004216373261706574,0.0,True,calibrated_load_margin_preserved
C4_near_identical,90,M3_fullspan_control,ok,0.0,0.12519999999999998,0.12519999999999998,9.945377854592153e-17,9.945377854592153e-17,0.0,False,degenerate_scores
C4_near_identical,90,M4_matrix_response,ok,-0.021823597723672372,0.1578,0.0,0.03258412096951787,0.029213438877327802,-0.003370682092190068,True,calibrated_load_margin_preserved
C4_near_identical,91,M1_signed_prototype,ok,0.0,0.0,0.0,0.0019751683201398697,0.0019751683201398697,0.0,True,calibrated_load_margin_preserved
C4_near_identical,91,M2_unsigned_prototype,ok,1.0255874925355069e-17,0.0,0.0,0.0019751657588725543,0.0019751657588725543,0.0,True,calibrated_load_margin_preserved
C4_near_identical,91,M3_top1_projection,ok,5.67617953778788e-17,0.0,0.0,0.0028885721775347185,0.0028885721775347185,0.0,True,calibrated_load_margin_preserved
C4_near_identical,91,M3_fullspan_control,ok,0.0,0.3658,0.3658,1.0670353489672379e-16,1.0670353489672379e-16,0.0,False,degenerate_scores
C4_near_identical,91,M4_matrix_response,ok,-0.003994089043731275,0.0504,0.0,0.01629194096064366,0.016090614613852982,-0.0002013263467906777,True,calibrated_load_margin_preserved
C4_near_identical,92,M1_signed_prototype,ok,5.551115123125783e-17,0.0,0.0,0.0016114838030615167,0.0016114838030615167,0.0,True,calibrated_load_margin_preserved
C4_near_identical,92,M2_unsigned_prototype,ok,-2.592187633976544e-16,0.0,0.0,0.0016114824380837071,0.0016114824380837071,0.0,True,calibrated_load_margin_preserved
C4_near_identical,92,M3_top1_projection,ok,2.0932275239242295e-17,0.0,0.0,0.000517734434292738,0.000517734434292738,0.0,True,calibrated_load_margin_preserved
C4_near_identical,92,M3_fullspan_control,ok,-1.1102230246251565e-16,0.1028,0.10240000000000005,1.34647848426539e-16,8.908429549592256e-17,-4.5563552930616435e-17,False,degenerate_scores
C4_near_identical,92,M4_matrix_response,ok,-0.037718912773252455,0.5,0.0,0.03771891277325233,0.02348869967087414,-0.014230213102378191,True,calibrated_load_margin_preserved
C4_near_identical,93,M1_signed_prototype,ok,0.0,0.0,0.0,0.001266411771666877,0.001266411771666877,0.0,True,calibrated_load_margin_preserved
C4_near_identical,93,M2_unsigned_prototype,ok,9.66125779638255e-17,0.0,0.0,0.0012664112006237822,0.0012664112006237822,0.0,True,calibrated_load_margin_preserved
C4_near_identical,93,M3_top1_projection,ok,-2.5099719691380816e-16,0.0,0.0,0.000264922286895084,0.000264922286895084,0.0,True,calibrated_load_margin_preserved
C4_near_identical,93,M3_fullspan_control,ok,-4.440892098500626e-16,0.4996,0.06269999999999998,5.015876602953995e-16,5.35460564776713e-17,-4.480416038177281e-16,False,degenerate_scores
C4_near_identical,93,M4_matrix_response,ok,-0.01743704095917875,0.5,0.0,0.01743704095917861,0.007833092566131593,-0.009603948393047016,True,calibrated_load_margin_preserved
C4_near_identical,94,M1_signed_prototype,ok,5.551115123125783e-17,0.0,0.0,9.436045837212826e-05,9.436045837212826e-05,0.0,True,calibrated_load_margin_preserved
C4_near_identical,94,M2_unsigned_prototype,ok,-5.998548448830107e-17,0.0,0.0,9.43604494452565e-05,9.43604494452565e-05,0.0,True,calibrated_load_margin_preserved
C4_near_identical,94,M3_top1_projection,ok,8.777590674159501e-18,0.0,0.0,0.0022975351513572187,0.0022975351513572187,0.0,True,calibrated_load_margin_preserved
C4_near_identical,94,M3_fullspan_control,ok,-1.1102230246251565e-16,0.015699999999999992,0.19620000000000004,1.1457501614131616e-16,6.752376435770202e-17,-4.705125178361414e-17,False,degenerate_scores
C4_near_identical,94,M4_matrix_response,ok,0.028632888081356334,0.3002,0.0,0.03041583514034152,0.02251859676601786,-0.00789723837432366,True,calibrated_load_margin_preserved
C4_near_identical,95,M1_signed_prototype,ok,0.0,0.0,0.0,0.006597547317661096,0.006597547317661096,0.0,True,calibrated_load_margin_preserved
C4_near_identical,95,M2_unsigned_prototype,ok,-9.796952474532689e-17,0.0,0.0,0.006597458409928359,0.006597458409928359,0.0,True,calibrated_load_margin_preserved
C4_near_identical,95,M3_top1_projection,ok,2.967781101030414e-17,0.0,0.0,0.0017427713191058296,0.0017427713191058296,0.0,True,calibrated_load_margin_preserved
C4_near_identical,95,M3_fullspan_control,ok,0.0,0.3516,0.3516,9.739986595036498e-17,9.739986595036498e-17,0.0,False,degenerate_scores
C4_near_identical,95,M4_matrix_response,ok,0.018025286026432885,0.5,0.0,0.018025286026432785,0.00656453366018401,-0.011460752366248775,True,calibrated_load_margin_preserved
C4_near_identical,96,M1_signed_prototype,ok,-5.551115123125783e-17,0.0,0.0,0.0073107609820713005,0.0073107609820713005,0.0,True,calibrated_load_margin_preserved
C4_near_identical,96,M2_unsigned_prototype,ok,-5.145386341390973e-17,0.0,0.0,0.0073106408258607975,0.0073106408258607975,0.0,True,calibrated_load_margin_preserved
C4_near_identical,96,M3_top1_projection,ok,-1.15523435544225e-16,0.0,0.0,0.005228644852137248,0.005228644852137248,0.0,True,calibrated_load_margin_preserved
C4_near_identical,96,M3_fullspan_control,ok,-2.220446049250313e-16,0.3837,0.1543,2.539080057317733e-16,3.232969447708456e-17,-2.2157831125468874e-16,False,degenerate_scores
C4_near_identical,96,M4_matrix_response,ok,-0.028066748970311806,0.21939999999999998,0.0,0.03399578934822769,0.028093455893261798,-0.0059023334549658905,True,calibrated_load_margin_preserved
C4_near_identical,97,M1_signed_prototype,ok,-5.551115123125783e-17,0.0,0.0,0.002909078337025573,0.002909078337025573,0.0,True,calibrated_load_margin_preserved
C4_near_identical,97,M2_unsigned_prototype,ok,-5.727170921212589e-17,0.0,0.0,0.0029090708763485147,0.0029090708763485147,0.0,True,calibrated_load_margin_preserved
C4_near_identical,97,M3_top1_projection,ok,3.769720131755264e-18,0.0,0.0,0.003085700408305569,0.003085700408305569,0.0,True,calibrated_load_margin_preserved
C4_near_identical,97,M3_fullspan_control,ok,2.220446049250313e-16,0.48440000000000005,0.16879999999999995,1.9443335830260367e-16,1.7649215422466112e-16,-1.794120407794255e-17,False,degenerate_scores
C4_near_identical,97,M4_matrix_response,ok,0.004062559670804822,0.06999999999999995,0.0,0.012138348046961551,0.011855098861161926,-0.000283249185799625,True,calibrated_load_margin_preserved
C4_near_identical,98,M1_signed_prototype,ok,0.0,0.0,0.0,0.001580933809591896,0.001580933809591896,0.0,True,calibrated_load_margin_preserved
C4_near_identical,98,M2_unsigned_prototype,ok,2.5947795547951423e-18,0.0,0.0,0.001580932668860125,0.001580932668860125,0.0,True,calibrated_load_margin_preserved
C4_near_identical,98,M3_top1_projection,ok,-4.775972112036221e-17,0.0,0.0,1.2117573005682765e-05,1.2117573005682765e-05,0.0,True,calibrated_load_margin_preserved
C4_near_identical,98,M3_fullspan_control,ok,-2.220446049250313e-16,0.2697,0.2985,1.9941825968317062e-16,-3.177458296477198e-17,-2.311928426479426e-16,False,degenerate_scores
C4_near_identical,98,M4_matrix_response,ok,-0.03146695972377156,0.4084,0.0,0.0316321982063898,0.020893876133815926,-0.010738322072573876,True,calibrated_load_margin_preserved
C4_near_identical,99,M1_signed_prototype,ok,0.0,0.0,0.0,0.006960015662835566,0.006960015662835566,0.0,True,calibrated_load_margin_preserved
C4_near_identical,99,M2_unsigned_prototype,ok,-8.791354959552383e-17,0.0,0.0,0.006959912011376548,0.006959912011376548,0.0,True,calibrated_load_margin_preserved
C4_near_identical,99,M3_top1_projection,ok,-2.6765235281611026e-16,0.0,0.0,0.0020033325354508785,0.0020033325354508785,0.0,True,calibrated_load_margin_preserved
C4_near_identical,99,M3_fullspan_control,ok,-5.551115123125783e-16,0.4995,0.21660000000000001,5.155209592544452e-16,-1.2416734307407751e-16,-6.396883023285227e-16,False,degenerate_scores
C4_near_identical,99,M4_matrix_response,ok,-0.007918585043758808,0.1804,0.0,0.010773951399069157,0.009384091906597789,-0.0013898594924713677,True,calibrated_load_margin_preserved
C5_separated_anisotropic,0,M1_signed_prototype,ok,2.220446049250313e-16,0.0,0.0,0.9003163189478277,0.9003163189478277,0.0,True,calibrated_load_margin_preserved
C5_separated_anisotropic,0,M2_unsigned_prototype,ok,2.7755575615628914e-17,0.0,0.0,0.6366197802609342,0.6366197802609342,0.0,True,calibrated_load_margin_preserved
C5_separated_anisotropic,0,M3_top1_projection,ok,2.7755575615628914e-17,0.0,0.0,0.6366197475071456,0.6366197475071456,0.0,True,calibrated_load_margin_preserved
C5_separated_anisotropic,0,M3_fullspan_control,ok,0.0,0.25670000000000004,0.25670000000000004,7.898126597183364e-17,7.898126597183364e-17,0.0,False,degenerate_scores
C5_separated_anisotropic,0,M4_matrix_response,ok,4.440892098500626e-16,0.0,0.0,2.387324053151796,2.387324053151796,0.0,True,calibrated_load_margin_preserved
C5_separated_anisotropic,1,M1_signed_prototype,ok,1.1102230246251565e-16,0.0,0.0,0.9003163199746219,0.9003163199746219,0.0,True,calibrated_load_margin_preserved
C5_separated_anisotropic,1,M2_unsigned_prototype,ok,5.551115123125783e-17,0.0,0.0,0.6366197831651462,0.6366197831651462,0.0,True,calibrated_load_margin_preserved
C5_separated_anisotropic,1,M3_top1_projection,ok,2.7755575615628914e-17,0.0,0.0,0.6366198037812646,0.6366198037812646,0.0,True,calibrated_load_margin_preserved
C5_separated_anisotropic,1,M3_fullspan_control,ok,2.220446049250313e-16,0.49429999999999996,0.22850000000000004,2.1369572777985014e-16,1.7854606682021768e-16,-3.5149660959632455e-17,False,degenerate_scores
C5_separated_anisotropic,1,M4_matrix_response,ok,0.0,0.0,0.0,2.3873242641797425,2.3873242641797425,0.0,True,calibrated_load_margin_preserved
C5_separated_anisotropic,2,M1_signed_prototype,ok,5.551115123125783e-17,0.0,0.0,0.9003163308887655,0.9003163308887655,0.0,True,calibrated_load_margin_preserved
C5_separated_anisotropic,2,M2_unsigned_prototype,ok,5.551115123125783e-16,0.0,0.0,0.6366198140350076,0.6366198140350076,0.0,True,calibrated_load_margin_preserved
C5_separated_anisotropic,2,M3_top1_projection,ok,-1.6653345369377348e-16,0.0,0.0,0.6366198107588456,0.6366198107588456,0.0,True,calibrated_load_margin_preserved
C5_separated_anisotropic,2,M3_fullspan_control,ok,0.0,0.024900000000000033,0.024900000000000033,9.806599976514007e-17,9.806599976514007e-17,0.0,False,degenerate_scores
C5_separated_anisotropic,2,M4_matrix_response,ok,-4.440892098500626e-16,0.0,0.0,2.3873242903456706,2.3873242903456706,0.0,True,calibrated_load_margin_preserved
C5_separated_anisotropic,3,M1_signed_prototype,ok,-1.6653345369377348e-16,0.0,0.0,0.9003163094207542,0.9003163094207542,0.0,True,calibrated_load_margin_preserved
C5_separated_anisotropic,3,M2_unsigned_prototype,ok,0.0,0.0,0.0,0.6366197533143,0.6366197533143,0.0,True,calibrated_load_margin_preserved
C5_separated_anisotropic,3,M3_top1_projection,ok,8.326672684688674e-17,0.0,0.0,0.6366197113148883,0.6366197113148883,0.0,True,calibrated_load_margin_preserved
C5_separated_anisotropic,3,M3_fullspan_control,ok,2.220446049250313e-16,0.4911,0.20520000000000005,1.9662049766111521e-16,1.7610357616604234e-16,-2.0516921495072877e-17,False,degenerate_scores
C5_separated_anisotropic,3,M4_matrix_response,ok,0.0,0.0,0.0,2.3873239174308307,2.3873239174308307,0.0,True,calibrated_load_margin_preserved
C5_separated_anisotropic,4,M1_signed_prototype,ok,2.7755575615628914e-16,0.0,0.0,0.9003162891790749,0.9003162891790749,0.0,True,calibrated_load_margin_preserved
C5_separated_anisotropic,4,M2_unsigned_prototype,ok,-3.0531133177191805e-16,0.0,0.0,0.6366196960621848,0.6366196960621848,0.0,True,calibrated_load_margin_preserved
C5_separated_anisotropic,4,M3_top1_projection,ok,-8.326672684688674e-17,0.0,0.0,0.636619729453304,0.636619729453304,0.0,True,calibrated_load_margin_preserved
C5_separated_anisotropic,4,M3_fullspan_control,ok,0.0,0.19369999999999998,0.19369999999999998,9.017231406005522e-17,9.017231406005522e-17,0.0,False,degenerate_scores
C5_separated_anisotropic,4,M4_matrix_response,ok,-4.440892098500626e-16,0.0,0.0,2.3873239854498896,2.3873239854498896,0.0,True,calibrated_load_margin_preserved
C5_separated_anisotropic,5,M1_signed_prototype,ok,-1.1102230246251565e-16,0.0,0.0,0.9003163279022508,0.9003163279022508,0.0,True,calibrated_load_margin_preserved
C5_separated_anisotropic,5,M2_unsigned_prototype,ok,2.498001805406602e-16,0.0,0.0,0.6366198055878683,0.6366198055878683,0.0,True,calibrated_load_margin_preserved
C5_separated_anisotropic,5,M3_top1_projection,ok,-5.551115123125783e-17,0.0,0.0,0.6366198138899434,0.6366198138899434,0.0,True,calibrated_load_margin_preserved
C5_separated_anisotropic,5,M3_fullspan_control,ok,-2.220446049250313e-16,0.3399,0.378,1.8844925619987407e-16,-9.692247004977617e-17,-2.8537172624965026e-16,False,degenerate_scores
C5_separated_anisotropic,5,M4_matrix_response,ok,0.0,0.0,0.0,2.3873243020872876,2.3873243020872876,0.0,True,calibrated_load_margin_preserved
C5_separated_anisotropic,6,M1_signed_prototype,ok,1.6653345369377348e-16,0.0,0.0,0.9003163301941195,0.9003163301941195,0.0,True,calibrated_load_margin_preserved
C5_separated_anisotropic,6,M2_unsigned_prototype,ok,5.551115123125783e-17,0.0,0.0,0.6366198120702523,0.6366198120702523,0.0,True,calibrated_load_margin_preserved
C5_separated_anisotropic,6,M3_top1_projection,ok,2.7755575615628914e-17,0.0,0.0,0.636619813513772,0.636619813513772,0.0,True,calibrated_load_margin_preserved
C5_separated_anisotropic,6,M3_fullspan_control,ok,0.0,0.37829999999999997,0.37829999999999997,8.854028621385623e-17,8.854028621385623e-17,0.0,False,degenerate_scores
C5_separated_anisotropic,6,M4_matrix_response,ok,-6.661338147750939e-16,0.0,0.0,2.3873243006766454,2.3873243006766454,0.0,True,calibrated_load_margin_preserved
C5_separated_anisotropic,7,M1_signed_prototype,ok,2.220446049250313e-16,0.0,0.0,0.9003163306777621,0.9003163306777621,0.0,True,calibrated_load_margin_preserved
C5_separated_anisotropic,7,M2_unsigned_prototype,ok,1.6653345369377348e-16,0.0,0.0,0.6366198134381993,0.6366198134381993,0.0,True,calibrated_load_margin_preserved
C5_separated_anisotropic,7,M3_top1_projection,ok,1.6653345369377348e-16,0.0,0.0,0.6366198037350638,0.6366198037350638,0.0,True,calibrated_load_margin_preserved
C5_separated_anisotropic,7,M3_fullspan_control,ok,2.220446049250313e-16,0.49219999999999997,0.19510000000000005,2.0231594177744228e-16,1.6781021017209242e-16,-3.450573160534986e-17,False,degenerate_scores
C5_separated_anisotropic,7,M4_matrix_response,ok,4.440892098500626e-16,0.0,0.0,2.38732426400649,2.38732426400649,0.0,True,calibrated_load_margin_preserved
C5_separated_anisotropic,8,M1_signed_prototype,ok,-1.1102230246251565e-16,0.0,0.0,0.9003163053568427,0.9003163053568427,0.0,True,calibrated_load_margin_preserved
C5_separated_anisotropic,8,M2_unsigned_prototype,ok,-1.6653345369377348e-16,0.0,0.0,0.6366197418198226,0.6366197418198226,0.0,True,calibrated_load_margin_preserved
C5_separated_anisotropic,8,M3_top1_projection,ok,-4.440892098500626e-16,0.0,0.0,0.636619696524406,0.636619696524406,0.0,True,calibrated_load_margin_preserved
C5_separated_anisotropic,8,M3_fullspan_control,ok,-2.220446049250313e-16,0.4273,0.11560000000000004,2.8050894940179207e-16,4.978240042419202e-17,-2.3072654897760006e-16,False,degenerate_scores
C5_separated_anisotropic,8,M4_matrix_response,ok,-8.881784197001252e-16,0.0,0.0,2.387323861966522,2.387323861966522,0.0,True,calibrated_load_margin_preserved
C5_separated_anisotropic,9,M1_signed_prototype,ok,0.0,0.0,0.0,0.9003163107724559,0.9003163107724559,0.0,True,calibrated_load_margin_preserved
C5_separated_anisotropic,9,M2_unsigned_prototype,ok,8.326672684688674e-17,0.0,0.0,0.6366197571374898,0.6366197571374898,0.0,True,calibrated_load_margin_preserved
C5_separated_anisotropic,9,M3_top1_projection,ok,1.942890293094024e-16,0.0,0.0,0.6366197870262523,0.6366197870262523,0.0,True,calibrated_load_margin_preserved
C5_separated_anisotropic,9,M3_fullspan_control,ok,0.0,0.1734,0.1734,9.53348511245622e-17,9.53348511245622e-17,0.0,False,degenerate_scores
C5_separated_anisotropic,9,M4_matrix_response,ok,0.0,0.0,0.0,2.387324201348446,2.387324201348446,0.0,True,calibrated_load_margin_preserved
C5_separated_anisotropic,10,M1_signed_prototype,ok,5.551115123125783e-17,0.0,0.0,0.9003163296280121,0.9003163296280121,0.0,True,calibrated_load_margin_preserved
C5_separated_anisotropic,10,M2_unsigned_prototype,ok,4.440892098500626e-16,0.0,0.0,0.6366198104690594,0.6366198104690594,0.0,True,calibrated_load_margin_preserved
C5_separated_anisotropic,10,M3_top1_projection,ok,1.1102230246251565e-16,0.0,0.0,0.6366197958912163,0.6366197958912163,0.0,True,calibrated_load_margin_preserved
C5_separated_anisotropic,10,M3_fullspan_control,ok,6.661338147750939e-16,0.5,0.09489999999999998,6.12077055706095e-16,2.301159263140562e-16,-3.819611293920388e-16,False,degenerate_scores
C5_separated_anisotropic,10,M4_matrix_response,ok,-4.440892098500626e-16,0.0,0.0,2.3873242345920604,2.3873242345920604,0.0,True,calibrated_load_margin_preserved
C5_separated_anisotropic,11,M1_signed_prototype,ok,-1.1102230246251565e-16,0.0,0.0,0.9003163026655713,0.9003163026655713,0.0,True,calibrated_load_margin_preserved
C5_separated_anisotropic,11,M2_unsigned_prototype,ok,1.1102230246251565e-16,0.0,0.0,0.6366197342077575,0.6366197342077575,0.0,True,calibrated_load_margin_preserved
C5_separated_anisotropic,11,M3_top1_projection,ok,3.885780586188048e-16,0.0,0.0,0.6366196902996691,0.6366196902996691,0.0,True,calibrated_load_margin_preserved
C5_separated_anisotropic,11,M3_fullspan_control,ok,-1.1102230246251565e-16,0.09499999999999997,0.05700000000000005,1.2535528171042642e-16,9.160450176182166e-17,-3.3750779948604764e-17,False,degenerate_scores
C5_separated_anisotropic,11,M4_matrix_response,ok,1.5543122344752192e-15,0.0,0.0,2.387323838623759,2.387323838623759,0.0,True,calibrated_load_margin_preserved
C5_separated_anisotropic,12,M1_signed_prototype,ok,-4.996003610813204e-16,0.0,0.0,0.9003163153408812,0.9003163153408812,0.0,True,calibrated_load_margin_preserved
C5_separated_anisotropic,12,M2_unsigned_prototype,ok,8.326672684688674e-17,0.0,0.0,0.6366197700589483,0.6366197700589483,0.0,True,calibrated_load_margin_preserved
C5_separated_anisotropic,12,M3_top1_projection,ok,2.498001805406602e-16,0.0,0.0,0.6366197956917397,0.6366197956917397,0.0,True,calibrated_load_margin_preserved
C5_separated_anisotropic,12,M3_fullspan_control,ok,4.440892098500626e-16,0.4999,0.21830000000000005,4.429678845951912e-16,2.8469449020462887e-16,-1.5827339439056234e-16,False,degenerate_scores
C5_separated_anisotropic,12,M4_matrix_response,ok,-6.661338147750939e-16,0.0,0.0,2.3873242338440237,2.3873242338440237,0.0,True,calibrated_load_margin_preserved
C5_separated_anisotropic,13,M1_signed_prototype,ok,1.1102230246251565e-16,0.0,0.0,0.9003163191099451,0.9003163191099451,0.0,True,calibrated_load_margin_preserved
C5_separated_anisotropic,13,M2_unsigned_prototype,ok,-4.163336342344337e-16,0.0,0.0,0.6366197807194713,0.6366197807194713,0.0,True,calibrated_load_margin_preserved
C5_separated_anisotropic,13,M3_top1_projection,ok,-2.220446049250313e-16,0.0,0.0,0.6366198023423041,0.6366198023423041,0.0,True,calibrated_load_margin_preserved
C5_separated_anisotropic,13,M3_fullspan_control,ok,1.1102230246251565e-16,0.4304,0.01870000000000005,1.0730305533002138e-16,1.0730305533002138e-16,0.0,False,degenerate_scores
C5_separated_anisotropic,13,M4_matrix_response,ok,-4.440892098500626e-16,0.0,0.0,2.3873242587836403,2.3873242587836403,0.0,True,calibrated_load_margin_preserved
C5_separated_anisotropic,14,M1_signed_prototype,ok,4.440892098500626e-16,0.0,0.0,0.9003163150331169,0.9003163150331169,0.0,True,calibrated_load_margin_preserved
C5_separated_anisotropic,14,M2_unsigned_prototype,ok,-5.551115123125783e-17,0.0,0.0,0.6366197691884591,0.6366197691884591,0.0,True,calibrated_load_margin_preserved
C5_separated_anisotropic,14,M3_top1_projection,ok,2.220446049250313e-16,0.0,0.0,0.636619732304489,0.636619732304489,0.0,True,calibrated_load_margin_preserved
C5_separated_anisotropic,14,M3_fullspan_control,ok,0.0,0.3601,0.3601,1.0377254611171338e-16,1.0377254611171338e-16,0.0,False,degenerate_scores
C5_separated_anisotropic,14,M4_matrix_response,ok,1.1102230246251565e-15,0.0,0.0,2.3873239961418338,2.3873239961418338,0.0,True,calibrated_load_margin_preserved
C5_separated_anisotropic,15,M1_signed_prototype,ok,2.220446049250313e-16,0.0,0.0,0.9003163298350111,0.9003163298350111,0.0,True,calibrated_load_margin_preserved
C5_separated_anisotropic,15,M2_unsigned_prototype,ok,-5.551115123125783e-17,0.0,0.0,0.6366198110545402,0.6366198110545402,0.0,True,calibrated_load_margin_preserved
C5_separated_anisotropic,15,M3_top1_projection,ok,2.498001805406602e-16,0.0,0.0,0.6366197972101502,0.6366197972101502,0.0,True,calibrated_load_margin_preserved
C5_separated_anisotropic,15,M3_fullspan_control,ok,0.0,0.5,0.5,0.0,0.0,0.0,False,degenerate_scores
C5_separated_anisotropic,15,M4_matrix_response,ok,6.661338147750939e-16,0.0,0.0,2.3873242395380627,2.3873242395380627,0.0,True,calibrated_load_margin_preserved
C5_separated_anisotropic,16,M1_signed_prototype,ok,2.220446049250313e-16,0.0,0.0,0.9003163083791668,0.9003163083791668,0.0,True,calibrated_load_margin_preserved
C5_separated_anisotropic,16,M2_unsigned_prototype,ok,1.1102230246251565e-16,0.0,0.0,0.6366197503682455,0.6366197503682455,0.0,True,calibrated_load_margin_preserved
C5_separated_anisotropic,16,M3_top1_projection,ok,0.0,0.0,0.0,0.6366197822937812,0.6366197822937812,0.0,True,calibrated_load_margin_preserved
C5_separated_anisotropic,16,M3_fullspan_control,ok,-2.220446049250313e-16,0.462,0.011700000000000044,3.122502256758253e-16,1.1056711102241934e-16,-2.0168311465340594e-16,False,degenerate_scores
C5_separated_anisotropic,16,M4_matrix_response,ok,6.661338147750939e-16,0.0,0.0,2.38732418360168,2.38732418360168,0.0,True,calibrated_load_margin_preserved
C5_separated_anisotropic,17,M1_signed_prototype,ok,1.6653345369377348e-16,0.0,0.0,0.9003163249898316,0.9003163249898316,0.0,True,calibrated_load_margin_preserved
C5_separated_anisotropic,17,M2_unsigned_prototype,ok,1.942890293094024e-16,0.0,0.0,0.6366197973503025,0.6366197973503025,0.0,True,calibrated_load_margin_preserved
C5_separated_anisotropic,17,M3_top1_projection,ok,-5.551115123125783e-17,0.0,0.0,0.6366198111151107,0.6366198111151107,0.0,True,calibrated_load_margin_preserved
C5_separated_anisotropic,17,M3_fullspan_control,ok,-1.1102230246251565e-16,0.15410000000000001,0.11770000000000003,1.3519185770860531e-16,7.48401340899818e-17,-6.035172361862351e-17,False,degenerate_scores
C5_separated_anisotropic,17,M4_matrix_response,ok,-2.220446049250313e-16,0.0,0.0,2.3873242916816655,2.3873242916816655,0.0,True,calibrated_load_margin_preserved
C5_separated_anisotropic,18,M1_signed_prototype,ok,-1.1102230246251565e-16,0.0,0.0,0.9003163050138338,0.9003163050138338,0.0,True,calibrated_load_margin_preserved
C5_separated_anisotropic,18,M2_unsigned_prototype,ok,8.326672684688674e-17,0.0,0.0,0.6366197408496467,0.6366197408496467,0.0,True,calibrated_load_margin_preserved
C5_separated_anisotropic,18,M3_top1_projection,ok,-4.440892098500626e-16,0.0,0.0,0.6366197754645158,0.6366197754645158,0.0,True,calibrated_load_margin_preserved
C5_separated_anisotropic,18,M3_fullspan_control,ok,0.0,0.22950000000000004,0.22950000000000004,6.195044477408374e-17,6.195044477408374e-17,0.0,False,degenerate_scores
C5_separated_anisotropic,18,M4_matrix_response,ok,-1.5543122344752192e-15,0.0,0.0,2.387324157991934,2.387324157991934,0.0,True,calibrated_load_margin_preserved
C5_separated_anisotropic,19,M1_signed_prototype,ok,-3.885780586188048e-16,0.0,0.0,0.900316321528213,0.900316321528213,0.0,True,calibrated_load_margin_preserved
C5_separated_anisotropic,19,M2_unsigned_prototype,ok,-2.7755575615628914e-17,0.0,0.0,0.6366197875593659,0.6366197875593659,0.0,True,calibrated_load_margin_preserved
C5_separated_anisotropic,19,M3_top1_projection,ok,1.6653345369377348e-16,0.0,0.0,0.6366198062615904,0.6366198062615904,0.0,True,calibrated_load_margin_preserved
C5_separated_anisotropic,19,M3_fullspan_control,ok,-3.3306690738754696e-16,0.4812,0.08230000000000004,3.412714555395269e-16,4.723998969780041e-17,-2.9403146584172647e-16,False,degenerate_scores
C5_separated_anisotropic,19,M4_matrix_response,ok,1.1102230246251565e-15,0.0,0.0,2.387324273480964,2.387324273480964,0.0,True,calibrated_load_margin_preserved
C5_separated_anisotropic,20,M1_signed_prototype,ok,1.1102230246251565e-16,0.0,0.0,0.9003163226385166,0.9003163226385166,0.0,True,calibrated_load_margin_preserved
C5_separated_anisotropic,20,M2_unsigned_prototype,ok,-8.326672684688674e-17,0.0,0.0,0.6366197906997799,0.6366197906997799,0.0,True,calibrated_load_margin_preserved
C5_separated_anisotropic,20,M3_top1_projection,ok,5.551115123125783e-17,0.0,0.0,0.6366198079355861,0.6366198079355861,0.0,True,calibrated_load_margin_preserved
C5_separated_anisotropic,20,M3_fullspan_control,ok,1.1102230246251565e-16,0.4458,0.12329999999999997,1.3301582058034e-16,1.3301582058034e-16,0.0,False,degenerate_scores
C5_separated_anisotropic,20,M4_matrix_response,ok,-2.220446049250313e-16,0.0,0.0,2.3873242797584484,2.3873242797584484,0.0,True,calibrated_load_margin_preserved
C5_separated_anisotropic,21,M1_signed_prototype,ok,5.551115123125783e-17,0.0,0.0,0.90031629211081,0.90031629211081,0.0,True,calibrated_load_margin_preserved
C5_separated_anisotropic,21,M2_unsigned_prototype,ok,0.0,0.0,0.0,0.6366197043543836,0.6366197043543836,0.0,True,calibrated_load_margin_preserved
C5_separated_anisotropic,21,M3_top1_projection,ok,-5.551115123125783e-17,0.0,0.0,0.6366197479325149,0.6366197479325149,0.0,True,calibrated_load_margin_preserved
C5_separated_anisotropic,21,M3_fullspan_control,ok,-2.220446049250313e-16,0.38480000000000003,0.32599999999999996,2.1639356972968927e-16,-8.103517856739018e-17,-2.9742874829707947e-16,False,degenerate_scores
C5_separated_anisotropic,21,M4_matrix_response,ok,0.0,0.0,0.0,2.387324054746931,2.387324054746931,0.0,True,calibrated_load_margin_preserved
C5_separated_anisotropic,22,M1_signed_prototype,ok,-2.220446049250313e-16,0.0,0.0,0.9003162955885169,0.9003162955885169,0.0,True,calibrated_load_margin_preserved
C5_separated_anisotropic,22,M2_unsigned_prototype,ok,-1.6653345369377348e-16,0.0,0.0,0.636619714190825,0.636619714190825,0.0,True,calibrated_load_margin_preserved
C5_separated_anisotropic,22,M3_top1_projection,ok,5.273559366969494e-16,0.0,0.0,0.636619755522399,0.636619755522399,0.0,True,calibrated_load_margin_preserved
C5_separated_anisotropic,22,M3_fullspan_control,ok,-1.1102230246251565e-16,0.02200000000000002,0.08409999999999995,1.2564393969682896e-16,1.0208500711428314e-16,-2.3558932582545816e-17,False,degenerate_scores
C5_separated_anisotropic,22,M4_matrix_response,ok,1.7763568394002505e-15,0.0,0.0,2.387324083208996,2.387324083208996,0.0,True,calibrated_load_margin_preserved
C5_separated_anisotropic,23,M1_signed_prototype,ok,1.1102230246251565e-16,0.0,0.0,0.900316314490921,0.900316314490921,0.0,True,calibrated_load_margin_preserved
C5_separated_anisotropic,23,M2_unsigned_prototype,ok,-3.3306690738754696e-16,0.0,0.0,0.6366197676548976,0.6366197676548976,0.0,True,calibrated_load_margin_preserved
C5_separated_anisotropic,23,M3_top1_projection,ok,5.551115123125783e-17,0.0,0.0,0.6366197302409676,0.6366197302409676,0.0,True,calibrated_load_margin_preserved
C5_separated_anisotropic,23,M3_fullspan_control,ok,0.0,0.5,0.5,0.0,0.0,0.0,False,degenerate_scores
C5_separated_anisotropic,23,M4_matrix_response,ok,2.220446049250313e-16,0.0,0.0,2.387323988403628,2.387323988403628,0.0,True,calibrated_load_margin_preserved
C5_separated_anisotropic,24,M1_signed_prototype,ok,2.220446049250313e-16,0.0,0.0,0.900316319629168,0.900316319629168,0.0,True,calibrated_load_margin_preserved
C5_separated_anisotropic,24,M2_unsigned_prototype,ok,2.220446049250313e-16,0.0,0.0,0.6366197821880553,0.6366197821880553,0.0,True,calibrated_load_margin_preserved
C5_separated_anisotropic,24,M3_top1_projection,ok,1.1102230246251565e-16,0.0,0.0,0.6366198032109628,0.6366198032109628,0.0,True,calibrated_load_margin_preserved
C5_separated_anisotropic,24,M3_fullspan_control,ok,0.0,0.5,0.5,0.0,0.0,0.0,False,degenerate_scores
C5_separated_anisotropic,24,M4_matrix_response,ok,0.0,0.0,0.0,2.387324262041111,2.387324262041111,0.0,True,calibrated_load_margin_preserved
C5_separated_anisotropic,25,M1_signed_prototype,ok,2.220446049250313e-16,0.0,0.0,0.900316323758253,0.900316323758253,0.0,True,calibrated_load_margin_preserved
C5_separated_anisotropic,25,M2_unsigned_prototype,ok,5.551115123125783e-17,0.0,0.0,0.636619793866872,0.636619793866872,0.0,True,calibrated_load_margin_preserved
C5_separated_anisotropic,25,M3_top1_projection,ok,5.551115123125783e-17,0.0,0.0,0.6366197672664303,0.6366197672664303,0.0,True,calibrated_load_margin_preserved
C5_separated_anisotropic,25,M3_fullspan_control,ok,0.0,0.3467,0.3467,9.287015600989435e-17,9.287015600989435e-17,0.0,False,degenerate_scores
C5_separated_anisotropic,25,M4_matrix_response,ok,8.881784197001252e-16,0.0,0.0,2.3873241272491135,2.3873241272491135,0.0,True,calibrated_load_margin_preserved
C5_separated_anisotropic,26,M1_signed_prototype,ok,3.885780586188048e-16,0.0,0.0,0.9003162885498729,0.9003162885498729,0.0,True,calibrated_load_margin_preserved
C5_separated_anisotropic,26,M2_unsigned_prototype,ok,1.1102230246251565e-16,0.0,0.0,0.6366196942825322,0.6366196942825322,0.0,True,calibrated_load_margin_preserved
C5_separated_anisotropic,26,M3_top1_projection,ok,4.996003610813204e-16,0.0,0.0,0.6366197309484706,0.6366197309484706,0.0,True,calibrated_load_margin_preserved
C5_separated_anisotropic,26,M3_fullspan_control,ok,0.0,0.22019999999999995,0.22019999999999995,7.894795928109488e-17,7.894795928109488e-17,0.0,False,degenerate_scores
C5_separated_anisotropic,26,M4_matrix_response,ok,2.6645352591003757e-15,0.0,0.0,2.387323991056765,2.387323991056765,0.0,True,calibrated_load_margin_preserved
C5_separated_anisotropic,27,M1_signed_prototype,ok,-1.6653345369377348e-16,0.0,0.0,0.9003163005144448,0.9003163005144448,0.0,True,calibrated_load_margin_preserved
C5_separated_anisotropic,27,M2_unsigned_prototype,ok,-2.7755575615628914e-16,0.0,0.0,0.636619728123453,0.636619728123453,0.0,True,calibrated_load_margin_preserved
C5_separated_anisotropic,27,M3_top1_projection,ok,-1.1102230246251565e-16,0.0,0.0,0.636619766074486,0.636619766074486,0.0,True,calibrated_load_margin_preserved
C5_separated_anisotropic,27,M3_fullspan_control,ok,-2.220446049250313e-16,0.4245,0.23750000000000004,2.393529818789375e-16,-3.318456620604593e-17,-2.7253754808498344e-16,False,degenerate_scores
C5_separated_anisotropic,27,M4_matrix_response,ok,0.0,0.0,0.0,2.3873241227793227,2.3873241227793227,0.0,True,calibrated_load_margin_preserved
C5_separated_anisotropic,28,M1_signed_prototype,ok,2.220446049250313e-16,0.0,0.0,0.9003162901835982,0.9003162901835982,0.0,True,calibrated_load_margin_preserved
C5_separated_anisotropic,28,M2_unsigned_prototype,ok,-1.3877787807814457e-16,0.0,0.0,0.6366196989034052,0.6366196989034052,0.0,True,calibrated_load_margin_preserved
C5_separated_anisotropic,28,M3_top1_projection,ok,-8.326672684688674e-17,0.0,0.0,0.6366197436832618,0.6366197436832618,0.0,True,calibrated_load_margin_preserved
C5_separated_anisotropic,28,M3_fullspan_control,ok,0.0,0.5,0.5,0.0,0.0,0.0,False,degenerate_scores
C5_separated_anisotropic,28,M4_matrix_response,ok,0.0,0.0,0.0,2.387324038812232,2.387324038812232,0.0,True,calibrated_load_margin_preserved
C5_separated_anisotropic,29,M1_signed_prototype,ok,-1.1102230246251565e-16,0.0,0.0,0.9003163304820109,0.9003163304820109,0.0,True,calibrated_load_margin_preserved
C5_separated_anisotropic,29,M2_unsigned_prototype,ok,0.0,0.0,0.0,0.6366198128845327,0.6366198128845327,0.0,True,calibrated_load_margin_preserved
C5_separated_anisotropic,29,M3_top1_projection,ok,-5.551115123125783e-17,0.0,0.0,0.6366198128898494,0.6366198128898494,0.0,True,calibrated_load_margin_preserved
C5_separated_anisotropic,29,M3_fullspan_control,ok,2.220446049250313e-16,0.4851,0.023499999999999965,1.6897594434794883e-16,1.1244338793403585e-16,-5.653255641391298e-17,False,degenerate_scores
C5_separated_anisotropic,29,M4_matrix_response,ok,-4.440892098500626e-16,0.0,0.0,2.387324298336935,2.387324298336935,0.0,True,calibrated_load_margin_preserved
C5_separated_anisotropic,30,M1_signed_prototype,ok,-1.1102230246251565e-16,0.0,0.0,0.9003163192509764,0.9003163192509764,0.0,True,calibrated_load_margin_preserved
C5_separated_anisotropic,30,M2_unsigned_prototype,ok,-1.1102230246251565e-16,0.0,0.0,0.6366197811183675,0.6366197811183675,0.0,True,calibrated_load_margin_preserved
C5_separated_anisotropic,30,M3_top1_projection,ok,-1.3877787807814457e-16,0.0,0.0,0.6366197487108212,0.6366197487108212,0.0,True,calibrated_load_margin_preserved
C5_separated_anisotropic,30,M3_fullspan_control,ok,2.220446049250313e-16,0.4678,0.04910000000000003,1.5791812302268228e-16,1.341593502957039e-16,-2.375877272697837e-17,False,degenerate_scores
C5_separated_anisotropic,30,M4_matrix_response,ok,-1.1102230246251565e-15,0.0,0.0,2.3873240576655794,2.3873240576655794,0.0,True,calibrated_load_margin_preserved
C5_separated_anisotropic,31,M1_signed_prototype,ok,0.0,0.0,0.0,0.9003163301535405,0.9003163301535405,0.0,True,calibrated_load_margin_preserved
C5_separated_anisotropic,31,M2_unsigned_prototype,ok,4.440892098500626e-16,0.0,0.0,0.636619811955478,0.636619811955478,0.0,True,calibrated_load_margin_preserved
C5_separated_anisotropic,31,M3_top1_projection,ok,-1.6653345369377348e-16,0.0,0.0,0.6366198135783151,0.6366198135783151,0.0,True,calibrated_load_margin_preserved
C5_separated_anisotropic,31,M3_fullspan_control,ok,-3.3306690738754696e-16,0.4734,0.062000000000000055,3.362754519287137e-16,7.213118990989643e-17,-2.6414426201881724e-16,False,degenerate_scores
C5_separated_anisotropic,31,M4_matrix_response,ok,-2.220446049250313e-16,0.0,0.0,2.3873243009186815,2.3873243009186815,0.0,True,calibrated_load_margin_preserved
C5_separated_anisotropic,32,M1_signed_prototype,ok,-1.6653345369377348e-16,0.0,0.0,0.9003163269975725,0.9003163269975725,0.0,True,calibrated_load_margin_preserved
C5_separated_anisotropic,32,M2_unsigned_prototype,ok,2.7755575615628914e-17,0.0,0.0,0.6366198030290523,0.6366198030290523,0.0,True,calibrated_load_margin_preserved
C5_separated_anisotropic,32,M3_top1_projection,ok,-2.7755575615628914e-17,0.0,0.0,0.6366198132331504,0.6366198132331504,0.0,True,calibrated_load_margin_preserved
C5_separated_anisotropic,32,M3_fullspan_control,ok,0.0,0.30169999999999997,0.30169999999999997,8.193445921733655e-17,8.193445921733655e-17,0.0,False,degenerate_scores
C5_separated_anisotropic,32,M4_matrix_response,ok,0.0,0.0,0.0,2.3873242996243134,2.3873242996243134,0.0,True,calibrated_load_margin_preserved
C5_separated_anisotropic,33,M1_signed_prototype,ok,1.1102230246251565e-16,0.0,0.0,0.9003162934957821,0.9003162934957821,0.0,True,calibrated_load_margin_preserved
C5_separated_anisotropic,33,M2_unsigned_prototype,ok,2.498001805406602e-16,0.0,0.0,0.6366197082716764,0.6366197082716764,0.0,True,calibrated_load_margin_preserved
C5_separated_anisotropic,33,M3_top1_projection,ok,2.7755575615628914e-17,0.0,0.0,0.6366197509676883,0.6366197509676883,0.0,True,calibrated_load_margin_preserved
C5_separated_anisotropic,33,M3_fullspan_control,ok,1.1102230246251565e-16,0.41400000000000003,0.0027000000000000357,1.0003109451872661e-16,1.0003109451872661e-16,0.0,False,degenerate_scores
C5_separated_anisotropic,33,M4_matrix_response,ok,2.220446049250313e-16,0.0,0.0,2.3873240661288313,2.3873240661288313,0.0,True,calibrated_load_margin_preserved
C5_separated_anisotropic,34,M1_signed_prototype,ok,-2.220446049250313e-16,0.0,0.0,0.9003163290624298,0.9003163290624298,0.0,True,calibrated_load_margin_preserved
C5_separated_anisotropic,34,M2_unsigned_prototype,ok,-8.326672684688674e-17,0.0,0.0,0.6366198088693498,0.6366198088693498,0.0,True,calibrated_load_margin_preserved
C5_separated_anisotropic,34,M3_top1_projection,ok,-1.1102230246251565e-16,0.0,0.0,0.6366197925372193,0.6366197925372193,0.0,True,calibrated_load_margin_preserved
C5_separated_anisotropic,34,M3_fullspan_control,ok,0.0,0.06579999999999997,0.06579999999999997,1.0338396805309458e-16,1.0338396805309458e-16,0.0,False,degenerate_scores
C5_separated_anisotropic,34,M4_matrix_response,ok,-4.440892098500626e-16,0.0,0.0,2.3873242220145725,2.3873242220145725,0.0,True,calibrated_load_margin_preserved
C5_separated_anisotropic,35,M1_signed_prototype,ok,-2.7755575615628914e-16,0.0,0.0,0.9003163295748055,0.9003163295748055,0.0,True,calibrated_load_margin_preserved
C5_separated_anisotropic,35,M2_unsigned_prototype,ok,-5.551115123125783e-16,0.0,0.0,0.6366198103185678,0.6366198103185678,0.0,True,calibrated_load_margin_preserved
C5_separated_anisotropic,35,M3_top1_projection,ok,2.498001805406602e-16,0.0,0.0,0.6366198141292367,0.6366198141292367,0.0,True,calibrated_load_margin_preserved
C5_separated_anisotropic,35,M3_fullspan_control,ok,0.0,0.2942,0.2942,8.769651671514112e-17,8.769651671514112e-17,0.0,False,degenerate_scores
C5_separated_anisotropic,35,M4_matrix_response,ok,-2.220446049250313e-16,0.0,0.0,2.3873243029846383,2.3873243029846383,0.0,True,calibrated_load_margin_preserved
C5_separated_anisotropic,36,M1_signed_prototype,ok,3.885780586188048e-16,0.0,0.0,0.9003163301409394,0.9003163301409394,0.0,True,calibrated_load_margin_preserved
C5_separated_anisotropic,36,M2_unsigned_prototype,ok,2.7755575615628914e-17,0.0,0.0,0.6366198119198361,0.6366198119198361,0.0,True,calibrated_load_margin_preserved
C5_separated_anisotropic,36,M3_top1_projection,ok,-2.7755575615628914e-17,0.0,0.0,0.636619799295885,0.636619799295885,0.0,True,calibrated_load_margin_preserved
C5_separated_anisotropic,36,M3_fullspan_control,ok,0.0,0.03859999999999997,0.03859999999999997,1.0795808691455023e-16,1.0795808691455023e-16,0.0,False,degenerate_scores
C5_separated_anisotropic,36,M4_matrix_response,ok,4.440892098500626e-16,0.0,0.0,2.387324247359569,2.387324247359569,0.0,True,calibrated_load_margin_preserved
C5_separated_anisotropic,37,M1_signed_prototype,ok,1.1102230246251565e-16,0.0,0.0,0.9003163030218558,0.9003163030218558,0.0,True,calibrated_load_margin_preserved
C5_separated_anisotropic,37,M2_unsigned_prototype,ok,-8.326672684688674e-17,0.0,0.0,0.6366197352154822,0.6366197352154822,0.0,True,calibrated_load_margin_preserved
C5_separated_anisotropic,37,M3_top1_projection,ok,1.3877787807814457e-16,0.0,0.0,0.636619689038496,0.636619689038496,0.0,True,calibrated_load_margin_preserved
C5_separated_anisotropic,37,M3_fullspan_control,ok,3.3306690738754696e-16,0.4991,0.12870000000000004,3.325562047962194e-16,1.8689494396539885e-16,-1.4566126083082054e-16,False,degenerate_scores
C5_separated_anisotropic,37,M4_matrix_response,ok,-6.661338147750939e-16,0.0,0.0,2.3873238338943605,2.3873238338943605,0.0,True,calibrated_load_margin_preserved
C5_separated_anisotropic,38,M1_signed_prototype,ok,-5.551115123125783e-17,0.0,0.0,0.9003163309663352,0.9003163309663352,0.0,True,calibrated_load_margin_preserved
C5_separated_anisotropic,38,M2_unsigned_prototype,ok,-8.326672684688674e-17,0.0,0.0,0.6366198142544089,0.6366198142544089,0.0,True,calibrated_load_margin_preserved
C5_separated_anisotropic,38,M3_top1_projection,ok,-5.551115123125783e-17,0.0,0.0,0.6366198089347532,0.6366198089347532,0.0,True,calibrated_load_margin_preserved
C5_separated_anisotropic,38,M3_fullspan_control,ok,-2.220446049250313e-16,0.3361,0.2711,2.1505019986989283e-16,-2.702282841937631e-17,-2.4207302828926914e-16,False,degenerate_scores
C5_separated_anisotropic,38,M4_matrix_response,ok,6.661338147750939e-16,0.0,0.0,2.387324283505324,2.387324283505324,0.0,True,calibrated_load_margin_preserved
C5_separated_anisotropic,39,M1_signed_prototype,ok,2.7755575615628914e-16,0.0,0.0,0.9003163238610683,0.9003163238610683,0.0,True,calibrated_load_margin_preserved
C5_separated_anisotropic,39,M2_unsigned_prototype,ok,3.608224830031759e-16,0.0,0.0,0.6366197941576778,0.6366197941576778,0.0,True,calibrated_load_margin_preserved
C5_separated_anisotropic,39,M3_top1_projection,ok,-2.7755575615628914e-17,0.0,0.0,0.636619767708448,0.636619767708448,0.0,True,calibrated_load_margin_preserved
C5_separated_anisotropic,39,M3_fullspan_control,ok,0.0,0.20620000000000005,0.20620000000000005,9.173772852477669e-17,9.173772852477669e-17,0.0,False,degenerate_scores
C5_separated_anisotropic,39,M4_matrix_response,ok,-4.440892098500626e-16,0.0,0.0,2.387324128906679,2.387324128906679,0.0,True,calibrated_load_margin_preserved
C5_separated_anisotropic,40,M1_signed_prototype,ok,2.220446049250313e-16,0.0,0.0,0.900316330510567,0.900316330510567,0.0,True,calibrated_load_margin_preserved
C5_separated_anisotropic,40,M2_unsigned_prototype,ok,2.7755575615628914e-17,0.0,0.0,0.6366198129653008,0.6366198129653008,0.0,True,calibrated_load_margin_preserved
C5_separated_anisotropic,40,M3_top1_projection,ok,-2.7755575615628914e-17,0.0,0.0,0.6366198021774693,0.6366198021774693,0.0,True,calibrated_load_margin_preserved
C5_separated_anisotropic,40,M3_fullspan_control,ok,-1.1102230246251565e-16,0.23020000000000002,0.01749999999999996,1.4988010832439614e-16,9.487965968446588e-17,-5.500044863993026e-17,False,degenerate_scores
C5_separated_anisotropic,40,M4_matrix_response,ok,2.220446049250313e-16,0.0,0.0,2.3873242581655103,2.3873242581655103,0.0,True,calibrated_load_margin_preserved
C5_separated_anisotropic,41,M1_signed_prototype,ok,1.1102230246251565e-16,0.0,0.0,0.9003163293763182,0.9003163293763182,0.0,True,calibrated_load_margin_preserved
C5_separated_anisotropic,41,M2_unsigned_prototype,ok,-2.7755575615628914e-17,0.0,0.0,0.6366198097571613,0.6366198097571613,0.0,True,calibrated_load_margin_preserved
C5_separated_anisotropic,41,M3_top1_projection,ok,3.0531133177191805e-16,0.0,0.0,0.6366197943602602,0.6366197943602602,0.0,True,calibrated_load_margin_preserved
C5_separated_anisotropic,41,M3_fullspan_control,ok,3.3306690738754696e-16,0.49939999999999996,0.007399999999999962,3.1390445798251675e-16,1.212585587495596e-16,-1.9264589923295715e-16,False,degenerate_scores
C5_separated_anisotropic,41,M4_matrix_response,ok,-2.220446049250313e-16,0.0,0.0,2.387324228850975,2.387324228850975,0.0,True,calibrated_load_margin_preserved
C5_separated_anisotropic,42,M1_signed_prototype,ok,-5.551115123125783e-17,0.0,0.0,0.9003163303255487,0.9003163303255487,0.0,True,calibrated_load_margin_preserved
C5_separated_anisotropic,42,M2_unsigned_prototype,ok,8.326672684688674e-17,0.0,0.0,0.6366198124419902,0.6366198124419902,0.0,True,calibrated_load_margin_preserved
C5_separated_anisotropic,42,M3_top1_projection,ok,3.885780586188048e-16,0.0,0.0,0.6366198006678434,0.6366198006678434,0.0,True,calibrated_load_margin_preserved
C5_separated_anisotropic,42,M3_fullspan_control,ok,6.661338147750939e-16,0.5,0.2499,6.608713576383707e-16,4.233946526710497e-16,-2.37476704967321e-16,False,degenerate_scores
C5_separated_anisotropic,42,M4_matrix_response,ok,2.220446049250313e-16,0.0,0.0,2.387324252504412,2.387324252504412,0.0,True,calibrated_load_margin_preserved
C5_separated_anisotropic,43,M1_signed_prototype,ok,3.885780586188048e-16,0.0,0.0,0.9003163159636027,0.9003163159636027,0.0,True,calibrated_load_margin_preserved
C5_separated_anisotropic,43,M2_unsigned_prototype,ok,0.0,0.0,0.0,0.6366197718202711,0.6366197718202711,0.0,True,calibrated_load_margin_preserved
C5_separated_anisotropic,43,M3_top1_projection,ok,-1.3877787807814457e-16,0.0,0.0,0.6366197358672562,0.6366197358672562,0.0,True,calibrated_load_margin_preserved
C5_separated_anisotropic,43,M3_fullspan_control,ok,-1.1102230246251565e-16,0.14739999999999998,0.0797,1.2860823517257814e-16,7.818190539410353e-17,-5.0426329778474615e-17,False,degenerate_scores
C5_separated_anisotropic,43,M4_matrix_response,ok,-8.881784197001252e-16,0.0,0.0,2.387324009502211,2.387324009502211,0.0,True,calibrated_load_margin_preserved
C5_separated_anisotropic,44,M1_signed_prototype,ok,-3.885780586188048e-16,0.0,0.0,0.90031633058976,0.90031633058976,0.0,True,calibrated_load_margin_preserved
C5_separated_anisotropic,44,M2_unsigned_prototype,ok,-8.326672684688674e-17,0.0,0.0,0.6366198131892936,0.6366198131892936,0.0,True,calibrated_load_margin_preserved
C5_separated_anisotropic,44,M3_top1_projection,ok,1.3877787807814457e-16,0.0,0.0,0.6366198028847863,0.6366198028847863,0.0,True,calibrated_load_margin_preserved
C5_separated_anisotropic,44,M3_fullspan_control,ok,3.3306690738754696e-16,0.4998,0.18310000000000004,3.486877453440229e-16,2.232103391008877e-16,-1.2547740624313518e-16,False,degenerate_scores
C5_separated_anisotropic,44,M4_matrix_response,ok,2.220446049250313e-16,0.0,0.0,2.387324260817949,2.387324260817949,0.0,True,calibrated_load_margin_preserved
C5_separated_anisotropic,45,M1_signed_prototype,ok,2.220446049250313e-16,0.0,0.0,0.9003162893147786,0.9003162893147786,0.0,True,calibrated_load_margin_preserved
C5_separated_anisotropic,45,M2_unsigned_prototype,ok,8.326672684688674e-17,0.0,0.0,0.6366196964460129,0.6366196964460129,0.0,True,calibrated_load_margin_preserved
C5_separated_anisotropic,45,M3_top1_projection,ok,-3.608224830031759e-16,0.0,0.0,0.636619741758329,0.636619741758329,0.0,True,calibrated_load_margin_preserved
C5_separated_anisotropic,45,M3_fullspan_control,ok,1.1102230246251565e-16,0.44699999999999995,0.03059999999999996,1.2581047315052274e-16,1.2581047315052274e-16,0.0,False,degenerate_scores
C5_separated_anisotropic,45,M4_matrix_response,ok,-1.3322676295501878e-15,0.0,0.0,2.3873240315937343,2.3873240315937343,0.0,True,calibrated_load_margin_preserved
C5_separated_anisotropic,46,M1_signed_prototype,ok,0.0,0.0,0.0,0.9003163250754691,0.9003163250754691,0.0,True,calibrated_load_margin_preserved
C5_separated_anisotropic,46,M2_unsigned_prototype,ok,0.0,0.0,0.0,0.6366197975925224,0.6366197975925224,0.0,True,calibrated_load_margin_preserved
C5_separated_anisotropic,46,M3_top1_projection,ok,0.0,0.0,0.0,0.6366198112190111,0.6366198112190111,0.0,True,calibrated_load_margin_preserved
C5_separated_anisotropic,46,M3_fullspan_control,ok,0.0,0.28659999999999997,0.28659999999999997,9.151568391985166e-17,9.151568391985166e-17,0.0,False,degenerate_scores
C5_separated_anisotropic,46,M4_matrix_response,ok,4.440892098500626e-16,0.0,0.0,2.3873242920712916,2.3873242920712916,0.0,True,calibrated_load_margin_preserved
C5_separated_anisotropic,47,M1_signed_prototype,ok,2.220446049250313e-16,0.0,0.0,0.9003163248085477,0.9003163248085477,0.0,True,calibrated_load_margin_preserved
C5_separated_anisotropic,47,M2_unsigned_prototype,ok,1.1102230246251565e-16,0.0,0.0,0.6366197968375543,0.6366197968375543,0.0,True,calibrated_load_margin_preserved
C5_separated_anisotropic,47,M3_top1_projection,ok,-5.273559366969494e-16,0.0,0.0,0.6366198108919353,0.6366198108919353,0.0,True,calibrated_load_margin_preserved
C5_separated_anisotropic,47,M3_fullspan_control,ok,2.220446049250313e-16,0.49570000000000003,0.28800000000000003,2.1316282072803005e-16,1.984412634215005e-16,-1.4721557306529557e-17,False,degenerate_scores
C5_separated_anisotropic,47,M4_matrix_response,ok,-2.4424906541753444e-15,0.0,0.0,2.387324290844757,2.387324290844757,0.0,True,calibrated_load_margin_preserved
C5_separated_anisotropic,48,M1_signed_prototype,ok,3.3306690738754696e-16,0.0,0.0,0.9003163299364871,0.9003163299364871,0.0,True,calibrated_load_margin_preserved
C5_separated_anisotropic,48,M2_unsigned_prototype,ok,5.551115123125783e-16,0.0,0.0,0.6366198113415585,0.6366198113415585,0.0,True,calibrated_load_margin_preserved
C5_separated_anisotropic,48,M3_top1_projection,ok,8.326672684688674e-17,0.0,0.0,0.6366198138554818,0.6366198138554818,0.0,True,calibrated_load_margin_preserved
C5_separated_anisotropic,48,M3_fullspan_control,ok,2.220446049250313e-16,0.49470000000000003,0.2732,2.4835689060864753e-16,2.2066792837449612e-16,-2.768896223415141e-17,False,degenerate_scores
C5_separated_anisotropic,48,M4_matrix_response,ok,-6.661338147750939e-16,0.0,0.0,2.3873243019580572,2.3873243019580572,0.0,True,calibrated_load_margin_preserved
C5_separated_anisotropic,49,M1_signed_prototype,ok,-2.7755575615628914e-16,0.0,0.0,0.900316330928041,0.900316330928041,0.0,True,calibrated_load_margin_preserved
C5_separated_anisotropic,49,M2_unsigned_prototype,ok,1.6653345369377348e-16,0.0,0.0,0.6366198141460955,0.6366198141460955,0.0,True,calibrated_load_margin_preserved
C5_separated_anisotropic,49,M3_top1_projection,ok,0.0,0.0,0.0,0.636619807125397,0.636619807125397,0.0,True,calibrated_load_margin_preserved
C5_separated_anisotropic,49,M3_fullspan_control,ok,-2.220446049250313e-16,0.3752,0.2559,2.366995488500834e-16,-2.9887203822909213e-17,-2.665867526729926e-16,False,degenerate_scores
C5_separated_anisotropic,49,M4_matrix_response,ok,2.220446049250313e-16,0.0,0.0,2.3873242767202387,2.3873242767202387,0.0,True,calibrated_load_margin_preserved
C5_separated_anisotropic,50,M1_signed_prototype,ok,-1.1102230246251565e-16,0.0,0.0,0.9003163302748318,0.9003163302748318,0.0,True,calibrated_load_margin_preserved
C5_separated_anisotropic,50,M2_unsigned_prototype,ok,-1.1102230246251565e-16,0.0,0.0,0.6366198122985411,0.6366198122985411,0.0,True,calibrated_load_margin_preserved
C5_separated_anisotropic,50,M3_top1_projection,ok,1.1102230246251565e-16,0.0,0.0,0.6366198002799307,0.6366198002799307,0.0,True,calibrated_load_margin_preserved
C5_separated_anisotropic,50,M3_fullspan_control,ok,-1.1102230246251565e-16,0.1699,0.01319999999999999,1.3878898030839082e-16,9.813261314661759e-17,-4.065636716177323e-17,False,degenerate_scores
C5_separated_anisotropic,50,M4_matrix_response,ok,8.881784197001252e-16,0.0,0.0,2.3873242510497397,2.3873242510497397,0.0,True,calibrated_load_margin_preserved
C5_separated_anisotropic,51,M1_signed_prototype,ok,1.1102230246251565e-16,0.0,0.0,0.9003162918887067,0.9003162918887067,0.0,True,calibrated_load_margin_preserved
C5_separated_anisotropic,51,M2_unsigned_prototype,ok,-8.326672684688674e-17,0.0,0.0,0.6366197037261805,0.6366197037261805,0.0,True,calibrated_load_margin_preserved
C5_separated_anisotropic,51,M3_top1_projection,ok,5.551115123125783e-17,0.0,0.0,0.6366197227243148,0.6366197227243148,0.0,True,calibrated_load_margin_preserved
C5_separated_anisotropic,51,M3_fullspan_control,ok,0.0,0.42310000000000003,0.42310000000000003,6.191713808334498e-17,6.191713808334498e-17,0.0,False,degenerate_scores
C5_separated_anisotropic,51,M4_matrix_response,ok,0.0,0.0,0.0,2.3873239602161798,2.3873239602161798,0.0,True,calibrated_load_margin_preserved
C5_separated_anisotropic,52,M1_signed_prototype,ok,3.3306690738754696e-16,0.0,0.0,0.9003163071586124,0.9003163071586124,0.0,True,calibrated_load_margin_preserved
C5_separated_anisotropic,52,M2_unsigned_prototype,ok,-2.7755575615628914e-17,0.0,0.0,0.6366197469159972,0.6366197469159972,0.0,True,calibrated_load_margin_preserved
C5_separated_anisotropic,52,M3_top1_projection,ok,-1.1102230246251565e-16,0.0,0.0,0.6366197030469629,0.6366197030469629,0.0,True,calibrated_load_margin_preserved
C5_separated_anisotropic,52,M3_fullspan_control,ok,0.0,0.23070000000000002,0.23070000000000002,6.196154700432999e-17,6.196154700432999e-17,0.0,False,degenerate_scores
C5_separated_anisotropic,52,M4_matrix_response,ok,-4.440892098500626e-16,0.0,0.0,2.387323886426111,2.387323886426111,0.0,True,calibrated_load_margin_preserved
C5_separated_anisotropic,53,M1_signed_prototype,ok,2.220446049250313e-16,0.0,0.0,0.9003163019892907,0.9003163019892907,0.0,True,calibrated_load_margin_preserved
C5_separated_anisotropic,53,M2_unsigned_prototype,ok,3.885780586188048e-16,0.0,0.0,0.6366197322949472,0.6366197322949472,0.0,True,calibrated_load_margin_preserved
C5_separated_anisotropic,53,M3_top1_projection,ok,-5.551115123125783e-17,0.0,0.0,0.636619769181383,0.636619769181383,0.0,True,calibrated_load_margin_preserved
C5_separated_anisotropic,53,M3_fullspan_control,ok,1.1102230246251565e-16,0.4285,0.019299999999999984,1.2222445278098348e-16,1.2222445278098348e-16,0.0,False,degenerate_scores
C5_separated_anisotropic,53,M4_matrix_response,ok,0.0,0.0,0.0,2.387324134430186,2.387324134430186,0.0,True,calibrated_load_margin_preserved
C5_separated_anisotropic,54,M1_signed_prototype,ok,-2.220446049250313e-16,0.0,0.0,0.9003163269152096,0.9003163269152096,0.0,True,calibrated_load_margin_preserved
C5_separated_anisotropic,54,M2_unsigned_prototype,ok,1.1102230246251565e-16,0.0,0.0,0.6366198027960941,0.6366198027960941,0.0,True,calibrated_load_margin_preserved
C5_separated_anisotropic,54,M3_top1_projection,ok,4.996003610813204e-16,0.0,0.0,0.6366198131620154,0.6366198131620154,0.0,True,calibrated_load_margin_preserved
C5_separated_anisotropic,54,M3_fullspan_control,ok,4.440892098500626e-16,0.5,0.04410000000000003,3.613664922852422e-16,1.3972156764907595e-16,-2.2164492463616627e-16,False,degenerate_scores
C5_separated_anisotropic,54,M4_matrix_response,ok,8.881784197001252e-16,0.0,0.0,2.387324299357557,2.387324299357557,0.0,True,calibrated_load_margin_preserved
C5_separated_anisotropic,55,M1_signed_prototype,ok,-5.551115123125783e-17,0.0,0.0,0.9003163308880059,0.9003163308880059,0.0,True,calibrated_load_margin_preserved
C5_separated_anisotropic,55,M2_unsigned_prototype,ok,-1.6653345369377348e-16,0.0,0.0,0.6366198140328593,0.6366198140328593,0.0,True,calibrated_load_margin_preserved
C5_separated_anisotropic,55,M3_top1_projection,ok,1.6653345369377348e-16,0.0,0.0,0.6366198063519996,0.6366198063519996,0.0,True,calibrated_load_margin_preserved
C5_separated_anisotropic,55,M3_fullspan_control,ok,6.661338147750939e-16,0.5,0.21950000000000003,6.608491531778782e-16,3.7978509226377353e-16,-2.8106406091410464e-16,False,degenerate_scores
C5_separated_anisotropic,55,M4_matrix_response,ok,-6.661338147750939e-16,0.0,0.0,2.3873242738199987,2.3873242738199987,0.0,True,calibrated_load_margin_preserved
C5_separated_anisotropic,56,M1_signed_prototype,ok,1.1102230246251565e-16,0.0,0.0,0.9003162915403667,0.9003162915403667,0.0,True,calibrated_load_margin_preserved
C5_separated_anisotropic,56,M2_unsigned_prototype,ok,5.551115123125783e-17,0.0,0.0,0.6366197027409262,0.6366197027409262,0.0,True,calibrated_load_margin_preserved
C5_separated_anisotropic,56,M3_top1_projection,ok,-4.718447854656915e-16,0.0,0.0,0.6366197236167301,0.6366197236167301,0.0,True,calibrated_load_margin_preserved
C5_separated_anisotropic,56,M3_fullspan_control,ok,0.0,0.0746,0.0746,1.0151879337172431e-16,1.0151879337172431e-16,0.0,False,degenerate_scores
C5_separated_anisotropic,56,M4_matrix_response,ok,-1.9984014443252818e-15,0.0,0.0,2.3873239635627383,2.3873239635627383,0.0,True,calibrated_load_margin_preserved
C5_separated_anisotropic,57,M1_signed_prototype,ok,-1.1102230246251565e-16,0.0,0.0,0.9003163308219806,0.9003163308219806,0.0,True,calibrated_load_margin_preserved
C5_separated_anisotropic,57,M2_unsigned_prototype,ok,-2.220446049250313e-16,0.0,0.0,0.6366198138461114,0.6366198138461114,0.0,True,calibrated_load_margin_preserved
C5_separated_anisotropic,57,M3_top1_projection,ok,2.7755575615628914e-17,0.0,0.0,0.6366198113666488,0.6366198113666488,0.0,True,calibrated_load_margin_preserved
C5_separated_anisotropic,57,M3_fullspan_control,ok,4.440892098500626e-16,0.5,0.22709999999999997,4.3133274729711957e-16,2.806754828554858e-16,-1.5065726444163377e-16,False,degenerate_scores
C5_separated_anisotropic,57,M4_matrix_response,ok,-2.220446049250313e-16,0.0,0.0,2.387324292624933,2.387324292624933,0.0,True,calibrated_load_margin_preserved
C5_separated_anisotropic,58,M1_signed_prototype,ok,-2.7755575615628914e-16,0.0,0.0,0.9003163030569573,0.9003163030569573,0.0,True,calibrated_load_margin_preserved
C5_separated_anisotropic,58,M2_unsigned_prototype,ok,1.3877787807814457e-16,0.0,0.0,0.6366197353147635,0.6366197353147635,0.0,True,calibrated_load_margin_preserved
C5_separated_anisotropic,58,M3_top1_projection,ok,-5.551115123125783e-16,0.0,0.0,0.6366196889134645,0.6366196889134645,0.0,True,calibrated_load_margin_preserved
C5_separated_anisotropic,58,M3_fullspan_control,ok,-6.661338147750939e-16,0.5,0.35650000000000004,6.022848886289012e-16,-3.676059456836356e-16,-9.698908343125368e-16,False,degenerate_scores
C5_separated_anisotropic,58,M4_matrix_response,ok,-8.881784197001252e-16,0.0,0.0,2.3873238334254916,2.3873238334254916,0.0,True,calibrated_load_margin_preserved
C5_separated_anisotropic,59,M1_signed_prototype,ok,3.885780586188048e-16,0.0,0.0,0.9003163070225654,0.9003163070225654,0.0,True,calibrated_load_margin_preserved
C5_separated_anisotropic,59,M2_unsigned_prototype,ok,5.551115123125783e-17,0.0,0.0,0.636619746531197,0.636619746531197,0.0,True,calibrated_load_margin_preserved
C5_separated_anisotropic,59,M3_top1_projection,ok,1.3877787807814457e-16,0.0,0.0,0.6366197025526159,0.6366197025526159,0.0,True,calibrated_load_margin_preserved
C5_separated_anisotropic,59,M3_fullspan_control,ok,2.220446049250313e-16,0.49860000000000004,0.3296,2.408184762714427e-16,2.1834756225302952e-16,-2.247091401841316e-17,False,degenerate_scores
C5_separated_anisotropic,59,M4_matrix_response,ok,-2.220446049250313e-16,0.0,0.0,2.38732388457231,2.38732388457231,0.0,True,calibrated_load_margin_preserved
C5_separated_anisotropic,60,M1_signed_prototype,ok,1.1102230246251565e-16,0.0,0.0,0.9003162866207007,0.9003162866207007,0.0,True,calibrated_load_margin_preserved
C5_separated_anisotropic,60,M2_unsigned_prototype,ok,4.440892098500626e-16,0.0,0.0,0.6366196888260091,0.6366196888260091,0.0,True,calibrated_load_margin_preserved
C5_separated_anisotropic,60,M3_top1_projection,ok,5.551115123125783e-17,0.0,0.0,0.636619735755014,0.636619735755014,0.0,True,calibrated_load_margin_preserved
C5_separated_anisotropic,60,M3_fullspan_control,ok,2.220446049250313e-16,0.5,0.2964,2.1340706979344758e-16,1.907807245515869e-16,-2.2626345241860688e-17,False,degenerate_scores
C5_separated_anisotropic,60,M4_matrix_response,ok,2.220446049250313e-16,0.0,0.0,2.3873240090813024,2.3873240090813024,0.0,True,calibrated_load_margin_preserved
C5_separated_anisotropic,61,M1_signed_prototype,ok,3.885780586188048e-16,0.0,0.0,0.9003163041326016,0.9003163041326016,0.0,True,calibrated_load_margin_preserved
C5_separated_anisotropic,61,M2_unsigned_prototype,ok,-1.3877787807814457e-16,0.0,0.0,0.636619738357145,0.636619738357145,0.0,True,calibrated_load_margin_preserved
C5_separated_anisotropic,61,M3_top1_projection,ok,-4.163336342344337e-16,0.0,0.0,0.6366197736469293,0.6366197736469293,0.0,True,calibrated_load_margin_preserved
C5_separated_anisotropic,61,M3_fullspan_control,ok,2.220446049250313e-16,0.4909,0.18389999999999995,2.064792781197866e-16,1.693534201763214e-16,-3.7125857943465213e-17,False,degenerate_scores
C5_separated_anisotropic,61,M4_matrix_response,ok,-1.5543122344752192e-15,0.0,0.0,2.387324151175985,2.387324151175985,0.0,True,calibrated_load_margin_preserved
C5_separated_anisotropic,62,M1_signed_prototype,ok,2.220446049250313e-16,0.0,0.0,0.9003163223513097,0.9003163223513097,0.0,True,calibrated_load_margin_preserved
C5_separated_anisotropic,62,M2_unsigned_prototype,ok,-3.608224830031759e-16,0.0,0.0,0.6366197898874355,0.6366197898874355,0.0,True,calibrated_load_margin_preserved
C5_separated_anisotropic,62,M3_top1_projection,ok,1.3877787807814457e-16,0.0,0.0,0.6366197613170328,0.6366197613170328,0.0,True,calibrated_load_margin_preserved
C5_separated_anisotropic,62,M3_fullspan_control,ok,0.0,0.1632,0.1632,9.333644968023691e-17,9.333644968023691e-17,0.0,False,degenerate_scores
C5_separated_anisotropic,62,M4_matrix_response,ok,8.881784197001252e-16,0.0,0.0,2.3873241049388727,2.3873241049388727,0.0,True,calibrated_load_margin_preserved
C5_separated_anisotropic,63,M1_signed_prototype,ok,3.885780586188048e-16,0.0,0.0,0.9003163305815751,0.9003163305815751,0.0,True,calibrated_load_margin_preserved
C5_separated_anisotropic,63,M2_unsigned_prototype,ok,5.551115123125783e-16,0.0,0.0,0.6366198131661422,0.6366198131661422,0.0,True,calibrated_load_margin_preserved
C5_separated_anisotropic,63,M3_top1_projection,ok,1.1102230246251565e-16,0.0,0.0,0.6366198028094627,0.6366198028094627,0.0,True,calibrated_load_margin_preserved
C5_separated_anisotropic,63,M3_fullspan_control,ok,1.1102230246251565e-16,0.4333,0.0006000000000000449,1.165401108949027e-16,1.165401108949027e-16,0.0,False,degenerate_scores
C5_separated_anisotropic,63,M4_matrix_response,ok,4.440892098500626e-16,0.0,0.0,2.3873242605354847,2.3873242605354847,0.0,True,calibrated_load_margin_preserved
C5_separated_anisotropic,64,M1_signed_prototype,ok,0.0,0.0,0.0,0.900316330712114,0.900316330712114,0.0,True,calibrated_load_margin_preserved
C5_separated_anisotropic,64,M2_unsigned_prototype,ok,5.551115123125783e-17,0.0,0.0,0.6366198135353621,0.6366198135353621,0.0,True,calibrated_load_margin_preserved
C5_separated_anisotropic,64,M3_top1_projection,ok,-8.326672684688674e-17,0.0,0.0,0.6366198040916192,0.6366198040916192,0.0,True,calibrated_load_margin_preserved
C5_separated_anisotropic,64,M3_fullspan_control,ok,0.0,0.3507,0.3507,8.377742943821432e-17,8.377742943821432e-17,0.0,False,degenerate_scores
C5_separated_anisotropic,64,M4_matrix_response,ok,-4.440892098500626e-16,0.0,0.0,2.387324265343572,2.387324265343572,0.0,True,calibrated_load_margin_preserved
C5_separated_anisotropic,65,M1_signed_prototype,ok,1.1102230246251565e-16,0.0,0.0,0.900316307452517,0.900316307452517,0.0,True,calibrated_load_margin_preserved
C5_separated_anisotropic,65,M2_unsigned_prototype,ok,1.3877787807814457e-16,0.0,0.0,0.6366197477472838,0.6366197477472838,0.0,True,calibrated_load_margin_preserved
C5_separated_anisotropic,65,M3_top1_projection,ok,-2.7755575615628914e-17,0.0,0.0,0.6366197804322462,0.6366197804322462,0.0,True,calibrated_load_margin_preserved
C5_separated_anisotropic,65,M3_fullspan_control,ok,0.0,0.0746,0.0746,8.798517470154365e-17,8.798517470154365e-17,0.0,False,degenerate_scores
C5_separated_anisotropic,65,M4_matrix_response,ok,0.0,0.0,0.0,2.387324176620924,2.387324176620924,0.0,True,calibrated_load_margin_preserved
C5_separated_anisotropic,66,M1_signed_prototype,ok,1.6653345369377348e-16,0.0,0.0,0.900316298478659,0.900316298478659,0.0,True,calibrated_load_margin_preserved
C5_separated_anisotropic,66,M2_unsigned_prototype,ok,1.1102230246251565e-16,0.0,0.0,0.6366197223653814,0.6366197223653814,0.0,True,calibrated_load_margin_preserved
C5_separated_anisotropic,66,M3_top1_projection,ok,2.7755575615628914e-17,0.0,0.0,0.6366197041198715,0.6366197041198715,0.0,True,calibrated_load_margin_preserved
C5_separated_anisotropic,66,M3_fullspan_control,ok,0.0,0.3799,0.3799,1.0919043447188415e-16,1.0919043447188415e-16,0.0,False,degenerate_scores
C5_separated_anisotropic,66,M4_matrix_response,ok,-4.440892098500626e-16,0.0,0.0,2.3873238904495184,2.3873238904495184,0.0,True,calibrated_load_margin_preserved
C5_separated_anisotropic,67,M1_signed_prototype,ok,1.6653345369377348e-16,0.0,0.0,0.9003162923468906,0.9003162923468906,0.0,True,calibrated_load_margin_preserved
C5_separated_anisotropic,67,M2_unsigned_prototype,ok,-4.996003610813204e-16,0.0,0.0,0.6366197050221203,0.6366197050221203,0.0,True,calibrated_load_margin_preserved
C5_separated_anisotropic,67,M3_top1_projection,ok,-5.551115123125783e-16,0.0,0.0,0.6366197484510115,0.6366197484510115,0.0,True,calibrated_load_margin_preserved
C5_separated_anisotropic,67,M3_fullspan_control,ok,-2.220446049250313e-16,0.4096,0.16810000000000003,2.5522917113107726e-16,1.6930901125533637e-17,-2.3829827000554363e-16,False,degenerate_scores
C5_separated_anisotropic,67,M4_matrix_response,ok,-1.7763568394002505e-15,0.0,0.0,2.3873240566912934,2.3873240566912934,0.0,True,calibrated_load_margin_preserved
C5_separated_anisotropic,68,M1_signed_prototype,ok,5.551115123125783e-17,0.0,0.0,0.9003163218223897,0.9003163218223897,0.0,True,calibrated_load_margin_preserved
C5_separated_anisotropic,68,M2_unsigned_prototype,ok,4.718447854656915e-16,0.0,0.0,0.6366197883914243,0.6366197883914243,0.0,True,calibrated_load_margin_preserved
C5_separated_anisotropic,68,M3_top1_projection,ok,-8.326672684688674e-17,0.0,0.0,0.6366197591225852,0.6366197591225852,0.0,True,calibrated_load_margin_preserved
C5_separated_anisotropic,68,M3_fullspan_control,ok,1.1102230246251565e-16,0.42810000000000004,0.017800000000000038,1.0657030813376877e-16,1.0657030813376877e-16,0.0,False,degenerate_scores
C5_separated_anisotropic,68,M4_matrix_response,ok,-4.440892098500626e-16,0.0,0.0,2.3873240967096945,2.3873240967096945,0.0,True,calibrated_load_margin_preserved
C5_separated_anisotropic,69,M1_signed_prototype,ok,-5.551115123125783e-17,0.0,0.0,0.9003162996598499,0.9003162996598499,0.0,True,calibrated_load_margin_preserved
C5_separated_anisotropic,69,M2_unsigned_prototype,ok,1.1102230246251565e-16,0.0,0.0,0.6366197257062932,0.6366197257062932,0.0,True,calibrated_load_margin_preserved
C5_separated_anisotropic,69,M3_top1_projection,ok,-1.3877787807814457e-16,0.0,0.0,0.6366197642624262,0.6366197642624262,0.0,True,calibrated_load_margin_preserved
C5_separated_anisotropic,69,M3_fullspan_control,ok,-2.220446049250313e-16,0.4273,0.3034,2.1929125182396093e-16,-7.931433287922119e-17,-2.986055847031821e-16,False,degenerate_scores
C5_separated_anisotropic,69,M4_matrix_response,ok,2.220446049250313e-16,0.0,0.0,2.387324115984099,2.387324115984099,0.0,True,calibrated_load_margin_preserved
C5_separated_anisotropic,70,M1_signed_prototype,ok,3.885780586188048e-16,0.0,0.0,0.9003162962207001,0.9003162962207001,0.0,True,calibrated_load_margin_preserved
C5_separated_anisotropic,70,M2_unsigned_prototype,ok,8.326672684688674e-17,0.0,0.0,0.6366197159789085,0.6366197159789085,0.0,True,calibrated_load_margin_preserved
C5_separated_anisotropic,70,M3_top1_projection,ok,8.326672684688674e-17,0.0,0.0,0.6366197568904136,0.6366197568904136,0.0,True,calibrated_load_margin_preserved
C5_separated_anisotropic,70,M3_fullspan_control,ok,0.0,0.5,0.5,0.0,0.0,0.0,False,degenerate_scores
C5_separated_anisotropic,70,M4_matrix_response,ok,-4.440892098500626e-16,0.0,0.0,2.3873240883390516,2.3873240883390516,0.0,True,calibrated_load_margin_preserved
C5_separated_anisotropic,71,M1_signed_prototype,ok,-5.551115123125783e-17,0.0,0.0,0.9003163309517879,0.9003163309517879,0.0,True,calibrated_load_margin_preserved
C5_separated_anisotropic,71,M2_unsigned_prototype,ok,1.6653345369377348e-16,0.0,0.0,0.6366198142132621,0.6366198142132621,0.0,True,calibrated_load_margin_preserved
C5_separated_anisotropic,71,M3_top1_projection,ok,1.942890293094024e-16,0.0,0.0,0.6366198077786436,0.6366198077786436,0.0,True,calibrated_load_margin_preserved
C5_separated_anisotropic,71,M3_fullspan_control,ok,-2.220446049250313e-16,0.4245,0.19489999999999996,2.438382828984231e-16,-4.674038933671909e-18,-2.4851232183209503e-16,False,degenerate_scores
C5_separated_anisotropic,71,M4_matrix_response,ok,8.881784197001252e-16,0.0,0.0,2.387324279169914,2.387324279169914,0.0,True,calibrated_load_margin_preserved
C5_separated_anisotropic,72,M1_signed_prototype,ok,5.551115123125783e-17,0.0,0.0,0.900316327438024,0.900316327438024,0.0,True,calibrated_load_margin_preserved
C5_separated_anisotropic,72,M2_unsigned_prototype,ok,-6.661338147750939e-16,0.0,0.0,0.6366198042748363,0.6366198042748363,0.0,True,calibrated_load_margin_preserved
C5_separated_anisotropic,72,M3_top1_projection,ok,-1.6653345369377348e-16,0.0,0.0,0.63661978401981,0.63661978401981,0.0,True,calibrated_load_margin_preserved
C5_separated_anisotropic,72,M3_fullspan_control,ok,-4.440892098500626e-16,0.4934,0.28290000000000004,4.462430425178354e-16,-1.7552626019323724e-16,-6.217693027110727e-16,False,degenerate_scores
C5_separated_anisotropic,72,M4_matrix_response,ok,2.220446049250313e-16,0.0,0.0,2.387324190074287,2.387324190074287,0.0,True,calibrated_load_margin_preserved
C5_separated_anisotropic,73,M1_signed_prototype,ok,-3.885780586188048e-16,0.0,0.0,0.9003163308736614,0.9003163308736614,0.0,True,calibrated_load_margin_preserved
C5_separated_anisotropic,73,M2_unsigned_prototype,ok,-5.551115123125783e-17,0.0,0.0,0.6366198139922868,0.6366198139922868,0.0,True,calibrated_load_margin_preserved
C5_separated_anisotropic,73,M3_top1_projection,ok,-2.7755575615628914e-16,0.0,0.0,0.6366198061186724,0.6366198061186724,0.0,True,calibrated_load_margin_preserved
C5_separated_anisotropic,73,M3_fullspan_control,ok,2.220446049250313e-16,0.4961,0.14459999999999995,1.6776580125110742e-16,1.4664935932273692e-16,-2.1116441928370494e-17,False,degenerate_scores
C5_separated_anisotropic,73,M4_matrix_response,ok,-1.3322676295501878e-15,0.0,0.0,2.3873242729450213,2.3873242729450213,0.0,True,calibrated_load_margin_preserved
C5_separated_anisotropic,74,M1_signed_prototype,ok,2.220446049250313e-16,0.0,0.0,0.9003163167628658,0.9003163167628658,0.0,True,calibrated_load_margin_preserved
C5_separated_anisotropic,74,M2_unsigned_prototype,ok,-2.7755575615628914e-17,0.0,0.0,0.6366197740809276,0.6366197740809276,0.0,True,calibrated_load_margin_preserved
C5_separated_anisotropic,74,M3_top1_projection,ok,3.885780586188048e-16,0.0,0.0,0.6366197982646102,0.6366197982646102,0.0,True,calibrated_load_margin_preserved
C5_separated_anisotropic,74,M3_fullspan_control,ok,0.0,0.038799999999999946,0.038799999999999946,1.067923527386938e-16,1.067923527386938e-16,0.0,False,degenerate_scores
C5_separated_anisotropic,74,M4_matrix_response,ok,1.7763568394002505e-15,0.0,0.0,2.387324243492288,2.387324243492288,0.0,True,calibrated_load_margin_preserved
C5_separated_anisotropic,75,M1_signed_prototype,ok,2.7755575615628914e-16,0.0,0.0,0.9003162936659168,0.9003162936659168,0.0,True,calibrated_load_margin_preserved
C5_separated_anisotropic,75,M2_unsigned_prototype,ok,0.0,0.0,0.0,0.6366197087528901,0.6366197087528901,0.0,True,calibrated_load_margin_preserved
C5_separated_anisotropic,75,M3_top1_projection,ok,2.7755575615628914e-17,0.0,0.0,0.6366197180382471,0.6366197180382471,0.0,True,calibrated_load_margin_preserved
C5_separated_anisotropic,75,M3_fullspan_control,ok,1.1102230246251565e-16,0.4729,0.11429999999999996,1.361577517400292e-16,1.361577517400292e-16,0.0,False,degenerate_scores
C5_separated_anisotropic,75,M4_matrix_response,ok,0.0,0.0,0.0,2.387323942643426,2.387323942643426,0.0,True,calibrated_load_margin_preserved
C5_separated_anisotropic,76,M1_signed_prototype,ok,3.885780586188048e-16,0.0,0.0,0.9003163250720605,0.9003163250720605,0.0,True,calibrated_load_margin_preserved
C5_separated_anisotropic,76,M2_unsigned_prototype,ok,-2.7755575615628914e-16,0.0,0.0,0.6366197975828805,0.6366197975828805,0.0,True,calibrated_load_margin_preserved
C5_separated_anisotropic,76,M3_top1_projection,ok,-1.6653345369377348e-16,0.0,0.0,0.636619773004523,0.636619773004523,0.0,True,calibrated_load_margin_preserved
C5_separated_anisotropic,76,M3_fullspan_control,ok,0.0,0.1169,0.1169,9.781064846947629e-17,9.781064846947629e-17,0.0,False,degenerate_scores
C5_separated_anisotropic,76,M4_matrix_response,ok,0.0,0.0,0.0,2.3873241487669614,2.3873241487669614,0.0,True,calibrated_load_margin_preserved
C5_separated_anisotropic,77,M1_signed_prototype,ok,-3.885780586188048e-16,0.0,0.0,0.9003162898584353,0.9003162898584353,0.0,True,calibrated_load_margin_preserved
C5_separated_anisotropic,77,M2_unsigned_prototype,ok,-5.551115123125783e-17,0.0,0.0,0.6366196979837063,0.6366196979837063,0.0,True,calibrated_load_margin_preserved
C5_separated_anisotropic,77,M3_top1_projection,ok,-1.1102230246251565e-16,0.0,0.0,0.6366197429634985,0.6366197429634985,0.0,True,calibrated_load_margin_preserved
C5_separated_anisotropic,77,M3_fullspan_control,ok,0.0,0.13319999999999999,0.13319999999999999,9.521272659185343e-17,9.521272659185343e-17,0.0,False,degenerate_scores
C5_separated_anisotropic,77,M4_matrix_response,ok,2.220446049250313e-16,0.0,0.0,2.3873240361131187,2.3873240361131187,0.0,True,calibrated_load_margin_preserved
C5_separated_anisotropic,78,M1_signed_prototype,ok,0.0,0.0,0.0,0.9003163298130108,0.9003163298130108,0.0,True,calibrated_load_margin_preserved
C5_separated_anisotropic,78,M2_unsigned_prototype,ok,-3.3306690738754696e-16,0.0,0.0,0.6366198109923139,0.6366198109923139,0.0,True,calibrated_load_margin_preserved
C5_separated_anisotropic,78,M3_top1_projection,ok,-1.6653345369377348e-16,0.0,0.0,0.6366197970669477,0.6366197970669477,0.0,True,calibrated_load_margin_preserved
C5_separated_anisotropic,78,M3_fullspan_control,ok,0.0,0.2599,0.2599,7.268630142220899e-17,7.268630142220899e-17,0.0,False,degenerate_scores
C5_separated_anisotropic,78,M4_matrix_response,ok,-4.440892098500626e-16,0.0,0.0,2.3873242390010545,2.3873242390010545,0.0,True,calibrated_load_margin_preserved
C5_separated_anisotropic,79,M1_signed_prototype,ok,3.3306690738754696e-16,0.0,0.0,0.9003163197396774,0.9003163197396774,0.0,True,calibrated_load_margin_preserved
C5_separated_anisotropic,79,M2_unsigned_prototype,ok,5.551115123125783e-17,0.0,0.0,0.6366197825006228,0.6366197825006228,0.0,True,calibrated_load_margin_preserved
C5_separated_anisotropic,79,M3_top1_projection,ok,-4.440892098500626e-16,0.0,0.0,0.6366198033940828,0.6366198033940828,0.0,True,calibrated_load_margin_preserved
C5_separated_anisotropic,79,M3_fullspan_control,ok,0.0,0.5,0.5,0.0,0.0,0.0,False,degenerate_scores
C5_separated_anisotropic,79,M4_matrix_response,ok,-2.886579864025407e-15,0.0,0.0,2.3873242627278106,2.3873242627278106,0.0,True,calibrated_load_margin_preserved
C5_separated_anisotropic,80,M1_signed_prototype,ok,1.6653345369377348e-16,0.0,0.0,0.900316330662636,0.900316330662636,0.0,True,calibrated_load_margin_preserved
C5_separated_anisotropic,80,M2_unsigned_prototype,ok,0.0,0.0,0.0,0.6366198133954174,0.6366198133954174,0.0,True,calibrated_load_margin_preserved
C5_separated_anisotropic,80,M3_top1_projection,ok,-2.7755575615628914e-17,0.0,0.0,0.6366198122615077,0.6366198122615077,0.0,True,calibrated_load_margin_preserved
C5_separated_anisotropic,80,M3_fullspan_control,ok,0.0,0.3751,0.3751,5.360156762890256e-17,5.360156762890256e-17,0.0,False,degenerate_scores
C5_separated_anisotropic,80,M4_matrix_response,ok,-6.661338147750939e-16,0.0,0.0,2.3873242959806538,2.3873242959806538,0.0,True,calibrated_load_margin_preserved
C5_separated_anisotropic,81,M1_signed_prototype,ok,-2.220446049250313e-16,0.0,0.0,0.9003163290385344,0.9003163290385344,0.0,True,calibrated_load_margin_preserved
C5_separated_anisotropic,81,M2_unsigned_prototype,ok,1.1102230246251565e-16,0.0,0.0,0.636619808801764,0.636619808801764,0.0,True,calibrated_load_margin_preserved
C5_separated_anisotropic,81,M3_top1_projection,ok,-2.7755575615628914e-16,0.0,0.0,0.6366197924017162,0.6366197924017162,0.0,True,calibrated_load_margin_preserved
C5_separated_anisotropic,81,M3_fullspan_control,ok,-2.220446049250313e-16,0.4446,0.15849999999999997,2.528532938583794e-16,1.1157741397482824e-17,-2.416955524608966e-16,False,degenerate_scores
C5_separated_anisotropic,81,M4_matrix_response,ok,-2.220446049250313e-16,0.0,0.0,2.3873242215064363,2.3873242215064363,0.0,True,calibrated_load_margin_preserved
C5_separated_anisotropic,82,M1_signed_prototype,ok,-2.220446049250313e-16,0.0,0.0,0.9003162984238575,0.9003162984238575,0.0,True,calibrated_load_margin_preserved
C5_separated_anisotropic,82,M2_unsigned_prototype,ok,1.1102230246251565e-16,0.0,0.0,0.6366197222103787,0.6366197222103787,0.0,True,calibrated_load_margin_preserved
C5_separated_anisotropic,82,M3_top1_projection,ok,-3.608224830031759e-16,0.0,0.0,0.6366197616272352,0.6366197616272352,0.0,True,calibrated_load_margin_preserved
C5_separated_anisotropic,82,M3_fullspan_control,ok,2.220446049250313e-16,0.4901,0.06510000000000005,1.6954215809050764e-16,1.18760556944153e-16,-5.078160114635464e-17,False,degenerate_scores
C5_separated_anisotropic,82,M4_matrix_response,ok,-2.4424906541753444e-15,0.0,0.0,2.387324106102133,2.387324106102133,0.0,True,calibrated_load_margin_preserved
C5_separated_anisotropic,83,M1_signed_prototype,ok,-3.885780586188048e-16,0.0,0.0,0.9003163265307911,0.9003163265307911,0.0,True,calibrated_load_margin_preserved
C5_separated_anisotropic,83,M2_unsigned_prototype,ok,-1.6653345369377348e-16,0.0,0.0,0.6366198017087944,0.6366198017087944,0.0,True,calibrated_load_margin_preserved
C5_separated_anisotropic,83,M3_top1_projection,ok,2.220446049250313e-16,0.0,0.0,0.6366197796621264,0.6366197796621264,0.0,True,calibrated_load_margin_preserved
C5_separated_anisotropic,83,M3_fullspan_control,ok,2.220446049250313e-16,0.49870000000000003,0.32589999999999997,2.2870594307278225e-16,2.0792256805179932e-16,-2.0783375020982934e-17,False,degenerate_scores
C5_separated_anisotropic,83,M4_matrix_response,ok,4.440892098500626e-16,0.0,0.0,2.3873241737329742,2.3873241737329742,0.0,True,calibrated_load_margin_preserved
C5_separated_anisotropic,84,M1_signed_prototype,ok,0.0,0.0,0.0,0.9003162951411902,0.9003162951411902,0.0,True,calibrated_load_margin_preserved
C5_separated_anisotropic,84,M2_unsigned_prototype,ok,-8.326672684688674e-17,0.0,0.0,0.6366197129255929,0.6366197129255929,0.0,True,calibrated_load_margin_preserved
C5_separated_anisotropic,84,M3_top1_projection,ok,8.326672684688674e-17,0.0,0.0,0.6366197545521404,0.6366197545521404,0.0,True,calibrated_load_margin_preserved
C5_separated_anisotropic,84,M3_fullspan_control,ok,2.220446049250313e-16,0.4988,0.39859999999999995,2.9467539519600904e-16,2.822631017806998e-16,-1.2412293415309214e-17,False,degenerate_scores
C5_separated_anisotropic,84,M4_matrix_response,ok,-8.881784197001252e-16,0.0,0.0,2.3873240795705257,2.3873240795705257,0.0,True,calibrated_load_margin_preserved
C5_separated_anisotropic,85,M1_signed_prototype,ok,0.0,0.0,0.0,0.9003163073319292,0.9003163073319292,0.0,True,calibrated_load_margin_preserved
C5_separated_anisotropic,85,M2_unsigned_prototype,ok,2.7755575615628914e-17,0.0,0.0,0.6366197474062114,0.6366197474062114,0.0,True,calibrated_load_margin_preserved
C5_separated_anisotropic,85,M3_top1_projection,ok,-5.551115123125783e-17,0.0,0.0,0.6366197036771887,0.6366197036771887,0.0,True,calibrated_load_margin_preserved
C5_separated_anisotropic,85,M3_fullspan_control,ok,0.0,0.43320000000000003,0.43320000000000003,1.0125233984581428e-16,1.0125233984581428e-16,0.0,False,degenerate_scores
C5_separated_anisotropic,85,M4_matrix_response,ok,-8.881784197001252e-16,0.0,0.0,2.387323888789457,2.387323888789457,0.0,True,calibrated_load_margin_preserved
C5_separated_anisotropic,86,M1_signed_prototype,ok,-1.6653345369377348e-16,0.0,0.0,0.9003163249342963,0.9003163249342963,0.0,True,calibrated_load_margin_preserved
C5_separated_anisotropic,86,M2_unsigned_prototype,ok,-8.326672684688674e-17,0.0,0.0,0.6366197971932246,0.6366197971932246,0.0,True,calibrated_load_margin_preserved
C5_separated_anisotropic,86,M3_top1_projection,ok,8.326672684688674e-17,0.0,0.0,0.6366198110472031,0.6366198110472031,0.0,True,calibrated_load_margin_preserved
C5_separated_anisotropic,86,M3_fullspan_control,ok,0.0,0.043399999999999994,0.043399999999999994,1.0779155346085645e-16,1.0779155346085645e-16,0.0,False,degenerate_scores
C5_separated_anisotropic,86,M4_matrix_response,ok,-2.220446049250313e-16,0.0,0.0,2.387324291427012,2.387324291427012,0.0,True,calibrated_load_margin_preserved
C5_separated_anisotropic,87,M1_signed_prototype,ok,-5.551115123125783e-17,0.0,0.0,0.9003163153485755,0.9003163153485755,0.0,True,calibrated_load_margin_preserved
C5_separated_anisotropic,87,M2_unsigned_prototype,ok,8.326672684688674e-17,0.0,0.0,0.6366197700807116,0.6366197700807116,0.0,True,calibrated_load_margin_preserved
C5_separated_anisotropic,87,M3_top1_projection,ok,-8.326672684688674e-17,0.0,0.0,0.6366197957058435,0.6366197957058435,0.0,True,calibrated_load_margin_preserved
C5_separated_anisotropic,87,M3_fullspan_control,ok,-2.220446049250313e-16,0.2854,0.3466,1.706301766546403e-16,-4.990452495690079e-17,-2.205347016115411e-16,False,degenerate_scores
C5_separated_anisotropic,87,M4_matrix_response,ok,6.661338147750939e-16,0.0,0.0,2.3873242338969134,2.3873242338969134,0.0,True,calibrated_load_margin_preserved
C5_separated_anisotropic,88,M1_signed_prototype,ok,1.1102230246251565e-16,0.0,0.0,0.9003163290503621,0.9003163290503621,0.0,True,calibrated_load_margin_preserved
C5_separated_anisotropic,88,M2_unsigned_prototype,ok,-1.3877787807814457e-16,0.0,0.0,0.6366198088352175,0.6366198088352175,0.0,True,calibrated_load_margin_preserved
C5_separated_anisotropic,88,M3_top1_projection,ok,5.551115123125783e-17,0.0,0.0,0.6366197924687347,0.6366197924687347,0.0,True,calibrated_load_margin_preserved
C5_separated_anisotropic,88,M3_fullspan_control,ok,1.1102230246251565e-16,0.45820000000000005,0.03049999999999997,1.18849374786123e-16,1.18849374786123e-16,0.0,False,degenerate_scores
C5_separated_anisotropic,88,M4_matrix_response,ok,-2.220446049250313e-16,0.0,0.0,2.3873242217577544,2.3873242217577544,0.0,True,calibrated_load_margin_preserved
C5_separated_anisotropic,89,M1_signed_prototype,ok,-2.7755575615628914e-16,0.0,0.0,0.9003163093734751,0.9003163093734751,0.0,True,calibrated_load_margin_preserved
C5_separated_anisotropic,89,M2_unsigned_prototype,ok,5.551115123125783e-17,0.0,0.0,0.6366197531805746,0.6366197531805746,0.0,True,calibrated_load_margin_preserved
C5_separated_anisotropic,89,M3_top1_projection,ok,1.6653345369377348e-16,0.0,0.0,0.6366197111411094,0.6366197111411094,0.0,True,calibrated_load_margin_preserved
C5_separated_anisotropic,89,M3_fullspan_control,ok,2.220446049250313e-16,0.48760000000000003,0.06620000000000004,1.6631140908884845e-16,1.2165823903842467e-16,-4.4653170050423784e-17,False,degenerate_scores
C5_separated_anisotropic,89,M4_matrix_response,ok,-6.661338147750939e-16,0.0,0.0,2.38732391677916,2.38732391677916,0.0,True,calibrated_load_margin_preserved
C5_separated_anisotropic,90,M1_signed_prototype,ok,-1.1102230246251565e-16,0.0,0.0,0.9003163234587049,0.9003163234587049,0.0,True,calibrated_load_margin_preserved
C5_separated_anisotropic,90,M2_unsigned_prototype,ok,1.3877787807814457e-16,0.0,0.0,0.6366197930196212,0.6366197930196212,0.0,True,calibrated_load_margin_preserved
C5_separated_anisotropic,90,M3_top1_projection,ok,-1.6653345369377348e-16,0.0,0.0,0.636619809108224,0.636619809108224,0.0,True,calibrated_load_margin_preserved
C5_separated_anisotropic,90,M3_fullspan_control,ok,-2.220446049250313e-16,0.306,0.389,1.7817969322209137e-16,-9.566791803194974e-17,-2.7384761125404113e-16,False,degenerate_scores
C5_separated_anisotropic,90,M4_matrix_response,ok,0.0,0.0,0.0,2.38732428415584,2.38732428415584,0.0,True,calibrated_load_margin_preserved
C5_separated_anisotropic,91,M1_signed_prototype,ok,1.1102230246251565e-16,0.0,0.0,0.9003163303199307,0.9003163303199307,0.0,True,calibrated_load_margin_preserved
C5_separated_anisotropic,91,M2_unsigned_prototype,ok,-1.1102230246251565e-16,0.0,0.0,0.6366198124261004,0.6366198124261004,0.0,True,calibrated_load_margin_preserved
C5_separated_anisotropic,91,M3_top1_projection,ok,2.7755575615628914e-17,0.0,0.0,0.6366198006244097,0.6366198006244097,0.0,True,calibrated_load_margin_preserved
C5_separated_anisotropic,91,M3_fullspan_control,ok,-4.440892098500626e-16,0.4978,0.24660000000000004,4.208744464051506e-16,-1.244448988302338e-16,-5.453193452353844e-16,False,degenerate_scores
C5_separated_anisotropic,91,M4_matrix_response,ok,8.881784197001252e-16,0.0,0.0,2.3873242523415366,2.3873242523415366,0.0,True,calibrated_load_margin_preserved
C5_separated_anisotropic,92,M1_signed_prototype,ok,-2.220446049250313e-16,0.0,0.0,0.9003163035798963,0.9003163035798963,0.0,True,calibrated_load_margin_preserved
C5_separated_anisotropic,92,M2_unsigned_prototype,ok,-4.996003610813204e-16,0.0,0.0,0.6366197367938593,0.6366197367938593,0.0,True,calibrated_load_margin_preserved
C5_separated_anisotropic,92,M3_top1_projection,ok,1.6653345369377348e-16,0.0,0.0,0.6366196901400731,0.6366196901400731,0.0,True,calibrated_load_margin_preserved
C5_separated_anisotropic,92,M3_fullspan_control,ok,-1.1102230246251565e-16,0.08750000000000002,0.03620000000000001,1.2715384301031918e-16,9.968692538109281e-17,-2.7466917629226368e-17,False,degenerate_scores
C5_separated_anisotropic,92,M4_matrix_response,ok,6.661338147750939e-16,0.0,0.0,2.3873238380252735,2.3873238380252735,0.0,True,calibrated_load_margin_preserved
C5_separated_anisotropic,93,M1_signed_prototype,ok,2.220446049250313e-16,0.0,0.0,0.9003163241130353,0.9003163241130353,0.0,True,calibrated_load_margin_preserved
C5_separated_anisotropic,93,M2_unsigned_prototype,ok,1.3877787807814457e-16,0.0,0.0,0.6366197948703479,0.6366197948703479,0.0,True,calibrated_load_margin_preserved
C5_separated_anisotropic,93,M3_top1_projection,ok,-8.326672684688674e-17,0.0,0.0,0.6366197687963812,0.6366197687963812,0.0,True,calibrated_load_margin_preserved
C5_separated_anisotropic,93,M3_fullspan_control,ok,-2.220446049250313e-16,0.30010000000000003,0.3469,1.818878381243394e-16,-6.096234628216735e-17,-2.4285018440650677e-16,False,degenerate_scores
C5_separated_anisotropic,93,M4_matrix_response,ok,-2.220446049250313e-16,0.0,0.0,2.3873241329864294,2.3873241329864294,0.0,True,calibrated_load_margin_preserved
C5_separated_anisotropic,94,M1_signed_prototype,ok,-5.551115123125783e-17,0.0,0.0,0.9003163082739774,0.9003163082739774,0.0,True,calibrated_load_margin_preserved
C5_separated_anisotropic,94,M2_unsigned_prototype,ok,3.3306690738754696e-16,0.0,0.0,0.6366197500707252,0.6366197500707252,0.0,True,calibrated_load_margin_preserved
C5_separated_anisotropic,94,M3_top1_projection,ok,-3.3306690738754696e-16,0.0,0.0,0.6366197071118659,0.6366197071118659,0.0,True,calibrated_load_margin_preserved
C5_separated_anisotropic,94,M3_fullspan_control,ok,-2.220446049250313e-16,0.4583,0.011900000000000022,3.1125102495366265e-16,1.1127765375817944e-16,-1.999733711954832e-16,False,degenerate_scores
C5_separated_anisotropic,94,M4_matrix_response,ok,-2.220446049250313e-16,0.0,0.0,2.3873239016694967,2.3873239016694967,0.0,True,calibrated_load_margin_preserved
C5_separated_anisotropic,95,M1_signed_prototype,ok,0.0,0.0,0.0,0.9003163098744104,0.9003163098744104,0.0,True,calibrated_load_margin_preserved
C5_separated_anisotropic,95,M2_unsigned_prototype,ok,1.6653345369377348e-16,0.0,0.0,0.636619754597433,0.636619754597433,0.0,True,calibrated_load_margin_preserved
C5_separated_anisotropic,95,M3_top1_projection,ok,2.7755575615628914e-17,0.0,0.0,0.6366197129846016,0.6366197129846016,0.0,True,calibrated_load_margin_preserved
C5_separated_anisotropic,95,M3_fullspan_control,ok,-3.3306690738754696e-16,0.4878,0.05159999999999998,3.5400571363197743e-16,7.227551890309769e-17,-2.8173019472887976e-16,False,degenerate_scores
C5_separated_anisotropic,95,M4_matrix_response,ok,0.0,0.0,0.0,2.387323923692256,2.387323923692256,0.0,True,calibrated_load_margin_preserved
C5_separated_anisotropic,96,M1_signed_prototype,ok,-5.551115123125783e-17,0.0,0.0,0.9003163309666614,0.9003163309666614,0.0,True,calibrated_load_margin_preserved
C5_separated_anisotropic,96,M2_unsigned_prototype,ok,-1.3877787807814457e-16,0.0,0.0,0.636619814255331,0.636619814255331,0.0,True,calibrated_load_margin_preserved
C5_separated_anisotropic,96,M3_top1_projection,ok,-8.326672684688674e-17,0.0,0.0,0.6366198088402589,0.6366198088402589,0.0,True,calibrated_load_margin_preserved
C5_separated_anisotropic,96,M3_fullspan_control,ok,-1.1102230246251565e-16,0.11770000000000003,0.07730000000000004,1.2571055307830648e-16,8.241185511792537e-17,-4.329869796038112e-17,False,degenerate_scores
C5_separated_anisotropic,96,M4_matrix_response,ok,0.0,0.0,0.0,2.387324283150971,2.387324283150971,0.0,True,calibrated_load_margin_preserved
C5_separated_anisotropic,97,M1_signed_prototype,ok,1.6653345369377348e-16,0.0,0.0,0.9003163251006016,0.9003163251006016,0.0,True,calibrated_load_margin_preserved
C5_separated_anisotropic,97,M2_unsigned_prototype,ok,-5.551115123125783e-17,0.0,0.0,0.6366197976636069,0.6366197976636069,0.0,True,calibrated_load_margin_preserved
C5_separated_anisotropic,97,M3_top1_projection,ok,8.326672684688674e-17,0.0,0.0,0.6366198112493124,0.6366198112493124,0.0,True,calibrated_load_margin_preserved
C5_separated_anisotropic,97,M3_fullspan_control,ok,0.0,0.3771,0.3771,9.789946631144631e-17,9.789946631144631e-17,0.0,False,degenerate_scores
C5_separated_anisotropic,97,M4_matrix_response,ok,2.220446049250313e-16,0.0,0.0,2.3873242921849216,2.3873242921849216,0.0,True,calibrated_load_margin_preserved
C5_separated_anisotropic,98,M1_signed_prototype,ok,-5.551115123125783e-17,0.0,0.0,0.900316329663077,0.900316329663077,0.0,True,calibrated_load_margin_preserved
C5_separated_anisotropic,98,M2_unsigned_prototype,ok,-2.7755575615628914e-17,0.0,0.0,0.6366198105682382,0.6366198105682382,0.0,True,calibrated_load_margin_preserved
C5_separated_anisotropic,98,M3_top1_projection,ok,-2.7755575615628914e-17,0.0,0.0,0.6366197961104268,0.6366197961104268,0.0,True,calibrated_load_margin_preserved
C5_separated_anisotropic,98,M3_fullspan_control,ok,2.220446049250313e-16,0.49319999999999997,0.19399999999999995,2.185140957067233e-16,1.821209849595107e-16,-3.6393110747212617e-17,False,degenerate_scores
C5_separated_anisotropic,98,M4_matrix_response,ok,2.220446049250313e-16,0.0,0.0,2.387324235414101,2.387324235414101,0.0,True,calibrated_load_margin_preserved
C5_separated_anisotropic,99,M1_signed_prototype,ok,-1.6653345369377348e-16,0.0,0.0,0.9003163098241374,0.9003163098241374,0.0,True,calibrated_load_margin_preserved
C5_separated_anisotropic,99,M2_unsigned_prototype,ok,-8.326672684688674e-17,0.0,0.0,0.6366197544552403,0.6366197544552403,0.0,True,calibrated_load_margin_preserved
C5_separated_anisotropic,99,M3_top1_projection,ok,1.942890293094024e-16,0.0,0.0,0.636619712799366,0.636619712799366,0.0,True,calibrated_load_margin_preserved
C5_separated_anisotropic,99,M3_fullspan_control,ok,0.0,0.44399999999999995,0.44399999999999995,6.623590564913684e-17,6.623590564913684e-17,0.0,False,degenerate_scores
C5_separated_anisotropic,99,M4_matrix_response,ok,6.661338147750939e-16,0.0,0.0,2.387323922997623,2.387323922997623,0.0,True,calibrated_load_margin_preserved
