role,band,band_index,b,q,j,e,q_enrichment,j_enrichment,layer,split,floor_ratio
coarse,F1,1,6.534617237737755e-18,8.229117828804288e-16,0.015445067547261715,15.962062189060537,15.639937137467175,2.6579364139705874,0,confirmation,1e-06
coarse,F2,2,1.0966051318476262e-20,8.742053992763613e-18,0.011601682752370834,0.02678669411623342,0.16614803402205425,1.9965296335870035,0,confirmation,1e-06
coarse,F3,3,2.302870825347629e-21,3.1289671288082562e-18,0.008848773315548897,0.0056252058828005075,0.059467916510405505,1.5227823861824725,0,confirmation,1e-06
coarse,F4,4,1.0625726677031429e-21,2.0196369870543577e-18,0.009011265821754932,0.002595538557992919,0.0383844248863106,1.5507456662342283,0,confirmation,1e-06
coarse,F5,5,5.038711833410577e-22,1.2451373348312218e-18,0.007439764216542244,0.0012308024894431098,0.023664589630870956,1.280306490210775,0,confirmation,1e-06
coarse,F6,6,2.760419944872815e-22,8.92295463926929e-19,0.0062994943000376225,0.0006742857802523248,0.01695861604389257,1.084077828629417,0,confirmation,1e-06
coarse,F7,7,1.8906986511649874e-22,7.618920696048215e-19,0.005741214379668236,0.0004618395898749893,0.014480220507288071,0.9880036272704549,0,confirmation,1e-06
coarse,F8,8,1.1533261292478993e-22,5.8501833396212995e-19,0.004951843526214361,0.00028172213810791896,0.01111862797177004,0.8521610659412835,0,confirmation,1e-06
coarse,F9,9,4.632211430296955e-23,3.0566156522828134e-19,0.002105283783748746,0.0001131506930448378,0.00580928328523492,0.3622975693336897,0,confirmation,1e-06
coarse,F10,10,2.741513157785202e-23,2.369858959705969e-19,0.00236743432469666,6.696674330667399e-05,0.004504060571927704,0.40741096664292203,0,confirmation,1e-06
coarse,F11,11,7.562794509996641e-24,9.047968875691406e-20,0.0009434223175048828,1.8473583363766196e-05,0.0017196213176368486,0.16235322531129484,0,confirmation,1e-06
coarse,F12,12,1.2289540980136928e-23,1.766908530596303e-19,0.0021247598342597485,3.0019572725251964e-05,0.0033581167411958195,0.3656491962330296,0,confirmation,1e-06
coarse,F13,13,1.6070939418426607e-23,3.8220831362302397e-19,0.0037315881345421076,3.925636729755229e-05,0.0072641006276003344,0.642167731179556,0,confirmation,1e-06
coarse,F14,14,9.453493137495801e-25,3.3228752610552745e-20,0.0005616272683255374,2.3091979204707745e-06,0.0006315325807663229,0.09665024532870573,0,confirmation,1e-06
coarse,F15,15,3.7813972549983205e-24,2.611706512466238e-19,0.006609808187931776,9.236791681883098e-06,0.00496370650247704,1.1374796399112903,0,confirmation,1e-06
coarse,F16,16,9.453493137495801e-25,8.366012277808079e-20,0.00519176060333848,2.3091979204707745e-06,0.0015900113333923288,0.8934483140332895,0,confirmation,1e-06
fine,F1,1,3.744206242069433e-17,4.874959655418003e-15,9585167979697748.0,15.966260561431566,15.669049982367259,15.966261658578185,0,confirmation,1e-06
fine,F2,2,5.180514561676265e-20,4.158641772349452e-17,13262117277891.236,0.022091049473892694,0.13366667705092344,0.022091050991913778,0,confirmation,1e-06
fine,F3,3,1.4086649956056513e-20,1.8711546374628928e-17,3606182388750.467,0.006006910653291573,0.06014247832094188,0.006006911066065852,0,confirmation,1e-06
fine,F4,4,5.880072757160368e-21,1.1024694965386468e-17,1505298625833.054,0.0025074145944778002,0.03543547201688198,0.0025074147667787238,0,confirmation,1e-06
fine,F5,5,3.115871429626481e-21,7.743547980494588e-18,797663085984.3792,0.0013286878955108086,0.024889239896042786,0.0013286879868136797,0,confirmation,1e-06
fine,F6,6,1.5617170974743121e-21,5.049591468471602e-18,399799576953.4239,0.0006659564267949077,0.016230349931630868,0.0006659564725571473,0,confirmation,1e-06
fine,F7,7,1.2970192004831474e-21,5.13811775971865e-18,332036915323.6857,0.0005530824203916692,0.016514890313572686,0.0005530824583975945,0,confirmation,1e-06
fine,F8,8,5.133246399937366e-22,2.5956992212762324e-18,131411107838.39656,0.00021889485847908773,0.008343072294386328,0.000218894873520791,0,confirmation,1e-06
fine,F9,9,3.5664777653921553e-22,2.3288167594821083e-18,91301830794.03917,0.00015208380523753048,0.007485261167965675,0.0001520838156882075,0,confirmation,1e-06
fine,F10,10,1.8906986511649874e-22,1.611294150713419e-18,48401885469.82368,8.062426414567042e-05,0.00517900667255055,8.06242696858931e-05,0,confirmation,1e-06
fine,F11,11,1.0806523499088498e-22,1.2084764190649828e-18,27664700157.666553,4.60818018011521e-05,0.0038842736661002745,4.608180496773533e-05,0,confirmation,1e-06
fine,F12,12,7.474168038333414e-23,1.1190028445906689e-18,19133870178.133537,3.1871779134153306e-05,0.003596688535220074,3.187178132427256e-05,0,confirmation,1e-06
fine,F13,13,7.355999199086203e-23,1.7470216490205454e-18,18831357949.66068,3.136787674318349e-05,0.0056152607352056945,3.1367878898676304e-05,0,confirmation,1e-06
fine,F14,14,2.841956292492097e-23,1.04865617002475e-18,7275408108.779767,1.2118834203174054e-05,0.003370580908125836,1.211883503593874e-05,0,confirmation,1e-06
fine,F15,15,2.2688382741129018e-23,1.5370004256124473e-18,5808225981.729028,9.6749112399892e-06,0.004940212472338125,9.67491190481589e-06,0,confirmation,1e-06
fine,F16,16,5.908432890460133e-24,5.153874819489999e-19,1512558819.957794,2.5195080863568885e-06,0.0016565536508533092,2.519508259488835e-06,0,confirmation,1e-06
coarse,F1,1,6.534617237737755e-18,8.229117828804288e-16,0.015445067547261715,15.962062189060537,15.639937137467175,2.6579364139705874,0,design,1e-06
coarse,F2,2,1.0966051318476262e-20,8.742053992763613e-18,0.011601682752370834,0.02678669411623342,0.16614803402205425,1.9965296335870035,0,design,1e-06
coarse,F3,3,2.302870825347629e-21,3.1289671288082562e-18,0.008848773315548897,0.0056252058828005075,0.059467916510405505,1.5227823861824725,0,design,1e-06
coarse,F4,4,1.0625726677031429e-21,2.0196369870543577e-18,0.009011265821754932,0.002595538557992919,0.0383844248863106,1.5507456662342283,0,design,1e-06
coarse,F5,5,5.038711833410577e-22,1.2451373348312218e-18,0.007439764216542244,0.0012308024894431098,0.023664589630870956,1.280306490210775,0,design,1e-06
coarse,F6,6,2.760419944872815e-22,8.92295463926929e-19,0.0062994943000376225,0.0006742857802523248,0.01695861604389257,1.084077828629417,0,design,1e-06
coarse,F7,7,1.8906986511649874e-22,7.618920696048215e-19,0.005741214379668236,0.0004618395898749893,0.014480220507288071,0.9880036272704549,0,design,1e-06
coarse,F8,8,1.1533261292478993e-22,5.8501833396212995e-19,0.004951843526214361,0.00028172213810791896,0.01111862797177004,0.8521610659412835,0,design,1e-06
coarse,F9,9,4.632211430296955e-23,3.0566156522828134e-19,0.002105283783748746,0.0001131506930448378,0.00580928328523492,0.3622975693336897,0,design,1e-06
coarse,F10,10,2.741513157785202e-23,2.369858959705969e-19,0.00236743432469666,6.696674330667399e-05,0.004504060571927704,0.40741096664292203,0,design,1e-06
coarse,F11,11,7.562794509996641e-24,9.047968875691406e-20,0.0009434223175048828,1.8473583363766196e-05,0.0017196213176368486,0.16235322531129484,0,design,1e-06
coarse,F12,12,1.2289540980136928e-23,1.766908530596303e-19,0.0021247598342597485,3.0019572725251964e-05,0.0033581167411958195,0.3656491962330296,0,design,1e-06
coarse,F13,13,1.6070939418426607e-23,3.8220831362302397e-19,0.0037315881345421076,3.925636729755229e-05,0.0072641006276003344,0.642167731179556,0,design,1e-06
coarse,F14,14,9.453493137495801e-25,3.3228752610552745e-20,0.0005616272683255374,2.3091979204707745e-06,0.0006315325807663229,0.09665024532870573,0,design,1e-06
coarse,F15,15,3.7813972549983205e-24,2.611706512466238e-19,0.006609808187931776,9.236791681883098e-06,0.00496370650247704,1.1374796399112903,0,design,1e-06
coarse,F16,16,9.453493137495801e-25,8.366012277808079e-20,0.00519176060333848,2.3091979204707745e-06,0.0015900113333923288,0.8934483140332895,0,design,1e-06
fine,F1,1,3.744206242069433e-17,4.874959655418003e-15,9585167979697748.0,15.966260561431566,15.669049982367259,15.966261658578185,0,design,1e-06
fine,F2,2,5.180514561676265e-20,4.158641772349452e-17,13262117277891.236,0.022091049473892694,0.13366667705092344,0.022091050991913778,0,design,1e-06
fine,F3,3,1.4086649956056513e-20,1.8711546374628928e-17,3606182388750.467,0.006006910653291573,0.06014247832094188,0.006006911066065852,0,design,1e-06
fine,F4,4,5.880072757160368e-21,1.1024694965386468e-17,1505298625833.054,0.0025074145944778002,0.03543547201688198,0.0025074147667787238,0,design,1e-06
fine,F5,5,3.115871429626481e-21,7.743547980494588e-18,797663085984.3792,0.0013286878955108086,0.024889239896042786,0.0013286879868136797,0,design,1e-06
fine,F6,6,1.5617170974743121e-21,5.049591468471602e-18,399799576953.4239,0.0006659564267949077,0.016230349931630868,0.0006659564725571473,0,design,1e-06
fine,F7,7,1.2970192004831474e-21,5.13811775971865e-18,332036915323.6857,0.0005530824203916692,0.016514890313572686,0.0005530824583975945,0,design,1e-06
fine,F8,8,5.133246399937366e-22,2.5956992212762324e-18,131411107838.39656,0.00021889485847908773,0.008343072294386328,0.000218894873520791,0,design,1e-06
fine,F9,9,3.5664777653921553e-22,2.3288167594821083e-18,91301830794.03917,0.00015208380523753048,0.007485261167965675,0.0001520838156882075,0,design,1e-06
fine,F10,10,1.8906986511649874e-22,1.611294150713419e-18,48401885469.82368,8.062426414567042e-05,0.00517900667255055,8.06242696858931e-05,0,design,1e-06
fine,F11,11,1.0806523499088498e-22,1.2084764190649828e-18,27664700157.666553,4.60818018011521e-05,0.0038842736661002745,4.608180496773533e-05,0,design,1e-06
fine,F12,12,7.474168038333414e-23,1.1190028445906689e-18,19133870178.133537,3.1871779134153306e-05,0.003596688535220074,3.187178132427256e-05,0,design,1e-06
fine,F13,13,7.355999199086203e-23,1.7470216490205454e-18,18831357949.66068,3.136787674318349e-05,0.0056152607352056945,3.1367878898676304e-05,0,design,1e-06
fine,F14,14,2.841956292492097e-23,1.04865617002475e-18,7275408108.779767,1.2118834203174054e-05,0.003370580908125836,1.211883503593874e-05,0,design,1e-06
fine,F15,15,2.2688382741129018e-23,1.5370004256124473e-18,5808225981.729028,9.6749112399892e-06,0.004940212472338125,9.67491190481589e-06,0,design,1e-06
fine,F16,16,5.908432890460133e-24,5.153874819489999e-19,1512558819.957794,2.5195080863568885e-06,0.0016565536508533092,2.519508259488835e-06,0,design,1e-06
coarse,F1,1,2.4581013349234127e-05,0.00019232659512769318,0.47869405150413513,1.612365174438028,0.04551226007612127,0.9157661183481437,1,confirmation,1e-06
coarse,F2,2,2.1811783881275915e-05,0.0005700248971681094,0.6149379014968872,1.4307205412112824,0.13489097206007636,1.176407547387484,1,confirmation,1e-06
coarse,F3,3,1.8759139493340626e-05,0.0007928693133733714,0.5353856682777405,1.2304856106524125,0.18762498432765445,1.0242200706638571,1,confirmation,1e-06
coarse,F4,4,1.9996516130049713e-05,0.0012428907796262953,0.5870829820632935,1.3116500023862931,0.29411828546649094,1.12311966681648,1,confirmation,1e-06
coarse,F5,5,2.047679117822554e-05,0.0017596135997735827,0.6053249835968018,1.3431531284302964,0.41639582780116474,1.1580175454985957,1,confirmation,1e-06
coarse,F6,6,1.833679743867833e-05,0.0021551786435783926,0.563905656337738,1.2027825371068581,0.5100025343448639,1.0787802614140314,1,confirmation,1e-06
coarse,F7,7,1.8918093701358885e-05,0.0029540170992886183,0.5629837512969971,1.2409120412351453,0.6990400594513219,1.077016610083934,1,confirmation,1e-06
coarse,F8,8,1.686071846052073e-05,0.003427831270689254,0.5766905546188354,1.105960721615043,0.8111636780399014,1.103238423439584,1,confirmation,1e-06
coarse,F9,9,1.6101763321785256e-05,0.004322339796538082,0.5753950476646423,1.0561778742900778,1.0228406156038925,1.1007600526075116,1,confirmation,1e-06
coarse,F10,10,1.5804755093995482e-05,0.0054572266852987465,0.5378918051719666,1.0366959385290888,1.2914008072090222,1.0290144382739477,1,confirmation,1e-06
coarse,F11,11,1.2670003343373537e-05,0.005650068460240362,0.4956236779689789,0.8310752636853911,1.3370349796897258,0.9481533566354782,1,confirmation,1e-06
coarse,F12,12,1.1168556738994084e-05,0.006430171486696107,0.49136191606521606,0.7325894859924593,1.5216389436014799,0.9400003889023933,1,confirmation,1e-06
coarse,F13,13,1.0003771421907004e-05,0.007579122852056995,0.53243488073349,0.6561866439173388,1.793527359867577,1.0185750636975548,1,confirmation,1e-06
coarse,F14,14,8.18321314000059e-06,0.008224338008728266,0.46609967947006226,0.5367690784135923,1.946211391922434,0.8916724427437881,1,confirmation,1e-06
coarse,F15,15,5.9345138652133755e-06,0.008034599048418387,0.3464294672012329,0.3892680642390111,1.9013114710224532,0.6627372273865578,1,confirmation,1e-06
coarse,F16,16,4.317591447033919e-06,0.008820493114989968,0.3933615982532501,0.28320777454302487,2.0872858295158205,0.7525207861006584,1,confirmation,1e-06
fine,F1,1,1.9014665667782538e-05,0.00014573424315827028,0.4307466447353363,1.7395355230380949,0.04462226639200184,0.9558107272649697,1,confirmation,1e-06
fine,F2,2,1.4529182408296037e-05,0.00037930608194527537,0.5033569931983948,1.3291860799190458,0.11613946500059792,1.1169303803596127,1,confirmation,1e-06
fine,F3,3,1.3692714674107265e-05,0.0005819002584247145,0.467594712972641,1.2526627603446214,0.17817163476673803,1.0375752153478601,1,confirmation,1e-06
fine,F4,4,1.3351853340282105e-05,0.0008292682143355714,0.46983733773231506,1.2214794406387346,0.25391305686690707,1.0425515159847312,1,confirmation,1e-06
fine,F5,5,1.3650644177687354e-05,0.0011770175641966176,0.4915883541107178,1.2488139878091002,0.36039018805352113,1.0908162094826162,1,confirmation,1e-06
fine,F6,6,1.263454669242492e-05,0.0014843262691415894,0.4634582996368408,1.155857440406928,0.45448482634483367,1.0283966685452752,1,confirmation,1e-06
fine,F7,7,1.2847721336584073e-05,0.0019957862230032607,0.45214229822158813,1.1753594854391558,0.6110883933271714,1.003286883768914,1,confirmation,1e-06
fine,F8,8,1.1552612704690546e-05,0.002358633405187254,0.47568145394325256,1.0568779138599493,0.7221883192753753,1.0555193917280914,1,confirmation,1e-06
fine,F9,9,1.1091276974184439e-05,0.002954289994214621,0.47794920206069946,1.014673128076004,0.9045719953264761,1.0605514401581435,1,confirmation,1e-06
fine,F10,10,1.0802408723975532e-05,0.003734937714859032,0.4261314868927002,0.988246337750279,1.1435979770998417,0.9455698642706148,1,confirmation,1e-06
fine,F11,11,1.000551856122911e-05,0.004470128553642039,0.4687139689922333,0.9153437282447252,1.368705547882,1.040058802679665,1,confirmation,1e-06
fine,F12,12,8.666453140904196e-06,0.005010073467593769,0.45024141669273376,0.7928408188049942,1.5340309049512684,0.9990688986058369,1,confirmation,1e-06
fine,F13,13,7.522252417402342e-06,0.005697375039500656,0.4855319559574127,0.6881648892465926,1.7444752944689994,1.0773772880324595,1,confirmation,1e-06
fine,F14,14,6.3656507336418144e-06,0.0063798872470415356,0.41739439964294434,0.5823544716426663,1.9534532318478444,0.9261825937708115,1,confirmation,1e-06
fine,F15,15,5.334915385901695e-06,0.007251588839066046,0.3354692757129669,0.48805879568540095,2.220358935069609,0.7443938015844037,1,confirmation,1e-06
fine,F16,16,3.831772119156085e-06,0.00780500147100252,0.39473864436149597,0.3505454071039836,2.3898079633268146,0.8759103184159945,1,confirmation,1e-06
coarse,F1,1,2.263927126477938e-05,0.00016964373312792575,0.46079015731811523,1.6868443964720405,0.04601585983772523,1.0756313511604667,1,design,1e-06
coarse,F2,2,1.915464599733241e-05,0.0005011428303015168,0.5455101728439331,1.4272061538161283,0.1359349845269317,1.2733949173372061,1,design,1e-06
coarse,F3,3,1.6552861779928207e-05,0.0006990608158935357,0.45537397265434265,1.233348097316515,0.18962023488333324,1.062988246841712,1,design,1e-06
coarse,F4,4,1.7408903659088537e-05,0.0010835885563602998,0.4803011417388916,1.297131486371687,0.2939233781989354,1.1211762183883967,1,design,1e-06
coarse,F5,5,1.782025719876401e-05,0.0015317916509974428,0.4892529845237732,1.3277812986052644,0.4154984602923298,1.1420726776489853,1,design,1e-06
coarse,F6,6,1.59502487804275e-05,0.0018734609151547944,0.4611016809940338,1.1884476078281276,0.5081762426096261,1.0763585468852996,1,design,1e-06
coarse,F7,7,1.676981628406793e-05,0.0026186321572886483,0.48872917890548706,1.2495133035776727,0.7103039298568626,1.1408499480919527,1,design,1e-06
coarse,F8,8,1.492107730882708e-05,0.003032955300767517,0.46068841218948364,1.1117643917663598,0.8226890757524224,1.0753938455444159,1,design,1e-06
coarse,F9,9,1.4149893104331568e-05,0.003798073213916439,0.4458134174346924,1.054303719168439,1.030227297186421,1.040670858404838,1,design,1e-06
coarse,F10,10,1.3812365978083108e-05,0.0047702865039298496,0.43518221378326416,1.0291546878718667,1.2939401362094525,1.015854234684828,1,design,1e-06
coarse,F11,11,1.1113708751508966e-05,0.004958087530655362,0.3943208158016205,0.8280786564305459,1.3448811616386995,0.9204706853114895,1,design,1e-06
coarse,F12,12,9.801812666410115e-06,0.005641474542111028,0.38707759976387024,0.7303297256447135,1.530249877324486,0.9035627064198011,1,design,1e-06
coarse,F13,13,8.630741831439082e-06,0.006538522099596374,0.4090729057788849,0.6430736363148447,1.7735740126280402,0.9549067734585092,1,design,1e-06
coarse,F14,14,7.101377377694007e-06,0.007137340323129163,0.3772149384021759,0.5291212113983733,1.936003445972221,0.8805401057890467,1,design,1e-06
coarse,F15,15,5.174410034669563e-06,0.007005889354937868,0.27080923318862915,0.3855435305291885,1.9003473729992064,0.6321552159377329,1,design,1e-06
coarse,F16,16,3.7358745430537965e-06,0.007626229141942511,0.2930077612400055,0.27835874066656946,2.068614530083307,0.6839736680953193,1,design,1e-06
fine,F1,1,1.784702362783719e-05,0.00013373085210804448,0.418552428483963,1.808189047483022,0.04564675007927542,1.1965364118946682,1,design,1e-06
fine,F2,2,1.319185412285151e-05,0.00034399394017382455,0.4402546286582947,1.336545893497231,0.11741647621607605,1.2585775588565227,1,design,1e-06
fine,F3,3,1.2286091077839956e-05,0.0005217905871693802,0.37666183710098267,1.2447776047473806,0.1781043353181948,1.0767817181109298,1,design,1e-06
fine,F4,4,1.2046766642015427e-05,0.0007485549282677472,0.3676948845386505,1.2205302101858593,0.25550648330305803,1.0511474498224262,1,design,1e-06
fine,F5,5,1.2106520443921909e-05,0.0010444857072104523,0.36772656440734863,1.2265842263851903,0.3565174175357158,1.0512380146211031,1,design,1e-06
fine,F6,6,1.1310208719805814e-05,0.001329120831529177,0.35921865701675415,1.1459051076730278,0.4536727723304584,1.026916041341084,1,design,1e-06
fine,F7,7,1.1511860066093504e-05,0.0017897726589848147,0.37266552448272705,1.1663356154916469,0.6109084326883282,1.0653572626887577,1,design,1e-06
fine,F8,8,1.0501873475732282e-05,0.002145460062023096,0.3549949824810028,1.0640078140117764,0.7323162734139483,1.0148416152236104,1,design,1e-06
fine,F9,9,1.000180964183528e-05,0.0026640120594835347,0.3410320281982422,1.0133433465716946,0.9093151712603628,0.9749250311114152,1,design,1e-06
fine,F10,10,9.672476153355092e-06,0.003343893351751317,0.32554107904434204,0.9799765948232172,1.1413810778370204,0.9306402929136517,1,design,1e-06
fine,F11,11,9.027008673001546e-06,0.0040343464574650115,0.3488916754722595,0.9145804115256674,1.3770554929862577,0.9973937913144652,1,design,1e-06
fine,F12,12,7.798028491379227e-06,0.004508694560087799,0.33027568459510803,0.7900650553338924,1.5389661437425044,0.9441753426515537,1,design,1e-06
fine,F13,13,6.772720553271938e-06,0.005131108361195359,0.35000306367874146,0.6861849561844033,1.75141650038941,1.0005709714388829,1,design,1e-06
fine,F14,14,5.651532774209045e-06,0.005661892913586179,0.31887733936309814,0.5725906950600334,1.9325907726459641,0.9115903325613103,1,design,1e-06
fine,F15,15,4.764106506627286e-06,0.006478852930281375,0.24914231896400452,0.4826802152539093,2.2114461685326026,0.7122354001482732,1,design,1e-06
fine,F16,16,3.4318745747441426e-06,0.0069953385154627856,0.2753206789493561,0.34770380472342266,2.3877397317208238,0.7870727653013455,1,design,1e-06
coarse,F1,1,5.4768861446063966e-05,0.0003287155020929969,0.5271406173706055,1.7688955669248754,0.07810572890012465,1.0658166238852749,2,confirmation,1e-06
coarse,F2,2,4.100041405763477e-05,0.0006843257093513912,0.5374489426612854,1.324209573720226,0.16260187911327587,1.0866588509821473,2,confirmation,1e-06
coarse,F3,3,4.026338137919083e-05,0.0010550114768655048,0.5487486720085144,1.3004052841448044,0.250680116617271,1.1095055810325731,2,confirmation,1e-06
coarse,F4,4,3.856207331409678e-05,0.0014074604481486986,0.5368468165397644,1.2454573408270109,0.3344251290273792,1.0854414224462972,2,confirmation,1e-06
coarse,F5,5,3.750589530682191e-05,0.001805948772063146,0.5482176542282104,1.211345465107412,0.429109501377794,1.1084319252390777,2,confirmation,1e-06
coarse,F6,6,3.5615841625258327e-05,0.0022130826004673953,0.5217943787574768,1.1503015162230568,0.5258481225408926,1.05500715521342,2,confirmation,1e-06
coarse,F7,7,3.56218806700781e-05,0.002831133747960614,0.5388997197151184,1.1504965620817456,0.6727025759060379,1.0895921523643086,2,confirmation,1e-06
coarse,F8,8,3.0648079700767994e-05,0.003067473227837904,0.46681472659111023,0.9898553828955827,0.7288589397713164,0.9438447341754937,2,confirmation,1e-06
coarse,F9,9,3.006629049195908e-05,0.0037716190486991293,0.4810122847557068,0.9710650643610209,0.8961702537804233,0.9725505348893223,2,confirmation,1e-06
coarse,F10,10,2.8467098672990687e-05,0.004488753952288816,0.5059351921081543,0.9194152172663994,1.0665678894500263,1.022941736205376,2,confirmation,1e-06
coarse,F11,11,2.6791229174705222e-05,0.005332145589020218,0.4926789700984955,0.8652888752539561,1.2669652486124152,0.9961392070087404,2,confirmation,1e-06
coarse,F12,12,2.525110903661698e-05,0.006285501076531531,0.4739777445793152,0.8155468939005752,1.4934909974100443,0.9583275180806671,2,confirmation,1e-06
coarse,F13,13,2.1218973415670916e-05,0.0067700997156833476,0.45517799258232117,0.6853191214617536,1.6086359470517957,0.9203166201474698,2,confirmation,1e-06
coarse,F14,14,1.967913340195082e-05,0.00800074972958728,0.4603760838508606,0.6355861874162757,1.901049343271003,0.9308265522299509,2,confirmation,1e-06
coarse,F15,15,1.800980680854991e-05,0.009812308231188982,0.43600666522979736,0.5816711646669962,2.331491766314346,0.8815544403401399,2,confirmation,1e-06
coarse,F16,16,1.192482523038052e-05,0.009483216158360102,0.38233911991119385,0.38514166497959834,2.2532965608558557,0.7730449457597407,2,confirmation,1e-06
fine,F1,1,4.5357108319876716e-05,0.0002428411001376087,0.5580012202262878,1.8370125029367126,0.06836935012498076,1.154582555186302,2,confirmation,1e-06
fine,F2,2,3.010713953699451e-05,0.0005058981000499167,0.4747824966907501,1.2193720853426193,0.14243027358332527,0.9823913789375496,2,confirmation,1e-06
fine,F3,3,2.9427203116938472e-05,0.0007703575631811796,0.4868682026863098,1.1918339165502847,0.2168860457670289,1.0073983946998537,2,confirmation,1e-06
fine,F4,4,2.9010225262027234e-05,0.0010603305115188045,0.4922323226928711,1.1749458572957667,0.29852487058059557,1.018497509108582,2,confirmation,1e-06
fine,F5,5,2.900604158639908e-05,0.0014044195015092528,0.5319475531578064,1.1747764138563184,0.3953994960763505,1.1006738746932707,2,confirmation,1e-06
fine,F6,6,2.7788406441686675e-05,0.0017350574963230039,0.4984932541847229,1.1254608585286519,0.4884871357684506,1.0314522518899276,2,confirmation,1e-06
fine,F7,7,2.7078644052380696e-05,0.002161006177482057,0.5034246444702148,1.0967147053551716,0.6084084938125991,1.0416559879931127,2,confirmation,1e-06
fine,F8,8,2.5365408873767592e-05,0.0025543841005530084,0.45943817496299744,1.027326806519388,0.7191598984909475,0.9506418315425729,2,confirmation,1e-06
fine,F9,9,2.4939577997429296e-05,0.0031510176437984107,0.4829404056072235,1.010080190212785,0.8871357789796201,0.9992712332825621,2,confirmation,1e-06
fine,F10,10,2.262849193357397e-05,0.003579292007692618,0.48897504806518555,0.9164786765377048,1.0077119084652968,1.0117577524086745,2,confirmation,1e-06
fine,F11,11,2.1939704311080277e-05,0.004340231183529941,0.4914499819278717,0.8885820243643459,1.221946306625887,1.01687873666376,2,confirmation,1e-06
fine,F12,12,1.990286909858696e-05,0.004957842852133269,0.43652984499931335,0.8060879701714716,1.3958283570205148,0.903241293361321,2,confirmation,1e-06
fine,F13,13,1.8647850083652884e-05,0.0059107928914514905,0.4848932921886444,0.7552583272057428,1.6641213883601118,1.0033120287099477,2,confirmation,1e-06
fine,F14,14,1.7347385437460616e-05,0.0071036577458969,0.495998352766037,0.7025880864612408,1.9999599051480366,1.0262899519692283,2,confirmation,1e-06
fine,F15,15,1.4995359379099682e-05,0.008151527372000828,0.4181716740131378,0.6073284582245673,2.2949765448842068,0.8652556703958911,2,confirmation,1e-06
fine,F16,16,1.1509627256600652e-05,0.009201745023179888,0.4285353422164917,0.46615249423321353,2.5906542463120465,0.8866995491574444,2,confirmation,1e-06
coarse,F1,1,5.226679058978334e-05,0.00030388598713138455,0.32152360677719116,1.873104998217439,0.08170424131686436,0.8099921681885486,2,design,1e-06
coarse,F2,2,3.735636710189283e-05,0.0006231055847339586,0.46020933985710144,1.3387544393720352,0.16753115055278356,1.1593735363568278,2,design,1e-06
coarse,F3,3,3.657626803033054e-05,0.0009585392900440149,0.4686596691608429,1.3107977300818778,0.2577174624099792,1.1806618660793418,2,design,1e-06
coarse,F4,4,3.5083998227491975e-05,0.001279251679206737,0.4468621611595154,1.257318685456317,0.3439457307313155,1.1257489128934888,2,design,1e-06
coarse,F5,5,3.356226079631597e-05,0.0016172714878495919,0.4691179692745209,1.2027835981447286,0.4348273547112185,1.1818164298343332,2,design,1e-06
coarse,F6,6,3.204457607353106e-05,0.0019934276121557973,0.3983982503414154,1.148393749296379,0.5359624910932822,1.0036571368154343,2,design,1e-06
coarse,F7,7,3.210591967217624e-05,0.002552364217568875,0.44455042481422424,1.1505921433422799,0.6862408626647717,1.11992511552641,2,design,1e-06
coarse,F8,8,2.7142414182890207e-05,0.002716426492879467,0.3734593987464905,0.9727130955616285,0.7303514314327058,0.940830414143391,2,design,1e-06
coarse,F9,9,2.6664805773179978e-05,0.003346554296194052,0.39321795105934143,0.9555968600070051,0.8997706092910828,0.9906067673902729,2,design,1e-06
coarse,F10,10,2.5186323910020292e-05,0.0039773209221225314,0.3745349943637848,0.902611939057993,1.069361544055716,0.943540087734326,2,design,1e-06
coarse,F11,11,2.405171107966453e-05,0.004787833247732546,0.397471159696579,0.861950384376722,1.2872797681471166,1.0013215815227905,2,design,1e-06
coarse,F12,12,2.2346839614328928e-05,0.005566059132346564,0.3915943503379822,0.8008522525227524,1.4965173051449756,0.9865165424710257,2,design,1e-06
coarse,F13,13,1.8721722881309688e-05,0.00597265225833681,0.36945927143096924,0.6709375553485335,1.6058358795132057,0.9307531702675639,2,design,1e-06
coarse,F14,14,1.7243417460122146e-05,0.007016845774892658,0.356560081243515,0.6179589576180735,1.886582747322212,0.8982571332501237,2,design,1e-06
coarse,F15,15,1.580134266987443e-05,0.008620730295689886,0.3680052161216736,0.5662787708888666,2.317810817983277,0.9270900693697856,2,design,1e-06
coarse,F16,16,1.0306414878868964e-05,0.008177198007519074,0.3175211548805237,0.3693549384890989,2.1985606036294922,0.7999090681563364,2,design,1e-06
fine,F1,1,4.385505599202588e-05,0.00023177444599928573,0.27615007758140564,1.9142651251067118,0.07085030115209512,0.7558239844707139,2,design,1e-06
fine,F2,2,2.842007961589843e-05,0.0004773441176745042,0.39642399549484253,1.2405312461888696,0.14591761548434024,1.085014230084313,2,design,1e-06
fine,F3,3,2.7088271963293664e-05,0.0007084731998311884,0.3914242088794708,1.182398087193585,0.21657063767238108,1.071329791990974,2,design,1e-06
fine,F4,4,2.691458212211728e-05,0.000983119684667751,0.384434312582016,1.1748165575836416,0.30052633898854236,1.0521984148903392,2,design,1e-06
fine,F5,5,2.646565917530097e-05,0.0012814380067912355,0.4301014244556427,1.15522115355299,0.391718199551556,1.1771895021929288,2,design,1e-06
fine,F6,6,2.558064261393156e-05,0.001598243295821357,0.3454545736312866,1.1165903434844913,0.4885612748853649,0.9455106968733722,2,design,1e-06
fine,F7,7,2.4858016331563704e-05,0.0019826194634256084,0.38668712973594666,1.085047839216025,0.6060598503345899,1.05836438541072,2,design,1e-06
fine,F8,8,2.346293331356719e-05,0.0023655408962855646,0.3528113067150116,1.0241527221635025,0.7231137331245989,0.9656461078815021,2,design,1e-06
fine,F9,9,2.2962118237046525e-05,0.002901091968541274,0.37765979766845703,1.002292236218952,0.886824424301319,1.0336565375906197,2,design,1e-06
fine,F10,10,2.0783427316928282e-05,0.003288129824630944,0.33193328976631165,0.9071927784157893,1.0051366417806302,0.9085028830951113,2,design,1e-06
fine,F11,11,2.043923086603172e-05,0.0040415657309619355,0.3763067126274109,0.892168666663279,1.235451768334819,1.0299531378450604,2,design,1e-06
fine,F12,12,1.8408243704470806e-05,0.004589822197756777,0.35241642594337463,0.8035164507449489,1.4030463261106916,0.9645653174619464,2,design,1e-06
fine,F13,13,1.697225889074616e-05,0.005385110052448686,0.3717743158340454,0.7408359778344649,1.6461550250209205,1.0175479477630336,2,design,1e-06
fine,F14,14,1.5834693840588443e-05,0.006481937962115657,0.35994642972946167,0.6911814726970609,1.9814404244828066,0.9851749711492683,2,design,1e-06
fine,F15,15,1.3977083654026501e-05,0.007605393401690339,0.35697025060653687,0.610097129837595,2.3248654982938812,0.9770291557184382,2,design,1e-06
fine,F16,16,1.0531341104069725e-05,0.008419614852568598,0.35531288385391235,0.4596911015183544,2.573761940481465,0.9724929355816588,2,design,1e-06
coarse,F1,1,9.421772847417742e-05,0.00044358848309651545,0.3093503713607788,1.6249587774120797,0.08833993948346033,0.8648458323609444,3,confirmation,1e-06
coarse,F2,2,7.70666083553806e-05,0.0009469710817577657,0.3583858907222748,1.3291560274325342,0.1885877817906881,1.0019336411484303,3,confirmation,1e-06
coarse,F3,3,7.779008592478931e-05,0.0014891865746341903,0.3831636607646942,1.3416337346083516,0.2965691330947888,1.0712044523070594,3,confirmation,1e-06
coarse,F4,4,7.036972237983719e-05,0.001843711113563941,0.3805975019931793,1.2136558575226895,0.36717213003427784,1.064030283713181,3,confirmation,1e-06
coarse,F5,5,6.743056292179972e-05,0.002312777687378396,0.38554778695106506,1.1629646231138626,0.4605859906810322,1.0778697153453272,3,confirmation,1e-06
coarse,F6,6,6.833054794697091e-05,0.002957796918112577,0.3875947892665863,1.1784865274292715,0.5890405425462297,1.08359248662769,3,confirmation,1e-06
coarse,F7,7,6.530236714752391e-05,0.0035482758666310647,0.3929671049118042,1.1262599555373292,0.7066334841263451,1.0986117826300068,3,confirmation,1e-06
coarse,F8,8,6.209952698554844e-05,0.004153873374581065,0.38651758432388306,1.071021060287627,0.8272372627235393,1.0805809621831015,3,confirmation,1e-06
coarse,F9,9,5.4448581067845225e-05,0.004507189113996281,0.3653859794139862,0.9390663642254696,0.8975995291661133,1.0215036759428062,3,confirmation,1e-06
coarse,F10,10,5.104162482894026e-05,0.005147153677076864,0.33464527130126953,0.8803071101623153,1.025047452023473,0.9355623752158662,3,confirmation,1e-06
coarse,F11,11,4.765401899931021e-05,0.005916600164740881,0.34714215993881226,0.8218815896534191,1.1782814938126303,0.9704997247594134,3,confirmation,1e-06
coarse,F12,12,4.932279989589006e-05,0.007471351936508618,0.3385458290576935,0.8506627989798382,1.4879078314285257,0.9464671014804169,3,confirmation,1e-06
coarse,F13,13,4.0046696085482836e-05,0.0075357016944068884,0.3280768096446991,0.6906792528785539,1.500722983162913,0.9171990331460986,3,confirmation,1e-06
coarse,F14,14,3.9742179069435224e-05,0.009399725793189661,0.3347879946231842,0.6854272943977938,1.8719404118317127,0.9359613844997265,3,confirmation,1e-06
coarse,F15,15,3.420217035454698e-05,0.010438688850685069,0.3551275432109833,0.5898796099653002,2.0788482489874522,0.992824331684445,3,confirmation,1e-06
coarse,F16,16,2.864056295948103e-05,0.01222950175578208,0.33527153730392456,0.4939594163935644,2.4354857851068212,0.9373132169554866,3,confirmation,1e-06
fine,F1,1,0.0001074617903213948,0.00045366337848542284,0.40093764662742615,1.9578932158464168,0.09414774104381428,1.0655555027581178,3,confirmation,1e-06
fine,F2,2,7.79952242737636e-05,0.0009537616327117381,0.4176158905029297,1.4210290003294213,0.19793200745859962,1.1098805859409375,3,confirmation,1e-06
fine,F3,3,6.83456237311475e-05,0.0013065795873255406,0.3745000958442688,1.245218720400979,0.2711515243997403,0.9952935107665842,3,confirmation,1e-06
fine,F4,4,6.351734919007868e-05,0.0016673125256940198,0.3856167495250702,1.157250281201055,0.34601362012559367,1.0248377843000738,3,confirmation,1e-06
fine,F5,5,5.9391604736447334e-05,0.0020384268263575417,0.3792169988155365,1.0820815439976086,0.42303013662990785,1.0078294299033597,3,confirmation,1e-06
fine,F6,6,5.842105747433379e-05,0.0025348942908609163,0.36615025997161865,1.064398720228646,0.5260609134159707,0.9731024951907951,3,confirmation,1e-06
fine,F7,7,5.57241692149546e-05,0.0030268024245149773,0.37240150570869446,1.0152629370712802,0.6281455025208341,0.9897161740265572,3,confirmation,1e-06
fine,F8,8,5.354015593184158e-05,0.0035841359307413603,0.3690870404243469,0.9754714467421441,0.7438076721110308,0.9809074558826131,3,confirmation,1e-06
fine,F9,9,5.264861465548165e-05,0.004344937618331308,0.40172475576400757,0.9592280674776481,0.9016951359571276,1.067647370356011,3,confirmation,1e-06
fine,F10,10,4.814370913663879e-05,0.004864044297491069,0.3418247699737549,0.8771512294965159,1.0094241780649817,0.9084536403313317,3,confirmation,1e-06
fine,F11,11,4.564364280668087e-05,0.005657083471105412,0.3679072856903076,0.8316014308941365,1.174001814911732,0.9777720702201919,3,confirmation,1e-06
fine,F12,12,4.446524690138176e-05,0.006758128210641159,0.32621392607688904,0.8101317220639925,1.4024991544182672,0.8669653421958841,3,confirmation,1e-06
fine,F13,13,4.099947545910254e-05,0.007727844218961633,0.37328386306762695,0.746987320931102,1.603742137579472,0.9920611789097812,3,confirmation,1e-06
fine,F14,14,3.837784970528446e-05,0.009062463252918675,0.3535250723361969,0.6992227781802564,1.8807126253023876,0.9395490529749322,3,confirmation,1e-06
fine,F15,15,3.380294583621435e-05,0.01028805945002126,0.39785468578338623,0.6158706097340305,2.135057848790171,1.0573620444491074,3,confirmation,1e-06
fine,F16,16,2.970460627693683e-05,0.012829985210413673,0.3924756348133087,0.5412011742505337,2.6625779872703705,1.0430663617937226,3,confirmation,1e-06
coarse,F1,1,8.836976485326886e-05,0.00041272843532351845,0.2146514505147934,1.6601601814367175,0.0902238252115045,0.8803315280469979,3,design,1e-06
coarse,F2,2,7.016844756435603e-05,0.000863610378872084,0.2521204650402069,1.318220805871761,0.18878813574625564,1.0339999739506476,3,design,1e-06
coarse,F3,3,7.190386531874537e-05,0.0013774558170986555,0.30028510093688965,1.3508232628181986,0.30111647815363746,1.2315334516656364,3,design,1e-06
coarse,F4,4,6.47366396151483e-05,0.0016973383003575102,0.2862515449523926,1.2161760478545904,0.3710438657230113,1.1739788357795726,3,design,1e-06
coarse,F5,5,6.268844299484044e-05,0.002149681947101463,0.26668789982795715,1.1776975651016446,0.4699277094963878,1.093744141044181,3,design,1e-06
coarse,F6,6,6.311899051070213e-05,0.002731173237688048,0.28709402680397034,1.1857860537746303,0.5970436629265697,1.1774340341207559,3,design,1e-06
coarse,F7,7,6.0202452004887164e-05,0.0032699026661090628,0.26967066526412964,1.130994450526386,0.7148117293503218,1.1059771003274006,3,design,1e-06
coarse,F8,8,5.6439814215991646e-05,0.0037754156521924704,0.2620517611503601,1.0603075878345434,0.8253185696720555,1.0747303443216403,3,design,1e-06
coarse,F9,9,4.950056245434098e-05,0.004099848440174807,0.22998005151748657,0.929943209443523,0.8962406691703729,0.9431974006565735,3,design,1e-06
coarse,F10,10,4.6669880248373374e-05,0.004703589230797682,0.21917971968650818,0.876764547121044,1.0282204382006215,0.8989029288448186,3,design,1e-06
coarse,F11,11,4.353127224021591e-05,0.0054071438378491534,0.22646084427833557,0.8178010311613353,1.1820198434768867,0.9287643787555995,3,design,1e-06
coarse,F12,12,4.513451858656481e-05,0.006841185511864722,0.2329569160938263,0.8479204475665028,1.4955061804213607,0.9554061592509978,3,design,1e-06
coarse,F13,13,3.653668682090938e-05,0.00686737864573478,0.1992691457271576,0.6863971260126501,1.5012320876518166,0.8172454047242449,3,design,1e-06
coarse,F14,14,3.571244815248065e-05,0.008453750577774491,0.22110942006111145,0.6709125514005316,1.848018331746183,0.9068170429836852,3,design,1e-06
coarse,F15,15,3.059031587326899e-05,0.009315222451065376,0.21004314720630646,0.5746855209436962,2.036338982974148,0.8614318901291784,3,design,1e-06
coarse,F16,16,2.6370425985078327e-05,0.011226494517560158,0.2234717309474945,0.49540848344049593,2.4541494900788665,0.9165053853980698,3,design,1e-06
fine,F1,1,0.00010779804142657667,0.00044527429105050505,0.2655116021633148,2.0142177275876105,0.09593990912259776,1.096518837869137,3,design,1e-06
fine,F2,2,7.5721756729763e-05,0.0009254069458949289,0.279265820980072,1.4148689786080157,0.19939048823393665,1.153321478167589,3,design,1e-06
fine,F3,3,6.731262692483142e-05,0.0012874513887023468,0.29169878363609314,1.2577435048746621,0.277397486705235,1.2046675498713222,3,design,1e-06
fine,F4,4,6.264857074711472e-05,0.0016448063387913508,0.28603485226631165,1.1705951252631437,0.35439407538131645,1.1812764536150342,3,design,1e-06
fine,F5,5,5.8549208915792406e-05,0.002009413038400477,0.2488114833831787,1.093998118831729,0.4329531440925667,1.0275501197872516,3,design,1e-06
fine,F6,6,5.700463225366548e-05,0.0024731662833888408,0.26212194561958313,1.0651375416514541,0.5328745747112658,1.0825201190793572,3,design,1e-06
fine,F7,7,5.386764678405598e-05,0.0029246437167374205,0.23886851966381073,1.0065226386304573,0.630151028342076,0.9864873303132526,3,design,1e-06
fine,F8,8,5.129501732881181e-05,0.0034322499620870746,0.2349204421043396,0.9584527870200613,0.739521135774093,0.9701824254350633,3,design,1e-06
fine,F9,9,5.1642997277667746e-05,0.004265391185849465,0.23714877665042877,0.9649548289176226,0.9190318214359053,0.9793850771721366,3,design,1e-06
fine,F10,10,4.660836566472426e-05,0.0047071858195348575,0.21122463047504425,0.8708822083721844,1.0142219949054543,0.8723226572802277,3,design,1e-06
fine,F11,11,4.3782049033325166e-05,0.005426175472269737,0.22200654447078705,0.8180721852270307,1.169137298415866,0.9168501721168294,3,design,1e-06
fine,F12,12,4.30663421866484e-05,0.006542988287219217,0.21531938016414642,0.8046991276162014,1.409768572501826,0.8892332937039331,3,design,1e-06
fine,F13,13,3.997400199295953e-05,0.007529389902563702,0.21017353236675262,0.7469184262654976,1.6223011243167242,0.8679817965916562,3,design,1e-06
fine,F14,14,3.636359178926796e-05,0.008586076931359966,0.21879534423351288,0.6794575323577733,1.849977546583472,0.9035884482461899,3,design,1e-06
fine,F15,15,3.2317882869392633e-05,0.009824676389997478,0.21486255526542664,0.6038630362126591,2.1168492746157184,0.8873466827122756,3,design,1e-06
fine,F16,16,2.8344304155325517e-05,0.012234567974240277,0.23748353123664856,0.5296163005399132,2.6360905248619466,0.9807675580387442,3,design,1e-06
coarse,F1,1,0.00029309772071428597,0.0008098676669222176,0.36689507961273193,2.0212483988787837,0.11646333598218055,1.2051781386747131,4,confirmation,1e-06
coarse,F2,2,0.00021300875232554972,0.0016445594876862584,0.3796831965446472,1.4689421621428511,0.23649651909795616,1.2471845863420625,4,confirmation,1e-06
coarse,F3,3,0.0001683893788140267,0.0020024626417960564,0.33263710141181946,1.161239880974124,0.2879649218860068,1.0926474215920143,4,confirmation,1e-06
coarse,F4,4,0.00015748734585940838,0.002501761315571286,0.33833053708076477,1.086057731483693,0.35976676257478524,1.1113492374065146,4,confirmation,1e-06
coarse,F5,5,0.0001543272810522467,0.003141373024928903,0.31381136178970337,1.0642654230472341,0.4517463741181701,1.0308085714746869,4,confirmation,1e-06
coarse,F6,6,0.00015056303527671844,0.0038109458552779284,0.3082504868507385,1.0383065867648138,0.5480345563613657,1.0125421915727855,4,confirmation,1e-06
coarse,F7,7,0.00013131211744621396,0.004067321596487098,0.28016197681427,0.9055492021388691,0.5849027699049394,0.920276963378315,4,confirmation,1e-06
coarse,F8,8,0.0001368719822494313,0.005141355236723847,0.2895222008228302,0.943890912214603,0.7393545967996048,0.9510234573354487,4,confirmation,1e-06
coarse,F9,9,0.00011995711975032464,0.005469590211910435,0.2641774117946625,0.8272433359036907,0.7865565555363151,0.8677708127420364,4,confirmation,1e-06
coarse,F10,10,0.00013601165846921504,0.007467716350952129,0.3093928098678589,0.9379579828863173,1.0738978649509308,1.0162944978969575,4,confirmation,1e-06
coarse,F11,11,0.0001356099674012512,0.008973660478063469,0.3119783401489258,0.935187857530217,1.2904607480114352,1.0247874560879267,4,confirmation,1e-06
coarse,F12,12,0.00011773576989071444,0.009414893495434628,0.28256937861442566,0.8119245547267346,1.3539124343144815,0.9281848045617296,4,confirmation,1e-06
coarse,F13,13,0.00011065656872233376,0.010814453248305905,0.2631365656852722,0.7631052599466206,1.555176670909125,0.8643518380910657,4,confirmation,1e-06
coarse,F14,14,0.00011833128519356251,0.014255112144695468,0.28809404373168945,0.8160313227679739,2.0499619666021087,0.9463322423247353,4,confirmation,1e-06
coarse,F15,15,9.514049452263862e-05,0.014466534463773398,0.28219538927078247,0.656103949746771,2.080365635728054,0.9269563231617287,4,confirmation,1e-06
coarse,F16,16,8.163168968167156e-05,0.0172798688629916,0.260079950094223,0.5629450876135939,2.484938287222541,0.8543114573572792,4,confirmation,1e-06
fine,F1,1,0.0002643713669385761,0.0006801240303041669,0.3654429316520691,1.9790474887422544,0.10236038407505334,1.2420422871153736,4,confirmation,1e-06
fine,F2,2,0.0001811016845749691,0.001397479049478571,0.3527759611606598,1.3557021632692812,0.21032412599433278,1.1989906595223903,4,confirmation,1e-06
fine,F3,3,0.00015011864888947457,0.0017847881121119736,0.31357279419898987,1.1237674432690021,0.2686151179905629,1.0657496335293166,4,confirmation,1e-06
fine,F4,4,0.00014690487296320498,0.0023329341356901844,0.341749906539917,1.0997095611696073,0.3511124787698695,1.161516063866385,4,confirmation,1e-06
fine,F5,5,0.00013830700481776148,0.0028135308524792346,0.29187166690826416,1.0353471093700128,0.4234434982954347,0.9919933355177384,4,confirmation,1e-06
fine,F6,6,0.0001334912230959162,0.003373004826961192,0.28093552589416504,0.9992968334520347,0.5076457442921807,0.9548243320403359,4,confirmation,1e-06
fine,F7,7,0.00012693912140093744,0.003930393744514989,0.277578204870224,0.9502487063587389,0.5915341839558531,0.9434137003876587,4,confirmation,1e-06
fine,F8,8,0.000124386977404356,0.004674509252480398,0.2672007381916046,0.9311437093772896,0.7035254470163256,0.9081434807949382,4,confirmation,1e-06
fine,F9,9,0.00012353263446129858,0.005622607861498936,0.27923548221588135,0.9247482162663611,0.8462166819029381,0.9490463405798748,4,confirmation,1e-06
fine,F10,10,0.00011813765740953386,0.006482872694764407,0.2747386395931244,0.8843621642148249,0.9756887117324593,0.9337627813365275,4,confirmation,1e-06
fine,F11,11,0.00012123039778089151,0.008021242631792876,0.2886280119419098,0.9075139908900989,1.2072172720942016,0.9809690242393371,4,confirmation,1e-06
fine,F12,12,0.00011299885954940692,0.009043420655808298,0.27807867527008057,0.8458938341607568,1.3610576460102717,0.9451146647414123,4,confirmation,1e-06
fine,F13,13,0.00011182494927197695,0.010915803423490274,0.2709456980228424,0.8371061041828115,1.6428559808665253,0.9208715925494003,4,confirmation,1e-06
fine,F14,14,0.00010380343883298337,0.012524801927268358,0.2535296678543091,0.7770581864599426,1.8850143188820991,0.8616791877457132,4,confirmation,1e-06
fine,F15,15,9.390931518282741e-05,0.014342426547016927,0.28813886642456055,0.7029921452320514,2.158571414193861,0.9793065501168957,4,confirmation,1e-06
fine,F16,16,8.630426600575447e-05,0.0183705687894353,0.2832163870334625,0.6460617989168076,2.7648169939280325,0.9625763659167027,4,confirmation,1e-06
coarse,F1,1,0.00025499629555270076,0.0006788952624750835,0.2351287454366684,2.0056245625661338,0.1121913617992195,1.0151029898587152,4,design,1e-06
coarse,F2,2,0.0001868860563263297,0.001445800245024728,0.3002438545227051,1.4699165105782455,0.2389268379743962,1.2962193705694511,4,design,1e-06
coarse,F3,3,0.00015006031026132405,0.0017886282772594806,0.27767255902290344,1.1802706524581852,0.29558114965590576,1.1987740773353894,4,design,1e-06
coarse,F4,4,0.00014046246360521764,0.0022331495385788094,0.24236074090003967,1.104780626379544,0.36904085458049646,1.0463251196917949,4,design,1e-06
coarse,F5,5,0.0001350509701296687,0.0027470227666230996,0.25579649209976196,1.0622175600761585,0.45396137241746654,1.1043302401993147,4,design,1e-06
coarse,F6,6,0.00013382284669205546,0.003386663579444774,0.27509447932243347,1.052557990210638,0.5596657097716502,1.1876439349651704,4,design,1e-06
coarse,F7,7,0.00011895580973941833,0.003684993976794672,0.23784324526786804,0.9356241562498033,0.6089665303765307,1.0268220882169543,4,design,1e-06
coarse,F8,8,0.00011981389980064705,0.004506207215369043,0.21811901032924652,0.9423732994087811,0.7446767594143823,0.9416681874393765,4,design,1e-06
coarse,F9,9,0.0001031459541991353,0.0047069341373486145,0.20550060272216797,0.8112747631204408,0.7778480421900967,0.8871917206619383,4,design,1e-06
coarse,F10,10,0.00011673968401737511,0.0064043112306920195,0.2330101579427719,0.9181936434957626,1.058349406855293,1.0059565773461248,4,design,1e-06
coarse,F11,11,0.00012095955025870353,0.00800495695540077,0.22631698846817017,0.9513841938369252,1.3228653543645954,0.977060678919578,4,design,1e-06
coarse,F12,12,0.00010244128498015925,0.008200584575947694,0.20803171396255493,0.8057323222351748,1.3551939481371966,0.8981190897635348,4,design,1e-06
coarse,F13,13,9.67553787631914e-05,0.00945539317658735,0.21278616786003113,0.7610109150300989,1.5625583141660473,0.9186451226716356,4,design,1e-06
coarse,F14,14,0.00010257167014060542,0.012350452925078217,0.23409438133239746,0.8067578417621081,2.0409836525446856,1.0106374104039446,4,design,1e-06
coarse,F15,15,8.036335930228233e-05,0.012221952879051536,0.1744471937417984,0.6320826229951008,2.0197482780298652,0.7531272606031015,4,design,1e-06
coarse,F16,16,7.122394163161516e-05,0.015003665975396083,0.16964060068130493,0.5601982823692477,2.4794424277221707,0.7323761313539758,4,design,1e-06
fine,F1,1,0.00026339851319789886,0.0006622422542111382,0.24087443947792053,2.110804167217187,0.10891793766930892,1.0848413269204913,4,design,1e-06
fine,F2,2,0.00016895975568331778,0.0013025444324993361,0.2784094512462616,1.3539976063585082,0.21422742570158693,1.2538901145834755,4,design,1e-06
fine,F3,3,0.00014062310219742358,0.0016732629127304485,0.26334676146507263,1.1269153592462187,0.27519890866860375,1.1860513334963914,4,design,1e-06
fine,F4,4,0.00014034360356163234,0.002229350835141038,0.23995962738990784,1.1246755330680185,0.3666578110364699,1.0807212303191513,4,design,1e-06
fine,F5,5,0.00013190654863137752,0.0026848096060420306,0.24979433417320251,1.0570632656728651,0.4415663957794155,1.1250144163449827,4,design,1e-06
fine,F6,6,0.00012367578165140003,0.0031271383758032564,0.25549808144569397,0.9911041339002538,0.5143155099711463,1.1507027408219181,4,design,1e-06
fine,F7,7,0.00011843242100439966,0.0036638405320559117,0.23320454359054565,0.9490852653442436,0.6025860659950044,1.0502979355592652,4,design,1e-06
fine,F8,8,0.00011562857253011316,0.004343967629291352,0.20122642815113068,0.9266159849678475,0.7144454955509444,0.9062760905644104,4,design,1e-06
fine,F9,9,0.00011269419337622821,0.005130699678352351,0.21804313361644745,0.9031006671666345,0.8438380731721752,0.9820145421451045,4,design,1e-06
fine,F10,10,0.00010935796308331192,0.0059989818636457855,0.21048609912395477,0.8763650234472146,0.986643072907227,0.9479794517295805,4,design,1e-06
fine,F11,11,0.00011154561798321083,0.007384787071301279,0.19911038875579834,0.8938962958263806,1.2145642668048031,0.8967459511672047,4,design,1e-06
fine,F12,12,0.00010264349839417264,0.00822170795156774,0.19880355894565582,0.8225571265293633,1.3522113222310534,0.8953640624990038,4,design,1e-06
fine,F13,13,0.0001006210659397766,0.009824541800066557,0.21411526203155518,0.8063499019675182,1.6158268739342727,0.964324340431035,4,design,1e-06
fine,F14,14,9.318774391431361e-05,0.01123430956014271,0.20380379259586334,0.7467812775393842,1.8476891509843574,0.9178839285327797,4,design,1e-06
fine,F15,15,8.429757144767791e-05,0.012860260817833015,0.16971848905086517,0.6755378492374364,2.1151067864679205,0.7643718082497432,4,design,1e-06
fine,F16,16,7.925782119855285e-05,0.016940667948949096,0.17619061470031738,0.6351506591260235,2.7862049031257112,0.7935207266354628,4,design,1e-06
coarse,F1,1,0.0004155422793701291,0.0006970338988432491,0.24564069509506226,1.5932316641247133,0.09685258907708899,0.7898059321860574,5,confirmation,1e-06
coarse,F2,2,0.0003589226689655334,0.0016926874051957663,0.33314937353134155,1.3761462781472797,0.23519825644556938,1.071171661590089,5,confirmation,1e-06
coarse,F3,3,0.0002804549876600504,0.0020451639369168184,0.3081667721271515,1.075293150384105,0.28417473340422256,0.9908453671915446,5,confirmation,1e-06
coarse,F4,4,0.00029359027394093573,0.0028274050445580724,0.3300701677799225,1.1256551834647606,0.39286683099562375,1.061271123863834,5,confirmation,1e-06
coarse,F5,5,0.0002710704575292766,0.003265074978935149,0.32057201862335205,1.039311900582172,0.45368089811053197,1.0307318252116127,5,confirmation,1e-06
coarse,F6,6,0.0002603101311251521,0.00382574440012913,0.31294316053390503,0.99805570694201,0.5315856960681442,1.0062028383818078,5,confirmation,1e-06
coarse,F7,7,0.0002457938971929252,0.004350124580968083,0.3131907880306244,0.94239897911224,0.6044481181960326,1.0069990324562696,5,confirmation,1e-06
coarse,F8,8,0.0002633199328556657,0.005572986823370235,0.3335031270980835,1.009595595078207,0.7743643510475682,1.0723090816964629,5,confirmation,1e-06
coarse,F9,9,0.00023516528017353266,0.005888439309172127,0.28649720549583435,0.9016477727444572,0.8181963512292231,0.921171438501952,5,confirmation,1e-06
coarse,F10,10,0.00025232808548025787,0.007545928179439701,0.3297223150730133,0.967451726318881,1.0485037849398104,1.0601526767297482,5,confirmation,1e-06
coarse,F11,11,0.00023172612418420613,0.00820688181780575,0.301748126745224,0.8884616964001566,1.1403430358599003,0.9702075644965023,5,confirmation,1e-06
coarse,F12,12,0.00023511500330641866,0.009884824713016539,0.31820088624954224,0.9014550060859586,1.3734925483791156,1.02310794833686,5,confirmation,1e-06
coarse,F13,13,0.00021190865663811564,0.010698274379779115,0.2826372981071472,0.8124794958764116,1.486521063119355,0.9087607190481006,5,confirmation,1e-06
coarse,F14,14,0.00021941530576441437,0.013429619499995429,0.34020283818244934,0.8412607575512084,1.8660404049978954,1.0938505919756005,5,confirmation,1e-06
coarse,F15,15,0.000210645142942667,0.015983203583954622,0.3206326365470886,0.8076350549432402,2.2208599200429058,1.0309267293814832,5,confirmation,1e-06
coarse,F16,16,0.0001877677859738469,0.019236264135107123,0.2993464469909668,0.7199209249407361,2.672871418087013,0.9624854689520753,5,confirmation,1e-06
fine,F1,1,0.000462721916846931,0.0007332425051837669,0.2812509834766388,1.8244837649789172,0.10339786264845051,0.8769989256208672,5,confirmation,1e-06
fine,F2,2,0.00030912333750166,0.0014713598521585549,0.29984337091445923,1.218854111106317,0.20748314892329675,0.9349738475434062,5,confirmation,1e-06
fine,F3,3,0.0002743430668488145,0.0020017915428590717,0.32070139050483704,1.0817176651387475,0.2822817356278303,1.0000134806327594,5,confirmation,1e-06
fine,F4,4,0.0002624116896186024,0.0025195335231458548,0.3113708198070526,1.0346729861257105,0.3552908885159501,0.9709188251181906,5,confirmation,1e-06
fine,F5,5,0.00025654712226241827,0.003085504116737906,0.3235524892807007,1.0115493614595317,0.43510097765504935,1.0089037982144544,5,confirmation,1e-06
fine,F6,6,0.00024065107572823763,0.003534422958043214,0.30321478843688965,0.9488722377421437,0.498405066500737,0.9454866269422254,5,confirmation,1e-06
fine,F7,7,0.000239147586398758,0.004227790824272927,0.3255029618740082,0.9429440727415607,0.5961800248404766,1.0149857764804102,5,confirmation,1e-06
fine,F8,8,0.00024933385429903865,0.0052658728064999445,0.3420425355434418,0.9831078941062958,0.7425646894736865,1.0665595991174617,5,confirmation,1e-06
fine,F9,9,0.0002372165472479537,0.005963349634870821,0.3027709424495697,0.9353301053630789,0.8409190712648709,0.9441026230564112,5,confirmation,1e-06
fine,F10,10,0.00023619257262907922,0.007043358835623249,0.33130234479904175,0.9312926370697735,0.9932160837934548,1.033069455803583,5,confirmation,1e-06
fine,F11,11,0.00022882845951244235,0.00808700541460946,0.31564149260520935,0.9022563966506347,1.1403854375402027,0.9842356690607926,5,confirmation,1e-06
fine,F12,12,0.00022541949874721467,0.009515366185203829,0.3260294795036316,0.8888150761832805,1.3418050902829706,1.0166275677011636,5,confirmation,1e-06
fine,F13,13,0.00022791462833993137,0.011532152740440098,0.32441848516464233,0.89865321712212,1.6262013408485305,1.0116041530733806,5,confirmation,1e-06
fine,F14,14,0.00020829273853451014,0.012732338451113726,0.35300391912460327,0.8212853249069799,1.7954449899653575,1.1007394675935318,5,confirmation,1e-06
fine,F15,15,0.00020417579798959196,0.015568175836598606,0.3345073461532593,0.8050524841615708,2.1953393256111333,1.0430633150588187,5,confirmation,1e-06
fine,F16,16,0.00019556772895157337,0.020182202802227704,0.3359997272491455,0.7711114028427927,2.8459842665080024,1.0477168689825433,5,confirmation,1e-06
coarse,F1,1,0.00038380303885787725,0.0006521720772092223,0.18786829710006714,1.574016462909874,0.09806660807991119,0.8516455123438224,5,design,1e-06
coarse,F2,2,0.0003390170750208199,0.001597029060893579,0.24511100351810455,1.3903445342128258,0.2401440179362904,1.1111384379084257,5,design,1e-06
coarse,F3,3,0.00026436062762513757,0.0019216924493048303,0.26088133454322815,1.084170623727757,0.2889633991730128,1.1826285820841045,5,design,1e-06
coarse,F4,4,0.0002784330863505602,0.0026822664631962582,0.23067638278007507,1.1418832509475672,0.403330322171661,1.0457033423458146,5,design,1e-06
coarse,F5,5,0.00025806616758927703,0.003111323079608347,0.22823749482631683,1.0583563838221643,0.4678472319201271,1.0346473631679054,5,design,1e-06
coarse,F6,6,0.00024302155361510813,0.0035690074698552926,0.24098972976207733,0.9966568461011129,0.5366688777573826,1.0924558589228321,5,design,1e-06
coarse,F7,7,0.00023604120360687375,0.004179676109960562,0.25615155696868896,0.9680296995768705,0.6284946462756563,1.1611875305180959,5,design,1e-06
coarse,F8,8,0.0002430829918012023,0.005139425984460797,0.20794415473937988,0.9969088105374846,0.7728114885423703,0.9426534914914017,5,design,1e-06
coarse,F9,9,0.00022420319146476686,0.005618101872106374,0.20091933012008667,0.9194807718371316,0.8447896095191488,0.910808521081962,5,design,1e-06
coarse,F10,10,0.00023933961347211152,0.007149035551136719,0.22029919922351837,0.9815568239184552,1.0749949162845922,0.9986614414869259,5,design,1e-06
coarse,F11,11,0.00021778610243927687,0.0077005438088254465,0.22642965614795685,0.8931636176005813,1.157924784105726,1.026452059749326,5,design,1e-06
coarse,F12,12,0.00021576658764388412,0.009073662016869677,0.20930565893650055,0.8848813758953108,1.3643995012262267,0.9488254691875506,5,design,1e-06
coarse,F13,13,0.00019639631500467658,0.009900840914912331,0.180184006690979,0.8054418589079126,1.4887817488585464,0.8168110482886083,5,design,1e-06
coarse,F14,14,0.0002022377884713933,0.012361369515386848,0.23240579664707184,0.8293983534464253,1.858769521050052,1.0535431300138132,5,design,1e-06
coarse,F15,15,0.0001918541529448703,0.01456054656487735,0.2128719538450241,0.786813976542481,2.189458063763501,0.9649922152613757,5,design,1e-06
coarse,F16,16,0.00016797830176074058,0.017188060316904355,0.1892360895872116,0.6888966100160459,2.5845552633357944,0.8578459961480361,5,design,1e-06
fine,F1,1,0.0004920173669233918,0.0007596148584185163,0.23829127848148346,2.007291301802759,0.11371744557213283,1.1232230206165694,5,design,1e-06
fine,F2,2,0.00030954222893342376,0.001472347293086046,0.21716275811195374,1.2628444958436682,0.22041640090265543,1.0236304521354447,5,design,1e-06
fine,F3,3,0.00026523275300860405,0.001935154554029755,0.26537734270095825,1.0820744019596087,0.2897005373613943,1.2508973990625138,5,design,1e-06
fine,F4,4,0.00025469204410910606,0.0024485491975324673,0.2018260508775711,1.0390712994043045,0.3665578115214769,0.9513384961062867,5,design,1e-06
fine,F5,5,0.00024986511562019587,0.00300598186302015,0.21374860405921936,1.0193788002740412,0.45000775736600557,1.007537305745865,5,design,1e-06
fine,F6,6,0.00023116549709811807,0.003393685740962901,0.22381021082401276,0.9430896606424296,0.508048610766175,1.0549642548756273,5,design,1e-06
fine,F7,7,0.0002297624887432903,0.004060325048349271,0.24914544820785522,0.9373657845024216,0.6078472367590679,1.1743858385930888,5,design,1e-06
fine,F8,8,0.00023872325255069882,0.005037664186720172,0.19385936856269836,0.9739231592158241,0.75415889593935,0.9137862993535243,5,design,1e-06
fine,F9,9,0.00022862474725116044,0.005750297223674222,0.19463643431663513,0.9327241219222308,0.8608429710263553,0.9174491197006079,5,design,1e-06
fine,F10,10,0.0002247302618343383,0.006698386585032893,0.19693836569786072,0.9168357260489973,1.002775819170331,0.9282996314597833,5,design,1e-06
fine,F11,11,0.0002151446242351085,0.007608955765876948,0.21702022850513458,0.8777290435034534,1.139091743108255,1.0229586166552758,5,design,1e-06
fine,F12,12,0.00020525199943222106,0.008669598010670548,0.1879463493824005,0.8373699402404866,1.2978742174202147,0.8859143633473815,5,design,1e-06
fine,F13,13,0.00020918970403727144,0.010572424060580276,0.1797422617673874,0.85343465814305,1.5827350457277976,0.8472431197707766,5,design,1e-06
fine,F14,14,0.00019214669009670615,0.011740052723370885,0.21353723108768463,0.7839039953265757,1.7575338236055695,1.0065409663536855,5,design,1e-06
fine,F15,15,0.00019092802540399134,0.014567676780469507,0.20281602442264557,0.7789321890409625,2.1808406892466903,0.9560048904565752,5,design,1e-06
fine,F16,16,0.00018482418090570718,0.01915679882006885,0.19853512942790985,0.7540302347754536,2.867850994506528,0.9358262257669944,5,design,1e-06
coarse,F1,1,0.0007900454802438617,0.0007938232651166621,0.3307739794254303,1.8307100630543864,0.11469797033630244,0.9729098864828251,6,confirmation,1e-06
coarse,F2,2,0.0006317559746094048,0.001886165628473046,0.35941916704177856,1.463918279432692,0.27252838107757016,1.0571643561980992,6,confirmation,1e-06
coarse,F3,3,0.0005066799931228161,0.002312920739278322,0.33340486884117126,1.1740895750355427,0.334189392024151,0.9806481563650679,6,confirmation,1e-06
coarse,F4,4,0.00047577102668583393,0.002899057840340772,0.33495619893074036,1.1024666655831306,0.4188791948869923,0.9852111041034655,6,confirmation,1e-06
coarse,F5,5,0.00045375237823463976,0.0034478964929748144,0.3775525689125061,1.051444588623693,0.49817981791670946,1.1105003712807917,6,confirmation,1e-06
coarse,F6,6,0.00041981838876381516,0.0038826998007801235,0.3492116630077362,0.9728120319452538,0.5610036971002584,1.027140889393716,6,confirmation,1e-06
coarse,F7,7,0.0004518164787441492,0.004990552197394545,0.3770051896572113,1.0469586814614762,0.7210751221991539,1.1088903574276556,6,confirmation,1e-06
coarse,F8,8,0.0003704703412950039,0.004876017064043862,0.3162365257740021,0.8584616947148546,0.7045261648873644,0.9301506815226026,6,confirmation,1e-06
coarse,F9,9,0.0003849624190479517,0.006009528026786818,0.34263280034065247,0.892043043181906,0.8683049460011408,1.007790393500004,6,confirmation,1e-06
coarse,F10,10,0.0004011718847323209,0.00733276809522604,0.3554719388484955,0.9296039592141702,1.0594973143620554,1.0455543216357686,6,confirmation,1e-06
coarse,F11,11,0.0003480178420431912,0.007527905609200734,0.32977941632270813,0.8064342895225267,1.0876923519389396,0.9699845648567097,6,confirmation,1e-06
coarse,F12,12,0.0003394368104636669,0.008673462547973805,0.3212047219276428,0.7865501420185456,1.2532116325594558,0.94476370266852,6,confirmation,1e-06
coarse,F13,13,0.0003408793709240854,0.010311564551463353,0.3299906849861145,0.7898928735669082,1.489897785838762,0.9706059721744471,6,confirmation,1e-06
coarse,F14,14,0.00033866282319650054,0.012362411675972365,0.33905142545700073,0.7847566423857901,1.7862206740532518,0.9972564481226847,6,confirmation,1e-06
coarse,F15,15,0.00035170416231267154,0.01567690917110684,0.3454529345035553,0.814976308661597,2.265125931788187,1.0160852914634477,6,confirmation,1e-06
coarse,F16,16,0.0002998767595272511,0.01775212373077232,0.29760295152664185,0.6948807569574655,2.5649696230297048,0.8753435028041947,6,confirmation,1e-06
fine,F1,1,0.0008729256805963814,0.0007995545934179539,0.422376424074173,2.054878942763052,0.11767042611161448,1.1458658429265816,6,confirmation,1e-06
fine,F2,2,0.0006027417839504778,0.0017751254520231767,0.38460248708724976,1.418862369723263,0.26124516081911997,1.0433888539680896,6,confirmation,1e-06
fine,F3,3,0.0004933031741529703,0.002261848358868231,0.35554835200309753,1.161242391531625,0.33287615677389243,0.9645678329755484,6,confirmation,1e-06
fine,F4,4,0.0004585192073136568,0.0027908474986306155,0.35277724266052246,1.0793604597788087,0.41072894468974946,0.9570500849155528,6,confirmation,1e-06
fine,F5,5,0.0004391631227917969,0.0033383725483286746,0.4222717583179474,1.0337959731536268,0.4913081902286155,1.145581894987854,6,confirmation,1e-06
fine,F6,6,0.00040186895057559013,0.0037138943930898395,0.3707345724105835,0.9460049837506053,0.5465737291311822,1.005766560594486,6,confirmation,1e-06
fine,F7,7,0.0004070986760780215,0.004516350816736161,0.3793913424015045,0.958315828820526,0.6646712175125735,1.0292515291611177,6,confirmation,1e-06
fine,F8,8,0.00037254131166264415,0.00491134191200931,0.34540849924087524,0.8769673222603417,0.7228020454431544,0.9370594062019583,6,confirmation,1e-06
fine,F9,9,0.00037191814044490457,0.005790675153102789,0.36557987332344055,0.8755003687251973,0.8522134927981804,0.9917823671644932,6,confirmation,1e-06
fine,F10,10,0.0003812340146396309,0.006976323236724415,0.3763594329357147,0.8974300634766388,1.0267052865627198,1.021026255926918,6,confirmation,1e-06
fine,F11,11,0.0003446642367634922,0.007446302758162552,0.3586539328098297,0.8113443082175432,1.095872158977209,0.972992969337463,6,confirmation,1e-06
fine,F12,12,0.00033706362592056394,0.008589825182235295,0.34686505794525146,0.7934523667608553,1.264164320658891,0.941010907214877,6,confirmation,1e-06
fine,F13,13,0.0003407686308491975,0.010287476344402104,0.36378753185272217,0.8021739988309314,1.5140075925074001,0.9869199204153434,6,confirmation,1e-06
fine,F14,14,0.00032379513140767813,0.011755992405028351,0.35487309098243713,0.7622181499394776,1.7301290581686086,0.9627359160063886,6,confirmation,1e-06
fine,F15,15,0.00032671005465090275,0.014556708759726408,0.3498421609401703,0.7690799189599291,2.1423104021169577,0.949087495864988,6,confirmation,1e-06
fine,F16,16,0.00032258592545986176,0.019207191544910178,0.34867170453071594,0.7593716626670054,2.826721817500134,0.9459121623383404,6,confirmation,1e-06
coarse,F1,1,0.0007326611084863544,0.0007385479510114991,0.19144763052463531,1.7837196576346916,0.1118609985562414,0.7914174655925295,6,design,1e-06
coarse,F2,2,0.0006050873780623078,0.0018102794251418208,0.2626607418060303,1.4731316270713102,0.27418621077323907,1.085802409886881,6,design,1e-06
coarse,F3,3,0.0004886703100055456,0.0022318866772537745,0.24756084382534027,1.1897053466644663,0.3380431453909642,1.023381564260141,6,design,1e-06
coarse,F4,4,0.0004468991537578404,0.002728054814985483,0.24838732182979584,1.088010263278517,0.4131931248370455,1.0267981076034132,6,design,1e-06
coarse,F5,5,0.00044377095764502883,0.0033747377904792294,0.24663543701171875,1.0803944299352048,0.5111401887872988,1.0195560631919303,6,design,1e-06
coarse,F6,6,0.0003920987364836037,0.0036229151969686462,0.24042965471744537,0.9545944446873214,0.548729315493267,0.9939022356575078,6,design,1e-06
coarse,F7,7,0.0004304932663217187,0.0047621050313781475,0.2596825361251831,1.0480688721199096,0.7212718189930594,1.0734909282274303,6,design,1e-06
coarse,F8,8,0.0003561584453564137,0.004692408964410534,0.23778441548347473,0.8670950496162146,0.7107156030618361,0.9829671902631194,6,design,1e-06
coarse,F9,9,0.00036809605080634356,0.0057440165751561365,0.24508541822433472,0.896158065599304,0.8699928406010338,1.0131485044408992,6,design,1e-06
coarse,F10,10,0.00038374020368792117,0.0070175373119237446,0.2546675205230713,0.9342449555661572,1.0628811982246633,1.0527595620211527,6,design,1e-06
coarse,F11,11,0.0003367154859006405,0.007276891816274727,0.24427714943885803,0.8197596737075548,1.102163216131593,1.009807235437117,6,design,1e-06
coarse,F12,12,0.00032510689925402403,0.008313459543097076,0.22143729031085968,0.7914976792341427,1.2591625021423614,0.9153904835763784,6,design,1e-06
coarse,F13,13,0.0003253062895964831,0.009843016524262109,0.2566269338130951,0.7919831103144432,1.4908302916575296,1.0608594998254988,6,design,1e-06
coarse,F14,14,0.00031590083381161094,0.011511929353928403,0.23703090846538544,0.7690848068857948,1.7436050172174782,0.97985229867147,6,design,1e-06
coarse,F15,15,0.0003347500751260668,0.014931477745103946,0.2431160807609558,0.8149747304461651,2.261532251494416,1.0050075415055382,6,design,1e-06
coarse,F16,16,0.00028652948094531894,0.017038691033532085,0.23364584147930145,0.6975779957938754,2.580692276637973,0.9658589098389934,6,design,1e-06
fine,F1,1,0.0008763404912315309,0.0008070168127438007,0.2235134392976761,2.124801515419452,0.12312102550706094,0.9414474276729063,6,design,1e-06
fine,F2,2,0.000597186095546931,0.0017557630423362153,0.2620530426502228,1.4479553706600308,0.26786473702433117,1.1037777580270796,6,design,1e-06
fine,F3,3,0.0004830842954106629,0.002221578833316501,0.24323570728302002,1.1713007138599996,0.3389310605224547,1.0245183988011772,6,design,1e-06
fine,F4,4,0.0004491606669034809,0.0027379275882506563,0.24954070150852203,1.0890484637565145,0.4177068520832801,1.0510752833166808,6,design,1e-06
fine,F5,5,0.00042382883839309216,0.00322375415627958,0.2316475659608841,1.027628150367162,0.4918260827235051,0.9757086902059571,6,design,1e-06
fine,F6,6,0.0003939980233553797,0.003639368558652504,0.23924805223941803,0.9552994589138506,0.5552335243376163,1.007722238377704,6,design,1e-06
fine,F7,7,0.00038764846976846457,0.0042997767927042355,0.22950997948646545,0.9399041402920276,0.6559874835436302,0.9667050916120951,6,design,1e-06
fine,F8,8,0.0003562293713912368,0.00469851130084916,0.23450271785259247,0.8637244492780601,0.7168196753550315,0.987734702657425,6,design,1e-06
fine,F9,9,0.00035206167376600206,0.005482088207204664,0.2302219122648239,0.853619324251298,0.8363646349527535,0.9697037805722204,6,design,1e-06
fine,F10,10,0.0003625910612754524,0.006632514521920865,0.23803047835826874,0.8791491939313785,1.0118772951618955,1.002593769136608,6,design,1e-06
fine,F11,11,0.0003324667050037533,0.0071745099578551215,0.23874224722385406,0.8061087735724035,1.0945658251139436,1.005591767689664,6,design,1e-06
fine,F12,12,0.00032128006569109857,0.008187836641842541,0.21115238964557648,0.7789853114000962,1.249162134058263,0.8893821986876923,6,design,1e-06
fine,F13,13,0.00032497564097866416,0.009814906521727052,0.25828438997268677,0.7879457144054749,1.4973930370823714,1.08790404421279,6,design,1e-06
fine,F14,14,0.00030413290369324386,0.011033940018501331,0.22254131734371185,0.7374097866323396,1.6833726249673089,0.9373528116363059,6,design,1e-06
fine,F15,15,0.0003151225973851979,0.014044652661304237,0.22335313260555267,0.7640557285285587,2.142696423722721,0.940772209558897,6,design,1e-06
fine,F16,16,0.00031883810879662633,0.019120460088313914,0.26305779814720154,0.7730644692595352,2.917077583843834,1.1080098278347974,6,design,1e-06
coarse,F1,1,0.0020210137590765953,0.0012246514633765567,0.40435248613357544,2.2660966390964212,0.4204900776437053,1.0130307050165865,7,confirmation,1e-06
coarse,F2,2,0.001402959693223238,0.002844252895302742,0.41405782103538513,1.5730928259753794,0.9765881612444067,1.0373456346761374,7,confirmation,1e-06
coarse,F3,3,0.0011293489951640368,0.0036024338670689804,0.43154972791671753,1.266302097555958,1.2369133110686374,1.0811683867742337,7,confirmation,1e-06
coarse,F4,4,0.001070901402272284,0.004251610952825672,0.4469437897205353,1.2007667229349597,1.4598114427882676,1.1197353742838365,7,confirmation,1e-06
coarse,F5,5,0.000994437956251204,0.003988643911340582,0.42083027958869934,1.1150307613345454,1.3695204212212593,1.0543127826429068,7,confirmation,1e-06
coarse,F6,6,0.0008983061998151243,0.003603063883753046,0.4149443507194519,1.0072413664371205,1.237129630382599,1.0395666715725733,7,confirmation,1e-06
coarse,F7,7,0.0007883493090048432,0.0031620318553165125,0.3837883770465851,0.8839503004601539,1.0856991234779445,0.9615111159431313,7,confirmation,1e-06
coarse,F8,8,0.000795877305790782,0.0031922264409916007,0.37653857469558716,0.892391197084004,1.0960665823465527,0.9433480709793464,7,confirmation,1e-06
coarse,F9,9,0.0007511330768465996,0.0030127594803159613,0.3962317109107971,0.8422209563451681,1.0344457224645802,0.9926855978852439,7,confirmation,1e-06
coarse,F10,10,0.0007607695297338068,0.003051410729111484,0.4351896345615387,0.8530259958469718,1.0477168180318406,1.0902875026967205,7,confirmation,1e-06
coarse,F11,11,0.0006799396360293031,0.0027272060064722,0.39509421586990356,0.7623940792458761,0.9363995387308554,0.9898358134947787,7,confirmation,1e-06
coarse,F12,12,0.0005951304920017719,0.0023870405155464952,0.3606332838535309,0.6673003593826117,0.8196020514713493,0.9035002932414362,7,confirmation,1e-06
coarse,F13,13,0.0006353499484248459,0.0025483587908606397,0.3969966769218445,0.7123971206576342,0.874991471351817,0.9946020793811164,7,confirmation,1e-06
coarse,F14,14,0.000599643390160054,0.0024051412847545754,0.3719237446784973,0.6723605245116903,0.8258170392269114,0.9317864640495949,7,confirmation,1e-06
coarse,F15,15,0.0005842771497555077,0.002343508065060689,0.3787507116794586,0.6551308616358671,0.8046549713981931,0.9488901728959012,7,confirmation,1e-06
coarse,F16,16,0.0005621294258162379,0.0022546748069015845,0.3585948348045349,0.6302973430331308,0.7741536371510795,0.8983933344664564,7,confirmation,1e-06
fine,F1,1,0.0018529037479311228,0.0011304872463923574,0.43148770928382874,2.290599134408216,0.42886668976843256,1.03283109573965,7,confirmation,1e-06
fine,F2,2,0.0012766893487423658,0.0025575654379247255,0.44220370054244995,1.578270603857702,0.9702494448559609,1.0584814416369834,7,confirmation,1e-06
fine,F3,3,0.0010081327054649591,0.003210649158936988,0.4573923945426941,1.2462751533019665,1.2180062014810333,1.094837878053594,7,confirmation,1e-06
fine,F4,4,0.0009465384064242244,0.003757417414858759,0.4755021631717682,1.1701309670620061,1.4254306485377712,1.1381863484139734,7,confirmation,1e-06
fine,F5,5,0.0008663664339110255,0.0034749552634966846,0.4243781566619873,1.0710206646258547,1.3182745455157303,1.015813306202092,7,confirmation,1e-06
fine,F6,6,0.0007872477872297168,0.0031576136263417754,0.4192277193069458,0.9732125060498312,1.1978864050155713,1.0034849553765839,7,confirmation,1e-06
fine,F7,7,0.0007287561893463135,0.0029230068328726863,0.40418434143066406,0.9009039451591349,1.108884924252865,0.9674763550820957,7,confirmation,1e-06
fine,F8,8,0.0007358393049798906,0.0029514166599921574,0.3931448459625244,0.9096602437835511,1.1196626031276182,0.9410516529284789,7,confirmation,1e-06
fine,F9,9,0.0006927944486960769,0.0027787657937423686,0.4223477244377136,0.8564472743270853,1.0541649995673026,1.010953159565465,7,confirmation,1e-06
fine,F10,10,0.0006650446448475122,0.002667462881209544,0.44871172308921814,0.8221423749244625,1.0119406296667413,1.074059377956962,7,confirmation,1e-06
fine,F11,11,0.00062927434919402,0.0025239898281561738,0.4226870536804199,0.7779223724807841,0.9575120516086266,1.0117653954322585,7,confirmation,1e-06
fine,F12,12,0.0005744351074099541,0.002304032285173734,0.393076628446579,0.710128932102437,0.8740679759239933,0.9408883639859977,7,confirmation,1e-06
fine,F13,13,0.0005605724290944636,0.002248429653625897,0.39667707681655884,0.6929915934870357,0.8529743133369689,0.9495065817361451,7,confirmation,1e-06
fine,F14,14,0.00054165133042261,0.0021725379900385533,0.3733992576599121,0.6696009277343258,0.8241837129586013,0.8937876007577688,7,confirmation,1e-06
fine,F15,15,0.0005440289969556034,0.0021820745797511993,0.4006458818912506,0.6725402498164723,0.8278015562158287,0.9590065169738708,7,confirmation,1e-06
fine,F16,16,0.0005323911900632083,0.002135395832350958,0.37928247451782227,0.6581533447093426,0.8100932981669534,0.9078699701580808,7,confirmation,1e-06
coarse,F1,1,0.0019728734623640776,0.0012566724290219902,0.2649025321006775,2.215245061717139,0.4302336093741772,0.9488542013096791,7,design,1e-06
coarse,F2,2,0.0014007792342454195,0.0028352850021813834,0.28733447194099426,1.5728678703497279,0.9706864509172923,1.0292031515149616,7,design,1e-06
coarse,F3,3,0.0011403162498027086,0.0036370450474560263,0.29102572798728943,1.2804064677033455,1.2451765329500202,1.0424248590609875,7,design,1e-06
coarse,F4,4,0.0010938758496195078,0.004344529162968893,0.31511932611465454,1.2282607679752306,1.4873903649419304,1.1287257019654595,7,design,1e-06
coarse,F5,5,0.0009913200046867132,0.003976137926967264,0.3092802166938782,1.1131057246480391,1.3612681651812941,1.1078105998640386,7,design,1e-06
coarse,F6,6,0.0008970086928457022,0.0035978598297597133,0.29914483428001404,1.0072080724136607,1.2317611056244457,1.0715066804223767,7,design,1e-06
coarse,F7,7,0.0007848445093259215,0.0031479745066466894,0.2899894118309021,0.8812642861629257,1.0777386397078346,1.0387128789184212,7,design,1e-06
coarse,F8,8,0.0007929264102131128,0.0031803903577281925,0.2583962380886078,0.8903390653472858,1.0888365107915383,0.9255493111700784,7,design,1e-06
coarse,F9,9,0.0007583685219287872,0.0030417806370999544,0.2786620855331421,0.8515356687657886,1.0413821710423612,0.9981395364818515,7,design,1e-06
coarse,F10,10,0.0007749342476017773,0.0031082246847829965,0.29150593280792236,0.870136528218213,1.0641299148425118,1.0441449043845767,7,design,1e-06
coarse,F11,11,0.0006953245028853416,0.0027889140541449676,0.26222339272499084,0.7807465611412969,0.954810921317796,0.9392577937844074,7,design,1e-06
coarse,F12,12,0.0005826278938911855,0.002336893119010103,0.23540015518665314,0.6542049398416636,0.8000573085667673,0.8431796573122867,7,design,1e-06
coarse,F13,13,0.000638738798443228,0.0025619513862779972,0.305537611246109,0.7172091854704973,0.8771081202261913,1.0944049639314586,7,design,1e-06
coarse,F14,14,0.0006047945935279131,0.0024258026934507793,0.2753620147705078,0.6790948645335322,0.8304963364599024,0.9863190152398926,7,design,1e-06
coarse,F15,15,0.000569454045034945,0.0022840532756878166,0.24473083019256592,0.6394126563124277,0.7819670919070402,0.876601195831408,7,design,1e-06
coarse,F16,16,0.0005512406351044774,0.0022110004069601525,0.258289098739624,0.6189616911718907,0.7569567561488973,0.9251655488081157,7,design,1e-06
fine,F1,1,0.0019433816196396947,0.0011843734098881023,0.26431694626808167,2.359345532067894,0.44381496776306256,1.019733862719283,7,design,1e-06
fine,F2,2,0.0013274229131639004,0.0026559460900758723,0.2795562148094177,1.6115462283308233,0.9952508377056705,1.0785269079404989,7,design,1e-06
fine,F3,3,0.0010250282939523458,0.0032665445975965848,0.26519227027893066,1.244426674174276,1.2240576942840211,1.0231108597197274,7,design,1e-06
fine,F4,4,0.0009511419339105487,0.003775576881942245,0.2818945348262787,1.1547255821789253,1.4148050928502989,1.087548138462166,7,design,1e-06
fine,F5,5,0.0008841286762617528,0.003546198469236479,0.28441110253334045,1.0733687202918019,1.3288511428623724,1.0972570479549153,7,design,1e-06
fine,F6,6,0.0008006200660020113,0.003211249335154172,0.27240270376205444,0.9719858192113392,1.2033371471040164,1.0509286871100636,7,design,1e-06
fine,F7,7,0.0007452139398083091,0.0029890181029545238,0.28373679518699646,0.904720494190648,1.1200614282038843,1.0946555725495135,7,design,1e-06
fine,F8,8,0.000746592995710671,0.0029945493010528094,0.24140945076942444,0.9063947249998869,1.1221341094082975,0.9313568244707475,7,design,1e-06
fine,F9,9,0.0006859960267320275,0.0027514977174833716,0.2526787221431732,0.8328275024987676,1.031056473059789,0.9748336343773258,7,design,1e-06
fine,F10,10,0.0006800793344154954,0.0027277661854001366,0.25757482647895813,0.8256443937153168,1.0221636618411685,0.9937227879374716,7,design,1e-06
fine,F11,11,0.000630617723800242,0.002529377978426773,0.2344890981912613,0.7655959560669172,0.9478225334880979,0.9046581282064822,7,design,1e-06
fine,F12,12,0.0005734711303375661,0.0023001656819606267,0.2268572449684143,0.6962176319145761,0.8619308314980716,0.8752144649207121,7,design,1e-06
fine,F13,13,0.0005629678489640355,0.0022580375500859335,0.27549391984939575,0.6834662146271748,0.8461443444545542,1.0628545880625035,7,design,1e-06
fine,F14,14,0.0005432215984910727,0.0021788361582623797,0.246559277176857,0.6594934511937551,0.8164655599888668,0.951224836904043,7,design,1e-06
fine,F15,15,0.0005415258929133415,0.0021720349376866035,0.22813141345977783,0.6574347946035666,0.813916968923425,0.8801302025447973,7,design,1e-06
fine,F16,16,0.0005377137567847967,0.0021567443804140305,0.2525257468223572,0.6528067039333542,0.8081872065644006,0.9742434561197493,7,design,1e-06
coarse,F1,1,0.0032901924569159746,0.0014648460690875138,0.4116542935371399,1.9936245014622833,0.27753153906291916,0.9833113007836766,8,confirmation,1e-06
coarse,F2,2,0.0020104979630559683,0.0031335192673684668,0.37653401494026184,1.2182199223219337,0.5936804168767075,0.8994201149679125,8,confirmation,1e-06
coarse,F3,3,0.0020358823239803314,0.00500076700251777,0.4317624866962433,1.2336010541418663,0.9474514708349896,1.031343384699992,8,confirmation,1e-06
coarse,F4,4,0.0018555022543296218,0.005990381219925615,0.44452351331710815,1.1243034579859852,1.1349449984019038,1.0618254223779633,8,confirmation,1e-06
coarse,F5,5,0.0017843620153144002,0.006967672500358126,0.44907346367836,1.0811974921806995,1.3201038071634008,1.0726938080075183,8,confirmation,1e-06
coarse,F6,6,0.001565819140523672,0.006281107263613557,0.4280815124511719,0.9487759285463366,1.1900263124410293,1.0225507068878126,8,confirmation,1e-06
coarse,F7,7,0.0015623465878888965,0.006267177285955743,0.4183441400527954,0.9466718066428431,1.1873871217300944,0.9992912183568159,8,confirmation,1e-06
coarse,F8,8,0.0016463175415992737,0.0066040175070870046,0.4627331495285034,0.9975522803295039,1.2512052845812165,1.1053224570280078,8,confirmation,1e-06
coarse,F9,9,0.0014416828053072095,0.005783148185892232,0.4290727972984314,0.8735580673877682,1.0956823727283476,1.024918571399149,8,confirmation,1e-06
coarse,F10,10,0.0014822942903265357,0.00594605634287149,0.37895524501800537,0.898165762115507,1.1265471526437696,0.9052036642582293,8,confirmation,1e-06
coarse,F11,11,0.0014333284925669432,0.005749636110162773,0.40771961212158203,0.8684959432749784,1.0893331336167025,0.9739125971587076,8,confirmation,1e-06
coarse,F12,12,0.0013781061861664057,0.005528117209796527,0.4203694462776184,0.8350351216029954,1.0473638901258382,1.0041290313705074,8,confirmation,1e-06
coarse,F13,13,0.0012921590823680162,0.005183350543658944,0.4190688729286194,0.7829572403830011,0.9820439732485934,1.0010223749074347,8,confirmation,1e-06
coarse,F14,14,0.0012299896916374564,0.004933965147309555,0.43153515458106995,0.745286975733011,0.9347951091329421,1.0308003605134584,8,confirmation,1e-06
coarse,F15,15,0.0012008384801447392,0.004817028554837913,0.40074434876441956,0.7276233982249447,0.9126401584072017,0.9572509094447148,8,confirmation,1e-06
coarse,F16,16,0.0011963952565565705,0.004799204858717882,0.38808178901672363,0.7249311182058145,0.9092632590043427,0.9270040778380999,8,confirmation,1e-06
fine,F1,1,0.00295041361823678,0.0013265423030551981,0.4287370443344116,2.063426283558544,0.29315971832245413,1.0346516653734745,8,confirmation,1e-06
fine,F2,2,0.001962646609172225,0.003062982996991159,0.4260065257549286,1.372613173173747,0.6769050866725587,1.0280622287177705,8,confirmation,1e-06
fine,F3,3,0.001708464464172721,0.0041864133566256595,0.41696664690971375,1.1948461931268246,0.9251780041866255,1.006246699069531,8,confirmation,1e-06
fine,F4,4,0.0015763002447783947,0.005095015649992428,0.44370606541633606,1.1024147040777645,1.1259749118895035,1.070775725088136,8,confirmation,1e-06
fine,F5,5,0.0014969439944252372,0.005846573059186731,0.44210952520370483,1.0469154439973374,1.292065625977637,1.0669228669979305,8,confirmation,1e-06
fine,F6,6,0.0013895109295845032,0.005573866831119115,0.447722464799881,0.9717801448835474,1.2317988098942343,1.080468319572107,8,confirmation,1e-06
fine,F7,7,0.001353082014247775,0.005427736088286459,0.41694125533103943,0.9463029097858272,1.1995045910755753,1.0061854227242535,8,confirmation,1e-06
fine,F8,8,0.0013228936586529016,0.005306639060425951,0.43343281745910645,0.9251901254606586,1.1727427075717396,1.0459837616965808,8,confirmation,1e-06
fine,F9,9,0.0011762806680053473,0.0047185174402572215,0.3963654637336731,0.8226536212419446,1.0427705475351399,0.9565307979981766,8,confirmation,1e-06
fine,F10,10,0.0012953944969922304,0.005196329247244742,0.36581724882125854,0.9059580786060332,1.1483647486586117,0.8828101763467769,8,confirmation,1e-06
fine,F11,11,0.0012278729118406773,0.0049254735562055145,0.395029753446579,0.8587356103229202,1.0885068927061736,0.9533073889383323,8,confirmation,1e-06
fine,F12,12,0.0011733828578144312,0.004706892845472177,0.4094788134098053,0.8206269841373228,1.0402015658110384,0.9881766500660752,8,confirmation,1e-06
fine,F13,13,0.0011038348311558366,0.004427909111184625,0.409597784280777,0.771987286540368,0.978547449864702,0.9884637570735252,8,confirmation,1e-06
fine,F14,14,0.001024650759063661,0.004110271194117213,0.41214078664779663,0.7166084425083794,0.9083509381654149,0.9946006693577675,8,confirmation,1e-06
fine,F15,15,0.0010223620338365436,0.004101089881420855,0.38179895281791687,0.7150077802282547,0.9063219104912159,0.9213780978132292,8,confirmation,1e-06
fine,F16,16,0.00109374918974936,0.004387451438498634,0.4041992723941803,0.7649337068537656,0.9696064911773757,0.9754357731663332,8,confirmation,1e-06
coarse,F1,1,0.0030622603371739388,0.001428673878999846,0.2974092662334442,1.8691315925510767,0.2704432465416364,0.9839521045287268,8,design,1e-06
coarse,F2,2,0.002016986720263958,0.00315911512604181,0.2672281861305237,1.2311211933341268,0.5980100591491461,0.8841006854377392,8,design,1e-06
coarse,F3,3,0.002058080630376935,0.005070780024651653,0.3119005262851715,1.2562039482916967,0.9598819104366223,1.0318951494975346,8,design,1e-06
coarse,F4,4,0.0018820147961378098,0.006081889262053192,0.32707205414772034,1.1487375094816912,1.1512815494938853,1.0820888000126254,8,design,1e-06
coarse,F5,5,0.0017854539910331368,0.006973335856184675,0.293865829706192,1.0897990680852045,1.3200294454127053,0.9722289599461466,8,design,1e-06
coarse,F6,6,0.001580924028530717,0.006341698528055367,0.3117644786834717,0.9649587957230689,1.2004625854266038,1.0314450481079445,8,design,1e-06
coarse,F7,7,0.0015603569336235523,0.006259195840011254,0.30710509419441223,0.9524051253537315,1.1848450990771777,1.0160298889507313,8,design,1e-06
coarse,F8,8,0.0015998617745935917,0.006417665351962068,0.33079636096954346,0.9765179499295645,1.21484285428206,1.094410337877445,8,design,1e-06
coarse,F9,9,0.0014658477157354355,0.005880082936668465,0.32964593172073364,0.8947189244786624,1.1130802786427023,1.0906042450316715,8,design,1e-06
coarse,F10,10,0.00147745490539819,0.005926643869599407,0.30134662985801697,0.901803679695591,1.1218941094608779,0.9969785218752942,8,design,1e-06
coarse,F11,11,0.0014426140114665031,0.0057868837151485615,0.2839372158050537,0.8805376185544485,1.0954379738357851,0.9393810239460286,8,design,1e-06
coarse,F12,12,0.0013579635415226221,0.0054473172799747475,0.2894361913204193,0.8288689652477141,1.0311591692080524,0.9575738953370931,8,design,1e-06
coarse,F13,13,0.001285476959310472,0.005156545882560554,0.3018055856227875,0.7846248625487852,0.9761171040635609,0.998496936201622,8,design,1e-06
coarse,F14,14,0.0012264426331967115,0.004919736721554931,0.28794997930526733,0.748591700167162,0.931289912039867,0.9526568950747785,8,design,1e-06
coarse,F15,15,0.001222197781316936,0.004902708875169302,0.3109528422355652,0.7460007425474351,0.9280665969601752,1.0287598211103333,8,design,1e-06
coarse,F16,16,0.0011893950868397951,0.004771124482143189,0.28394225239753723,0.7259787503530654,0.9031581059691417,0.9393976870642851,8,design,1e-06
fine,F1,1,0.003050789702683687,0.0013546976626289302,0.313212126493454,2.054533153015425,0.2888096173935823,1.1266829457685228,8,design,1e-06
fine,F2,2,0.002067447640001774,0.0032237369023471437,0.28177496790885925,1.3923082652241234,0.6872723317006835,1.013597571848865,8,design,1e-06
fine,F3,3,0.001827410887926817,0.004492221947936856,0.2859303951263428,1.2306571803767077,0.9577021779996018,1.0285454253395212,8,design,1e-06
fine,F4,4,0.0016557805938646197,0.005345476704379206,0.3010142147541046,1.1150739499421807,1.1396085815798296,1.0828047623642738,8,design,1e-06
fine,F5,5,0.0015667455736547709,0.006117788980167621,0.26025813817977905,1.0551139334783717,1.3042587607541003,0.9361974872028241,8,design,1e-06
fine,F6,6,0.0014381350483745337,0.005768916989910843,0.29517897963523865,0.9685020677760138,1.229882323261865,1.0618143238184239,8,design,1e-06
fine,F7,7,0.0014158107805997133,0.00567936550535544,0.2882941663265228,0.9534679445718429,1.2107907350020295,1.0370483550592533,8,design,1e-06
fine,F8,8,0.0013499086489900947,0.005415006177810945,0.28892871737480164,0.9090866113953078,1.1544316533052423,1.0393309545624057,8,design,1e-06
fine,F9,9,0.001199472462758422,0.0048115481513160445,0.2761017382144928,0.8077764057936928,1.025779713796569,0.9931898972941449,8,design,1e-06
fine,F10,10,0.0013664935249835253,0.005481534827845025,0.28837525844573975,0.92025558103526,1.1686149758960316,1.0373400586684998,8,design,1e-06
fine,F11,11,0.0012676520273089409,0.005085043396230113,0.24935579299926758,0.8536914603790596,1.0840864926606528,0.8969797004546451,8,design,1e-06
fine,F12,12,0.0011883596889674664,0.004766970925006884,0.25426185131073,0.8002925854060093,1.016276241523773,0.9146277152117818,8,design,1e-06
fine,F13,13,0.001128237578086555,0.004525797787802745,0.2695712447166443,0.7598037670763019,0.9648602515187643,0.9696984835553095,8,design,1e-06
fine,F14,14,0.0010743244783952832,0.004309531786569903,0.2528943121433258,0.7234963642421748,0.9187542436659956,0.9097084195419923,8,design,1e-06
fine,F15,15,0.0010428291279822588,0.004183191962387099,0.27014535665512085,0.7022860390819466,0.8918197052148115,0.971763672209674,8,design,1e-06
fine,F16,16,0.001119107473641634,0.0044891731200314405,0.2726213335990906,0.7536551616001255,0.9570521947264683,0.980670227099863,8,design,1e-06
coarse,F1,1,0.004857909865677357,0.0016887608666818438,0.39115533232688904,1.894014145717319,0.2221194699621196,1.0240812804844122,9,confirmation,1e-06
coarse,F2,2,0.0034634640906006098,0.00404536914886101,0.4018835425376892,1.3503441113901482,0.5320796264728954,1.0521687392047772,9,confirmation,1e-06
coarse,F3,3,0.0028113105800002813,0.005146140477670988,0.34135597944259644,1.0960808565316713,0.6768619629946913,0.8937019123554819,9,confirmation,1e-06
coarse,F4,4,0.002949262037873268,0.007004353667140868,0.3951166272163391,1.149865718716909,0.9212691711819883,1.0344523213663863,9,confirmation,1e-06
coarse,F5,5,0.0027937614358961582,0.00821115575253389,0.4114760756492615,1.0892387519851707,1.079997529261107,1.0772828889558497,9,confirmation,1e-06
coarse,F6,6,0.002568364143371582,0.008990067553167311,0.3615143895149231,1.001360287326089,1.1824463008529527,0.9464785171804574,9,confirmation,1e-06
coarse,F7,7,0.002540077781304717,0.0101187996121925,0.4045223891735077,0.9903319291706514,1.3309062584623093,1.0590774867494803,9,confirmation,1e-06
coarse,F8,8,0.0022009301465004683,0.00882993791140775,0.3695749342441559,0.8581041942873379,1.1613847569395488,0.9675817779198921,9,confirmation,1e-06
coarse,F9,9,0.0022235207725316286,0.008920569840799052,0.36556610465049744,0.8669118845176427,1.1733054003623176,0.9570862867320418,9,confirmation,1e-06
coarse,F10,10,0.0021789001766592264,0.00874155645927105,0.3456743061542511,0.84951509410583,1.1497601144632823,0.9050076959737546,9,confirmation,1e-06
coarse,F11,11,0.002323899883776903,0.00932328179765198,0.4025924503803253,0.906047945475944,1.2262733297881907,1.0540247263056395,9,confirmation,1e-06
coarse,F12,12,0.002078790683299303,0.008339925264924837,0.3727532625198364,0.8104841524484037,1.09693433565203,0.9759029389047017,9,confirmation,1e-06
coarse,F13,13,0.002176071284338832,0.008730206730767898,0.4138593077659607,0.8484121584360281,1.1482673064943913,1.083522413758547,9,confirmation,1e-06
coarse,F14,14,0.0019227927550673485,0.007714075213998852,0.34426912665367126,0.7496632869026162,1.014617481720789,0.90132880448657,9,confirmation,1e-06
coarse,F15,15,0.0019095357274636626,0.007660889799798632,0.38855695724487305,0.7444946035581703,1.0076221064459696,1.0172784912565613,9,confirmation,1e-06
coarse,F16,16,0.0020394115708768368,0.008181940087012042,0.4014461934566498,0.7951309248183673,1.0761548489454185,1.0510237183654467,9,confirmation,1e-06
fine,F1,1,0.00453647505491972,0.001531813124350203,0.42203086614608765,1.972084754652524,0.2257448842716975,1.1036220038956803,9,confirmation,1e-06
fine,F2,2,0.0030266917310655117,0.003541835869459448,0.3982203006744385,1.315755635731757,0.5219640148987761,1.0413567382773723,9,confirmation,1e-06
fine,F3,3,0.002595038153231144,0.00471306884491453,0.340992271900177,1.1281083038644295,0.6945698297310926,0.8917039122374218,9,confirmation,1e-06
fine,F4,4,0.002574545331299305,0.0061100878113283155,0.3878653943538666,1.1191997170823285,0.9004499595492953,1.0142783812651963,9,confirmation,1e-06
fine,F5,5,0.0024513318203389645,0.007215676628871007,0.4147752821445465,1.0656366568669784,1.0633817269436572,1.0846484576516897,9,confirmation,1e-06
fine,F6,6,0.0023964717984199524,0.008397554338542734,0.375580757856369,1.04178804940047,1.2375562672658134,0.9821537282219157,9,confirmation,1e-06
fine,F7,7,0.0021931095980107784,0.00872915611889314,0.39501190185546875,0.9533829572872454,1.2864247645645592,1.0329666895441543,9,confirmation,1e-06
fine,F8,8,0.0020588275510817766,0.008259835294986511,0.3891703486442566,0.8950082116165883,1.2172604693937352,1.0176908716408506,9,confirmation,1e-06
fine,F9,9,0.002029026858508587,0.008140276823769627,0.36963707208633423,0.8820533312766337,1.1996410138481997,0.9666108309453422,9,confirmation,1e-06
fine,F10,10,0.0020537152886390686,0.008239325528863924,0.3574286997318268,0.8927858220513434,1.2142379239499188,0.9346856106759739,9,confirmation,1e-06
fine,F11,11,0.0019472113344818354,0.007812040395917461,0.37560567259788513,0.8464866973430719,1.1512684720274242,0.982218880937426,9,confirmation,1e-06
fine,F12,12,0.0018502536695450544,0.007423055109709843,0.36676397919654846,0.8043375109034439,1.0939433081269117,0.9590976161860544,9,confirmation,1e-06
fine,F13,13,0.0018382745329290628,0.007374996300549932,0.39558932185173035,0.7991299714794857,1.086860831720632,1.0344766582798133,9,confirmation,1e-06
fine,F14,14,0.0018035044195130467,0.0072355014376564485,0.3529323935508728,0.784014797306776,1.0663033295163447,0.9229276497408718,9,confirmation,1e-06
fine,F15,15,0.0016885374207049608,0.006774263804074244,0.38570067286491394,0.7340366396198507,0.9983302624629237,1.0086175766673475,9,confirmation,1e-06
fine,F16,16,0.001762505155056715,0.007071016008576819,0.39117932319641113,0.766191702633608,1.0420629417290204,1.0229443938328902,9,confirmation,1e-06
coarse,F1,1,0.004604675807058811,0.0017071490696479617,0.2541912794113159,1.8212627563424402,0.22616789868486414,0.8854659200591269,9,design,1e-06
coarse,F2,2,0.003319329582154751,0.0038694227900579236,0.29451069235801697,1.3128766491523276,0.5126319880964999,1.0259171037652552,9,design,1e-06
coarse,F3,3,0.0027973135001957417,0.0051169159553921175,0.2804947793483734,1.1064064245110377,0.6779033828702126,0.9770931892025898,9,design,1e-06
coarse,F4,4,0.0029948358424007893,0.00711034065267838,0.31073200702667236,1.1845313784659088,0.9419978799399481,1.0824234534359205,9,design,1e-06
coarse,F5,5,0.0027498272247612476,0.008086098678161596,0.29295414686203003,1.087624432355654,1.0712690409487167,1.0204949351019168,9,design,1e-06
coarse,F6,6,0.002537382300943136,0.008898451217356046,0.2854863703250885,1.003597229630372,1.1788917846490135,0.9944812117460535,9,design,1e-06
coarse,F7,7,0.0024703494273126125,0.009840378261021843,0.29606345295906067,0.9770840761947421,1.3036809222632642,1.031326087887051,9,design,1e-06
coarse,F8,8,0.002245043171569705,0.009006916208294418,0.2675960063934326,0.8879698997468622,1.1932615309808103,0.9321607907008338,9,design,1e-06
coarse,F9,9,0.0022616449277848005,0.00907352007222007,0.27949514985084534,0.8945363034528689,1.202085397751545,0.9736110168212365,9,design,1e-06
coarse,F10,10,0.0021503912284970284,0.008627181190514224,0.2872639000415802,0.8505327237203875,1.1429531703605416,1.0006731707679795,9,design,1e-06
coarse,F11,11,0.002342711202800274,0.009398750490285768,0.299592524766922,0.9266000129663082,1.2451728360720236,1.0436194789999937,9,design,1e-06
coarse,F12,12,0.002038027858361602,0.008176388998444474,0.298883318901062,0.8060902418216485,1.0832309559173803,1.0411489865976604,9,design,1e-06
coarse,F13,13,0.002101810183376074,0.008432277890061601,0.31512781977653503,0.8313177231752131,1.1171318342547236,1.0977361045621867,9,design,1e-06
coarse,F14,14,0.0019071251153945923,0.007651218230549437,0.27035653591156006,0.7543149810957119,1.013654859056647,0.9417769931735543,9,design,1e-06
coarse,F15,15,0.0018632551655173302,0.007475216319256283,0.27825456857681274,0.7369633348166004,0.9903376320204039,0.9692894978385106,9,design,1e-06
coarse,F16,16,0.002068879548460245,0.008300163024180315,0.28212788701057434,0.818292845544747,1.0996288861334065,0.9827820593401307,9,design,1e-06
fine,F1,1,0.004749099723994732,0.0015866823724013514,0.2659378945827484,2.0078865539551094,0.22822748712875326,0.9788013380961863,9,design,1e-06
fine,F2,2,0.0031536980532109737,0.0036972883593750314,0.28989872336387634,1.3333617494454921,0.531815848041141,1.066990692643265,9,design,1e-06
fine,F3,3,0.0026659565046429634,0.004841619259809461,0.27283740043640137,1.127147992293393,0.6964157518357936,1.0041954082882276,9,design,1e-06
fine,F4,4,0.002616163808852434,0.006213166539899846,0.2784072458744049,1.1060959845080345,0.8936983300367224,1.0246955787368976,9,design,1e-06
fine,F5,5,0.002523598028346896,0.007433911981798212,0.27489906549453735,1.066959812004777,1.0692896578755053,1.0117834976832187,9,design,1e-06
fine,F6,6,0.0024820296093821526,0.008689926116663136,0.2891279458999634,1.0493849716436077,1.2499540143872487,1.064153797155933,9,design,1e-06
fine,F7,7,0.0022839040029793978,0.009089170194455504,0.28150835633277893,0.9656188340153856,1.3073810547391789,1.0361094130496158,9,design,1e-06
fine,F8,8,0.0020912212785333395,0.008389796008850788,0.24904672801494598,0.8841539092760822,1.206783470925531,0.9166323250470656,9,design,1e-06
fine,F9,9,0.002098973374813795,0.008420896914835871,0.2622659206390381,0.8874314420277842,1.2112570074971012,0.9652864044113982,9,design,1e-06
fine,F10,10,0.0020953742787241936,0.008406457916681128,0.29003673791885376,0.8859097690656034,1.2091801102410193,1.0674986639923674,9,design,1e-06
fine,F11,11,0.002028178423643112,0.008136873283238453,0.2622356414794922,0.857499825762638,1.1704032103842252,0.965174960038544,9,design,1e-06
fine,F12,12,0.0018615067237988114,0.007468201353925237,0.2805219292640686,0.7870321825267292,1.074221821597681,1.0324788054737273,9,design,1e-06
fine,F13,13,0.0018545371713116765,0.007440240243615021,0.2874622941017151,0.7840855038846072,1.0701999114445024,1.0580232597555157,9,design,1e-06
fine,F14,14,0.0018003212753683329,0.007222730803517652,0.25677844882011414,0.7611633976324982,1.0389134776858195,0.9450894153077766,9,design,1e-06
fine,F15,15,0.0017085180152207613,0.0068544238458138965,0.25668764114379883,0.7223496134686859,0.9859364150355631,0.9447551918785572,9,design,1e-06
fine,F16,16,0.001830489025451243,0.00734376127150334,0.2495083212852478,0.773918113952416,1.0563224311442143,0.9183312484417043,9,design,1e-06
coarse,F1,1,0.006010156124830246,0.0018410602985547357,0.3104807436466217,1.9641116666605796,0.21085353586066913,0.8704699842157414,10,confirmation,1e-06
coarse,F2,2,0.004268404096364975,0.004231598834766995,0.31728866696357727,1.3949092352287351,0.48463788902239546,0.8895568133461083,10,confirmation,1e-06
coarse,F3,3,0.0037604609970003366,0.0060157453890401,0.34972909092903137,1.2289140519521944,0.6889731895866583,0.9805074307837577,10,confirmation,1e-06
coarse,F4,4,0.003403476206585765,0.007467883880368795,0.35733455419540405,1.1122518593051696,0.8552841657651117,1.001830258768761,10,confirmation,1e-06
coarse,F5,5,0.0032940800301730633,0.00914033853573432,0.3435535430908203,1.0765013227271676,1.0468275812237409,0.9631935421151274,10,confirmation,1e-06
coarse,F6,6,0.003184493165463209,0.010749223916589687,0.3836233913898468,1.040688469447011,1.2310905147160345,1.0755341652620478,10,confirmation,1e-06
coarse,F7,7,0.0029248304199427366,0.0115282988455902,0.3379719853401184,0.9558310019734383,1.3203166544623064,0.947544975862392,10,confirmation,1e-06
coarse,F8,8,0.00260747829452157,0.010462190606953902,0.3324222266674042,0.8521207157457491,1.1982170730943742,0.931985562136763,10,confirmation,1e-06
coarse,F9,9,0.0027957241982221603,0.01121750460731345,0.37714311480522156,0.9136392467090085,1.2847219136940546,1.0573659330229734,10,confirmation,1e-06
coarse,F10,10,0.0026317904703319073,0.010559740068756224,0.34941157698631287,0.8600659050485203,1.2093892486925726,0.9796172423828273,10,confirmation,1e-06
coarse,F11,11,0.002454719040542841,0.009849260986953507,0.33036771416664124,0.8021991784847743,1.128019275818384,0.9262254900527254,10,confirmation,1e-06
coarse,F12,12,0.002521219663321972,0.01011608785351297,0.3783991038799286,0.8239315006287976,1.1585785075398283,1.0608872489577217,10,confirmation,1e-06
coarse,F13,13,0.002553774043917656,0.010246708879684284,0.3831806480884552,0.8345702323690147,1.1735383137165143,1.074292881341997,10,confirmation,1e-06
coarse,F14,14,0.002432678360491991,0.009760826005851202,0.39345046877861023,0.7949963112164585,1.1178909663470262,1.103085554758911,10,confirmation,1e-06
coarse,F15,15,0.002182000782340765,0.008755013775704507,0.3959880769252777,0.7130751854435489,1.0026969852998973,1.1102000433981467,10,confirmation,1e-06
coarse,F16,16,0.0019345034379512072,0.007761959795720059,0.3665628433227539,0.6321933561721383,0.8889641851604315,1.027702873593999,10,confirmation,1e-06
fine,F1,1,0.006075091660022736,0.0017731603444083937,0.33908870816230774,2.1809274996773618,0.22792691145359684,0.9735387086006094,10,confirmation,1e-06
fine,F2,2,0.004017721861600876,0.0039630694895080015,0.31662723422050476,1.4423420393277624,0.5094238608866023,0.9090508214837603,10,confirmation,1e-06
fine,F3,3,0.003473432268947363,0.005582371380008945,0.3531237244606018,1.2469447997737186,0.7175733831657017,1.0138338623858234,10,confirmation,1e-06
fine,F4,4,0.003043859265744686,0.0066814154023169346,0.34781137108802795,1.092730241667742,0.8588475270107,0.9985818604244661,10,confirmation,1e-06
fine,F5,5,0.003003264544531703,0.008328829019218734,0.33816638588905334,1.0781569399317812,1.0706106079814208,0.9708906804793431,10,confirmation,1e-06
fine,F6,6,0.002810683101415634,0.00949367621752804,0.3776218891143799,1.0090211657370896,1.2203432731987893,1.0841691787972099,10,confirmation,1e-06
fine,F7,7,0.0027197408489882946,0.010708938280306963,0.33974969387054443,0.9763733522881906,1.3765564038665314,0.9754364278620016,10,confirmation,1e-06
fine,F8,8,0.0025383089669048786,0.010184655737724573,0.35400262475013733,0.9112402146998662,1.3091636827081339,1.0163572240674914,10,confirmation,1e-06
fine,F9,9,0.0024156062863767147,0.009692327367967404,0.3575080633163452,0.8671905665259986,1.245878438881425,1.0264214935423432,10,confirmation,1e-06
fine,F10,10,0.0023064566776156425,0.009254377001854018,0.32771244645118713,0.8280064032824178,1.1895830933234346,0.9408769570637648,10,confirmation,1e-06
fine,F11,11,0.0022713858634233475,0.009113659963769186,0.3269369602203369,0.8154161565193319,1.1714949379117057,0.9386505017276051,10,confirmation,1e-06
fine,F12,12,0.002195014152675867,0.008807227185290277,0.3630917966365814,0.7879990946068929,1.1321052250822405,1.042452639360242,10,confirmation,1e-06
fine,F13,13,0.0021212154533714056,0.008511119288387993,0.34582480788230896,0.7615057309243903,1.0940427009508003,0.9928783494219013,10,confirmation,1e-06
fine,F14,14,0.0020211851224303246,0.008109760292203744,0.3591149151325226,0.7255953427755447,1.0424509108045381,1.031034836317783,10,confirmation,1e-06
fine,F15,15,0.001874272245913744,0.007520289899797779,0.38011685013771057,0.6728543554156082,0.9666787639943979,1.0913323224649123,10,confirmation,1e-06
fine,F16,16,0.0016816281713545322,0.006747329283874369,0.3463875949382782,0.6036960968463032,0.8673202787799805,0.9944941360007431,10,confirmation,1e-06
coarse,F1,1,0.005736003629863262,0.0017921941587509698,0.24017880856990814,1.9808673348369175,0.21720161922135975,0.8213407832299514,10,design,1e-06
coarse,F2,2,0.004031526390463114,0.004003265193621437,0.27507835626602173,1.3922444007574204,0.48516823804016646,0.9406869570650743,10,design,1e-06
coarse,F3,3,0.0035792526323348284,0.005713112320621364,0.2678334712982178,1.2360565090315552,0.6923899627578723,0.9159115843779582,10,design,1e-06
coarse,F4,4,0.0032129650935530663,0.007055417028412759,0.2975787818431854,1.1095630359533486,0.855068071375264,1.0176317852811565,10,design,1e-06
coarse,F5,5,0.003178653307259083,0.008832147043620198,0.2950633466243744,1.0977138285512122,1.070395542641657,1.0090297377271522,10,design,1e-06
coarse,F6,6,0.0029464506078511477,0.009949062564301715,0.2869375944137573,1.0175251166885773,1.2057580302610595,0.9812420585195665,10,design,1e-06
coarse,F7,7,0.0027737165801227093,0.01092639400508621,0.28460943698883057,0.9578732727879424,1.3242038863742605,0.9732804458599909,10,design,1e-06
coarse,F8,8,0.002586028538644314,0.010376125633302601,0.28630512952804565,0.8930572206208114,1.2575151401945512,0.9790792148961472,10,design,1e-06
coarse,F9,9,0.002640622202306986,0.010595176820047972,0.3074358105659485,0.9119105568487451,1.2840626390919998,1.0513399202314466,10,design,1e-06
coarse,F10,10,0.0024818237870931625,0.009958016535919687,0.2998310625553131,0.8570712272703517,1.2068431901051475,1.025333921931627,10,design,1e-06
coarse,F11,11,0.002291808370500803,0.009195602973859482,0.2742968797683716,0.7914514410687508,1.1144439043540932,0.9380145376185896,10,design,1e-06
coarse,F12,12,0.0023509454913437366,0.00943288377191121,0.3122105896472931,0.8118738115052324,1.1432007068999122,1.0676682583299348,10,design,1e-06
coarse,F13,13,0.0023887332063168287,0.009584502530938038,0.3363885283470154,0.8249233935973048,1.1615758588354097,1.1503496873317594,10,design,1e-06
coarse,F14,14,0.0023605255410075188,0.009471322254546222,0.29878973960876465,0.8151821789104242,1.1478591869133474,1.0217729041648806,10,design,1e-06
coarse,F15,15,0.0020126327872276306,0.008075444616217564,0.3157733976840973,0.6950411475482333,0.978688407174186,1.0798520124291022,10,design,1e-06
coarse,F16,16,0.0017595590325072408,0.007060017490382781,0.30045458674430847,0.6076448405758647,0.8556256157597137,1.0274661910056626,10,design,1e-06
fine,F1,1,0.006186864338815212,0.0017980783843751355,0.26182401180267334,2.2934233151645227,0.240802898983383,0.9604541906035391,10,design,1e-06
fine,F2,2,0.0039666928350925446,0.003927628674552815,0.2773377001285553,1.4704227107458188,0.5259972975489926,1.0173633597119105,10,design,1e-06
fine,F3,3,0.0032903067767620087,0.005299314580868137,0.24512846767902374,1.2196915695285628,0.7096967099915518,0.8992095965437295,10,design,1e-06
fine,F4,4,0.002889480907469988,0.0063482271747533495,0.2732345163822174,1.0711084838791616,0.8501695589966943,1.0023115697830451,10,design,1e-06
fine,F5,5,0.0029544360004365444,0.008196810753190864,0.28223493695259094,1.0951868402952822,1.0977362327129379,1.0353279902193977,10,design,1e-06
fine,F6,6,0.0026765670627355576,0.009046589005114245,0.26393625140190125,0.9921829492473853,1.2115405408756734,0.9682025608185909,10,design,1e-06
fine,F7,7,0.0026211398653686047,0.010317650379605386,0.2750353515148163,0.9716365108944249,1.3817640786385375,1.0089176088463923,10,design,1e-06
fine,F8,8,0.0024678048212081194,0.00990176766588709,0.28082260489463806,0.9147963821876781,1.326068084531337,1.0301471046533828,10,design,1e-06
fine,F9,9,0.0023072801996022463,0.009257682194408326,0.27459344267845154,0.8552911320823601,1.2398106387642744,1.0072965459391783,10,design,1e-06
fine,F10,10,0.002217961475253105,0.008899301838901872,0.2736862897872925,0.8221813637595102,1.1918154961194558,1.0039688190823746,10,design,1e-06
fine,F11,11,0.0021949904039502144,0.008807132659100124,0.2666630446910858,0.8136661632289544,1.1794719821291608,0.9782053104651005,10,design,1e-06
fine,F12,12,0.002097196877002716,0.008414748502819038,0.28809550404548645,0.7774148503681793,1.1269229702681065,1.0568264241671859,10,design,1e-06
fine,F13,13,0.0020482446998357773,0.008218332895217813,0.3019828200340271,0.759268652505334,1.1006185287448889,1.1077695395277503,10,design,1e-06
fine,F14,14,0.0019386425847187638,0.00777856807821152,0.2440757006406784,0.7186399862803945,1.0417241870264031,0.8953477104365449,10,design,1e-06
fine,F15,15,0.0017531034536659718,0.0070341147058747,0.2833363115787506,0.6498620487455097,0.9420252352040327,1.03936818450042,10,design,1e-06
fine,F16,16,0.001551763154566288,0.006226260987414672,0.26968300342559814,0.5752267390070324,0.8338355594645713,0.989283484701458,10,design,1e-06
coarse,F1,1,0.0066725220531225204,0.0017158473800643619,0.28902655839920044,2.2240583499126,0.20778026064614513,0.9138198747339074,11,confirmation,1e-06
coarse,F2,2,0.00455073919147253,0.0041103282430088595,0.33919787406921387,1.516834177015968,0.49773953301228757,1.0724473228644105,11,confirmation,1e-06
coarse,F3,3,0.0037045469507575035,0.0056861315817254635,0.3153938353061676,1.2347847654725765,0.6885611831483971,0.9971857142389375,11,confirmation,1e-06
coarse,F4,4,0.0036104493774473667,0.007845425288837013,0.3156221807003021,1.2034205388786776,0.9500405049621993,0.9979076775097864,11,confirmation,1e-06
coarse,F5,5,0.003169738920405507,0.008925343593129513,0.2978269159793854,1.0565246928890701,1.080813037152109,0.9416441055107578,11,confirmation,1e-06
coarse,F6,6,0.0030869166366755962,0.010752100470550814,0.30480214953422546,1.028918700698735,1.3020238654214031,0.9636978125770816,11,confirmation,1e-06
coarse,F7,7,0.003004135563969612,0.012005249274155971,0.32367295026779175,1.0013264448019847,1.4537737168748102,1.0233619239237564,11,confirmation,1e-06
coarse,F8,8,0.002645739121362567,0.010618789293227043,0.3210708498954773,0.8818671767151663,1.2858805699901168,1.0151348217174976,11,confirmation,1e-06
coarse,F9,9,0.002582900458946824,0.010366583594379399,0.3218178153038025,0.8609220452146013,1.2553397617271809,1.0174965141503554,11,confirmation,1e-06
coarse,F10,10,0.0026085316203534603,0.01046945494411943,0.3186148703098297,0.8694653213687371,1.267796951166257,1.0073697119305773,11,confirmation,1e-06
coarse,F11,11,0.0025272902566939592,0.010143389701101034,0.3298434317111969,0.8423862751300447,1.2283121333618499,1.0428712334172883,11,confirmation,1e-06
coarse,F12,12,0.0020669298246502876,0.008295712668430443,0.30323082208633423,0.688940778104379,1.0045679822801896,0.9587297215492161,11,confirmation,1e-06
coarse,F13,13,0.002110810484737158,0.008471828760468024,0.32780027389526367,0.7035669041312252,1.0258947319274552,1.036411348797139,11,confirmation,1e-06
coarse,F14,14,0.0020969570614397526,0.00841622801401398,0.3351284861564636,0.698949336513738,1.0191617685388885,1.0595810742633498,11,confirmation,1e-06
coarse,F15,15,0.0019538970664143562,0.007842050703322789,0.3087887763977051,0.6512651514422487,0.9496318600757923,0.9763023942500365,11,confirmation,1e-06
coarse,F16,16,0.0016103929374366999,0.006463381529490492,0.3087053894996643,0.5367697297411399,0.7826821397149202,0.9760387485659024,11,confirmation,1e-06
fine,F1,1,0.0067040277644991875,0.0017769993689368305,0.3047521412372589,2.3996277747507206,0.23471425668389428,0.9922857163685572,11,confirmation,1e-06
fine,F2,2,0.00421272125095129,0.003800527904115141,0.33934178948402405,1.5078939521397534,0.5019912204890009,1.1049110575724976,11,confirmation,1e-06
fine,F3,3,0.0035106102004647255,0.005354748381149139,0.31695878505706787,1.25658157144993,0.7072798156156154,1.0320310591183068,11,confirmation,1e-06
fine,F4,4,0.0032580490224063396,0.007062575699327265,0.29687419533729553,1.1661802725618222,0.9328575094166294,0.9666347950686409,11,confirmation,1e-06
fine,F5,5,0.003091714344918728,0.00869113787193192,0.30490079522132874,1.1066427339321183,1.1479654979102358,0.9927697399572838,11,confirmation,1e-06
fine,F6,6,0.002842552028596401,0.009892409688883287,0.29109054803848267,1.0174580175688583,1.3066350092898282,0.9478029975960267,11,confirmation,1e-06
fine,F7,7,0.002645812463015318,0.01056655759221311,0.29722607135772705,0.9470374073708,1.3956795676566298,0.9677805181063504,11,confirmation,1e-06
fine,F8,8,0.002482142299413681,0.009962185940551675,0.32036060094833374,0.8884536001025403,1.3158513778101686,1.0431075139215915,11,confirmation,1e-06
fine,F9,9,0.0022765989415347576,0.009137229008090157,0.2952462434768677,0.8148817761471486,1.206887268658696,0.9613341157313937,11,confirmation,1e-06
fine,F10,10,0.0023861932568252087,0.009577090415837873,0.3062712848186493,0.8541097704460953,1.2649861882014786,0.9972321113989799,11,confirmation,1e-06
fine,F11,11,0.002228340832516551,0.008943542711409194,0.3053719997406006,0.7976083544333757,1.1813042909998308,0.9943040015774434,11,confirmation,1e-06
fine,F12,12,0.0019807068165391684,0.007949653367538223,0.3050226867198944,0.7089706751774663,1.0500268113053453,0.9931666237740223,11,confirmation,1e-06
fine,F13,13,0.0019363133469596505,0.007771477650680569,0.3196069002151489,0.6930805556310237,1.0264925424291638,1.0406534328151569,11,confirmation,1e-06
fine,F14,14,0.0018437893595546484,0.007400128711867736,0.3108683228492737,0.6599626841354072,0.9774430651657279,1.012200259471286,11,confirmation,1e-06
fine,F15,15,0.0017503522103652358,0.007025114438241376,0.28548774123191833,0.626517957134759,0.9279094536075402,0.9295600243287839,11,confirmation,1e-06
fine,F16,16,0.0015505258925259113,0.006223103255918549,0.3145616948604584,0.5549924803232485,0.8219761247602156,1.0242260331936788,11,confirmation,1e-06
coarse,F1,1,0.006041339598596096,0.0016342284352718385,0.228207066655159,2.1731978124765488,0.21292230319550837,0.790304518272548,11,design,1e-06
coarse,F2,2,0.004228522069752216,0.0038267717098231825,0.25370433926582336,1.5210889508892678,0.4985869959626731,0.8786041929635351,11,design,1e-06
coarse,F3,3,0.003405790077522397,0.005239998027886692,0.2841234505176544,1.2251348273727205,0.6827151117658579,0.9839487005483265,11,design,1e-06
coarse,F4,4,0.0033543903846293688,0.007286229162486909,0.295422226190567,1.2066452691656213,0.9493169139655386,1.0230775215621999,11,design,1e-06
coarse,F5,5,0.0031132972799241543,0.008780725924428563,0.2706155478954315,1.11991897291995,1.1440336902758925,0.9371694459389162,11,design,1e-06
coarse,F6,6,0.002959590870887041,0.01029210126524396,0.30916890501976013,1.0646275220038808,1.3409495629982893,1.070683682708688,11,design,1e-06
coarse,F7,7,0.0027952375821769238,0.01116913967684626,0.29262641072273254,1.0055061629627247,1.455218189439261,1.0133953253494739,11,design,1e-06
coarse,F8,8,0.002401425503194332,0.009638225283511687,0.29147106409072876,0.863843616998467,1.2557565893418854,1.009394241260245,11,design,1e-06
coarse,F9,9,0.0023502625990659,0.009432881089182455,0.32055944204330444,0.845439236725308,1.2290024600777394,1.1101302827075419,11,design,1e-06
coarse,F10,10,0.002363856416195631,0.009487440276686382,0.2982514202594757,0.8503292206713193,1.2361109325611954,1.0328753112998292,11,design,1e-06
coarse,F11,11,0.0023899804800748825,0.009592290087131852,0.2998330295085907,0.8597265997705807,1.249771729698132,1.0383525866271792,11,design,1e-06
coarse,F12,12,0.0018825996667146683,0.007555894976955131,0.2708345055580139,0.6772109746030726,0.9844514551780195,0.9379277188205826,11,design,1e-06
coarse,F13,13,0.0019712678622454405,0.00791176897726862,0.30539801716804504,0.7091068025761426,1.0308179913113495,1.057624710649717,11,design,1e-06
coarse,F14,14,0.001967733260244131,0.007897583597495046,0.3109034597873688,0.7078353313714769,1.0289697896353152,1.076690624080507,11,design,1e-06
coarse,F15,15,0.0017699743621051311,0.0071038687115362945,0.3136903643608093,0.6366972670697585,0.9255573180668676,1.0863419609504237,11,design,1e-06
coarse,F16,16,0.001483624568209052,0.005954591870803704,0.27532511949539185,0.5336911811608186,0.7758189665264748,0.9534791762602869,11,design,1e-06
fine,F1,1,0.006677940953522921,0.0017309426588156076,0.25291934609413147,2.5723110230800517,0.24992881392095662,0.9441973514780124,11,design,1e-06
fine,F2,2,0.0039146700873970985,0.003530818642733963,0.23080068826675415,1.5079122573285184,0.5098108311411756,0.8616240787672514,11,design,1e-06
fine,F3,3,0.003292517736554146,0.005018134912778045,0.28281503915786743,1.268262137441755,0.7245627118024386,1.0558038167298773,11,design,1e-06
fine,F4,4,0.002946162596344948,0.006388214971274973,0.26236802339553833,1.134847788428898,0.9223869911065224,0.9794711105665656,11,design,1e-06
fine,F5,5,0.002960937563329935,0.008340869140196976,0.2596048414707184,1.1405390352826275,1.2043284742348064,0.9691556123836156,11,design,1e-06
fine,F6,6,0.002650435548275709,0.009213112514180152,0.2858350872993469,1.0209351391758195,1.3302706889001918,1.067078246703533,11,design,1e-06
fine,F7,7,0.002453204244375229,0.009798365548002227,0.25887954235076904,0.9449625810698644,1.4147746993836348,0.966447929010788,11,design,1e-06
fine,F8,8,0.0022683588322252035,0.009104156503180371,0.2837008237838745,0.8737610094254717,1.3145386561491088,1.059110623863344,11,design,1e-06
fine,F9,9,0.0020802151411771774,0.00834903332652858,0.295348197221756,0.8012889564717104,1.2055072916821061,1.1025925453594958,11,design,1e-06
fine,F10,10,0.0021927787456661463,0.008800812778974414,0.28554993867874146,0.844647920355907,1.27073920570802,1.066013731171166,11,design,1e-06
fine,F11,11,0.002015630714595318,0.00808982193893252,0.25371861457824707,0.7764113432115661,1.1680800584189217,0.947181176944416,11,design,1e-06
fine,F12,12,0.0018018484115600586,0.00723179733911666,0.2620353102684021,0.6940634191337212,1.0441908761546663,0.9782290274349451,11,design,1e-06
fine,F13,13,0.001712591852992773,0.006873561989656811,0.27015209197998047,0.6596822182392005,0.9924656872588525,1.0085305599707168,11,design,1e-06
fine,F14,14,0.001658157561905682,0.006655087680626033,0.2657071650028229,0.638714388788267,0.9609204337808286,0.9919367788141605,11,design,1e-06
fine,F15,15,0.001560951117426157,0.006264945268741143,0.2855212390422821,0.6012709297356392,0.9045882209452104,1.0659065898189848,11,design,1e-06
fine,F16,16,0.0013509776908904314,0.005422208004371253,0.25091663002967834,0.5203901667293717,0.78290635941256,0.9367208209831276,11,design,1e-06
coarse,F1,1,0.00907125510275364,0.0021379433939517425,0.300272673368454,2.3304909184668556,0.20549736279514427,0.991947071039238,12,confirmation,1e-06
coarse,F2,2,0.005569775588810444,0.004369842504292975,0.30250826478004456,1.430927835298212,0.4200256718689366,0.9993323196797183,12,confirmation,1e-06
coarse,F3,3,0.004690310452133417,0.006416701086768123,0.2791825234889984,1.2049849540852409,0.6167680374073314,0.9222760211697285,12,confirmation,1e-06
coarse,F4,4,0.004410775378346443,0.008587031190634987,0.2858215570449829,1.1331697594430186,0.8253783841551832,0.9442079865947312,12,confirmation,1e-06
coarse,F5,5,0.004172568675130606,0.010701002497124468,0.3030967116355896,1.0719722126565852,1.0285715695955269,1.0012762466054426,12,confirmation,1e-06
coarse,F6,6,0.0039642564952373505,0.012771477556033932,0.2964525520801544,1.0184548506214355,1.227583931448836,0.9793273475045106,12,confirmation,1e-06
coarse,F7,7,0.004128378815948963,0.016009609699627003,0.3511391282081604,1.0606194214116464,1.5388305331002468,1.1599837768985242,12,confirmation,1e-06
coarse,F8,8,0.0033866181038320065,0.013595543060239414,0.2836441397666931,0.8700541045196842,1.3067924307775602,0.9370149154857279,12,confirmation,1e-06
coarse,F9,9,0.0033795249182730913,0.013567067648208794,0.3030581772327423,0.86823179830728,1.3040553975645426,1.0011489486811598,12,confirmation,1e-06
coarse,F10,10,0.0031168146524578333,0.012512420225407054,0.3119172155857086,0.8007390553808219,1.202683553633793,1.030414672557625,12,confirmation,1e-06
coarse,F11,11,0.0032392768189311028,0.013004042770913807,0.29695773124694824,0.8322007399645899,1.249937908860447,0.9809962006479875,12,confirmation,1e-06
coarse,F12,12,0.0030498565174639225,0.012243616392684174,0.3419421911239624,0.783536879523876,1.1768463500436284,1.1296018087331827,12,confirmation,1e-06
coarse,F13,13,0.0027672206051647663,0.011108977606910694,0.30709558725357056,0.71092505024726,1.06778580201361,1.0144864828624032,12,confirmation,1e-06
coarse,F14,14,0.002565492410212755,0.010299142599580185,0.2959368824958801,0.6590991759874055,0.989945126354747,0.977623839396341,12,confirmation,1e-06
coarse,F15,15,0.0024733205791562796,0.009929119397649795,0.29329127073287964,0.635419364011842,0.9543788001438546,0.968884093584723,12,confirmation,1e-06
coarse,F16,16,0.0022933122236281633,0.009206478391337428,0.29104945063591003,0.5891735211759279,0.8849191402366136,0.9614782685589566,12,confirmation,1e-06
fine,F1,1,0.008596166037023067,0.0020472011799180494,0.29649659991264343,2.2689877704114707,0.20501143853216175,0.9610204898677042,12,confirmation,1e-06
fine,F2,2,0.005824245512485504,0.004562453948405196,0.3428611159324646,1.537329756403824,0.45689464053392803,1.1112996158710897,12,confirmation,1e-06
fine,F3,3,0.005051450803875923,0.0068770997237764375,0.31957364082336426,1.333347918998427,0.6886885964753978,1.0358190176324478,12,confirmation,1e-06
fine,F4,4,0.0045216199941933155,0.008831565497735186,0.3084814250469208,1.1934972434322102,0.8844132979906625,0.9998663401233746,12,confirmation,1e-06
fine,F5,5,0.004139927215874195,0.010609540467436547,0.31964200735092163,1.0927481138399688,1.0624638041100678,1.0360406108440499,12,confirmation,1e-06
fine,F6,6,0.003805577289313078,0.012253088037732215,0.2965524196624756,1.0044952937876621,1.2270524410196277,0.961201415798537,12,confirmation,1e-06
fine,F7,7,0.003697463311254978,0.014308553990399594,0.34007319808006287,0.9759582351771334,1.432891532919276,1.102263268806687,12,confirmation,1e-06
fine,F8,8,0.003348302561789751,0.01344172598237676,0.29075920581817627,0.8837960471700409,1.3460853808771776,0.9424241441259539,12,confirmation,1e-06
fine,F9,9,0.0031799739226698875,0.012765971797595862,0.2973625063896179,0.8393651204140886,1.2784138013201523,0.9638271118219754,12,confirmation,1e-06
fine,F10,10,0.003023822559043765,0.0121391039411724,0.32239967584609985,0.7981484276612059,1.215637811214436,1.0449789120890212,12,confirmation,1e-06
fine,F11,11,0.0029710056260228157,0.011927072118695356,0.27966099977493286,0.7842072154301915,1.194404456443531,0.9064520506467272,12,confirmation,1e-06
fine,F12,12,0.0027789240702986717,0.011155961567245248,0.33567652106285095,0.7335066241453558,1.1171836708310279,1.0880125262952518,12,confirmation,1e-06
fine,F13,13,0.002552831545472145,0.01024831611760454,0.2947559654712677,0.6738287198792701,1.0262899662291864,0.9553786532866966,12,confirmation,1e-06
fine,F14,14,0.0024871714413166046,0.009984724087599907,0.299809992313385,0.6564975081866142,0.9998932535919723,0.9717600328810904,12,confirmation,1e-06
fine,F15,15,0.00241189356893301,0.00968252038892035,0.2985486388206482,0.6366276532902188,0.9696298795749079,0.9676716671060919,12,confirmation,1e-06
fine,F16,16,0.0022263708524405956,0.008937741710465411,0.2937086820602417,0.587658290315864,0.8950460283364859,0.9519841428033013,12,confirmation,1e-06
coarse,F1,1,0.008092127740383148,0.0019768007678956905,0.24414201080799103,2.271156507403174,0.20741903850215115,0.8672889719095039,12,design,1e-06
coarse,F2,2,0.005195814650505781,0.004076125314199272,0.2467145323753357,1.4582701402336267,0.4276940839038082,0.8764275858578918,12,design,1e-06
coarse,F3,3,0.004399705678224564,0.006025585551069771,0.25401976704597473,1.2348322347770166,0.632244372681919,0.902378668369615,12,design,1e-06
coarse,F4,4,0.004041940905153751,0.007880054347959426,0.2357264906167984,1.1344210921767242,0.8268275299884372,0.8373937161501693,12,design,1e-06
coarse,F5,5,0.0039461227133870125,0.010132494719428568,0.271408349275589,1.1075285224175213,1.0631685025948432,0.9641497890176981,12,design,1e-06
coarse,F6,6,0.003638344816863537,0.011713972122117748,0.26196083426475525,1.0211468197368052,1.229107593476448,0.930588479541593,12,design,1e-06
coarse,F7,7,0.003642703639343381,0.014129108794652543,0.3282921016216278,1.0223701775924048,1.4825197403169763,1.1662233728604674,12,design,1e-06
coarse,F8,8,0.003170453943312168,0.012727753018969397,0.2889379560947418,0.8898274144686882,1.3354802043595662,1.0264218847780533,12,design,1e-06
coarse,F9,9,0.0030385321006178856,0.01219815458052334,0.25187110900878906,0.8528019050951113,1.2799112260999836,0.8947457853033679,12,design,1e-06
coarse,F10,10,0.0028404328040778637,0.011402887909956081,0.27511075139045715,0.7972028684902395,1.196466576117648,0.9773021854986338,12,design,1e-06
coarse,F11,11,0.003032495267689228,0.01217392033828502,0.295305460691452,0.8511075926929967,1.277368408783471,1.0490417792281448,12,design,1e-06
coarse,F12,12,0.002894595731049776,0.01162032379845988,0.3311961889266968,0.812404369010106,1.2192813906714326,1.1765398394317597,12,design,1e-06
coarse,F13,13,0.0024892149958759546,0.009992927907802658,0.3000420331954956,0.6986292131791733,1.0485242276914735,1.0658679579091974,12,design,1e-06
coarse,F14,14,0.0023293565027415752,0.009351176780191837,0.31192082166671753,0.6537629346682731,0.9811874459537745,1.1080661121991568,12,design,1e-06
coarse,F15,15,0.0021628709509968758,0.008682823107681332,0.29314616322517395,0.6070366895613614,0.911059348887583,1.041371100702244,12,design,1e-06
coarse,F16,16,0.002093267161399126,0.008403398908900848,0.3142084777355194,0.5875015184967773,0.8817403099704856,1.116192771242504,12,design,1e-06
fine,F1,1,0.007896788418293,0.0018514018545688097,0.2350263148546219,2.3883069988807866,0.21539191488785941,0.9080809536084146,12,design,1e-06
fine,F2,2,0.0051973359659314156,0.004058404527507924,0.24586506187915802,1.571883809652841,0.47215439501278805,0.9499590715546935,12,design,1e-06
fine,F3,3,0.004417299758642912,0.006023921254698253,0.25654271245002747,1.335969430975558,0.7008224232795323,0.9912147544287164,12,design,1e-06
fine,F4,4,0.003947209566831589,0.007716995356212605,0.22500458359718323,1.1937952158721874,0.8977945025027925,0.8693595734825703,12,design,1e-06
fine,F5,5,0.0036516604013741016,0.009367386364559908,0.25149476528167725,1.104409239829021,1.0898008347447043,0.9717107908779293,12,design,1e-06
fine,F6,6,0.0032737362198531628,0.010533598057471626,0.2318435162305832,0.990109739834584,1.2254777916846498,0.8957834421086984,12,design,1e-06
fine,F7,7,0.003177961567416787,0.012303068786347826,0.2991131842136383,0.9611436259395614,1.4313378472366767,1.1556960578034972,12,design,1e-06
fine,F8,8,0.00298490421846509,0.011982866790209063,0.27920329570770264,0.902755304857207,1.3940855775962178,1.0787693930090008,12,design,1e-06
fine,F9,9,0.002720707096159458,0.010922249682169809,0.2192651331424713,0.8228514499147316,1.2706934845724132,0.8471838199065211,12,design,1e-06
fine,F10,10,0.0026141207199543715,0.010494360004427716,0.25413739681243896,0.7906154351208876,1.2209128403421075,0.9819212362996437,12,design,1e-06
fine,F11,11,0.002566805575042963,0.010304413899042303,0.24994374811649323,0.7763054288551502,1.1988145285879668,0.9657180613093509,12,design,1e-06
fine,F12,12,0.002391621470451355,0.009601139161474018,0.28140988945961,0.7233226970246268,1.1169956128062448,1.0872951011183154,12,design,1e-06
fine,F13,13,0.0021388647146523,0.008586449971610255,0.2601832449436188,0.6468788698744782,0.9989467693952782,1.005280831329372,12,design,1e-06
fine,F14,14,0.0020704050548374653,0.008311618529413659,0.28634676337242126,0.626173910337002,0.9669729056659995,1.1063699063092287,12,design,1e-06
fine,F15,15,0.0019968559499830008,0.008016357673672618,0.2773248851299286,0.6039296975531796,0.9326222859166731,1.071511699887325,12,design,1e-06
fine,F16,16,0.0018567282240837812,0.007453816381849903,0.2883591651916504,0.5615494271476699,0.8671762857680968,1.1141453069667222,12,design,1e-06
coarse,F1,1,0.01167907565832138,0.0022898433554477933,0.35878217220306396,2.679487717771068,0.2133962937799963,1.2237739986048626,13,confirmation,1e-06
coarse,F2,2,0.0067623755894601345,0.004606007210209184,0.30934491753578186,1.5514671593040812,0.42924546146099457,1.0551479310030842,13,confirmation,1e-06
coarse,F3,3,0.005693844519555569,0.006959975985355655,0.2962080240249634,1.3063179744175117,0.6486177652891143,1.0103391585875987,13,confirmation,1e-06
coarse,F4,4,0.004940604325383902,0.00879374234506696,0.2624756395816803,1.133504824827507,0.8195110903237007,0.8952810029965544,13,confirmation,1e-06
coarse,F5,5,0.004913453012704849,0.011548537981065731,0.2927883267402649,1.1272755982197449,1.0762374630883937,0.99867487606649,13,confirmation,1e-06
coarse,F6,6,0.004412767011672258,0.013157967610020988,0.2740945518016815,1.0124050357304215,1.226224280789993,0.9349120765797261,13,confirmation,1e-06
coarse,F7,7,0.004116779193282127,0.015011299465307507,0.291613906621933,0.9444976304537783,1.3989409638424048,0.994669033759923,13,confirmation,1e-06
coarse,F8,8,0.0039191581308841705,0.01573969109375401,0.31077370047569275,0.899158151118279,1.466821621949895,1.0600213822138191,13,confirmation,1e-06
coarse,F9,9,0.003347697202116251,0.013444827081983217,0.2844156324863434,0.7680499551773883,1.2529574405088837,0.9701163625168862,13,confirmation,1e-06
coarse,F10,10,0.0036369459703564644,0.014606491873356333,0.2863400876522064,0.83441124476522,1.361215920506638,0.976680507493775,13,confirmation,1e-06
coarse,F11,11,0.0032758088782429695,0.013156115015022327,0.2779882848262787,0.7515568793120597,1.2260516327764732,0.9481932527422756,13,confirmation,1e-06
coarse,F12,12,0.0030436511151492596,0.012223736129490948,0.31057244539260864,0.6982937707413418,1.1391608862554254,1.0593349190703105,13,confirmation,1e-06
coarse,F13,13,0.0027533844113349915,0.011057983825076141,0.29005303978919983,0.6316989399086411,1.030521480579153,0.9893450561680195,13,confirmation,1e-06
coarse,F14,14,0.0028256678488105536,0.011348283949203944,0.30209583044052124,0.6482826652461889,1.057575283375472,1.0304219412853426,13,confirmation,1e-06
coarse,F15,15,0.0025127283297479153,0.010091473735583546,0.27522310614585876,0.5764860931316759,0.9404499608361097,0.9387614748202692,13,confirmation,1e-06
coarse,F16,16,0.0019052127609029412,0.007651605345534129,0.26805949211120605,0.43710601266143967,0.7130724546373531,0.9143270260910633,13,confirmation,1e-06
fine,F1,1,0.009737806394696236,0.0020991589378302404,0.31734174489974976,2.316171347976729,0.19941206922835397,1.0613086514779544,13,confirmation,1e-06
fine,F2,2,0.006846313364803791,0.0046919520704440925,0.33810850977897644,1.6284196062334373,0.4457174986733572,1.1307604257363153,13,confirmation,1e-06
fine,F3,3,0.005896963179111481,0.007147120691099608,0.32853612303733826,1.4026133404101058,0.6789491259342718,1.0987468094142558,13,confirmation,1e-06
fine,F4,4,0.005092134699225426,0.00905488315800097,0.2771630585193634,1.211182068356571,0.860179262569002,0.9269362023884267,13,confirmation,1e-06
fine,F5,5,0.004738259594887495,0.011161089206090751,0.29342252016067505,1.1270116356936037,1.0602607803148598,0.9813138806663014,13,confirmation,1e-06
fine,F6,6,0.004480224102735519,0.013334607307792807,0.28778091073036194,1.0656369903721485,1.2667366856665976,0.962446243512096,13,confirmation,1e-06
fine,F7,7,0.003966229036450386,0.014469868241246159,0.2914741337299347,0.9433814640988557,1.3745821316565254,0.9747977528369159,13,confirmation,1e-06
fine,F8,8,0.0036847065202891827,0.014798060339098583,0.30730611085891724,0.8764203478768243,1.405759125526648,1.0277457641434598,13,confirmation,1e-06
fine,F9,9,0.00347344484180212,0.013949847481442713,0.3114880919456482,0.8261710179144093,1.3251821486989261,1.0417318620300358,13,confirmation,1e-06
fine,F10,10,0.003389575984328985,0.013613018278838493,0.2722204029560089,0.8062225164970243,1.2931846629167059,0.9104061265475665,13,confirmation,1e-06
fine,F11,11,0.0031435638666152954,0.012624999601676854,0.2720879316329956,0.7477076728856462,1.199326668031996,0.9099630932453101,13,confirmation,1e-06
fine,F12,12,0.0029266714118421078,0.011753929482650145,0.31660041213035583,0.6961190430673733,1.116578338809413,1.0588293593759006,13,confirmation,1e-06
fine,F13,13,0.00271924352273345,0.010920867440399842,0.2991814911365509,0.6467815933326525,1.0374406314891462,1.0005740184153968,13,confirmation,1e-06
fine,F14,14,0.0026981409173458815,0.010836117411547226,0.3020137846469879,0.6417622647502967,1.0293897029405288,1.0100462597907043,13,confirmation,1e-06
fine,F15,15,0.0024878252297639847,0.009991459791046918,0.27983972430229187,0.5917379420370693,0.9491504600428168,0.9358879668448628,13,confirmation,1e-06
fine,F16,16,0.001987194176763296,0.007980855120911828,0.2895927131175995,0.47266109311766896,0.7581507075008515,0.968505583574498,13,confirmation,1e-06
coarse,F1,1,0.010028883814811707,0.0020550337241898448,0.26115477085113525,2.540761206813157,0.21024630561027524,1.0122113245697402,13,design,1e-06
coarse,F2,2,0.006066682282835245,0.004131600811876988,0.23836055397987366,1.5369597736812426,0.4226956456863012,0.9238630842653669,13,design,1e-06
coarse,F3,3,0.005392828956246376,0.00656097705130919,0.25675514340400696,1.3662428302113834,0.6712401699273151,0.9951587824646999,13,design,1e-06
coarse,F4,4,0.004668853711336851,0.008310261357963002,0.24399356544017792,1.1828277811465526,0.8502058767217308,0.9456961067790597,13,design,1e-06
coarse,F5,5,0.0045980471186339855,0.010852849502024003,0.26062729954719543,1.1648893298444885,1.1103328798384582,1.0101668954157432,13,design,1e-06
coarse,F6,6,0.0040498338639736176,0.012023650430793061,0.24942143261432648,1.0260025906796877,1.2301151330352107,0.9667340093378658,13,design,1e-06
coarse,F7,7,0.0038405265659093857,0.014022827471511373,0.2682482600212097,0.9729757660554896,1.4346468553735439,1.0397050212970154,13,design,1e-06
coarse,F8,8,0.0034037702716886997,0.0136698160840507,0.2512766420841217,0.8623260198146886,1.3985309808852926,0.9739246267202538,13,design,1e-06
coarse,F9,9,0.002938108518719673,0.011799861788624386,0.24884971976280212,0.7443532384675823,1.207219773849778,0.9645181041073047,13,design,1e-06
coarse,F10,10,0.0033675064332783222,0.013524384878860278,0.27864834666252136,0.8531387806817404,1.3836522111347913,1.0800147787658645,13,design,1e-06
coarse,F11,11,0.0029979022219777107,0.012040000882357663,0.2770122289657593,0.759501636280841,1.2317879143604284,1.0736733404854375,13,design,1e-06
coarse,F12,12,0.0027637449093163013,0.011099592584489946,0.24933013319969177,0.7001792004756657,1.1355766609563605,0.9663801413954244,13,design,1e-06
coarse,F13,13,0.0024922380689531565,0.010009182618079829,0.25058144330978394,0.6313944722728849,1.0240190430254281,0.9712301016693873,13,design,1e-06
coarse,F14,14,0.00257580797187984,0.010344811071492745,0.2732143700122833,0.6525664363053794,1.0583565050131016,1.0589531964524637,13,design,1e-06
coarse,F15,15,0.0022096980828791857,0.008874461302370908,0.2609673738479614,0.5598145587704417,0.9079280213955603,1.011484991414176,13,design,1e-06
coarse,F16,16,0.0017607092158868909,0.0070712584982823515,0.2596258819103241,0.4460657591422916,0.7234460231864228,1.0062854948601974,13,design,1e-06
fine,F1,1,0.008692042902112007,0.001864345356832655,0.22026386857032776,2.3649253540352557,0.2043385815720395,0.921186297689584,13,design,1e-06
fine,F2,2,0.006061963737010956,0.004154395040895431,0.23493409156799316,1.649335133103877,0.45533580290547293,0.982540020827272,13,design,1e-06
fine,F3,3,0.00518024293705821,0.0062606686467964155,0.24566900730133057,1.4094371139072817,0.6861905420529605,1.0274355243185556,13,design,1e-06
fine,F4,4,0.004562900401651859,0.00812329322162628,0.23528774082660675,1.2414709602022487,0.8903405200745064,0.9840190507441505,13,design,1e-06
fine,F5,5,0.004150496795773506,0.009806870007239987,0.23128169775009155,1.1292644565504664,1.074866252433652,0.9672650001865497,13,design,1e-06
fine,F6,6,0.003910993225872517,0.011628959278949667,0.23833200335502625,1.0641004817266446,1.2745734235938968,0.996750748166665,13,design,1e-06
fine,F7,7,0.00344187393784523,0.01255099428396635,0.23774197697639465,0.9364628123298303,1.3756315909524184,0.9942831432035872,13,design,1e-06
fine,F8,8,0.0031243383418768644,0.012547565681853005,0.22555570304393768,0.8500679348342515,1.375255804518833,0.9433177777111218,13,design,1e-06
fine,F9,9,0.0028940883930772543,0.011623070643759007,0.24373404681682587,0.7874216791940258,1.2739280091818916,1.0193431435914486,13,design,1e-06
fine,F10,10,0.002858332823961973,0.01147947145010336,0.23285314440727234,0.777693327309322,1.2581890499601227,0.9738370954536536,13,design,1e-06
fine,F11,11,0.0028296352829784155,0.011364217657715971,0.26500844955444336,0.7698853191074767,1.2455568429653585,1.108316829655469,13,design,1e-06
fine,F12,12,0.002523039933294058,0.010132886650098427,0.22182200849056244,0.6864670566732608,1.1105987834941788,0.9277027415971559,13,design,1e-06
fine,F13,13,0.0023850821889936924,0.009578828425062183,0.236989364027977,0.6489316037359344,1.049872120702168,0.9911355696135741,13,design,1e-06
fine,F14,14,0.002369293477386236,0.009515419093243167,0.2516940236091614,0.6446358213970149,1.042922242625747,1.0526333132348884,13,design,1e-06
fine,F15,15,0.0020524142310023308,0.008242787311196771,0.24025949835777283,0.5584195230675632,0.9034374780386462,1.0048119067984465,13,design,1e-06
fine,F16,16,0.0017696351278573275,0.007107106044253663,0.26431623101234436,0.4814811694319092,0.7789629549281076,1.1054218372078781,13,design,1e-06
coarse,F1,1,0.012322384864091873,0.0021879709005365295,0.33923614025115967,2.586683868137394,0.19572907272969883,1.1843457322124213,14,confirmation,1e-06
coarse,F2,2,0.008211572654545307,0.005118151729485752,0.2969375550746918,1.7237525650937284,0.4578539375713354,1.0366723481346407,14,confirmation,1e-06
coarse,F3,3,0.006250028498470783,0.00679766125152774,0.2763815224170685,1.3119901764718014,0.6080976365663119,0.9649068530690186,14,confirmation,1e-06
coarse,F4,4,0.005798144266009331,0.00924310887423104,0.2776156961917877,1.2171317811801665,0.8268597761740146,0.9692156169932131,14,confirmation,1e-06
coarse,F5,5,0.00512951985001564,0.010892759586005368,0.2844790816307068,1.0767758346836742,0.9744323988557422,0.9931771596728772,14,confirmation,1e-06
coarse,F6,6,0.004892468452453613,0.013187847076665366,0.2793859541416168,1.0270146047954607,1.1797437886325701,0.9753959651313654,14,confirmation,1e-06
coarse,F7,7,0.00449208403006196,0.014860677101274129,0.28916195034980774,0.9429669193939121,1.3293899605587063,1.009526053331059,14,confirmation,1e-06
coarse,F8,8,0.00425746152177453,0.01668368649926555,0.28517061471939087,0.8937155557997144,1.4924707122080494,0.9955914492048248,14,confirmation,1e-06
coarse,F9,9,0.003773303935304284,0.015156668719627528,0.27420926094055176,0.7920824196518266,1.3558684502780474,0.957323024862928,14,confirmation,1e-06
coarse,F10,10,0.0037622565869241953,0.015112294233989326,0.2938765585422516,0.7897633882179245,1.3518988467862034,1.0259857562614147,14,confirmation,1e-06
coarse,F11,11,0.003391633741557598,0.013623569590804543,0.2733039855957031,0.7119631778003277,1.2187221697614057,0.9541625155187443,14,confirmation,1e-06
coarse,F12,12,0.0032113129273056984,0.012899254580861493,0.2761649787425995,0.6741106884925152,1.1539272014071231,0.9641508529078768,14,confirmation,1e-06
coarse,F13,13,0.003277499694377184,0.013165114331981347,0.29552966356277466,0.6880044472540093,1.1777101879861847,1.0317570985320406,14,confirmation,1e-06
coarse,F14,14,0.0030956044793128967,0.01243447493570038,0.3204517364501953,0.6498214637092206,1.1123494596973427,1.1187653714131391,14,confirmation,1e-06
coarse,F15,15,0.0023877969942986965,0.009591342410159236,0.27149927616119385,0.5012403064554488,0.8580116653805375,0.9478618898983074,14,confirmation,1e-06
coarse,F16,16,0.001967358635738492,0.007902518558315901,0.24952995777130127,0.4129829494885355,0.7069347354067261,0.8711623128561288,14,confirmation,1e-06
fine,F1,1,0.010747827589511871,0.002101726673538373,0.31262534856796265,2.358832936528701,0.19523777597011532,1.1011803025944893,14,confirmation,1e-06
fine,F2,2,0.008088933303952217,0.004997475377235495,0.3077637851238251,1.7752836226518758,0.4642354262337229,1.0840561060793308,14,confirmation,1e-06
fine,F3,3,0.006479042582213879,0.007077789384312553,0.29925504326820374,1.4219598251661347,0.6574840941860679,1.054085219284031,14,confirmation,1e-06
fine,F4,4,0.005785961635410786,0.009230578495715815,0.28605392575263977,1.269848884477526,0.8574652637334124,1.0075860769497238,14,confirmation,1e-06
fine,F5,5,0.005054404027760029,0.010767192372326692,0.2905900478363037,1.1092934452017162,1.0002074573647326,1.0235639505021261,14,confirmation,1e-06
fine,F6,6,0.0046376995742321014,0.012491731777344993,0.26950234174728394,1.0178390390351106,1.1604068030968557,0.949285371754433,14,confirmation,1e-06
fine,F7,7,0.004212059546262026,0.013920405938573497,0.2779913544654846,0.9244235363468682,1.293122045918905,0.9791867653444812,14,confirmation,1e-06
fine,F8,8,0.0038757040165364742,0.01516431229684203,0.26254040002822876,0.8506033624287059,1.4086734703553516,0.9247628782203945,14,confirmation,1e-06
fine,F9,9,0.0037823026068508625,0.015192815927994477,0.2830743193626404,0.8301044923407985,1.411321286374124,0.9970908183880569,14,confirmation,1e-06
fine,F10,10,0.003547681262716651,0.01425038363439176,0.2861686050891876,0.778611988432709,1.323774990596454,1.007990019327076,14,confirmation,1e-06
fine,F11,11,0.0033596218563616276,0.013494984302740202,0.27743229269981384,0.7373384642679609,1.2536029328603895,0.9772175462548893,14,confirmation,1e-06
fine,F12,12,0.0031328843906521797,0.012584221032889073,0.27566608786582947,0.6875762404505259,1.168998499049002,0.9709963297654403,14,confirmation,1e-06
fine,F13,13,0.0031226384453475475,0.012543065579186479,0.29233160614967346,0.6853275559559939,1.1651754047565326,1.0296983529723263,14,confirmation,1e-06
fine,F14,14,0.0026761433109641075,0.010749576444777415,0.286050409078598,0.5873349690623201,0.9985710435723618,1.0075736899433496,14,confirmation,1e-06
fine,F15,15,0.0023767570964992046,0.00954699645099093,0.27678096294403076,0.5216284755834336,0.8868585900125714,0.9749233257099226,14,confirmation,1e-06
fine,F16,16,0.0020230174995958805,0.008126089947618298,0.25857725739479065,0.4439930087711266,0.7548649159194015,0.9108032469099291,14,confirmation,1e-06
coarse,F1,1,0.010916177183389664,0.0020009556593203045,0.2123681753873825,2.5228513458525734,0.1965541908335869,0.8680553671462331,14,design,1e-06
coarse,F2,2,0.007378275506198406,0.004586603165054389,0.23700374364852905,1.7052024695245616,0.4505427541998937,0.9687533046445284,14,design,1e-06
coarse,F3,3,0.005969224963337183,0.006476644751111977,0.24813464283943176,1.3795550383120259,0.6362018380776294,1.0142508786864102,14,design,1e-06
coarse,F4,4,0.005312704481184483,0.008458839284345918,0.24182045459747314,1.2278257695256054,0.8309131205289862,0.98844162086044,14,design,1e-06
coarse,F5,5,0.004632693249732256,0.009838887025228924,0.24747897684574127,1.070667524322828,0.9664754283480012,1.0115708425470964,14,design,1e-06
coarse,F6,6,0.004481742158532143,0.01206915770925759,0.25420743227005005,1.0357810290604026,1.1855552703211274,1.0390734183592274,14,design,1e-06
coarse,F7,7,0.003946872893720865,0.013059458409749716,0.2507190704345703,0.9121667250861522,1.2828326647303983,1.0248147319608878,14,design,1e-06
coarse,F8,8,0.004016753751784563,0.015707440200124816,0.27810579538345337,0.9283169774916915,1.542944334734144,1.136758028253144,14,design,1e-06
coarse,F9,9,0.0035762814804911613,0.014365267188983559,0.24737152457237244,0.8265188806144991,1.411102467606933,1.0111316311518874,14,design,1e-06
coarse,F10,10,0.003369490150362253,0.013534624171381458,0.23765283823013306,0.7787270779750002,1.3295082726352119,0.9714064801230063,14,design,1e-06
coarse,F11,11,0.0031315446831285954,0.012578840208710832,0.23965896666049957,0.7237352037900165,1.2356214628404067,0.979606534335403,14,design,1e-06
coarse,F12,12,0.0029312833212316036,0.01177442703740535,0.2536347806453705,0.6774525502661378,1.1566038298182255,1.036732703629248,14,design,1e-06
coarse,F13,13,0.0028824610635638237,0.011578316595649119,0.2443997710943222,0.6661691773054881,1.137339870112838,0.998984582509823,14,design,1e-06
coarse,F14,14,0.002754915738478303,0.011065990663800564,0.26006650924682617,0.6366920178893846,1.0870140128113512,1.0630224079238646,14,design,1e-06
coarse,F15,15,0.0021345806308090687,0.008574218018809624,0.21187910437583923,0.4933255962043011,0.8422467918606241,0.8660562883496509,14,design,1e-06
coarse,F16,16,0.0017957249656319618,0.007213097321660989,0.24986927211284637,0.41501224011086535,0.7085436905406404,1.0213411795191496,14,design,1e-06
fine,F1,1,0.009351448155939579,0.001819945776278575,0.16854192316532135,2.388174671157587,0.19726538332871285,0.781152462646206,14,design,1e-06
fine,F2,2,0.006950578652322292,0.004286128270339738,0.21651221811771393,1.7750401446455908,0.4645768831495021,1.0034835796299029,14,design,1e-06
fine,F3,3,0.005507337860763073,0.006014107649192977,0.22344303131103516,1.4064650271549406,0.6518739548516093,1.0356062805723452,14,design,1e-06
fine,F4,4,0.004956348799169064,0.00790709042204183,0.21935579180717468,1.2657533321274776,0.8570558768560373,1.0166628797620096,14,design,1e-06
fine,F5,5,0.004356937017291784,0.00928056433825387,0.22815591096878052,1.1126754332607085,1.0059278169462371,1.057449377421263,14,design,1e-06
fine,F6,6,0.0040573785081505775,0.010922724514776222,0.22492501139640808,1.0361741222197685,1.1839228764315939,1.0424749122548385,14,design,1e-06
fine,F7,7,0.0036492962390184402,0.012050652338894914,0.2270001918077469,0.9319579919864116,1.3061798785313297,1.0520928889475716,14,design,1e-06
fine,F8,8,0.003346370765939355,0.013084496970157296,0.22684529423713684,0.8545968250321353,1.4182391278488151,1.0513749748733312,14,design,1e-06
fine,F9,9,0.0031956126913428307,0.012836189096311214,0.21381664276123047,0.8160961982607376,1.3913248381176426,0.9909902172164454,14,design,1e-06
fine,F10,10,0.0030799000523984432,0.012371392155184626,0.20922815799713135,0.7865454817458554,1.3409451246358302,0.969723661655816,14,design,1e-06
fine,F11,11,0.0028137348126620054,0.01130225618618927,0.20696696639060974,0.718572150419903,1.2250606188976212,0.9592435665033673,14,design,1e-06
fine,F12,12,0.002709676045924425,0.01088427111012166,0.2302846908569336,0.6919976020835853,1.1797548810394525,1.0673157751746065,14,design,1e-06
fine,F13,13,0.0025773635134100914,0.010352796424224622,0.21079197525978088,0.6582076014806575,1.1221479132882668,0.9769715895476148,14,design,1e-06
fine,F14,14,0.002282425295561552,0.009168083671034711,0.20711758732795715,0.5828862213396723,0.9937359471524965,0.9599416593809452,14,design,1e-06
fine,F15,15,0.0020274915732443333,0.008144061893765753,0.19041919708251953,0.5177811971434779,0.8827414048629078,0.8825485193391276,14,design,1e-06
fine,F16,16,0.0017897854559123516,0.007189239820813317,0.2487649917602539,0.45707576210014855,0.7792474740619454,1.152967655074609,14,design,1e-06
coarse,F1,1,0.012989349663257599,0.0021448493665246044,0.31768476963043213,2.6740914561300815,0.19967340809247325,1.1108847499155856,15,confirmation,1e-06
coarse,F2,2,0.00875089131295681,0.005035518110788752,0.3102404773235321,1.801528506057023,0.4687784039220213,1.0848534396728269,15,confirmation,1e-06
coarse,F3,3,0.0076225921511650085,0.007747742495102719,0.28640466928482056,1.5692478125100058,0.7212712338520747,1.001504037424418,15,confirmation,1e-06
coarse,F4,4,0.006078745238482952,0.009200226301370903,0.2708126902580261,1.2514191339539362,0.8564893038588426,0.9469817770654487,15,confirmation,1e-06
coarse,F5,5,0.005360430106520653,0.010896664150256226,0.300287127494812,1.1035410332802178,1.0144181226331241,1.0500484203822802,15,confirmation,1e-06
coarse,F6,6,0.004841649439185858,0.012547692943851364,0.27816319465637207,0.996740694072356,1.168119613852584,0.9726851283775343,15,confirmation,1e-06
coarse,F7,7,0.004643618129193783,0.014817783379774425,0.28118637204170227,0.9559723840472606,1.3794522608409132,0.9832566192852031,15,confirmation,1e-06
coarse,F8,8,0.004001604858785868,0.015329427747874389,0.2835889458656311,0.8238023951234748,1.427083472759248,0.9916579745804343,15,confirmation,1e-06
coarse,F9,9,0.004077432677149773,0.016383761756549115,0.29919251799583435,0.8394129165491524,1.5252360367880222,1.0462207738730012,15,confirmation,1e-06
coarse,F10,10,0.0035012350417673588,0.014068509169585623,0.2657474875450134,0.7207922608763841,1.3096990476413244,0.9292697021187566,15,confirmation,1e-06
coarse,F11,11,0.003231037873774767,0.012982814160804716,0.28520676493644714,0.6651673098872419,1.208626950954396,0.9973151879746516,15,confirmation,1e-06
coarse,F12,12,0.003092594910413027,0.01242652886846113,0.31099534034729004,0.6366663336964051,1.1568399201598085,1.0874930557373406,15,confirmation,1e-06
coarse,F13,13,0.002942226827144623,0.011822325988334697,0.2717519998550415,0.605710356902579,1.1005920315495157,0.9502663686056337,15,confirmation,1e-06
coarse,F14,14,0.0026093972846865654,0.010484965824487442,0.2707499861717224,0.5371914041522095,0.9760913249123969,0.9467625124991518,15,confirmation,1e-06
coarse,F15,15,0.002334528136998415,0.00938049893702722,0.2836347222328186,0.4806046420400327,0.8732716719398399,0.9918180460508869,15,confirmation,1e-06
coarse,F16,16,0.0016423689667135477,0.0065992945969663664,0.2599457800388336,0.3381112169245013,0.6143571962434142,0.9089822064368467,15,confirmation,1e-06
fine,F1,1,0.012069419026374817,0.0021446225498045497,0.31161296367645264,2.561841695854342,0.20492309369278483,1.080696544123683,15,confirmation,1e-06
fine,F2,2,0.008756177499890327,0.0050111804394300085,0.333972692489624,1.858576669390718,0.4788285933085771,1.158241718659575,15,confirmation,1e-06
fine,F3,3,0.007250623777508736,0.007395612440619018,0.27974873781204224,1.5390094812006858,0.7066659730975104,0.9701890788161769,15,confirmation,1e-06
fine,F4,4,0.00607641227543354,0.009190957314316453,0.2774110734462738,1.289772630678352,0.8782148667697744,0.962081887858518,15,confirmation,1e-06
fine,F5,5,0.005295800976455212,0.010759153557533558,0.31374847888946533,1.1240809292296232,1.0280592418122447,1.0881026670378204,15,confirmation,1e-06
fine,F6,6,0.004895400255918503,0.012644890720899603,0.29189369082450867,1.039092309754278,1.2082453045968797,1.0123086639395502,15,confirmation,1e-06
fine,F7,7,0.0044149658642709255,0.014048857892638123,0.27286094427108765,0.9371158306913199,1.3423972542264249,0.9463017071595993,15,confirmation,1e-06
fine,F8,8,0.003950620070099831,0.015160249767191535,0.29012179374694824,0.8385542997508026,1.4485930327140029,1.0061635953080326,15,confirmation,1e-06
fine,F9,9,0.0037658661603927612,0.015131837574986222,0.28508812189102173,0.7993386367329414,1.4458781893370938,0.9887064532341854,15,confirmation,1e-06
fine,F10,10,0.003423308255150914,0.013755387519456777,0.26284804940223694,0.7266276700347643,1.3143555567328598,0.9115762555809029,15,confirmation,1e-06
fine,F11,11,0.003296504495665431,0.01324586963560409,0.3055981993675232,0.6997124425883469,1.265670075429677,1.0598369016823386,15,confirmation,1e-06
fine,F12,12,0.00291890325024724,0.01172860871400623,0.309232622385025,0.6195632147916378,1.120692675084178,1.0724413464671707,15,confirmation,1e-06
fine,F13,13,0.002878102008253336,0.011564663977644947,0.27083083987236023,0.6109027877442207,1.1050274184762663,0.9392611566573649,15,confirmation,1e-06
fine,F14,14,0.0025040539912879467,0.010061680172691146,0.2628307044506073,0.5315077643367528,0.9614142259779614,0.9115161020203354,15,confirmation,1e-06
fine,F15,15,0.002175230998545885,0.00874041689032894,0.2687585949897766,0.46171215515942815,0.8351648030065288,0.9320744598756759,15,confirmation,1e-06
fine,F16,16,0.0017082473495975137,0.00686400402152942,0.27695536613464355,0.36259071604592696,0.655869695737236,0.9605014615790708,15,confirmation,1e-06
coarse,F1,1,0.012309250421822071,0.001990929411359507,0.24842414259910583,2.724445843397758,0.19890265142445723,1.0223848653150018,15,design,1e-06
coarse,F2,2,0.007805895991623402,0.004501297376452642,0.2229902148246765,1.727703975432291,0.44969951115193685,0.9177120160901416,15,design,1e-06
coarse,F3,3,0.007066377438604832,0.007152876011552443,0.24951666593551636,1.5640239641527145,0.7146039411998382,1.0268811244646294,15,design,1e-06
coarse,F4,4,0.005706203635782003,0.008615895928113276,0.2452528029680252,1.2629723374159958,0.8607660998531825,1.0093332769803576,15,design,1e-06
coarse,F5,5,0.004800625145435333,0.009758556655704128,0.22097603976726532,1.0625377480342164,0.974922959006327,0.9094227166957776,15,design,1e-06
coarse,F6,6,0.0046335384249687195,0.012012556471826582,0.22531035542488098,1.0255559087294275,1.2001075070766953,0.9272605108951729,15,design,1e-06
coarse,F7,7,0.004384064115583897,0.014000239632679483,0.2575784921646118,0.9703389603413226,1.3986858437216994,1.060059417995978,15,design,1e-06
coarse,F8,8,0.0036666099913418293,0.014056277319305048,0.2539789080619812,0.8115425397928697,1.404284256395661,1.0452453976296205,15,design,1e-06
coarse,F9,9,0.0038522968534380198,0.015479129970297992,0.27014949917793274,0.8526412080525292,1.5464335276124448,1.1117951598515052,15,design,1e-06
coarse,F10,10,0.0033116922713816166,0.013306897236559912,0.23843517899513245,0.7329874634269217,1.3294178726191987,0.9812754743273261,15,design,1e-06
coarse,F11,11,0.0029976312071084976,0.012044949299289266,0.22659526765346527,0.6634753215977915,1.2033436937705588,0.9325485428956806,15,design,1e-06
coarse,F12,12,0.002786887576803565,0.01119814912470749,0.2520848214626312,0.6168307585309011,1.1187446120602758,1.0374503200155403,15,design,1e-06
coarse,F13,13,0.0027753671165555716,0.011151858044939381,0.25069963932037354,0.6142808981445179,1.1141199285076375,1.0317496290797392,15,design,1e-06
coarse,F14,14,0.002453614491969347,0.00985900622743972,0.24492162466049194,0.5430663586220942,0.9849583153774086,1.0079703189127553,15,design,1e-06
coarse,F15,15,0.002198354573920369,0.008833331089208637,0.2586342990398407,0.4865688629271738,0.8824888338727875,1.0644045712433072,15,design,1e-06
coarse,F16,16,0.0015407868195325136,0.006191121834456301,0.22221136093139648,0.34102728453679737,0.6185204463498909,0.9145066576074672,15,design,1e-06
fine,F1,1,0.010264849290251732,0.001826058165732193,0.19730393588542938,2.539017023958122,0.20204806381276502,0.933495315126989,15,design,1e-06
fine,F2,2,0.007416472304612398,0.004254329505879827,0.2028411477804184,1.8344691584520099,0.47072927665470704,0.9596932788910733,15,design,1e-06
fine,F3,3,0.006080414168536663,0.006195764564438476,0.2062099575996399,1.5039943256928376,0.6855434605406359,0.9756319785915353,15,design,1e-06
fine,F4,4,0.005247908644378185,0.007932145159233272,0.2193010449409485,1.2980735529071206,0.877668960047752,1.0375692564678671,15,design,1e-06
fine,F5,5,0.004542138427495956,0.009244479308401644,0.19955064356327057,1.1235008392708496,1.0228749446602536,0.9441250629944742,15,design,1e-06
fine,F6,6,0.004279777407646179,0.011067567258995202,0.19841131567955017,1.0586056735469638,1.2245943627435834,0.9387346117747676,15,design,1e-06
fine,F7,7,0.003831263165920973,0.012192601366141389,0.2187449187040329,0.9476653895712952,1.3490761384821262,1.0349380811978444,15,design,1e-06
fine,F8,8,0.0033919301349669695,0.013011510070549433,0.23089882731437683,0.8389960839402156,1.439686022258047,1.0924413271281526,15,design,1e-06
fine,F9,9,0.0032435189932584763,0.013032965904228398,0.22162914276123047,0.8022864933083512,1.4420600483069848,1.0485840818875312,15,design,1e-06
fine,F10,10,0.002996553899720311,0.01204062125881655,0.20745527744293213,0.7411995197848039,1.332259978406126,0.9815239048439492,15,design,1e-06
fine,F11,11,0.0028124803211539984,0.011300984857453976,0.20371074974536896,0.6956688026329596,1.2504213460858749,0.963807587896941,15,design,1e-06
fine,F12,12,0.0025345233734697104,0.010184110689065691,0.22384068369865417,0.6269159742043858,1.126842444011383,1.0590474469239761,15,design,1e-06
fine,F13,13,0.0024493979290127754,0.009842063113700653,0.21407550573349,0.6058601411827148,1.088995867362689,1.012845895794477,15,design,1e-06
fine,F14,14,0.0021845814771950245,0.008777989320828872,0.210234135389328,0.5403576227942577,0.9712591743929759,0.9946713915513116,15,design,1e-06
fine,F15,15,0.0018714629113674164,0.007519830028375702,0.21277238428592682,0.46290754567440623,0.8320474812614641,1.0066804953888404,15,design,1e-06
fine,F16,16,0.0015382287092506886,0.006180842986039617,0.2147866040468216,0.3804818530787067,0.6838924309726313,1.0162102835402704,15,design,1e-06
coarse,F1,1,0.014309246093034744,0.002282126068414546,0.3252810835838318,2.579961985093771,0.19310480939043367,1.143240101527741,16,confirmation,1e-06
coarse,F2,2,0.01001426950097084,0.005294891030299636,0.30703186988830566,1.8055762304322263,0.4480334970536771,1.0791010108428138,16,confirmation,1e-06
coarse,F3,3,0.008968262001872063,0.008361582660744167,0.3017748296260834,1.6169807190927805,0.7075252538643084,1.0606245006907271,16,confirmation,1e-06
coarse,F4,4,0.007189728319644928,0.009831028251784031,0.274300754070282,1.296310485348712,0.831864138860482,0.9640635061756546,16,confirmation,1e-06
coarse,F5,5,0.005524555221199989,0.010054611848772472,0.2396288514137268,0.9960792037943373,0.8507829306296305,0.8422048690962425,16,confirmation,1e-06
coarse,F6,6,0.00564561178907752,0.013049457612613075,0.25959423184394836,1.017905744559611,1.1041953640549063,0.9123756374010152,16,confirmation,1e-06
coarse,F7,7,0.004881446249783039,0.013811266407533771,0.28132373094558716,0.8801264353716789,1.1686567205816811,0.9887466162645991,16,confirmation,1e-06
coarse,F8,8,0.004526677541434765,0.015482243942872589,0.27016130089759827,0.8161615154109482,1.31004847054818,0.9495148923636602,16,confirmation,1e-06
coarse,F9,9,0.004441558383405209,0.017533863513492516,0.2777160406112671,0.8008145019839905,1.4836486986904753,0.9760669479031717,16,confirmation,1e-06
coarse,F10,10,0.004361066035926342,0.017524995296101863,0.29884499311447144,0.7863017040884034,1.482898303936848,1.0503272323894437,16,confirmation,1e-06
coarse,F11,11,0.0037021837197244167,0.01487726890094058,0.28787073493003845,0.6675049961836487,1.2588577884140373,1.011756861488274,16,confirmation,1e-06
coarse,F12,12,0.003779391758143902,0.015187530482999732,0.29944902658462524,0.6814256320278314,1.2851109408993118,1.0524501818033367,16,confirmation,1e-06
coarse,F13,13,0.003236801130697131,0.0130071238708796,0.26769301295280457,0.583596355546085,1.100613244188099,0.9408397928788836,16,confirmation,1e-06
coarse,F14,14,0.003163559129461646,0.012712799628439388,0.2843155562877655,0.5703907975683155,1.0757086486348455,0.9992617518828797,16,confirmation,1e-06
coarse,F15,15,0.002688570413738489,0.010804051594919751,0.27194657921791077,0.4847501689882559,0.9141976653948867,0.9557894710931771,16,confirmation,1e-06
coarse,F16,16,0.002307887189090252,0.00927427173881572,0.305477112531662,0.41611285283828486,0.7847535248581977,1.0736366261983799,16,confirmation,1e-06
fine,F1,1,0.013196893036365509,0.002184171643191358,0.31857651472091675,2.4489705766075844,0.18818476435555825,1.108628281278729,16,confirmation,1e-06
fine,F2,2,0.009638620540499687,0.005071242298543374,0.31208664178848267,1.7886557114408557,0.43693019269626804,1.086043889955644,16,confirmation,1e-06
fine,F3,3,0.008172202855348587,0.0076005961345916775,0.2832454442977905,1.5165300107887356,0.6548553072779683,0.9856781513445074,16,confirmation,1e-06
fine,F4,4,0.0071425908245146275,0.009753576394154454,0.27984920144081116,1.325463101184687,0.840352671494272,0.9738594179873526,16,confirmation,1e-06
fine,F5,5,0.005992944817990065,0.010877098740640136,0.2629969120025635,1.1121212762767498,0.9371535747935592,0.9152144023875586,16,confirmation,1e-06
fine,F6,6,0.00569470738992095,0.013103896359576789,0.26552310585975647,1.0567768339014305,1.1290109256081804,0.9240054143569443,16,confirmation,1e-06
fine,F7,7,0.004986166954040527,0.014103765283130792,0.30045434832572937,0.9252917430526721,1.2151580461204354,1.0455641655784744,16,confirmation,1e-06
fine,F8,8,0.004686661064624786,0.015978556776158642,0.2897526025772095,0.8697119100814837,1.3766871074609417,1.0083226946989998,16,confirmation,1e-06
fine,F9,9,0.004405146464705467,0.017402292266459812,0.28386417031288147,0.8174707522431885,1.499353899048574,0.9878312829376935,16,confirmation,1e-06
fine,F10,10,0.004070653580129147,0.01635796990843781,0.28869298100471497,0.7553983212433532,1.40937674113233,1.0046352714633304,16,confirmation,1e-06
fine,F11,11,0.00360410800203681,0.014483150653936253,0.2904949188232422,0.6688206404024107,1.2478452879072828,1.0109059133167484,16,confirmation,1e-06
fine,F12,12,0.0034413356333971024,0.013829048426814781,0.28006958961486816,0.6386146865930624,1.1914888775221326,0.9746263563877964,16,confirmation,1e-06
fine,F13,13,0.003314751433208585,0.013320367854300096,0.2820841073989868,0.6151242346457108,1.1476617662374817,0.9816367645171256,16,confirmation,1e-06
fine,F14,14,0.0030368627049028873,0.012203668690411671,0.28043073415756226,0.5635559361593743,1.0514487375281893,0.9758831190026139,16,confirmation,1e-06
fine,F15,15,0.0026032610330730677,0.01046123515972772,0.26747339963912964,0.483091713758468,0.9013234282837753,0.9307923265764755,16,confirmation,1e-06
fine,F16,16,0.002233116189017892,0.008973803462430593,0.3121810853481293,0.4144032861356754,0.7731686725330504,1.0863725482100057,16,confirmation,1e-06
coarse,F1,1,0.01325458288192749,0.0021010276714671337,0.22196902334690094,2.5537293384240445,0.188327628283159,0.9549928949748094,16,design,1e-06
coarse,F2,2,0.009280960075557232,0.004912102004191806,0.23429542779922485,1.7881407694850158,0.4403009693291733,1.008025649253131,16,design,1e-06
coarse,F3,3,0.008182101882994175,0.007589702657357292,0.2520759701728821,1.5764263436057897,0.6803102692295252,1.0845241235880105,16,design,1e-06
coarse,F4,4,0.006676472723484039,0.009124475790069267,0.2252223938703537,1.2863403113497047,0.8178811294145913,0.968990099124157,16,design,1e-06
coarse,F5,5,0.005137172061949968,0.009375180976870073,0.20864255726337433,0.9897668699195016,0.8403533290289412,0.8976575054101088,16,design,1e-06
coarse,F6,6,0.005271070636808872,0.012182469609646841,0.22494573891162872,1.0155647937045331,1.0919873352331242,0.9677998270944919,16,design,1e-06
coarse,F7,7,0.004694164730608463,0.013271744648708846,0.23372705280780792,0.9044136883624803,1.1896255469713564,1.005580289669617,16,design,1e-06
coarse,F8,8,0.004291095770895481,0.014720062200170407,0.2314571887254715,0.826755339020489,1.3194468782997355,0.9958144942513887,16,design,1e-06
coarse,F9,9,0.004222618881613016,0.016677872117508145,0.24729840457439423,0.8135620576684911,1.494937045977535,1.0639692680814317,16,design,1e-06
coarse,F10,10,0.004155156202614307,0.016697544315620125,0.26647090911865234,0.8005641818286869,1.4967003823028289,1.146456478875813,16,design,1e-06
coarse,F11,11,0.0035209651105105877,0.014149040492843712,0.23394697904586792,0.6783760743265866,1.2682628004794074,1.0065264937461995,16,design,1e-06
coarse,F12,12,0.0035157185047864914,0.014127955951843406,0.24862796068191528,0.6773652231301271,1.2663728674461818,1.069689510559449,16,design,1e-06
coarse,F13,13,0.003091020043939352,0.012421300993505458,0.21207351982593536,0.5955395686293228,1.1133952151447057,0.912418776243155,16,design,1e-06
coarse,F14,14,0.002997183706611395,0.012044218210058653,0.24242232739925385,0.5774603420116827,1.0795950385752275,1.0429905793103846,16,design,1e-06
coarse,F15,15,0.002521440852433443,0.010132439628698465,0.22476550936698914,0.4858000841912455,0.9082309337994476,0.9670244128857878,16,design,1e-06
coarse,F16,16,0.0022328307386487722,0.008972656149590984,0.2109394520521164,0.4301942517404369,0.8042726304850597,0.9075395969320652,16,design,1e-06
fine,F1,1,0.011207927018404007,0.0018592237411898542,0.17497560381889343,2.433788066805697,0.1866093140731349,0.8870765098753118,16,design,1e-06
fine,F2,2,0.008334657177329063,0.004388524698081428,0.2011161595582962,1.809860926627309,0.44047392767149535,1.0196016873595493,16,design,1e-06
fine,F3,3,0.00681585306301713,0.006327317846429982,0.2006184309720993,1.4800544135086904,0.6350695815068305,1.0170783450908423,16,design,1e-06
fine,F4,4,0.006019858177751303,0.008245809790771273,0.19253142178058624,1.3072050677003872,0.8276276141184661,0.9760795102111974,16,design,1e-06
fine,F5,5,0.00511522963643074,0.00929208533413098,0.19799233973026276,1.1107660522479699,0.9326417429467156,1.0037648099317715,16,design,1e-06
fine,F6,6,0.004854246973991394,0.01118656325492541,0.1972961574792862,1.0540939764533055,1.122789500580178,1.0002353640664345,16,design,1e-06
fine,F7,7,0.004298675339668989,0.012152914734058218,0.20541620254516602,0.9334522546032866,1.2197816929018648,1.0414016814264615,16,design,1e-06
fine,F8,8,0.003995828330516815,0.013623456071172175,0.20719848573207855,0.8676893855435527,1.3673791574541445,1.0504373499113793,16,design,1e-06
fine,F9,9,0.0037612635642290115,0.014863623626696292,0.2128969430923462,0.8167539245839205,1.4918541260902511,1.0793269068352782,16,design,1e-06
fine,F10,10,0.0034844214096665382,0.01400218867114219,0.2167445570230484,0.756637978873661,1.4053923503430805,1.098833214357598,16,design,1e-06
fine,F11,11,0.0030798627994954586,0.012376464746175257,0.19435285031795502,0.6687885562158323,1.2422192906465581,0.9853136344813943,16,design,1e-06
fine,F12,12,0.002964566694572568,0.011913146002600001,0.20022571086883545,0.6437521436972873,1.1957162307832663,1.0150873659431336,16,design,1e-06
fine,F13,13,0.0028953198343515396,0.011634876899497028,0.18741796910762787,0.6287152700815899,1.1677865065078221,0.9501557605481561,16,design,1e-06
fine,F14,14,0.0026240749284625053,0.010544875614030764,0.20328940451145172,0.5698147602861068,1.0583836478236268,1.030619420723937,16,design,1e-06
fine,F15,15,0.0022532802540808916,0.009054833515252155,0.1899704784154892,0.4892971362631069,0.9088289020267479,0.9630962562448332,16,design,1e-06
fine,F16,16,0.00197712704539299,0.007945108815051203,0.17395299673080444,0.4293307943328733,0.797446414525816,0.8818921829927217,16,design,1e-06
coarse,F1,1,0.01636408269405365,0.00238346643336458,0.3304823637008667,2.907357795393214,0.2722435117631843,1.211390555609135,17,confirmation,1e-06
coarse,F2,2,0.010658197104930878,0.005266457458800025,0.3095834255218506,1.8936101104596743,0.6015435556653478,1.1347850265006751,17,confirmation,1e-06
coarse,F3,3,0.009232289157807827,0.008100132345686215,0.3012048900127411,1.6402732957363066,0.9252106279605663,1.104073315679223,17,confirmation,1e-06
coarse,F4,4,0.007240126840770245,0.009387856260522472,0.24741162359714508,1.2863317549597812,1.0722966015027133,0.9068928847434219,17,confirmation,1e-06
coarse,F5,5,0.005619072820991278,0.009731675114908127,0.2489238977432251,0.998323919184759,1.1115681645581297,0.9124361597234791,17,confirmation,1e-06
coarse,F6,6,0.0051795197650790215,0.011411187113799098,0.26158851385116577,0.9202298379283876,1.303404826583629,0.9588585956192147,17,confirmation,1e-06
coarse,F7,7,0.005728444084525108,0.01487883239767854,0.2899140417575836,1.0177555855709621,1.6994850551185614,1.0626864568225312,17,confirmation,1e-06
coarse,F8,8,0.004741577431559563,0.012459059978411962,0.27976468205451965,0.8424219289184212,1.423094613085404,1.0254837499909493,17,confirmation,1e-06
coarse,F9,9,0.004358837381005287,0.01145336488356417,0.25392472743988037,0.7744216449799564,1.3082224418008792,0.9307668137314528,17,confirmation,1e-06
coarse,F10,10,0.004033883102238178,0.010599508470593069,0.2686992883682251,0.7166879868713207,1.2106935380350206,0.9849232999398017,17,confirmation,1e-06
coarse,F11,11,0.0033620670437812805,0.008834231617260381,0.2589623034000397,0.5973284302653915,1.0090606712750116,0.949232161996827,17,confirmation,1e-06
coarse,F12,12,0.003361981827765703,0.008834008029130515,0.26537302136421204,0.5973132901899095,1.0090351326658618,0.9727307932384671,17,confirmation,1e-06
coarse,F13,13,0.0028862995095551014,0.007584095701722939,0.2532045543193817,0.5128002305924502,0.8662680617114863,0.9281270029203521,17,confirmation,1e-06
coarse,F14,14,0.00278692739084363,0.00732298408311989,0.26024988293647766,0.49514508246211714,0.8364434570870712,0.9539518138189993,17,confirmation,1e-06
coarse,F15,15,0.0025720689445734024,0.006758417419906503,0.2799232006072998,0.45697182274760767,0.7719577110886818,1.02606480332032,17,confirmation,1e-06
coarse,F16,16,0.0019307300681248307,0.005073223320799314,0.2557879686355591,0.34302705622494545,0.5794720300984515,0.9375965663451507,17,confirmation,1e-06
fine,F1,1,0.015003858134150505,0.0023071942363909605,0.3229876458644867,2.6786853545208085,0.2568623842886093,1.1221971370156967,17,confirmation,1e-06
fine,F2,2,0.010219810530543327,0.005049508729865633,0.31401315331459045,1.8245744893997502,0.5621671688415437,1.0910159139113067,17,confirmation,1e-06
fine,F3,3,0.00857323408126831,0.007511652409463422,0.2897438108921051,1.5306060860507014,0.8362802391792639,1.0066938448399918,17,confirmation,1e-06
fine,F4,4,0.007234910503029823,0.009357258968028507,0.2464379519224167,1.2916710243762932,1.0417535771472384,0.8562307804657598,17,confirmation,1e-06
fine,F5,5,0.006208660546690226,0.010743117464389763,0.2833201289176941,1.1084514348850105,1.1960426751552216,0.9843752279731167,17,confirmation,1e-06
fine,F6,6,0.005726255942136049,0.012595215083194607,0.3030615448951721,1.0223262437762346,1.4022386697523812,1.052965345193441,17,confirmation,1e-06
fine,F7,7,0.005283138249069452,0.013724818421308023,0.2729101777076721,0.943215066895346,1.5279986088817614,0.9482066079223639,17,confirmation,1e-06
fine,F8,8,0.004690924659371376,0.012325963052567723,0.2857009768486023,0.8374853368959861,1.3722625552707692,0.9926473113358838,17,confirmation,1e-06
fine,F9,9,0.0044104610569775105,0.011589012015577094,0.2590269446372986,0.7874132995912205,1.290217013772936,0.899970322096647,17,confirmation,1e-06
fine,F10,10,0.004133167676627636,0.010860389932984018,0.2836904227733612,0.7379072518661943,1.2090987436124883,0.9856617871031785,17,confirmation,1e-06
fine,F11,11,0.0037787610199302435,0.009929144832284506,0.30570143461227417,0.6746339316073755,1.1054222376859932,1.062137450444216,17,confirmation,1e-06
fine,F12,12,0.0035707340575754642,0.0093825287903832,0.2927280366420746,0.6374942324431413,1.0445668933033714,1.0170623206492162,17,confirmation,1e-06
fine,F13,13,0.003208292881026864,0.008430171870737219,0.2921728193759918,0.5727864844215691,0.9385399861554594,1.0151332585491717,17,confirmation,1e-06
fine,F14,14,0.002945559099316597,0.007739807474179657,0.28334853053092957,0.525879807024822,0.8616809848062148,0.9844739073172575,17,confirmation,1e-06
fine,F15,15,0.0025760740973055363,0.006768941580512337,0.2906537652015686,0.4599145029841651,0.7535934539262957,1.0098554150547345,17,confirmation,1e-06
fine,F16,16,0.002055390039458871,0.005400782118625004,0.27957797050476074,0.3669551622855404,0.6012748082204512,0.9713733701280184,17,confirmation,1e-06
coarse,F1,1,0.014622827991843224,0.0021569803440737822,0.2160300314426422,2.796226544126054,0.2613572050729704,0.9715686536127387,17,design,1e-06
coarse,F2,2,0.00996843446046114,0.00492837941749899,0.22103358805179596,1.9061976970029837,0.5971623587742021,0.9940715377051356,17,design,1e-06
coarse,F3,3,0.0082752276211977,0.007237730510275581,0.22575512528419495,1.5824169679069968,0.876982037612988,1.0153060741315318,17,design,1e-06
coarse,F4,4,0.006583302281796932,0.00857107418169696,0.23661351203918457,1.2588812915418697,1.038540753862701,1.0641403409670327,17,design,1e-06
coarse,F5,5,0.005378076806664467,0.009327976628105843,0.20062701404094696,1.0284140066157115,1.130253183440387,0.9022954660906047,17,design,1e-06
coarse,F6,6,0.004881761036813259,0.010743345509112743,0.2248285561800003,0.9335068292420569,1.3017507382992213,1.0111389428719106,17,design,1e-06
coarse,F7,7,0.005256196483969688,0.013654169631379052,0.23796521127223969,1.0051076397682115,1.6544497599405987,1.0702194430028875,17,design,1e-06
coarse,F8,8,0.00439878273755312,0.011558325849511877,0.25515589118003845,0.8411500880302071,1.4005003558102698,1.1475324240785862,17,design,1e-06
coarse,F9,9,0.004179817158728838,0.010982967729062144,0.22274284064769745,0.7992787506869846,1.3307853068577253,1.001758692274314,17,design,1e-06
coarse,F10,10,0.004056844860315323,0.010659843498636582,0.2440088987350464,0.7757635725553764,1.2916329585354958,1.0974001884385254,17,design,1e-06
coarse,F11,11,0.0032512692268937826,0.008543097098966349,0.20368850231170654,0.6217186798211543,1.035150823968969,0.9160641352770591,17,design,1e-06
coarse,F12,12,0.003082390408962965,0.00809934766555931,0.2250843197107315,0.5894251020192274,0.9813825492665037,1.0122892080805779,17,design,1e-06
coarse,F13,13,0.002824704395607114,0.007422247311517762,0.1961367428302765,0.5401495124412345,0.899339587413642,0.8821010203213115,17,design,1e-06
coarse,F14,14,0.0026993227656930685,0.007092792579863887,0.21583206951618195,0.5161736138047321,0.8594201843000747,0.9706783440521967,17,design,1e-06
coarse,F15,15,0.0023936377838253975,0.006289568960464988,0.2181081622838974,0.4577194993943137,0.762095106307843,0.9809147929896868,17,design,1e-06
coarse,F16,16,0.0018191798590123653,0.0047801121047454966,0.21401821076869965,0.3478697152936056,0.5791970905364089,0.9625207361059006,17,design,1e-06
fine,F1,1,0.0126261655241251,0.0019408136331611498,0.17367269098758698,2.69066943621191,0.25887655153377936,0.9067409192085731,17,design,1e-06
fine,F2,2,0.008957527577877045,0.004417630342599631,0.18738554418087006,1.9088729378501583,0.589248184113628,0.9783353940724331,17,design,1e-06
fine,F3,3,0.006948589347302914,0.006081240933450952,0.17707765102386475,1.4807628607317134,0.8111498471564617,0.9245181332058137,17,design,1e-06
fine,F4,4,0.005993736907839775,0.007750266366047284,0.20707060396671295,1.2772812676821974,1.0337737720043951,1.081110615112606,17,design,1e-06
fine,F5,5,0.00515325739979744,0.008916427230358206,0.18010365962982178,1.0981728503459187,1.1893228149048973,0.9403168509506469,17,design,1e-06
fine,F6,6,0.004798492882400751,0.010563719949430181,0.2137598842382431,1.0225715886494955,1.4090479091610995,1.1160351856237207,17,design,1e-06
fine,F7,7,0.004385458305478096,0.01139211057754566,0.18730004131793976,0.934552822373935,1.5195432733038914,0.9778889856930413,17,design,1e-06
fine,F8,8,0.0038878782652318478,0.01021586331929555,0.2192584127187729,0.8285171931243777,1.3626488509008068,1.1447428698334763,17,design,1e-06
fine,F9,9,0.0036303841043263674,0.009539266686556955,0.1814923882484436,0.7736445029614301,1.2724006168251596,0.9475673694807617,17,design,1e-06
fine,F10,10,0.0034908743109554052,0.009172688244216952,0.20059828460216522,0.7439145951475138,1.2235043387909643,1.0473187922494427,17,design,1e-06
fine,F11,11,0.0032004155218601227,0.008409473303563725,0.189556285738945,0.6820170550903591,1.1217024715021642,0.9896687832457132,17,design,1e-06
fine,F12,12,0.0029574681539088488,0.007771099511103788,0.20771369338035583,0.6302443251744081,1.0365526131345693,1.0844681693875122,17,design,1e-06
fine,F13,13,0.0026483009569346905,0.006958727187352287,0.1707201898097992,0.5643599736673565,0.9281938598050529,0.8913259819683651,17,design,1e-06
fine,F14,14,0.002481065457686782,0.006519295353463133,0.18711230158805847,0.5287216442302674,0.8695799899065293,0.9769088011039933,17,design,1e-06
fine,F15,15,0.00218981527723372,0.005754000669466391,0.1884414106607437,0.46665545657108415,0.7675007148462432,0.983848047426728,17,design,1e-06
fine,F16,16,0.0017317477613687515,0.004550373387519377,0.19329817593097687,0.3690400512998319,0.6069541921103598,1.0092051014371726,17,design,1e-06
coarse,F1,1,0.02006233111023903,0.0026168096154745605,0.3048238456249237,2.7983545359963764,0.24211155193394043,1.1248530934327572,18,confirmation,1e-06
coarse,F2,2,0.012368157505989075,0.0053918938140543535,0.2892569303512573,1.7251479635453886,0.49886692996844945,1.0674084641751913,18,confirmation,1e-06
coarse,F3,3,0.011037946678698063,0.008370065018879956,0.2894037365913391,1.5396061398197534,0.7744122535798261,1.0679502047760707,18,confirmation,1e-06
coarse,F4,4,0.009052973240613937,0.010052556478156727,0.25415098667144775,1.2627360496107372,0.9300791450159559,0.9378614162231095,18,confirmation,1e-06
coarse,F5,5,0.007786097936332226,0.011659444515331968,0.2726500630378723,1.0860284559219258,1.0787510828458797,1.0061262307219923,18,confirmation,1e-06
coarse,F6,6,0.007578921504318714,0.014284681917582281,0.2801434397697449,1.0571308614653838,1.3216423875457761,1.0337780962767475,18,confirmation,1e-06
coarse,F7,7,0.0072431182488799095,0.016807052333245896,0.2663167119026184,1.010292009195622,1.5550162685790838,0.9827550617057329,18,confirmation,1e-06
coarse,F8,8,0.006084892898797989,0.015938256883212966,0.28696516156196594,0.8487392392658312,1.4746338771828063,1.0589514380958107,18,confirmation,1e-06
coarse,F9,9,0.005554871633648872,0.014562915479153064,0.27230778336524963,0.7748102724197199,1.3473850166593553,1.0048631591017931,18,confirmation,1e-06
coarse,F10,10,0.005390974227339029,0.014133235642400575,0.2659952640533447,0.7519493671806913,1.307630327783374,0.9815688631427841,18,confirmation,1e-06
coarse,F11,11,0.0044424282386898994,0.011646481125892257,0.2637368440628052,0.6196433078622516,1.0775516886228487,0.9732348999404609,18,confirmation,1e-06
coarse,F12,12,0.004199775867164135,0.011010332788064245,0.2577049136161804,0.5857974222172455,1.0186941926778084,0.9509760257754591,18,confirmation,1e-06
coarse,F13,13,0.004219239577651024,0.011061359104246639,0.2763098180294037,0.5885122793407284,1.0234152318116205,1.019631364203234,18,confirmation,1e-06
coarse,F14,14,0.0036519079003483057,0.00957401618714018,0.2669192850589752,0.5093791435216187,0.8858038061316159,0.984978661626395,18,confirmation,1e-06
coarse,F15,15,0.0034798304550349712,0.009122889645625503,0.2600937783718109,0.48537726173683043,0.8440648326737008,0.9597913528856284,18,confirmation,1e-06
coarse,F16,16,0.0025558355264365673,0.006700500748016984,0.229060098528862,0.35649565842397474,0.6199414069879596,0.8452716679168333,18,confirmation,1e-06
fine,F1,1,0.018961038440465927,0.002532449782275699,0.3014889657497406,2.6898150665109353,0.23390233072495567,1.0822797396810167,18,confirmation,1e-06
fine,F2,2,0.012101705186069012,0.0052657870081591965,0.2943672239780426,1.7167492720489452,0.4863590436935813,1.0567142374359138,18,confirmation,1e-06
fine,F3,3,0.010179354809224606,0.007726593981184803,0.27225789427757263,1.4440444292744166,0.7136442955012913,0.9773465579812405,18,confirmation,1e-06
fine,F4,4,0.009209096431732178,0.010266247391223043,0.2611338794231415,1.3064034656541004,0.9482119682737481,0.9374137668393747,18,confirmation,1e-06
fine,F5,5,0.007681636139750481,0.01145487963080238,0.27508723735809326,1.0897177751646399,1.057996514904558,0.9875032835683254,18,confirmation,1e-06
fine,F6,6,0.007127118296921253,0.013455861050814113,0.2676408290863037,1.011053811006011,1.242811321955734,0.9607722992820193,18,confirmation,1e-06
fine,F7,7,0.006879215594381094,0.015982197832051168,0.2538062334060669,0.9758863054701213,1.4761490431864874,0.9111091131877478,18,confirmation,1e-06
fine,F8,8,0.005990066099911928,0.015686352141585938,0.29362401366233826,0.8497514572067699,1.4488241196997254,1.054046274231992,18,confirmation,1e-06
fine,F9,9,0.005629841238260269,0.014759461058790597,0.284610390663147,0.7986499174232432,1.3632145308694243,1.021689330325643,18,confirmation,1e-06
fine,F10,10,0.005297782830893993,0.013888921340127402,0.264919638633728,0.7515440740434179,1.2828096712709878,0.9510038180796899,18,confirmation,1e-06
fine,F11,11,0.0047645666636526585,0.012491015497724179,0.29413825273513794,0.6759019680028526,1.1536961792836666,1.0558922805309603,18,confirmation,1e-06
fine,F12,12,0.00442873127758503,0.011610573113184305,0.2788305878639221,0.6282603219955137,1.0723766888620816,1.000941096792794,18,confirmation,1e-06
fine,F13,13,0.00409880792722106,0.010745630782135687,0.274319052696228,0.5814573580445074,0.992488815629252,0.9847456678996956,18,confirmation,1e-06
fine,F14,14,0.003910229541361332,0.010251244883672312,0.29825738072395325,0.5547056068101829,0.946826305463218,1.0706790530961239,18,confirmation,1e-06
fine,F15,15,0.003541194833815098,0.009283765364647435,0.2692925035953522,0.5023543012875448,0.8574678842173582,0.9667014511275783,18,confirmation,1e-06
fine,F16,16,0.002986779436469078,0.007830283622083278,0.2733207643032074,0.42370487005679797,0.7232212864639285,0.9811620299398846,18,confirmation,1e-06
coarse,F1,1,0.018558144569396973,0.0023824362244268616,0.20292821526527405,2.7809252615003857,0.23649554060996972,0.8910471044950696,18,design,1e-06
coarse,F2,2,0.011663844808936119,0.005081470151959376,0.2315317690372467,1.7478191612365792,0.5044185520517592,1.0166438024873508,18,design,1e-06
coarse,F3,3,0.010060770437121391,0.007568579438249972,0.24328380823135376,1.507599563853181,0.7513045963398367,1.0682463875794872,18,design,1e-06
coarse,F4,4,0.008179895579814911,0.009090130616328632,0.22883939743041992,1.2257517538609084,0.9023432956074384,1.0048217405756958,18,design,1e-06
coarse,F5,5,0.007623116485774517,0.01138668077272293,0.25006014108657837,1.1423187877094574,1.1303132472081527,1.0980009082204418,18,design,1e-06
coarse,F6,6,0.00699992012232542,0.01317993551017392,0.23245561122894287,1.0489332391967765,1.3083229434328167,1.0207003448900185,18,design,1e-06
coarse,F7,7,0.006732025183737278,0.015619527713525809,0.23565295338630676,1.0087893660115022,1.5504921444733897,1.0347397058910248,18,design,1e-06
coarse,F8,8,0.0057328687980771065,0.015017306360689044,0.23582035303115845,0.859066465498389,1.4907118813352818,1.0354747489142122,18,design,1e-06
coarse,F9,9,0.004890761338174343,0.012821854205993306,0.21670103073120117,0.7328772390170256,1.2727775505504155,0.9515228117574464,18,design,1e-06
coarse,F10,10,0.005161129869520664,0.013530664271483545,0.23925115168094635,0.7733917783840489,1.343138476861561,1.0505392050767173,18,design,1e-06
coarse,F11,11,0.004187538754194975,0.01097825162823433,0.2176501601934433,0.6274998161322687,1.0897700123730059,0.9556903892331376,18,design,1e-06
coarse,F12,12,0.0041168201714754105,0.01079285158723306,0.22412768006324768,0.6169026849154634,1.07136604316025,0.9841328377943367,18,design,1e-06
coarse,F13,13,0.003763731801882386,0.009867178331466536,0.23420150578022003,0.5639926344052183,0.9794779183885746,1.02836647590406,18,design,1e-06
coarse,F14,14,0.0034385055769234896,0.009014550167153672,0.2243412882089615,0.5152577071979996,0.8948407068691075,0.9850707799108928,18,design,1e-06
coarse,F15,15,0.0032671180088073015,0.008565232829866733,0.20455414056777954,0.489575397422949,0.8502386539379027,0.8981864568568341,18,design,1e-06
coarse,F16,16,0.00239773141220212,0.006286007134099962,0.22246140241622925,0.35929841097808285,0.6239884368005396,0.9768163004132744,18,design,1e-06
fine,F1,1,0.015389993786811829,0.002080480523112281,0.15363842248916626,2.6531745805565445,0.23346605662476608,0.8042058236907332,18,design,1e-06
fine,F2,2,0.010338889434933662,0.004495660592749173,0.1950436532497406,1.7823839970264963,0.5044912167417888,1.0209375967031813,18,design,1e-06
fine,F3,3,0.00833981391042471,0.006322285215427647,0.1909041851758957,1.4377512155119923,0.7094702313746643,0.9992699417114576,18,design,1e-06
fine,F4,4,0.007441389374434948,0.008318121122764024,0.1984943002462387,1.2828663484707208,0.9334376916702725,1.0389996827694477,18,design,1e-06
fine,F5,5,0.006311399862170219,0.00941545523926788,0.1971491575241089,1.0880605875479712,1.0565776423374051,1.0319586601313226,18,design,1e-06
fine,F6,6,0.005874752998352051,0.011086262074141833,0.18334540724754333,1.0127843804350836,1.2440711943251912,0.9597042319659375,18,design,1e-06
fine,F7,7,0.005616966634988785,0.0130599813899367,0.1850937008857727,0.9683430222406684,1.4655567888422856,0.9688555100291099,18,design,1e-06
fine,F8,8,0.004951590672135353,0.012967922486062565,0.19324052333831787,0.8536348153621931,1.4552261805881208,1.0114992833428669,18,design,1e-06
fine,F9,9,0.004590235184878111,0.012033979314010824,0.19289489090442657,0.7913385463307453,1.350421532302174,1.0096901029849301,18,design,1e-06
fine,F10,10,0.004362184088677168,0.011436109691608111,0.19153691828250885,0.7520234315951636,1.2833301745281092,1.0025819234471207,18,design,1e-06
fine,F11,11,0.003961801528930664,0.010386449007969565,0.19584505259990692,0.6829990483021767,1.165540011207305,1.025132445973722,18,design,1e-06
fine,F12,12,0.003719385014846921,0.009750917417871988,0.19185636937618256,0.6412073918542534,1.0942223263973614,1.0042540600504166,18,design,1e-06
fine,F13,13,0.003361546667292714,0.008812791528321595,0.19966533780097961,0.5795174639159616,0.9889483045462514,1.0451293683391467,18,design,1e-06
fine,F14,14,0.003187119495123625,0.008355504806434325,0.19821354746818542,0.5494469034096953,0.9376327904042691,1.0375301088473141,18,design,1e-06
fine,F15,15,0.0029279666487127542,0.007676097377366372,0.17008812725543976,0.5047699688962192,0.8613914742544879,0.8903102509342712,18,design,1e-06
fine,F16,16,0.0024345002602785826,0.006382402043738064,0.21968893706798553,0.41969829854411506,0.7162163838555465,1.149941009079022,18,design,1e-06
coarse,F1,1,0.028428250923752785,0.002867220597318838,0.29994532465934753,3.043037131219466,0.2202170937341883,1.1221381762928577,19,confirmation,1e-06
coarse,F2,2,0.015458362177014351,0.005848070940053053,0.28981316089630127,1.654705040371984,0.44916152861559405,1.0842323086822254,19,confirmation,1e-06
coarse,F3,3,0.01343829557299614,0.008702489178094316,0.280620813369751,1.438471628754399,0.6683953361820962,1.0498424274563443,19,confirmation,1e-06
coarse,F4,4,0.011391222476959229,0.010717926751971005,0.28664419054985046,1.2193473689373486,0.8231911707045046,1.0723767393069366,19,confirmation,1e-06
coarse,F5,5,0.009795079939067364,0.0122343953579363,0.25659993290901184,1.0484919398590324,0.9396636560992786,0.9599768927167198,19,confirmation,1e-06
coarse,F6,6,0.009407407604157925,0.01476203583229659,0.2631906270980835,1.0069944410139562,1.1337992729363775,0.9846336182923833,19,confirmation,1e-06
coarse,F7,7,0.008262436836957932,0.01590996680917677,0.272189736366272,0.8844336627200212,1.2219661979969711,1.0183005676736876,19,confirmation,1e-06
coarse,F8,8,0.008014475926756859,0.01859988340819724,0.27689653635025024,0.85789125394304,1.428565444799804,1.0359093767331224,19,confirmation,1e-06
coarse,F9,9,0.007274180185049772,0.019001888652534812,0.27618077397346497,0.7786479886383824,1.4594414878418727,1.0332316077462012,19,confirmation,1e-06
coarse,F10,10,0.006838499568402767,0.017936112854713165,0.25481876730918884,0.7320115530249031,1.3775844974910114,0.9533132985429119,19,confirmation,1e-06
coarse,F11,11,0.0060247452929615974,0.015801787330608025,0.24034979939460754,0.6449050869078811,1.2136574650050398,0.8991828289750071,19,confirmation,1e-06
coarse,F12,12,0.006462505087256432,0.01694994873050168,0.2611728012561798,0.6917640833395308,1.3018420877225225,0.9770846444489604,19,confirmation,1e-06
coarse,F13,13,0.005609401036053896,0.014712416168057282,0.2639099657535553,0.600445510432395,1.129988230890619,0.987324766647187,19,confirmation,1e-06
coarse,F14,14,0.005026209633797407,0.0131828139314418,0.26493871212005615,0.5380191199930295,1.0125070160054577,0.9911734533132793,19,confirmation,1e-06
coarse,F15,15,0.004434472881257534,0.011630798495147178,0.24785257875919342,0.4746780120678308,0.893304353632356,0.9272517950869672,19,confirmation,1e-06
coarse,F16,16,0.003607503604143858,0.009461811709459651,0.24164476990699768,0.3861569763071672,0.7267151603423042,0.9040274980852087,19,confirmation,1e-06
fine,F1,1,0.02603469043970108,0.002831358756952328,0.28283846378326416,2.84505948822479,0.21594060192707365,1.0375794587728844,19,confirmation,1e-06
fine,F2,2,0.015372395515441895,0.005823525013739647,0.30164533853530884,1.679888601681193,0.44414558689055683,1.1065715847568136,19,confirmation,1e-06
fine,F3,3,0.012388351373374462,0.00807147798051648,0.2613470256328583,1.3537935739975058,0.6155912984442741,0.9587391395812325,19,confirmation,1e-06
fine,F4,4,0.011071214452385902,0.01045686080189957,0.28820526599884033,1.2098574322166429,0.797518438906834,1.0572673175729015,19,confirmation,1e-06
fine,F5,5,0.009776884689927101,0.012199139679310765,0.25796619057655334,1.0684136466604421,0.9303976611492221,0.9463367068958063,19,confirmation,1e-06
fine,F6,6,0.00905688852071762,0.014257972380919061,0.25438857078552246,0.9897327828553086,1.0874196463571264,0.9332123787658194,19,confirmation,1e-06
fine,F7,7,0.008435293100774288,0.016247873095738625,0.2872281074523926,0.9218051095287209,1.2391843625302825,1.053682657897563,19,confirmation,1e-06
fine,F8,8,0.007893257774412632,0.01830859373089953,0.2801300585269928,0.8625717281374591,1.3963503356756912,1.0276438028428159,19,confirmation,1e-06
fine,F9,9,0.00717167928814888,0.01874319036156869,0.2795587182044983,0.7837179494225416,1.429495926213004,1.0255478680302041,19,confirmation,1e-06
fine,F10,10,0.006965501233935356,0.018269214849795545,0.2624759376049042,0.7611869025962884,1.393347007585272,0.9628804994843013,19,confirmation,1e-06
fine,F11,11,0.006449318490922451,0.01691536444245076,0.259493887424469,0.7047786801106737,1.2900922465404607,0.95194099015851,19,confirmation,1e-06
fine,F12,12,0.006266401149332523,0.01643560555803624,0.2542107105255127,0.6847895537004096,1.2535022446461594,0.9325599068571205,19,confirmation,1e-06
fine,F13,13,0.005630947183817625,0.014768927691285459,0.2696180045604706,0.6153474246262992,1.1263889210940092,0.9890808325901792,19,confirmation,1e-06
fine,F14,14,0.005184033885598183,0.013596755665734546,0.28087925910949707,0.5665089365152933,1.0369903126915903,1.0303922095641267,19,confirmation,1e-06
fine,F15,15,0.004717663861811161,0.012373555938610078,0.26795756816864014,0.5155442260159693,0.9436999499978113,0.9829896006208159,19,confirmation,1e-06
fine,F16,16,0.003998968750238419,0.01048855216488648,0.2735690474510193,0.43700554121552565,0.7999354593506329,1.0035750456089056,19,confirmation,1e-06
coarse,F1,1,0.026903485879302025,0.002657416463514439,0.20690052211284637,3.1366843465352696,0.22366558259018984,0.9268000497446706,19,design,1e-06
coarse,F2,2,0.013621613383293152,0.005184326651255065,0.21830005943775177,1.588147412034899,0.43634690185417807,0.9778636799950873,19,design,1e-06
coarse,F3,3,0.01267451886087656,0.008185397099428313,0.24146974086761475,1.4777254177817702,0.6889366556247106,1.0816510541518964,19,design,1e-06
coarse,F4,4,0.009983773343265057,0.00943818577187645,0.22977344691753387,1.1640107049944877,0.7943795593368862,1.0292581181454283,19,design,1e-06
coarse,F5,5,0.009279756806790829,0.011605247955014894,0.25610169768333435,1.0819292357169468,0.9767737125889571,1.147194138172122,19,design,1e-06
coarse,F6,6,0.008568590506911278,0.01347888304296172,0.21028093993663788,0.9990141736828567,1.1344711187955967,0.9419424542937465,19,design,1e-06
coarse,F7,7,0.007963898591697216,0.01531728852853063,0.24009039998054504,0.92851298757494,1.2892033708201718,1.07547236890888,19,design,1e-06
coarse,F8,8,0.0073190126568078995,0.01697590462266213,0.22121648490428925,0.8533255703627969,1.4288033695711282,0.990927655087375,19,design,1e-06
coarse,F9,9,0.0065526594407856464,0.017122508292653986,0.21500158309936523,0.7639762515645473,1.4411424950747098,0.9630883280371502,19,design,1e-06
coarse,F10,10,0.006055738776922226,0.015883077458531313,0.218478724360466,0.7060401434035798,1.336823874564746,0.9786640001565263,19,design,1e-06
coarse,F11,11,0.0055808089673519135,0.014637424585820877,0.2171943187713623,0.6506679546074703,1.2319815665166274,0.9729105726072986,19,design,1e-06
coarse,F12,12,0.005727121606469154,0.015021174177341456,0.22590318322181702,0.6677265828788496,1.2642804467014386,1.0119214746750025,19,design,1e-06
coarse,F13,13,0.005060809664428234,0.01327356198170572,0.22347761690616608,0.5900411019755291,1.1171899528909024,1.0010562774340879,19,design,1e-06
coarse,F14,14,0.0046301838010549545,0.012144111743006001,0.2393580824136734,0.5398343216751599,1.0221280199519787,1.072191990732573,19,design,1e-06
coarse,F15,15,0.0040431395173072815,0.01060440272620732,0.19828230142593384,0.4713906774643188,0.8925360199813748,0.8881951816671282,19,design,1e-06
coarse,F16,16,0.003267618827521801,0.008570356403402632,0.210039883852005,0.3809725205393151,0.7213373531364058,0.9408626561910275,19,design,1e-06
fine,F1,1,0.021010227501392365,0.0023097125779075137,0.14646907150745392,2.8499784289313825,0.21977338622903017,0.7918290515698574,19,design,1e-06
fine,F2,2,0.012496251612901688,0.00473552494107088,0.18928205966949463,1.6950814805269783,0.4505938798731561,1.0232811080505664,19,design,1e-06
fine,F3,3,0.010191142559051514,0.006618283233621316,0.18228186666965485,1.3823999029775655,0.6297417831068394,0.9854372402167555,19,design,1e-06
fine,F4,4,0.009039311669766903,0.008538112417029904,0.1983274519443512,1.226157273619057,0.8124170495684632,1.0721815640469199,19,design,1e-06
fine,F5,5,0.007955662906169891,0.009923925024676716,0.21202951669692993,1.0791633583658795,0.9442796598233474,1.1462565399166962,19,design,1e-06
fine,F6,6,0.007143624592572451,0.011250012903838346,0.16125930845737457,0.969012638814406,1.0704593526683566,0.8717868145024444,19,design,1e-06
fine,F7,7,0.006757557392120361,0.012998898783347803,0.19328676164150238,0.9166437059538044,1.2368690503702842,1.044930998581575,19,design,1e-06
fine,F8,8,0.006244126241654158,0.014489710552253489,0.17613720893859863,0.8469982105172066,1.3787225233159608,0.9522184968101925,19,design,1e-06
fine,F9,9,0.005907445680350065,0.015436151199079175,0.18191060423851013,0.80132843673234,1.4687780859895274,0.9834301517870191,19,design,1e-06
fine,F10,10,0.0054929982870817184,0.014407112243461579,0.18687736988067627,0.7451098103198771,1.3708631428053197,1.0102810718299309,19,design,1e-06
fine,F11,11,0.00517874862998724,0.01358289366497398,0.19076330959796906,0.702482725774553,1.2924372340062247,1.0312889196242345,19,design,1e-06
fine,F12,12,0.004907582886517048,0.01287167810124797,0.18162135779857635,0.6656998532662008,1.2247637692323263,0.9818664514655416,19,design,1e-06
fine,F13,13,0.004543965682387352,0.011917977315925168,0.18973177671432495,0.6163761994366888,1.134017391070606,1.0257123313622036,19,design,1e-06
fine,F14,14,0.00418716948479414,0.010982167095418155,0.20830455422401428,0.5679777960115947,1.0449733329502293,1.1261189540652559,19,design,1e-06
fine,F15,15,0.0038039307110011578,0.009977003525359518,0.17369364202022552,0.5159925312938409,0.9493301764731669,0.9390082862482693,19,design,1e-06
fine,F16,16,0.0030932959634810686,0.008113140394520163,0.18763409554958344,0.4195969210536788,0.7719801825171615,1.014372019922538,19,design,1e-06
coarse,F1,1,0.044882941991090775,0.0032268684290865783,0.30890125036239624,3.4971545390370657,0.21130749197877,1.1712243852504785,20,confirmation,1e-06
coarse,F2,2,0.02016550302505493,0.005850371017716327,0.27952563762664795,1.571240148429554,0.38310431741056666,1.059844344129184,20,confirmation,1e-06
coarse,F3,3,0.017094632610678673,0.008724848869909325,0.2777770757675171,1.331966430352822,0.571335947873219,1.0532145286586079,20,confirmation,1e-06
coarse,F4,4,0.016758475452661514,0.012389682697361251,0.28830909729003906,1.3057739955694057,0.811323062816431,1.0931475506800112,20,confirmation,1e-06
coarse,F5,5,0.013519054278731346,0.013253373539695149,0.265991747379303,1.0533672691005522,0.8678807904552577,1.0085294910284028,20,confirmation,1e-06
coarse,F6,6,0.011568129993975163,0.014137652657153277,0.2638532519340515,0.9013566518128747,0.9257867158518409,1.0004212104361838,20,confirmation,1e-06
coarse,F7,7,0.010845066979527473,0.01616192705472025,0.2655778229236603,0.8450175842114797,1.0583438235947782,1.006960062560465,20,confirmation,1e-06
coarse,F8,8,0.010063065215945244,0.01798061227109863,0.26357269287109375,0.7840861725052364,1.1774381778323837,0.9993574477752892,20,confirmation,1e-06
coarse,F9,9,0.009777002036571503,0.020717202145602603,0.2553223967552185,0.7617969218051188,1.3566403844496577,0.9680757744731772,20,confirmation,1e-06
coarse,F10,10,0.008656645193696022,0.021562066099454283,0.25608691573143005,0.6745018193766517,1.411965256558621,0.970974510774423,20,confirmation,1e-06
coarse,F11,11,0.008376674726605415,0.021996713907179527,0.24313871562480927,0.652687295944195,1.4404276311991915,0.9218803498016669,20,confirmation,1e-06
coarse,F12,12,0.0078039271757006645,0.02049270945079808,0.24513863027095795,0.6080603929714241,1.3419397577122587,0.9294631899463439,20,confirmation,1e-06
coarse,F13,13,0.006839971523731947,0.017961412080952054,0.23781771957874298,0.5329516381936736,1.176180877104279,0.901705357581134,20,confirmation,1e-06
coarse,F14,14,0.007245033513754606,0.01902508221448298,0.26345592737197876,0.5645129466587095,1.2458340015338876,0.9989147218240055,20,confirmation,1e-06
coarse,F15,15,0.00603798171505332,0.015855428501182184,0.2535262405872345,0.4704628133693416,1.0382731445241777,0.9612655012833053,20,confirmation,1e-06
coarse,F16,16,0.005712002515792847,0.014999422040219694,0.2518794536590576,0.4450634169449334,0.9822186191046806,0.9550215737973217,20,confirmation,1e-06
fine,F1,1,0.03937623277306557,0.003007827534481148,0.2778089940547943,3.123693815870704,0.19056601505153184,1.0177702998892881,20,confirmation,1e-06
fine,F2,2,0.019943537190556526,0.005841043629725023,0.28525084257125854,1.5821092928763372,0.3700692262100872,1.045033968663232,20,confirmation,1e-06
fine,F3,3,0.01665978506207466,0.008522398053820233,0.2774141728878021,1.3216111320769772,0.5399509836190148,1.016323848312371,20,confirmation,1e-06
fine,F4,4,0.015089215710759163,0.011183720370687548,0.26252925395965576,1.1970187720517158,0.7085635728978743,0.9617920342763604,20,confirmation,1e-06
fine,F5,5,0.013305611908435822,0.012982775331638375,0.2654440701007843,1.0555265120026054,0.8225457513428988,0.9724706421024749,20,confirmation,1e-06
fine,F6,6,0.012112192809581757,0.014830429784267563,0.2849947512149811,0.9608532637943004,0.9396070330132593,1.044095762262232,20,confirmation,1e-06
fine,F7,7,0.011203957721590996,0.016730350489746224,0.28239426016807556,0.8888034985446865,1.0599797317821795,1.0345687037101017,20,confirmation,1e-06
fine,F8,8,0.010192422196269035,0.018203805274558095,0.2723499536514282,0.8085589692319922,1.1533329588144094,0.997770770329976,20,confirmation,1e-06
fine,F9,9,0.009942634031176567,0.021076123482586563,0.2626035809516907,0.7887434182859719,1.3353135506498928,0.9620643357734038,20,confirmation,1e-06
fine,F10,10,0.009371002204716206,0.023320971456786865,0.28631162643432617,0.743396195468595,1.4775397015630467,1.048920215449825,20,confirmation,1e-06
fine,F11,11,0.008768359199166298,0.02302525802698419,0.25585314631462097,0.6955888737153153,1.4588042756555777,0.9373337041812589,20,confirmation,1e-06
fine,F12,12,0.008297117426991463,0.021787800858593727,0.2639039158821106,0.6582055359540305,1.3804030778894958,0.9668281925973804,20,confirmation,1e-06
fine,F13,13,0.007582738064229488,0.019911878207449968,0.267907053232193,0.6015342334831745,1.261550816556288,0.9814939319668112,20,confirmation,1e-06
fine,F14,14,0.007290478330105543,0.019144419329630992,0.2698652446269989,0.5783494374826933,1.2129271576578695,0.9886678863231598,20,confirmation,1e-06
fine,F15,15,0.006608094088733196,0.017352512201373668,0.286649227142334,0.5242162895224225,1.099397842276648,1.0501570363634205,20,confirmation,1e-06
fine,F16,16,0.0059472257271409035,0.015617107042826409,0.2660549581050873,0.4717899838850147,0.9894483050199281,0.9747086677987041,20,confirmation,1e-06
coarse,F1,1,0.04119906574487686,0.0029990875329343842,0.21159179508686066,3.505525598715488,0.21362425663252996,0.9644886913824301,20,design,1e-06
coarse,F2,2,0.018065914511680603,0.005287283401859895,0.2160612791776657,1.5371835414199209,0.37661187742083346,0.9848617255075272,20,design,1e-06
coarse,F3,3,0.01611180603504181,0.008178824570432838,0.24920880794525146,1.3709133320432425,0.5825756333550843,1.1359565098326285,20,design,1e-06
coarse,F4,4,0.014764325693249702,0.010873951154999516,0.22681652009487152,1.256259595447152,0.7745488274803332,1.0338868223147084,20,design,1e-06
coarse,F5,5,0.012378965504467487,0.012116452928732991,0.24168585240840912,1.053295255048907,0.8630519187918133,1.1016649838399561,20,design,1e-06
coarse,F6,6,0.010588702745735645,0.01296575570484238,0.21737921237945557,0.9009662685611033,0.9235475436143388,0.9908691969626559,20,design,1e-06
coarse,F7,7,0.00985388271510601,0.01470509578037496,0.2106977105140686,0.8384422675613621,1.0474403031908714,0.9604132287245164,20,design,1e-06
coarse,F8,8,0.009064440615475178,0.01620957018504719,0.2117975503206253,0.7712706111433105,1.1546036396361783,0.9654265755573684,20,design,1e-06
coarse,F9,9,0.009201349690556526,0.019493293252274644,0.22925077378749847,0.7829198623755138,1.3885024143535696,1.0449827637122981,20,design,1e-06
coarse,F10,10,0.008038690313696861,0.01997589359416695,0.20488464832305908,0.683992080046494,1.4228779162871452,0.9339158272386513,20,design,1e-06
coarse,F11,11,0.007711844984441996,0.02025090614007336,0.23168373107910156,0.656181627362479,1.4424669913103723,1.0560727957875227,20,design,1e-06
coarse,F12,12,0.007301359437406063,0.019172992223202796,0.21929006278514862,0.6212544374609427,1.3656874519749425,0.9995793343593253,20,design,1e-06
coarse,F13,13,0.00633426196873188,0.016633444368758195,0.19883181154727936,0.5389665294320605,1.1847960919759697,0.9063254728081938,20,design,1e-06
coarse,F14,14,0.006676064804196358,0.017531000833154557,0.22183647751808167,0.5680496789591407,1.2487288149748186,1.011186534026379,20,design,1e-06
coarse,F15,15,0.005530619062483311,0.014523119105579543,0.21376186609268188,0.47058656184915987,1.0344781500523816,0.9743804215591709,20,design,1e-06
coarse,F16,16,0.005220427643507719,0.013708572083945627,0.2053394913673401,0.44419314879328164,0.976458168948818,0.935989116386668,20,design,1e-06
fine,F1,1,0.03266245871782303,0.0025345684752813786,0.15306147933006287,3.2019631546949356,0.20062287229718986,0.8344488926955876,20,design,1e-06
fine,F2,2,0.01640915498137474,0.004796850000227454,0.18466632068157196,1.6086207748154087,0.37969296722889695,1.0067497549701274,20,design,1e-06
fine,F3,3,0.013443111442029476,0.006856001347450103,0.1982029229402542,1.3178538668415718,0.5426843647008368,1.0805475701686862,20,design,1e-06
fine,F4,4,0.012289290316402912,0.009104796913280372,0.1762111485004425,1.204742580171995,0.720686983302793,0.9606544924979826,20,design,1e-06
fine,F5,5,0.010720992460846901,0.010451768122590608,0.19983074069023132,1.0509993487618852,0.8273060135436069,1.0894219827571696,20,design,1e-06
fine,F6,6,0.009744822978973389,0.011936829629086345,0.1890396922826767,0.9553035917247383,0.9448555324762492,1.0305921685274841,20,design,1e-06
fine,F7,7,0.008849898353219032,0.013223069666089897,0.17670243978500366,0.8675724229645932,1.0466674082270706,0.9633328768320908,20,design,1e-06
fine,F8,8,0.008147887885570526,0.014573995153817288,0.17800076305866241,0.7987529972428515,1.1535994379791028,0.9704109765787242,20,design,1e-06
fine,F9,9,0.008100846782326698,0.017162758883784678,0.19109316170215607,0.7941414681279063,1.3585121165159044,1.0417871164057402,20,design,1e-06
fine,F10,10,0.007390012964606285,0.018395757427600336,0.17571371793746948,0.7244570725618765,1.4561096806815708,0.9579426385143249,20,design,1e-06
fine,F11,11,0.006786399520933628,0.017820733045881724,0.19347113370895386,0.6652836948619385,1.4105938288802118,1.054751162726334,20,design,1e-06
fine,F12,12,0.006695627700537443,0.017582371750317672,0.19024346768856049,0.6563851600974822,1.3917264247335432,1.0371548194236502,20,design,1e-06
fine,F13,13,0.006136466283351183,0.016114043124545667,0.18053781986236572,0.6015694993774755,1.275501391063517,0.9842423092551242,20,design,1e-06
fine,F14,14,0.005874490365386009,0.015426107902717479,0.18347157537937164,0.575887500236237,1.221048121600259,1.0002363337041245,20,design,1e-06
fine,F15,15,0.005214891396462917,0.013694035076697277,0.19077709317207336,0.5112257546642773,1.0839465089300762,1.0400639981130266,20,design,1e-06
fine,F16,16,0.004745815880596638,0.012462267074344118,0.173828125,0.4652413867528143,0.9864463478391717,0.9476629068298227,20,design,1e-06
coarse,F1,1,0.058710090816020966,0.0038152654107573175,0.284742534160614,3.1595835410001447,0.1837465250327003,1.12485369615764,21,confirmation,1e-06
coarse,F2,2,0.02875598520040512,0.007122666553009345,0.2642027735710144,1.547552325019577,0.34303386191481844,1.0437129361882433,21,confirmation,1e-06
coarse,F3,3,0.02382739633321762,0.010091436335394907,0.2508147358894348,1.2823119200281958,0.48601241580450777,0.9908245129155616,21,confirmation,1e-06
coarse,F4,4,0.021371155977249146,0.012986261438054428,0.26795390248298645,1.1501251614388093,0.6254297291299086,1.0585314852814935,21,confirmation,1e-06
coarse,F5,5,0.019017037004232407,0.015127606695589707,0.25642356276512146,1.0234342390212587,0.7285587929318575,1.0129817563383714,21,confirmation,1e-06
coarse,F6,6,0.017891567200422287,0.01777200595637897,0.2605690360069275,0.9628651644620905,0.8559153782952383,1.0293581326746788,21,confirmation,1e-06
coarse,F7,7,0.01622830703854561,0.019598516439252624,0.25680413842201233,0.8733539857392544,0.9438817234982618,1.014485191487543,21,confirmation,1e-06
coarse,F8,8,0.01643700897693634,0.02372028489289022,0.2472190111875534,0.8845856360458528,1.14238970362722,0.976619876319207,21,confirmation,1e-06
coarse,F9,9,0.0157912690192461,0.02678533572067256,0.25343701243400574,0.849834040302665,1.290005237022527,1.0011836167010335,21,confirmation,1e-06
coarse,F10,10,0.01405210979282856,0.027904563135260914,0.23814262449741364,0.7562382241390164,1.3439082099512496,0.9407643019272167,21,confirmation,1e-06
coarse,F11,11,0.013185298070311546,0.030684124099860335,0.2572081387042999,0.7095892748094511,1.4777743013958038,1.0160811638354033,21,confirmation,1e-06
coarse,F12,12,0.010880760848522186,0.02845364196468054,0.2493596225976944,0.5855666787891959,1.3703523274667468,0.9850761986731272,21,confirmation,1e-06
coarse,F13,13,0.010847439989447594,0.028506102345625454,0.23956799507141113,0.5837734600010666,1.372878865377672,0.946395119828314,21,confirmation,1e-06
coarse,F14,14,0.011199532076716423,0.02943137053858755,0.23824264109134674,0.6027218954129124,1.4174405922501216,0.9411594098646184,21,confirmation,1e-06
coarse,F15,15,0.010446686297655106,0.027452960365173563,0.24584375321865082,0.5622062174541165,1.322158624859548,0.9711870244481278,21,confirmation,1e-06
coarse,F16,16,0.008663813583552837,0.02276772763425371,0.23966683447360992,0.46625788549141756,1.0965137114418189,0.9467855773594204,21,confirmation,1e-06
fine,F1,1,0.05304702743887901,0.0035077638883109674,0.25947970151901245,2.8980614129117432,0.16592294487067893,1.0150551081602648,21,confirmation,1e-06
fine,F2,2,0.02833770588040352,0.007017644279422032,0.2635450065135956,1.5481435229723985,0.33194600377086525,1.0309581193662443,21,confirmation,1e-06
fine,F3,3,0.023298293352127075,0.009909446808142229,0.24389231204986572,1.2728306977859285,0.4687329731414772,0.9540790117222102,21,confirmation,1e-06
fine,F4,4,0.02095632255077362,0.012765841004496962,0.2667209506034851,1.1448843162966236,0.6038450707230799,1.0433820517694405,21,confirmation,1e-06
fine,F5,5,0.01894485577940941,0.015102283119876318,0.25708499550819397,1.0349940073596828,0.7143625880495637,1.005687290351806,21,confirmation,1e-06
fine,F6,6,0.017570197582244873,0.017450272278335163,0.25765883922576904,0.9598937789494186,0.8254262993199106,1.0079321017701957,21,confirmation,1e-06
fine,F7,7,0.016435280442237854,0.019829889589542536,0.2631741464138031,0.8978910668446515,0.9379860737267597,1.0295073567959796,21,confirmation,1e-06
fine,F8,8,0.017025843262672424,0.024490925419076395,0.2579033076763153,0.9301546526558214,1.1584606597047784,1.0088884345702502,21,confirmation,1e-06
fine,F9,9,0.015093162655830383,0.025589677092913328,0.24005769193172455,0.8245685838299047,1.2104334033698019,0.9390784135405905,21,confirmation,1e-06
fine,F10,10,0.014274202287197113,0.028457019622094428,0.2396436482667923,0.7798271994841994,1.3460633749251998,0.9374587217703652,21,confirmation,1e-06
fine,F11,11,0.013416006229817867,0.031179074963395254,0.26533305644989014,0.7329422937942541,1.4748210258704777,1.0379527675443347,21,confirmation,1e-06
fine,F12,12,0.011954406276345253,0.031227321887879862,0.28184500336647034,0.6530922695652227,1.4771031839764197,1.1025456276610548,21,confirmation,1e-06
fine,F13,13,0.011539595201611519,0.030325027328396967,0.2563059329986572,0.6304303405679871,1.434423181782121,1.0026396863378808,21,confirmation,1e-06
fine,F14,14,0.011486789211630821,0.030186255812153773,0.24275411665439606,0.627545447496269,1.4278590630522463,0.9496265206660984,21,confirmation,1e-06
fine,F15,15,0.010473167523741722,0.027522548328068233,0.24545522034168243,0.5721693398652332,1.3018613607820533,0.9601929313695178,21,confirmation,1e-06
fine,F16,16,0.009016190655529499,0.023693746382356207,0.24924442172050476,0.4925718836998352,1.1207527929345682,0.9750158566037666,21,confirmation,1e-06
coarse,F1,1,0.05511145666241646,0.003652358542413327,0.24991266429424286,3.1685138940693074,0.18760721442866882,1.030556626863724,21,design,1e-06
coarse,F2,2,0.026647355407476425,0.006703832922342307,0.23996800184249878,1.5320320122543798,0.34434938573276413,0.9895481496802658,21,design,1e-06
coarse,F3,3,0.022783387452363968,0.009597155487326703,0.25680309534072876,1.3098815394950272,0.49296792374236176,1.0589704705437026,21,design,1e-06
coarse,F4,4,0.020287930965423584,0.012315138055242003,0.26631221175193787,1.166410671008473,0.632579939515419,1.0981829008575668,21,design,1e-06
coarse,F5,5,0.01738685742020607,0.013842650317157666,0.23418010771274567,0.9996197278467911,0.7110422035937637,0.965680801189355,21,design,1e-06
coarse,F6,6,0.01614038646221161,0.01599606548354996,0.25841784477233887,0.9279565785101364,0.8216546246318042,1.0656291596188228,21,design,1e-06
coarse,F7,7,0.015588092617690563,0.018832188245753577,0.25075972080230713,0.896203639539694,0.9673350349792472,1.0340496059017366,21,design,1e-06
coarse,F8,8,0.015189602971076965,0.02189789607835304,0.23500771820545197,0.8732933399685523,1.1248083224583298,0.9690935913339801,21,design,1e-06
coarse,F9,9,0.014282483607530594,0.02422265313813588,0.24005472660064697,0.8211404759173999,1.2442218989581488,0.9899057737105452,21,design,1e-06
coarse,F10,10,0.01362023688852787,0.027134382493105007,0.23408152163028717,0.7830660344575189,1.3937859209763692,0.9652742650064806,21,design,1e-06
coarse,F11,11,0.011633806861937046,0.027036661712492353,0.22777843475341797,0.6688605403548429,1.3887663909303345,0.9392824331439407,21,design,1e-06
coarse,F12,12,0.010640468448400497,0.02781373655784704,0.22357356548309326,0.6117506986737807,1.4286816526568717,0.9219429521541869,21,design,1e-06
coarse,F13,13,0.010831416584551334,0.028463995139384392,0.2527998387813568,0.622728848392207,1.462082864428362,1.0424623732532066,21,design,1e-06
coarse,F14,14,0.010194873437285423,0.026791216759255797,0.21955403685569763,0.5861321781455634,1.3761588543378676,0.9053677542724425,21,design,1e-06
coarse,F15,15,0.00960373505949974,0.025237759666790385,0.25406572222709656,0.5521459568267418,1.296363906917584,1.0476824551467285,21,design,1e-06
coarse,F16,16,0.008353452198207378,0.021952125272681866,0.23677243292331696,0.4802636503620831,1.127593861712102,0.9763706873233153,21,design,1e-06
fine,F1,1,0.0429915115237236,0.002895622507831062,0.18318791687488556,2.9445684093572675,0.1725550836217764,0.9289282053003274,21,design,1e-06
fine,F2,2,0.02252415381371975,0.005586931731180094,0.1922585815191269,1.542721095786183,0.33293479017230465,0.9749246682363139,21,design,1e-06
fine,F3,3,0.018703892827033997,0.007937737709197503,0.201605886220932,1.2810643310388572,0.4730233276174736,1.0223239461426916,21,design,1e-06
fine,F4,4,0.01672210358083248,0.01015939615906206,0.2119637429714203,1.1453279076951752,0.6054157436035462,1.0748476357294914,21,design,1e-06
fine,F5,5,0.015037640929222107,0.012008902953258009,0.19191256165504456,1.0299559346037652,0.7156310077370522,0.9731700349787077,21,design,1e-06
fine,F6,6,0.014068556018173695,0.01395450395695178,0.21892419457435608,0.9635815105855886,0.8315726896997544,1.11014341247011,21,design,1e-06
fine,F7,7,0.013310456648468971,0.016077208923710323,0.20551738142967224,0.9116578778481267,0.9580682988659304,1.0421587599572815,21,design,1e-06
fine,F8,8,0.01329515129327774,0.01911989165102266,0.19558826088905334,0.9106095856668849,1.1393869517725153,0.9918091502157874,21,design,1e-06
fine,F9,9,0.011833205819129944,0.02005646889160314,0.18769578635692596,0.8104782270147715,1.195199186837531,0.9517871753629648,21,design,1e-06
fine,F10,10,0.011240899562835693,0.02240411541394749,0.18118102848529816,0.7699100722992459,1.3350994469308042,0.9187514684184361,21,design,1e-06
fine,F11,11,0.010324046947062016,0.023992778330542516,0.19144386053085327,0.7071131351188916,1.4297705795382123,0.9707932969189883,21,design,1e-06
fine,F12,12,0.009567787870764732,0.024990616160469874,0.1901710480451584,0.6553155474921839,1.489233437600142,0.9643389879329435,21,design,1e-06
fine,F13,13,0.009229659102857113,0.024254719153562712,0.2070610374212265,0.6321564806674165,1.4453800799126457,1.0499864901607694,21,design,1e-06
fine,F14,14,0.008907879702746868,0.02340911154362862,0.1796475201845169,0.6101172123847997,1.3949888802832842,0.910975196173194,21,design,1e-06
fine,F15,15,0.008456412702798843,0.02222269871609566,0.21705684065818787,0.5791953997106704,1.3242885165061553,1.1006742414046875,21,design,1e-06
fine,F16,16,0.007391057442873716,0.019423038328696657,0.2000407576560974,0.5062272408361664,1.1574519793008728,1.0143873305973057,21,design,1e-06
coarse,F1,1,0.07406362891197205,0.003912879150966287,0.25470513105392456,3.135345963049501,0.17430229643574058,1.0526771253853604,22,confirmation,1e-06
coarse,F2,2,0.037147924304008484,0.007353079162653259,0.24705085158348083,1.572588275962999,0.32754872677520575,1.021042564760286,22,confirmation,1e-06
coarse,F3,3,0.030799321830272675,0.010410250762171145,0.23871344327926636,1.3038319993742336,0.4637328535613603,0.9865846841101062,22,confirmation,1e-06
coarse,F4,4,0.02663445845246315,0.01285658567220083,0.2519778609275818,1.1275202554035437,0.5727067769097967,1.0414055233376573,22,confirmation,1e-06
coarse,F5,5,0.022373585030436516,0.0139524858724686,0.2499821037054062,0.9471441048007389,0.6215245180669413,1.0331572090343146,22,confirmation,1e-06
coarse,F6,6,0.02161954715847969,0.016631372952851123,0.235834002494812,0.9152233140893332,0.7408576617668688,0.9746841721920522,22,confirmation,1e-06
coarse,F7,7,0.021377472206950188,0.019958520246811096,0.23889636993408203,0.9049755213038146,0.8890680693829511,0.9873407061986718,22,confirmation,1e-06
coarse,F8,8,0.0201973095536232,0.022332424929551523,0.24386341869831085,0.8550155306146137,0.9948155309724643,1.0078691446841543,22,confirmation,1e-06
coarse,F9,9,0.020849131047725677,0.027144403481738754,0.24823254346847534,0.8826091811038722,1.2091689213240773,1.025926408330457,22,confirmation,1e-06
coarse,F10,10,0.018024759367108345,0.02734870176447471,0.24791382253170013,0.763044659663802,1.2182695499059646,1.0246091587009092,22,confirmation,1e-06
coarse,F11,11,0.016019552946090698,0.028328505937148307,0.2215973436832428,0.678157975746504,1.2619157016947706,0.9158451334540302,22,confirmation,1e-06
coarse,F12,12,0.015801740810275078,0.03264766392324317,0.23785613477230072,0.6689373041325818,1.4543160101630732,0.983041492612759,22,confirmation,1e-06
coarse,F13,13,0.014538371935486794,0.035065878827658194,0.22916699945926666,0.615454932831038,1.5620373056215806,0.947129950722884,22,confirmation,1e-06
coarse,F14,14,0.014620448462665081,0.03843655567321225,0.2506904900074005,0.6189294899372719,1.7121867715404968,1.036084916273506,22,confirmation,1e-06
coarse,F15,15,0.013123941607773304,0.0345040193247592,0.24679887294769287,0.5555776559117266,1.537008829696033,1.0200011560345088,22,confirmation,1e-06
coarse,F16,16,0.01076328195631504,0.02829763376079612,0.22807109355926514,0.4556435206679552,1.2605404761826753,0.9426006541683429,22,confirmation,1e-06
fine,F1,1,0.0729045495390892,0.0037916302469418062,0.2509295344352722,2.997823188295017,0.16139661649355322,0.9931767628144725,22,confirmation,1e-06
fine,F2,2,0.038492295891046524,0.0076112824806695125,0.2577935755252838,1.5827969299916185,0.3239860322739882,1.0203445735902972,22,confirmation,1e-06
fine,F3,3,0.030183646827936172,0.010197108397831896,0.22963930666446686,1.2411466354315646,0.4340557191080254,0.9089102393676456,22,confirmation,1e-06
fine,F4,4,0.027253489941358566,0.01306115773363941,0.26021263003349304,1.120659062084514,0.5559684168566452,1.0299191688285263,22,confirmation,1e-06
fine,F5,5,0.024262696504592896,0.015102054931575928,0.2779274880886078,0.9976781236819053,0.6428423684039526,1.100034412203495,22,confirmation,1e-06
fine,F6,6,0.023385128006339073,0.018011997164610494,0.25661858916282654,0.9615926501413001,0.7667085684328928,1.0156939884989775,22,confirmation,1e-06
fine,F7,7,0.021655570715665817,0.02019913370993287,0.23976750671863556,0.8904735363926444,0.8598074243957454,0.9489975609560551,22,confirmation,1e-06
fine,F8,8,0.021585896611213684,0.023857879348650305,0.2639019191265106,0.8876085485795272,1.0155476016389833,1.044521340736015,22,confirmation,1e-06
fine,F9,9,0.020902235060930252,0.02724211937128029,0.2485356479883194,0.8594964971185067,1.1596030219941444,0.9837017825285496,22,confirmation,1e-06
fine,F10,10,0.018903575837612152,0.028723195744623058,0.26307061314582825,0.7773119557827128,1.222647332714808,1.0412310393983881,22,confirmation,1e-06
fine,F11,11,0.01743249036371708,0.030801049814717443,0.23867593705654144,0.7168211609902414,1.3110944107892273,0.9446771383887197,22,confirmation,1e-06
fine,F12,12,0.016208838671445847,0.033460138374738574,0.24228347837924957,0.6665048029484114,1.4242826355351073,0.95895575338185,22,confirmation,1e-06
fine,F13,13,0.015111749060451984,0.036493575834603525,0.23497170209884644,0.6213926570498683,1.5534056012467254,0.9300158108878841,22,confirmation,1e-06
fine,F14,14,0.015199092216789722,0.03995832379867595,0.26387929916381836,0.6249841933951791,1.700887966874346,1.04443181113412,22,confirmation,1e-06
fine,F15,15,0.013441612012684345,0.03533920507269355,0.2535930871963501,0.5527168939996635,1.5042680210985486,1.0037190798629079,22,confirmation,1e-06
fine,F16,16,0.01218374352902174,0.032032153862417895,0.26065486669540405,0.5009935470756498,1.363498262143307,1.0316695374220963,22,confirmation,1e-06
coarse,F1,1,0.07142257690429688,0.0038033054236971836,0.241361603140831,3.184093509522585,0.17965883223003612,1.0097746487393593,22,design,1e-06
coarse,F2,2,0.03300655260682106,0.006569299250297735,0.24726535379886627,1.4714667893867601,0.3103176054503773,1.034473928448253,22,design,1e-06
coarse,F3,3,0.0311804860830307,0.010521071596436431,0.27429014444351196,1.390058825429532,0.49698965143506907,1.1475364376682016,22,design,1e-06
coarse,F4,4,0.025697316974401474,0.01239169243539354,0.2701718509197235,1.1456133863662614,0.5853531978855427,1.1303069018088354,22,design,1e-06
coarse,F5,5,0.021904893219470978,0.013626048697347206,0.2478007823228836,0.9765431513394014,0.6436611642131203,1.0367139788238264,22,design,1e-06
coarse,F6,6,0.020198389887809753,0.015519299192944369,0.2119176834821701,0.9004654400912894,0.7330936802131829,0.886591328592591,22,design,1e-06
coarse,F7,7,0.01960301399230957,0.01830962311429412,0.2555284798145294,0.8739229572132419,0.8649017475142604,1.0690440301602753,22,design,1e-06
coarse,F8,8,0.018754735589027405,0.02071024183727212,0.21515357494354248,0.8361058148581272,0.9783010958054975,0.9001291951017866,22,design,1e-06
coarse,F9,9,0.019296973943710327,0.025159536931636244,0.2511802017688751,0.8602793703442808,1.1884748977620165,1.050852317480899,22,design,1e-06
coarse,F10,10,0.01798669807612896,0.027302124038800078,0.25027185678482056,0.8018658956912974,1.2896854645563056,1.0470521117925375,22,design,1e-06
coarse,F11,11,0.015998201444745064,0.02833715535981056,0.2195073962211609,0.713216626900828,1.3385778089091005,0.9183440987735849,22,design,1e-06
coarse,F12,12,0.014861219562590122,0.030776094867530124,0.24028745293617249,0.6625287801676402,1.453787337206895,1.0052807705437896,22,design,1e-06
coarse,F13,13,0.01410134881734848,0.033975322346183126,0.21536067128181458,0.6286529440823359,1.604911006968423,0.900995615565989,22,design,1e-06
coarse,F14,14,0.012932192534208298,0.03399827270408469,0.2137685865163803,0.5765307287532465,1.6059951256600655,0.8943348757720059,22,design,1e-06
coarse,F15,15,0.01205567829310894,0.031695459591593124,0.2567821145057678,0.537454803085817,1.4972158748387965,1.074288810247579,22,design,1e-06
coarse,F16,16,0.009896595031023026,0.02601903559555537,0.21375569701194763,0.441200603093307,1.229075509351311,0.8942809504804866,22,design,1e-06
fine,F1,1,0.05806579440832138,0.003115122129666226,0.18464040756225586,2.964139936590234,0.16357127424566956,0.90740261943958,22,design,1e-06
fine,F2,2,0.03015347383916378,0.005965928623206845,0.21971212327480316,1.5392731115512877,0.31326365591361777,1.0797601609223426,22,design,1e-06
fine,F3,3,0.024977391585707664,0.008442355980161392,0.2122257947921753,1.2750447086010905,0.4432978444599566,1.0429691130427976,22,design,1e-06
fine,F4,4,0.021808885037899017,0.010446009713202867,0.22388111054897308,1.113298935665255,0.5485072650279402,1.100248362952099,22,design,1e-06
fine,F5,5,0.019878719002008438,0.012382981150501248,0.21847660839557648,1.014767910824692,0.6502152793491347,1.0736883077859218,22,design,1e-06
fine,F6,6,0.018660414963960648,0.014360820619038775,0.18413415551185608,0.9525759837033251,0.7540692242847462,0.9049146784590851,22,design,1e-06
fine,F7,7,0.017275972291827202,0.016105635611448718,0.21886146068572998,0.8819030194184801,0.8456873373961004,1.0755796379708646,22,design,1e-06
fine,F8,8,0.017811428755521774,0.019679382605001385,0.19399601221084595,0.9092369757436347,1.033340445439628,0.9533800968328174,22,design,1e-06
fine,F9,9,0.016345128417015076,0.021305173979801594,0.20389805734157562,0.8343853451633318,1.1187087731533742,1.0020430184980196,22,design,1e-06
fine,F10,10,0.01537962257862091,0.023382871252991114,0.20536985993385315,0.7850982486247018,1.2278061299587,1.0092760913944834,22,design,1e-06
fine,F11,11,0.014388591051101685,0.025431407643602202,0.18601220846176147,0.7345081179105204,1.335372284286904,0.9141442408755123,22,design,1e-06
fine,F12,12,0.013183397240936756,0.02720863403920436,0.20437490940093994,0.6729854410842948,1.4286922807593476,1.004386475238963,22,design,1e-06
fine,F13,13,0.012697253376245499,0.030639282385787843,0.18200798332691193,0.6481687919891923,1.6088314528949792,0.8944657510792677,22,design,1e-06
fine,F14,14,0.012241975404322147,0.03218402588784257,0.19170424342155457,0.6249277835335427,1.6899440553857465,0.9421173562983453,22,design,1e-06
fine,F15,15,0.010748649947345257,0.028259166380976176,0.2234533280134201,0.5486965759791392,1.483854456310492,1.0981460550205029,22,design,1e-06
fine,F16,16,0.00981409102678299,0.025802125749382697,0.20296916365623474,0.5009892562436103,1.3548382411336597,0.9974780341893978,22,design,1e-06
coarse,F1,1,0.1052330806851387,0.0038417593551977663,0.24310803413391113,3.605788758193295,0.18666205497953062,1.0493312709242206,23,confirmation,1e-06
coarse,F2,2,0.05124705284833908,0.0070576442151709,0.24203619360923767,1.7559691861912268,0.34291433968549023,1.04470486775334,23,confirmation,1e-06
coarse,F3,3,0.039987459778785706,0.009527286256219524,0.23609350621700287,1.3701616639967322,0.46290844025878025,1.0190543468389872,23,confirmation,1e-06
coarse,F4,4,0.031461961567401886,0.010926307155580786,0.2287723571062088,1.0780373110037464,0.5308835766193556,0.9874539485698637,23,confirmation,1e-06
coarse,F5,5,0.025868073105812073,0.011611712336501491,0.23168416321277618,0.8863639322708909,0.5641858029525013,1.0000222259341824,23,confirmation,1e-06
coarse,F6,6,0.02334115095436573,0.01309454394285011,0.21937023103237152,0.7997794910743348,0.6362331045241488,0.9468713946546978,23,confirmation,1e-06
coarse,F7,7,0.021999575197696686,0.014969929024857343,0.20883986353874207,0.753810687821908,0.7273536565732517,0.9014189934423927,23,confirmation,1e-06
coarse,F8,8,0.024607505649328232,0.019986865495199534,0.23363685607910156,0.8431708609102455,0.9711148047015988,1.0084506667894821,23,confirmation,1e-06
coarse,F9,9,0.021767444908618927,0.02081681366780492,0.2286079078912735,0.7458567936534276,1.0114400351758674,0.9867441336749124,23,confirmation,1e-06
coarse,F10,10,0.02116425335407257,0.023740365173691397,0.23319095373153687,0.725188565447432,1.1534885294910922,1.006526011034089,23,confirmation,1e-06
coarse,F11,11,0.01943817362189293,0.02534207956056679,0.23264726996421814,0.6660448166042263,1.231312065871613,1.0041792997023393,23,confirmation,1e-06
coarse,F12,12,0.017852284014225006,0.02713259063822962,0.23468641936779022,0.6117046520681886,1.3183087895909082,1.0129809143543504,23,confirmation,1e-06
coarse,F13,13,0.0159799512475729,0.02852492255101727,0.21265652775764465,0.5475495746188164,1.3859589238198764,0.9178929250003518,23,confirmation,1e-06
coarse,F14,14,0.0174995306879282,0.0368439478158262,0.24239417910575867,0.5996176356082026,1.7901608031632357,1.0462500465351727,23,confirmation,1e-06
coarse,F15,15,0.015809988602995872,0.039813709679901735,0.236713707447052,0.5417258413484551,1.9344545501409518,1.0217313317739964,23,confirmation,1e-06
coarse,F16,16,0.01369425281882286,0.03607131770288903,0.2424260526895523,0.4692306121276718,1.7526205224517972,1.0463876230176212,23,confirmation,1e-06
fine,F1,1,0.10991819202899933,0.0039279652524381314,0.25510162115097046,3.4440470775323035,0.17090142378969223,0.9819664281274321,23,confirmation,1e-06
fine,F2,2,0.0532534159719944,0.007386789281070092,0.251956582069397,1.6685797706586343,0.32139103180348205,0.9698601828620356,23,confirmation,1e-06
fine,F3,3,0.04162462055683136,0.009918585380811347,0.24454981088638306,1.3042168010216606,0.43154667992750656,0.9413491894401746,23,confirmation,1e-06
fine,F4,4,0.035223670303821564,0.012226141976750385,0.2579686939716339,1.103656970065817,0.5319459152508055,0.9930026937700639,23,confirmation,1e-06
fine,F5,5,0.030807439237833023,0.013849804610510063,0.28452810645103455,0.9652839908913372,0.6025896806688962,1.095238231466336,23,confirmation,1e-06
fine,F6,6,0.02758120372891426,0.015439947651019602,0.2620387673377991,0.8641969299524969,0.6717750456574656,1.0086696871335616,23,confirmation,1e-06
fine,F7,7,0.026259008795022964,0.017846513873205683,0.2490633875131607,0.8227688322560305,0.7764820803137658,0.9587233664378714,23,confirmation,1e-06
fine,F8,8,0.026048436760902405,0.021124027731785656,0.24654634296894073,0.8161710163227807,0.9190830833583027,0.9490344697959225,23,confirmation,1e-06
fine,F9,9,0.02473072148859501,0.023650127954903576,0.2627110183238983,0.7748832790625767,1.0289909101901062,1.0112573927570958,23,confirmation,1e-06
fine,F10,10,0.023116618394851685,0.025908441426766744,0.25610747933387756,0.7243088751333716,1.1272476316479387,0.9858382928479134,23,confirmation,1e-06
fine,F11,11,0.021436084061861038,0.02798312454555039,0.2585379481315613,0.6716529930506118,1.2175147995391216,0.9951939321933969,23,confirmation,1e-06
fine,F12,12,0.019943414255976677,0.03038177037575511,0.26595455408096313,0.6248834366397816,1.321877226700295,1.023742782726388,23,confirmation,1e-06
fine,F13,13,0.019401129335165024,0.03461952129074632,0.2606736421585083,0.6078921200775653,1.5062570820435994,1.0034148906716385,23,confirmation,1e-06
fine,F14,14,0.01847064681351185,0.039016398376596706,0.25760236382484436,0.5787374774270654,1.6975603410868614,0.9915925737397194,23,confirmation,1e-06
fine,F15,15,0.017720406875014305,0.044656995718666215,0.27014485001564026,0.5552303434401018,1.9429764929190791,1.0398725505938242,23,confirmation,1e-06
fine,F16,16,0.01511162705719471,0.0398047483176247,0.27309882640838623,0.47348991138208163,1.73186057510308,1.0512433354366257,23,confirmation,1e-06
coarse,F1,1,0.10066455602645874,0.003675539008139845,0.23583565652370453,3.6518612008356786,0.19134388336446148,1.0078144936148488,23,design,1e-06
coarse,F2,2,0.04668860882520676,0.006397302682364962,0.24435335397720337,1.69374729120101,0.3330354365960315,1.0442138196217692,23,design,1e-06
coarse,F3,3,0.03915461525321007,0.009308543899534543,0.2812943756580353,1.4204326321099934,0.4845909495888934,1.2020767043426837,23,design,1e-06
coarse,F4,4,0.029535561800003052,0.010247607860853176,0.23448380827903748,1.0714771558120775,0.5334774243857582,1.0020375374317776,23,design,1e-06
coarse,F5,5,0.02560773864388466,0.011524200649435141,0.22685271501541138,0.9289854431997202,0.599935220399182,0.9694270047134734,23,design,1e-06
coarse,F6,6,0.022330954670906067,0.012572955987154836,0.2306239902973175,0.8101118224657703,0.6545320886609753,0.9855430829373547,23,design,1e-06
coarse,F7,7,0.020751487463712692,0.014094982298814458,0.22391310334205627,0.7528126574009018,0.7337668415532401,0.9568649380027981,23,design,1e-06
coarse,F8,8,0.022849371656775475,0.01859375546546729,0.22816912829875946,0.828918708933864,0.9679672475826233,0.9750525339744058,23,design,1e-06
coarse,F9,9,0.020548352971673012,0.019660097991852983,0.23645928502082825,0.7454434402770891,1.0234796825053507,1.0104794928236065,23,design,1e-06
coarse,F10,10,0.02041769027709961,0.022888250466515117,0.23994822800159454,0.7407033207797773,1.1915331922699104,1.0253890588970413,23,design,1e-06
coarse,F11,11,0.018231241032481194,0.02375815298161229,0.2350812703371048,0.6613843481523136,1.2368192101896178,1.004590717601311,23,design,1e-06
coarse,F12,12,0.01654915139079094,0.025201538224907997,0.21621324121952057,0.6003622948965315,1.31196000913952,0.923960530076054,23,design,1e-06
coarse,F13,13,0.014656740240752697,0.026215015078187458,0.21341533958911896,0.5317102973350756,1.3647203243958745,0.9120040436973968,23,design,1e-06
coarse,F14,14,0.016189906746149063,0.03411806449380014,0.22880858182907104,0.5873297874166311,1.7761430197490329,0.9777851595041522,23,design,1e-06
coarse,F15,15,0.014467268250882626,0.036424038520972896,0.23235923051834106,0.5248367220096177,1.8961890930785945,0.9929584172868287,23,design,1e-06
coarse,F16,16,0.012401124462485313,0.03266515454095578,0.23630085587501526,0.44988213388018133,1.7005063765409356,1.0098024654744986,23,design,1e-06
fine,F1,1,0.08628775179386139,0.0031533505838302364,0.19146612286567688,3.4251373943752204,0.17330784064094612,0.906850168495288,23,design,1e-06
fine,F2,2,0.041977304965257645,0.005794474861810887,0.21219384670257568,1.6662624064545986,0.3184637734536,1.005023879712089,23,design,1e-06
fine,F3,3,0.032931357622146606,0.007861236000643344,0.232939675450325,1.3071892834642391,0.4320527641381064,1.1032833420853327,23,design,1e-06
fine,F4,4,0.027385417371988297,0.009493057862447661,0.20945098996162415,1.0870467146420988,0.5217375345629923,0.992032755953682,23,design,1e-06
fine,F5,5,0.024451743811368942,0.010987627262842987,0.2084907740354538,0.9705964096281016,0.6038789230907236,0.987484839270529,23,design,1e-06
fine,F6,6,0.021827297285199165,0.012243367219922946,0.21913890540599823,0.8664206749560835,0.6728942686993101,1.03791809390071,23,design,1e-06
fine,F7,7,0.02091909386217594,0.014210032507145892,0.2195041924715042,0.830370118055171,0.7809820011385346,1.0396482205254374,23,design,1e-06
fine,F8,8,0.020764879882335663,0.016836715160285003,0.19752612709999084,0.824248692266396,0.9253442236579315,0.9355524568098906,23,design,1e-06
fine,F9,9,0.0194269847124815,0.01855599687770485,0.2168644368648529,0.7711417949286502,1.0198357792202586,1.027145419607713,23,design,1e-06
fine,F10,10,0.01834205910563469,0.02056326547046662,0.2072279453277588,0.7280763634059506,1.130155065373143,0.9815036431758166,23,design,1e-06
fine,F11,11,0.016778239980340004,0.02189332051328238,0.20817211270332336,0.6660015584338383,1.2032547608481736,0.9859755483400486,23,design,1e-06
fine,F12,12,0.01583969220519066,0.024147603747937552,0.19704625010490417,0.6287465017862692,1.3271499476360085,0.9332795924131082,23,design,1e-06
fine,F13,13,0.015646228566765785,0.027926317708442935,0.2220773994922638,0.6210670857782599,1.534827698487146,1.0518358241882857,23,design,1e-06
fine,F14,14,0.014706658199429512,0.031048948833355107,0.19810350239276886,0.5837714379846031,1.7064472006610507,0.9382871070639623,23,design,1e-06
fine,F15,15,0.013703204691410065,0.03455515252214866,0.21266600489616394,0.5439399895764303,1.8991478135481983,1.0072601851796223,23,design,1e-06
fine,F16,16,0.0120919831097126,0.03185086445140912,0.22526194155216217,0.47998357426408955,1.750520404843879,1.0669189232784844,23,design,1e-06
coarse,F1,1,0.16517718136310577,0.003982397214970054,0.23694342374801636,3.055947953635265,0.16271889628704117,0.9700971413919355,24,confirmation,1e-06
coarse,F2,2,0.08938844501972198,0.00783314462693742,0.24101762473583221,1.653778284520798,0.32005864291003633,0.9867777931239692,24,confirmation,1e-06
coarse,F3,3,0.07231971621513367,0.010536612767200795,0.23610317707061768,1.3379892243668283,0.4305210925816078,0.966656991473804,24,confirmation,1e-06
coarse,F4,4,0.062196824699640274,0.012877657511138878,0.24948424100875854,1.1507053068404725,0.5261750909974962,1.0214419340978207,24,confirmation,1e-06
coarse,F5,5,0.057699207216501236,0.015635803393264966,0.23849070072174072,1.0674947517843314,0.638871647747569,0.9764320248227913,24,confirmation,1e-06
coarse,F6,6,0.051995839923620224,0.017540902398672308,0.2463495135307312,0.9619765835744272,0.7167131062319542,1.0086076881948363,24,confirmation,1e-06
coarse,F7,7,0.046160805970430374,0.01888185179482594,0.23736880719661713,0.8540224465593147,0.7715036743095621,0.9718387523679037,24,confirmation,1e-06
coarse,F8,8,0.0507262721657753,0.024709105955594623,0.258712500333786,0.93848827266144,1.0096025665697301,1.059224404907195,24,confirmation,1e-06
coarse,F9,9,0.04214821010828018,0.02423839297607018,0.2520403563976288,0.7797852909636681,0.9903694533563417,1.0319072181415259,24,confirmation,1e-06
coarse,F10,10,0.03715769574046135,0.02512632849706914,0.24406887590885162,0.687455635958853,1.026650085385685,0.9992702691496504,24,confirmation,1e-06
coarse,F11,11,0.03838250786066055,0.03028885900951985,0.26067548990249634,0.7101159214863214,1.2375886788229218,1.0672613047673627,24,confirmation,1e-06
coarse,F12,12,0.037009574472904205,0.03400316523625205,0.24201051890850067,0.6847152399747002,1.3893535021343735,0.9908429145920996,24,confirmation,1e-06
coarse,F13,13,0.031507790088653564,0.03393406247609432,0.24513554573059082,0.5829265631632637,1.386529995523585,1.0036374439313347,24,confirmation,1e-06
coarse,F14,14,0.029906772077083588,0.03819373276852547,0.22617578506469727,0.5533060812309858,1.5605781406773591,0.9260121216813324,24,confirmation,1e-06
coarse,F15,15,0.027865786105394363,0.043274764894984746,0.25886866450309753,0.5155457389602761,1.7681867480027509,1.05986377447416,24,confirmation,1e-06
coarse,F16,16,0.025174148380756378,0.05052868822739402,0.23450854420661926,0.4657476692229498,2.0645786784619853,0.9601282228822787,24,confirmation,1e-06
fine,F1,1,0.18704049289226532,0.0044734727909167046,0.27416113018989563,2.995297325391102,0.15620003049629616,0.925696667716454,24,confirmation,1e-06
fine,F2,2,0.10075191408395767,0.008898076944077887,0.27869856357574463,1.6134577818800866,0.3106937171598491,0.9410171727142139,24,confirmation,1e-06
fine,F3,3,0.08226412534713745,0.01204865762158537,0.274515837430954,1.317391281522381,0.42070238847823777,0.9268943258630891,24,confirmation,1e-06
fine,F4,4,0.07214322686195374,0.01498545252381629,0.30331718921661377,1.1553135426624483,0.5232463123445623,1.024141208946945,24,confirmation,1e-06
fine,F5,5,0.06854425370693207,0.018528013367135075,0.2947748601436615,1.0976789925246875,0.6469417359279896,0.995298296197453,24,confirmation,1e-06
fine,F6,6,0.05971751734614372,0.020120128783797094,0.2942393124103546,0.9563261795344526,0.7025335520090413,0.993490035661826,24,confirmation,1e-06
fine,F7,7,0.0573892816901207,0.023448326543862467,0.3115011155605316,0.9190414294489039,0.8187440703060321,1.0517739858477198,24,confirmation,1e-06
fine,F8,8,0.056241802871227264,0.027385133773906258,0.299725741147995,0.90066551424452,0.9562053756792269,1.0120147944289777,24,confirmation,1e-06
fine,F9,9,0.050503842532634735,0.02899448535472992,0.32151320576667786,0.8087768702957147,1.0123990260607252,1.0855795020939019,24,confirmation,1e-06
fine,F10,10,0.04544030874967575,0.0306865921221434,0.3163638114929199,0.7276886045271863,1.0714822352421123,1.0681927298819758,24,confirmation,1e-06
fine,F11,11,0.04325065761804581,0.034136996519422605,0.30953219532966614,0.6926231698895192,1.1919598367095672,1.0451259869302612,24,confirmation,1e-06
fine,F12,12,0.04072502255439758,0.03746390979901089,0.2714708149433136,0.6521772331082419,1.3081255048646052,0.9166129006005875,24,confirmation,1e-06
fine,F13,13,0.03624998778104782,0.03898599939548755,0.2929789125919342,0.5805132876150731,1.3612722328095024,0.9892343342387466,24,confirmation,1e-06
fine,F14,14,0.03559991717338562,0.04530286969899666,0.2754105031490326,0.5701029496057122,1.5818380840320103,0.9299151372865461,24,confirmation,1e-06
fine,F15,15,0.03215623274445534,0.04984313272985496,0.3167315423488617,0.5149552187589636,1.7403702260674478,1.0694343618657878,24,confirmation,1e-06
fine,F16,16,0.031096849590539932,0.06292891003602423,0.3037428855895996,0.4979900820742835,2.197285671812793,1.0255785597255147,24,confirmation,1e-06
coarse,F1,1,0.15140663087368011,0.0035289825118216926,0.21410126984119415,3.2844922367804,0.1709318375630305,0.9892916099015465,24,design,1e-06
coarse,F2,2,0.07397279143333435,0.006485240268212296,0.22506214678287506,1.60470553894346,0.31412284769613474,1.0399382202818177,24,design,1e-06
coarse,F3,3,0.06024787575006485,0.008745997416832851,0.23105260729789734,1.3069683873270663,0.423626188220763,1.0676181697344937,24,design,1e-06
coarse,F4,4,0.053001031279563904,0.01098857132242307,0.2276706099510193,1.1497612408027262,0.5322487946715841,1.051991071387728,24,design,1e-06
coarse,F5,5,0.048900023102760315,0.013223965228137822,0.22020329535007477,1.060797306779769,0.6405236264966302,1.0174870645283145,24,design,1e-06
coarse,F6,6,0.042440880089998245,0.014335522623527063,0.20790551602840424,0.9206779146550523,0.6943636632534513,0.9606630675834418,24,design,1e-06
coarse,F7,7,0.037612080574035645,0.01537336175167426,0.19578582048416138,0.8159258675906118,0.744633039390835,0.9046619372521087,24,design,1e-06
coarse,F8,8,0.0446668304502964,0.021778615590144074,0.23746365308761597,0.9689658703124077,1.0548816181241205,1.0972415055286608,24,design,1e-06
coarse,F9,9,0.03381839394569397,0.019488291250364092,0.21440181136131287,0.7336287171443965,0.9439461440313808,0.9906803135019551,24,design,1e-06
coarse,F10,10,0.030797172337770462,0.02083296284338825,0.18816006183624268,0.6680887942258491,1.0090774348622265,0.869425812519566,24,design,1e-06
coarse,F11,11,0.03161701560020447,0.02493673059068772,0.21640758216381073,0.6858738067798092,1.2078499024581892,0.999948321243191,24,design,1e-06
coarse,F12,12,0.032730668783187866,0.030098172156908867,0.2452809065580368,0.7100324926502218,1.4578524707432212,1.13336246490689,24,design,1e-06
coarse,F13,13,0.0263811107724905,0.028428101272258664,0.21387879550457,0.57229034838098,1.3769599516622997,0.9882636291016011,24,design,1e-06
coarse,F14,14,0.024392489343881607,0.031072893921956727,0.19547012448310852,0.5291508134314807,1.5050646577841553,0.9032032097753745,24,design,1e-06
coarse,F15,15,0.023005587980151176,0.035709599422086576,0.21153366565704346,0.4990645038949238,1.7296508065453966,0.9774275547335763,24,design,1e-06
coarse,F16,16,0.022568192332983017,0.04530185855299309,0.21832239627838135,0.48957599867401347,2.194267016496582,1.0087960480197338,24,design,1e-06
fine,F1,1,0.13528972864151,0.0032577079163294683,0.17905087769031525,3.052940839717277,0.1594962414396977,0.8841150663975168,24,design,1e-06
fine,F2,2,0.07228502631187439,0.006361638290352272,0.21247254312038422,1.6311800692003824,0.3114635881332445,1.0491441259139298,24,design,1e-06
fine,F3,3,0.05780835449695587,0.008448287639328393,0.21461047232151031,1.3045002609788712,0.41362521124747104,1.0597007645743446,24,design,1e-06
fine,F4,4,0.05018894001841545,0.010419200163819035,0.20727038383483887,1.1325609580484346,0.5101203998698053,1.0234569722876554,24,design,1e-06
fine,F5,5,0.04599719122052193,0.012437707900134359,0.19726558029651642,1.0379701770377432,0.6089458334347605,0.9740553851037211,24,design,1e-06
fine,F6,6,0.04170302301645279,0.014067917853539755,0.19394825398921967,0.9410682051404052,0.6887603432078488,0.957675134940912,24,design,1e-06
fine,F7,7,0.040225423872470856,0.016415995032984448,0.19991739094257355,0.9077247812405244,0.8037213815669056,0.9871494607969299,24,design,1e-06
fine,F8,8,0.04083840921521187,0.019884413738115704,0.2090875804424286,0.9215573759673641,0.9735339496104155,1.0324299017706111,24,design,1e-06
fine,F9,9,0.03509721904993057,0.020150745824591185,0.21559464931488037,0.7920019832544792,0.9865734755159465,1.064560420774105,24,design,1e-06
fine,F10,10,0.031820133328437805,0.021506100034832745,0.1825694441795349,0.7180514407050876,1.0529311441299476,0.9014889976810091,24,design,1e-06
fine,F11,11,0.030280236154794693,0.023889086618653816,0.19741356372833252,0.6833022027726389,1.1696013347309906,0.9747860957449285,24,design,1e-06
fine,F12,12,0.02954772859811783,0.02717416364629821,0.21428526937961578,0.6667724761064996,1.3304375582987344,1.0580949817696212,24,design,1e-06
fine,F13,13,0.026430441066622734,0.028445326683157503,0.20570595562458038,0.5964279310356713,1.392673256477768,1.0157321592689832,24,design,1e-06
fine,F14,14,0.02600470930337906,0.033081169552473304,0.19874174892902374,0.5868208906503993,1.619642503737354,0.9813443911414377,24,design,1e-06
fine,F15,15,0.022923357784748077,0.03548896901736608,0.20155452191829681,0.5172872757395404,1.737527524326804,0.9952332645736778,24,design,1e-06
fine,F16,16,0.02259301021695137,0.04577128769126435,0.21082985401153564,0.5098326700488138,2.2409462542723064,1.0410328772606166,24,design,1e-06
coarse,F1,1,0.897659957408905,0.015067104775879064,0.6754363775253296,3.6063124809031253,0.20618140356714834,1.3528730190266725,25,confirmation,1e-06
coarse,F2,2,0.4487401247024536,0.024285847886663055,0.5552920699119568,1.8027952556418991,0.3323326066004814,1.11222860370026,25,confirmation,1e-06
coarse,F3,3,0.31427890062332153,0.029760658884572747,0.4759070575237274,1.2626027399884485,0.40725106191121796,0.9532234850114815,25,confirmation,1e-06
coarse,F4,4,0.24031782150268555,0.031992706752366845,0.43025270104408264,0.9654671035680386,0.4377948703638938,0.8617795694370339,25,confirmation,1e-06
coarse,F5,5,0.22739334404468536,0.039582144730188375,0.4570675492286682,0.9135435394375007,0.5416503222127556,0.915488676357118,25,confirmation,1e-06
coarse,F6,6,0.21254903078079224,0.04565601402913362,0.46601662039756775,0.8539071128015869,0.6247664162313477,0.9334133208278692,25,confirmation,1e-06
coarse,F7,7,0.19697846472263336,0.05104115729957153,0.45107802748680115,0.7913529950125429,0.6984578396617188,0.9034918952670415,25,confirmation,1e-06
coarse,F8,8,0.18147049844264984,0.05609309393679411,0.4716845452785492,0.7290503692940454,0.7675895940424525,0.9447659558065238,25,confirmation,1e-06
coarse,F9,9,0.1710866391658783,0.062225725951153756,0.4512503147125244,0.6873336356905382,0.8515098093120599,0.9038369799366857,25,confirmation,1e-06
coarse,F10,10,0.16603460907936096,0.07057405085778046,0.47397875785827637,0.6670373096658203,0.9657500281388683,0.9493611751377599,25,confirmation,1e-06
coarse,F11,11,0.16209128499031067,0.08024915567275104,0.4993237555027008,0.6511951650305214,1.0981461798934795,1.0001262281040557,25,confirmation,1e-06
coarse,F12,12,0.15120822191238403,0.08720288233868012,0.4864364266395569,0.6074729003974065,1.193302425590982,0.9743134053328729,25,confirmation,1e-06
coarse,F13,13,0.14964526891708374,0.10088723227173566,0.5009344816207886,0.6011938001128332,1.3805619235549358,1.0033524504081999,25,confirmation,1e-06
coarse,F14,14,0.14111369848251343,0.11234416308758413,0.46738457679748535,0.5669185618269399,1.5373409538544405,0.9361532847478373,25,confirmation,1e-06
coarse,F15,15,0.14638608694076538,0.139657935147582,0.5238806009292603,0.5881001686750912,1.911108306229871,1.0493126425695025,25,confirmation,1e-06
coarse,F16,16,0.17566262185573578,0.22261106691460902,0.6022478938102722,0.7057174606017707,3.046256258834346,1.2062793083290857,25,confirmation,1e-06
fine,F1,1,0.5764855742454529,0.010192373378135208,0.5521532297134399,2.895533022688527,0.1688823472932507,1.0824863248259409,25,confirmation,1e-06
fine,F2,2,0.35096481442451477,0.01947317507493787,0.5532608032226562,1.7628024973531224,0.3226604240149633,1.0846577024670503,25,confirmation,1e-06
fine,F3,3,0.2673243284225464,0.025173000491146354,0.49402880668640137,1.3426986819724773,0.41710357868941805,0.9685344548027929,25,confirmation,1e-06
fine,F4,4,0.22370964288711548,0.029828861489815138,0.48583272099494934,1.1236337688437998,0.4942487837319498,0.9524661784609105,25,confirmation,1e-06
fine,F5,5,0.2061617374420166,0.035786035267667535,0.5127272605895996,1.035495327978555,0.5929560674540836,1.0051924322560897,25,confirmation,1e-06
fine,F6,6,0.1869274079799652,0.040167957685553354,0.5037877559661865,0.9388864298295655,0.6655622521114267,0.987666696672536,25,confirmation,1e-06
fine,F7,7,0.17137396335601807,0.04448108551043644,0.47066065669059753,0.8607656328189167,0.7370285459978618,0.9227216234261347,25,confirmation,1e-06
fine,F8,8,0.1552026867866516,0.04797657497798358,0.491347998380661,0.7795416310094748,0.7949469958345378,0.9632787790695371,25,confirmation,1e-06
fine,F9,9,0.15144437551498413,0.05510187634798541,0.48379188776016235,0.7606646375809762,0.9130095486761692,0.948465162168651,25,confirmation,1e-06
fine,F10,10,0.14076322317123413,0.059870964405334515,0.48834288120269775,0.7070160629879771,0.9920308674301612,0.9573873017139976,25,confirmation,1e-06
fine,F11,11,0.13559246063232422,0.06720654963123922,0.5192891359329224,0.6810447042016085,1.1135777148384474,1.0180568690502851,25,confirmation,1e-06
fine,F12,12,0.1279260218143463,0.07384495275743598,0.5071074366569519,0.6425382302227389,1.2235726159903202,0.99417487005116,25,confirmation,1e-06
fine,F13,13,0.1212141215801239,0.08164602908764095,0.4958728551864624,0.608826148530809,1.3528324098755276,0.9721496782158079,25,confirmation,1e-06
fine,F14,14,0.12125882506370544,0.09632199500700635,0.4879356026649475,0.6090506821856345,1.5960055631054817,0.9565888395774299,25,confirmation,1e-06
fine,F15,15,0.11717308312654495,0.11188085732386206,0.522571861743927,0.5885290920023657,1.853807852307317,1.0244925930619149,25,confirmation,1e-06
fine,F16,16,0.1319945752620697,0.16667838086634626,0.5925484895706177,0.6629734872157272,2.7617744326490845,1.1616804941797614,25,confirmation,1e-06
coarse,F1,1,0.5815330147743225,0.009583063900048924,0.4036650061607361,3.5399497263175617,0.19764843364676796,1.1274595297924195,25,design,1e-06
coarse,F2,2,0.2833433151245117,0.015394237650073181,0.3913246691226959,1.7247878716192435,0.3175025222056103,1.0929922601949933,25,design,1e-06
coarse,F3,3,0.20742282271385193,0.019683895555348652,0.36397403478622437,1.2626391723999806,0.40597570517727394,1.0166003687555762,25,design,1e-06
coarse,F4,4,0.1609811633825302,0.02139113250117658,0.3115159273147583,0.9799361528586988,0.44118706468882424,0.8700818638544391,25,design,1e-06
coarse,F5,5,0.15183186531066895,0.026509339041662798,0.32234445214271545,0.9242418854953024,0.5467488679240692,0.9003265551815162,25,design,1e-06
coarse,F6,6,0.14536011219024658,0.03117134359583619,0.34196949005126953,0.8848465629505892,0.6429016127452496,0.9551404124018426,25,design,1e-06
coarse,F7,7,0.135762557387352,0.03516793626527715,0.3151649236679077,0.8264236348714168,0.7253303943205377,0.8802737200959927,25,design,1e-06
coarse,F8,8,0.12026235461235046,0.03721896420815513,0.342733770608902,0.7320696821684444,0.7676323620944889,0.9572750918637394,25,design,1e-06
coarse,F9,9,0.1175268366932869,0.042723492393061877,0.3304271996021271,0.7154178401183695,0.8811619581671761,0.9229021327295743,25,design,1e-06
coarse,F10,10,0.109880231320858,0.04671230447938307,0.3414437174797058,0.6688708721772757,0.96343026704996,0.9536718994337481,25,design,1e-06
coarse,F11,11,0.10952948033809662,0.05429165958656394,0.38358497619628906,0.6667357554876178,1.119752679235825,1.0713748536465801,25,design,1e-06
coarse,F12,12,0.10255041718482971,0.05912270645677547,0.37312760949134827,0.6242522987075281,1.2193918819720766,1.0421668282590024,25,design,1e-06
coarse,F13,13,0.09930937737226486,0.06691398151869782,0.363064169883728,0.6045232073129051,1.3800850932624882,1.0140590638629379,25,design,1e-06
coarse,F14,14,0.09241363406181335,0.07345023995070496,0.32974886894226074,0.5625469410916965,1.5148938824421259,0.9210075162650693,25,design,1e-06
coarse,F15,15,0.09803737699985504,0.09342963963428096,0.37851735949516296,0.5967801948685721,1.926964290596387,1.05722070935411,25,design,1e-06
coarse,F16,16,0.11269067227840424,0.1430025065974263,0.4358833432197571,0.685978791153051,2.949392984471137,1.2174471943084593,25,design,1e-06
fine,F1,1,0.3608402609825134,0.006385170983152402,0.2506118714809418,2.9110988651133805,0.16935897181896808,0.8686616402102653,25,design,1e-06
fine,F2,2,0.21492768824100494,0.011905082812314557,0.31399327516555786,1.7339410730283022,0.31576798645379967,1.0883519276581783,25,design,1e-06
fine,F3,3,0.16589999198913574,0.0156343793158094,0.30577847361564636,1.3384074079951298,0.4146830856902087,1.0598780850338052,25,design,1e-06
fine,F4,4,0.13752597570419312,0.018360232319077963,0.2712309658527374,1.1094984542633624,0.48698305434904193,0.9401307858289968,25,design,1e-06
fine,F5,5,0.12649783492088318,0.021990298459876205,0.27450311183929443,1.0205283154235616,0.5832661877001424,0.9514725777516759,25,design,1e-06
fine,F6,6,0.11568087339401245,0.02483837497335382,0.2793653905391693,0.9332618769748474,0.6588079877955538,0.968326029129034,25,design,1e-06
fine,F7,7,0.10827842354774475,0.028113615183577828,0.25176218152046204,0.8735422013270878,0.7456797905910091,0.8726488025093825,25,design,1e-06
fine,F8,8,0.09765352308750153,0.03019741865274936,0.2878039479255676,0.7878252262103461,0.8009501684623085,0.9975754459940872,25,design,1e-06
fine,F9,9,0.095648854970932,0.034793721330599006,0.2749861478805542,0.7716524547374941,0.9228615624944024,0.9531468594902139,25,design,1e-06
fine,F10,10,0.08761633932590485,0.03725026698248934,0.27951985597610474,0.7068496882319648,0.9880184779361723,0.96886143153839,25,design,1e-06
fine,F11,11,0.08457547426223755,0.04192093136600547,0.3130648136138916,0.6823173402847003,1.111902226670687,1.085133728418148,25,design,1e-06
fine,F12,12,0.08023582398891449,0.04630328612813636,0.30695441365242004,0.6473069704571717,1.228138909857207,1.0639540850855842,25,design,1e-06
fine,F13,13,0.07637849450111389,0.0514458318123374,0.2890903353691101,0.6161877503797621,1.364538741890894,1.002034274780011,25,design,1e-06
fine,F14,14,0.07598403096199036,0.06042714175778908,0.2779759466648102,0.6130053938490789,1.6027571736231965,0.9635099899376396,25,design,1e-06
fine,F15,15,0.07394886016845703,0.07058285687125851,0.29785338044166565,0.596586540334133,1.8721252883129584,1.032408418913648,25,design,1e-06
fine,F16,16,0.08156009018421173,0.10308329918824843,0.3415609300136566,0.6579905616056234,2.734160386353452,1.1839059177209397,25,design,1e-06
coarse,F1,1,1.1264547109603882,0.014675326514075764,0.6462685465812683,3.2075758691821576,0.18757690910145836,1.2482712475973463,26,confirmation,1e-06
coarse,F2,2,0.5460578799247742,0.02176602473212777,0.5449052453041077,1.5548979127000748,0.27820870893485233,1.052487474404052,26,confirmation,1e-06
coarse,F3,3,0.397826224565506,0.026436649992242434,0.4637538194656372,1.1328087899390318,0.3379076498083788,0.8957430496419957,26,confirmation,1e-06
coarse,F4,4,0.3577576279640198,0.033246405531424245,0.4821145832538605,1.0187136005626691,0.42494849994217937,0.9312069657524227,26,confirmation,1e-06
coarse,F5,5,0.31541818380355835,0.03768534530129889,0.4828335642814636,0.8981521806651077,0.4816860860478105,0.9325956815565147,26,confirmation,1e-06
coarse,F6,6,0.2949581742286682,0.0435809723151933,0.4789195954799652,0.8398923746053493,0.5570427393679714,0.9250358293174592,26,confirmation,1e-06
coarse,F7,7,0.27651160955429077,0.049130161904313276,0.4625442922115326,0.7873658458926278,0.6279713030457025,0.8934068411069045,26,confirmation,1e-06
coarse,F8,8,0.26220157742500305,0.05530745289587554,0.44532111287117004,0.7466180792061261,0.7069281255536143,0.8601401756061355,26,confirmation,1e-06
coarse,F9,9,0.26268818974494934,0.06483229784826691,0.49778300523757935,0.7480037060936693,0.8286726723701061,0.9614706088787387,26,confirmation,1e-06
coarse,F10,10,0.2723199129104614,0.07852270428427467,0.4932185113430023,0.7754300042872287,1.0036605420536842,0.9526542638491455,26,confirmation,1e-06
coarse,F11,11,0.2415945678949356,0.08107097683142182,0.4910469055175781,0.6879396912855882,1.0362320209562828,0.9484597952689683,26,confirmation,1e-06
coarse,F12,12,0.24023403227329254,0.09324425883804681,0.4789588451385498,0.6840655708378833,1.1918283281480155,0.925111640248609,26,confirmation,1e-06
coarse,F13,13,0.23072129487991333,0.10442619784951704,0.5136093497276306,0.6569780842163792,1.3347534995587382,0.9920392801934851,26,confirmation,1e-06
coarse,F14,14,0.2367081195116043,0.1264753321017466,0.5386135578155518,0.6740255465198259,1.6165808542979587,1.0403350454604214,26,confirmation,1e-06
coarse,F15,15,0.24757158756256104,0.1582762144662711,0.5598521828651428,0.7049592339879815,2.0230529838901132,1.0813575664049269,26,confirmation,1e-06
coarse,F16,16,0.30994731187820435,0.26310474988881755,0.7039506435394287,0.8825738918973414,3.3629490769231327,1.3596845347128745,26,confirmation,1e-06
fine,F1,1,0.7553820013999939,0.010122338907479028,0.551328182220459,2.668349175147638,0.1588839360703082,1.0234405814523757,26,confirmation,1e-06
fine,F2,2,0.4293982982635498,0.017374982602711177,0.5411894917488098,1.516828032515724,0.2727240858367397,1.0046199450218565,26,confirmation,1e-06
fine,F3,3,0.34912699460983276,0.02318805070403413,0.4982350766658783,1.2332736633416543,0.3639681302245963,0.9248828792122162,26,confirmation,1e-06
fine,F4,4,0.31248682737350464,0.028980073692478424,0.526138186454773,1.1038441034088957,0.4548818428186088,0.9766799319071512,26,confirmation,1e-06
fine,F5,5,0.2750179171562195,0.032927587212413845,0.5259010791778564,0.9714870503063929,0.5168434597404334,0.9762397853353276,26,confirmation,1e-06
fine,F6,6,0.25549814105033875,0.03775744574290603,0.513632595539093,0.9025344165731822,0.5926546868690132,0.9534655749218026,26,confirmation,1e-06
fine,F7,7,0.2424107789993286,0.04301802357895029,0.49536991119384766,0.8563039640750435,0.6752266418523994,0.9195642201789659,26,confirmation,1e-06
fine,F8,8,0.24199378490447998,0.05095595050629316,0.5060544610023499,0.8548309532712799,0.7998232480303314,0.9393981452733261,26,confirmation,1e-06
fine,F9,9,0.2246583104133606,0.055543583427533634,0.5354973077774048,0.7935942558474065,0.8718324133462501,0.9940534398779218,26,confirmation,1e-06
fine,F10,10,0.22422149777412415,0.0645782647535641,0.49653327465057373,0.7920512370258825,1.0136440779566909,0.9217237930268419,26,confirmation,1e-06
fine,F11,11,0.208242729306221,0.06970912820861223,0.5304887294769287,0.7356070358373675,1.0941799885430297,0.9847559244354058,26,confirmation,1e-06
fine,F12,12,0.20839451253414154,0.08112074089928642,0.5148830413818359,0.7361432025057185,1.2733008377634154,0.9557868003944736,26,confirmation,1e-06
fine,F13,13,0.1943524330854416,0.08806993877669772,0.5498068332672119,0.6865402585053951,1.3823779909180829,1.0206164735842955,26,confirmation,1e-06
fine,F14,14,0.19411137700080872,0.10348476237667734,0.5689176321029663,0.6856887399314785,1.6243347036680025,1.0560921987571164,26,confirmation,1e-06
fine,F15,15,0.1974496841430664,0.12642188843832747,0.5793227553367615,0.697481143103547,1.984364228872217,1.0754074191936815,26,confirmation,1e-06
fine,F16,16,0.21668893098831177,0.18609146417210104,0.6859130263328552,0.765442821241001,2.92095972748988,1.2732728874272414,26,confirmation,1e-06
coarse,F1,1,0.72336745262146,0.009259751553705262,0.38993921875953674,3.213355340696555,0.18582489593024895,1.0747323325289744,26,design,1e-06
coarse,F2,2,0.33511555194854736,0.013364841206268654,0.3707404136657715,1.4886560691967632,0.26820592451915215,1.0218174791684163,26,design,1e-06
coarse,F3,3,0.25970619916915894,0.01721200083430618,0.3451363146305084,1.1536713451620153,0.3454108077561181,0.9512486526574304,26,design,1e-06
coarse,F4,4,0.23115068674087524,0.02147930667621471,0.3234385550022125,1.0268215566690155,0.4310471943671488,0.8914462970745421,26,design,1e-06
coarse,F5,5,0.20519767701625824,0.0244991785346958,0.3288838565349579,0.9115326504519574,0.49165004861979733,0.9064543838123368,26,design,1e-06
coarse,F6,6,0.18945015966892242,0.02797540277453177,0.3305323123931885,0.8415787580181855,0.5614109924044333,0.9109977811531407,26,design,1e-06
coarse,F7,7,0.1760830283164978,0.031264946618937486,0.3325335681438446,0.7821990571960867,0.627425629946202,0.9165135491431669,26,design,1e-06
coarse,F8,8,0.17497269809246063,0.03692427348105519,0.32441988587379456,0.7772667291760511,0.7409971247199978,0.894150995565638,26,design,1e-06
coarse,F9,9,0.17331796884536743,0.042829844418881824,0.38101619482040405,0.7699160624515748,0.8595102509702605,1.0501391090983512,26,design,1e-06
coarse,F10,10,0.178695410490036,0.05152340199948178,0.36094194650650024,0.7938038262230288,1.0339727539120573,0.9948113998651029,26,design,1e-06
coarse,F11,11,0.1557881236076355,0.05222908603391295,0.36022070050239563,0.692044682405219,1.0481344364903915,0.9928235351851037,26,design,1e-06
coarse,F12,12,0.15590360760688782,0.0604901005623212,0.34351593255996704,0.6925576874131408,1.213916656036603,0.9467826309841014,26,design,1e-06
coarse,F13,13,0.14713501930236816,0.06668953903727481,0.36771664023399353,0.6536057136180986,1.3383271224246847,1.013483495519088,26,design,1e-06
coarse,F14,14,0.15026181936264038,0.08016538766260996,0.3520549237728119,0.6674956386300053,1.6087607462482811,0.9703174012819421,26,design,1e-06
coarse,F15,15,0.15594825148582458,0.09966404390072642,0.385715126991272,0.6927560052200742,2.000060204469471,1.0630900873263365,26,design,1e-06
coarse,F16,16,0.1897113025188446,0.1617172457497923,0.5083863735198975,0.8427388112780345,3.2453452111851524,1.4011908696363287,26,design,1e-06
fine,F1,1,0.46253013610839844,0.006198256731646458,0.24913780391216278,2.726880369226747,0.1635063147476481,0.8614234232286474,26,design,1e-06
fine,F2,2,0.2563157081604004,0.010364379655580272,0.2951198220252991,1.511128072189536,0.273406152003529,1.0204116892725459,26,design,1e-06
fine,F3,3,0.2072569727897644,0.013762037163547586,0.2838568091392517,1.2218986966793417,0.36303433004688096,0.9814684901120204,26,design,1e-06
fine,F4,4,0.1870904564857483,0.01734047851058365,0.2654372751712799,1.1030055194956938,0.4574314779105926,0.9177807728896241,26,design,1e-06
fine,F5,5,0.16260027885437012,0.019455137454543248,0.26387661695480347,0.9586218795803257,0.5132149192626809,0.9123846125228858,26,design,1e-06
fine,F6,6,0.15337488055229187,0.022668982815735213,0.273199200630188,0.9042328667045479,0.5979942425350386,0.9446185481877301,26,design,1e-06
fine,F7,7,0.14681601524353027,0.026047013330682836,0.2863711416721344,0.865564594826426,0.687104672211847,0.9901620922213759,26,design,1e-06
fine,F8,8,0.14639383554458618,0.030827542806806087,0.2783920168876648,0.8630756034214057,0.8132121877641734,0.9625733245663889,26,design,1e-06
fine,F9,9,0.13462233543395996,0.033308305593776844,0.31271272897720337,0.7936758604379683,0.8786532300801065,1.0812412458194742,26,design,1e-06
fine,F10,10,0.1345035433769226,0.03875410235849624,0.27873003482818604,0.7929755131458314,1.022310099812156,0.9637420615740377,26,design,1e-06
fine,F11,11,0.12301479279994965,0.04117287895248034,0.2963481545448303,0.7252427407931389,1.086115983337596,1.0246587942370367,26,design,1e-06
fine,F12,12,0.1256915181875229,0.04889637606844334,0.2859363257884979,0.7410235717993022,1.2898572294766126,0.9886586648768514,26,design,1e-06
fine,F13,13,0.11456021666526794,0.051919034779230225,0.2989700436592102,0.6753981665870737,1.369593162971797,1.0337242859479265,26,design,1e-06
fine,F14,14,0.11624626815319061,0.06195133752584156,0.2796531319618225,0.6853384068979113,1.6342393242313031,0.9669337790907822,26,design,1e-06
fine,F15,15,0.11602535843849182,0.07431658911007141,0.2999078631401062,0.6840360174591344,1.9604272840075168,1.0369669077215726,26,design,1e-06
fine,F16,16,0.1268584132194519,0.10955135508385666,0.3798138499259949,0.747903087115402,2.8898993896005223,1.3132513077311005,26,design,1e-06
coarse,F1,1,1.8105485439300537,0.01808765008122988,0.7685965895652771,3.1492211743697713,0.1833905790466027,1.3097546705983787,27,confirmation,1e-06
coarse,F2,2,0.7546157240867615,0.023042787206935197,0.5426751375198364,1.312559016864568,0.23363068556444322,0.9247650921613375,27,confirmation,1e-06
coarse,F3,3,0.602381706237793,0.029893003133276884,0.49270302057266235,1.047767114942562,0.303084985027574,0.8396083084078872,27,confirmation,1e-06
coarse,F4,4,0.5553089380264282,0.03765778597343397,0.4964159429073334,0.9658899629134602,0.38181207311433707,0.8459354472937818,27,confirmation,1e-06
coarse,F5,5,0.46803608536720276,0.040548127349814986,0.5026068091392517,0.8140898267262783,0.4111172275305501,0.8564852156278971,27,confirmation,1e-06
coarse,F6,6,0.4871743321418762,0.05161668615138591,0.5424842238426208,0.8473783967484274,0.5233412808882564,0.92443975884109,27,confirmation,1e-06
coarse,F7,7,0.4584091305732727,0.05859979904414639,0.5538925528526306,0.7973449512666362,0.5941430219214986,0.9438805323332474,27,confirmation,1e-06
coarse,F8,8,0.44517627358436584,0.06713294858302113,0.5494177341461182,0.7743280630608028,0.6806605755007462,0.9362550565238236,27,confirmation,1e-06
coarse,F9,9,0.408855676651001,0.07214851812583263,0.5215834975242615,0.7111529588572884,0.731513405944388,0.8888231242033368,27,confirmation,1e-06
coarse,F10,10,0.446785032749176,0.09193913643868086,0.5471979975700378,0.7771262970232484,0.9321703699935704,0.9324724345508798,27,confirmation,1e-06
coarse,F11,11,0.4279818534851074,0.10186133759167204,0.5838935971260071,0.7444205347378915,1.0327715098150565,0.9950048911885325,27,confirmation,1e-06
coarse,F12,12,0.41890662908554077,0.11590488110917097,0.5802791714668274,0.7286353248151375,1.1751589159166882,0.9888455991061688,27,confirmation,1e-06
coarse,F13,13,0.4150426983833313,0.13366598783873085,0.6087815761566162,0.7219145039763423,1.355238673818607,1.0374161472618024,27,confirmation,1e-06
coarse,F14,14,0.43018487095832825,0.16199588589430647,0.6282815933227539,0.7482524061878081,1.64247534554827,1.070645853074761,27,confirmation,1e-06
coarse,F15,15,0.4661116302013397,0.21063423409168214,0.6684913039207458,0.810742479328287,2.135619275231174,1.1391666570623464,27,confirmation,1e-06
coarse,F16,16,0.6031926274299622,0.3633370339170047,0.801896870136261,1.049177610230129,3.6838720751382366,1.366501211764729,27,confirmation,1e-06
fine,F1,1,1.1185401678085327,0.011791362871626378,0.6436686515808105,2.5052555526230105,0.155717895031249,1.0329793430780971,27,confirmation,1e-06
fine,F2,2,0.6290748119354248,0.019276463059240148,0.5922356247901917,1.4089732411704246,0.2545668625342275,0.9504380322713498,27,confirmation,1e-06
fine,F3,3,0.5311769247055054,0.026286170126874567,0.5536015629768372,1.189705992097614,0.3471377418499911,0.8884368959811398,27,confirmation,1e-06
fine,F4,4,0.4825909435749054,0.032726190090575924,0.5472281575202942,1.0808853144767563,0.43218527737448104,0.8782086579498155,27,confirmation,1e-06
fine,F5,5,0.4179655611515045,0.0362542882621243,0.5844072699546814,0.9361403130756761,0.47877768799896503,0.937874846514971,27,confirmation,1e-06
fine,F6,6,0.4083361327648163,0.043336645735625595,0.5973489880561829,0.914572755978821,0.5723079957029413,0.9586441156567237,27,confirmation,1e-06
fine,F7,7,0.3859008848667145,0.04928646175653112,0.6236444115638733,0.8643233049632949,0.650881849860889,1.0008438238982618,27,confirmation,1e-06
fine,F8,8,0.37192511558532715,0.05609840028522804,0.6070412397384644,0.8330210105960111,0.74084097844673,0.9741985406720202,27,confirmation,1e-06
fine,F9,9,0.3515739440917969,0.062083136100768044,0.5836857557296753,0.7874393794182587,0.8198759868388916,0.936716938190031,27,confirmation,1e-06
fine,F10,10,0.36028075218200684,0.07403754233249646,0.5679855346679688,0.8069404934071801,0.9777470484811864,0.9115207382528862,27,confirmation,1e-06
fine,F11,11,0.34094521403312683,0.0812590386703029,0.6210347414016724,0.7636336317453934,1.0731148376792463,0.9966557445764239,27,confirmation,1e-06
fine,F12,12,0.3412148356437683,0.09433427054377819,0.6385281682014465,0.7642375180041142,1.2457876327199635,1.0247297364967012,27,confirmation,1e-06
fine,F13,13,0.3331674635410309,0.10703259932354488,0.6772924065589905,0.7462133788407387,1.4134830085240722,1.0869397841278174,27,confirmation,1e-06
fine,F14,14,0.32774797081947327,0.12362833616850512,0.652842104434967,0.734075044765814,1.632647937644204,1.047701183701797,27,confirmation,1e-06
fine,F15,15,0.3393014371395111,0.1531970043505929,0.6721839904785156,0.7599519747888334,2.02313467088449,1.078741640138641,27,confirmation,1e-06
fine,F16,16,0.4038972854614258,0.24093358688725242,0.8071691393852234,0.9046308270484974,3.181792588428473,1.2953699784933235,27,confirmation,1e-06
coarse,F1,1,1.1123852729797363,0.010893240438586981,0.47145938873291016,3.1699897151757637,0.1840343112167937,1.1727254223066217,27,design,1e-06
coarse,F2,2,0.45714104175567627,0.013936423400998238,0.3590660095214844,1.3027252661017799,0.23544693572934733,0.8931539973861642,27,design,1e-06
coarse,F3,3,0.372189998626709,0.018455233170873407,0.36680299043655396,1.0606383385295335,0.3117893288131236,0.9123992482557857,27,design,1e-06
coarse,F4,4,0.35488513112068176,0.02403207006524856,0.35377219319343567,1.0113242624184369,0.4060064116371822,0.8799859639620983,27,design,1e-06
coarse,F5,5,0.29455891251564026,0.0255042161414597,0.34694793820381165,0.8394112596319375,0.43087737548613275,0.8630110611265781,27,design,1e-06
coarse,F6,6,0.2961955666542053,0.031370613582280445,0.3568361699581146,0.8440752703057336,0.5299863980430103,0.8876074124498522,27,design,1e-06
coarse,F7,7,0.2728515863418579,0.0348741313206212,0.39032378792762756,0.777551396519466,0.5891760833755223,0.9709057449549834,27,design,1e-06
coarse,F8,8,0.28376924991607666,0.04282867753760324,0.4046049416065216,0.8086637117259735,0.7235630403455398,1.0064292118311404,27,design,1e-06
coarse,F9,9,0.24858319759368896,0.04384854723554878,0.37466830015182495,0.7083932149035681,0.740793084835096,0.931963708902552,27,design,1e-06
coarse,F10,10,0.26540932059288025,0.05460100101170687,0.3791601359844208,0.7563430018607803,0.9224488956786827,0.943136866547944,27,design,1e-06
coarse,F11,11,0.2648780941963196,0.06304948067421713,0.4021573066711426,0.7548291538672552,1.0651805414442148,1.0003408746766735,27,design,1e-06
coarse,F12,12,0.2556504011154175,0.07074633169525953,0.3964008390903473,0.7285327861682278,1.1952139033424998,0.9860220255116887,27,design,1e-06
coarse,F13,13,0.25276756286621094,0.08134781246815216,0.417708158493042,0.7203174961761006,1.3743191221170938,1.0390226354091896,27,design,1e-06
coarse,F14,14,0.2606751620769501,0.09820759729526082,0.42331528663635254,0.7428519622272632,1.6591543743464818,1.0529700121651469,27,design,1e-06
coarse,F15,15,0.2755838632583618,0.1245197030472106,0.4683493673801422,0.7853376284435265,2.1036805266905163,1.1649894408170822,27,design,1e-06
coarse,F16,16,0.3470565676689148,0.2088466175356349,0.5207514762878418,0.9890150263745018,3.5283296668987614,1.2953363736964991,27,design,1e-06
fine,F1,1,0.6481247544288635,0.006793151190553169,0.2828413248062134,2.56057775270146,0.1606247352493398,0.9030101004700878,27,design,1e-06
fine,F2,2,0.3615514039993286,0.011082345136735141,0.29570847749710083,1.4283985840881346,0.2620431525218176,0.9440902674227883,27,design,1e-06
fine,F3,3,0.3003185987472534,0.01485800637294691,0.312745600938797,1.1864831846337016,0.3513190378136221,0.9984836435015776,27,design,1e-06
fine,F4,4,0.27796095609664917,0.018860295490581547,0.28613224625587463,1.0981537665968382,0.4459535618921343,0.9135168229616962,27,design,1e-06
fine,F5,5,0.23928073048591614,0.020755933517036022,0.2927108108997345,0.9453379321583049,0.49077611148462125,0.9345198016603393,27,design,1e-06
fine,F6,6,0.23190918564796448,0.024593409785943945,0.2893076539039612,0.9162148141380194,0.5815136193699368,0.9236547516441359,27,design,1e-06
fine,F7,7,0.21629171073436737,0.02763759796672182,0.33245715498924255,0.85451410213178,0.6534937515457966,1.0614155096838258,27,design,1e-06
fine,F8,8,0.21178525686264038,0.03193504338891437,0.3214584290981293,0.8367102372914563,0.755107275788874,1.0263005540500194,27,design,1e-06
fine,F9,9,0.19991520047187805,0.035291657838824646,0.32050296664237976,0.7898146325335704,0.8344747581585757,1.023250107836925,27,design,1e-06
fine,F10,10,0.2024850845336914,0.041626881716612774,0.3031555712223053,0.7999675975464561,0.9842717565722311,0.9678661454972334,27,design,1e-06
fine,F11,11,0.1942724883556366,0.04629806949724513,0.31128624081611633,0.7675216973987612,1.0947224560366318,0.9938244342014274,27,design,1e-06
fine,F12,12,0.1928894817829132,0.053337349978574894,0.31725478172302246,0.7620577865733275,1.2611669428356025,1.012879827636944,27,design,1e-06
fine,F13,13,0.1825304627418518,0.058601998421223024,0.3209758400917053,0.7211319100116046,1.3856500786529202,1.0247598218126945,27,design,1e-06
fine,F14,14,0.18501520156860352,0.06978081947780618,0.31923943758010864,0.7309484876343195,1.6499744138908055,1.0192161163180051,27,design,1e-06
fine,F15,15,0.18682952225208282,0.08436674825383121,0.34466034173965454,0.7381164119369131,1.9948601498763117,1.1003758734181377,27,design,1e-06
fine,F16,16,0.21870577335357666,0.13085367685964877,0.3610920011997223,0.8640514558497732,3.094048198310778,1.1528362218841626,27,design,1e-06
coarse,F1,1,3.9443092346191406,0.02911059056742774,0.9477953910827637,3.0714546828750895,0.18504540895176044,1.3759973202377926,28,confirmation,1e-06
coarse,F2,2,1.6956632137298584,0.038305782997081594,0.6787805557250977,1.3204220076554147,0.2434958941658699,0.9854449963512166,28,confirmation,1e-06
coarse,F3,3,1.4394851922988892,0.051731491235037314,0.6729333996772766,1.120934813125191,0.328838225699993,0.9769561694076475,28,confirmation,1e-06
coarse,F4,4,1.222095012664795,0.06013805201861724,0.5971951484680176,0.9516519183187273,0.38227566711748034,0.867000337501374,28,confirmation,1e-06
coarse,F5,5,1.1321473121643066,0.07113623312485189,0.6500691175460815,0.8816091631789298,0.45218709388207123,0.9437620947817477,28,confirmation,1e-06
coarse,F6,6,1.119739055633545,0.08668379351625813,0.6617339253425598,0.871946787497728,0.551017265814381,0.9606969147018009,28,confirmation,1e-06
coarse,F7,7,1.008270502090454,0.0936970539742061,0.6044741868972778,0.7851456290671827,0.5955980051339842,0.8775679531141992,28,confirmation,1e-06
coarse,F8,8,1.0032000541687012,0.1102758131528502,0.6571345329284668,0.7811972441695554,0.7009831317262829,0.9540195751662245,28,confirmation,1e-06
coarse,F9,9,0.9625663757324219,0.12388983374020954,0.644445538520813,0.7495555815889079,0.7875224961967646,0.935597854122089,28,confirmation,1e-06
coarse,F10,10,0.9957529902458191,0.1486617610105197,0.7002760767936707,0.7753981756891107,0.9449886046784949,1.016651921037442,28,confirmation,1e-06
coarse,F11,11,0.942786693572998,0.1632851027074265,0.6736962199211121,0.7341530373712486,1.0379438553896643,0.978063622156644,28,confirmation,1e-06
coarse,F12,12,0.9006558656692505,0.18113737265557897,0.6383824944496155,0.7013455364981928,1.1514242255532778,0.9267956036860316,28,confirmation,1e-06
coarse,F13,13,0.9170466065406799,0.21396416617621708,0.6492547392845154,0.7141090940213911,1.3600921815513354,0.9425797907569361,28,confirmation,1e-06
coarse,F14,14,0.9937552213668823,0.27257875239407914,0.7190676331520081,0.7738425023852389,1.7326837321108988,1.0439332640735488,28,confirmation,1e-06
coarse,F15,15,0.9711214303970337,0.31612262509052613,0.6948026418685913,0.75621744838202,2.0094762524066976,1.008705657676949,28,confirmation,1e-06
coarse,F16,16,1.2983298301696777,0.556336452695076,0.8308565020561218,1.0110163781760715,3.5364279596210433,1.2062269252283564,28,confirmation,1e-06
fine,F1,1,2.424361228942871,0.019987399250085167,0.9518761038780212,2.3162941145651814,0.1485798445098203,0.9966343926028507,28,confirmation,1e-06
fine,F2,2,1.362434983253479,0.03078262351505588,0.8321696519851685,1.3017037624231491,0.2288280410194864,0.87129920823713,28,confirmation,1e-06
fine,F3,3,1.1993093490600586,0.04305770598617018,0.8793649673461914,1.1458495349647722,0.320077023545095,0.920713700592703,28,confirmation,1e-06
fine,F4,4,1.0529876947402954,0.051906329878988994,0.7442818284034729,1.0060502415723043,0.3858548241318971,0.7792787999973679,28,confirmation,1e-06
fine,F5,5,0.9893180131912231,0.06223830452746138,0.903209388256073,0.9452186679240727,0.46265937321513473,0.9456793130854102,28,confirmation,1e-06
fine,F6,6,0.9823625683784485,0.07588716242889681,0.944963812828064,0.9385732655427461,0.5641205568017521,0.9893970778262723,28,confirmation,1e-06
fine,F7,7,0.9270773530006409,0.08613766020005871,0.8640645146369934,0.88575241629252,0.6403194332003913,0.9046938033284954,28,confirmation,1e-06
fine,F8,8,0.908987820148468,0.0998019389436137,0.9973435997962952,0.8684692334151103,0.7418952503266535,1.0442398214953994,28,confirmation,1e-06
fine,F9,9,0.8688740730285645,0.11169716873727281,0.9489750862121582,0.8301435766368488,0.8303205312267147,0.9935969658121493,28,confirmation,1e-06
fine,F10,10,0.8424767851829529,0.1257264001204439,0.9867522716522217,0.8049229611001392,0.934609287929014,1.0331504771482503,28,confirmation,1e-06
fine,F11,11,0.8160246014595032,0.14129029776005408,0.953789234161377,0.7796498966968034,1.050306255919994,0.9986374804313553,28,confirmation,1e-06
fine,F12,12,0.8136551976203918,0.16340046532597394,0.9319458603858948,0.7773861102189299,1.2146660717182622,0.9757670065677583,28,confirmation,1e-06
fine,F13,13,0.8290700316429138,0.19354057094612903,0.9672067761421204,0.7921138203048298,1.438717843062807,1.012685930379538,28,confirmation,1e-06
fine,F14,14,0.8335340023040771,0.22834444699902395,1.025719165802002,0.7963788072410187,1.6974385714365172,1.0739496386403455,28,confirmation,1e-06
fine,F15,15,0.8709088563919067,0.28428474204431137,1.1034018993377686,0.8320876585140285,2.113280584480153,1.1552851019823993,28,confirmation,1e-06
fine,F16,16,1.0251009464263916,0.43428401091304963,1.246384859085083,0.9794065590126629,3.2283265074763077,1.304991281872575,28,confirmation,1e-06
coarse,F1,1,2.4739181995391846,0.017950336479593584,0.6340359449386597,3.092680201485081,0.18622196067559393,1.2425938138546695,28,design,1e-06
coarse,F2,2,1.048377275466919,0.023714909625597753,0.48555463552474976,1.3105912896098795,0.24602530279829704,0.9515977622528705,28,design,1e-06
coarse,F3,3,0.9048020243644714,0.03255277798104954,0.4796519875526428,1.1311058334656554,0.3377118945909363,0.9400296580877171,28,design,1e-06
coarse,F4,4,0.7787996530532837,0.03830110492471231,0.46851208806037903,0.9735884833904311,0.3973466939313363,0.9181975043958803,28,design,1e-06
coarse,F5,5,0.7176691889762878,0.04509382480256041,0.45770174264907837,0.8971684239099942,0.46781632637588616,0.897011216077457,28,design,1e-06
coarse,F6,6,0.6919382810592651,0.05351664434255615,0.4621451497077942,0.865001851265824,0.5551970822150784,0.9057194764965608,28,design,1e-06
coarse,F7,7,0.6412327289581299,0.05961284889782257,0.4522401988506317,0.8016141219877252,0.6184408640935839,0.8863075949464773,28,design,1e-06
coarse,F8,8,0.6452541351318359,0.07091758063848119,0.5070792436599731,0.8066413388366361,0.7357194071476545,0.993782034497975,28,design,1e-06
coarse,F9,9,0.6071494817733765,0.0782150972067099,0.5157220363616943,0.7590061716560436,0.8114259458492036,1.0107203182519442,28,design,1e-06
coarse,F10,10,0.617634654045105,0.09217486436272654,0.5007790923118591,0.7721138341082521,0.9562485910025961,0.9814348968411785,28,design,1e-06
coarse,F11,11,0.5966625809669495,0.10330837774571326,0.5067921280860901,0.7458963483381117,1.071750865500054,0.9932193407913855,28,design,1e-06
coarse,F12,12,0.5608862638473511,0.11269183922796158,0.503775954246521,0.7011718672867805,1.1690975975312166,0.9873081949257968,28,design,1e-06
coarse,F13,13,0.5594285130500793,0.13042909164473312,0.5066344738006592,0.699349512355942,1.3531089627668558,0.9929103673942652,28,design,1e-06
coarse,F14,14,0.6053657531738281,0.16599060201022542,0.554097592830658,0.7567763072548385,1.7220343136858136,1.085929349304873,28,design,1e-06
coarse,F15,15,0.5891431570053101,0.19182338981839597,0.5235225558280945,0.7364962098787776,1.9900310947390798,1.0260079014105608,28,design,1e-06
coarse,F16,16,0.7605684399604797,0.32598122309054284,0.6057867407798767,0.9507973855313051,3.381823097096813,1.187230570470389,28,design,1e-06
fine,F1,1,1.4134548902511597,0.011602474647134287,0.4168414771556854,2.3358273686292517,0.15158093558775676,0.8541132604314663,28,design,1e-06
fine,F2,2,0.7954021096229553,0.01797780992277603,0.4274260103702545,1.314454412048909,0.23487172614389834,0.8758010978216603,28,design,1e-06
fine,F3,3,0.7043304443359375,0.025257045223896664,0.43615981936454773,1.1639524825205754,0.3299715501784047,0.8936967787577379,28,design,1e-06
fine,F4,4,0.6157892942428589,0.030384482848348222,0.4310153126716614,1.0176323961394855,0.3969591382507647,0.883155621925757,28,design,1e-06
fine,F5,5,0.5869029760360718,0.036902573427361994,0.4377936124801636,0.9698958513712564,0.4821149604577697,0.8970444407379491,28,design,1e-06
fine,F6,6,0.5750709176063538,0.04441282897686715,0.45531854033470154,0.9503425949511348,0.5802329566025243,0.9329532312230072,28,design,1e-06
fine,F7,7,0.5458205342292786,0.05069655653472975,0.4568807780742645,0.9020044084930373,0.6623269349276258,0.9361542753667234,28,design,1e-06
fine,F8,8,0.527335524559021,0.057892841485838537,0.5127676129341125,0.8714567116440125,0.7563430512149031,1.0506670802417328,28,design,1e-06
fine,F9,9,0.5031753182411194,0.06471182411591865,0.5389532446861267,0.83153037827581,0.8454298881406364,1.104321758429665,28,design,1e-06
fine,F10,10,0.4896771311759949,0.07306725455597882,0.47923743724823,0.8092237344691635,0.9545897011858269,0.9819633421364846,28,design,1e-06
fine,F11,11,0.4692128896713257,0.08124142327158107,0.48208191990852356,0.7754052265602545,1.0613814140958995,0.9877917217300938,28,design,1e-06
fine,F12,12,0.4649850130081177,0.0933736533807406,0.5191805958747864,0.768418381709935,1.2198833584346942,1.0638073603451559,28,design,1e-06
fine,F13,13,0.46674779057502747,0.10892666192424674,0.5293567776679993,0.7713314878260148,1.423076182201073,1.0846584807025914,28,design,1e-06
fine,F14,14,0.470420777797699,0.12880917843599599,0.5455074906349182,0.7774013413024262,1.6828320141549362,1.1177514881561557,28,design,1e-06
fine,F15,15,0.48980653285980225,0.15990290796782977,0.5552551746368408,0.8094375792806737,2.0890571304935572,1.1377246113236188,28,design,1e-06
fine,F16,16,0.563780665397644,0.2395300765619226,0.5848649740219116,0.9316847090223205,3.129349057929728,1.1983954506702006,28,design,1e-06
coarse,F1,1,5.491287708282471,0.029573617521722398,0.936271071434021,2.741170984692755,0.15850187596279977,1.334645801172423,29,confirmation,1e-06
coarse,F2,2,2.363610029220581,0.039091462630103546,0.6550517678260803,1.1798797614366359,0.2095134339398946,0.9337702703348558,29,confirmation,1e-06
coarse,F3,3,2.092548370361328,0.05354932237513153,0.6457882523536682,1.0445697223711232,0.28700134661445187,0.9205652142281726,29,confirmation,1e-06
coarse,F4,4,1.9449076652526855,0.06905872689196184,0.621433436870575,0.970869628968082,0.37012508719768883,0.8858476487553296,29,confirmation,1e-06
coarse,F5,5,1.8503127098083496,0.08374238122683335,0.6846804618835449,0.9236492025513027,0.44882316180276277,0.9760057012100734,29,confirmation,1e-06
coarse,F6,6,1.673235297203064,0.09262785447837288,0.6299143433570862,0.8352547327539996,0.49644547848931025,0.897937102950493,29,confirmation,1e-06
coarse,F7,7,1.6592046022415161,0.11090388614047786,0.6605612635612488,0.8282508138251735,0.5943971511743114,0.9416240058329072,29,confirmation,1e-06
coarse,F8,8,1.7554523944854736,0.1388605086117191,0.6944429278373718,0.8762963123412933,0.7442326288266722,0.9899220066390209,29,confirmation,1e-06
coarse,F9,9,1.6007853746414185,0.1478876071450393,0.6617744565010071,0.7990887847797793,0.7926139961376318,0.9433534012104451,29,confirmation,1e-06
coarse,F10,10,1.5643842220306396,0.16825997515437813,0.6898647546768188,0.7809178586424472,0.9018011304107024,0.9833958629054399,29,confirmation,1e-06
coarse,F11,11,1.6386816501617432,0.2040281477426096,0.7122463583946228,0.8180060545355698,1.0935031584372585,1.0153006331550642,29,confirmation,1e-06
coarse,F12,12,1.5735124349594116,0.22742867463461894,0.6991174817085266,0.7854745298189924,1.2189199224897818,0.9965855401891234,29,confirmation,1e-06
coarse,F13,13,1.4510525465011597,0.24433399889144894,0.6534215807914734,0.7243443339772843,1.3095251927614628,0.9314464537103269,29,confirmation,1e-06
coarse,F14,14,1.5456207990646362,0.30435656378810305,0.7010441422462463,0.771551430704179,1.6312203363883993,0.9993319770655867,29,confirmation,1e-06
coarse,F15,15,1.6757702827453613,0.3958587000896111,0.7307131290435791,0.8365201606798903,2.1216324494056824,1.0416248448709022,29,confirmation,1e-06
coarse,F16,16,2.1718478202819824,0.6757526421379219,0.8478788733482361,1.0841548548158741,3.621743649961191,1.208643535769836,29,confirmation,1e-06
fine,F1,1,3.522304058074951,0.021272448668790304,1.0161421298980713,2.1042983846018424,0.13049117896666812,0.9801720546741439,29,confirmation,1e-06
fine,F2,2,1.9696173667907715,0.03222720099756146,0.833591878414154,1.1766907611850925,0.19769070869295105,0.8040838384555906,29,confirmation,1e-06
fine,F3,3,1.8179200887680054,0.046983305834902636,0.8805695176124573,1.0860636228606786,0.28820880311456065,0.8493985319240726,29,confirmation,1e-06
fine,F4,4,1.642765760421753,0.05810825699213009,0.7727082967758179,0.9814227502619403,0.35645238029066034,0.7453554543501555,29,confirmation,1e-06
fine,F5,5,1.5726202726364136,0.07099885901720619,0.9496859312057495,0.939516363362886,0.435526956143801,0.9160683167210485,29,confirmation,1e-06
fine,F6,6,1.5794304609298706,0.0875163857224025,0.9943701028823853,0.9435849128090653,0.5368501073678891,0.9591707283571979,29,confirmation,1e-06
fine,F7,7,1.4703996181488037,0.09803224290168805,0.9617020487785339,0.8784475985530754,0.6013573308914002,0.9276590797688355,29,confirmation,1e-06
fine,F8,8,1.4869072437286377,0.11717298919973619,0.9715657830238342,0.8883096006030181,0.7187720483798795,0.9371736509862946,29,confirmation,1e-06
fine,F9,9,1.4610222578048706,0.13503094281721734,1.0289440155029297,0.8728453666337924,0.8283177550241775,0.9925207706143797,29,confirmation,1e-06
fine,F10,10,1.3527979850769043,0.14530631667804256,1.0014739036560059,0.8081899142590665,0.8913497862820354,0.9660230640643828,29,confirmation,1e-06
fine,F11,11,1.4091992378234863,0.1757151361728273,1.0613822937011719,0.8418852066265908,1.0778860317628296,1.0238107770575255,29,confirmation,1e-06
fine,F12,12,1.375667929649353,0.19893921331569248,1.0563987493515015,0.8218528992331802,1.220349048313978,1.019003643526642,29,confirmation,1e-06
fine,F13,13,1.3812816143035889,0.23232108132661908,1.0989528894424438,0.82520663228825,1.4251228089975068,1.0600514238524261,29,confirmation,1e-06
fine,F14,14,1.4243502616882324,0.2806193145124114,1.200920581817627,0.8509367463341179,1.7213977460557752,1.1584095960067387,29,confirmation,1e-06
fine,F15,15,1.513792872428894,0.3565581197878773,1.265572190284729,0.9043716395724405,2.187227720968546,1.2207726238201257,29,confirmation,1e-06
fine,F16,16,1.801707148551941,0.5514908031948182,1.4931831359863281,1.0763776720330953,3.3829995887473436,1.4403264458204401,29,confirmation,1e-06
coarse,F1,1,3.4135117530822754,0.017975707740127418,0.6752064228057861,2.8013990064119496,0.1615313860149775,1.2799224504714914,29,design,1e-06
coarse,F2,2,1.4544363021850586,0.0240911027556864,0.46919161081314087,1.1936260093880178,0.21648489589471281,0.8894004203294663,29,design,1e-06
coarse,F3,3,1.3073853254318237,0.03347057190438809,0.4760553538799286,1.0729442921516719,0.30076968031476514,0.9024113434319804,29,design,1e-06
coarse,F4,4,1.2063512802124023,0.042822451718837695,0.49476757645606995,0.9900277257634368,0.38480654440448064,0.9378822645673259,29,design,1e-06
coarse,F5,5,1.1467881202697754,0.05189192679800611,0.5150893926620483,0.9411454634037533,0.4663056932082867,0.9764043341416976,29,design,1e-06
coarse,F6,6,1.0164676904678345,0.05629591591069041,0.43659859895706177,0.8341941625234554,0.5058803500535767,0.827617051282519,29,design,1e-06
coarse,F7,7,1.0213459730148315,0.06837379149967802,0.48601749539375305,0.8381976688444207,0.6144132663765588,0.9212955959326198,29,design,1e-06
coarse,F8,8,1.0541579723358154,0.08338338869694553,0.5008980631828308,0.8651258029611977,0.7492909064590603,0.9495032256969502,29,design,1e-06
coarse,F9,9,0.9772734642028809,0.09034222002237988,0.5125821232795715,0.8020282657994784,0.8118236136710594,0.9716515500098812,29,design,1e-06
coarse,F10,10,0.9435960650444031,0.10151869014450723,0.5408133864402771,0.7743899158052505,0.9122564164113992,1.0251667807661342,29,design,1e-06
coarse,F11,11,0.9612784385681152,0.11974599411033754,0.5177313089370728,0.7889014766855093,1.076048669572275,0.9814123551534325,29,design,1e-06
coarse,F12,12,0.9444148540496826,0.1365401190947782,0.5302716493606567,0.7750618791297593,1.2269622427602553,1.0051838459191789,29,design,1e-06
coarse,F13,13,0.8739585280418396,0.1472742877393281,0.5073107481002808,0.7172398190487931,1.323420483177796,0.9616591221997371,29,design,1e-06
coarse,F14,14,0.9297734498977661,0.1830824627163039,0.5511030554771423,0.7630459793729713,1.64519608268789,1.044671894999909,29,design,1e-06
coarse,F15,15,0.9945340752601624,0.23478698991653557,0.5758094787597656,0.8161936948835499,2.109817785635277,1.0915054332516279,29,design,1e-06
coarse,F16,16,1.2507665157318115,0.388933420289601,0.6511453986167908,1.0264783975800125,3.4949919833576293,1.2343123318460487,29,design,1e-06
fine,F1,1,1.9969950914382935,0.011949260730402284,0.47545188665390015,2.1562990298075486,0.13545111404027738,0.9282186305432051,29,design,1e-06
fine,F2,2,1.1257407665252686,0.018443641591631834,0.4183908700942993,1.2155431593599637,0.20906831451003258,0.8168191385333834,29,design,1e-06
fine,F3,3,1.0292754173278809,0.02659228211874368,0.4386487305164337,1.1113825934295987,0.3014374126671111,0.8563683000502393,29,design,1e-06
fine,F4,4,0.9314444065093994,0.03296126979429752,0.451570063829422,1.0057474245614324,0.3736332158574831,0.8815944536301178,29,design,1e-06
fine,F5,5,0.8764075636863708,0.03958750434273995,0.4728970229625702,0.9463201924706949,0.44874504676725063,0.9232308028715545,29,design,1e-06
fine,F6,6,0.8820290565490723,0.048882005538176995,0.445883184671402,0.9523901220653554,0.55410307432853,0.8704920322657357,29,design,1e-06
fine,F7,7,0.830216109752655,0.05536325605394168,0.47555071115493774,0.896443962063471,0.627571435471646,0.9284115643512142,29,design,1e-06
fine,F8,8,0.8226892352104187,0.06484783827032556,0.4678211212158203,0.8883166550197577,0.7350841307254342,0.9133211848841307,29,design,1e-06
fine,F9,9,0.8089957237243652,0.07477630747478017,0.532646119594574,0.8735307871632828,0.8476285169263611,1.0398781991880692,29,design,1e-06
fine,F10,10,0.7449086904525757,0.08003547762183105,0.5379941463470459,0.8043314144358942,0.907243958535478,1.0503190833398268,29,design,1e-06
fine,F11,11,0.7688050270080566,0.09582236725034259,0.5120877027511597,0.8301340053142857,1.0861966013523026,0.9997422652183269,29,design,1e-06
fine,F12,12,0.7490439414978027,0.1083173093069274,0.5250640511512756,0.8087965419943258,1.2278332983512263,1.0250758240483817,29,design,1e-06
fine,F13,13,0.7433420419692993,0.12502108818880897,0.5473968386650085,0.8026397915475749,1.4171793599428666,1.068675839158427,29,design,1e-06
fine,F14,14,0.7579512596130371,0.14931486979852918,0.5853303670883179,0.8184144131109913,1.6925620683405116,1.1427329809915543,29,design,1e-06
fine,F15,15,0.8056420683860779,0.18970930001503614,0.6240246891975403,0.8699096046259489,2.150454041517325,1.2182754105963511,29,design,1e-06
fine,F16,16,0.9444579482078552,0.28986827969184203,0.6847580075263977,1.0197990802009713,3.2858084106661622,1.3368442903294824,29,design,1e-06
coarse,F1,1,8.8287992477417,0.03788413856562561,0.969447910785675,2.311065704728144,0.13557669581114623,1.1879217252762517,30,confirmation,1e-06
coarse,F2,2,4.330939292907715,0.05649096340518908,0.7988450527191162,1.1336859054371162,0.20216529797547575,0.9788719772322946,30,confirmation,1e-06
coarse,F3,3,3.3855953216552734,0.06703793234568303,0.708280622959137,0.8862284687203554,0.2399099387120716,0.8678980378878434,30,confirmation,1e-06
coarse,F4,4,3.5523171424865723,0.09463915257379096,0.7599539160728455,0.9298703130460831,0.3386869567614683,0.931216372811681,30,confirmation,1e-06
coarse,F5,5,3.5788769721984863,0.12110227921619963,0.800995945930481,0.9368227320385442,0.4333910573917272,0.9815075935930113,30,confirmation,1e-06
coarse,F6,6,3.105219841003418,0.1285016620451336,0.7180173397064209,0.8128361376004793,0.45987137113175885,0.8798290114123372,30,confirmation,1e-06
coarse,F7,7,3.3106327056884766,0.16335097899615872,0.7945090532302856,0.8666059214139498,0.5845872924218998,0.9735588212222991,30,confirmation,1e-06
coarse,F8,8,3.2517800331115723,0.18934964652327718,0.7835052609443665,0.8512003844425583,0.6776292242771887,0.9600752252792464,30,confirmation,1e-06
coarse,F9,9,3.0872795581817627,0.21002189251889852,0.755879282951355,0.808140009486245,0.7516093888842458,0.9262234844329481,30,confirmation,1e-06
coarse,F10,10,3.1042675971984863,0.24533601154985912,0.7711768746376038,0.8125868740326526,0.8779887063235333,0.9449685261276306,30,confirmation,1e-06
coarse,F11,11,3.1986961364746094,0.29151555756012604,0.783348560333252,0.8373049078835688,1.043252336412027,0.959883210774665,30,confirmation,1e-06
coarse,F12,12,3.324991226196289,0.3497774796872959,0.8304188251495361,0.8703644715163014,1.2517553984501109,1.017561183533876,30,confirmation,1e-06
coarse,F13,13,3.5984721183776855,0.43874400524562684,0.9010987877845764,0.9419520445354236,1.5701416157347434,1.10416951206989,30,confirmation,1e-06
coarse,F14,14,3.4144716262817383,0.48605409729941507,0.8758126497268677,0.8937872584752109,1.7394511527079208,1.073184915153545,30,confirmation,1e-06
coarse,F15,15,3.5499653816223145,0.602157291667982,0.8493173718452454,0.9292547056767687,2.1549518889419548,1.0407186878682622,30,confirmation,1e-06
coarse,F16,16,4.501351833343506,0.988910119675924,0.9567903876304626,1.1782938489190673,3.5390316780627296,1.1724117153242182,30,confirmation,1e-06
fine,F1,1,5.999121189117432,0.028984359374519715,1.2591867446899414,1.9434757670863425,0.12651827615565858,0.9531269155359986,30,confirmation,1e-06
fine,F2,2,3.399656295776367,0.04393760796700413,1.1195943355560303,1.1013529180323007,0.19179000462143586,0.8474640478866051,30,confirmation,1e-06
fine,F3,3,3.0694849491119385,0.06096490913377764,1.1837000846862793,0.9943905828835115,0.2661150833084343,0.8959881569548627,30,confirmation,1e-06
fine,F4,4,2.918358087539673,0.07771093859293701,1.1083790063858032,0.9454315130526985,0.33921239597449443,0.8389747335384211,30,confirmation,1e-06
fine,F5,5,2.7888660430908203,0.09434941681785616,1.10777747631073,0.9034812602601163,0.41184024176089506,0.8385194122705676,30,confirmation,1e-06
fine,F6,6,2.8356661796569824,0.11712767703423219,1.2449078559875488,0.9186426361425809,0.5112685637452814,0.9423186750557159,30,confirmation,1e-06
fine,F7,7,2.774761199951172,0.13706631548915232,1.2935870885849,0.8989118541794078,0.5983017851324359,0.9791658599644146,30,confirmation,1e-06
fine,F8,8,2.6718273162841797,0.1554500562496865,1.1908290386199951,0.8655653852196242,0.6785477950670212,0.901384336594217,30,confirmation,1e-06
fine,F9,9,2.706941604614258,0.1841710312481198,1.2783499956130981,0.8769410127985079,0.8039163843588714,0.9676323177895209,30,confirmation,1e-06
fine,F10,10,2.663148880004883,0.2099353729724066,1.272758960723877,0.8627539183275047,0.9163791115533064,0.9634002482723582,30,confirmation,1e-06
fine,F11,11,2.75069260597229,0.25070634681404946,1.3319240808486938,0.8911145906017605,1.09434658914975,1.008184605072246,30,confirmation,1e-06
fine,F12,12,2.7218921184539795,0.28663936120986083,1.363479495048523,0.8817843824249952,1.2511961154646591,1.032070112707692,30,confirmation,1e-06
fine,F13,13,2.7828738689422607,0.33949311627643175,1.4558660984039307,0.9015400350568294,1.4819055782121608,1.1020010889225584,30,confirmation,1e-06
fine,F14,14,2.737416982650757,0.39028424306900567,1.486046314239502,0.8868138186378319,1.7036115584191642,1.1248456559821107,30,confirmation,1e-06
fine,F15,15,3.0222573280334473,0.5126072552271709,1.6136572360992432,0.9790907190851795,2.2375580373613153,1.221439274723571,30,confirmation,1e-06
fine,F16,16,3.5458362102508545,0.7760483496451316,1.8277370929718018,1.1487093744965042,3.387492479715116,1.3834845587291402,30,confirmation,1e-06
coarse,F1,1,5.53693962097168,0.023169270883249042,0.7382340431213379,2.4047372383636616,0.14064177836890693,1.1627350126316935,30,design,1e-06
coarse,F2,2,2.664691925048828,0.03484068811011069,0.6046478152275085,1.1572970520865724,0.21148944911102271,0.9523337370134378,30,design,1e-06
coarse,F3,3,2.087877035140991,0.041336858450064885,0.5302752256393433,0.9067817240612704,0.2509224098546879,0.8351952567442018,30,design,1e-06
coarse,F4,4,2.1674585342407227,0.057806779217699965,0.5965579748153687,0.9413446067131034,0.3508978884973877,0.9395920587049886,30,design,1e-06
coarse,F5,5,2.194279670715332,0.0742520155780425,0.5960043668746948,0.9529932411702023,0.4507235282022503,0.9387201139038918,30,design,1e-06
coarse,F6,6,1.8718676567077637,0.07745390163173091,0.5346503853797913,0.8129671203789907,0.4701595713558962,0.8420862304990376,30,design,1e-06
coarse,F7,7,1.9949743747711182,0.09838556053927652,0.6269678473472595,0.8664333543430397,0.5972186293557294,0.9874882832857409,30,design,1e-06
coarse,F8,8,1.983668327331543,0.1154763914341033,0.6295081377029419,0.8615230473579906,0.7009631478156744,0.9914892970107568,30,design,1e-06
coarse,F9,9,1.853581428527832,0.1260341655361566,0.6154525279998779,0.8050252649744378,0.7650507979110208,0.9693513995811851,30,design,1e-06
coarse,F10,10,1.8532929420471191,0.1463375512645781,0.6007936000823975,0.8048999729845618,0.8882961210005601,0.946263262565405,30,design,1e-06
coarse,F11,11,1.8807607889175415,0.17126525074607632,0.5952862501144409,0.816829478947891,1.0396118876204874,0.9375890640585413,30,design,1e-06
coarse,F12,12,1.9618282318115234,0.2065391181040038,0.6503477692604065,0.8520377188946844,1.253730815236572,1.0243121795206953,30,design,1e-06
coarse,F13,13,2.1087732315063477,0.2571385150501777,0.6977283954620361,0.9158571095593543,1.5608785544452821,1.0989377180181044,30,design,1e-06
coarse,F14,14,2.014277696609497,0.2866148036029714,0.6999973058700562,0.8748169416722298,1.7398051017099676,1.1025113022987412,30,design,1e-06
coarse,F15,15,2.1080520153045654,0.35740539453267456,0.6923419237136841,0.9155438795846643,2.1695171392750923,1.0904539053915834,30,design,1e-06
coarse,F16,16,2.5578901767730713,0.5617774003315337,0.7497933506965637,1.1109121971337956,3.41009318023946,1.1809411787719954,30,design,1e-06
fine,F1,1,3.413140058517456,0.016365210470214935,0.5981850028038025,2.032988938504264,0.13472340441040564,0.9437961765954829,30,design,1e-06
fine,F2,2,1.9209675788879395,0.024842359471416314,0.5565980672836304,1.1441973584877794,0.2045098807416887,0.8781817085692178,30,design,1e-06
fine,F3,3,1.6960036754608154,0.033666216792122165,0.5458535552024841,1.0102007690162238,0.27715056571428837,0.86122937881498,30,design,1e-06
fine,F4,4,1.6268699169158936,0.04333746406222241,0.5820719003677368,0.9690222167185195,0.3567672232265235,0.9183734655596496,30,design,1e-06
fine,F5,5,1.5616536140441895,0.052885084152063666,0.5323452353477478,0.9301770418721325,0.4353661440813253,0.8399164061202925,30,design,1e-06
fine,F6,6,1.5489827394485474,0.0640066052237581,0.5705035328865051,0.9226298133809278,0.5269218978999353,0.9001212844667394,30,design,1e-06
fine,F7,7,1.504911184310913,0.07435893462057283,0.6392244696617126,0.8963792105455993,0.6121454312272451,1.0085468669813409,30,design,1e-06
fine,F8,8,1.472148060798645,0.08564040831639788,0.6257227063179016,0.8768643161816624,0.7050179638374554,0.9872442389290536,30,design,1e-06
fine,F9,9,1.4524364471435547,0.09879708313442538,0.6615058779716492,0.8651233703564638,0.813327724071296,1.0437017235449686,30,design,1e-06
fine,F10,10,1.4429728984832764,0.11379791460338008,0.6271098256111145,0.8594865405119542,0.9368191443718491,0.9894327890920965,30,design,1e-06
fine,F11,11,1.4824104309082031,0.13504696551656514,0.6304261684417725,0.8829769528030351,1.1117478130085643,0.9946652032602622,30,design,1e-06
fine,F12,12,1.4413650035858154,0.15180988630457706,0.6507797241210938,0.858528820499071,1.2497452900671815,1.026778358789451,30,design,1e-06
fine,F13,13,1.4773483276367188,0.18016161523741148,0.6775943636894226,0.8799617820863186,1.4831453706652455,1.0690855951506997,30,design,1e-06
fine,F14,14,1.4390983581542969,0.2051358745277219,0.706171452999115,0.8571787249826889,1.6887410909489842,1.1141735654312943,30,design,1e-06
fine,F15,15,1.5560550689697266,0.2638545977529906,0.7348595857620239,0.9268423471297654,2.1721315312942746,1.159436736337265,30,design,1e-06
fine,F16,16,1.8256827592849731,0.3998563602681833,0.8019669651985168,1.0874422939609676,3.2917395244337366,1.265316502357206,30,design,1e-06
coarse,F1,1,19.83272933959961,0.06125760503278647,1.2200219631195068,2.6497619420462954,0.1612274382507356,1.295381379772188,31,confirmation,1e-06
coarse,F2,2,8.105775833129883,0.07987286450475187,0.9314656853675842,1.0829763239142647,0.21022201770632096,0.9890012976788645,31,confirmation,1e-06
coarse,F3,3,6.967111110687256,0.1035151448907476,0.8806350231170654,0.9308444415789969,0.2724475046315697,0.9350308812509093,31,confirmation,1e-06
coarse,F4,4,7.105651378631592,0.14239528834079565,0.9138308167457581,0.9493541849004479,0.37477840581383587,0.9702771425914983,31,confirmation,1e-06
coarse,F5,5,6.676182746887207,0.16639396714511479,0.8967260718345642,0.8919748088088897,0.43794191837609964,0.9521158563741099,31,confirmation,1e-06
coarse,F6,6,6.678709506988525,0.20374522491937785,0.9273619651794434,0.8923123978839237,0.5362488568070777,0.9846440952020168,31,confirmation,1e-06
coarse,F7,7,6.348428726196289,0.231589974010096,0.907585859298706,0.8481850653243461,0.6095350644906492,0.9636464409820812,31,confirmation,1e-06
coarse,F8,8,6.150328636169434,0.2641765064831654,0.8736518025398254,0.8217178015261651,0.6953014464655143,0.9276163148086226,31,confirmation,1e-06
coarse,F9,9,6.091391563415527,0.3052291815618948,0.8885469436645508,0.8138434837918382,0.8033503594574738,0.9434315124405673,31,confirmation,1e-06
coarse,F10,10,6.333745002746582,0.367992341622395,0.9174636602401733,0.8462232389464265,0.9685403551757088,0.9741343828384357,31,confirmation,1e-06
coarse,F11,11,6.332539081573486,0.42436544106931295,0.9484601020812988,0.8460621212316197,1.1169119803023515,1.0070454408471943,31,confirmation,1e-06
coarse,F12,12,6.243517875671387,0.48172905518514786,0.9224519729614258,0.8341683975088106,1.2678905983490372,0.9794308181575745,31,confirmation,1e-06
coarse,F13,13,6.491204261779785,0.5828044355614435,0.9578147530555725,0.8672606637438253,1.5339167454627998,1.0169779183374825,31,confirmation,1e-06
coarse,F14,14,6.113750457763672,0.6398294654007183,0.8993362188339233,0.8168307553012443,1.684004223943834,0.9548872292867685,31,confirmation,1e-06
coarse,F15,15,7.114148139953613,0.8851479268342083,1.0258773565292358,0.95048939904048,2.329672089531532,1.0892446740712602,31,confirmation,1e-06
coarse,F16,16,7.170328140258789,1.1390801430738913,0.9579623341560364,0.9579953567008597,2.9980109952354597,1.0171346153604266,31,confirmation,1e-06
fine,F1,1,11.307687759399414,0.03939232044827185,1.4487590789794922,2.056361121304975,0.1335871786132375,0.9413145771725248,31,confirmation,1e-06
fine,F2,2,5.84732723236084,0.05728857614167569,1.3233962059020996,1.0633665025088468,0.19427693434779178,0.8598614897847293,31,confirmation,1e-06
fine,F3,3,5.402092933654785,0.08056975847620157,1.3793058395385742,0.9823983575430854,0.2732280453120126,0.8961881322955465,31,confirmation,1e-06
fine,F4,4,5.080914497375488,0.10083168903184045,1.2344763278961182,0.9239904085954967,0.3419402741267508,0.8020868200125872,31,confirmation,1e-06
fine,F5,5,5.053178787231445,0.12656094532304246,1.3579559326171875,0.9189465271914861,0.42919328985787547,0.8823162754092144,31,confirmation,1e-06
fine,F6,6,4.998762130737305,0.15288761560365377,1.4403648376464844,0.9090505785990833,0.518472255022826,0.9358605152475908,31,confirmation,1e-06
fine,F7,7,4.903317928314209,0.17903301275601752,1.4793624877929688,0.8916935599677835,0.6071364870244235,0.9611987906661773,31,confirmation,1e-06
fine,F8,8,4.884744644165039,0.21008840055841738,1.4391453266143799,0.8883159128102066,0.7124514720279166,0.93506815195669,31,confirmation,1e-06
fine,F9,9,4.865354537963867,0.24361997726481516,1.530605673789978,0.8847897223653988,0.8261637051659253,0.9944934624025749,31,confirmation,1e-06
fine,F10,10,4.898172855377197,0.284529244182669,1.5294675827026367,0.8907579020172751,0.9648951503944,0.9937540007859346,31,confirmation,1e-06
fine,F11,11,4.745202541351318,0.3183440261389728,1.5366880893707275,0.862939464404762,1.0795677887553778,0.9984454420889516,31,confirmation,1e-06
fine,F12,12,4.934024810791016,0.3816482124191482,1.652305006980896,0.8972777643272732,1.294244851272685,1.0735662068132477,31,confirmation,1e-06
fine,F13,13,4.9821367263793945,0.4465847830186338,1.6938790082931519,0.9060271633903318,1.5144576530698217,1.1005784368205878,31,confirmation,1e-06
fine,F14,14,5.050971984863281,0.5281783212755484,1.7489275932312012,0.9185452088416295,1.7911575388540484,1.1363456228260114,31,confirmation,1e-06
fine,F15,15,5.200575351715088,0.6461816854166305,1.7995210886001587,0.9457513498101628,2.1913303721142223,1.1692181655364646,31,confirmation,1e-06
fine,F16,16,5.8276543617248535,0.9223573878230742,2.031130790710449,1.0597888898986403,3.1278970040406855,1.3197039101811674,31,confirmation,1e-06
coarse,F1,1,13.645694732666016,0.0410382823028708,1.0726392269134521,2.812952414504158,0.17175468569129,1.328535299272838,31,design,1e-06
coarse,F2,2,5.432719707489014,0.053658383203369305,0.7941399812698364,1.1199123472931334,0.22457272148431967,0.9835953890263388,31,design,1e-06
coarse,F3,3,4.574274063110352,0.06791692523790543,0.699307382106781,0.9429505439270579,0.2842480116800422,0.8661388832891339,31,design,1e-06
coarse,F4,4,4.652915954589844,0.09329298176401163,0.7625089883804321,0.9591619500043791,0.3904526666546215,0.9444182924311082,31,design,1e-06
coarse,F5,5,4.359716415405273,0.10861700867362199,0.7674429416656494,0.8987211759845424,0.45458725703441627,0.9505293229993602,31,design,1e-06
coarse,F6,6,4.372012138366699,0.13327173742290116,0.7962812185287476,0.9012558423588105,0.5577729887345032,0.9862474543351634,31,design,1e-06
coarse,F7,7,4.028871536254883,0.14694384792833667,0.7754266262054443,0.8305201118493049,0.6149939275951288,0.9604176493473506,31,design,1e-06
coarse,F8,8,4.006234169006348,0.17199641063145493,0.7536348700523376,0.8258535970175354,0.7198446862374905,0.9334271043848511,31,design,1e-06
coarse,F9,9,3.8860836029052734,0.19489455476321477,0.7606999278068542,0.801085504836125,0.8156787057814602,0.9421776501254592,31,design,1e-06
coarse,F10,10,4.030332565307617,0.2341434743843948,0.7731150984764099,0.8308212914727733,0.9799444955508071,0.9575546679215203,31,design,1e-06
coarse,F11,11,4.10395622253418,0.2751369706859998,0.8298704624176025,0.8459982281123066,1.1515117414873333,1.027849975539461,31,design,1e-06
coarse,F12,12,3.9138753414154053,0.3020021071480887,0.7973952889442444,0.8068145526769944,1.263948539768652,0.9876273049277267,31,design,1e-06
coarse,F13,13,4.068905830383301,0.36532212939418873,0.8654454350471497,0.8387728660357163,1.528957451169498,1.0719119543699553,31,design,1e-06
coarse,F14,14,3.832301139831543,0.40080241921047977,0.7858042120933533,0.7899986739839685,1.6774506551651889,0.9732709823482284,31,design,1e-06
coarse,F15,15,4.370038032531738,0.5436640353210752,0.8684175610542297,0.9008488960007297,2.275359500163523,1.0755931308692104,31,design,1e-06
coarse,F16,16,4.3384199142456055,0.6902658562493462,0.816027820110321,0.8943310701283581,2.8889219658017242,1.0107049388122942,31,design,1e-06
fine,F1,1,6.8093414306640625,0.023539231031889957,0.8022463321685791,2.213639011210247,0.1472547203886397,1.0327519123054094,31,design,1e-06
fine,F2,2,3.4466753005981445,0.03374418743915801,0.715793251991272,1.1204747158103354,0.2110940191446051,0.9214586844056213,31,design,1e-06
fine,F3,3,3.130505084991455,0.04666635445043309,0.6526333093643188,1.017691395194634,0.2919314130035087,0.840151299237821,31,design,1e-06
fine,F4,4,2.898876190185547,0.05754929693910628,0.6442128419876099,0.9423914909547215,0.36001199945104945,0.8293114194688548,31,design,1e-06
fine,F5,5,2.8326668739318848,0.07090803506415566,0.7023778557777405,0.9208675995685952,0.44358045777002403,0.9041887069207657,31,design,1e-06
fine,F6,6,2.8032026290893555,0.08569383741396239,0.7335267066955566,0.9112891105937939,0.536076223149649,0.9442874073592377,31,design,1e-06
fine,F7,7,2.7202939987182617,0.09930941376925596,0.7690059542655945,0.8843364632013477,0.6212513882352331,0.9899607364925319,31,design,1e-06
fine,F8,8,2.7089667320251465,0.11648188692432496,0.7309900522232056,0.8806540983651029,0.7286774859444272,0.9410219081576431,31,design,1e-06
fine,F9,9,2.7126269340515137,0.13582092240612242,0.7899714708328247,0.8818439881770589,0.849656980074887,1.0169501740992444,31,design,1e-06
fine,F10,10,2.6685123443603516,0.15497483408142707,0.7370902299880981,0.8675028396683159,0.9694783924343047,0.9488748206602982,31,design,1e-06
fine,F11,11,2.577657699584961,0.17285654555020935,0.7625285387039185,0.8379670338826395,1.0813412828931546,0.9816221962713072,31,design,1e-06
fine,F12,12,2.6888442039489746,0.2079607654468968,0.8394938111305237,0.8741124946568506,1.3009432774674434,1.0807015302519587,31,design,1e-06
fine,F13,13,2.686537742614746,0.24080890268499028,0.9142555594444275,0.8733626904592957,1.5064318619386226,1.1769442121346791,31,design,1e-06
fine,F14,14,2.70778751373291,0.2831271282390586,0.8622800707817078,0.8802707479866548,1.7711626198323476,1.1100348562958888,31,design,1e-06
fine,F15,15,2.7663559913635254,0.34353365254058776,0.8453366160392761,0.8993106901353158,2.1490486193206264,1.0882231201935797,31,design,1e-06
fine,F16,16,3.058507204055786,0.48468628516947754,0.9271293878555298,0.994285707642244,3.0320592589514783,1.1935170157451591,31,design,1e-06
coarse,F1,1,23.924890518188477,0.06156432831226674,1.1776036024093628,2.310305212368955,0.1499990858025717,1.2283227940787182,32,confirmation,1e-06
coarse,F2,2,10.596002578735352,0.08398375402570007,0.9163546562194824,1.0232021738748054,0.20462314251567987,0.9558218991447005,32,confirmation,1e-06
coarse,F3,3,9.698280334472656,0.11536713285356703,0.9105589985847473,0.9365136944185284,0.28108752152585187,0.9497766234977373,32,confirmation,1e-06
coarse,F4,4,10.038871765136719,0.15733726898018396,0.9737704396247864,0.9694028797192168,0.38334612196196916,1.0157105708100451,32,confirmation,1e-06
coarse,F5,5,10.300956726074219,0.2024145539713269,0.9909624457359314,0.9947110938101904,0.4931751694720381,1.0336430337704627,32,confirmation,1e-06
coarse,F6,6,9.273014068603516,0.22147123688467654,0.9409689903259277,0.8954478901702192,0.5396060344517244,0.9814963685350429,32,confirmation,1e-06
coarse,F7,7,8.51642894744873,0.24083550759238015,0.8835875391960144,0.8223883061493077,0.5867863251008195,0.9216435078304905,32,confirmation,1e-06
coarse,F8,8,9.365974426269531,0.3105180561445976,0.9343580007553101,0.9044245999568827,0.7565651380232907,0.9746006447410666,32,confirmation,1e-06
coarse,F9,9,8.941219329833984,0.34460381391211664,0.9003861546516418,0.8634081567456047,0.83961375796571,0.9391656368651615,32,confirmation,1e-06
coarse,F10,10,8.964417457580566,0.39798124681896413,0.914273202419281,0.8656482821668428,0.9696657922850695,0.9536507974748532,32,confirmation,1e-06
coarse,F11,11,8.965251922607422,0.45866128403468615,0.9232068061828613,0.8657288622179664,1.1175103373056436,0.9629691700695208,32,confirmation,1e-06
coarse,F12,12,8.982599258422852,0.5279556637332177,0.9498869180679321,0.8674040063664686,1.2863433919491551,0.9907983899444873,32,confirmation,1e-06
coarse,F13,13,9.101373672485352,0.6182129499765014,0.9395767450332642,0.8788734485232071,1.5062517511347462,0.9800441594687419,32,confirmation,1e-06
coarse,F14,14,9.614551544189453,0.7602020627662738,0.9778457880020142,0.92842843022601,1.852202688897847,1.0199614437653577,32,confirmation,1e-06
coarse,F15,15,9.954282760620117,0.9346166800275882,1.0297194719314575,0.9612345490054257,2.2771571041739054,1.0740693186504249,32,confirmation,1e-06
coarse,F16,16,9.453529357910156,1.131176169572104,0.9762775301933289,0.912879335195239,2.7560666374339777,1.0183256413531887,32,confirmation,1e-06
fine,F1,1,13.853096961975098,0.0391346201813227,1.3742722272872925,1.8122384018844453,0.12378666540665619,0.8539367669272576,32,confirmation,1e-06
fine,F2,2,7.824138641357422,0.06164726634448749,1.3472117185592651,1.0235404073512178,0.1949963867507291,0.837122075575871,32,confirmation,1e-06
fine,F3,3,7.446488380432129,0.08849171218530616,1.4687777757644653,0.974136847467889,0.27990801793376135,0.9126600394498955,32,confirmation,1e-06
fine,F4,4,7.099877834320068,0.11135454747603951,1.4106757640838623,0.9287938498777777,0.3522254220447177,0.8765569712066836,32,confirmation,1e-06
fine,F5,5,7.216974258422852,0.14168482368783542,1.441393256187439,0.9441122033885406,0.448163078670114,0.8956440162434733,32,confirmation,1e-06
fine,F6,6,7.080410003662109,0.1686268561334403,1.584490180015564,0.9262471016368192,0.5333833859138535,0.9845606966978474,32,confirmation,1e-06
fine,F7,7,6.903270721435547,0.19527098433413587,1.570399284362793,0.9030740443331436,0.6176613926339912,0.9758049832097067,32,confirmation,1e-06
fine,F8,8,7.116011619567871,0.23621649093697156,1.531770944595337,0.9309044440123657,0.7471760704887219,0.9518023446364879,32,confirmation,1e-06
fine,F9,9,7.218994140625,0.27810878580673415,1.638951301574707,0.9443764409163703,0.8796855330600541,1.0184014111822308,32,confirmation,1e-06
fine,F10,10,7.18754768371582,0.3195249654439791,1.6796178817749023,0.9402626693192722,1.0106889961682615,1.0436705589745068,32,confirmation,1e-06
fine,F11,11,7.085749626159668,0.36239892678588104,1.6568437814712524,0.9269456219004255,1.1463035666610353,1.0295193295478857,32,confirmation,1e-06
fine,F12,12,6.864513397216797,0.4037980016814241,1.6320611238479614,0.8980038776046282,1.2772529257833571,1.014120035211223,32,confirmation,1e-06
fine,F13,13,7.176668167114258,0.4871211588443696,1.7338404655456543,0.9388394296037479,1.540812294152501,1.0773630523249955,32,confirmation,1e-06
fine,F14,14,7.397563934326172,0.5846691291149202,1.8177320957183838,0.9677366352794152,1.8493661500742213,1.1294911140143202,32,confirmation,1e-06
fine,F15,15,7.447773456573486,0.6981748533004553,1.961255431175232,0.9743049589262225,2.2083959563274767,1.2186727554861565,32,confirmation,1e-06
fine,F16,16,7.387984275817871,0.8821078445246336,1.9001023769378662,0.9664834407718381,2.790194157930548,1.1806738493114584,32,confirmation,1e-06
coarse,F1,1,16.503150939941406,0.04125357910768049,1.0524369478225708,2.4590995900910473,0.15873164126982148,1.2767214284260076,32,design,1e-06
coarse,F2,2,7.08905553817749,0.056123742783985714,0.7520908117294312,1.056325160662127,0.21594765833660162,0.9123686292503251,32,design,1e-06
coarse,F3,3,6.383740425109863,0.07592477888487378,0.7603254914283752,0.9512276485723671,0.2921362225077958,0.9223581987438878,32,design,1e-06
coarse,F4,4,6.562553405761719,0.10286015053784893,0.8073554635047913,0.9778721923339899,0.3957756119418478,0.9794107122008364,32,design,1e-06
coarse,F5,5,6.694850921630859,0.13154082841040005,0.8391741514205933,0.9975855651455109,0.5061304264794672,1.0180102698945794,32,design,1e-06
coarse,F6,6,6.046415328979492,0.14436718646257296,0.7987278699874878,0.900963549998682,0.5554824805114711,0.9689444951584947,32,design,1e-06
coarse,F7,7,5.518357753753662,0.15600160230459958,0.7470991611480713,0.8222788084297533,0.6002482914245096,0.9063132097084491,32,design,1e-06
coarse,F8,8,5.952187538146973,0.1975024463371955,0.796471357345581,0.886922866334411,0.7599313354140281,0.9662070978736531,32,design,1e-06
coarse,F9,9,5.771233081817627,0.22252798514275401,0.7967763543128967,0.8599592258148495,0.856222249661717,0.966577092641114,32,design,1e-06
coarse,F10,10,5.664605140686035,0.25148655556183497,0.7853980660438538,0.8440708220013484,0.9676463130005664,0.9527739812224673,32,design,1e-06
coarse,F11,11,5.644559383392334,0.2887357319162329,0.795986533164978,0.8410838461369575,1.1109701900210165,0.9656189529765402,32,design,1e-06
coarse,F12,12,5.619953155517578,0.33030336925835435,0.8043376207351685,0.8374173242042244,1.270910235024172,0.975749737983265,32,design,1e-06
coarse,F13,13,5.818390846252441,0.3954043179239626,0.8349785804748535,0.8669861044765843,1.521399541732363,1.0129205822491676,32,design,1e-06
coarse,F14,14,5.989475727081299,0.4732932013303285,0.8509207367897034,0.8924791004413,1.8210930608690923,1.032260166083236,32,design,1e-06
coarse,F15,15,6.19350004196167,0.5819328779911701,0.8936212062835693,0.9228803317526285,2.2391065897894853,1.0840605181323173,32,design,1e-06
coarse,F16,16,5.924839019775391,0.7090635813740416,0.8735442161560059,0.8828477214992275,2.7282681520160468,1.0597049274556594,32,design,1e-06
fine,F1,1,8.378484725952148,0.023372659333365506,0.7995050549507141,1.9721919232303486,0.1365456502541644,1.0054468749593148,32,design,1e-06
fine,F2,2,4.565731525421143,0.03589076907105662,0.6666953563690186,1.074716864993803,0.20967782617416889,0.8384271724866568,32,design,1e-06
fine,F3,3,4.217988014221191,0.0500895349529461,0.71202552318573,0.9928623332286494,0.2926285804078366,0.8954337846212812,32,design,1e-06
fine,F4,4,4.002318859100342,0.06274452004434147,0.6865177750587463,0.9420964752326599,0.3665603972205929,0.8633555813845224,32,design,1e-06
fine,F5,5,4.035757541656494,0.07920515087134916,0.7211334109306335,0.9499675285099234,0.46272521560131186,0.9068877425592433,32,design,1e-06
fine,F6,6,3.897249221801758,0.09280791987676101,0.7450010776519775,0.9173643790559899,0.5421940904353209,0.9369034013333146,32,design,1e-06
fine,F7,7,3.855437755584717,0.10905509989606124,0.7645537853240967,0.9075224758158672,0.6371119056864436,0.9614926252590309,32,design,1e-06
fine,F8,8,3.9243106842041016,0.1302450309061109,0.7733368277549744,0.9237343133969085,0.7609058166547887,0.9725380620703158,32,design,1e-06
fine,F9,9,3.931701898574829,0.15143633414884558,0.8244547843933105,0.925474114060346,0.8847077443576273,1.0368233213542477,32,design,1e-06
fine,F10,10,3.89508318901062,0.17311440219461716,0.8162792325019836,0.9168545216634113,1.0113534056554971,1.0265418565288513,32,design,1e-06
fine,F11,11,3.8656861782073975,0.19778569583978162,0.8314024806022644,0.9099348280470166,1.1554858205998833,1.0455606512788096,32,design,1e-06
fine,F12,12,3.7101311683654785,0.2181804173337339,0.7899841666221619,0.8733190981074498,1.2746340299852335,0.9934735330054361,32,design,1e-06
fine,F13,13,3.8659286499023438,0.26251393631313524,0.8609156012535095,0.9099919028921738,1.5336353310676476,1.0826759574864995,32,design,1e-06
fine,F14,14,3.9286928176879883,0.31045846894380225,0.8714296817779541,0.9247658135483223,1.8137325716431283,1.0958983246759415,32,design,1e-06
fine,F15,15,3.9577300548553467,0.3710720892012404,0.9129886627197266,0.9316008208900444,2.1678440175963827,1.1481623438408668,32,design,1e-06
fine,F16,16,3.9407424926757812,0.47076442029520926,0.9465580582618713,0.9276021583607521,2.750257596659973,1.1903787671556678,32,design,1e-06
coarse,F1,1,27.711015701293945,0.06036707732349681,1.2009522914886475,2.1116439840967054,0.14590660018334164,1.2513854228587558,33,confirmation,1e-06
coarse,F2,2,13.06775188446045,0.0859671872043496,0.8849002122879028,0.995793151356801,0.20778180041903918,0.9220609629455607,33,confirmation,1e-06
coarse,F3,3,13.208250045776367,0.12943359666448062,0.973561704158783,1.0064994387162194,0.3128396615528303,1.0144457306690156,33,confirmation,1e-06
coarse,F4,4,13.01236343383789,0.16774080658086118,0.9825988411903381,0.9915724223223145,0.40542779086471853,1.0238623757978966,33,confirmation,1e-06
coarse,F5,5,12.156238555908203,0.19381362546803738,0.9172648787498474,0.9263337112045789,0.468445523869049,0.955784760396299,33,confirmation,1e-06
coarse,F6,6,11.583821296691895,0.22328954472542067,0.9057821035385132,0.8827141818864672,0.5396885151948773,0.9438197742638225,33,confirmation,1e-06
coarse,F7,7,11.338203430175781,0.25687709573841955,0.8685272336006165,0.8639975279822512,0.6208692778567749,0.9050004127444782,33,confirmation,1e-06
coarse,F8,8,11.2218656539917,0.29659266622343555,0.9052032232284546,0.8551323182818779,0.7168614000653325,0.9432165842897318,33,confirmation,1e-06
coarse,F9,9,11.97179126739502,0.3660717286804672,0.9499873518943787,0.9122783979179704,0.8847915738702803,0.9898813903650013,33,confirmation,1e-06
coarse,F10,10,12.57615852355957,0.44093639730710366,0.9867218732833862,0.9583325914712335,1.0657387019651057,1.0281585516708147,33,confirmation,1e-06
coarse,F11,11,12.15845012664795,0.4886561999045319,0.9639413356781006,0.9265022380495826,1.1810769702251274,1.004421361704006,33,confirmation,1e-06
coarse,F12,12,12.13243293762207,0.5586449286695787,0.9625253081321716,0.9245196676060519,1.3502390022138329,1.0029458690954318,33,confirmation,1e-06
coarse,F13,13,11.01997184753418,0.5823115176225087,0.8785338401794434,0.8397475396643082,1.4074409024077748,0.9154272395999435,33,confirmation,1e-06
coarse,F14,14,12.071243286132812,0.740511296239978,0.9562188982963562,0.9198568735443303,1.7898081275781716,0.9963746260951538,33,confirmation,1e-06
coarse,F15,15,12.645566940307617,0.9159276142678641,0.9868358969688416,0.9636216746016237,2.213787550053318,1.0282773636992781,33,confirmation,1e-06
coarse,F16,16,12.092206954956055,1.1126636882461924,1.0316156148910522,0.9214543539698901,2.689296601680426,1.0749375738048108,33,confirmation,1e-06
fine,F1,1,15.858057022094727,0.03792095142833283,1.4029815196990967,1.6221291707565284,0.11848779999740083,0.8551351262736118,33,confirmation,1e-06
fine,F2,2,10.065906524658203,0.06615032586969799,1.3730396032333374,1.0296469851890917,0.2066932997771638,0.836885146385557,33,confirmation,1e-06
fine,F3,3,9.403339385986328,0.09241893007233737,1.434880256652832,0.9618726366842982,0.28877217711903586,0.8745778132013423,33,confirmation,1e-06
fine,F4,4,9.23713493347168,0.11904724842301287,1.4595789909362793,0.9448714939618327,0.3719750172419919,0.8896320066912209,33,confirmation,1e-06
fine,F5,5,9.438260078430176,0.15072102334313958,1.5455402135849,0.9654446930716134,0.4709428903184734,0.9420264680238463,33,confirmation,1e-06
fine,F6,6,9.221556663513184,0.17719438478451172,1.6008756160736084,0.9432779843600959,0.5536615521023798,0.9757541014460823,33,confirmation,1e-06
fine,F7,7,9.290157318115234,0.21086293679563817,1.5423012971878052,0.9502951821673643,0.658862305423031,0.9400523071790097,33,confirmation,1e-06
fine,F8,8,8.99470329284668,0.23792221706690592,1.6297532320022583,0.920073031223033,0.7434117291081146,0.9933553765854178,33,confirmation,1e-06
fine,F9,9,9.347539901733398,0.28564009667445067,1.7399868965148926,0.9561648774680376,0.8925110096450056,1.0605442007424402,33,confirmation,1e-06
fine,F10,10,9.339447975158691,0.3277096745884044,1.677711844444275,0.9553371499522288,1.0239616074303568,1.0225867624095926,33,confirmation,1e-06
fine,F11,11,9.327070236206055,0.37480427345022216,1.7238657474517822,0.9540710243862086,1.1711133850286282,1.0507181548208122,33,confirmation,1e-06
fine,F12,12,9.275749206542969,0.42763770785467137,1.6990159749984741,0.9488213686954917,1.3361967274316064,1.0355719016404512,33,confirmation,1e-06
fine,F13,13,9.326425552368164,0.49331237060734257,1.752655267715454,0.9540050793301466,1.5414037702939636,1.0682657345289983,33,confirmation,1e-06
fine,F14,14,9.531915664672852,0.5845413309095875,1.8382418155670166,0.9750247732943594,1.8264577680211098,1.120431826795178,33,confirmation,1e-06
fine,F15,15,9.748437881469727,0.7056248870229427,1.8824588060379028,0.9971729471528417,2.2047954320126815,1.1473826463169279,33,confirmation,1e-06
fine,F16,16,9.011504173278809,0.829147293983062,1.9475891590118408,0.9217916023068283,2.590753529049057,1.1870804269595114,33,confirmation,1e-06
coarse,F1,1,19.780258178710938,0.04179899887126696,1.0669920444488525,2.278502060209892,0.15649489788983897,1.263040980938463,33,design,1e-06
coarse,F2,2,8.945780754089355,0.05888198689911369,0.747262179851532,1.0304708712202937,0.22045337869711346,0.8845640054846129,33,design,1e-06
coarse,F3,3,8.884794235229492,0.08690717814444565,0.8585023880004883,1.02344579057616,0.32537932335403863,1.0162434705295762,33,design,1e-06
coarse,F4,4,8.594217300415039,0.11086396354739701,0.8256888389587402,0.9899740260196798,0.41507321044808665,0.9774007655765418,33,design,1e-06
coarse,F5,5,8.03145980834961,0.1279875877996814,0.7940098643302917,0.9251495887709443,0.4791838327411796,0.9399011015462367,33,design,1e-06
coarse,F6,6,7.762503623962402,0.14954497014457435,0.814586877822876,0.8941683338906614,0.5598943865806711,0.9642589319927443,33,design,1e-06
coarse,F7,7,7.530240535736084,0.17062476431695767,0.7705327272415161,0.8674137829513842,0.6388168566308722,0.9121102792879969,33,design,1e-06
coarse,F8,8,7.3158159255981445,0.19344638132934608,0.8033193349838257,0.8427140590375258,0.7242606883129222,0.9509210927518235,33,design,1e-06
coarse,F9,9,7.703475475311279,0.2355108754843035,0.8417844772338867,0.8873688393089014,0.8817495970267843,0.9964538136865422,33,design,1e-06
coarse,F10,10,8.259654998779297,0.2897007921475603,0.8540521264076233,0.9514355556590628,1.0846359269361066,1.0109755186297207,33,design,1e-06
coarse,F11,11,7.7983012199401855,0.313462869906528,0.8255324363708496,0.8982918845263012,1.1736008311911772,0.9772156256037946,33,design,1e-06
coarse,F12,12,7.6877665519714355,0.3539205836581927,0.833986222743988,0.8855593172151991,1.3250739753667755,0.9872227092450679,33,design,1e-06
coarse,F13,13,7.128490447998047,0.3767856873348408,0.8022041916847229,0.8211359035460569,1.4106806205435665,0.9496010532129032,33,design,1e-06
coarse,F14,14,7.754677772521973,0.47574645787513936,0.8711799383163452,0.8932668684765696,1.7811884341038962,1.0312503917809035,33,design,1e-06
coarse,F15,15,8.036849975585938,0.5821602564256161,0.8923928737640381,0.925770485982795,2.179600285773251,1.0563609883742249,33,design,1e-06
coarse,F16,16,7.685788154602051,0.7061760448819314,0.9144570827484131,0.885331424209894,2.643913754403718,1.0824792713588476,33,design,1e-06
fine,F1,1,9.791365623474121,0.023159743380934704,0.7819271683692932,1.787472828587264,0.13233282543215885,0.9471750303050738,33,design,1e-06
fine,F2,2,5.922016143798828,0.038853794277684164,0.6923055052757263,1.0810997520220946,0.22200731203949461,0.8386132551289116,33,design,1e-06
fine,F3,3,5.376114845275879,0.05281407661969665,0.7576735615730286,0.9814421786330565,0.30177519097333405,0.9177958097311575,33,design,1e-06
fine,F4,4,5.25573205947876,0.0677461910662745,0.7187149524688721,0.9594655752748784,0.3870960368000918,0.8706039186553823,33,design,1e-06
fine,F5,5,5.295229911804199,0.08449194329168844,0.7688150405883789,0.9666761463570177,0.48277985632808057,0.9312918630093878,33,design,1e-06
fine,F6,6,5.1404829025268555,0.09876797832625328,0.8144568800926208,0.9384261468140276,0.5643519195853811,0.9865793788604708,33,design,1e-06
fine,F7,7,5.11814022064209,0.11617231935671957,0.7694138288497925,0.9343473555276475,0.6637988601435585,0.9320171956395783,33,design,1e-06
fine,F8,8,4.993983268737793,0.1320507954168566,0.8411809802055359,0.9116817553914325,0.7545271366202568,1.0189511921933097,33,design,1e-06
fine,F9,9,5.112234115600586,0.15625787402708752,0.8729555010795593,0.9332691604432805,0.8928443474485639,1.0574407523329676,33,design,1e-06
fine,F10,10,5.147535800933838,0.18064078077441442,0.7935856580734253,0.9397136959415,1.0321662254612034,0.9612973562524534,33,design,1e-06
fine,F11,11,5.103680610656738,0.2050329668334368,0.8169428706169128,0.9317076665450585,1.1715411246802754,0.9895907439152175,33,design,1e-06
fine,F12,12,5.088497161865234,0.23460318362470822,0.8523259162902832,0.9289358364242434,1.3405028559165428,1.0324514331375316,33,design,1e-06
fine,F13,13,5.070542335510254,0.26818950166289296,0.9115935564041138,0.9256580746200486,1.5324122518347585,1.1042443456897337,33,design,1e-06
fine,F14,14,5.1026201248168945,0.3130625649281897,0.9202997088432312,0.9315140684611224,1.7888131605158577,1.1147904048803348,33,design,1e-06
fine,F15,15,5.275838851928711,0.38203057196876894,0.9631755352020264,0.9631361914643266,2.182890551011388,1.166727354731356,33,design,1e-06
fine,F16,16,4.850312232971191,0.44630694600830956,0.9332107305526733,0.8854537415919977,2.550160345209055,1.1304299655371335,33,design,1e-06
coarse,F1,1,28.256460189819336,0.05353939775321122,1.1069785356521606,1.8882339797976038,0.1400872427232643,1.220319365488425,34,confirmation,1e-06
coarse,F2,2,15.16347885131836,0.08402226235935696,0.832520604133606,1.0132973425071023,0.21984645990133608,0.9177603563865266,34,confirmation,1e-06
coarse,F3,3,16.0233097076416,0.13264662155321819,0.93418288230896,1.070755418603024,0.3470733749303732,1.0298315870395829,34,confirmation,1e-06
coarse,F4,4,14.17768383026123,0.1517483799484395,0.8646214604377747,0.9474217288112996,0.3970536282960739,0.9531479410009472,34,confirmation,1e-06
coarse,F5,5,13.867815017700195,0.18247767874804377,0.8559964299201965,0.9267147889742958,0.47745764702446314,0.9436398146646688,34,confirmation,1e-06
coarse,F6,6,13.679021835327148,0.21646456060702735,0.8684388995170593,0.9140987111033899,0.5663852175274536,0.9573562383481753,34,confirmation,1e-06
coarse,F7,7,13.725337982177734,0.25449087814927696,0.8655769228935242,0.9171937811054025,0.6658820777642414,0.9542012309250029,34,confirmation,1e-06
coarse,F8,8,14.358530044555664,0.3089098605758377,0.9054210782051086,0.9595067516575634,0.8082707769252331,0.9981249320287553,34,confirmation,1e-06
coarse,F9,9,14.420723915100098,0.35696666137638644,0.9354833960533142,0.9636628483132742,0.9340126604869743,1.0312652572113215,34,confirmation,1e-06
coarse,F10,10,13.120530128479004,0.3711938253707058,0.8698919415473938,0.8767775813078827,0.9712384093630225,0.9589580538047334,34,confirmation,1e-06
coarse,F11,11,13.641014099121094,0.44023091891027183,0.883863091468811,0.9115588494746742,1.1518757808210498,0.9743596756593101,34,confirmation,1e-06
coarse,F12,12,13.563919067382812,0.49888802314515546,0.8916139006614685,0.9064069848170393,1.3053536371890384,0.9829040712834161,34,confirmation,1e-06
coarse,F13,13,13.16724681854248,0.5541766241489686,0.8663943409919739,0.8798994175537871,1.4500177162351338,0.9551023424670178,34,confirmation,1e-06
coarse,F14,14,14.266879081726074,0.695061615441257,0.9234464764595032,0.953382188951073,1.8186470023208934,1.0179959068056237,34,confirmation,1e-06
coarse,F15,15,14.447090148925781,0.8288616116042075,0.9373407363891602,0.9654247681820227,2.1687382122603416,1.0333127660898926,34,confirmation,1e-06
coarse,F16,16,13.552810668945312,0.9852987713437285,0.9721812009811401,0.9056646676531089,2.578060156231105,1.0717204607966009,34,confirmation,1e-06
fine,F1,1,17.55660057067871,0.03677600899074184,1.4058706760406494,1.4887108795949804,0.1188969812488041,0.8697775032631619,34,confirmation,1e-06
fine,F2,2,12.388050079345703,0.06869340882231256,1.3652831315994263,1.0504439544458157,0.2220860600376468,0.8446669908459807,34,confirmation,1e-06
fine,F3,3,11.84145736694336,0.0976892922137993,1.4198533296585083,1.0040956585792633,0.31582986472178215,0.8784282260927939,34,confirmation,1e-06
fine,F4,4,11.57406997680664,0.12433343991245785,1.5076088905334473,0.9814225610647112,0.40197049869093515,0.9327204266031742,34,confirmation,1e-06
fine,F5,5,11.554788589477539,0.15269438730906787,1.551930546760559,0.9797875969966411,0.4936615528143435,0.9601411418586298,34,confirmation,1e-06
fine,F6,6,11.216045379638672,0.17747107589780614,1.5449070930480957,0.9510638870821908,0.5737646841596801,0.9557959043211949,34,confirmation,1e-06
fine,F7,7,11.478475570678711,0.21325767508995233,1.618914008140564,0.9733166392002731,0.6894628996506058,1.0015821568765293,34,confirmation,1e-06
fine,F8,8,11.411283493041992,0.2455029578942765,1.5913976430892944,0.9676190910560478,0.7937120253758381,0.984558460671005,34,confirmation,1e-06
fine,F9,9,11.191394805908203,0.27668495734856635,1.6326466798782349,0.9489736431791601,0.8945235518617667,1.0100782220841507,34,confirmation,1e-06
fine,F10,10,10.94625473022461,0.30931894387189907,1.6309689283370972,0.9281870053431092,1.0000293582344812,1.0090402385971797,34,confirmation,1e-06
fine,F11,11,11.406149864196777,0.36812747430667303,1.7209981679916382,0.9671837853097613,1.1901575676911758,1.0647391080749462,34,confirmation,1e-06
fine,F12,12,11.222299575805664,0.41308451232218657,1.7114604711532593,0.951594211266502,1.3355038478511008,1.0588383703439843,34,confirmation,1e-06
fine,F13,13,11.185544967651367,0.47160612156052173,1.699768304824829,0.9484776064992935,1.524704439954823,1.0516047154920884,34,confirmation,1e-06
fine,F14,14,11.635318756103516,0.5664148748450062,1.823376178741455,0.9866161475870048,1.8312215110248684,1.1280778575748684,34,confirmation,1e-06
fine,F15,15,11.558000564575195,0.6623885078981158,1.799211025238037,0.9800599562300598,2.141504642953834,1.1131274732768135,34,confirmation,1e-06
fine,F16,16,10.524774551391602,0.7649141710031999,1.8375117778778076,0.8924476191654535,2.4729705137283156,1.136823204023499,34,confirmation,1e-06
coarse,F1,1,20.355993270874023,0.03778863263770544,0.96588534116745,2.0306030693826607,0.15081192011380615,1.2146383903574385,34,design,1e-06
coarse,F2,2,10.514381408691406,0.05813283934244229,0.6946952939033508,1.0488574483711266,0.23200429629076627,0.8736063563774163,34,design,1e-06
coarse,F3,3,10.859176635742188,0.08979779281751966,0.8074774146080017,1.0832523431346062,0.3583770200586493,1.0154342604930524,34,design,1e-06
coarse,F4,4,9.636862754821777,0.10314621672928342,0.7464460730552673,0.9613209647283563,0.41164969229123666,0.9386849743144596,34,design,1e-06
coarse,F5,5,9.493326187133789,0.12504180623931144,0.7571486234664917,0.9470025381579898,0.49903353408540074,0.9521438477957533,34,design,1e-06
coarse,F6,6,9.02578353881836,0.14276213445979358,0.7730427980422974,0.9003630288939035,0.5697541857056773,0.9721313906230233,34,design,1e-06
coarse,F7,7,9.193315505981445,0.1704341449796505,0.7751949429512024,0.9170751058834274,0.680191339648765,0.9748377965664128,34,design,1e-06
coarse,F8,8,9.423667907714844,0.2028729014689301,0.7931679487228394,0.9400538074272515,0.8096522597925404,0.9974395504909104,34,design,1e-06
coarse,F9,9,9.567815780639648,0.23681004905999276,0.8324864506721497,0.9544332144800581,0.9450931591884855,1.046884096218514,34,design,1e-06
coarse,F10,10,8.541077613830566,0.2414710292674057,0.7440454363822937,0.85201140458695,0.9636948212658534,0.9356660803111928,34,design,1e-06
coarse,F11,11,8.932817459106445,0.2882990725454394,0.7766847610473633,0.8910892388950832,1.150582428172434,0.9767113007776467,34,design,1e-06
coarse,F12,12,8.9161376953125,0.32791041829199413,0.7970293164253235,0.8894253564646922,1.308668675102921,1.0022953705875841,34,design,1e-06
coarse,F13,13,8.574690818786621,0.3608317228709269,0.7720105648040771,0.8553644749209441,1.4400554125856182,0.9708333171711271,34,design,1e-06
coarse,F14,14,9.13094425201416,0.44491847901128634,0.7939420342445374,0.9108532891407175,1.7756400650193138,0.9984129931470934,34,design,1e-06
coarse,F15,15,9.544193267822266,0.5473344671971512,0.8373837471008301,0.9520767612038555,2.1843754637500847,1.053042636986972,34,design,1e-06
coarse,F16,16,8.683502197265625,0.6315353847847155,0.8566237092018127,0.8662189056619569,2.5204157269284457,1.077237637781403,34,design,1e-06
fine,F1,1,11.17452621459961,0.023211133133366264,0.7877776622772217,1.6402573576888455,0.13259999463045372,0.9390502850624965,34,design,1e-06
fine,F2,2,7.411965847015381,0.04103684229613569,0.6798474788665771,1.0879684097587512,0.23443427069470263,0.8103948606301302,34,design,1e-06
fine,F3,3,7.005175590515137,0.05780184450734676,0.7615993022918701,1.0282575371502192,0.3302089659848041,0.9078450382220977,34,design,1e-06
fine,F4,4,6.781183242797852,0.07287749964484332,0.7737138867378235,0.9953787296416505,0.41633280056007455,0.9222859198593114,34,design,1e-06
fine,F5,5,6.646544456481934,0.08780914244077775,0.7874165773391724,0.9756157208443336,0.5016339249467414,0.9386198629646844,34,design,1e-06
fine,F6,6,6.443277359008789,0.10196829813692875,0.8518456816673279,0.9457790775895369,0.5825220038911703,1.015420934742707,34,design,1e-06
fine,F7,7,6.511187553405762,0.12097857173066336,0.84320467710495,0.9557473029874229,0.69112343071376,1.0051206454782573,34,design,1e-06
fine,F8,8,6.497262477874756,0.13984588685484123,0.8366059064865112,0.9537033051339602,0.7989081678820067,0.9972547491384264,34,design,1e-06
fine,F9,9,6.440032005310059,0.1592670438376125,0.8783659934997559,0.9453027070320371,0.9098568792971649,1.0470337965674485,34,design,1e-06
fine,F10,10,6.197510719299316,0.17511757469562736,0.8157919049263,0.9097041218091975,1.0004074049688856,0.9724439490429936,34,design,1e-06
fine,F11,11,6.423818588256836,0.20737582793656933,0.8726497292518616,0.9429228140411307,1.184691566451198,1.04021986945512,34,design,1e-06
fine,F12,12,6.283873558044434,0.23137523792767867,0.8827751278877258,0.9223809260836818,1.3217948098676313,1.052289592843689,34,design,1e-06
fine,F13,13,6.264647483825684,0.2640278562148476,0.8901510834693909,0.919558818990177,1.5083318903570284,1.0610819127116438,34,design,1e-06
fine,F14,14,6.560158729553223,0.319260154438213,0.9109253883361816,0.9629355569185474,1.823861615069943,1.0858453933753924,34,design,1e-06
fine,F15,15,6.455549240112305,0.37000103356679515,0.8977924585342407,0.9475804106291807,2.113732870442761,1.0701906191100634,34,design,1e-06
fine,F16,16,5.905950546264648,0.4287862123101831,0.9520798921585083,0.8669073436867988,2.4495594042416746,1.1349025707955382,34,design,1e-06
coarse,F1,1,38.082435607910156,0.05568284120404624,1.054682731628418,2.1172768306643133,0.1550173205377253,1.220528989284911,35,confirmation,1e-06
coarse,F2,2,19.434429168701172,0.08793612899352338,0.8001936078071594,1.0804998666506187,0.24480832515502493,0.9260220785649612,35,confirmation,1e-06
coarse,F3,3,19.623870849609375,0.1320472976816331,0.8493053913116455,1.0910322938797672,0.3676108802682056,0.9828565688672338,35,confirmation,1e-06
coarse,F4,4,18.046268463134766,0.15793642047769527,0.860352098941803,1.0033220167516514,0.4396844734997606,0.9956403440201129,35,confirmation,1e-06
coarse,F5,5,16.081193923950195,0.17412563705352724,0.7709274888038635,0.894069372430771,0.48475417398422577,0.8921539345476289,35,confirmation,1e-06
coarse,F6,6,16.96152114868164,0.21935692209427693,0.8325845003128052,0.9430131021731972,0.6106750584053606,0.9635063590091019,35,confirmation,1e-06
coarse,F7,7,15.755094528198242,0.23825315994996954,0.8010847568511963,0.8759391587483292,0.6632809258017274,0.9270533585977168,35,confirmation,1e-06
coarse,F8,8,16.552797317504883,0.29003696819103375,0.8513056635856628,0.9202892011391165,0.807443598308924,0.985171379021688,35,confirmation,1e-06
coarse,F9,9,16.027118682861328,0.32160121682092374,0.8403609395027161,0.8910629403777154,0.8953163638070423,0.9725056240772262,35,confirmation,1e-06
coarse,F10,10,15.338762283325195,0.3517466765405029,0.8170287609100342,0.8527922512079651,0.979239315493055,0.9455045179611035,35,confirmation,1e-06
coarse,F11,11,16.21566390991211,0.4235133238059927,0.8696208000183105,0.9015455272814806,1.1790328806652266,1.0063665254751055,35,confirmation,1e-06
coarse,F12,12,16.641141891479492,0.49631496043355194,0.9135317802429199,0.9252009121839978,1.3817077872744332,1.0571823990120721,35,confirmation,1e-06
coarse,F13,13,15.36392879486084,0.5232612798676846,0.8555169701576233,0.8541914388106614,1.4567245455200475,0.9900449031628368,35,confirmation,1e-06
coarse,F14,14,15.941293716430664,0.6250341470112221,0.8753373026847839,0.8862913124601344,1.740053427935025,1.0129819340833253,35,confirmation,1e-06
coarse,F15,15,16.406667709350586,0.7564214216281705,0.9094324111938477,0.9121648039286901,2.1058268479593183,1.0524384142931371,35,confirmation,1e-06
coarse,F16,16,15.312080383300781,0.8939955567141817,0.9246445894241333,0.8513088122467224,2.488824075384898,1.0700426700218388,35,confirmation,1e-06
fine,F1,1,24.967010498046875,0.04011238280831235,1.4257688522338867,1.6814341081089135,0.13264052862452932,0.8823267676438894,35,confirmation,1e-06
fine,F2,2,16.815128326416016,0.07632823133928848,1.4306771755218506,1.1324355514039628,0.25239629872400854,0.8853642480983368,35,confirmation,1e-06
fine,F3,3,15.85526180267334,0.10665388691671426,1.3972874879837036,1.0677921567781175,0.3526748338062379,0.864701280863491,35,confirmation,1e-06
fine,F4,4,15.094924926757812,0.13234078104493505,1.5918653011322021,1.0165863323195843,0.43761427089157295,0.9851143567008135,35,confirmation,1e-06
fine,F5,5,14.926765441894531,0.1612538399913384,1.566454291343689,1.0052614244587386,0.5332217405632175,0.9693889366271898,35,confirmation,1e-06
fine,F6,6,14.320091247558594,0.1849715942955112,1.490553379058838,0.9644042027683108,0.6116497782025138,0.9224182046655625,35,confirmation,1e-06
fine,F7,7,14.184503555297852,0.2144821659955951,1.6018855571746826,0.955272882443644,0.7092330568877196,0.9913153198590938,35,confirmation,1e-06
fine,F8,8,14.062541961669922,0.2461790884705817,1.6147348880767822,0.9470592285333626,0.8140459914108142,0.9992670355831911,35,confirmation,1e-06
fine,F9,9,13.825322151184082,0.2780132217290636,1.6256005764007568,0.9310833678871219,0.9193126439526756,1.0059911884092942,35,confirmation,1e-06
fine,F10,10,13.736869812011719,0.3151754757240126,1.670503854751587,0.9251264360374691,1.0421979145267188,1.0337792582509284,35,confirmation,1e-06
fine,F11,11,13.648914337158203,0.35660837297444214,1.6723037958145142,0.9192029661280386,1.1792050182932876,1.0348931387916023,35,confirmation,1e-06
fine,F12,12,13.47041130065918,0.40116633119158185,1.7239105701446533,0.9071814590279416,1.326545832240804,1.0668296187560065,35,confirmation,1e-06
fine,F13,13,13.116375923156738,0.44646256279604823,1.6615314483642578,0.88333850997898,1.4763279115908865,1.0282267492917687,35,confirmation,1e-06
fine,F14,14,13.532868385314941,0.5311386098234971,1.7495696544647217,0.9113877084081571,1.7563281223295233,1.0827085579636881,35,confirmation,1e-06
fine,F15,15,13.533907890319824,0.6229894322260318,1.8014404773712158,0.9114577151544953,2.060053325997685,1.1148084424845262,35,confirmation,1e-06
fine,F16,16,12.487353324890137,0.724751639649456,1.8306214809417725,0.8409762074686536,2.3965527319578044,1.1328668960106174,35,confirmation,1e-06
coarse,F1,1,29.070831298828125,0.04163087162888642,0.9274995923042297,2.338836556221392,0.17311027434352247,1.2169996726854797,35,design,1e-06
coarse,F2,2,13.996872901916504,0.06318683542551749,0.6797683835029602,1.1260908805558154,0.262744688915439,0.8919442198026155,35,design,1e-06
coarse,F3,3,13.927359580993652,0.09371977741022687,0.758750319480896,1.1204983230383676,0.38970734323133854,0.9955787561741255,35,design,1e-06
coarse,F4,4,12.23975944519043,0.10708192768651634,0.7437256574630737,0.9847257732502964,0.44527008812815294,0.9758644523516586,35,design,1e-06
coarse,F5,5,11.298858642578125,0.12231415561412531,0.6829816699028015,0.9090274497208823,0.5086090251294579,0.8961604680137186,35,design,1e-06
coarse,F6,6,11.689395904541016,0.1510069404520017,0.7518821954727173,0.9404473570312811,0.6279199033460452,0.9865668873396052,35,design,1e-06
coarse,F7,7,10.860492706298828,0.16422587042689016,0.7221018671989441,0.873759580486831,0.6828871068886428,0.9474912369971518,35,design,1e-06
coarse,F8,8,11.119285583496094,0.19473750486935218,0.7349298000335693,0.8945802524331155,0.8097611597811346,0.9643231474265522,35,design,1e-06
coarse,F9,9,10.8794584274292,0.2182519282642037,0.7275022268295288,0.8752854302789764,0.9075392779334346,0.9545772087402529,35,design,1e-06
coarse,F10,10,10.417874336242676,0.2388885235595058,0.7512697577476501,0.838149590056864,0.9933507570908203,0.9857632896699876,35,design,1e-06
coarse,F11,11,10.866663932800293,0.28374428018044706,0.7719576954841614,0.8742560743775624,1.1798708089349792,1.0129085452181037,35,design,1e-06
coarse,F12,12,11.028444290161133,0.32892555414124347,0.7832782864570618,0.8872717948426784,1.3677444331114261,1.027762627767508,35,design,1e-06
coarse,F13,13,10.17569351196289,0.34676293457290797,0.7498093247413635,0.8186654081558041,1.4419161643118046,0.983847012287898,35,design,1e-06
coarse,F14,14,10.446374893188477,0.4094945317548195,0.7790423035621643,0.8404425463116166,1.70276787299025,1.0222044692094172,35,design,1e-06
coarse,F15,15,10.803939819335938,0.4976658451882951,0.8048198819160461,0.8692097291933114,2.0694034888322896,1.0560279928848955,35,design,1e-06
coarse,F16,16,10.052494049072266,0.5861638615713411,0.8245984315872192,0.8087536376751625,2.4373976070312615,1.0819800134310305,35,design,1e-06
fine,F1,1,16.90998077392578,0.027184665123902656,0.8146759867668152,1.8742909862283788,0.15218733103933127,0.9204587995161899,35,design,1e-06
fine,F2,2,10.63985824584961,0.04824141053041513,0.7501792311668396,1.179314788795817,0.2700688598051261,0.8475873669508955,35,design,1e-06
fine,F3,3,9.880790710449219,0.066464303238103,0.8111110329627991,1.0951802496404985,0.37208569144012893,0.9164309489939251,35,design,1e-06
fine,F4,4,9.327615737915039,0.08179317674202852,0.8990297913551331,1.0338667047767074,0.45790099708282134,1.0157656490701223,35,design,1e-06
fine,F5,5,9.185358047485352,0.09918737185283448,0.862285315990448,1.018098957287298,0.5552785486335065,0.9742500327607994,35,design,1e-06
fine,F6,6,8.648784637451172,0.1116985046379623,0.8656495213508606,0.9586255185340375,0.625319356499597,0.9780510683598241,35,design,1e-06
fine,F7,7,8.496553421020508,0.12846300672032007,0.8930425047874451,0.9417523120772607,0.7191717109975754,1.0090009343909465,35,design,1e-06
fine,F8,8,8.372161865234375,0.14657687266128755,0.8564838171005249,0.9279648350310201,0.8205781804094866,0.9676952296361779,35,design,1e-06
fine,F9,9,8.222259521484375,0.16522299942557656,0.8455947637557983,0.9113497592682872,0.9249643942379246,0.9553922709969618,35,design,1e-06
fine,F10,10,8.071388244628906,0.18520756239303005,0.9501393437385559,0.8946272876066401,1.0368435469198534,1.0735115971461895,35,design,1e-06
fine,F11,11,8.020345687866211,0.20961924446448896,0.9087785482406616,0.8889697646719077,1.173506946071657,1.0267802477638204,35,design,1e-06
fine,F12,12,7.904082298278809,0.23531443969026744,0.8816551566123962,0.8760832081438226,1.3173558095438587,0.9961349790895312,35,design,1e-06
fine,F13,13,7.711666107177734,0.2624785343395293,0.9038184285163879,0.8547559259069774,1.4694279813336817,1.0211760739314961,35,design,1e-06
fine,F14,14,7.830924034118652,0.307222500034993,0.9568336606025696,0.8679743949572974,1.7199171703037037,1.0810751475199833,35,design,1e-06
fine,F15,15,7.89676570892334,0.3635084075618029,0.9717302322387695,0.8752722422614702,2.0350213660916436,1.0979059866117071,35,design,1e-06
fine,F16,16,7.234560012817383,0.41983835500245975,0.9902085661888123,0.8018738047449537,2.3503721095901042,1.1187836672614302,35,design,1e-06
coarse,F1,1,54.1534538269043,0.05587088434849555,0.7957971692085266,2.597605614164523,0.16182383593042038,0.9588128289338073,36,confirmation,1e-06
coarse,F2,2,24.291561126708984,0.09340832658070543,0.7878357768058777,1.1652053765813717,0.27054688486487555,0.9492205792159201,36,confirmation,1e-06
coarse,F3,3,21.87189292907715,0.12654447728345977,0.8060364723205566,1.0491399504559349,0.3665220797667725,0.9711496096651593,36,confirmation,1e-06
coarse,F4,4,20.452728271484375,0.15549449643444,0.8020885586738586,0.9810661745196828,0.4503726077098996,0.9663929827274917,36,confirmation,1e-06
coarse,F5,5,19.070789337158203,0.18031901568130065,0.7843175530433655,0.9147780233389216,0.5222740815544552,0.9449816623045776,36,confirmation,1e-06
coarse,F6,6,19.52469825744629,0.2212781364608501,0.8170929551124573,0.9365508979450082,0.6409076438861486,0.984470965852319,36,confirmation,1e-06
coarse,F7,7,18.312984466552734,0.24313611315793035,0.792668879032135,0.8784280207588827,0.7042168554020481,0.9550437218424425,36,confirmation,1e-06
coarse,F8,8,18.42475700378418,0.28384015113954203,0.8395589590072632,0.883789469562312,0.8221115986274486,1.01153903493158,36,confirmation,1e-06
coarse,F9,9,18.350744247436523,0.32458911169715965,0.8563609719276428,0.8802392629213286,0.9401364551247962,1.0317828686159773,36,confirmation,1e-06
coarse,F10,10,16.624961853027344,0.3358429360189472,0.7914309501647949,0.7974578017263937,0.9727319123450426,0.9535522085206577,36,confirmation,1e-06
coarse,F11,11,17.508651733398438,0.4020729066440633,0.8396899104118347,0.8398461930886432,1.1645596957261724,1.0116968111734772,36,confirmation,1e-06
coarse,F12,12,16.85439682006836,0.4431659216272933,0.8352301716804504,0.8084632227356683,1.2835810678070954,1.0063235139630875,36,confirmation,1e-06
coarse,F13,13,16.742616653442383,0.5023178161037274,0.8458430767059326,0.8031014079692825,1.4549079866190717,1.0191104273681815,36,confirmation,1e-06
coarse,F14,14,17.812744140625,0.615862065804389,0.8940706849098206,0.8544327446087252,1.783776345311828,1.0772172556453807,36,confirmation,1e-06
coarse,F15,15,16.559005737304688,0.6744839845783183,0.8413776755332947,0.7942940519674717,1.953568248128813,1.0137303077895714,36,confirmation,1e-06
coarse,F16,16,17.003190994262695,0.8658927977029359,0.9503085613250732,0.8156005067855021,2.5079627011951118,1.1449752214503695,36,confirmation,1e-06
fine,F1,1,42.76072692871094,0.04197158121699224,1.1250003576278687,2.3871009508395713,0.14128807323658835,0.7024558223442028,36,confirmation,1e-06
fine,F2,2,21.076454162597656,0.0810500965102876,1.3832305669784546,1.1765848568416795,0.27283727797564966,0.8636960502548539,36,confirmation,1e-06
fine,F3,3,18.752429962158203,0.10904565682594855,1.4236918687820435,1.0468471096819532,0.3670781586260329,0.8889602884738417,36,confirmation,1e-06
fine,F4,4,18.482177734375,0.14094289732656448,1.6249347925186157,1.0317603841690002,0.4744531852802956,1.014617371625709,36,confirmation,1e-06
fine,F5,5,17.199201583862305,0.1622486168549062,1.5165084600448608,0.9601387395253256,0.5461741920614234,0.9469154299994722,36,confirmation,1e-06
fine,F6,6,17.22827911376953,0.19465960406515426,1.6003777980804443,0.961761981323935,0.6552786337301049,0.999283862080218,36,confirmation,1e-06
fine,F7,7,16.426498413085938,0.21780025596395805,1.5384862422943115,0.9170028855265819,0.7331765357252036,0.9606384666177828,36,confirmation,1e-06
fine,F8,8,16.017173767089844,0.24578109628200645,1.6581095457077026,0.8941524963531629,0.8273678647494526,1.0353318526252027,36,confirmation,1e-06
fine,F9,9,15.523521423339844,0.27428284978374706,1.6224372386932373,0.866594546248283,0.9233127331428024,1.013057886587007,36,confirmation,1e-06
fine,F10,10,15.482948303222656,0.3125002805742946,1.7071300745010376,0.8643295675969207,1.0519632867765327,1.0659405147752108,36,confirmation,1e-06
fine,F11,11,15.335932731628418,0.3525363329506601,1.6962562799453735,0.8561224804880906,1.1867358289643342,1.0591508633366042,36,confirmation,1e-06
fine,F12,12,14.906084060668945,0.3914199765006693,1.718369483947754,0.8321263456030324,1.3176290409497553,1.072958457971428,36,confirmation,1e-06
fine,F13,13,14.502357482910156,0.43563679082834506,1.6769938468933105,0.8095884664118317,1.4664751963690335,1.0471233042712293,36,confirmation,1e-06
fine,F14,14,14.685514450073242,0.5090004120904725,1.707413911819458,0.8198131328726429,1.7134376503255777,1.0661177442094694,36,confirmation,1e-06
fine,F15,15,14.69739818572998,0.5971858676901517,1.776313304901123,0.8204765377940096,2.010294541295535,1.109138868156709,36,confirmation,1e-06
fine,F16,16,13.535246849060059,0.6869595361918281,1.8491415977478027,0.7555998913934644,2.312497800791676,1.1546132166710597,36,confirmation,1e-06
coarse,F1,1,44.12211608886719,0.044229968198970515,0.6933368444442749,2.9603049283396645,0.18810096868626927,0.9398339969342464,36,design,1e-06
coarse,F2,2,18.177593231201172,0.06966276188014245,0.6729567050933838,1.2195974172974018,0.29626141561007735,0.912208250548913,36,design,1e-06
coarse,F3,3,16.090744018554688,0.09312108143566965,0.7162396311759949,1.079583506893456,0.3960248296893446,0.9708792497107055,36,design,1e-06
coarse,F4,4,14.357297897338867,0.10901117617063052,0.6989454030990601,0.9632806286427631,0.46360213833032843,0.9474365268442093,36,design,1e-06
coarse,F5,5,13.815363883972168,0.13072888231133742,0.721200704574585,0.9269204067673411,0.5559630811267058,0.9776040985033847,36,design,1e-06
coarse,F6,6,13.81518268585205,0.15653989359016668,0.7367918491363525,0.9269082495605809,0.6657320097969509,0.9987382525984414,36,design,1e-06
coarse,F7,7,12.689291954040527,0.16835648877813558,0.7321736812591553,0.8513683576061564,0.715985561674526,0.992478220105839,36,design,1e-06
coarse,F8,8,12.658137321472168,0.1950224430437384,0.7418988943099976,0.8492780858669912,0.8293903872384836,1.0056609694806196,36,design,1e-06
coarse,F9,9,12.503915786743164,0.221104132286356,0.741129457950592,0.8389308312522115,0.9403104536839487,1.0046179808455267,36,design,1e-06
coarse,F10,10,11.530604362487793,0.23296187816688554,0.7180029153823853,0.7736280112281402,0.9907390110034889,0.9732694219000274,36,design,1e-06
coarse,F11,11,11.960756301879883,0.27466670056490516,0.7584506869316101,0.8024883882679116,1.1681010533333973,1.028097304056875,36,design,1e-06
coarse,F12,12,11.40127944946289,0.2995393259999676,0.7402585744857788,0.7649511568222085,1.273879219780618,1.0034374783319824,36,design,1e-06
coarse,F13,13,11.394633293151855,0.34185562867049024,0.7688467502593994,0.7645052432753051,1.45384176209445,1.0421894063705335,36,design,1e-06
coarse,F14,14,11.763784408569336,0.40668285440205454,0.7731521725654602,0.7892728646666142,1.729538635818056,1.0480255050674636,36,design,1e-06
coarse,F15,15,10.818220138549805,0.4404381911268497,0.7212801575660706,0.7258316969093181,1.8730931486248945,0.9777117988558969,36,design,1e-06
coarse,F16,16,11.37443733215332,0.5783106335704524,0.8688982725143433,0.7631502266039355,2.4594363235084615,1.1778115398453355,36,design,1e-06
fine,F1,1,27.853412628173828,0.029453023004303896,0.5604016184806824,2.5041695546884726,0.16459370998906345,0.6280848523521116,36,design,1e-06
fine,F2,2,13.934144973754883,0.05346812936026035,0.7478048801422119,1.2527535523096915,0.2987984552992887,0.8381219865240276,36,design,1e-06
fine,F3,3,12.161213874816895,0.07069528788941645,0.82004314661026,1.0933576413027188,0.39506979337107845,0.9190849235186868,36,design,1e-06
fine,F4,4,11.75826358795166,0.08963361755808696,0.9175654053688049,1.057130272904771,0.5009037493866267,1.0283855598363825,36,design,1e-06
fine,F5,5,10.887077331542969,0.10269623634910488,0.9041183590888977,0.9788060069024436,0.5739021946963769,1.013314429063803,36,design,1e-06
fine,F6,6,10.768535614013672,0.12169605355200598,0.9238582253456116,0.9681484776452536,0.6800797643836225,1.0354384033251762,36,design,1e-06
fine,F7,7,10.091564178466797,0.1338047766993995,0.9509250521659851,0.9072851543275399,0.7477475099243337,1.06577426133573,36,design,1e-06
fine,F8,8,9.82193660736084,0.15069109810980327,0.9284156560897827,0.8830442053392935,0.842114131937971,1.040546263691137,36,design,1e-06
fine,F9,9,9.453266143798828,0.16708408749190162,0.8782740831375122,0.8498987749071517,0.9337238434374192,0.9843487770924878,36,design,1e-06
fine,F10,10,9.322602272033691,0.1881663428387992,0.9448398947715759,0.8381513996774104,1.0515387998843544,1.0589541611476385,36,design,1e-06
fine,F11,11,9.16232681274414,0.2105828865116995,0.9465034604072571,0.8237417856428763,1.1768102223700998,1.0608186460852402,36,design,1e-06
fine,F12,12,8.930551528930664,0.23443993233049032,0.9425431489944458,0.8029039580846148,1.3101316705664376,1.0563800229140088,36,design,1e-06
fine,F13,13,8.59278678894043,0.2581484797540724,0.942385196685791,0.772537116153179,1.4426232582153116,1.0562029937099728,36,design,1e-06
fine,F14,14,8.693058013916016,0.3012939187431287,0.9139750003814697,0.7815520312067546,1.6837349387133658,1.0243615190199613,36,design,1e-06
fine,F15,15,8.655677795410156,0.351681638724329,0.933231770992279,0.7781913512649621,1.9653189977888608,1.0459440511308773,36,design,1e-06
fine,F16,16,7.878599643707275,0.3995652019194431,1.0209344625473022,0.7083279031092549,2.2329089600357896,1.1442391492527582,36,design,1e-06
