{
  "num_batches": 8,
  "num_samples": 32,
  "prefill_len": 100,
  "decode_steps": 128,
  "loss": {
    "full_sequence": 3.3950663445284035,
    "full_kv_teacher_forced": 3.4583020635366277,
    "anchor_kv_teacher_forced": 3.4583020635366277,
    "full_kv_prefill": 3.55454345703125,
    "anchor_kv_prefill": 3.55454345703125,
    "full_kv_prefill_next_token": 3.414292797446251,
    "anchor_kv_prefill_next_token": 3.414292797446251,
    "full_kv_decode_only": 3.381976764589142,
    "anchor_kv_decode_only": 3.381976764589142
  },
  "logit_equivalence": {
    "max_decode_logit_abs_diff": 0.0,
    "mean_decode_logit_abs_diff": 0.0,
    "decode_top1_match_rate": 1.0
  },
  "cache": {
    "full_kv": {
      "total_tokens": 6384.0,
      "per_layer_tokens": {
        "0": 228.0,
        "1": 228.0,
        "2": 228.0,
        "3": 228.0,
        "4": 228.0,
        "5": 228.0,
        "6": 228.0,
        "7": 228.0,
        "8": 228.0,
        "9": 228.0,
        "10": 228.0,
        "11": 228.0,
        "12": 228.0,
        "13": 228.0,
        "14": 228.0,
        "15": 228.0,
        "16": 228.0,
        "17": 228.0,
        "18": 228.0,
        "19": 228.0,
        "20": 228.0,
        "21": 228.0,
        "22": 228.0,
        "23": 228.0,
        "24": 228.0,
        "25": 228.0,
        "26": 228.0,
        "27": 228.0
      }
    },
    "anchor_kv": {
      "total_tokens": 6384.0,
      "per_layer_tokens": {
        "0": 228.0,
        "1": 228.0,
        "2": 228.0,
        "3": 228.0,
        "4": 228.0,
        "5": 228.0,
        "6": 228.0,
        "7": 228.0,
        "8": 228.0,
        "9": 228.0,
        "10": 228.0,
        "11": 228.0,
        "12": 228.0,
        "13": 228.0,
        "14": 228.0,
        "15": 228.0,
        "16": 228.0,
        "17": 228.0,
        "18": 228.0,
        "19": 228.0,
        "20": 228.0,
        "21": 228.0,
        "22": 228.0,
        "23": 228.0,
        "24": 228.0,
        "25": 228.0,
        "26": 228.0,
        "27": 228.0
      }
    },
    "anchor_vs_full_total_token_ratio": 1.0,
    "cache_reduction": 0.0
  },
  "position_loss_by_modulo": {
    "full_sequence": {},
    "full_kv_teacher_forced": {},
    "anchor_kv_teacher_forced": {}
  },
  "config": {
    "config_dir": "../../../Qwen3-0.6B",
    "data_dir": "../../../dclm/global-shard_01_of_10",
    "ckpt_file": "../checkpoints/baseline/70000.pth",
    "attention_stride_pattern": [
      1,
      1,
      1,
      1,
      1,
      1,
      1,
      1,
      1,
      1,
      1,
      1,
      1,
      1,
      1,
      1,
      1,
      1,
      1,
      1,
      1,
      1,
      1,
      1,
      1,
      1,
      1,
      1
    ],
    "residual_source_pattern": [
      -1,
      -1,
      -1,
      -1,
      -1,
      -1,
      -1,
      -1,
      -1,
      -1,
      -1,
      -1,
      -1,
      -1,
      -1,
      -1,
      -1,
      -1,
      -1,
      -1,
      -1,
      -1,
      -1,
      -1,
      -1,
      -1,
      -1,
      -1
    ],
    "attn_implementation": "eager"
  }
}