rank,pooled_eigenvalue,complex_old_variance,complex_new_variance,complex_update_variance,simple_old_variance,simple_new_variance,simple_update_variance,innovation_top2_mass
1,2.424275465109903,1.4146987190096383,1.6580282048155441,0.040472141517645506,3.1199715863722073,3.5115126659759337,0.048758815152585365,0.0014905255377195624
2,1.868283929488625,1.109042895523952,1.672301887901026,0.13553349874370818,1.920518146361754,2.7767516197996684,0.19917570531050102,0.0010345873560622231
3,1.1578321237616545,0.8029230596971887,1.125782428871757,0.10536271679966075,1.0670677941122404,1.63895060894974,0.18562651106154934,0.0013346322370751092
4,0.9775674286337072,0.09320321851698447,1.1209293742682604,0.9432988146381142,0.20547495285251313,2.493528928706052,1.7088988638076505,0.023809007260613288
5,0.9418309307049251,0.5239429137031547,0.8502952862077582,0.1183798801794899,0.914397396535606,1.481450096618773,0.19751956921872196,0.0007718064763877001
6,0.8190815753290356,0.09667277526324698,0.9827015137461096,0.8284052787103544,0.18542719125641005,2.013926818597168,1.4676607823582606,0.0055201019885304445
7,0.7495095034445078,0.12719535768577367,0.7042200060127695,0.545685818534763,0.30657461127741475,1.8622460235564275,1.039042915892615,0.006055863980549067
8,0.6397104069623386,0.10550212976542286,0.6495771907075736,0.5055928542609872,0.2644145799291644,1.5412237079164348,0.9584348741477403,0.0214146772520949
9,0.6090328410014115,0.10730086175788844,0.5858399070088641,0.44540792127162515,0.3056195676224139,1.4391570467590675,0.9005981512247792,0.00760996838626146
10,0.5936008565241726,0.05624243133073342,0.5929782449229843,0.4883763537922668,0.21326153452435576,1.513661971978857,1.016787633030385,0.0029739455558297372
11,0.5266443035072012,0.16583531462961906,0.5799082530041506,0.35993275887274306,0.23256910332407266,1.1298089558561035,0.7162056748181844,0.00020745186552763867
12,0.5240368436933487,0.20988278988515144,0.5281450879718195,0.2663468009528243,0.3302170911604923,1.0294391726414325,0.5318815261491997,0.0029942729296575854
13,0.43887531655802753,0.24551470671558898,0.3606932364740325,0.10130012554091528,0.5096211248199142,0.6409592229557082,0.196601794996515,0.007105721330139055
14,0.3976238016549992,0.021127470658814172,0.4693340916254029,0.4244603358940508,0.05204832081345638,1.0491513790098623,0.8313439733664209,0.05727509961347309
15,0.33154389532504036,0.2941427358017472,0.3336577350466766,0.03408389906719521,0.3258156522825749,0.3735317310711748,0.06090725705643272,0.0006124857563695761
16,0.27524373716004996,0.22163567438785586,0.2232135142030695,0.029959143415775404,0.28961271660734783,0.36732021026475603,0.05513098202028232,0.0020853360726108645
17,0.22105762024777942,0.17614045621421776,0.1756564949021035,0.4217827171402468,0.2358848747358081,0.2971969181566008,0.8303195553629044,0.0022294710684338274
18,0.19694028769697547,0.07459360315232416,0.17500898058266318,0.05102624368445879,0.2766990796634554,0.26203702460349954,0.15945702727081476,0.0016137862247552605
19,0.18669601059324095,0.0977110583414902,0.20539474507857544,0.06322378947234208,0.22293504475819118,0.22129068906017732,0.08551577807455665,1.2753428686849097e-05
20,0.16234430200422773,0.12021264637256292,0.12181573641150023,0.09980292290193185,0.13717878007746256,0.2706461265192527,0.2231204301666429,0.0019161109753610287
21,0.1416538902927018,0.06462401814409509,0.10477550729357706,0.02644394939108305,0.19987616493566984,0.19775527770164528,0.049540722136763055,0.0001575201169305777
22,0.13622739843077908,0.06477930773618489,0.09956887513510759,0.10413967803327204,0.1864895181316235,0.19447138644591316,0.23240369882379067,0.002803195173206352
23,0.1208242282708044,0.07195515079265036,0.07136254617100757,0.15638193610061246,0.14083319491587407,0.19950034530143115,0.24959138826435287,0.0009139214862877248
24,0.10503022381410919,0.06785847889083271,0.12369147681332432,0.06425949318626642,0.1120891848183068,0.11678976068155296,0.06228791750038477,0.0001727919932985589
25,0.09158469841413455,0.052584714274037304,0.08820865083224243,0.06601282302959273,0.08158482104484328,0.14422918349411035,0.0884218448640129,0.002049629030472339
26,0.08850213260515159,0.10031969015194621,0.061788906523485135,0.20400183677369668,0.08593747260534644,0.10622199797527701,0.2670896805641151,0.0003468391577622501
27,0.08243932656679363,0.05572520377361221,0.05242004693128021,0.09770781101334024,0.09913486462730613,0.12271894909516556,0.19322389291821615,0.0016300369465876024
28,0.0737467387929744,0.04097309786763038,0.06338960665490699,0.0642814310905261,0.10775389255525165,0.08308662411521177,0.19441925257946804,0.0009519109973714211
29,0.06515119197644971,0.0398446543274175,0.06346897894472762,0.039444715373479086,0.08780735986375592,0.06967483471875192,0.06232588441534153,0.001643309195861946
30,0.06360046952181171,0.03728072297041518,0.0650811018565475,0.08157997805459226,0.08070704741091217,0.07151951736932272,0.1499430039530363,0.0005223241998929772
31,0.05816562329657096,0.044246406200531586,0.04416484106561544,0.11180438189227378,0.07518403385047659,0.06923778560389994,0.16304332037347594,0.0008660168565259435
32,0.05307618290414615,0.03274620718546765,0.045030598881132096,0.05627977490941208,0.06891759749595291,0.06576597694712634,0.1253124175018641,0.0009243630393572324
33,0.04733520806226782,0.03201980316421172,0.042962694077226575,0.04957701398864894,0.054574677316156534,0.0599224707736188,0.06289896659585169,0.0005456767079286297
34,0.04567908556046038,0.020386588303845887,0.03160258928332872,0.01637790333948881,0.06393658925565526,0.06692453156067983,0.037485649446046286,0.0010738002623289652
35,0.043305952668271225,0.01999553752458032,0.026409365232346244,0.031697025531999046,0.061699690350301664,0.06524621448625993,0.06353333110794611,0.0002238176845932897
36,0.042868069740542816,0.020783600256797024,0.03553984027974242,0.020584048107704138,0.06619909304894027,0.049075458514523315,0.0418141533056304,0.0002061157800611443
37,0.040845933013294054,0.031032497684231636,0.034049786135477586,0.023248416876435946,0.04864220050856985,0.049779030653932195,0.04043344873797345,0.0009557375087239405
38,0.03804137723927748,0.030043227104775066,0.028180692758742677,0.008002360441623245,0.04568213324190159,0.04837101437774444,0.018193742353231263,0.0015188744150528087
39,0.03635071151970279,0.026986162737036225,0.027267999603725328,0.02121876447899913,0.03767386445721296,0.053581419270085875,0.032544237953980114,0.0023020016238567043
40,0.033363056880997284,0.014287851355166574,0.03121977622907563,0.034537440731592504,0.04784957776535857,0.04019286108591662,0.05507507482308962,0.0028577861036283682
41,0.029806151581970128,0.02086898757197068,0.02865199920631913,0.04036945685789269,0.02855403417565145,0.04123699336975613,0.022801612696184415,0.004824873133978473
42,0.029144007770837563,0.016775170880273436,0.03038306109480735,0.03780813590659057,0.03390442822728904,0.035598837271868196,0.03420010934984248,0.00024669809723526986
43,0.026678043060689667,0.012651373044165882,0.024836712279981885,0.01692324165179708,0.03863307894748585,0.03066924271129758,0.024957537857512733,0.0007367581539788705
44,0.025627033457313278,0.006955541433880021,0.028144116400521557,0.028089800165912112,0.0322371170178178,0.035246511691768345,0.051146468154490164,0.002471153356149079
45,0.02497651684250071,0.01072723281704793,0.021095992994212272,0.013775058687170867,0.03490486045172439,0.03325122616182807,0.020392258202046886,0.0011798564089473549
46,0.024014353851365338,0.007448205111352119,0.02115658153695621,0.02119241281201178,0.03139168719986614,0.03613136486988142,0.03935784109736227,0.001777492958601391
47,0.023430312218711686,0.01007552333674508,0.018670516757312537,0.014517405255372708,0.033174585219835365,0.031869334217136294,0.023350880054297883,0.0026327913427568283
48,0.022329171096572023,0.01228908950882471,0.01714168901112464,0.01808753506237954,0.03182778553306663,0.028123601584610206,0.025000314108852926,0.0013635168043415274
49,0.021901728936590436,0.011108929070103248,0.018072667071826254,0.021474876150828905,0.028567235153858297,0.029922312285064024,0.035980214256477974,0.0002531651755155411
50,0.02157119288644324,0.011679490084268614,0.013592596961462589,0.01842763500690928,0.02934978857130623,0.03172615465543095,0.026420264044717517,0.009089768697107013
51,0.020983703484932514,0.010570300113419669,0.01715998866521189,0.020345196413257063,0.033507147301213305,0.022758913784777172,0.03393180156595132,0.001387297287650625
52,0.020554817748991122,0.018869049746972403,0.015368585177617085,0.030342197674681964,0.02161396668164384,0.026427947549592004,0.032001837255196605,0.001660081562510919
53,0.019744043346143603,0.009048656947652918,0.014327104402046865,0.008527661245432945,0.02792899629254988,0.02772931605018797,0.014484883321362734,0.001667136662061051
54,0.01897056683434874,0.010403621193495716,0.01671941349987864,0.017205503280008933,0.02460361155144369,0.02421125321871885,0.018292345992957804,0.0021124191048546184
55,0.018455907446796913,0.010001935104469633,0.015035502096534408,0.01296258116644325,0.02246844048881278,0.026371875051798294,0.021565646644074846,0.0001034966117257721
56,0.01757702636532096,0.0078054970878757,0.01450115327010401,0.011503973462458026,0.026270729714723027,0.02178227094861139,0.021503390516790136,0.0006596042112617788
57,0.01748691832876074,0.009749573462952065,0.012088972453236693,0.010761916577524244,0.02494910205360373,0.023211306590550342,0.019771366550636736,0.0019114834745061265
58,0.016754257025355688,0.011299598751668489,0.014398208817160746,0.011858721560352179,0.019578196733173202,0.021790156435538072,0.015690810935336964,0.003148043575177931
59,0.016379535531392295,0.0051669266532973004,0.014391691523785109,0.010123331741610807,0.021994459861850234,0.02401309799497728,0.02169511721091959,0.0015487864796966504
60,0.015197950586200937,0.007854431991977875,0.010923738590249754,0.012157630806767393,0.022794987535016926,0.019263213029787764,0.021991223662924695,0.003684355818606011
61,0.0148159693675239,0.007275194132778454,0.008576263389311717,0.007438821053862106,0.021361704196838287,0.022094164405815984,0.013562432823188832,0.00050482783393268
62,0.014723748185280012,0.005759900424116389,0.0098134946766831,0.006459761897275034,0.017404767244760793,0.02596000848280993,0.012695690990824637,0.002475218369994712
63,0.014482274801900006,0.007392559611237025,0.011720421336850192,0.008506750988634548,0.018348713076303563,0.020509875149413614,0.014642232012724568,0.0006101070387862566
64,0.014114673345593434,0.006981863366836311,0.007642980680889074,0.009781022210183512,0.024741608448176366,0.017133632883736673,0.01663663557696954,0.001118641325274247
65,0.013396345336933473,0.006514749930076215,0.011874619018303981,0.007206897636485541,0.017916029022859974,0.01731926885910525,0.011940634258216802,0.005293113158852492
66,0.013232554253788619,0.006834679692530594,0.00790306653209366,0.011145826458627333,0.021603857484316022,0.016627418321721318,0.020418334332988723,0.0017561722891024803
67,0.012842214652310478,0.006373423527670925,0.009901470960865862,0.008363071441897088,0.01816190748021722,0.016969717039881992,0.014460316756765323,0.000808934881850155
68,0.01226855986158853,0.006122192335987572,0.008331523064237114,0.004533972115274275,0.017008892172510642,0.017647609972222145,0.010290687444405948,0.00022975170534803073
69,0.011637783948323776,0.005422210027614167,0.009285141125911636,0.010883010722274253,0.016902148331623422,0.014975764679227697,0.013293134528628004,0.011796758631643759
70,0.011478170338040805,0.005539071370382193,0.00834750508740026,0.006797837403467303,0.017243515634112055,0.014816249705328202,0.010225945478982697,0.001087882986880457
71,0.011252672823825593,0.006076382651047568,0.007353119027467601,0.007569466806675516,0.01495720557366314,0.016656983164322882,0.012598261216712045,0.0012372695953328286
72,0.011144007325085702,0.0056442912830877035,0.00901090929708252,0.006380657593112454,0.01528789283452492,0.014665616289760774,0.012607258710138288,0.001514799454674412
73,0.010825203315956511,0.005583379760682569,0.00799435784683026,0.00700743760227796,0.01543287238664095,0.014321948749481608,0.013245099709356724,0.0044805885207784635
74,0.01057446844041992,0.007522057298341591,0.007279768560400333,0.007913978251263788,0.012360253723106535,0.015166804322501469,0.009324917126211167,0.0029319424177257137
75,0.010424012815225966,0.004801989118700159,0.009892686491200809,0.0063900862673071665,0.01171856782888573,0.015313376768219394,0.014063890342570216,0.0018395558470218323
76,0.010244397809764444,0.008049395545330473,0.009320829018353453,0.01467395886545448,0.012039406269110554,0.011598002650565088,0.01564419682706257,0.005459270984833328
77,0.009917614901611388,0.004391788165558284,0.007647314749459756,0.004443648975484728,0.012211728066152651,0.015448712577088361,0.007250377815735435,0.0010602400920941097
78,0.009673323023325204,0.004024387957150205,0.006657106740477635,0.00597653400184487,0.01562812957554861,0.012412035371084502,0.011270251099717327,0.005159164854327582
79,0.009404382324317583,0.005133991230216866,0.00686034430005934,0.00533532477471828,0.01255913219615075,0.013091640476236998,0.009467298034155854,0.0011062956543785268
80,0.009203765068922145,0.0033956246093199685,0.007128191455113077,0.005407353821040657,0.012492130480590712,0.013826104272981492,0.008867292102505349,0.0038640992682851113
81,0.008983361119615453,0.0034281372470490986,0.0071330475432481765,0.00515086181823395,0.011280052772329205,0.01411855092377176,0.008179827857191442,0.002610164593326205
82,0.008814324564364666,0.004204354712125889,0.004877152640549134,0.004778386033367881,0.01321047492256264,0.012991164543665593,0.006996159959584756,0.0009340405204539881
83,0.008460507504664459,0.003962808036116529,0.005074472029793988,0.004910420755253762,0.011748251914702551,0.013081308937158807,0.00788792415079882,0.0007821510148145937
84,0.008252180137908127,0.006058079244832575,0.006835317454947581,0.005465542051074954,0.009824279688425879,0.010315244088066894,0.00795980108763003,0.00029273932408398467
85,0.008022540645611594,0.004498540559631872,0.005524349700316553,0.002998618376848826,0.009913619232831525,0.01217717968894628,0.0044274309836171135,0.0052394166456678935
86,0.007915572638898468,0.005274562286886479,0.006745372289336133,0.006869855287072071,0.00923027138148169,0.010435297509099982,0.008121335998038654,0.001111255976096159
87,0.007778073638743421,0.004168047126586782,0.006909282340578261,0.005016794558813012,0.009681081547441333,0.010376693166235263,0.007033871863442143,0.0009598843407208491
88,0.00759267462125154,0.0040719797511891654,0.005388124024563794,0.00521940612926318,0.009847516133893367,0.011085344450872682,0.00947527024206229,0.003489637662051851
89,0.007439052800189829,0.004065016663664439,0.005654174445037459,0.0037185765997116618,0.009461358838722551,0.010597476648963457,0.007617210538516196,0.0022380703495422363
90,0.007301525093557113,0.003933242384796774,0.005302572888916568,0.003945950652091206,0.009150371841251845,0.010841325401520614,0.007463842009302414,0.0022605976997530403
91,0.007214263304629242,0.004189156650526998,0.00516700003321748,0.002625352887097217,0.009099319144623396,0.010422733622261773,0.0054124167981199145,0.0032934623407721237
92,0.007109696080607201,0.003898949367722625,0.005376508584924596,0.003888363814244338,0.008147507430056015,0.011036668511121882,0.008760467831984121,0.0030783143756795864
93,0.0070399022166192805,0.0029408629890040074,0.005981294013191314,0.003714776146888904,0.010039880183786765,0.00921821655502076,0.005611149258395765,0.002130332997641437
94,0.006849851528157383,0.004421387193322259,0.007101440204553203,0.004426554429143144,0.007351756808527238,0.008544909482383066,0.006280984325705449,6.772409393450032e-05
95,0.006769739616103855,0.0031132848133582744,0.0051406995354429386,0.004372145129450103,0.008535313568086596,0.010309513175528631,0.008460411978549876,0.0005787594238463169
96,0.00656762692377778,0.0038895391370395156,0.004927847158760089,0.0029716292867218346,0.008674542033277596,0.008797839230359596,0.006427112570185123,0.000651325970821121
97,0.006524615482628952,0.003311689200406033,0.005060741038751229,0.004065188714186678,0.008294008333978328,0.009451157083015698,0.006493795266949911,0.004647600884613285
98,0.006327506851569862,0.003143793710636212,0.005364347798633518,0.0028538356611878734,0.007863334200990337,0.008957107455826804,0.005822935574427394,0.00115033906038458
99,0.006201472106715146,0.002932064534129554,0.004687204724777809,0.003934295654089596,0.007963229971121071,0.009241575408685771,0.005611525806013874,0.0077832169716754
100,0.006176098613587229,0.0032952637689106124,0.004944001020300838,0.004491956376455631,0.007763772842071549,0.00871946849995876,0.005823906940674338,2.6613779018913746e-05
101,0.006102650656591957,0.0035551051579303617,0.0045822180091852314,0.0020958402664751304,0.0074319188911255,0.008859256934479424,0.0037230583310257346,0.001940960643828671
102,0.005865147631524621,0.0032383148043559564,0.005042913983420611,0.0034940198436618753,0.006564806598989106,0.008631754949986336,0.004579711534579587,0.004214792905886695
103,0.005784859504479171,0.0032251430248287803,0.004200882439483137,0.002982507403450942,0.007186627071550912,0.008543749883549213,0.004414769185045639,0.0002849248952244208
104,0.005768663362788868,0.002996418410490003,0.004671331697723942,0.0038368704651438996,0.007179511776743255,0.008244308509957258,0.005377272538317997,0.0031120232642758245
105,0.005625410008306629,0.002841234276371037,0.00469646194984927,0.003296093113539418,0.005542335290043011,0.00943810539070873,0.005657165685895066,0.0007152197897141266
106,0.005527321013637273,0.0031958906471389777,0.004287852265972204,0.0026381136450749016,0.0065545920587463885,0.008087158242713237,0.00502820213284902,0.00018424303438585636
107,0.005351426689823455,0.0034439243541633,0.004042239887305031,0.0031848178355864975,0.006635224605586503,0.0073000112640457466,0.003982969221714989,1.5147728426213703e-05
108,0.0052563186834343745,0.0027298273659564333,0.003348479455375736,0.0032850579009890872,0.006583582606710398,0.008378799670853298,0.005600503710087788,0.001513688934309094
109,0.0052288112606677884,0.002748708912405696,0.0035694317444467136,0.0033725266434435274,0.006824883948336175,0.0077875541556376455,0.005233916684756157,0.0019339411411183763
110,0.00508936138787757,0.002693661431484792,0.003947880426564267,0.0026348266755422244,0.00663982307616042,0.007091005447659574,0.003978917147033544,0.0001457478409177613
111,0.005029844177096762,0.0018913838545231553,0.003944353622252646,0.0023925622800185396,0.006211984600940436,0.008086404939915958,0.003970547108984976,0.0005082316625050097
112,0.004961427418553682,0.002283536453510378,0.004338058092217341,0.003643535231780413,0.005997430232208199,0.007241234555589376,0.005514126910091412,0.004744349881457143
113,0.0049206151185518625,0.002375123652304495,0.0039609713460763765,0.002926089845059131,0.006196988764395172,0.007163806662632971,0.00518650926721714,0.00031995798418918344
114,0.00474279063041621,0.002436541871831183,0.004185974447306474,0.004250636398637046,0.006121005455641231,0.006241549210862481,0.005079690590659692,0.0020090626328225806
115,0.0046660316628315416,0.0027794057746059098,0.0038587864910660822,0.002799657718045908,0.005386630018350458,0.006652987732801182,0.004611865662695203,0.0005234479462428338
116,0.0046091834283895974,0.001965357050564445,0.0029662258537009674,0.002280908899880822,0.005411041102554154,0.00810762634904891,0.004622459780814742,0.01591715076807743
117,0.004569511060103826,0.0022961041247051123,0.0035730057193103988,0.003739025036466946,0.005130749063725642,0.007291585660612013,0.00402495464732415,0.00356283710522398
118,0.0045090937071802836,0.002680679030241363,0.003278533253744281,0.0014243414149464494,0.0056474490403566995,0.006442936679442653,0.00243078532008714,0.000238643294972171
119,0.004437881206864532,0.0019427053243588662,0.003369326397645205,0.0025112619221515156,0.005290949146555598,0.007161558255711686,0.0041994140268518665,0.0009616033127457193
120,0.004369362288825532,0.002220755274797277,0.003374659134112307,0.002944633304088395,0.005234248705303253,0.006660599383563025,0.005039379810636615,0.005425132325301429
121,0.004310839975966409,0.0027580381488110073,0.003028080384801219,0.0033557410300017695,0.005652957602010965,0.005816925549543614,0.004612833621154532,0.002295474306123009
122,0.004269820526170649,0.002263239309454444,0.004238532016376282,0.0024379467985355487,0.004278417351000995,0.006311614845387832,0.004334820468957877,0.0017144745985021408
123,0.004149029364498482,0.0021930904749954865,0.0029946746366579695,0.0024262204444886744,0.004871643532983967,0.006548876059841374,0.003668669653073811,0.0025915637708294305
124,0.004124757576697547,0.0024735412391511343,0.0033294495158584865,0.002294951437993459,0.0050817357490342135,0.005626399870650673,0.004104517893481946,0.003368939809451691
125,0.004094414683921652,0.002672083581953158,0.00302185637783543,0.0022494636743881275,0.004930032707074951,0.0057656931745399265,0.0032415126922023694,0.0006128002781415338
126,0.0040487026369198905,0.0018877488294462023,0.0030282587357665525,0.001998424364993778,0.004779049141512577,0.006511626871511948,0.0039516908013563085,0.0038565502269403465
127,0.003907137198095097,0.0020424217144368447,0.0031687529000537454,0.002498577346363529,0.0051675372117848265,0.005261294855600035,0.0026541140682613245,0.002173094678280983
128,0.0038844364104902865,0.0019424736489805576,0.0031997206853275765,0.0016852775482253726,0.004445319074831141,0.00596162352338397,0.003899984697129115,0.006866711156493367
129,0.0038185925231845655,0.0018373276665831198,0.002752080970491307,0.0018546911930175682,0.004956476108773567,0.005739683556454099,0.0031832180266255614,0.0014035745373560111
130,0.0037797851185162002,0.001758271785429435,0.002644611520594574,0.001934101495888105,0.004622500985487399,0.006104840625532138,0.0030156606027331822,0.0017135976298168166
131,0.003707175733379044,0.001964910999889695,0.003012392226964593,0.0020314826623519197,0.003793091987079142,0.006069179156619859,0.0033613881724107522,0.0009067839634041318
132,0.003662627720897887,0.0018876119207339975,0.0032127629928607143,0.0022663537038404694,0.003789061921599491,0.005771814888605064,0.0031426469924517473,0.0018301557025145734
133,0.00360744406980396,0.0018929335238759195,0.0025756875258945134,0.0017498396294316184,0.003936369766217007,0.006035364452424466,0.003064149824915773,0.002869584473618146
134,0.0035307762616754693,0.0022618813211794245,0.002759374180207115,0.0016777651123760094,0.004046031860539179,0.005066171882985299,0.003584619111851294,0.0018086885723644906
135,0.003516816761271833,0.0017397644749842284,0.002932890585780941,0.002589743102382998,0.004063178451479225,0.005341746775222752,0.0038633500938758183,0.0038202277517850347
136,0.0034665977137461035,0.0019264898960798145,0.002835051944028134,0.0026950338417346055,0.003847982236634285,0.0052670327321281026,0.003268584916485086,0.0003200020579673695
137,0.0034222660162801463,0.0019248608076402826,0.0025197431200930645,0.002234748656396643,0.00418180656258965,0.005072689520854161,0.003406809562743683,0.0024900059195997653
138,0.003371339290880489,0.002062238176206193,0.0024546147694128155,0.0020384265384890896,0.004167330692486295,0.004811060140124032,0.002938248609021196,0.0047072880455860215
139,0.0033440077128730804,0.0016700578327763867,0.00271198881835915,0.0018745685604825842,0.0038077703932875868,0.005196020247883181,0.0028959376171477126,0.0017153596150693861
140,0.0033078001375778272,0.0020241906437844,0.002831179339586108,0.002057205950218235,0.0036643214639613428,0.004721209383223689,0.003601973843827687,0.0011478924695908033
141,0.00325348602324604,0.0016011050142862632,0.002547698989267095,0.001561123717944748,0.003980027677462522,0.0048946533974515705,0.0034400026987808172,0.009705212374676468
142,0.0032163803714843468,0.002029964470003639,0.0024384369816398323,0.0020816156766852714,0.0040267980496231206,0.004379754216450395,0.0028346724419176825,0.0024368622965728237
143,0.0031789742719557632,0.0019700915948713295,0.0024640222698784913,0.001554026609174044,0.003546443737515731,0.004744661995583038,0.002773890825553185,0.0018191683880897265
144,0.003161440092370427,0.0016593367297695278,0.0024227695900545104,0.0014882722534823362,0.003908412789512678,0.004664512369780122,0.002950701357002386,0.0003544659150584379
145,0.003109661578236188,0.0016092144796234333,0.002275374230007355,0.001475516558355082,0.004342138318137025,0.004221038542711141,0.002744768925235734,0.0031792593612259556
146,0.0030556724777336046,0.001721786482241974,0.002169841346043025,0.0014395145426033887,0.0034726841974988655,0.004867338782135895,0.0031250779195989412,0.0011576922665572234
147,0.0030211278478423672,0.0016786517275339653,0.0020455952168937463,0.0016510273355758347,0.00396084999244425,0.004408274079516048,0.0026764016730111725,0.006416962070684336
148,0.0029848577520247225,0.0016184224207058256,0.002255749961527086,0.0012336953590329513,0.0038102316215152896,0.004263780262792277,0.0024128215128591778,9.299795066923508e-05
149,0.002942367706809327,0.0017921422095650218,0.0023475422457259537,0.001369009828386032,0.0034624328745095443,0.00417598214815246,0.0023065894040957386,0.00012993102086330502
150,0.002911505081030107,0.0014903777862025525,0.002030434932077798,0.0010872580591195689,0.004042825890732685,0.0040909198469948355,0.0018452914272466922,0.0005703178590842249
151,0.0028797743004562114,0.001561865314898512,0.0025002198770697494,0.0017742151448585704,0.003005186487568932,0.004460270581602153,0.002931917890067793,0.006461544886666575
152,0.002850888102776173,0.0014375511607398659,0.001771292887938199,0.0010920187089159454,0.00366412030750941,0.004538948427596494,0.002433127728252484,0.000185760651994163
153,0.002820552485184028,0.0014778603494807509,0.0020383330237275605,0.0018930770157802568,0.0035222101006600437,0.00425207788293107,0.003182471974330019,0.0003592991383846786
154,0.0028055364569608285,0.0016377480301876016,0.0022412846591474073,0.0013294945325225368,0.003469300525124069,0.0038820399905463887,0.002009268848359116,0.0068455007048931985
155,0.0027693971158483013,0.0014723400866671408,0.00210691454157767,0.0010941885372231137,0.003638211427667543,0.003868243799567574,0.0023399260252636935,0.005880215025756748
156,0.002748513884402014,0.0015658218703614912,0.0020971534631485174,0.0014076221284998734,0.003319051727971707,0.004020088608813539,0.002446766076315877,0.0013497534711834546
157,0.0027115558455120116,0.0016316482149663788,0.0021595300037956953,0.0017565464506581524,0.003291844735650664,0.0037711522057380016,0.002147154362787244,0.005661728229567575
158,0.002675375938542178,0.0012039113653459963,0.002215956199636123,0.0017921048801831888,0.00344493301423215,0.003844548851901573,0.003415990471589215,0.0043272973969222086
159,0.0026407888307358996,0.0014142134390363744,0.0019634139499568612,0.0014811518066812387,0.003363312557398814,0.003829959643262098,0.002543888912025234,0.008965775317077148
160,0.0025934577049491763,0.0015068812068800388,0.0017535435471117795,0.0013283034249787684,0.00330384585584891,0.0038171656584376637,0.002053186924283633,0.004200797237987436
161,0.0025613327057615793,0.0011037316501907395,0.0018990822407735789,0.001109730486855288,0.0032737817274868532,0.003976246461725711,0.0019730859846714783,0.0006358009624761181
162,0.0025508995147172082,0.001440518296942848,0.0020078198694402044,0.0012666181849802683,0.0031496406501021748,0.003613099864215702,0.002546896574916929,0.00015479682961716656
163,0.0025337121990114107,0.0015570533026330454,0.0019739807264708103,0.0016832742388367028,0.003028633470450912,0.0035826115372860974,0.0026339313540108254,0.00018021788738904176
164,0.0024796072080194003,0.0011080933545968734,0.0019797386687113124,0.0016310931739841326,0.0028968507636288857,0.003941017621388512,0.002749464162453103,0.008759550629188014
165,0.0024714930969468064,0.001316479960756173,0.0019725522681161645,0.0016139126022703062,0.003086444855921977,0.0035177430785623917,0.002428442817979687,0.00025868684576318485
166,0.0024606289325270745,0.0015060172884154971,0.0019435582666216956,0.0012201299188456035,0.0029481749359315775,0.0034519811344775214,0.00188698149419405,0.01709679021397953
167,0.002438706947030035,0.0013601466796843347,0.0020009343450567807,0.0015602037569931644,0.0026750085453270582,0.003725889840481156,0.002436866262756373,0.001691165465842446
168,0.0023959096170411117,0.001439902476608334,0.0017387568192704607,0.0014519180771532234,0.002830741081730006,0.0035812641854733995,0.0020708929194359193,0.002376151708494871
169,0.0023824649097883804,0.001421639593767786,0.0019451824887284834,0.0008574242570516656,0.0026461225083376696,0.00352390175104228,0.0016556171936647922,0.0059391350342722915
170,0.0023467211001331045,0.0013059288571780475,0.002096298406436439,0.0013040771592392132,0.00268704768890325,0.003304491341562866,0.0020400976799250193,0.0013076624267116034
171,0.0023410025634689234,0.0014376373930427685,0.0019048031860129677,0.0010989806194793591,0.002672295579148491,0.0033561392162981844,0.0021310910777123256,0.007611532045606214
172,0.002323028926316126,0.001265045533374294,0.001548278598120532,0.0009139989898668252,0.002954149994865548,0.0035314539643051734,0.002072232832800167,0.0034857275494381466
173,0.00230245245197557,0.0011887733232244283,0.0019992434392584017,0.0013357594453481754,0.0025942715141471194,0.0034342735949233023,0.002000277276708644,0.0014558896515341016
174,0.002277720737645045,0.0010732553271737204,0.0017855111081563721,0.0014248886086810448,0.0027055575742642173,0.0035532384533879715,0.002576052312912803,0.0015227972008554813
175,0.002248962155155941,0.0012018863108908418,0.001743424774176548,0.0016357746574575428,0.0025000194934604097,0.0035571132527184722,0.0022303909727969837,0.004827614520891888
176,0.002235267578871666,0.0012011970060399604,0.0016679822228564372,0.0010728920871577125,0.002793892753940688,0.0032845533704766497,0.0016894862851950343,0.001900046289657949
177,0.0021994250579930362,0.001161638300180265,0.0017946974615015,0.0009588225892536855,0.002690913838197491,0.0031569005365761813,0.002325397319884484,0.0008811606735896642
178,0.002171771618151927,0.001201924045214514,0.0017529165542071782,0.0015318140362727253,0.0026493958871201665,0.0030892188253535072,0.002481991770982396,0.0008000158102081151
179,0.0021383571817218815,0.0012602268961604622,0.0018589992050971086,0.001342013816925851,0.002286533030415768,0.003153940417404012,0.002295949502980376,0.0018002108148888769
180,0.0021183724536657554,0.0011043340032349603,0.0015313783931874443,0.0010109936424539585,0.002680484141430977,0.003163505523836208,0.0019397375030830437,0.0033585498145348863
181,0.002104551680412094,0.0012298580866078887,0.001556130874573658,0.0008964364381732163,0.0025718761677963214,0.0030665132886856412,0.001833417001221744,0.0030326974566078965
182,0.0020858388384334355,0.001348925830502378,0.001655464071195474,0.00109762058551191,0.002409058328088822,0.002936023958193274,0.001960470687344251,0.0007958618650910651
183,0.0020812846667961535,0.0011256947417118057,0.0015685134603520081,0.0011614527660483462,0.0026032321883473998,0.0030338017492870756,0.002193079952325027,0.006482045105250365
184,0.002051541475825124,0.001337527538115271,0.001691901098226671,0.0018906348813863215,0.0024642056204970506,0.0027185479004313354,0.001862277629979212,0.007802663460521851
185,0.002022903691000574,0.0011419391693011358,0.0013969778268695732,0.0007861719290016588,0.002491843558422113,0.003066786473079927,0.0013751336347575937,5.880747023578784e-06
186,0.0020120536289382966,0.0010846958293715735,0.0014013020672524776,0.0008653932766988206,0.002641299144738169,0.0029268179124857883,0.0018057481234900147,0.008164314243235627
187,0.0020070584084549577,0.00122720701451525,0.0014718662742468898,0.000915595975680126,0.002394701523597367,0.002940344616717615,0.0014322613236774247,0.0030576346841969205
188,0.001972580109603004,0.0012432161922821228,0.0014328630393520495,0.0009761321808967134,0.002196851410370156,0.0030231745041884336,0.0017545591396554683,0.0013618532522496742
189,0.0019576770200416932,0.0009461348908414228,0.0015229780847392995,0.001124407938640952,0.0024063619600852826,0.002960974118600283,0.0020926542198831414,0.0019428867915926192
190,0.0019472143693383286,0.0013028813674733407,0.0016617149009910393,0.0009381608693053502,0.00211262467884964,0.0027173468421925148,0.0018539294006438309,0.0007764070026529559
191,0.001923250089406464,0.0011768175705508743,0.0014118773001228478,0.0013274996721233557,0.0023482626457920395,0.0027616828436525863,0.002003536681617177,0.0015133946595739228
192,0.001915632006659974,0.001148330273859323,0.0014067912249188517,0.0009658463545629947,0.0024466280813372557,0.0026663961454647792,0.0015134447984428174,0.0028990813011305675
193,0.0018775428735604658,0.0009997066192655888,0.0014539726958849287,0.0012016003603116815,0.002212825734073285,0.002849172445156075,0.0020006920197468132,0.0006990232938302225
194,0.0018643002971574093,0.0010571142928545046,0.001456581342045755,0.0010211310140365594,0.002225337583658674,0.002723635133423789,0.0017338220513484705,0.003564389888921872
195,0.0018504187875139314,0.0010053649482981237,0.0013422999214573285,0.0007759612162499369,0.0022755893518335867,0.002783847382283489,0.0013127755228154168,0.005718832295921219
196,0.001835217412802714,0.001057078645403461,0.00132691914806662,0.0009491169838350518,0.0021808694531290683,0.0027813842712850223,0.001984232800232399,0.0031018052906286306
197,0.0018223520057800017,0.001061097006622716,0.0014082797869738146,0.0008234923593935186,0.0020940225363919075,0.002731352834262337,0.0014847592557635978,0.007207401035783056
198,0.0018132596483552018,0.0009318391590823152,0.0012985870520547654,0.0008825759868241343,0.002213603379093667,0.0028143264773466425,0.0020648180447224874,0.0029258588610301395
199,0.0017918693057962457,0.0010508819889478772,0.001523705234886734,0.0010006168297031323,0.001973265244217539,0.0026248794899707537,0.001854639528270947,0.001368969651723566
200,0.0017652458123348434,0.0010466525424212227,0.0013745077042530143,0.0008446101049884628,0.00189864712101611,0.002746352546509395,0.0014060387998204543,0.0001075498410481463
201,0.001757976032437791,0.0008360398866124559,0.0013595222910823528,0.0012114744528201942,0.0021663805018321985,0.0026751168074863494,0.002032027692709482,0.009498105116768229
202,0.0017322871916103796,0.001055160474002259,0.0012512604851111784,0.0006234610232372794,0.0022502985350299105,0.0023775092883339607,0.0010116196283020396,0.0021487866533022636
203,0.0017232094180579095,0.0010747346721223208,0.0013516111938430002,0.0007308417083526415,0.0019503106241880077,0.002521234584116557,0.0012184504697036285,0.001016570549422446
204,0.0017124414633765581,0.0008763639207561337,0.0013089457957136412,0.0008646156746768559,0.002082649455734887,0.002586828500178458,0.001455986078739131,0.001954439261973734
205,0.0016913844221847218,0.0009310435937404635,0.0011726631561038861,0.0008224243561258156,0.0021084988654513524,0.002558292152604578,0.0014019918458018684,0.00019944776633144844
206,0.0016782681898795115,0.000998173885243227,0.001264660439823959,0.0007292453056749819,0.0020334477246377386,0.002421712316859959,0.0011787569978545791,0.0027897218084366655
207,0.0016748591393027168,0.001073047282151352,0.0014499791125002425,0.0008436451347050867,0.0018313514203495585,0.002349970338088619,0.0016219200696978857,0.005018631708615883
208,0.0016577484897319168,0.001000169758132091,0.0012426364835937743,0.0007924925385525403,0.001987534784384508,0.0024055143655888856,0.0017508061523900634,0.0013610918690924651
209,0.0016450006611984202,0.0009273722796767032,0.0011433388249083333,0.0008620347234974282,0.0019520365894239089,0.0025620790141920517,0.0016801258998384318,0.0063583036768510735
210,0.001635827523236408,0.0009845613723245502,0.0011881324536940133,0.0006751633636354506,0.0020316650003840728,0.0023437484126261027,0.001199401239238318,0.0003174592362229622
211,0.0016234379153919356,0.0009830048860592845,0.0012592219900534152,0.0007156802640189534,0.0019717053476216444,0.0022845802598061033,0.001168764782134574,0.005966968078787824
212,0.0016053305773136477,0.0008782647945916812,0.001094411798096915,0.0007597126493202841,0.0019719253566830705,0.0024814280855254894,0.0014992885444527848,0.0004003348498537946
213,0.0016007636443210681,0.0010327540883675497,0.0012971776708001622,0.0009476652706095484,0.0019799502761114413,0.0020978668721586095,0.0014754502077910722,0.0006523040471976254
214,0.001574231107023417,0.0008200075198805298,0.0011934586831268473,0.0007500097145503575,0.0019350756272553244,0.0023529990995937275,0.001468106833162188,5.8145521341758805e-05
215,0.0015647781298572555,0.0009594371590200642,0.0011565421912515738,0.0007840578767647032,0.0019254914710420507,0.0022222304941583145,0.001650014641100081,0.0002901935544112135
216,0.001546919296802081,0.0008109928623713095,0.0014843739586549466,0.0008682003266884186,0.0016203785883405256,0.002276468211891149,0.0017007990169680262,0.0054370072259773495
217,0.0015343600898169172,0.0008870151354057571,0.001244766617852173,0.0008078998914736688,0.0017575304919141813,0.0022526277039016263,0.0013971628669677155,0.009726412362094152
218,0.001515908544943491,0.000890411013721698,0.0012349045967034312,0.0006935414049637197,0.0018125264701173065,0.0021302375839406386,0.0010922313034317718,0.0014960633249510966
219,0.0015059521931733673,0.0007049426906542824,0.0010143053176113115,0.0006676991175615282,0.001961742645702787,0.002347234397774761,0.0011188632605849853,0.000480745135393907
220,0.0014960472299434227,0.0008273928644260298,0.0011667670317463358,0.0005934273375053327,0.001857872496620691,0.002136543763700943,0.0012300670963095704,0.0023176747915146247
221,0.0014826559079782217,0.0009546615724450105,0.0011228465492822857,0.0007892747263108524,0.0016843351604154907,0.002173128326280334,0.0015442931532053973,0.0004804450892411925
222,0.001476379116377427,0.000944160397745635,0.0011867733833789583,0.000747338495032266,0.001599955812116629,0.0021789564389241563,0.0013463189099236288,0.0009769087768122103
223,0.00146557579274802,0.000796551501219921,0.0011558634015263983,0.0009286699272908526,0.001640969011108602,0.0022732171361715087,0.0020012686920107365,0.0018059867915079463
224,0.001460991783802129,0.0008108452304056317,0.0010734721899907716,0.0007704178609542263,0.0017414734849259734,0.0022224606557292807,0.0013998493721532582,0.001433348001740816
225,0.001444892697017124,0.0008595063977734276,0.0011530215066503818,0.0006455968462274853,0.0017447018214302341,0.002026578274104691,0.0013768778423706,0.0012028238932327959
226,0.0014373668870490926,0.000958946192791143,0.0011113050860414066,0.0008793389294805306,0.0017480570941690945,0.0019353743268570789,0.0012314407997375766,0.0018803548831063978
227,0.0014316831709285751,0.000788240135718355,0.0011135401024054557,0.000727654950390871,0.0017774088740182277,0.0020517420440619065,0.0013233899905977665,0.0005789799989806563
228,0.0014274503599753159,0.0009646821428144955,0.0010588911877570989,0.0005052856052198813,0.0016886091569184283,0.002001805024543669,0.0009405409052250592,0.0013682001099413353
229,0.0014068778033778423,0.0008137840410099102,0.0011172487180566523,0.0007395812521577418,0.0016150855648003688,0.0020855186237764022,0.0015429589645202405,0.004036681064745058
230,0.001389658269341577,0.0006708360165589171,0.001016123135583254,0.000757765577676254,0.0019038297900883358,0.0019719193858082035,0.0011979170659989998,0.0038762192263234554
231,0.0013879583690422496,0.0007288350315698399,0.0011374891575095568,0.0009404489537485907,0.0016458297653719266,0.0020437497670896076,0.001420295870876055,0.001387006600549225
232,0.0013701607904453852,0.0008303909061258883,0.0010378887181893266,0.0006870837681963721,0.0016305025413877858,0.0019858790518485587,0.0014566922548419877,0.003544166464289468
233,0.00135750428086567,0.0006664918120426593,0.001055086273881114,0.0007765943213410797,0.0015909231425629744,0.0021214968510206798,0.0014971864737465847,0.0025772873712128458
234,0.001343678208393936,0.000743909222827344,0.0011613623404614117,0.0008186319718135409,0.0014979838277724398,0.001975397843683654,0.001294822167803422,0.0038682475953415864
235,0.0013251807517516852,0.0007913799187451275,0.0010982170106257712,0.0008418275545398892,0.0015297678766866554,0.0018852443502352905,0.0014126684151866023,0.016910153924840972
236,0.0013190965286700926,0.0008056030075086147,0.0010091378127616614,0.0006947932341706288,0.001589771398169381,0.0018757422123181521,0.0012438067158686728,0.002855986106999768
237,0.0013127277692364062,0.0008369414421765836,0.001004355043730735,0.0006683873390134609,0.0015190569210059143,0.0018944073206582277,0.0012537401025985069,0.004122444979175128
238,0.0013058723723026165,0.000787015097202112,0.00103166790760859,0.0006009441534870845,0.0015350228730775918,0.0018736131573225952,0.0011881507248406122,0.0010752683682763652
239,0.0012959129929445655,0.0007901018599981081,0.000967193435819564,0.0006209706398595839,0.001672455132911916,0.0017577018808387873,0.0008844303485409174,0.00426884276989516
240,0.0012824699104595045,0.0006081941933316595,0.0009493232944711552,0.000572804405490383,0.0015228203403632816,0.0020533027204682978,0.0012870723154832931,0.002221870751251492
241,0.001279714149882447,0.0007983019859263611,0.0010189930409970364,0.0006232408739587996,0.001481807382523462,0.001823507016961613,0.0010258936639207421,0.0037552976555374155
242,0.0012738478869948938,0.0006747275982490822,0.0009668416142599897,0.0005732107849307348,0.0016151886629637757,0.0018423692891581863,0.0012795621008749544,0.0034919174506820843
243,0.0012654012182825418,0.0007621736991770325,0.0009739844840787453,0.0007504183717042426,0.0015345620949691807,0.0017945954436093532,0.0010910710035870075,0.0002483767283644938
244,0.0012557255040172223,0.0008144843042113732,0.0009161926398262979,0.0006147676426512073,0.0015102799872333138,0.001785627548209104,0.001164990901920725,0.0007866925695319596
245,0.0012540306446498736,0.0007202780219967925,0.0010042010036607316,0.0006711372783808319,0.001491037644648091,0.00180428341981994,0.0011759443682870965,0.001104999213305438
246,0.0012508938746474154,0.0006511378290294747,0.0009553893329374726,0.0006288097580849025,0.001483828076683096,0.0019168885681330164,0.001306772958069123,0.0027019311980308373
247,0.0012359204097140257,0.0008225886364642165,0.00091846808819376,0.0006233167145906891,0.0015143560027610374,0.0016918932990157708,0.0008608087330915365,0.00040923210030983866
248,0.001225860452417168,0.0007445708642517348,0.0009447054280266531,0.0007375196929715459,0.0014995599905441043,0.0017182004270406136,0.001193616790647495,0.005180099612290535
249,0.0012147533346875078,0.0006852700713210974,0.0008652039056944646,0.000438373838894644,0.001634708896069998,0.0016773927950413108,0.0008964123368011957,0.0007994875717088102
250,0.0012042994268109727,0.0005977126953512461,0.0009546935738490036,0.0006013146964025695,0.0012981702402891345,0.001970152881516984,0.001310781772188835,0.0036010050597674284
251,0.0012008890451497985,0.0007188960236294556,0.0009864233222924308,0.0007368685950881887,0.0013262926641594125,0.001775465824460123,0.0012013675875758706,0.001995097987095223
252,0.0011902646983440674,0.0006927762258997336,0.0009815062024874164,0.0005549335444305558,0.0014690461176850448,0.0016212207627972306,0.0011024840763711775,0.00015990442958007514
253,0.0011786596739741517,0.0007804532378090808,0.0009088247860523154,0.0006179254203145906,0.0014343562092199637,0.001594460943156186,0.0010407364931786377,0.000592711639001466
254,0.0011652942252476663,0.0005934542020685282,0.0008597999531536812,0.0005741380184610624,0.001454535592626392,0.0017568044410577789,0.001157950304846355,0.00026315746361539274
255,0.0011615728753269219,0.0007571580280749423,0.0008873172996495334,0.0006261356159931979,0.001388334417520815,0.0016168881347893053,0.0012767488059254755,0.003029343747198087
256,0.0011536838333552086,0.000583500560746436,0.0008823402748295775,0.0005198789032135699,0.0014142618363924186,0.0017380159019674195,0.0010664255788907214,0.00017130012368399581
257,0.00114261038365126,0.0006972702393208392,0.0009490609924712807,0.0004915601303268829,0.0013650343029710447,0.001562426762496524,0.001118790366164476,0.0008551530969200538
258,0.001134749600094306,0.000700529115197143,0.0008382679569997728,0.000587132277340175,0.0013475194007087762,0.0016560096319057163,0.0008621488728399639,0.0011381391860386693
259,0.001126023123150563,0.0005600421930209674,0.0008121235204365025,0.0005071954436021252,0.001428556979084118,0.0017066719156972451,0.0011413517212924813,0.0006402386539025519
260,0.0011253713248537763,0.000700666804060448,0.0008606617351923619,0.000534380830517363,0.0013427530906177114,0.0016007038795004668,0.001134389382627576,0.0032759373655784022
261,0.0011175362968310317,0.0005569162118843796,0.0008247940178966919,0.0005279269993759079,0.0014095868035932408,0.0016821253839375532,0.001204999199871838,0.0010214232608556032
262,0.0011076616409492774,0.0005781301599516408,0.000766676086732236,0.0004592028989101649,0.0013123441581553404,0.0017767444289048067,0.0011132514685949586,0.0014907545858681597
263,0.00110009428111276,0.0005909525086533128,0.0007755130359660047,0.0005091998886081813,0.0014419831179175314,0.0015951545424036744,0.0009450027976359169,0.0011195212346501902
264,0.0010989982918509422,0.0005357112894726216,0.0008446507045180161,0.0005216528012811375,0.001369088503965073,0.0016497655519830453,0.0009736850861580249,0.0013094594609243096
265,0.001089520481602415,0.0006361672223732688,0.0008072467267897868,0.0005429322974427085,0.0013868164500566353,0.00153104659806863,0.0009607471506919218,0.0008353797054259991
266,0.001081556107588829,0.0005220931377612459,0.0008468592154258447,0.0006521146130729533,0.001364904555587209,0.0015955392399561441,0.001286628488691622,0.00032777763348458436
267,0.001077652765852019,0.000685180273774772,0.0008415771729783348,0.0006099789119675863,0.0012827858115217793,0.001504228083854137,0.0010675987526604016,0.009160564422806109
268,0.0010650626585497927,0.0006394648832388688,0.0008179908570915293,0.0004645598953604321,0.0012431980519489944,0.0015627202003049398,0.0009902141100020059,0.0008047805403728589
269,0.0010637580164958526,0.0006181166779588503,0.0007761019224956152,0.0006453304583873775,0.0012819655538997652,0.0015819674423603047,0.0011425997332210464,0.006543828413977973
270,0.001053809646998148,0.0005929089833421145,0.0007722598191227303,0.0006791592863785117,0.0012822895557538755,0.001570870578249388,0.0012629747534494502,0.0020677731902197486
271,0.0010509053103306108,0.000601857074876931,0.0007654789382493353,0.0004836405224886673,0.0013603854569114659,0.0014789815934880836,0.000909071061021883,0.0007293866962716545
272,0.0010368239518714236,0.0006302749569486946,0.0008537760248454098,0.000943219997058633,0.0011688803259862525,0.0014974050424759482,0.0011763443955768848,0.00349928600488584
273,0.001029342740989209,0.0006182577652940258,0.0008580643360995279,0.000567172939563377,0.0011157728184067498,0.0015282946386240674,0.0010953202668346502,0.002015346215043037
274,0.0010244469004115782,0.0005656961609911162,0.0007923102725154407,0.0005099430640411465,0.0012881074892214042,0.0014546779339802021,0.0010004320100855625,0.0005447104321131785
275,0.001014454515983064,0.0005894317708549151,0.0007594177828981909,0.0004729964457646854,0.0012660222947935313,0.0014459211560599993,0.0009376786771639546,0.0018059050279360996
276,0.001010136403272591,0.0006500996188724909,0.0007817751520982296,0.0005067037130320373,0.001177652244396956,0.0014339808751834512,0.0008075304422688757,0.0008515921831454235
277,0.0009978413275152631,0.0006113089332250081,0.0008016358493755354,0.0005812874361683462,0.0011989013414072003,0.0013824454114682273,0.0008535248226051098,0.000990295644611585
278,0.0009950335346406087,0.0005660443673419295,0.0007777917668140443,0.0004715857407156306,0.0012043699972649762,0.0014348459849474276,0.0009687553676976219,0.00637140115795252
279,0.0009851783757201546,0.000605373221460627,0.0007779354735294773,0.0005251793069702552,0.0011403766634987015,0.0014199172309087085,0.0008208293210597656,0.00038497880106180187
280,0.0009828701662602797,0.0005069133979443778,0.0007948508131302022,0.00042832701202668465,0.0011000229048621986,0.0015325758589659877,0.0008210878693503403,0.0001394411798266334
281,0.000975493604227581,0.0005582185420079425,0.0007416867638659735,0.000536030107580084,0.001154541262217327,0.0014503885357896142,0.0008916972723822722,0.0027252560155049
282,0.0009728814426700916,0.000545872334380332,0.0006838553308915056,0.00048190115585789714,0.0012286590271682477,0.0014359921028869423,0.0009866793628075458,0.0015041568512467647
283,0.0009650207493161415,0.0006182141051229018,0.0007144151185675947,0.0003485201114058641,0.0011545186261410006,0.00137576511856676,0.0007662630465745105,0.0022854846606822766
284,0.0009613840810340127,0.0005767185207653971,0.000736430981709896,0.00047666643121117765,0.001209428134618476,0.0013257779893218011,0.0008880907289697108,0.0039483263550216755
285,0.0009560430036521557,0.0006401536307787628,0.0007215127138249786,0.0005025364403277134,0.0011996159243641462,0.0012656933917300434,0.0008007105261919297,0.002354006056316399
286,0.0009494501955913021,0.0005561416028571181,0.0007806617489523058,0.0005244172509016927,0.0011222932449975148,0.0013414884974307186,0.0010031278626864485,0.008313104805080587
287,0.0009430885694239141,0.0006174417412839141,0.0006315211282816766,0.0005400031450197875,0.0011425996566441366,0.0013835574086695013,0.0009201939302392753,0.00015563456212955168
288,0.0009362339928711283,0.0004690248470666243,0.0007253697231561609,0.0005476409023438396,0.0011969540247827731,0.0013563329412878767,0.0010489698318459735,0.005170881430245561
289,0.000934028343379604,0.0005579439794111213,0.0006738827626384222,0.0003596610989543747,0.001101562176431509,0.001405463542994535,0.0008542163773428126,0.0002848220991425495
290,0.0009201150303303931,0.0005411355479686097,0.0007387541618741062,0.0004944834464524554,0.00106697865260943,0.0013362900396552823,0.0009204320398061058,0.000213648435251527
291,0.000917316993380065,0.000509792680765723,0.000685044476085691,0.000348556386014911,0.0012027324782903383,0.0012743884078829286,0.000761764862035527,0.0018753921521660172
292,0.000915966821552453,0.00045603565133612407,0.0006900721969138776,0.00044478294895017946,0.001166723875726002,0.00135372167920955,0.000840255783398857,0.0009767282908743396
293,0.000912412177386078,0.0005187278674661055,0.0007525153342994841,0.0004974388527202477,0.0010844621216603424,0.0012966190895978664,0.0008376653162566804,0.0004935743277781445
294,0.0009101796229015577,0.0005536311614207792,0.000707656829348619,0.00045727017462338516,0.0010803137630499024,0.0013017858887974174,0.0007725509879392346,0.002735922527478858
295,0.0008997692522239002,0.0006133584074439152,0.0006668946600818723,0.0004115332084074281,0.0011148303332777143,0.001206632225197012,0.0009150615128629016,0.0006023791748680999
296,0.0008950348815956601,0.0005877554915144548,0.0007409147200819367,0.0003899540630850452,0.0010800271465491599,0.00117406691152816,0.0007376201876734549,0.0057221836331838236
297,0.0008857900345690653,0.0004915739470197198,0.0006411053852684303,0.00039575536398987147,0.001110319211945067,0.0013027592241826114,0.0007951994601017133,0.00220799326015173
298,0.0008825838843003045,0.0005329403765082602,0.0006745861022521519,0.00036294772135511433,0.0010367516263408384,0.0012886456559506275,0.000952442326400933,0.0005167166347240937
299,0.0008770863779495369,0.0005016080956307505,0.0007337807500266144,0.0004894431812123691,0.0010686780644863759,0.0012068506990957446,0.0008877594372749479,0.00039305270274351677
300,0.0008654564421700904,0.0004900295372781993,0.0006314899425862113,0.00045174506477265526,0.0009710900142596824,0.0013717542733045398,0.0009308856023372822,0.001919504154586818
301,0.0008636688586270254,0.000508803401386931,0.0006614531372986414,0.00041131670552373037,0.0010282478766563052,0.001258703768772456,0.0007425031683711617,0.002178069572442232
302,0.0008597789165450072,0.0005116382852034046,0.0006468856385053269,0.0003960765455667638,0.0010379345488403884,0.0012451785341781837,0.0008600788640196087,0.001057989742361648
303,0.0008507526664565454,0.0005305267599922407,0.0006182303186611147,0.00038015221077845396,0.0010856090421643987,0.0011711394223151348,0.0006694644487355983,0.004423538139415927
304,0.0008468440157295184,0.0004650145363196301,0.0006836020681287796,0.0005625418123608847,0.001064869551236274,0.0011763733203628503,0.0009243730184250715,8.979869029163582e-05
305,0.0008424447985107784,0.000542928490735945,0.0006149854724071448,0.0004353396962243694,0.0010519656726854828,0.0011623700674767373,0.0008760650834668022,0.00022126156121136126
306,0.0008401967229589928,0.0005091406189589856,0.0007207791178190174,0.00042435514536666517,0.0009615998556334175,0.001171731216914995,0.0008495132830396017,0.0004132891690889006
307,0.0008335171692427974,0.00047438393171890964,0.0006151282424392765,0.0004910891750419349,0.0010040847572198577,0.0012429160677302447,0.0008355959221574392,0.0009341734510305194
308,0.0008261196349984326,0.00041253237699701375,0.0006965350659964393,0.0004898969846238537,0.0010003978194214644,0.001197435918100887,0.0009776101208494878,0.003225010335298164
309,0.0008230579655126926,0.00047263950384844014,0.0006461545362068687,0.0003450723748592414,0.0009435912761582164,0.0012322602003468843,0.00077607716733237,0.00481421573686562
310,0.0008170167544011158,0.0005572587693619702,0.0006025282668107723,0.000332708379110044,0.001001749653783702,0.0011089262698951846,0.0006613188682821444,0.001729346679653642
311,0.000814602303561514,0.00042690949519451983,0.0006428029826836101,0.0003541829899181427,0.0009067177250072843,0.0012843678766050238,0.0008485779973981702,0.00475928623345104
312,0.00080732172254392,0.0005061638112503708,0.0006015075265549255,0.0003587314453079559,0.0009897534774334568,0.0011342295734235264,0.0006456596911396363,0.0012601542790407689
313,0.0008060104167363775,0.0004945230293413285,0.0006332096653349225,0.00033603264717408494,0.001012832281972603,0.0010858403591138272,0.0006562124448920672,0.0017301964072992454
314,0.0008019726414171531,0.0004916313620694914,0.0006111440002435287,0.0004056740035516554,0.0009743638751102812,0.001133103154050346,0.0008305834486681764,0.0007498028886036481
315,0.0007968961830703718,0.0004478694566329518,0.0005582208772309238,0.00036932615249028755,0.0010348179041907986,0.0011490134289346937,0.0007531651289144806,0.001308220460903509
316,0.000791312795401415,0.0005049258975476137,0.0006249974474017838,0.00038283348005809556,0.0009481152157972317,0.0010895331899634418,0.0006897604725991812,9.850435623118834e-07
317,0.0007903949501179146,0.0004395505259267154,0.0006357717346927743,0.0003545096602511123,0.0008645125995461182,0.0012240628137325073,0.0007163766294342571,0.00548554370381482
318,0.0007843183564935106,0.0004411356463298691,0.0006278132442724107,0.0003983159103756178,0.0009108534613431753,0.0011597711336399712,0.0007201470599128374,0.003008909369252857
319,0.0007827906965893107,0.00047103638116604554,0.0006363544258338688,0.0003445889543571032,0.0009293272072212354,0.0010967403392408523,0.000634590579169671,0.00105340012939678
320,0.0007753504184053319,0.00042463086240514936,0.0005415858514526594,0.00034321750820056837,0.001052912887989249,0.0010845458220378205,0.0007114988735107058,3.7038648064438455e-06
321,0.000774044263840189,0.000453512934857491,0.0005848221596198094,0.0003577410220532629,0.0008982517536686706,0.0011618601325996231,0.0008587395615650661,0.0021140521929499524
322,0.0007672133006906067,0.00048619457921610917,0.0006142772046654476,0.00034695655731018497,0.0008747795917260138,0.0010958517140655898,0.0006801832319596864,0.0037069611081457293
323,0.0007625502096896452,0.00041566741062377494,0.0006081406744506266,0.0004203744361147612,0.0008963847368451723,0.00113224423184412,0.0008847512648667521,0.003233198056531463
324,0.0007574948285083853,0.0004567607676918473,0.0006267411188373008,0.00036555327532662935,0.0008948210043425935,0.0010538778199663684,0.0006467820741010777,0.003093803376938756
325,0.0007526150465602512,0.000441445942086543,0.0005370485633296566,0.0003592759265906575,0.000931694063281746,0.0011024786953125422,0.0007150359780897686,0.0038138235227536043
326,0.0007489016145408385,0.00041121365905269356,0.0005911929743671403,0.0003374108903224344,0.0009120719783272087,0.0010833240392660918,0.0006730329247963746,0.004457429202180666
327,0.0007443052657967211,0.00046660430133574576,0.0005627910833964216,0.0002997436126351792,0.0008953224877189335,0.0010546859017389416,0.0005803857794506356,0.0009631737415546796
328,0.0007406024151227203,0.00048715923932530125,0.0005769174460987697,0.0003482876341003991,0.0008967164346567903,0.0010037884019191813,0.0006185719247507855,0.0010422992911642787
329,0.000737648702485553,0.00038893578972813524,0.0005707858344706265,0.0002859781670310657,0.0009659456884855947,0.0010270906903421435,0.000674610996739802,0.003064674677354833
330,0.0007354427573829831,0.00046261012608786684,0.0005662830986888997,0.00034479516106574305,0.0009297581055301649,0.0009852764257702097,0.0006779604357897604,0.0011045999113017274
331,0.0007297920606367636,0.0004414410702393252,0.0005742328699948285,0.00029649469043390044,0.0009093765357170422,0.0009962579181624347,0.0006338952244994634,0.001973186501148476
332,0.0007251225978091658,0.00046982204866284063,0.0005535644094683031,0.00035009098547830405,0.0008476873760563605,0.0010315430207016492,0.0007519373225750926,0.0037074247421244196
333,0.0007237158908454884,0.0004982217672314484,0.0005507866198753451,0.0003176904238063057,0.0008229022057557655,0.001025075310698254,0.0005651435757822406,0.002104003727770673
334,0.0007181360155288334,0.00038189869304939504,0.0005442275280991419,0.00030420381001450313,0.0008693542313569125,0.0010791695802868685,0.0005547900401596083,0.0032246757592031654
335,0.0007105809130155019,0.0004036033193420428,0.0005190665469145189,0.00033050339728942586,0.000895143983524228,0.0010265936187462217,0.0006951756958185265,3.761464572216341e-05
336,0.0007095240657211988,0.00043384585400344384,0.0005787690837576247,0.00030326196100644324,0.0008205737366959614,0.0010069883027867723,0.0006259309793657267,0.0010455755128228402
337,0.0007040573851706546,0.00044687015804747526,0.000551684180147548,0.00031088375053860807,0.000836906029447355,0.0009828338552884527,0.0006565567090004609,0.0004546241440497367
338,0.0007027703900837983,0.00043262377354054887,0.0005425744259516308,0.0002692790256117492,0.0008604534498688924,0.0009774908193496542,0.0005643023990666693,0.0017562532664905316
339,0.0006993849142739782,0.0004197380451246497,0.0005509475996575481,0.00029653185758943913,0.0008671855681465686,0.0009617194278385765,0.0005804757435171492,0.0036993624886233517
340,0.0006969090185729828,0.0004005617510863242,0.0004357817324312316,0.0003143933228889752,0.00088563417497811,0.0010677021396390417,0.0006163093959546467,0.003528214989101945
341,0.0006933267301778328,0.0004714729138083475,0.0006426342136678076,0.0004115343170687883,0.0007703693254845943,0.0008908636922866193,0.0007079888129290388,0.0015732942395507627
342,0.000686813534361137,0.0004005756012447255,0.0005002834187241317,0.0002485109657973921,0.0008764990006574181,0.0009719102287265336,0.0005636384747424275,0.0011267355990874203
343,0.0006818402555444158,0.000480050426553492,0.0005337565754648569,0.00031334035291965623,0.0007977197600409923,0.0009178337944501371,0.0006678401825794698,0.004026098588551018
344,0.0006804422296839281,0.00041006076276409176,0.0005048761962051767,0.0002882797367476292,0.0008513915878145656,0.0009574357955015485,0.0005612975226134901,0.0010051820416646002
345,0.0006773734107433883,0.00044693936310151574,0.000494628351544231,0.0002587028982647102,0.0007873744601922035,0.000982537897920568,0.0005052205176542102,0.007931030198090305
346,0.000672345277250456,0.0003823420623266634,0.0005692442188724651,0.0003482025531731826,0.0007608084140678782,0.000978958095501353,0.0007979268264544815,0.004404951364005891
347,0.0006706049755923608,0.0003703702107930931,0.0004864222861498008,0.0003275164432890101,0.0008562339080400035,0.0009713600809223446,0.0006617105303152893,0.00034776282295889845
348,0.0006673857671387913,0.0004341948344972249,0.0005322604793252213,0.0003468001710202662,0.0007972100584611039,0.0009078348374030703,0.0006366891348092361,0.0008213951999544018
349,0.0006635769892399664,0.00041297627990859816,0.0005070593282840401,0.00029232170956591466,0.0008465343350093295,0.000889683986784749,0.0005307581704136215,0.0026307877816284576
350,0.0006606014885680808,0.00039104136348715163,0.0005113659899023941,0.00029256071435410894,0.0008169757607158414,0.0009249600844262925,0.000550841095130282,0.0035545713759521994
351,0.0006595989547589899,0.00043926787913258923,0.0005126854076490155,0.00033614465608018386,0.0007649952384017347,0.0009233816001340437,0.0005982375709166755,0.003074706990586885
352,0.0006563339874299973,0.0003823224740341808,0.00047075668771728667,0.0002866667574210395,0.0008369822194835815,0.0009371993039420948,0.0006397921669996308,0.0051544341060311355
353,0.0006513526583515104,0.0004039032249153183,0.00047787178860101114,0.00025749887246252334,0.0008806116411091627,0.0008449341073471453,0.0006167717756586488,7.960510128840919e-05
354,0.0006489886039917385,0.00042262375084022236,0.00046584409709855124,0.00024015288368940243,0.0008422350150372461,0.0008671547366259689,0.0005075665680044464,0.0032293552734102855
355,0.0006424941238120726,0.0004034248594963255,0.0005216343488946672,0.000310842692156677,0.0007728623497134538,0.0008739390776826394,0.0005074934730398279,0.0004417593976074154
356,0.0006395273242485118,0.0004194152540933716,0.0004807409069419138,0.00023496335551715741,0.0007992953627477252,0.0008605332179118858,0.0005411488473195914,0.0006230956466865932
357,0.0006369533117017444,0.00037453814593030646,0.00046165356512274647,0.00024232168814585,0.0008311435613899789,0.0008823458731948049,0.0005439103567494065,0.0005646852772883935
358,0.0006342598999462124,0.00040447690358287803,0.0004888448771517602,0.0002547373995301395,0.0007223266386294455,0.0009232511773793531,0.0004860988019327707,0.0003942003234256009
359,0.0006318650243426971,0.00042456601266722315,0.0004759231703573847,0.00030119314975704807,0.000750109393569879,0.0008787144983224749,0.0005858932093371626,0.0015161153074866177
360,0.000627195414268327,0.00036237099082188763,0.0005087188420877607,0.0003302335914598374,0.0007438479097860534,0.0008956831964275203,0.0005976275349908241,0.0016683079950001063
361,0.0006227738482483449,0.0003662451394417669,0.00045589438420562845,0.0002734081886287286,0.0008560895510989026,0.0008146926312655036,0.000556203336108247,0.0011554455095147556
362,0.0006209545040256195,0.0003719536748779006,0.0004601623842929205,0.0002356094233342484,0.0007593672975523908,0.0008941556361750958,0.0005113808009920578,0.0014410772161892208
363,0.0006177757911432325,0.00037603474410147567,0.00047255688877403864,0.00023361389628699327,0.0007826865593454748,0.0008416366294893018,0.0004743229887282471,0.0009062189879121752
364,0.0006159642592745665,0.00035068939741946366,0.00045947193800362375,0.00029423887126378155,0.0007995256391076061,0.0008559764142931741,0.0006489737761824645,4.2364653865074406e-05
365,0.0006150474954475006,0.00033546486527541967,0.00047545357845257043,0.0002972444209237171,0.0007506460332693617,0.0009004291604513698,0.0006088949728776738,0.0007202549466344505
366,0.0006102045004949278,0.0003970546275027778,0.0004495164576697918,0.0002979578388744027,0.0007399958179652244,0.0008560405537724286,0.0005999135324496384,0.0005097721144265249
367,0.0006033191051236582,0.00043883610807208417,0.0004795076661972837,0.0003138644560930535,0.000722221189955038,0.0007744807277575858,0.0005117851106156798,0.0063151940371126356
368,0.0006024511383004243,0.0003667962833290661,0.0004434265243811661,0.0002431740279878581,0.0007731608729412223,0.0008281875887905225,0.000567602017342988,0.0009868136540359669
369,0.0005965941074866067,0.00033065152909829415,0.00043251855981963673,0.00023645648686613146,0.0007678599200389957,0.0008570959684466881,0.000518672329008363,0.000781312167476401
370,0.0005956836571961668,0.00031383548749139,0.000418080683776408,0.00028684616191220104,0.000785479786372193,0.0008670855495963021,0.0006329374805186095,0.0003709352058950772
371,0.0005936481503389098,0.0003797029451312709,0.00046800343412852055,0.00024232686122889913,0.0007363346238529493,0.0007922925064565781,0.0005872682706289168,0.0003740422263343178
372,0.0005901411809247913,0.00037238321758647065,0.0004349255201507545,0.0002729436133052388,0.0007071522239291824,0.0008478343773007685,0.000622488328746653,9.566021737446205e-05
373,0.0005852427154648337,0.000350326602309617,0.0004690709636874724,0.0002828372519497264,0.000724706825091811,0.000798582727966398,0.00048381498128920067,0.0021200268261994198
374,0.0005845658305967945,0.0003144692866098955,0.00042719354643014346,0.0002373589027310345,0.0007575936111775538,0.0008407211512246628,0.00049663799359658,0.0017355031697403552
375,0.0005819600541651811,0.00036377720042801893,0.0003815623269449178,0.0002525976644331999,0.0007588332228001715,0.0008253740891582478,0.0005254546339158317,0.006331855785974038
376,0.0005796884877611676,0.00038744890286082157,0.00047625640493391793,0.0002629262424948231,0.0007223380914554029,0.0007344105165979967,0.000551266876446071,0.001767444914878221
377,0.000576888620013059,0.00037020791420973645,0.0004139724492258793,0.000273223134515483,0.0007125469624140576,0.0008125189115101921,0.0006167541234330706,0.0034812786151068517
378,0.0005734709681434917,0.00037031239761289197,0.00044506368780862005,0.0002352575837172073,0.0007331905459305866,0.000746998972905505,0.0004595406703515751,0.0018847286619333786
379,0.0005703651526625411,0.0003178049028639968,0.00041028837790623877,0.0002708831768263529,0.0007509304487110649,0.0008041095120907003,0.0005778899487243014,7.372579626613685e-06
380,0.0005673752727517085,0.00032968419761662755,0.0004232094805209244,0.00024123026759084693,0.0006929070874437919,0.0008253641873280482,0.0005152543947310521,0.004683430058303204
381,0.0005627729783835255,0.0003667545593797295,0.0004438999551993873,0.00022714095757112485,0.0006722660407434443,0.0007698217209388366,0.0005137622751875457,0.000387058460313545
382,0.0005620078356808885,0.000339102574352863,0.0004256733135905929,0.00025854544084801293,0.0006619674255763143,0.0008229361416898274,0.0005401098823496182,7.894452730953358e-05
383,0.0005605509630859794,0.00038731456045118745,0.00044032147359639265,0.00023879599498694029,0.0006701115566014633,0.0007461001062932157,0.000482909205268099,0.0026181460008356675
384,0.0005581004568496031,0.0003220034255824611,0.0004185568877126802,0.00027215681618708115,0.0006840132525486436,0.0008094649222167236,0.0006047741752442568,0.0006619804926147769
385,0.0005530657531960552,0.00033812828141881125,0.0004402295684122274,0.00026673668497836456,0.0006312260437261757,0.0008043010119545462,0.0005364554994149734,0.001236688225701269
386,0.0005521386341737459,0.0003297548363041695,0.00042699323403759494,0.000293638257999265,0.0006554898857941254,0.0007979357566720262,0.0005360263316118338,0.0006386034168367457
387,0.0005511191823268804,0.0003376716936327653,0.0004356171659019054,0.00023670611851532732,0.0006785047526471498,0.0007542993082116809,0.00046919748658646077,7.739240590445192e-05
388,0.0005458633267751507,0.0003727226720756721,0.00042765058707640595,0.00020316224437671304,0.0006412028260872593,0.0007434780006013114,0.00044070358201318686,0.0005638015751646397
389,0.0005451697855180301,0.0003654590003156648,0.00041275484755803465,0.00026585932633646926,0.0006701616863648199,0.0007339023481778287,0.0005708343852500132,0.00020077294125894898
390,0.0005415525020375198,0.00036552905283699066,0.0004068089148572103,0.0002531584831168675,0.0006318253156537682,0.0007636348612687084,0.0004914475464187979,0.0020326881302964272
391,0.0005392815143099019,0.00037601290246450455,0.00044707407734642077,0.00028351677947402725,0.0006131451169771145,0.0007224754283694165,0.0004552431016707644,1.5226639191157593e-05
392,0.0005362233760215762,0.0003144265528278926,0.00040030478789134893,0.00023901999420224417,0.0007029592615886719,0.0007287754021962217,0.0004925258987840637,0.0021315751594218803
393,0.0005340139556522784,0.0003189518677957313,0.0004030252896510043,0.0003104480675934008,0.0006634990018224343,0.0007521456879086722,0.0005368807538724539,0.0011240148017349443
394,0.0005318046387364228,0.00029699588586451075,0.0004249434749118069,0.00025081856688185606,0.0006729421371057926,0.0007338965990988173,0.0005002513282404077,0.0018246019371792343
395,0.0005276479809925899,0.00033813409935120334,0.00040717704120309914,0.0002547313811213954,0.0006216268252576865,0.0007452013178386209,0.0004945095512981872,0.0014135512046438076
396,0.0005262418404658941,0.00032195915392865327,0.0003889235041115039,0.00026490301219659506,0.0006800389296698622,0.0007155890053967378,0.0005330877315613641,0.004148852270327693
397,0.0005260597385813386,0.0003338268641534932,0.00042723117615089566,0.00023529084772844363,0.0006496686946503215,0.0006950549203062208,0.0004528141804596974,0.0019888678055740468
398,0.0005223651036435399,0.0003051264091687893,0.0003977053795337761,0.00023072919393937735,0.0006304478160726851,0.0007577126767016265,0.0004361152317109745,0.0006003155771893657
399,0.0005199328503709642,0.0003464278323281246,0.00037045606186739995,0.00023888334627863772,0.0006418083896711593,0.0007225638479299129,0.0004976693247781049,0.00010947437594173921
400,0.0005179225663999319,0.0002871143173914258,0.00038989988808706344,0.00025146290613701903,0.0006389056810544164,0.0007572892099161565,0.0005129615701964534,0.0012047649375764881
401,0.0005130288570696845,0.00031106389487243726,0.0003712145129732128,0.00023966430596286437,0.0006432024011479085,0.0007281391001382561,0.00047160411518762645,0.0006933163277468749
402,0.0005117636557409671,0.0002987457937512857,0.00035446053061412053,0.00021778474028527544,0.0006620100693239438,0.0007333390032665466,0.0004543422078472205,0.0001338596584592075
403,0.0005088795600692443,0.0002949204764085758,0.00039509995745278784,0.00021948249169327055,0.0006065980406333618,0.0007403920838838046,0.0005237314831619171,0.010823134625777097
404,0.0005062074227241952,0.0003310159414200678,0.0003958642133792303,0.00023979757295132618,0.00057232589358366,0.0007271081188262663,0.0004736386859950361,0.0016345787758197195
405,0.0005045501320908937,0.0003116266919447096,0.0003634984820574842,0.00021899879152803288,0.0006517231286277592,0.0006928318434094059,0.00046586409777394733,0.00047803210851845397
406,0.0005040035598305539,0.0003590003275736587,0.00038576297249699905,0.0002492788113840294,0.0006144757066975576,0.0006582532440738584,0.0004720345065261994,0.00010196391655693423
407,0.000501392463460882,0.0003368844093562348,0.000408275275003842,0.00019726676877284338,0.000588305952300759,0.0006735745791051496,0.0004379293256656797,0.00015615973161630265
408,0.0004995259801947638,0.00031806638505671176,0.0003837055338427946,0.00019961483231831784,0.0006430124578505741,0.0006547844215061063,0.0004291163247953069,0.0002133759406236674
409,0.000498038152701736,0.0002966241954705109,0.0003850313496236605,0.00025103554130298663,0.0006114705042751855,0.000700487084346325,0.0005505591515472792,0.0015001371944520104
410,0.0004956215871688209,0.00032971487012816233,0.00038881193466929164,0.00023816072205267477,0.0005923571469179372,0.0006730558365189152,0.0004279851095794116,0.0014095047237159379
411,0.0004902295087702528,0.00031567823755676696,0.00039083784475934526,0.00022508967455558824,0.000579487914726812,0.000676351662505681,0.0005208935886633037,0.0011801089407782789
412,0.00048680398672208843,0.0002932025726884375,0.000381654009911363,0.00023055695006210088,0.0005980009634387227,0.0006757859744031613,0.000481553796674269,0.0004442271645080858
413,0.0004845853318863107,0.0003228106197294232,0.0003822521306882017,0.00019504423520409655,0.0005853878190291265,0.0006493118282143382,0.000387449194089121,0.0002157024383277058
414,0.00048285634791378197,0.0003236209773620615,0.0003802361648225411,0.00020147363875074533,0.0005862055245514458,0.0006427787285177695,0.0004255947325812979,0.004430495232283791
415,0.0004815917903538871,0.00033712866731774253,0.0004157449660791983,0.00031523738724022595,0.0005309644923957721,0.0006439413276272439,0.0005938442930247984,0.0009707865438836126
416,0.00047938778388441713,0.00032100219335317345,0.00033631560475392,0.0001885158249566423,0.000576707649205722,0.0006849315183215462,0.00040127243685893037,0.0001429817054360792
417,0.00047714643175676946,0.0003349384141661144,0.0004032453681928724,0.00022835566681843518,0.0005507609747777383,0.0006210402278702999,0.00044958082396516605,0.002154127318664142
418,0.0004750999748166126,0.00028403360757219595,0.00037787050562397204,0.00022316594629025313,0.0005793093034706157,0.0006605797371056185,0.000421689173109889,0.001025372715306111
419,0.00047379550699814334,0.0003009589366391419,0.0003400146975528264,0.00023367661303196708,0.0005993339923543557,0.0006562638321749534,0.0004576633424252005,0.00295031593547571
420,0.00047114660923369835,0.000288199487116459,0.00036126090694529954,0.00019884397688860826,0.0005822927533714991,0.0006542149484586335,0.0003992782631037234,0.0018268166894577608
421,0.0004679685346870511,0.00035329483734534127,0.00036338447554265085,0.00019378675860120122,0.000569776064626305,0.0005867911004561255,0.0003858889410017601,7.453981604402649e-05
422,0.00046656346888594615,0.0002951018070302925,0.00035290344552411663,0.00020973246776390475,0.0005847472121230716,0.0006348696290767701,0.0004299067573339704,1.4672827204978072e-05
423,0.0004646174335680248,0.00028936965400199794,0.0003436786196531362,0.0002099999128949194,0.0005942138024709805,0.0006325701739955292,0.0004570674411610551,0.0009790473523297225
424,0.0004638188349738026,0.00029362894971938884,0.00035896262701105093,0.00021037862899379278,0.0005698018675638066,0.0006342420651940647,0.0004430560238534726,0.0023524625222287013
425,0.0004602758211316186,0.00030557295299295977,0.0003584013814786881,0.0002242492961192111,0.000573185048323321,0.0006052936822237208,0.0004082474340607908,0.003022652335845256
426,0.00045794341357161314,0.00026659555071517426,0.00028538780983353114,0.00019227592896862557,0.000610770304221515,0.0006703629324086791,0.0003485365720883613,0.0005089012124165427
427,0.0004560741701726813,0.00027790370858234864,0.0003429683149334381,0.0002320989935194394,0.0005474802975870427,0.0006572818177009385,0.0004286107448532035,0.0011910342336587019
428,0.0004545690783187737,0.00026945225005916066,0.00035008614832870397,0.00020139167632117274,0.0005874774981727791,0.0006125934601197137,0.0004123547242712792,4.540394608232146e-05
429,0.00045234460153474766,0.0002480471125184618,0.00031603790733498543,0.00021657066222084768,0.0005968646282504972,0.0006497552800206725,0.0004858435719368701,0.0001255932729421947
430,0.00045069380038893124,0.0003149170724900858,0.00036340591268947935,0.00018952902791410283,0.0005543283979456502,0.0005714455037932479,0.0003514488823506788,0.0016184817503196122
431,0.00044800222455087336,0.0003208428040485885,0.00035814208366386516,0.0001797511932529703,0.0005172834441280867,0.0005970543558470347,0.0003421008514233544,0.00041262504628772974
432,0.0004454085376054546,0.0002739288014733413,0.000347241371724404,0.00019983140700942752,0.0005383398761881602,0.0006234302850555743,0.00042529653941390355,0.004158304967592743
433,0.00044449956161241624,0.00026715147407092653,0.00035840648919368477,0.00020730553191046744,0.0005286025958739631,0.0006251412027118805,0.00047810227982243464,0.0038444330441750564
434,0.00044363765864803404,0.00028662209349574256,0.0003610152339724341,0.0002044698725404365,0.0005317205200402743,0.0005964937778278955,0.00036921013967607347,0.0009056403188970187
435,0.00044140900519171156,0.0002793886382611273,0.0003277378962414744,0.0001807940669746279,0.0005425421731556321,0.0006172617682715344,0.0003836560198808104,0.0006302983144715902
436,0.00043795789465867304,0.00027698391374820033,0.00033703858367078614,0.00022235309022113593,0.0005679061936252853,0.000571187217537219,0.00044019686842999026,0.0022229525620470546
437,0.00043719901758785135,0.00028835838711524693,0.00032406797443192625,0.000180936814126228,0.0005553583837837416,0.0005822934312270678,0.0004101342301723271,0.000958600494668492
438,0.0004359838539775487,0.0002712462121311324,0.00031262249468794315,0.00017753053115740204,0.0005565948482065638,0.0006047504054728708,0.0004335390041279386,0.00042346856757977965
439,0.0004322812423300791,0.00027606136990886355,0.0003258467830188601,0.00021551836138783238,0.0005342998493267654,0.000594184652345788,0.00042041368177043846,0.004343630966324054
440,0.0004315355458967509,0.00023859823148799107,0.0003226266884341466,0.00022676684411877945,0.0005460602353677503,0.0006201225279058322,0.00047352194733144465,0.000601580221321063
441,0.0004290782743272861,0.0003138797964364444,0.0003484934664502514,0.00014640480648193014,0.0005139909035525283,0.0005412072251721436,0.0003223585936265078,8.677257258099431e-05
442,0.00042780239913256144,0.0002482692226933843,0.0003078937801650928,0.00017744171258022315,0.00056072081073629,0.0005955803390272029,0.0003835107355928814,0.0014874224397760834
443,0.0004255480033993227,0.0002580812658834445,0.00032853738163951535,0.00021851296889063273,0.0005402784779847571,0.000576542831571725,0.00042633030097789635,0.0014986920895015481
444,0.0004225597793643408,0.0002736803400904429,0.0003251568394954924,0.00019982925667612662,0.0005085757320613404,0.0005840653847280656,0.0004111240273953128,0.0038368115201816246
445,0.00042115296099360327,0.0002515400224846463,0.0003265694540413297,0.00017822719514526685,0.0005266377780021897,0.0005810996416292379,0.00036131458231395596,0.0010260964272101303
446,0.00041872075599567907,0.0003056101651848909,0.000357908542887452,0.00020545778180524365,0.0004778430732752502,0.000534749166755598,0.0004083361822782898,0.0027662950862672097
447,0.000416622348343124,0.00022275316821717024,0.00030853868762080813,0.00018432789114941145,0.0005137274646848277,0.0006226918382705431,0.00036278831525946703,0.00030604303627200237
448,0.00041355878117385484,0.00026321443996477794,0.0003448756897864956,0.00021206676956803737,0.0004999648562955414,0.0005473929210460634,0.0004427448465787816,0.0027342323648897153
449,0.0004119625444752762,0.0002708687744861372,0.00032314398131001737,0.00017399140699169753,0.0004985371052261421,0.0005565084176399341,0.0004080343410080367,0.0005392101563865559
450,0.00041002196992100326,0.0002348476615575788,0.00031148378088212734,0.0001941528286532435,0.000522831621794776,0.0005721272243320237,0.0004020045958351743,9.308079160261248e-05
451,0.00040933963623745356,0.0002794687292660331,0.0003200201786962983,0.00016982578693144042,0.0004978003415580419,0.0005412697070076418,0.00036233761494452207,0.0036891511759766524
452,0.00040785327566347134,0.00024020365030135194,0.0003356462412576987,0.00021190784168167683,0.000504453754111975,0.0005523055077417012,0.000378842294745292,0.00012845559636095717
453,0.0004068985686388232,0.00026599982508679766,0.00029747938545070257,0.00019543447561457637,0.0005359841780245894,0.0005293241385129433,0.0004399194331580412,0.001148954965779822
454,0.0004044268863238438,0.00026502578038401035,0.0003365933120609463,0.00022480011451281984,0.0004962012386495755,0.0005210732212751525,0.0003679951263614083,0.0017138472241106722
455,0.00040173138095841277,0.00024730181511739856,0.00028683115000906927,0.00016438661075395206,0.0005451498351642338,0.0005288208192528522,0.000324284769263625,0.002265680396729287
456,0.00040112670475052223,0.0002910964057095996,0.00030001802346575087,0.00016958110096963985,0.0004733308783714113,0.0005412378372088896,0.0003823139426457856,0.0003085566966868648
457,0.0003992241475953339,0.00027026666896468987,0.0003133626474362269,0.00016036753563473244,0.0004760198839596,0.0005384181324452218,0.0003271402981313258,0.001066964965518862
458,0.000397625222136451,0.0002354894336159757,0.00031491016860210456,0.0001712188436068509,0.0005245440413160879,0.0005167233093187823,0.0003355774382798537,0.0008913334304356762
459,0.000395460865736034,0.00023109602437008136,0.00029910233372603133,0.00017714785182158267,0.0005248969304316636,0.0005279078828007699,0.00039822655598697955,0.0015534063892276675
460,0.00039384835689989535,0.0002651924636852207,0.00030709376824488035,0.00016730182555064286,0.0004963313408584718,0.0005079308360360411,0.00036201807723535925,0.0007800994853489937
461,0.0003932912658531753,0.0002655907058822323,0.00029333429904758755,0.0001614920404441078,0.0004790467205795059,0.0005363466899064215,0.0003409963265859937,0.0026491858508586904
462,0.00039091223508780435,0.00026176454664978636,0.00029983943808279285,0.00015707934536393213,0.00048576683935870743,0.000517424487444494,0.00032407697937665634,0.0011776231448740663
463,0.00038924202124774324,0.00025589503116667256,0.0003181834345968492,0.00015351019153456302,0.0004741698572391779,0.0005098612325013761,0.0003360393619097346,0.0026174507451957084
464,0.0003886690583235817,0.0002543759809610317,0.0003159271773349191,0.00015320739252649404,0.0004467309637829572,0.0005387819000809816,0.0003415527622929025,0.0011447218477052057
465,0.0003874009727049742,0.0002602830237668173,0.0002945552056701554,0.00017573271497219406,0.0005003567913529798,0.0004955449396942074,0.0003221503016839649,0.0006168907160159063
466,0.0003849174665631329,0.0002780740315681566,0.00029908461409957796,0.00015443423458563334,0.00044619042829756707,0.0005174495856480753,0.00035529963854346236,2.5638148521742337e-05
467,0.0003845029172014261,0.0002600303223815403,0.0003146024849576584,0.0001903140249723804,0.00046562756462159945,0.000498878871283913,0.0003927898918794241,0.008066244478668438
468,0.00038238391364935255,0.0002726770791856067,0.0003223211468749021,0.0001525586522131678,0.0004582304418476095,0.0004774283495759318,0.00034294384496335353,0.00024369360821741416
469,0.00037951216968878476,0.00024923954266429057,0.0003081190767151978,0.00017939200193248776,0.00045824145464113975,0.0005035615440895771,0.0003932886671156872,0.0006914446553551905
470,0.00037715179798536577,0.00023956985748012957,0.00029191299676398447,0.000186349513253506,0.00044458789346220724,0.0005336424651588538,0.0003619470879318231,0.0009180797418561747
471,0.0003766143678095595,0.0002473129724488762,0.00030899610808845504,0.00017528060742190427,0.0004483492388811953,0.0005029035957955127,0.0003927357187884463,0.0004505488063078916
472,0.0003762109208418147,0.00024738301039372597,0.0002994919254227309,0.0001493780799612607,0.00046954538279097874,0.0004895266258456199,0.0003288842054530088,0.0014859221459131587
473,0.00037360006713386073,0.00024304944782031039,0.00025674022310334985,0.00018049058479294508,0.0004819517331699299,0.0005137544642202526,0.00033554376777865234,0.0008780072095389295
474,0.00037211656742587145,0.00022694027287411037,0.000275512090211506,0.00018214151393381256,0.00047921747959223793,0.0005078876769520536,0.0003566328148899365,0.0032747499316168297
475,0.0003702142222500777,0.0002512199502755041,0.00027849503007617345,0.00015631192190026385,0.0004553991978903088,0.0004968283846199505,0.00034415751413190967,0.00029817797289399773
476,0.0003686740333069544,0.00022736839721144454,0.00030800692548408373,0.00016991010331658102,0.0004338003779286371,0.0005066015915612193,0.00034871606065712657,7.21314572780164e-05
477,0.0003663752212427172,0.00022179251981632186,0.00029365639074055883,0.0001707931531856782,0.0004584852571774185,0.0004926411335795467,0.00033800718529658567,0.00020175518992163793
478,0.00036472728412768814,0.0002682133761407965,0.00028413833051652384,0.00015520102639431565,0.00043032781252678125,0.00047729919512908795,0.00032919716662759566,5.034979131221939e-05
479,0.00036362454462152035,0.00023621524110856043,0.0002938671590259045,0.00017238820221333323,0.0004370360608535977,0.000488446065361024,0.00035180666984929135,0.001871637064194168
480,0.00036275409806240684,0.00025339786355181636,0.0002777952409595949,0.00016583032706600888,0.00043971545811142025,0.00048117162595339666,0.0003354093912118944,0.00018986622185381642
481,0.0003606526437080207,0.0002261836205251544,0.0002624304400883178,0.0001470725407902549,0.0004592398769023684,0.0004958142728258918,0.0003084413357563902,0.0019678433475708093
482,0.00035990316189586484,0.0002634753922296557,0.00027150334360164175,0.00017436475752823126,0.0004218437200245606,0.00048384562316604774,0.00031551190421778976,0.00045512441132993436
483,0.000359387328845945,0.0002345598795841493,0.0002703292506403556,0.00016967497502328176,0.0004599937695245186,0.00047372033837255834,0.0003384373569784698,0.00018356851622508904
484,0.0003575464966832702,0.00023999224299084236,0.0002661347686581656,0.0001641171494261679,0.000432287584403432,0.0004928199135319745,0.00029633538432586383,0.002397231536375142
485,0.0003557597003394153,0.00021823427733861668,0.0002710155300763199,0.00016958344530252573,0.00042869719572491167,0.0005061350837491448,0.00035124314523882314,0.0008693458519297727
486,0.00035351376570708515,0.0002544520764125969,0.00026277071539119865,0.0001838991949722739,0.00044539014373334656,0.00045247882392003314,0.0003776481389318125,0.0001897675802485712
487,0.0003513594837566764,0.00021789557473657557,0.0002365771151406762,0.00013942311617940915,0.0004460491450284236,0.0005059464811432941,0.00028795095273844037,0.0013384014421460879
488,0.00035035883252290884,0.00024323190920715393,0.00025781376369597605,0.00012661450887447637,0.00044541773749046505,0.00045599936773842506,0.00032251111749983,0.0035960650926348528
489,0.00034983754709655543,0.0002143255238703596,0.00028656098402965647,0.00018422961813900903,0.00042334078705251357,0.0004761488100813434,0.00033862662699016125,0.0013344081225560873
490,0.0003478049034305813,0.00021747337958205224,0.0002596279834435508,0.00015278586167226507,0.000412301484206185,0.0005028367215808583,0.00035989838677813604,0.0002809330452206568
491,0.00034704922206540767,0.00024105768299699412,0.0002582107722651041,0.00016981416768552666,0.0004400947283687203,0.0004498514406478149,0.000297758721153657,0.0022827982848875835
492,0.00034449002526193293,0.00022615398773473676,0.00026495662011023183,0.00014051151277171426,0.0004468417437467592,0.0004410179847385357,0.0003007516291914009,0.0007659190950633086
493,0.00034382198400919933,0.00022504568173370182,0.0002662755888529385,0.00014828059499091882,0.00041681519238665203,0.00046815974679736646,0.0003284479578995341,0.002823992132683163
494,0.00034327230947373173,0.00022886713357478047,0.00027559357491006175,0.00015419365515446565,0.000403037474795096,0.0004665977152666584,0.00032395950049359987,0.0007749464028038417
495,0.000341811036038966,0.00024373309020343982,0.00027623057772406583,0.000167820227309137,0.0003986550773285145,0.0004496277799853533,0.0003260893353834642,0.001296020936996802
496,0.00034114532220871983,0.00023636323796437316,0.0002534480479809242,0.0001344786715817217,0.0004373418666226073,0.0004384285593842553,0.00026576974975420404,0.0019142128830969846
497,0.0003393700483081181,0.00024455063474576827,0.0002475873957992385,0.0001327606695661591,0.0004200901994472285,0.00044624718162480546,0.0003093784306482578,0.003149052443541774
498,0.00033859081620992126,0.00021686770336618518,0.0002862279126885588,0.00016882196272417264,0.000432045968701898,0.0004202146159208307,0.0003258813041210003,0.00030533684342065956
499,0.0003373071760371911,0.0002208963010994329,0.0002564497912918607,0.00015488819298974826,0.00041640783038627535,0.0004564639518231229,0.0002958995117617821,0.0006085165682148916
500,0.0003366031944404429,0.00022764232277308665,0.0002706760815472196,0.00016875908229655874,0.00040561070599687613,0.00044347077130458537,0.0003461038232748436,0.001750274754891954
501,0.00033383535812308196,0.00023134780232668167,0.0002690831312794879,0.00017676566472776706,0.0004000940499716591,0.00043579543722319287,0.0003365727156854364,0.0033192982814395635
502,0.0003335462870053464,0.00022658558184935983,0.0002500608759080051,0.0001487196686658149,0.0004119024337658663,0.0004466143953102748,0.0003308297573398557,0.00024568382732335133
503,0.0003314501761059567,0.00021447664206748242,0.00026908882597100314,0.00012989296402592384,0.0003879443522896078,0.00045526288004694835,0.0003067083480904521,0.0007901039779031388
504,0.0003302632450045333,0.00023548038451298253,0.00023968456404435744,0.00016040781127329084,0.00039180285452792424,0.0004550536892267049,0.0003239181106768073,0.00012788857642090444
505,0.0003294521650652319,0.00022261802000832055,0.0002544821321405898,0.00014279349175088543,0.0004110999628810316,0.00043057467969875797,0.0002798821924495451,0.001871475559504556
506,0.0003270074133458807,0.00021933209237171207,0.00025120984500664063,0.00016512832260312733,0.00040960764194509515,0.00042883904002851493,0.00033405229425957574,0.0005260248434298497
507,0.0003256313845658437,0.00023279405154397862,0.0002639149717158535,0.00018757573083260485,0.0003863820213946641,0.000420389425663755,0.00030431767031543474,0.0006342619511448967
508,0.0003239969732738773,0.00022479437613317563,0.0002476967302935321,0.00012776925450725996,0.00039381136128118237,0.0004306355616588859,0.00026335327160049944,0.0003205827358751122
509,0.0003221900982412439,0.00022488023287782466,0.00026343413160804385,0.0001571141412464408,0.0003851081183875412,0.00041628275089366536,0.00032513121325172014,0.0004759282803563657
510,0.00032082074095752394,0.00020964539039066964,0.00024727140464339667,0.00015699997307455952,0.00038364022658361204,0.0004436667680914475,0.000356665747540215,0.001483877972805259
511,0.00031880560347145843,0.00019458893774569513,0.00023621187698230872,0.00014288983919126945,0.00042290152330986175,0.0004224549929061459,0.00030219745194888585,0.0016456695448677592
512,0.00031836870056455735,0.0002007033721371262,0.00024319399830153096,0.0001273015006685523,0.00041140526509580137,0.0004191057993383559,0.00025606833202714523,0.0004696481389881703
513,0.0003173831416618812,0.00020984965260004973,0.0002499084124399653,0.00014707189759710545,0.0003929454402593306,0.000417759800712062,0.00031610724281036897,0.0003802109311824507
514,0.0003167110105075132,0.00021651827958242597,0.00024954105778926425,0.00016892453705439722,0.00037835210543083636,0.00042336136898151437,0.00033476908732380846,0.0027069810420691552
515,0.000314227700290327,0.00020767866894149366,0.00023485939937099474,0.00015225215359677556,0.00039261481268054624,0.0004226794082702809,0.00027547431788596923,0.00047169243466789197
516,0.00031308371267510347,0.00020619091806096265,0.0002480007223286161,0.00016486043619984108,0.00040461206699806307,0.000394449275731608,0.00029081512035028506,0.0002142666964579874
517,0.00031262633259601685,0.00022522771171719588,0.00023639092994049283,0.0001540403545373791,0.0003914346367673439,0.0003983688433583264,0.0002977467131315726,0.0038937974034607267
518,0.00031142236029205205,0.00020547365942146474,0.00023923031872208724,0.00012304695842378736,0.0003901295515851785,0.00041176917103230614,0.00027400559881290786,0.0002495865739836272
519,0.0003104423524342943,0.0002111889908054094,0.0002207544789071537,0.0001244622581011971,0.0003959066218104259,0.00041482970401263527,0.0003256436488124028,0.003913404758923013
520,0.0003097411504800754,0.00020223562589058206,0.00023262687787298965,0.00013559269924853142,0.0003926894973171894,0.0004123209335732299,0.0002619977665317808,0.00045121969528072513
521,0.00030768638167432804,0.00022453968936253618,0.0002518753549758985,0.00014453341768962496,0.00036310589459021605,0.000392126890325705,0.0002742014521582136,1.879778106535198e-05
522,0.00030738547288049927,0.00022229935208598154,0.0002457168143313386,0.0001442527586811868,0.00037310224054993814,0.0003893249094104143,0.0003545094631778315,0.0020773611208655396
523,0.0003072281058411976,0.00019997312353738572,0.0002592746676835441,0.0001856487794689954,0.00036952473935596624,0.00040104085209177916,0.0003001270980219651,0.003850771404936783
524,0.0003051858166902912,0.0002086680021029989,0.0002446597223445425,0.00014800766956946703,0.00036944603652396983,0.00039886447680033643,0.0003414029835294291,0.0009363288739006702
525,0.0003041989978422316,0.0001830126657572377,0.0002499478110188461,0.00015388427356961614,0.00037937919958376315,0.0004053483957165346,0.0002842233942338852,0.0006833720020461341
526,0.0003032783962853055,0.00019978763544670474,0.00023915991835854423,0.00013302210806588052,0.00036279047764536005,0.00041226493273750244,0.0002754931395486442,0.004575821216540079
527,0.00030220346930180994,0.00020643787549346173,0.00022179984312408222,0.00013071934545843704,0.0003843486966295694,0.0003971136905517584,0.000271956968353608,0.001113597612511819
528,0.000301177005432689,0.0001976512091174847,0.00021672760049312788,0.0001314671793789071,0.0003547477411548854,0.0004364646884341177,0.00030340963766299926,0.0003079377222238418
529,0.0003000064491501621,0.00018294354093980228,0.00022476725557359607,0.0001464600959033381,0.0003797794209166574,0.0004134153658304054,0.00029444017751790747,0.000420340311751448
530,0.0002984170288844515,0.00018917846593157454,0.00022179855359707028,0.00013247813087623222,0.0003509551554246459,0.00043261106298646653,0.00025770821902361223,0.001019829587551135
531,0.0002975236256350216,0.00018673872147470063,0.0002530949085253042,0.0001279325796189018,0.00036383672660988167,0.0003872966495682627,0.00030214522423412836,0.0002905483316515235
532,0.000296927866195242,0.0001965756778082547,0.00020417599866927032,0.00010807728338895776,0.00036942734524600423,0.0004184031971144208,0.00029255940492932994,0.0005195173429607353
533,0.00029614748278400176,0.00021042476515731283,0.00022221579035971382,0.00012822466838166658,0.0003673140070260036,0.0003855038363098298,0.0002530778803649914,0.0009584789150503142
534,0.0002946596293431058,0.00020622571833424448,0.0002639376882972462,0.000154587021134912,0.00033200113553746705,0.0003773380783956787,0.00029095869417944463,0.00058694300341139
535,0.0002929426897510161,0.00020745143610494978,0.0002477276502978889,0.00015106421958626363,0.00034492323465928096,0.00037252750735471477,0.00027556479408669734,0.0035833274246288888
536,0.0002923692480073023,0.000205757311225163,0.00021995749338225154,0.00014381193366908848,0.00037209285110316985,0.0003725267246091279,0.00027888559332102316,0.0021828402765987796
537,0.00029066750719915506,0.00020661174953264888,0.00021358387578651947,0.00011253444817519344,0.0003692889561763981,0.0003740378443924757,0.000255259689408204,0.00014895083017581824
538,0.0002887914533000114,0.00018660490129247554,0.0002203062550347647,0.0001321633542009717,0.000383462168363939,0.00036563938607456464,0.00027741253825610835,0.0011888606411002908
539,0.00028840300273613663,0.00018826468089992512,0.00021751389257848626,0.00013117180867312333,0.0003569507787881521,0.00039172841610419883,0.0002982350219274126,0.001433890147203377
540,0.00028693071655462886,0.0002028123601128427,0.00023112205901470122,0.00011821314996965719,0.0003378466116591814,0.00037678327531233445,0.0002627768199427756,0.0003862627854843843
541,0.0002861312050561007,0.00018051668027706767,0.00020794274534874526,0.00012692239058164468,0.0003568882532190665,0.0004000162354264295,0.00028475670477495465,0.0017638091874340135
542,0.00028517021760013144,0.000204925408544019,0.00023592007968722346,0.0001109479159660719,0.00033868486455308354,0.0003619867933712573,0.0002636845316812237,0.00021840031207115556
543,0.00028375142997252205,0.00018921608911971099,0.0002241347444824764,0.00011801239587412783,0.0003511520626999831,0.0003713349378998393,0.0002656724874663651,0.005874446377274317
544,0.0002831946882525389,0.00018915297299015068,0.00021541045509766525,0.00011575109356591205,0.00034533977864746476,0.00038370602844487286,0.00023773860260376317,0.0009137488819734192
545,0.0002821409706769426,0.00017304248646902269,0.00023663805352306183,0.00013153198633651547,0.000343214014694937,0.00037649672253977815,0.0002747841816604377,0.00012419452609805257
546,0.00028141893439245314,0.00017252692759878494,0.00020620680297663336,0.00012714387357485102,0.0003488481619134521,0.0003989191228762096,0.00027383121373039253,0.001040267854719835
547,0.00027994977671883686,0.00018338380282039503,0.00020320033582069632,0.00014226833596706743,0.00034806102593891637,0.00038597490670380717,0.00029132592587270673,0.0007167709890002736
548,0.00027871913124097065,0.000200759789093781,0.00020601777115240418,0.00012073920763140085,0.0003437808424766671,0.00036513547705971453,0.0002367057670072136,0.0003109722747819207
549,0.00027735857831795663,0.00019891342330206045,0.00020915814384900688,9.94591648123927e-05,0.0003305037245890364,0.00037167239364494685,0.00021909891112913574,0.0012458399333378815
550,0.0002767849085204169,0.00019294287077598708,0.00022683950936410325,0.00012956324967405895,0.00033226619786865186,0.00035590274205797774,0.0002180771823369901,0.0017442950718532194
551,0.00027545505801033674,0.00017451192149176389,0.00021861726321213782,0.00012377910827389798,0.00033960049430045426,0.0003698983370933554,0.0002512466357024943,0.0006115614338135426
552,0.0002745698301028575,0.00017567961697614575,0.0002201736230142367,0.00012488553449630153,0.0003421396853089015,0.0003610915876614466,0.0002531192892037863,0.00044211939293473866
553,0.0002736384863032078,0.00019075854480545213,0.0002113072204151418,0.00011568016556712304,0.00033119403411680073,0.0003620966030200044,0.00024092710322194265,0.00040144649575380494
554,0.00027320986855213105,0.000183128387402497,0.00022829228092164492,0.00012390228981288244,0.0003332327472226537,0.00034898726266452103,0.0002331835559953459,0.0017455321609183936
555,0.00027171801937879187,0.00018177953842337841,0.00019714548330782976,9.316762483466022e-05,0.0003519334121769567,0.0003568104691148425,0.0002614729739267723,0.002467814421110122
556,0.00027129983301649814,0.0001984659332443813,0.0002042339614602616,0.00012298949276551865,0.00033104263851037747,0.0003522523978279948,0.00023085274760661947,0.0007664004379692385
557,0.00026935940569862074,0.00017866822175418459,0.00020540006404892277,0.00011672076206981506,0.00032835073175425396,0.00036580851651885565,0.00024290632617446662,0.003405815605353422
558,0.00026888908245501576,0.0002004122847822061,0.0002047114323529787,0.00010793548488189572,0.00030809928023852877,0.0003631218624547903,0.00021298461341027442,0.0012255058039926112
559,0.00026761614207276505,0.000171871341349567,0.00020931445218385272,0.00013876371172672088,0.0003370467685403506,0.0003530168066209763,0.00024224014841640247,5.751299151386368e-05
560,0.0002656618941442773,0.00017856821431226017,0.00020306738308358682,0.00013211697764999196,0.00031656418856221193,0.00036522685886451213,0.0002869265155888676,0.00013390650413872435
561,0.0002650743007919179,0.00019705662070172318,0.00020339955019555762,8.968597978917303e-05,0.0003151077170632603,0.00034551065865288195,0.00019793304551364428,0.0005931166209757602
562,0.000263619117745694,0.00016728711229318903,0.00021069610561638818,0.00012209606826450674,0.00031794765386150775,0.0003593186770399364,0.00025122119112843197,0.0002332518066179162
563,0.0002631874000126752,0.00017394854956293994,0.0002052899350459134,0.0001281128194586374,0.0003377430511274091,0.0003365398728690328,0.000265189708244566,0.0019629846477018324
564,0.000261888201773484,0.0001719731007049108,0.00021174903050934343,0.00011419560299435612,0.000337681767141905,0.00032691691145032446,0.00021042956906761764,0.0010792307984303238
565,0.0002617666132410332,0.00017739794365986318,0.00019677270648444875,0.00012924541805459867,0.00033160727093757835,0.00034205617621481567,0.00027689739302418716,0.0036678694434912726
566,0.00026080736679972,0.000192879044068599,0.00020043923507648466,0.0001051376081798629,0.00031033273027847427,0.00034034329154861544,0.00023122246768145232,0.0024260387795318745
567,0.0002598026567457236,0.00019092467796689107,0.00018659674939577574,0.00011565225542493124,0.00032847782544874834,0.00033397326059936804,0.0002038777913948886,0.0038116931804477944
568,0.0002588957534432062,0.00017212687594354376,0.00018930265756054486,9.051975063139746e-05,0.0003319765470267967,0.0003429361632932582,0.00021522441933662442,0.0009379070015615811
569,0.0002581939749173849,0.00018875460942971003,0.00018852186574171753,0.00011040092940406334,0.00032059755106218427,0.0003356590429351287,0.00024867354842127116,0.00033105159535396194
570,0.00025677051500415984,0.00017001121973149284,0.00020630322157701882,0.0001210010573416599,0.00032950933664538054,0.0003220112748659656,0.00026657028047069007,0.0006893028711216205
571,0.00025649957725794705,0.0001635879873214508,0.00019841191755202642,0.00011233249199236122,0.0003354540414796068,0.0003292965593081868,0.0002707773103124977,0.0001412451539695693
572,0.0002547776631216015,0.0001694860765687826,0.00018868351970227176,0.00011198300623528844,0.0003311355712923326,0.0003305526319510554,0.00022008623907548327,0.0007293212153367478
573,0.00025363426486462885,0.00018363026319734432,0.00019719557936901207,8.587648826389564e-05,0.00030802543701574355,0.0003264295749336915,0.00020471164667323392,0.006840481207428808
574,0.00025255095135888055,0.00018252929264424126,0.00021438540366435974,0.00010916917369278944,0.0003043762567589264,0.0003096534735658674,0.00022241630969471114,0.0026662477963891873
575,0.00025175488146337297,0.0001902985415323977,0.00020822754884859882,0.00011016156498405629,0.0002887035338630867,0.00032052818519945906,0.00021802140302350074,0.00022336311936866683
576,0.00025107884715069287,0.00018873720853625743,0.00019723903187684533,0.00011477569369093257,0.00030795827525809675,0.00031111717268896726,0.00024343289479573528,0.0015521134418074365
577,0.0002502945297608762,0.00018276587019679,0.00020692459257380707,0.00011483952321915086,0.0002968022765584882,0.0003154193786808741,0.00021353470727522922,1.5548578071185898e-05
578,0.0002491820933095464,0.00018646256410724508,0.00020464653006316318,0.000105737348532461,0.0003008020586670373,0.00030554796045433887,0.0002146040592907269,0.0001415959660756879
579,0.0002475310175157798,0.0001703195702416628,0.0001794213407564328,9.71491631321616e-05,0.00029589275903903846,0.0003452162994982917,0.000209814303265438,0.002653641135602041
580,0.0002471853838054528,0.00016769176159056771,0.0001908904402182934,0.00012292081997508623,0.0002992670229373585,0.00033161719398731545,0.0002789008914547368,5.131562564451019e-05
581,0.00024676438234839195,0.00017001799308562,0.00017763852624616823,0.00010045947035895654,0.000303218925956709,0.00033690573147268204,0.0002436656566475627,0.0003331450512115669
582,0.000246316165032476,0.00017205741602071715,0.00018685005493667138,0.00011498472149360884,0.0003045550811851918,0.00032252444224739276,0.0002359144895874716,0.0003186800752043068
583,0.0002449058180493496,0.00017969207606964878,0.00018467139390097238,9.775225836467562e-05,0.000310694487929773,0.0003052835127341669,0.00023418396618114757,0.0015203396526422205
584,0.00024321606871809356,0.00017538943418850082,0.0001828310636860835,0.00010610488399373477,0.0002969848539058125,0.0003183721658420209,0.00023472506978600776,0.000940277575029532
585,0.0002428493743486172,0.0001601428310596102,0.00019740398134613152,0.00011169591847882359,0.0002870042107140433,0.00032755864108758486,0.0002133302967989699,0.0009120620556451766
586,0.000241042375673945,0.0001684193459478041,0.0001862187257724118,9.902092048487042e-05,0.0002948842894817936,0.00031535400807760163,0.00019044634285523564,0.0007974321629213425
587,0.0002409368390583585,0.00017823230661601362,0.00020179260212526944,9.550031115007618e-05,0.00028090482076954256,0.0003035241831360841,0.00022675000583031408,0.00032777216061131726
588,0.00024026644708948956,0.00018094176515569922,0.00019850220751735907,0.00011118877228201878,0.0002884336372458384,0.00029389277180156474,0.00021066851454204814,0.00020863961852696738
589,0.00023968165815870635,0.00017225064672875113,0.0001867325824899616,0.00011780578837795069,0.0002946759648346391,0.00030577031737291513,0.00024614628066529833,0.00038320179687533336
590,0.000238200666274835,0.0001586940032671851,0.00019303817316069355,0.00010219897398788775,0.0002793951082550292,0.00032237391635942225,0.0002280118789445621,0.0005781578642633053
591,0.00023754040692503848,0.0001693173378854424,0.00018733094259709465,9.400324139646895e-05,0.00029509783924328063,0.0002991121066584772,0.0001972004025677174,0.0007017909964932247
592,0.0002364109554665565,0.00017465687744174337,0.00019377915600722156,0.00010492050972793569,0.0002870552314897802,0.00029084584770268227,0.0002350173633596307,0.0002588166404521514
593,0.00023575340707487636,0.00016895669549019053,0.00017443626398260683,9.110521845871028e-05,0.00028800516507484586,0.00031230686247059276,0.0001858279684349521,0.0012287313435580395
594,0.00023464023507443075,0.00016566756329452285,0.00019211535400961302,0.00012023740777189417,0.00026672672044354326,0.00031473939827313796,0.00024536683396460094,0.0008404188773207828
595,0.00023451442989142024,0.00016305050299565934,0.00018359585048892188,0.00010225558022357953,0.0002991763032398769,0.00029292279113660635,0.00024012357904760136,0.0011653520134600468
596,0.0002339873524114157,0.0001504986391418512,0.00017047603395933513,0.00010654135029083858,0.00029306327114989115,0.00032259764439542053,0.00021260901187991466,0.0011231335053021776
597,0.00023268921449600481,0.00016970012700308267,0.000193069269429316,0.00010868899806144207,0.0002767984652830117,0.0002918713710342284,0.00020698932814008705,0.0012565702833863348
598,0.00023217210038472665,0.00016967003422141267,0.00017428114862459067,0.00010508633093158196,0.00028635634049061165,0.0002990617326899225,0.00023021599126552214,0.001323975539652431
599,0.00023053486915596832,0.00017895092766187075,0.00017950305704983696,0.00011106951871058549,0.00026502358644160033,0.00029933796076440916,0.00022518240978745783,4.935679386927817e-05
600,0.00023023210186009493,0.00017153642405012227,0.00018635071969731257,8.070607175045705e-05,0.00028013106471866595,0.00028358536634271836,0.00018432208021653359,0.0008498370466983433
601,0.00022940544787799138,0.0001622421539180515,0.00017818563905637984,0.00010893201508800096,0.00028223254595622374,0.00029563419421680575,0.00024270922163577126,0.0009122945616727397
602,0.0002291452325420243,0.00016169757479425923,0.0001769412915702055,9.634484902375306e-05,0.0002858728152680095,0.0002927412293468421,0.00021251241452695084,0.0008496233647589911
603,0.00022784616405181198,0.00016254401097764371,0.00017430387796383626,7.622723794639299e-05,0.0002845673447044377,0.0002906375924186889,0.00019152947441394854,5.688844152808151e-06
604,0.00022735958882264508,0.0001664896454402074,0.0001794807096911283,0.00010315657036459376,0.0002817854029449837,0.0002823493419226651,0.000211648787696811,5.413947022538866e-05
605,0.0002266183471415624,0.0001648823909756248,0.00018768655018168705,9.721209026385865e-05,0.00026662512733231276,0.0002879438901859978,0.00019926374100205969,0.0005825286349243992
606,0.00022542371708067732,0.00016532153815793815,0.0001675883588753929,8.521182834977237e-05,0.00027952319515184347,0.00028992284272595057,0.00018466571205828978,0.0004850643846981774
607,0.00022519437742155927,0.00014326425972123436,0.0001661261966463004,0.0001028326889026475,0.0002782968786442194,0.0003137505696705622,0.0002143097257717949,0.001761609015461825
608,0.00022446796123212358,0.0001521337278711703,0.00016845846897420853,0.0001128178862237854,0.0002929261998041555,0.0002850117119224194,0.00021405110321509043,0.000773258481643976
609,0.0002238443534905038,0.00016064438873361628,0.000173438018076039,0.00010389897377538281,0.00027457520627461576,0.0002873762355962062,0.00021470074161401799,0.0004819852335787063
610,0.00022331177410781397,0.00015866938572310182,0.00017333232654618487,9.467592538692006e-05,0.00027746835024131073,0.000284431904727457,0.00021171398666728863,0.00029818199056106016
611,0.00022260516049054237,0.00017654604754562832,0.00018041414139388095,9.550290373494202e-05,0.00026176572889408974,0.0002723475270370081,0.00020146547501818677,0.00038566129646009934
612,0.00022191531479641226,0.00016686520055486976,0.00018495005572425266,9.945489326958852e-05,0.0002655031952233715,0.0002709935850218796,0.00022201600540063744,0.0015840647666406917
613,0.00022053975451496682,0.00015835848223425374,0.00017876160722306097,0.00010793268872226547,0.0002675506693622823,0.00027813500365357386,0.00022847590927761009,0.002248372638957462
614,0.00021986337914822415,0.00014760696687412026,0.00016760359414893765,9.495821917893841e-05,0.00027933012958689986,0.000285557588298115,0.00020242940477102427,0.0001791928561996252
615,0.00021923603321826572,0.0001587499124992444,0.00016930630940494145,9.61728437931492e-05,0.00027364544484107303,0.00027588538455958027,0.00021479355635227625,0.0004020424137684642
616,0.00021840097830099647,0.0001485783940716102,0.00018013092779685865,9.981918495396912e-05,0.00025750543648803066,0.0002880296287851397,0.00020645599054710344,1.4262920172804283e-05
617,0.00021742587970339874,0.00014360621241252998,0.00017628540983576841,0.00011048072539307014,0.00027097085615859876,0.00027947865481897416,0.0001955988840257596,0.0006140249967503893
618,0.00021645563870554605,0.0001485750500336955,0.00016067146494718864,7.797897373632102e-05,0.00027233579903668606,0.00028487500881204595,0.00018481363691533114,0.0013660055118109747
619,0.0002161972763297652,0.0001472624202154797,0.00016355544280467668,0.00010269155592581379,0.00026926670906944855,0.00028533854161459974,0.00022827633652027025,8.85019095593169e-05
620,0.00021587821551837333,0.00015959711156751256,0.00017702173473225973,9.788722997097716e-05,0.0002530823323816369,0.00027444475786194105,0.0001987827123101096,0.0004575958881938791
621,0.00021516898732961714,0.00015641880645935648,0.00018417037359531023,0.00012366858642923328,0.0002618836159639823,0.00025883414770370034,0.00020882585418504685,0.0010406420738299676
622,0.0002147996131848371,0.00015540071668816369,0.00016999984245157367,8.853031167241504e-05,0.0002611042052204339,0.0002733235971275723,0.00016086738831173154,0.0005995540804609465
623,0.00021387368006470486,0.00014242170511598188,0.00016860930297849758,0.00010083876364747867,0.0002588863815742645,0.0002862045233839186,0.00021281959550642105,0.0007452575191254562
624,0.00021332604849128077,0.000151512723803058,0.0001566154124457871,9.167418112026128e-05,0.00026987902947377563,0.00027592261815044186,0.00018328919246583204,0.0011759311504819414
625,0.00021254849477415723,0.00014861489064997877,0.000173458419299842,0.00013223208377426173,0.00025358771702292156,0.0002751562614809457,0.0002334000089681019,0.000257536280249043
626,0.00021136647814602827,0.0001394410520161984,0.00017314023171405085,9.403265855007756e-05,0.00026886974886481004,0.00026463472188247803,0.00021443070596630431,0.00037930201376644283
627,0.00021083212339746457,0.000160635767765705,0.000178362897507955,0.00011809449301823161,0.0002491151012619859,0.00025583300241989823,0.00022816504594514684,0.0007056113337304763
628,0.00020989798351919776,0.0001590897482985275,0.00017312805816963977,8.751962250054409e-05,0.0002475513103287093,0.00026043835428280843,0.0002162334011040205,0.0026115648992135507
629,0.00020956653394112236,0.00015077836775469832,0.00016173688208526743,8.123558166759987e-05,0.0002643644541458614,0.00026200099692617846,0.00016924456390325822,0.0001919471222911743
630,0.00020910521534791827,0.00014876062733632834,0.00017366683686016133,0.00010455397941439064,0.00025523525160501523,0.000259371357734448,0.00019299547350887616,0.000166505060509347
631,0.0002086534692764541,0.00013799116354552138,0.0001652189493201946,8.989763422180739e-05,0.00026674896120788203,0.0002652666907491615,0.00019862123732537244,0.0002825113447948067
632,0.00020793923288771424,0.0001509241821410826,0.0001637691868456987,9.89312557699969e-05,0.00024792275406838816,0.00026975060056716596,0.0002081286829788882,0.001173252496766515
633,0.0002071063463907565,0.00014114000824676551,0.00016516683431447464,0.00012023037275525884,0.00025328590326763485,0.000269439989146697,0.00021782422007226524,0.00049227438746571
634,0.0002065125859071411,0.0001635099549751305,0.0001643374124599094,7.437391855595697e-05,0.00024490245069793575,0.00025390613269574727,0.0001692102759361421,0.0011042518599644468
635,0.00020528247756102546,0.0001377265088054827,0.0001566081404246539,9.60515379164184e-05,0.00025836342420946265,0.00026903383813510907,0.0002229576327233814,0.0018533937375339012
636,0.00020480195219220804,0.00014561800570162486,0.00016333966112904545,9.095281716559552e-05,0.0002517326417399783,0.0002591180932080923,0.00019359308406731945,0.0011009191080503299
637,0.00020419151261692677,0.00014622302272560846,0.00017190223835547908,8.050007024676127e-05,0.0002403156355304119,0.00025892395622342725,0.00020737878142525133,3.771326760013233e-05
638,0.0002035235271321589,0.00015576952738736885,0.00016721852188781943,8.98821730879232e-05,0.00024626116764284433,0.00024544173452087343,0.00019101524279649306,0.00014832683166809884
639,0.0002028142920390541,0.00014740777199221685,0.00016063277597330546,0.00010209026882201804,0.0002561983623710421,0.0002476130196806993,0.00019474521038329297,0.0008203967623590514
640,0.00020254315556113295,0.00013852416170708604,0.0001606191455296467,8.425456425814533e-05,0.00024319490739387647,0.0002684283744385694,0.0002016231238280729,0.0007023928131207677
641,0.00020190202504645705,0.0001562198736278039,0.0001665307654037989,9.01146243583125e-05,0.00024236781449515072,0.0002430817345002466,0.0002165700859562687,0.0004093015553246095
642,0.00020174204225275317,0.00013997273985490096,0.00016620296809740913,9.619251051530793e-05,0.00024565802303226484,0.0002557260560677648,0.00020772657500765467,0.0003572053087481838
643,0.00020099025687480342,0.0001482319022536027,0.00015623042555199838,7.657823513865002e-05,0.00024310484344930352,0.00025698327091432707,0.00017077735825080158,7.292065489978649e-05
644,0.00019960255704928688,0.00015497146890747053,0.00015883774165694554,6.699397523581468e-05,0.00023688301855775601,0.00024830334535877853,0.0001729292560796686,0.001163899464959713
645,0.000198684413350255,0.0001438167662876496,0.00015174952681757954,7.024537073782873e-05,0.00025362223449503765,0.0002461317780879184,0.00016287302113973082,0.0005882186804921583
646,0.00019817333122681638,0.0001534705960416544,0.00016345082933377149,8.669294694110401e-05,0.0002318138894491511,0.0002445391634742266,0.00018807222907648427,0.00023111820071249642
647,0.0001976828231771132,0.00014258820863222122,0.0001486714183286231,8.312857683229446e-05,0.0002504767877165914,0.00024957459297654544,0.000190866988465417,0.0019021822470500051
648,0.00019680459503191404,0.0001362864743316766,0.00016036565909832248,8.583546284231604e-05,0.00024910497308251544,0.00024203841357566224,0.00016619471183676075,0.0001233334514036863
649,0.00019634063417196118,0.0001499025729572969,0.00015685569590650719,8.56576081742555e-05,0.0002321569705907727,0.0002470230751064069,0.00016662073827757728,0.0009501919954505555
650,0.0001959410127266932,0.00013647512583454553,0.00015006432645763793,7.655340458122808e-05,0.00024644602930736626,0.00025135317669507806,0.00018261775475599521,0.00011078927738133432
651,0.00019457110713861275,0.00014158313352284873,0.00014432843407846687,6.98191814798959e-05,0.0002386862544576121,0.0002542571963610489,0.0001575633950192165,6.61420886556699e-05
652,0.000194376543322562,0.0001293568572801129,0.000141635943433276,7.652947565646139e-05,0.00024509841404176476,0.0002619849787428926,0.00018351189027169382,0.0006990137961742265
653,0.0001935967145473397,0.00014653244607071303,0.0001519061663430452,9.258255616504249e-05,0.00022734932058558643,0.0002491666591407374,0.0001992100304583478,0.0011136099760859443
654,0.00019327220248220456,0.00013010419844376552,0.00015418968743141444,8.015042612445951e-05,0.0002471123658073188,0.00024224933888245,0.00018362701991903114,0.0031149500833537336
655,0.00019263723768762181,0.0001306959349506945,0.00014737934837416353,8.95012926378349e-05,0.0002524230569133645,0.00024061552836177362,0.0002195811987681364,0.0015746426570829911
656,0.00019180552812505825,0.00015030025650409313,0.0001465497030234991,7.360458827851448e-05,0.00023068995674620533,0.0002402446771177216,0.0001735526950736417,0.0001615905946543939
657,0.0001914004648578036,0.00014184363144011908,0.00015543200764021677,8.267723489987467e-05,0.00023813190763957462,0.00023075560394515395,0.00016256494173564373,0.00017576403484277533
658,0.00019071310393999107,0.000131908335631469,0.00013999973535914922,8.137598192721474e-05,0.00023481567814201827,0.0002566879410596055,0.0001758000416694297,0.001062049770176932
659,0.00018972879728056487,0.00013316888267111225,0.00015045835966615928,8.182092552635564e-05,0.00023184334500632326,0.0002440009914267428,0.0001973502863636205,0.0045162279567447635
660,0.00018920863702050447,0.00014143595005598473,0.0001428170877576398,7.625870313225724e-05,0.000223226885925382,0.00024990948846751837,0.00017182443202716646,0.00018175647986330085
661,0.00018871340772287195,0.00013098025487492186,0.00015322970542718694,8.82756671466497e-05,0.00023286490761697658,0.0002383321732919266,0.00018328229673234345,0.001739912085825146
662,0.00018809836935808002,0.00013150409463863184,0.00013752300863067218,7.891189604725788e-05,0.0002406382215598812,0.00024327976157042426,0.0001774675723239603,0.0006657521320448843
663,0.00018776564774359116,0.00014649125963285125,0.0001621370877629228,8.062405757632326e-05,0.00021577895384659502,0.00022720592148119226,0.00017132924662356278,0.0046889937327595
664,0.00018703060942320686,0.00013689094559120657,0.00014925502308428266,8.053393191152941e-05,0.0002209157994717479,0.00024160914585518763,0.00017735915485009695,0.001971171134677675
665,0.0001866421857880236,0.00013733675518356748,0.00015006575197064543,8.64214863648599e-05,0.00021852713105093073,0.00024118644321317187,0.00017080217659476535,0.00036889760576330044
666,0.00018564390736117742,0.0001305401324566299,0.0001420454703521083,8.386892388192499e-05,0.00022396929437979116,0.0002465651423979605,0.00020406156507593256,0.00011744385584805143
667,0.00018557500866352468,0.0001401928463780937,0.00014162058264715471,8.311041360085736e-05,0.00022971883144052565,0.00023131198151342131,0.0001899172571787655,0.0008007401360270605
668,0.0001845744176856518,0.00012664010970757855,0.00014950487002002858,8.703605329391363e-05,0.00022463029524779187,0.00023806366991522797,0.00017694952840631897,7.51266003121389e-05
669,0.00018431757088226456,0.00012743853959798444,0.00014743579565367555,8.269553659216416e-05,0.0002281891593948174,0.0002347473087532108,0.00016761606810363153,0.0009851501359568208
670,0.00018356751728770905,0.00014139569450097048,0.00015613738708501529,6.375997502189757e-05,0.0002254956459081416,0.00021177966387708047,0.0001506396009740581,0.00027200899140229095
671,0.0001830539818141422,0.00013040389384550655,0.00013936233519707195,7.780220153521203e-05,0.00022883831484835594,0.00023414819877702814,0.0001621001984683905,0.00033976769467054265
672,0.000182424787280007,0.00011939307620058455,0.0001404550843147487,7.813574540826292e-05,0.0002328599169250281,0.00023752604147762505,0.0001599893444661794,0.00020767550809086083
673,0.00018205124827750207,0.00013889870862501482,0.00015584138864360917,6.968683045800547e-05,0.0002022453627966112,0.00023175340737108426,0.0001456455445677854,0.000852812194399047
674,0.00018127115662505786,0.00013486784030689315,0.00015047031050598002,9.202409468090694e-05,0.00021068037699934638,0.0002295976841564773,0.00018339797066518722,0.0013368568073781804
675,0.00018031690232873078,0.0001333264866346016,0.0001450255294700454,8.306323547820951e-05,0.0002192094923467811,0.00022423488918795866,0.00016398426244271195,1.647663260533799e-05
676,0.0001800574369841109,0.00012991403748216358,0.00015052852318239376,7.775113806410017e-05,0.0002171904947044156,0.000223124719391965,0.00016260442872667385,0.0009185227416062757
677,0.00017944222740208022,0.0001425093371341522,0.00014861014666739093,7.97886454198722e-05,0.0002037019489258427,0.00022347369894937786,0.00016389352941458771,2.3275923344044253e-05
678,0.00017871566000381777,0.00013425648222209968,0.00015783551076181313,8.38400820678303e-05,0.00020857688961496148,0.0002147178501664406,0.00019637205651411841,2.997466187758444e-05
679,0.00017804741679851828,0.00013268494966702578,0.0001466535474234,7.085732100299105e-05,0.00021478828856508897,0.00021858501423483373,0.00017030539626163864,0.00023830588081987956
680,0.00017740274913891925,0.00013292286357132597,0.0001525060979611709,8.52737664511731e-05,0.00021167863740343456,0.00021302363882012807,0.00017050801420565427,0.0007404645569484388
681,0.000176816542568048,0.00014034403650545102,0.00014776675117681337,7.312295428329129e-05,0.0002095305793096144,0.00021014332645285461,0.000165179502712798,3.278868977950151e-05
682,0.0001766465922454721,0.0001253579275876698,0.00013502951912887484,6.626945205072999e-05,0.00022245636314002405,0.0002242605851279327,0.0001588089206063076,0.0011802408809885618
683,0.00017615315990259788,0.0001288453504165443,0.00013854519282644406,7.70998714218794e-05,0.00022501026507687336,0.00021272840886365056,0.00016369304537941907,0.0001089229367610352
684,0.00017504418548249133,0.00012410518531376716,0.00013952066316336552,7.648034117966908e-05,0.0002226249232566703,0.00021443929776002055,0.00017104696113416138,0.001141526789974691
685,0.00017450975611123343,0.00012918488608763045,0.00013802688815523146,8.316490938291805e-05,0.0002126147959666126,0.00021872421434651734,0.00019945220454435373,0.00010448561240977103
686,0.00017393834257639054,0.00012722633799065275,0.00013613522245154895,7.762735818799907e-05,0.00021217513305684622,0.00022072675966711632,0.00016306402157303184,0.0008335754748207637
687,0.00017377997432499448,0.00013054597815867562,0.00013782828206017401,7.184299061716843e-05,0.00022017807951773817,0.00020707717899429593,0.0001481683996440944,0.0007023699676633019
688,0.00017332741785109498,0.00012696686487526687,0.00013874196067479715,6.972237066413699e-05,0.00021237737273472186,0.00021573176278385166,0.00013346642838034316,0.00016363810219282028
689,0.00017270460486229302,0.00012979395633845074,0.0001383638046100815,6.533641270517284e-05,0.0002106293841085168,0.0002125377395163486,0.00016188054748178155,0.0001168454310365609
690,0.00017163746479893972,0.0001281980922759952,0.0001281656642313662,6.566075040588297e-05,0.00021625544262876827,0.00021443399602081483,0.00015821075966620678,0.0005858391175171477
691,0.00017117672124316623,0.00011602944600527833,0.00013451679776149892,7.889979481244246e-05,0.00021667852763623837,0.0002179840986794185,0.00015395049384025146,0.0004113674973818783
692,0.00017105028896388915,0.00013159385619015098,0.00014358614493272553,7.57183509941352e-05,0.00020414283762734364,0.00020537993058573274,0.00018099192229472638,0.0002948969684803631
693,0.0001701757173797263,0.00013454111215400913,0.00014020792422007837,7.497262081594811e-05,0.00019321996689573978,0.0002132329172971202,0.0001651553662137045,8.507432349103778e-05
694,0.00016968694294549857,0.0001367059202339856,0.00014753386470174506,8.265893691884927e-05,0.00020779018360507617,0.00018721542007942094,0.00016757985178736536,0.0003251249310549986
695,0.00016902586782652614,0.00012136950852464833,0.00013459057525868568,8.384695522884024e-05,0.0002248193261158256,0.000195819739414605,0.0001627333494493335,0.00030503314599167195
696,0.00016877102925817898,0.00012224104016058632,0.00013812742534452624,7.551528680815482e-05,0.00020262647907554244,0.00021258410147677236,0.00016498972047947682,0.001119398187494386
697,0.00016828777471197197,0.00012363265557648867,0.00014045389194731727,7.954344716253554e-05,0.0002064709079911891,0.00020308715637979075,0.00016919692177110992,0.00010752352566173131
698,0.00016753463244054224,0.00013016860077277,0.0001287763813934913,7.827030229646212e-05,0.00020194322012721244,0.0002097416322814028,0.0001352242976535826,0.0003970241137253107
699,0.0001673812673037983,0.00012785060699023189,0.00012670438979904073,6.585228151126366e-05,0.000200538561668763,0.0002149223667083586,0.0001625459518694176,0.00019016863572008885
700,0.00016620388651323825,0.00011629943068237269,0.00013379035491409386,7.538370753335145e-05,0.00020416499977404874,0.00021104816337083444,0.00016536022006215123,0.00019376191128774397
701,0.0001657773945674766,0.00012203387414465887,0.0001295536099107265,6.25412931327231e-05,0.00020569346008174287,0.0002063147849323849,0.00014841821602916094,0.00020312079224775074
702,0.0001654559988486111,0.00012315818937212538,0.000123543429058073,6.910819593105264e-05,0.00020530077797083275,0.00021030680675554513,0.00015354993270748154,6.61320992842926e-05
703,0.0001648058483464804,0.00012085935422878404,0.00013380779078872715,6.423233685446605e-05,0.00019686386183695627,0.00020817568917589846,0.00014016514975441247,0.00048141822469782925
704,0.00016468571486334034,0.00012701157972779662,0.00012782853063884113,7.324853231218547e-05,0.0001984802997948565,0.00020590539852001217,0.00012654269515542004,0.0002084463149265683
705,0.00016364854209060563,0.00012154209947848637,0.00013806559332918384,6.459201773548794e-05,0.00019406964768025253,0.0002013967361678898,0.00015705355748971576,0.0012254998961864615
706,0.00016300652994340087,0.00012201541261470554,0.0001385513734271624,8.020814090560531e-05,0.00019831325121865017,0.00019362410689009846,0.0001591081625502122,0.001153258717652456
707,0.00016272494385863678,0.000130440532264849,0.00014012511128504816,6.626176582349732e-05,0.00018883732691275172,0.00019197400473923497,0.00014277371474886088,9.690979874436267e-05
708,0.00016240622294221181,0.00012684443980175654,0.00013399852032928118,7.924783999410447e-05,0.0001822235954494485,0.0002070346011006256,0.00017553312199006504,0.001985427012059364
709,0.0001621463556354485,0.00012510751105643817,0.00012717061978530025,7.515375827291159e-05,0.00020299336384466162,0.00019378943056927385,0.00014906498733255626,0.00020307816708987748
710,0.00016135774243550985,0.00011767294289079388,0.0001311642428470355,6.755172777325764e-05,0.00019713057364246665,0.00019993640011151332,0.0001516549401370258,0.0007308117714168744
711,0.00016094748954153105,0.0001179354531230718,0.00013300988551924196,7.533738571901981e-05,0.0001942446619400705,0.0001990719424156948,0.00015662851676530095,0.00028606146172459877
712,0.00016050019188358638,0.00011515991108716986,0.00012039270475539007,6.719361252578144e-05,0.00019989721559579422,0.00020702161081739565,0.00016112728836894328,0.00015009001724087701
713,0.00016032364465217726,0.0001175692366392309,0.00012695899729547828,6.857010871443363e-05,0.00019749228400529656,0.00019974421855840468,0.00015759099229171599,0.0004023651673783797
714,0.00015978951356012048,0.00012144789313348811,0.0001383785378598714,7.044374428238971e-05,0.00018419144213238238,0.00019560877171970317,0.00017454330617906546,0.0016772058984157595
715,0.00015911892109975027,0.0001148379010682335,0.00012646477152947867,7.693748364411166e-05,0.00019121658096697084,0.00020442305634387143,0.00015579769791471904,0.0006517206638341187
716,0.00015859178352739718,0.00011377324228549918,0.00012222861849189376,6.316446378385977e-05,0.00019930923467370468,0.00019952111625106794,0.00015982444529468655,0.0006365313687968124
717,0.00015824011401784646,0.00012383511016594693,0.00012594241034722843,5.836903992849444e-05,0.00019040791612396697,0.00019323906584846657,0.00013044820606715113,0.00034052195558461224
718,0.0001578969253683693,0.00011143752037604526,0.00011829355782546132,6.918788171801078e-05,0.00019931431455096703,0.00020300534837028352,0.00014374247161692364,0.00015805384391053112
719,0.00015752219533172532,0.00012010626658493633,0.00013044408024654683,6.344984098343703e-05,0.00019631798013258439,0.00018368239631816785,0.0001540026515371911,0.0030226953784928704
720,0.00015673813406583787,0.00012077601591140365,0.00012910453780642567,6.45838115369388e-05,0.0001881326111072679,0.0001893990156147824,0.0001334329598105493,0.0006291189990517879
721,0.0001565332003846662,0.00012171293189858806,0.00012119653932223235,6.435583906328165e-05,0.00018861283564185498,0.0001950695352100929,0.00014233157697302306,0.0003960922544251633
722,0.00015628412107238714,0.00011012716798733231,0.00011962030601296948,6.197729086293813e-05,0.00019535975605411638,0.00020048756666202493,0.00012895505859686853,0.00030456359346522465
723,0.0001553644887322679,0.00011555456278125431,0.00011680646221655892,6.118492037603942e-05,0.0001833394521503983,0.000206213091653773,0.0001399494901633548,0.0005854839666941918
724,0.00015479582203137862,0.00012659728124668137,0.0001298856926865545,6.391884766141596e-05,0.00018382212230742687,0.0001793321385843164,0.00013225524864412435,0.0025571670222428503
725,0.00015405743985508883,0.00011346742774237246,0.00012573425680213095,6.928900573023723e-05,0.0001804484532028052,0.0001970314038710746,0.00015035330862723313,0.002495713541029552
726,0.00015365489658712513,0.0001055241108009422,0.0001156709343445773,6.857984478710336e-05,0.00019548300275842891,0.00019839213961625533,0.00016828591406068376,0.0009783357925599234
727,0.00015298190510552797,0.00010306366130239765,0.00012307667876663669,7.052023962984805e-05,0.00019636806475981024,0.00018986784026090987,0.00013648125811921582,0.0011669500066940656
728,0.00015259795909599487,0.0001160474814718314,0.00013013820738411262,6.118457902470403e-05,0.00018924719785409503,0.0001754064517036618,0.00013597566294763755,0.001199452397787468
729,0.0001523549654706077,0.00013155963076872572,0.00012659299252509783,7.71564969279074e-05,0.00017768967794961816,0.00017402434891874172,0.00014508781259851765,0.0007584761703352687
730,0.00015228436807887053,0.0001234812072314919,0.00012575224263671028,6.357985657067937e-05,0.0001750491210602889,0.00018530148118236676,0.00014437947052387332,0.00010805254877582459
731,0.00015170342085431263,0.00011776178987023576,0.00011555917417399887,5.986746789738234e-05,0.00018856435478332032,0.0001853732415194395,0.0001269557680140779,0.00023780261874913975
732,0.0001506382322013853,0.0001181344044593804,0.0001187866778909317,7.39306467668838e-05,0.00018180789396896193,0.00018426570629850896,0.00012982499708221907,0.0011554410029830963
733,0.00015043801769288237,0.00012187348260357095,0.00012155706390678221,7.009371408800853e-05,0.00017937789847195175,0.00017938479242008998,0.0001464461334621755,0.0002460779576782442
734,0.00015010874913808168,0.00010650350192089313,0.00011479917564465377,6.78345132382122e-05,0.00018203218319868593,0.00019754033782707007,0.00016343413184457772,4.3979133202668005e-05
735,0.00015004826283232243,0.00010786293094154765,0.00011717676719981964,6.359783502769083e-05,0.0001943829482055648,0.0001812104295317329,0.0001454633982673874,0.00016983773480991668
736,0.0001495728178028291,0.00010759783940144114,0.00011440485396576193,6.019338138782797e-05,0.0001889558418877884,0.00018777136696307775,0.00013586765185962074,0.0011211271217169527
737,0.00014912966459309804,0.00012264881813754368,0.00011584482330568324,6.788429928385973e-05,0.000182640211039066,0.00017582213466419997,0.00013907695974896338,5.0533832855328295e-05
738,0.0001489620202202828,0.00012749230172206296,0.00012941353331955737,5.813380443702057e-05,0.00017685364718026653,0.00016252543776317725,0.00013694820491239463,0.0009003025256466022
739,0.00014820690808415004,0.00010993535891435006,0.00010971924649146762,6.124342067290883e-05,0.00018371368037489012,0.00018989396993683924,0.00012351578237561312,0.0027372527646078396
740,0.00014713339089007782,0.00012025901905402564,0.00011629752970195573,7.120528411207112e-05,0.00017679583530078364,0.00017561265627100115,0.00014867748851604869,0.0020804640624167334
741,0.00014693788087130025,0.00012055273260386953,0.00011968228041613119,6.391067473902362e-05,0.0001754892440050308,0.00017245816842109145,0.00013900474345218466,0.000666188108812318
742,0.00014661368761390538,0.00011745025007394745,0.000117085677807793,6.378485733443668e-05,0.00017590137806233806,0.00017644739708104056,0.00015141993307078903,0.0008412026882331461
743,0.00014635836032746963,0.00011628585090545706,0.0001251242179252222,6.837257814258704e-05,0.000176079941216866,0.00016837263415167593,0.00014296357139091656,1.336768650803527e-05
744,0.0001456877937225014,0.00011347046486442101,0.00012335248517164306,6.398287083826093e-05,0.00018220761136712206,0.0001641478510679628,0.00013653300801599544,0.0012274959782310317
745,0.00014539277763877273,0.00011377141159399801,0.00011122088966589612,5.218663110597228e-05,0.0001758942951131417,0.00018111088550040415,0.00011517849711403285,2.189073644383217e-05
746,0.00014529028481890993,0.00010359807391615574,0.00010751504094177139,6.232790640835351e-05,0.00017931524822803783,0.0001911588469466017,0.00015331593482165146,0.00013900556456522388
747,0.00014438357900074317,0.00010479788577351735,0.00010645436861740926,6.0008939986819615e-05,0.00017576500469216192,0.00019094046988553528,0.00015123977622160626,0.00024599621213877286
748,0.00014391595355844327,0.00011378782582264867,0.00012334602519368878,5.9460239292055826e-05,0.00016161820853715937,0.00017733379443554434,0.00014002906936506944,0.0011349633487625608
749,0.0001431969561786147,0.00011382680574267353,0.00012036147525977619,5.923570452654224e-05,0.00016760523389631224,0.00017141424115445626,0.00012124066118675615,3.425071819041115e-05
750,0.00014294918364451346,0.000109664706347701,0.00011476846071462977,5.860161459742877e-05,0.0001701319241134736,0.00017765084848962647,0.0001527545772070212,0.0018838979891716051
751,0.00014265845662058904,0.00011026510422265529,0.00012268543779582987,5.9042140895616526e-05,0.00016821308215321079,0.00016988855522728826,0.00013216743660368236,0.0007660937909498629
752,0.00014230849669446166,0.00011082247570457769,0.00012024865935937139,6.0222595906360634e-05,0.0001642227519328449,0.0001743574265595231,0.0001317833639363486,0.0006234950086515642
753,0.00014198514257531726,0.00011306465516244501,0.00010923955697360296,7.094029924486364e-05,0.00017071976150277507,0.00017533297537052243,0.00013100037259312686,0.00036678021159729
754,0.00014173514012020833,9.920621926894583e-05,0.00011359738095126636,5.382862592965813e-05,0.00017610549856316747,0.000178447106862468,0.00011526976042182372,0.00012482535625681516
755,0.00014119945482213146,0.00010591825725846592,0.00011288129892014488,6.0632139503381847e-05,0.00017624038171174626,0.0001701719555654836,0.000145758073465886,0.0005527885104720528
756,0.00014091254659315622,0.00010351131056064054,0.00011089844627918472,6.490090086665176e-05,0.0001723026709731937,0.00017735099230329487,0.00013572708282261187,0.00043509677515424293
757,0.00014042669857612856,0.00010405730396528909,0.0001051539120329828,6.087890625830799e-05,0.00017496321876617156,0.00017794416890962677,0.00013345725426421653,0.0007873539496467441
758,0.00014004621292880567,0.00010254795751611565,0.00011383796630164588,7.004479220077673e-05,0.00017349534090860898,0.00017071427891868644,0.00014731021706952053,0.0002625273830682732
759,0.00013964776426568867,0.00011371085809114864,0.00010917830848264364,5.344431286819825e-05,0.00016904619134084606,0.00016706522111412634,0.00012057667902066553,0.0023348501574563677
760,0.00013926887700956294,0.00011586595436357932,0.00011688214321744773,5.3614875751317816e-05,0.0001642903678042156,0.00016044545818342417,0.00011800051720198311,9.424322365983798e-05
761,0.00013911984099917915,0.00011100444820875395,0.0001148192086071777,5.835319303723327e-05,0.000166617320820461,0.00016444636223824112,0.00013023645720951582,0.0004325562219123589
762,0.00013849046634495913,0.00011282326323004643,0.0001102721493409679,6.126193310034979e-05,0.00016495524597889054,0.00016631733676306367,0.00012189244989546393,0.0006944336767760535
763,0.0001378671476784293,0.00011057423904305103,0.0001098566659881131,4.837777401264209e-05,0.0001619639096844224,0.00016947807777476683,0.00010356932695364752,1.946775291682647e-05
764,0.00013758213914786058,0.00010243819940232776,0.00010239215387625061,6.247089764836986e-05,0.0001747541606769121,0.00017114750868200103,0.00016214095844744447,0.0019767800759749815
765,0.0001370621720450948,0.00010138575442966102,0.00011096691181837442,6.297970301579828e-05,0.0001661274791591937,0.00017017048349981135,0.000137087387423282,0.0014486707341051844
766,0.00013682225646545379,0.00010633368544572804,0.00011656097457072826,5.734144848687327e-05,0.00016479330897426964,0.00016000229548553588,0.00012403114177314678,0.0008751473614991991
767,0.0001362200370385129,0.00011515775877302904,0.00011113216199479034,5.372547514804145e-05,0.0001590032813870061,0.0001599864184925007,0.000120276746168803,0.0006120841913872273
768,0.00013580813728812294,0.00010428880394092841,0.0001045097110540781,5.874596247237722e-05,0.00016898564918894937,0.00016584664899472654,0.00012931698474678561,0.00039505293031452145
769,0.0001356483492597531,0.00010489617959013792,0.00011808340212908989,7.404331995802166e-05,0.0001609953358722304,0.00015901627477938904,0.00014004351643457088,0.0006105194469795238
770,0.00013505047908035146,0.00010784791780474487,0.00011176258417049612,5.758221429337113e-05,0.0001703319042764336,0.0001506555535009209,0.00013556023323859793,1.151567899087599e-05
771,0.00013455568373576033,0.00010073634276524007,0.00010712096568109904,5.9094051796205393e-05,0.00017092964441841485,0.00015983037293782973,0.0001231982277114946,0.002017398551693466
772,0.00013427737458446447,0.00010219988152154886,0.00010988057511103459,5.6414842394706487e-05,0.0001629161040532633,0.0001625067139383395,0.00012973341100648504,0.0006176737676349273
773,0.00013393205941894537,0.00010485831815944865,0.00011197027000274401,5.8311447380434115e-05,0.00015772100633312827,0.0001615714040877818,0.00013360656079549745,0.0002525942380078925
774,0.00013346092278322173,8.992979606322398e-05,0.00010529676840469538,5.915669248073933e-05,0.0001727245238843528,0.00016628398291810895,0.00014055553119613043,0.0006733765385717631
775,0.00013335202510510904,0.00010856354707869248,0.00010811622241958028,5.5898785321820376e-05,0.0001534802258491047,0.00016363916692651784,0.00010868708447908547,0.00040898595002941056
776,0.00013284757493542442,0.00011003687718971154,0.00012474963137765218,5.1506612680813945e-05,0.00014619018381943576,0.00015080319006523644,0.00011397286211735447,0.0022207601275535684
777,0.0001326204680002439,0.00010676597337863071,0.00010930475266272023,5.579032740248042e-05,0.00015791829656666597,0.0001568817651130026,0.00010498240624402795,0.00043393168615487524
778,0.00013220138444136593,0.0001096882035650126,0.00011051910244963129,5.336738064144213e-05,0.00015044921661499865,0.00015853670208189588,0.00012308046052162815,0.0006970617305894987
779,0.00013185984093888806,9.840611142433205e-05,0.00010617580941716175,6.306647147871633e-05,0.00016111296469016714,0.00016213116389177747,0.00012646443761629727,2.2401628918523188e-05
780,0.00013113376538651168,0.00010916702373244386,0.00011141760468676215,5.46266050086004e-05,0.00015110316204876954,0.00015323182742954457,0.00012831107037954297,0.0006203741234170682
781,0.00013063028372545268,0.00010262132637874097,0.00011027651741073787,5.9105124089140877e-05,0.00014721057858897214,0.0001627957923963924,0.0001343848134857275,0.002299929922960871
782,0.0001300042476894113,0.00010796769331860005,0.00010256638586428861,6.067685184658099e-05,0.00015593899806084566,0.0001539251580595648,0.00012174153374019985,0.0010476221461531044
783,0.00012984353825207573,0.00010556069843810809,0.00011075469812015904,5.0615864408550044e-05,0.00015657421707412447,0.00014686531321567566,0.00011345135111366633,0.0007879169863562486
784,0.00012969462326363793,0.00010111025330249593,0.00010258544108665102,6.086950553918164e-05,0.0001567784201955515,0.00015868471458727472,0.0001449606746468507,0.001955211061239729
785,0.00012941180901391588,0.00010162489806649057,0.00010820396876105947,6.733808301241622e-05,0.00015251181936846208,0.0001556860569242239,0.00014102301786548814,0.0007430043582170413
786,0.0001290635606667139,9.872394147196282e-05,0.00010500918526209514,5.457513937850127e-05,0.00015963881942263034,0.0001532607813526459,0.0001309063545151025,0.00042454222512700615
787,0.00012870389984719307,0.00010311200439880619,0.0001087961127425241,5.7124986712076944e-05,0.0001497282768576911,0.0001535566363481058,0.0001254489416829053,0.0007039127890161355
788,0.0001283499820662122,0.00010055109547408006,0.00010433335359545738,5.655279730405194e-05,0.0001517059466513209,0.00015718592592089755,0.00013136342378442252,0.00010079855189701366
789,0.00012804181372869856,0.00010368630235603963,0.00011706143477019776,5.950934636191358e-05,0.00014789221196157457,0.00014390279407784274,0.00011566089371363443,0.001063897584152367
790,0.0001274451911816938,0.00010062381342955694,0.0001053819738279515,4.8978417199909416e-05,0.000148458328592806,0.0001556903883145435,0.00010936596863553813,0.0002929409587805258
791,0.00012726673570090277,9.496157906418883e-05,0.00010976817182090025,5.206291489733276e-05,0.00014873829969712162,0.0001559721072470251,0.0001253813106473864,0.0012102902925329635
792,0.0001269923901225869,9.715455369976159e-05,0.00010324881405868357,5.969866600810867e-05,0.00015653322172206588,0.00015140538253280962,0.00014256915529110766,0.0005863807274101795
793,0.00012663876376986315,9.955868912653769e-05,0.00010852757908999278,5.2923756281496786e-05,0.00015251772906130318,0.00014632243198772627,0.00011635437775084356,0.0008977888955572879
794,0.0001259183204487124,0.0001013260232436563,0.0001076074905939946,5.328338127030672e-05,0.00014776056533051337,0.00014734846560117003,0.00010798130228668456,0.0004895756952029489
795,0.00012571249981049707,9.24214948781646e-05,9.600469132706811e-05,4.29677771740332e-05,0.0001578358850063182,0.0001569565857119788,0.00012662222229946595,0.0010809687670303844
796,0.00012542392537413525,9.208482026528797e-05,0.00010292480397195339,5.476620422043121e-05,0.00015146035845494454,0.00015559352961700069,0.00012372044622673033,0.0010732772024940767
797,0.0001247470624638908,9.862621046843536e-05,0.00010337285456103938,5.19967419654284e-05,0.0001460865492639238,0.0001512684625367839,0.00011530769129860991,4.135808748416102e-05
798,0.00012434632617716918,0.00010325384076978555,9.825038984031182e-05,4.8319812679990126e-05,0.00014922885776007922,0.00014701686932822435,0.00012362699701840444,0.00024486474482961993
799,0.00012407404663862084,0.00010010923568513639,9.7772814892546e-05,4.813181155518695e-05,0.000149914176434314,0.00014886381445592797,0.0001234447617694642,0.0003564699636024234
800,0.00012384194253728587,9.827238403614869e-05,9.97069428623625e-05,5.368848808797117e-05,0.0001507985172440647,0.00014695309970876998,0.00011718273699602824,5.8768132191193786e-05
801,0.00012362916001882484,0.00010675400017217801,0.00011059601067597716,4.982861588542615e-05,0.0001426183271227405,0.0001349108508164203,0.00011566364295082932,0.0007357207528766145
802,0.0001233312953672176,8.983482942201673e-05,0.00010205496266679675,5.5930460756772174e-05,0.00015588294338448038,0.00014591412112911826,0.00011467405574621624,0.00020390305848910203
803,0.00012312576000745025,9.671480061851759e-05,0.0001036079023933868,5.655312349074447e-05,0.00014782335976729638,0.00014471805052815418,0.00012892433698274283,0.0001084958708737969
804,0.00012260635720930522,8.663511462791094e-05,8.908702851106629e-05,4.984121673590855e-05,0.0001559305446188868,0.00015913229051994337,0.00011962356574272849,5.955219073348229e-05
805,0.00012219393705347037,9.619966985002998e-05,9.612955594538111e-05,5.3710352296721525e-05,0.00015014432299207797,0.0001466605393900872,0.00011843614200098133,0.0010292891588059706
806,0.00012184196115933664,9.976127052995213e-05,9.92688812352844e-05,5.384689254784681e-05,0.00014802657583132966,0.00014066842471374759,0.000107209449689789,0.0010834806461544812
807,0.00012175457567601483,9.702649591019118e-05,9.935980379650866e-05,5.201492472083689e-05,0.00014182473801071773,0.0001491643163668353,0.0001132405794957716,0.00034767313922257726
808,0.00012115419003187453,9.434166336965166e-05,9.035978072992122e-05,4.828714805075446e-05,0.00015293062602530293,0.00014733998010012372,0.00011299034778628047,0.0002871369349776528
809,0.00012096412723434131,9.205568856550759e-05,0.00010183115904304574,6.152824754121635e-05,0.00014350118047969044,0.00014682321334460408,0.00012081291832299834,0.004667064600672323
810,0.00012054800508076437,9.571043770188147e-05,9.398979764466889e-05,5.349715158084701e-05,0.00014053103948722496,0.0001523142592034592,0.0001166399436660061,0.0015833934594092335
811,0.0001203481136232471,0.00010361503388382961,9.855920189153851e-05,5.82032375619505e-05,0.0001401190448536927,0.00013945210139071964,0.00010642426878062748,0.0011559328743264916
812,0.00012023691043817952,0.00010543478947106199,0.00010540756206069198,6.358024521409654e-05,0.00013586070445147796,0.00013459718766951388,0.00012305430481847893,0.0010217474305211297
813,0.00012006778167432951,9.496453107206448e-05,9.548768486101417e-05,5.53630269795719e-05,0.0001453624224826932,0.00014480859355874741,0.00011884548727988097,3.5554824208301705e-06
814,0.00011937936027078134,9.481234288994578e-05,9.616538070735517e-05,6.1019281824901604e-05,0.00014093418289511415,0.00014595561991588053,0.00011171981095909166,0.0009996758238851387
815,0.00011870800444832962,9.218013476272279e-05,0.00010009530028459306,5.6279128187349896e-05,0.0001431099962414552,0.00013979470361971043,0.00011891514800355518,0.0008450722022700344
816,0.00011845318448794845,0.00010056077970481577,9.117314167297292e-05,5.604215352519732e-05,0.00014162004091911767,0.00014080614469329716,0.000104403699957108,0.0005494169452001138
817,0.00011815680475561204,9.153708270423283e-05,0.00010143317649172537,5.187863897376219e-05,0.0001367185728782226,0.0001432848872698086,0.00011298825732465571,0.001093845357714763
818,0.0001180916933989588,9.362099954129277e-05,0.00010326297883393855,6.523009746705207e-05,0.0001403737919618259,0.00013545531278751665,0.00011567182978392149,0.000775580904383193
819,0.00011792210693347499,9.242478760263255e-05,9.71562040168583e-05,5.54844117273442e-05,0.00013864574676105941,0.00014380750141292802,0.00011633118233947184,0.00016142556548361903
820,0.00011741437575350378,9.750985205540706e-05,0.00010001255267157176,5.16858041246316e-05,0.00013535414693079782,0.00013712527481234414,9.375783054755983e-05,0.001020405511296195
821,0.00011656221564533174,8.937151798708246e-05,9.049550241147381e-05,4.397781442729631e-05,0.00014679288484384812,0.0001399307805457288,9.557111316613596e-05,0.00022284618266829226
822,0.00011634503613018383,0.00010075151653052107,9.629983028639218e-05,4.927263853965028e-05,0.00013278156063752883,0.00013588842537565286,9.6969999277935e-05,0.0012813064454932541
823,0.00011606596311905369,9.233592419922089e-05,9.921267750667234e-05,4.909797516372928e-05,0.00013608901768117116,0.00013696660270265919,0.00010792874720174293,0.00032272684005347455
824,0.00011586906195743923,9.122221976884796e-05,9.678777831534279e-05,4.9711540766363734e-05,0.00013793012571684788,0.00013787591603190403,0.00010351120810416212,0.00047545881801129444
825,0.00011577871846809619,9.679549326566513e-05,9.941747520674128e-05,4.268842089519364e-05,0.000130978871590789,0.000136262561463556,9.882303242747738e-05,0.0013411396359131196
826,0.00011551318161778113,8.821240025319233e-05,8.838496736164264e-05,5.778801977700802e-05,0.00014254099685837701,0.0001432531100391789,0.00010691243019559377,0.0003132170879927652
827,0.00011529544268705921,9.905160456986936e-05,9.791903457362777e-05,5.0762368768003106e-05,0.00013612442417906272,0.00012842481738016478,0.00011014821958275895,0.0005840906954512179
828,0.0001147518189016133,9.460593961056205e-05,9.77338449225072e-05,6.655028037581106e-05,0.000140858774082225,0.00012614523219874814,0.0001367006612014979,0.00018105040246301271
829,0.00011450205360698373,9.440407665678183e-05,9.806055601071046e-05,3.806458574679874e-05,0.00013703676341168938,0.00012884260161237921,0.00010794270935355976,5.4808720075005605e-05
830,0.00011406689863419294,8.701046793313134e-05,9.385600077526819e-05,5.160596796480402e-05,0.00013843464205369276,0.0001373009920393469,0.00011472530038213714,0.0008447446029222621
831,0.0001137594061146889,9.47951234581326e-05,9.898561816979056e-05,5.4877560673527906e-05,0.00013165380059245723,0.0001299366886889647,0.00010634145678599238,0.0005745728703804423
832,0.00011344534514840872,9.484443978509171e-05,0.0001021892256049791,5.4723442449793e-05,0.00012859279653165586,0.00012848760201423614,9.9465796274227e-05,0.0004627092286454392
833,0.00011309818968968358,9.051477731332241e-05,8.926259521684764e-05,5.638365820559105e-05,0.00013802384960149585,0.000134923202269935,0.0001090378553941775,0.0004099583309099469
834,0.00011265404258930981,8.966164108362955e-05,9.555578931038905e-05,5.4496550092377514e-05,0.00013429929872599958,0.00013142980459941817,0.00010387597524001165,0.00018752703856520368
835,0.00011239144581550835,9.234893262998336e-05,9.011176580627166e-05,5.059675694716533e-05,0.0001370630236243591,0.0001303716543868221,0.00010432181256914784,0.0013499034283019707
836,0.00011214667767958459,9.319159581814734e-05,9.690066394410328e-05,4.7347888208129495e-05,0.0001269688659838601,0.00013185446116242044,9.812542937242809e-05,0.000958226445799259
837,0.00011196776437537913,9.544332256724639e-05,8.950865710631645e-05,4.933086694699208e-05,0.00013518796294072468,0.00012805946546287563,0.00010595357397409002,0.0006993552813298988
838,0.00011158637518703153,8.933057929510231e-05,8.934055240425223e-05,4.6918678433839876e-05,0.00013387467087289264,0.0001341269306514237,9.419525369764928e-05,0.0011319961240774128
839,0.00011133121807740807,8.323619899225131e-05,8.45865094392536e-05,5.157096717586074e-05,0.00013668386088381908,0.00014114478653371078,0.00011530171042372531,7.201587766432776e-05
840,0.00011095323831781234,9.04833759369502e-05,8.534758012000295e-05,4.914294674908088e-05,0.00013521809548408686,0.00013308927756595365,0.0001143607383215654,0.00013922822999961997
841,0.00011075320247400492,7.766439393124488e-05,8.757990639056896e-05,5.457782504484247e-05,0.00013828186838876676,0.00013981143020679233,0.00010862249946362214,9.777041170409597e-05
842,0.0001106290675733874,8.783149389907796e-05,9.814299444019613e-05,5.3802266041138186e-05,0.00012805435820551191,0.0001288118490285136,0.00012397682890190605,0.00041281550680565134
843,0.00010981635232360092,8.696291871667146e-05,9.352682497498241e-05,4.5815599701197685e-05,0.0001319463191555168,0.00012715138833902144,9.154937382395797e-05,0.00010570211648027429
844,0.0001096150100898773,9.25386522607567e-05,9.294146856632421e-05,4.4113072964889e-05,0.00012528988705005664,0.0001280114844390573,0.00010221077664989519,0.00024278621100927197
845,0.00010909394947944295,9.218452355256188e-05,8.358924135657287e-05,4.956342990568697e-05,0.00013256245857263244,0.00012835949822924978,0.00010543985481934,0.0003626549775167865
846,0.00010890639076698624,9.66944442590135e-05,9.851750674020236e-05,5.259815989095855e-05,0.00012011014233904754,0.00012062284286942318,0.00011422750487526345,1.6418085207259445e-05
847,0.00010868425352367938,8.964339912850078e-05,0.0001000235063417316,4.174371800104105e-05,0.00012177470499300911,0.00012361412490404454,8.385191681176012e-05,3.4898005332027785e-05
848,0.00010840561116227711,9.556419359133293e-05,8.875335662744557e-05,5.7178757507430426e-05,0.00012540593849259376,0.00012421686091039797,9.970561978825581e-05,0.0006280562473011877
849,0.00010804778086265556,8.627679781338377e-05,8.954781956001832e-05,5.174777812425033e-05,0.00012867912470497866,0.00012800423671946337,9.64397311160066e-05,0.00010164951260213694
850,0.00010755034376558627,9.203395391606336e-05,9.139699664311141e-05,4.978003355336827e-05,0.00011967261425382962,0.0001274132078941666,0.00010472687818935164,0.0006694490422206862
851,0.00010728885851082541,9.06940584788995e-05,9.273768784412938e-05,5.578754199743973e-05,0.0001212639642039482,0.00012477435384919278,0.00010345509081602638,0.000586231486593784
852,0.00010691574564076737,8.210246960111923e-05,8.517966980378427e-05,5.176535090474947e-05,0.00013318433723461738,0.0001275100426117767,0.00011417369515922067,0.0004406892009692341
853,0.0001068549558411237,9.502824177358512e-05,9.353374595669175e-05,4.1647699196022176e-05,0.00011994030209848876,0.00011923089238858139,9.757424012616636e-05,0.00040831987335009415
854,0.00010654789891470054,8.665904694467334e-05,9.029510560549671e-05,5.805592739968476e-05,0.0001232003974065546,0.00012634950221614656,0.00011407150465508854,0.0009626192847790414
855,0.0001062319690226472,9.253559274960359e-05,9.178231965986932e-05,5.522565964800999e-05,0.00012229791012448288,0.00011862358449657404,0.00011309912617662993,0.00023794321316477482
856,0.00010578125332324963,9.287714810520192e-05,9.238745235934709e-05,4.504606439340789e-05,0.00011675552764839633,0.00012141509396250484,9.563721857703677e-05,0.0005093004964840701
857,0.0001056790143693157,8.246174642683234e-05,9.028778347530774e-05,4.533888446530521e-05,0.00012162632427725425,0.0001286501125229695,9.808799622722354e-05,0.0010877724044034913
858,0.00010528328873116681,8.032119512761976e-05,8.466420345909088e-05,4.91584438242513e-05,0.0001300418096545835,0.00012641469513298688,9.454603776227897e-05,0.0007638815229473871
859,0.00010495181631449733,8.810743380858068e-05,8.871604106230404e-05,5.1693603387257125e-05,0.00012956439123937088,0.00011372717614890168,0.00010027752343178682,0.001010706306054284
860,0.00010467306395964756,8.687748924645814e-05,9.626920002282301e-05,5.034747902116558e-05,0.00012351340993257067,0.00011233911512553566,0.00010309536688876592,0.000354969076279717
861,0.00010452143656653508,8.699542416619729e-05,8.999162612343856e-05,4.832734087585037e-05,0.00012446047818824563,0.00011694473282182981,0.00010297213892343737,0.00010983669397926398
862,0.00010425420628262124,8.458073261382886e-05,8.638894998236949e-05,5.2047310467064334e-05,0.0001282572189954138,0.00011809565574197758,0.00010557617544870811,0.0006946229126296158
863,0.00010395139514400151,8.51812082710165e-05,8.89496038005018e-05,4.675764595376958e-05,0.00012417146255747137,0.00011780814851682901,0.00010921899670075693,0.00010251758884047136
864,0.00010363055989295227,8.320573523665231e-05,8.550213793945716e-05,4.649968093831764e-05,0.0001238291694192136,0.0001222890992585294,9.779885470306099e-05,0.00011516841585736107
865,0.00010334892692980219,8.805894500298334e-05,9.190163937803768e-05,4.64278246233117e-05,0.00011696194145214075,0.00011677625877349263,9.842027141945823e-05,0.00031963203475624387
866,0.0001030317343053691,8.286402083220693e-05,8.611565604428813e-05,5.404885256694692e-05,0.00012139638635584258,0.00012205301868967313,0.00010309181661139959,0.0004324424443869946
867,0.00010270353746664658,7.760353800228356e-05,8.232325734164203e-05,4.3779663971959115e-05,0.0001268970820621902,0.00012429145575330722,9.89872203679308e-05,0.001064633371101839
868,0.00010228100611196875,8.112935466526032e-05,8.087090361381155e-05,3.5496354672447275e-05,0.0001244496458897207,0.00012297406491973086,0.00010466302046364846,0.00019614901426583082
869,0.00010209564106477902,8.639064202946627e-05,8.495921759335834e-05,4.38641451158701e-05,0.00011998278733014061,0.00011734931861144563,0.00010046814287868683,0.00017833970881777836
870,0.0001016859052689458,8.783970417560621e-05,9.053670375310767e-05,4.3667567561386656e-05,0.0001149879718148126,0.00011367744093776799,9.830058694810197e-05,0.0006841843307854906
871,0.0001016008112065578,8.121736678507043e-05,8.06913766819967e-05,5.7188939081397634e-05,0.0001250665196966549,0.00011972593028841376,0.00010256457193857845,3.1820592016283643e-06
872,0.00010136662555656612,8.362067888694693e-05,9.00969695158274e-05,4.5441069239379144e-05,0.00012102651828779092,0.00011101959798880268,0.00010089115283128923,0.0004187968511573095
873,0.00010126116209080777,7.823332037499333e-05,8.153060673003939e-05,5.158854330021988e-05,0.00012076881956040566,0.0001248088543867439,0.00011780190851501588,0.0009160055949485248
874,0.00010077142166709599,8.486771434140458e-05,9.217139222314784e-05,4.3317505930377425e-05,0.000110158906255136,0.00011618319146923338,9.330550654380525e-05,0.0002343330926686902
875,0.0001005930952880238,7.480442956880377e-05,8.112018916100866e-05,4.4375238743576694e-05,0.00013023949221666674,0.0001165032643369227,9.671542782099189e-05,0.0007280194273127416
876,0.00010030545127909968,7.853516634410768e-05,8.445560476272281e-05,4.3114916541472994e-05,0.00012364373047996796,0.00011488145535578826,0.00010028365847437742,0.00040183655510592133
877,0.00010023451739480517,8.037048801360688e-05,8.372803669726679e-05,4.7039721109076255e-05,0.0001196582343909562,0.00011747525397685366,0.00010360216792929193,6.212404953000835e-05
878,9.971964326054364e-05,8.463597973257184e-05,8.427515725773882e-05,5.0717444852188326e-05,0.00011155722286077941,0.00011870264590005232,9.378812697885425e-05,0.00018453866281527477
879,9.928908895602469e-05,8.00456305053506e-05,7.921883854129917e-05,4.329256652151964e-05,0.0001205497567161481,0.00011763330037034987,8.641250672938547e-05,0.00036270536334456803
880,9.925446814635608e-05,8.453227774733744e-05,8.439163294564609e-05,4.548477313285691e-05,0.00011562094098570389,0.0001127640885507665,9.73167782455137e-05,0.0001060796536185272
881,9.886009713055752e-05,8.108175878860254e-05,8.931840590928877e-05,4.5099450018637544e-05,0.0001161187347374964,0.00010921140084834975,0.00010822705738541338,0.0004322767730224592
882,9.855705281091066e-05,8.059448815411912e-05,8.1221262182808e-05,5.000696894104727e-05,0.00011735457670207683,0.00011534690842445503,9.785571163239063e-05,0.0008919535298607705
883,9.834953961074572e-05,8.383341249054898e-05,8.182197424347896e-05,4.273623182647588e-05,0.00011555763410788551,0.00011247355267413698,9.919818915003398e-05,0.0011032038890342172
884,9.818935259428629e-05,7.912613217868105e-05,7.958288427046917e-05,4.057998424552783e-05,0.0001157386876565554,0.00011859765157039023,0.00010643654763792396,0.00020270689314471523
885,9.789057763390716e-05,8.344177534213806e-05,8.181362829884604e-05,4.35071191440462e-05,0.0001137856650507576,0.00011280831139494695,9.308960707229734e-05,0.000281797259746362
886,9.781860004057257e-05,7.971012265228052e-05,8.4299053367203e-05,5.0121642371197837e-05,0.00011645034834296736,0.00011110173436523138,0.00010447067638912586,0.00028585634516052746
887,9.746531750197109e-05,7.888403645099294e-05,8.434155488261248e-05,4.095005299624636e-05,0.00011169332099258823,0.00011522817961214958,9.157014692978902e-05,0.0012907053074768977
888,9.729988239188251e-05,7.723573273234533e-05,8.168366071659755e-05,4.872422666945816e-05,0.00011098558907514447,0.00011957988425508911,0.00010209109310754985,0.0001761165036255125
889,9.702398539689708e-05,7.878262030661455e-05,7.934597898423757e-05,4.420708818372733e-05,0.00011344358055781134,0.00011680828910028875,0.00010397191155497889,0.0002733023130336787
890,9.657154199604975e-05,7.829422722393874e-05,8.333753066013699e-05,4.575162200161937e-05,0.0001112687100163073,0.00011366890119507729,8.739545956269776e-05,0.0003715052260456782
891,9.635949501165445e-05,8.466609502973495e-05,8.051745517522997e-05,4.617203095703264e-05,0.00011318189377279805,0.0001073551152194503,9.244017913499795e-05,0.0010503084489790503
892,9.627223506700415e-05,8.722515335446174e-05,8.77342739200617e-05,4.38807697409198e-05,0.00010764735494688666,0.00010276448084588944,8.328850632378836e-05,0.0008509548404261919
893,9.605965067141614e-05,8.462776718790628e-05,9.141547768246519e-05,4.768217560565603e-05,0.00010479246125467544,0.00010368459545399868,9.00185182835512e-05,0.0003670848531944252
894,9.573130842443727e-05,7.924784188144135e-05,7.964657248675493e-05,4.402907300332656e-05,0.00011408180347867115,0.00011022975205635452,0.00010042446603509649,0.0002285992433058094
895,9.564691691146376e-05,7.931852556833819e-05,8.440786901068141e-05,4.119705305062622e-05,0.00011251497520187928,0.00010662678730915093,9.10225377305911e-05,8.046425927799903e-05
896,9.531709065452148e-05,8.688928864046898e-05,8.534673227201185e-05,4.18373759715771e-05,0.0001065743223265492,0.00010273754137423066,9.252202834793937e-05,0.0013960810129268922
897,9.513981210390063e-05,7.815055857346212e-05,8.099548842939524e-05,3.97970371385977e-05,0.00010821761975374536,0.00011347458384115415,0.00010483061411714431,0.00034422223140663716
898,9.465879603435745e-05,7.995408542909728e-05,8.206958506868938e-05,4.712563866314196e-05,0.00010902436388124379,0.00010786474161186997,0.00010155341354048923,0.0006636005359136538
899,9.446709869339391e-05,7.887417284630184e-05,7.580650497228251e-05,5.2120751984752946e-05,0.00011068397356943446,0.00011278077341687884,0.00010320451783368272,0.0005238939516793123
900,9.416205253652903e-05,7.604534629391858e-05,8.077395809067436e-05,4.596073260961643e-05,0.00010623256724622331,0.00011387247335916888,0.00011283186980183814,0.0006746229593403752
901,9.408887695660962e-05,8.397480703347704e-05,8.694082630807317e-05,4.20319227078859e-05,0.00010417691320318599,0.00010153888230261002,8.179961931549359e-05,0.0002944394425719036
902,9.399291062780122e-05,8.056601365434018e-05,7.989544277691529e-05,4.305606709962441e-05,0.00010520139398008823,0.00011058443126627018,9.559373365037043e-05,0.0003937126535575193
903,9.363773858197946e-05,8.104195557229055e-05,7.906732909149821e-05,5.0922169843933315e-05,0.00011053003515458581,0.0001041862303421478,9.183959384669995e-05,0.00017033353248931138
904,9.341945264776139e-05,8.344809794364358e-05,7.74025428949361e-05,4.650922840372777e-05,0.00010707547321157445,0.00010602565442982979,9.170146983100026e-05,0.00026130356286215093
905,9.310278234760456e-05,7.540996613192554e-05,7.672272552419618e-05,3.834361676285115e-05,0.00011283148628907229,0.00010771998019568142,8.909129563005213e-05,0.0003120316113138703
906,9.289804457329189e-05,7.805597161662319e-05,8.023360075120073e-05,3.865929653553981e-05,0.00011151577489734375,0.00010205925939275636,9.020632071973753e-05,0.00030067950759549465
907,9.256401264784702e-05,7.414203751928107e-05,7.821530576903772e-05,4.147503758182178e-05,0.00011378720616508282,0.0001043829493099417,9.547879118815886e-05,0.0003330558348861616
908,9.234024507768619e-05,7.876566464620642e-05,7.872052215013242e-05,4.725912843641638e-05,0.00010780432908053004,0.00010434125718713802,8.948418201140455e-05,0.0007801246358196282
909,9.211790613149926e-05,7.451825363037612e-05,7.728770426993386e-05,4.4947211445945404e-05,0.0001080757325585626,0.00010886007418169636,8.744540149598209e-05,0.0003129127643228743
910,9.174958369897281e-05,7.515390004047656e-05,8.008757053088101e-05,4.4412821570168675e-05,0.0001062252445775761,0.00010580067952182823,0.00010100870564116135,0.0017015622948373384
911,9.156965947692975e-05,7.637094648953882e-05,8.081270821488889e-05,3.7820075150336705e-05,0.00010866892622358268,0.00010069459014896382,8.443089760453996e-05,0.0005830724346599726
912,9.14224021963757e-05,7.807419362022715e-05,8.149255919119581e-05,3.489019093830754e-05,0.00010714653504815377,9.924442263227559e-05,9.309797705994396e-05,0.00040891121535859606
913,9.115976584112045e-05,7.643988373494777e-05,6.934890376451504e-05,3.750522925111088e-05,0.00010802586324359966,0.00011109174360519296,8.320380769650568e-05,0.00017559033528635
914,9.076803573946438e-05,7.863726806400922e-05,7.955376293302065e-05,4.517148114074267e-05,0.00010222755875778231,0.00010291973588581058,0.00010261118035467808,0.00046844610890898146
915,9.053012037197988e-05,7.693823795677255e-05,7.791964025851677e-05,4.34585002379606e-05,0.0001033048489312908,0.0001042232385946708,8.783344837988343e-05,3.385088263136636e-05
916,9.008888775431567e-05,7.760119344077122e-05,7.725861520369495e-05,4.272529509504268e-05,0.00010514001008973964,0.00010061992298614847,8.197475587285295e-05,0.0018889133387755904
917,8.992821128514399e-05,7.586324719743368e-05,7.478681710316257e-05,4.149978514019632e-05,0.00010474982807734409,0.00010457667302808234,8.787466054787301e-05,0.00020785306759443887
918,8.974940403766159e-05,7.17707789370405e-05,7.394291199427333e-05,3.267348281277479e-05,0.00010990271817667443,0.00010364440250613842,7.49581518102573e-05,0.000357477320204371
919,8.956900464421695e-05,7.611933794104217e-05,7.486153371425912e-05,3.927192559762585e-05,0.00010453128926582925,0.0001030265229241961,7.900472251490723e-05,0.0017905389715092584
920,8.945390214188654e-05,7.710737654643411e-05,7.821423562556083e-05,4.217978957080345e-05,0.00010382645965260777,9.892986528832595e-05,8.95238030187392e-05,0.0010099724255260797
921,8.92713569344205e-05,8.048615709666891e-05,8.136841355213442e-05,5.0274096717205696e-05,9.609371998816174e-05,9.939893039582505e-05,8.561269744818266e-05,0.0002243378712627192
922,8.905730997667096e-05,7.755302286360037e-05,7.773599687576019e-05,4.1429757753162876e-05,0.00010506372435162184,9.613766130412621e-05,8.337237654126712e-05,0.00024398555531173
923,8.885094529337039e-05,7.777594837090877e-05,8.1074473923713e-05,3.933036496288814e-05,0.00010344238518892197,9.337153397526252e-05,8.080770912808201e-05,0.0011381059082331943
924,8.866794310178694e-05,7.750462906318377e-05,7.419740369704978e-05,3.79853063484075e-05,0.00010253342354821221,0.00010069633896958404,8.615577049033633e-05,0.0002760728413303057
925,8.839959397677851e-05,7.267479030760601e-05,6.983979536382639e-05,3.787537473468899e-05,0.00010679300096458656,0.0001045500270006482,9.688757145894671e-05,0.00013616337912358102
926,8.811914571159389e-05,7.921772141597692e-05,8.068380249003005e-05,4.11760668360297e-05,9.357955652043581e-05,9.925391667707635e-05,8.383969553706548e-05,0.0006072957120629955
927,8.799438421551876e-05,7.668456887236302e-05,7.835846616595324e-05,3.851034588579465e-05,0.00010267273722381048,9.451981294707376e-05,7.174035510938298e-05,0.0002868815826137828
928,8.765719883262118e-05,6.898269853797827e-05,7.363304832250594e-05,3.704467843733902e-05,0.00010863670267396739,9.963340502659893e-05,0.00010041016269314605,0.0003174290413532051
929,8.727840406389472e-05,7.55666503500873e-05,7.711236640261557e-05,3.827146969524902e-05,0.00010268039465292305,9.401015285005442e-05,8.102601450233959e-05,0.0002359562095920169
930,8.720422428276909e-05,7.961250400064554e-05,7.835206924621933e-05,4.16713700653235e-05,9.546951452938057e-05,9.563854038321811e-05,8.347789733720025e-05,0.0006868870230262574
931,8.695514689388675e-05,7.339242584342224e-05,7.478710129799956e-05,3.5313885979365616e-05,0.00010442329013361181,9.54727708853334e-05,8.700890453305633e-05,0.0002460765896635234
932,8.656733874033592e-05,7.247511950274696e-05,7.384198185048796e-05,3.401927042152052e-05,0.0001052001267172997,9.500599032961645e-05,8.087806004989624e-05,0.0009625069489142766
933,8.642517917257218e-05,7.161872126177396e-05,7.246259249438912e-05,4.092845767628792e-05,0.00010125181451937764,0.00010062103439157971,8.754043395773179e-05,5.530615100872719e-06
934,8.615053352562821e-05,7.851839267409429e-05,7.893151554904518e-05,4.1927739878214875e-05,9.623090744888483e-05,9.117395975388405e-05,8.464055411332089e-05,0.00019223104614535784
935,8.597919150782317e-05,7.761300939470922e-05,7.678530720208337e-05,3.751690850448094e-05,9.371113618892053e-05,9.605945120229094e-05,8.115852497630952e-05,0.0011528193047562708
936,8.578823473561507e-05,6.795326925013002e-05,6.875235433337477e-05,3.551622516592645e-05,0.00010012792437040024,0.00010657097010779213,8.111820369228888e-05,6.217170103004037e-06
937,8.555862658379267e-05,7.647875493586424e-05,7.294527478990921e-05,3.859717789852206e-05,9.798671918085447e-05,9.507466250239572e-05,8.320350524555589e-05,7.119263233580823e-05
938,8.534866509646098e-05,7.776497390816948e-05,7.312445816562144e-05,3.643025440332978e-05,9.489509854033065e-05,9.586042006350859e-05,7.791225692036807e-05,0.0003062647839836636
939,8.488583967048844e-05,6.937609923779038e-05,7.338885927778058e-05,4.103019177307508e-05,9.787030497869715e-05,9.915702673064798e-05,8.564627213268894e-05,0.0003790849823092292
940,8.464415285176519e-05,6.745385333365201e-05,7.259567040533675e-05,3.309388082125379e-05,9.953486650597935e-05,9.924044465615159e-05,8.068849123243536e-05,0.0007213327670283382
941,8.450167207055108e-05,6.49087522513135e-05,6.920391786436243e-05,4.141642728995436e-05,9.960408238828527e-05,0.00010453774189141255,0.00010070476341145844,0.00027104594132571885
942,8.436501503229718e-05,7.177655376958673e-05,7.512648071537141e-05,4.638310361919397e-05,9.739978502220847e-05,9.340464584301115e-05,8.900436759249833e-05,0.0013691031851208622
943,8.411812149350704e-05,7.051273948173436e-05,7.720387933491535e-05,3.822916326141145e-05,9.703392866834081e-05,9.196861846684901e-05,8.18152687779232e-05,0.0011480492589817119
944,8.397310227607685e-05,7.050299798313447e-05,7.045588691302408e-05,3.972593289137761e-05,9.722372933998817e-05,9.795604981305404e-05,9.20214364935436e-05,0.000201009015177348
945,8.373922007719213e-05,7.31138492444886e-05,7.294086054742152e-05,3.1636316999097836e-05,9.727688727580775e-05,9.187085247053898e-05,8.262268450802879e-05,7.381351956563104e-05
946,8.359185871114327e-05,6.955245277859645e-05,7.019995151595145e-05,3.7824105189463235e-05,9.950931326403678e-05,9.535085486340209e-05,8.455673649527493e-05,3.852861439616417e-05
947,8.33152186725324e-05,7.40012014211833e-05,6.921930029551235e-05,3.387822738263749e-05,9.758002918927872e-05,9.270466987254289e-05,8.098272173886974e-05,4.194584311369246e-05
948,8.291563504212166e-05,6.83403579722601e-05,7.10933061718751e-05,3.7573510542023345e-05,9.963573259196069e-05,9.283629796194261e-05,9.057832381529782e-05,0.0003309613640922728
949,8.250601545007884e-05,7.139876185584483e-05,7.390063107135784e-05,3.7201412281599294e-05,9.24533946154569e-05,9.251322715052703e-05,7.508437945188273e-05,0.0010400090994560865
950,8.24550345129353e-05,7.078246754560743e-05,6.972658798184208e-05,3.7213949209487335e-05,9.15172491247663e-05,9.803563686247848e-05,8.329420642885333e-05,0.0002018959013602376
951,8.241142903249118e-05,6.621135794041393e-05,6.779062656802247e-05,3.9152506681297376e-05,9.968833781872998e-05,9.619706966994618e-05,7.795332243318901e-05,0.000647698155096247
952,8.205270520013516e-05,7.098727970260503e-05,6.885324717667489e-05,3.6822063411950855e-05,9.505805447132185e-05,9.355286300755903e-05,7.4689114706444e-05,0.0009832172134766988
953,8.181489346400654e-05,7.296361861919786e-05,6.682454870692249e-05,4.216917741776299e-05,9.404060515812015e-05,9.367072775005124e-05,7.452759476526731e-05,5.0368846722426835e-05
954,8.167209416176614e-05,7.198330157029187e-05,7.142633790923674e-05,3.776059935268413e-05,9.472398328709353e-05,8.879426108699063e-05,8.553802497893403e-05,5.262088461136083e-05
955,8.128799438135011e-05,7.36861141677593e-05,6.995424969599834e-05,3.7543848650099145e-05,9.222513334586888e-05,8.952486100183497e-05,7.778872760257058e-05,0.000675093695898999
956,8.115931824744673e-05,6.373327336553947e-05,6.68515318710082e-05,3.464601706418836e-05,9.914559922273636e-05,9.5144871471243e-05,8.737051187522214e-05,0.00017284562161439177
957,8.087927691217018e-05,6.983905693254434e-05,6.888072736099104e-05,3.9667018377202664e-05,9.69975862720296e-05,8.803691933436387e-05,9.053633585507441e-05,0.0003711459083803889
958,8.074754344121373e-05,6.646160734305478e-05,6.805119001610759e-05,3.4998868174602195e-05,9.665563248591797e-05,9.205854055701859e-05,8.512005402560122e-05,0.00040085290333008564
959,8.059944468106052e-05,6.76539894603684e-05,6.954396606942439e-05,3.85838590159575e-05,9.554057182657524e-05,8.989561387517729e-05,7.955910769218332e-05,0.0005613291145635079
960,8.04791018995229e-05,7.328641210515204e-05,7.064048044972924e-05,3.2757679668940295e-05,8.776752593935794e-05,9.045799811810182e-05,7.978304890433698e-05,0.0007333058466789768
961,8.025802722072938e-05,7.242532395624766e-05,7.244904383265354e-05,3.353669293939226e-05,8.862281450788923e-05,8.777028770792496e-05,7.993546562024203e-05,0.00012097940648413306
962,8.011463126162747e-05,6.917122570054527e-05,6.799556134344922e-05,2.9575213006411558e-05,8.933248147331578e-05,9.419419642733147e-05,8.033606791973526e-05,0.0010854493153083017
963,7.978923767228515e-05,7.03557499697293e-05,7.063683600249188e-05,4.3107311493382275e-05,9.182759655840199e-05,8.657075423268855e-05,8.158215490453055e-05,0.001674921780595761
964,7.96155794649461e-05,6.774630281541991e-05,6.655248483299788e-05,3.268725905934206e-05,9.264258366849518e-05,9.175442259224247e-05,7.352889386843017e-05,0.00025139896570250343
965,7.95537358564071e-05,6.50297772842095e-05,6.602339149338822e-05,3.988761512645052e-05,9.2664254887858e-05,9.473081499902997e-05,8.904403853293689e-05,8.746733830379005e-05
966,7.931823166414513e-05,6.577170145815474e-05,6.732555025657549e-05,3.753825472929813e-05,8.89016274698595e-05,9.550665242046172e-05,8.678311754680439e-05,7.073268987191892e-05
967,7.897693418267437e-05,6.728931567045162e-05,6.6939511489594e-05,3.492815647042649e-05,9.255087269759498e-05,8.935964103688458e-05,7.384428376326703e-05,8.082837017046626e-06
968,7.873345071288152e-05,7.015570696289604e-05,6.744325886045519e-05,4.2666189354798464e-05,8.926913136418883e-05,8.829659520066678e-05,7.885003256654482e-05,0.0013442030454641585
969,7.834056721147919e-05,6.592218421567362e-05,6.704465839410378e-05,4.018697974072411e-05,9.07599668115285e-05,8.986519674129058e-05,8.779591255653896e-05,0.0012294175649736581
970,7.825394177711443e-05,6.479047449821994e-05,6.473628968215314e-05,3.419044760494452e-05,9.666223438936713e-05,8.705625198450547e-05,7.389826459607745e-05,0.0009808194232557832
971,7.816958773098133e-05,6.613149704879551e-05,6.612804198506538e-05,3.080655944266395e-05,9.450042348201923e-05,8.614762471399768e-05,7.465150196693678e-05,0.001044108179314987
972,7.793530896964902e-05,6.86674704744366e-05,6.674198475260414e-05,4.80926191315401e-05,9.083789496355236e-05,8.572243443376222e-05,8.989907919294585e-05,2.307611926711201e-05
973,7.784649559557615e-05,6.632921124076126e-05,6.50360595464136e-05,3.9601291259332715e-05,9.058684540898139e-05,8.966215485745071e-05,7.862045860221808e-05,0.00017278172602980545
974,7.731456678637387e-05,6.880340373180925e-05,6.804318292691325e-05,3.52623699178304e-05,8.313831421935795e-05,8.950009584055032e-05,7.733980727654898e-05,0.0003585168947841511
975,7.722730702416771e-05,6.881143402266078e-05,6.890578025615165e-05,3.5989931301437e-05,8.516552111331364e-05,8.625296579657268e-05,6.880273948142202e-05,2.6061377260115132e-05
976,7.703902698805595e-05,6.45074360982899e-05,6.222345117703034e-05,3.291351352551842e-05,9.426710132827586e-05,8.738404006045246e-05,7.929027420752724e-05,0.00028459404816881637
977,7.690204139228373e-05,6.607596366608292e-05,6.589392184227085e-05,3.1833520144441094e-05,9.320077172396777e-05,8.266302789592861e-05,8.037980574096306e-05,0.00012739797996398316
978,7.669112626760378e-05,6.273360928619791e-05,6.685292569962893e-05,4.002196149558539e-05,9.16708237487359e-05,8.573204667654696e-05,8.26229806220867e-05,0.00015036432070073056
979,7.66053775963227e-05,6.627737356152205e-05,6.607293242490945e-05,3.676078871528859e-05,8.803614024076217e-05,8.625971277127435e-05,6.21793262997781e-05,0.00138482586850413
980,7.650232912448742e-05,5.918071320575164e-05,6.517783679344057e-05,3.213009552719591e-05,9.22344416628923e-05,8.964067140007366e-05,7.334869711439798e-05,0.00010421020783002352
981,7.640296538592507e-05,7.320718311543188e-05,6.743873820050286e-05,3.346805282563646e-05,8.560276120006286e-05,7.958723467494188e-05,6.88868802240253e-05,0.001837645473638332
982,7.621747153074265e-05,6.472931548343598e-05,6.566486710816806e-05,3.3483828871273705e-05,9.29728782128471e-05,8.172633770546155e-05,6.897652922583371e-05,0.0013956147577464566
983,7.597865766963245e-05,6.421695856779149e-05,6.565260706628133e-05,3.58442584140062e-05,8.987699664579233e-05,8.439087953463967e-05,8.471444152671246e-05,3.613685269421248e-05
984,7.574257824197255e-05,7.007777925856923e-05,6.79175628804219e-05,4.013968782367666e-05,8.16102628064937e-05,8.358682668330183e-05,7.769190774473345e-05,8.15103555538915e-05
985,7.542326138236508e-05,6.520199458273384e-05,6.628281829223265e-05,3.821417641278176e-05,8.561040663261083e-05,8.481900794272873e-05,7.82420558544926e-05,8.269423072554416e-05
986,7.517398123290796e-05,6.663962674316608e-05,6.829008263716222e-05,3.5259966234335065e-05,8.654032607567508e-05,7.944634058547826e-05,6.731163644166011e-05,5.982747091711912e-05
987,7.511484623126105e-05,6.123712587180547e-05,6.243781618835136e-05,3.761084316404395e-05,8.598973290003726e-05,9.101498792624482e-05,7.343477497160883e-05,0.0005004224492417139
988,7.479494821450941e-05,6.442870584689173e-05,5.949536176832666e-05,3.1038451098689994e-05,9.09093399796743e-05,8.45657249014672e-05,6.712842360128862e-05,0.000831183799502205
989,7.464745664747442e-05,6.518204168511654e-05,6.66684637847981e-05,2.8103935438375867e-05,8.789820408878697e-05,7.906002506918259e-05,7.425372586660357e-05,0.0002834210281581032
990,7.426435634810134e-05,6.549389974950308e-05,6.297001745779567e-05,3.483327509915817e-05,8.569618544806924e-05,8.311510657942819e-05,7.594223491931741e-05,0.00041193427039395503
991,7.410872559819975e-05,6.601338535957234e-05,6.754987630009214e-05,3.440564457788967e-05,8.175670919072524e-05,8.133225902140145e-05,7.481890493863323e-05,0.00023704805691243203
992,7.401078982657692e-05,6.606128503656433e-05,6.359625579831443e-05,3.680153669834999e-05,8.764328284965285e-05,7.89593764794819e-05,7.603342575964322e-05,0.0005770442806097536
993,7.384345686183054e-05,6.31061064300277e-05,6.498534336197751e-05,3.277416681948941e-05,8.45481583675343e-05,8.295076907280537e-05,7.679228104573987e-05,0.000444898086075125
994,7.367216533760852e-05,6.476196498518114e-05,7.151775496903346e-05,3.546193285788547e-05,8.293507889783221e-05,7.568991042703766e-05,7.430209968240627e-05,0.0003948736746939303
995,7.339454169418074e-05,7.043414734001161e-05,6.467088979618509e-05,3.1509532566482585e-05,8.116853578857902e-05,7.751982718122723e-05,7.308722350711767e-05,0.0002665244936288251
996,7.322840056141254e-05,6.551614559924266e-05,6.466221235642136e-05,3.81635823917573e-05,8.637012200628852e-05,7.657986872138134e-05,7.530667208354253e-05,0.0001800669014818641
997,7.298287816808137e-05,6.374280965748831e-05,6.204607098993433e-05,2.7268420421284094e-05,8.549500314311521e-05,8.086165503596881e-05,6.381619444920697e-05,0.0003813472840288194
998,7.284629566910294e-05,6.337620845432345e-05,6.441176299703265e-05,3.183370263062914e-05,8.411088563068746e-05,7.969995135790127e-05,7.590228397686957e-05,0.000340053711114645
999,7.268882607580252e-05,6.560321948989768e-05,6.162538870042159e-05,3.9103755708274056e-05,8.331436926846884e-05,8.042549087309906e-05,7.79252724634878e-05,0.0010667450336196592
1000,7.266702449006784e-05,6.33783729478626e-05,6.782079371012755e-05,3.7052087313191084e-05,8.617349910249034e-05,7.350853202225638e-05,7.872158521579341e-05,0.00018761209067478122
1001,7.244244806541769e-05,6.50038892113984e-05,6.117569184669575e-05,3.780379068257744e-05,8.251882727887421e-05,8.128382520704477e-05,8.020742495810987e-05,0.0006289677029646709
1002,7.228786893068681e-05,5.68945460160152e-05,6.257889129368101e-05,3.670751767780079e-05,8.726757164725563e-05,8.262245387576195e-05,8.260426330318879e-05,0.0003581622115130592
1003,7.208406743144463e-05,5.892197352866639e-05,6.0227964031906086e-05,3.337745168907198e-05,8.742978665995796e-05,8.196793555051851e-05,7.123352424137855e-05,0.0006700687872556861
1004,7.193825603097733e-05,6.419467106184988e-05,6.664747942254494e-05,3.453644156587551e-05,8.421458565853112e-05,7.29072498893584e-05,6.95727118758913e-05,0.0005592206431874955
1005,7.166271004766912e-05,5.974932164119412e-05,6.494728924668268e-05,3.32599283267513e-05,8.478496558192729e-05,7.737941798845745e-05,7.589534252284115e-05,0.0002660663269476253
1006,7.161332888568172e-05,6.328265572851795e-05,6.164390966830473e-05,3.0841308648543327e-05,8.619029893360838e-05,7.554646077305466e-05,7.686744921519843e-05,9.068872649793338e-05
1007,7.11966661119557e-05,6.390784747878638e-05,6.419971460627991e-05,2.8323575472165627e-05,8.045440160169474e-05,7.643348802938572e-05,6.490053319201413e-05,0.0002939039707292448
1008,7.097685721802415e-05,6.465255967847637e-05,6.55111122461306e-05,3.121104471672863e-05,7.972612954786246e-05,7.422577038871838e-05,6.539157638453203e-05,1.7008634773798e-05
1009,7.082510208688571e-05,6.21442135717516e-05,6.41023358358235e-05,3.67116853739449e-05,8.118321509253517e-05,7.607834228610945e-05,7.432777946312475e-05,0.0017055546549066363
1010,7.074189291172034e-05,6.142149351061797e-05,5.8962050817364994e-05,3.222545553349057e-05,8.365499301973286e-05,7.913648840709155e-05,6.890479575306322e-05,0.00014099682852319656
1011,7.049676504536445e-05,6.057104025944625e-05,6.008381054849255e-05,3.2291611709756626e-05,8.170821696796804e-05,7.983072690456292e-05,7.833948152317333e-05,0.0006012992692300033
1012,7.033053968564845e-05,6.0739547753197335e-05,5.9318939121655336e-05,3.4330915052737614e-05,8.243080260546125e-05,7.903911751318938e-05,6.525670664030715e-05,0.0005665763113370876
1013,7.011230237401525e-05,5.792449895649581e-05,5.768670841941452e-05,2.892645602844372e-05,8.315452879518476e-05,8.188908170898105e-05,7.104688772809538e-05,0.0006247729640810244
1014,7.002647796027784e-05,5.9600160553941844e-05,5.974750895974904e-05,3.495015171217975e-05,8.071860267125408e-05,8.024499609091178e-05,7.23376235417048e-05,7.910336682635368e-05
1015,6.971591167914761e-05,6.320759765251966e-05,6.279745592242126e-05,3.5081068961619345e-05,7.80853987328298e-05,7.497763965012189e-05,6.726011991672785e-05,0.0002762879013379316
1016,6.95938336811943e-05,6.211750873557855e-05,6.019155069986427e-05,3.314564161597392e-05,7.846690563327297e-05,7.780345752609915e-05,7.666138296891128e-05,0.000683556529632599
1017,6.935032375358639e-05,6.077985074259055e-05,6.1436550623906e-05,3.402399078207877e-05,7.860023968983833e-05,7.67880277481213e-05,7.292881641985323e-05,0.0003075867409736083
1018,6.930256859293144e-05,5.8998128325711934e-05,6.399905173149136e-05,3.3752845978632055e-05,8.035474745556649e-05,7.406157970143273e-05,7.740920039410122e-05,0.00019505728687664193
1019,6.903075788463871e-05,5.793601951011892e-05,5.8585108064446764e-05,2.7944762513624123e-05,8.005377484588807e-05,7.975056489600229e-05,6.112872311020708e-05,1.4089023760367893e-05
1020,6.893731102673553e-05,6.358970480677535e-05,6.347319942076361e-05,3.448321694376862e-05,7.715129305387279e-05,7.173720912638587e-05,6.812921505759344e-05,0.0006012288096626849
1021,6.88642981118448e-05,6.012429308568279e-05,5.9466881986428576e-05,3.6192813555608516e-05,8.05900717577258e-05,7.547789372163906e-05,7.298729980053047e-05,2.7864750097734515e-05
1022,6.855935774892641e-05,5.836709885382648e-05,5.901488425656149e-05,2.782441868107093e-05,7.893043153348128e-05,7.812607033684879e-05,6.80263632080906e-05,6.813565899695072e-05
1023,6.85200152226632e-05,5.485161173923949e-05,5.801692514405531e-05,3.225570683544795e-05,8.29723798448849e-05,7.84400827966868e-05,7.269137669022721e-05,0.00041531748900621823
1024,6.830014739025655e-05,6.360989576794905e-05,6.066477335097397e-05,3.3424486901759665e-05,7.416055502312754e-05,7.496565996971158e-05,7.151378594381627e-05,0.00046420626642244855
1025,6.807356712739857e-05,5.825684170482553e-05,6.227476982334959e-05,3.1356454040167154e-05,8.109947641643471e-05,7.086280989450663e-05,6.693384736433254e-05,0.0003841210435584078
1026,6.795434801314827e-05,6.132897331074123e-05,5.8791586604773335e-05,3.4686407581522826e-05,7.598251469148688e-05,7.591359672205297e-05,7.454692844112273e-05,8.39859345052542e-06
1027,6.779647404908754e-05,5.99788348591395e-05,5.899088195626705e-05,3.556407835676024e-05,7.754343561521912e-05,7.487156062926084e-05,7.516995726696769e-05,0.00030792670913506196
1028,6.770340862300724e-05,5.513014870743339e-05,5.4983487131441486e-05,2.9481054799456505e-05,8.27346781274001e-05,7.816386411855911e-05,7.858048472879883e-05,0.0006784408465380531
1029,6.753870072011187e-05,6.39479316454994e-05,6.0065123986403415e-05,3.2200420066112655e-05,7.64436935024268e-05,6.98961142425621e-05,6.22766297155199e-05,0.000487225485153887
1030,6.748056738354244e-05,6.141585998123586e-05,5.829992763701106e-05,2.9583729720186252e-05,7.814501302315923e-05,7.225935905224418e-05,7.43393281365072e-05,0.00036383545268166284
1031,6.713096546636002e-05,5.83939464054579e-05,5.662399688223098e-05,3.397120921139467e-05,7.593358143316527e-05,7.776920211229913e-05,7.116678813446702e-05,0.00022148602543070224
1032,6.70010419761404e-05,6.086029365360471e-05,6.304971431873453e-05,2.6507594037830962e-05,7.499053746562107e-05,6.930010651530687e-05,6.54039148238919e-05,0.0011122736767040862
1033,6.673474637828646e-05,5.711115416932501e-05,5.784285661285003e-05,3.4665466283783274e-05,7.77361399923015e-05,7.444453806592651e-05,6.700120232380902e-05,6.343505245599158e-05
1034,6.656772433025139e-05,5.7024229175707886e-05,5.788946887442692e-05,3.096856854477161e-05,7.893193029535797e-05,7.26204819657919e-05,7.308930565183725e-05,0.00056889298980491
1035,6.643057744870055e-05,5.7745428921616876e-05,5.964366730154365e-05,3.3584195452190994e-05,7.28768416502766e-05,7.565118385734817e-05,7.588545410678292e-05,0.000896859562314889
1036,6.63157942716879e-05,5.974384236714164e-05,6.326390963242107e-05,3.133977555546847e-05,7.237861749805431e-05,7.00712822650078e-05,7.244736668323833e-05,0.00012099045448352093
1037,6.614164152225492e-05,5.817052920189265e-05,5.4754347221033255e-05,2.8623351377882903e-05,7.492850171363494e-05,7.690715152104784e-05,7.023993723019793e-05,1.0757931195166072e-06
1038,6.588761644461871e-05,5.854837286728787e-05,5.670701576535117e-05,2.8990990123476648e-05,7.19787940981512e-05,7.650950148308703e-05,6.862232532811049e-05,0.0001336820021526913
1039,6.587132842473047e-05,6.020849891754822e-05,5.6860050577063047e-05,3.0009846649154837e-05,7.505235359962866e-05,7.155758192393625e-05,7.45330164517357e-05,7.288432270989081e-05
1040,6.574216693942567e-05,6.10847680733228e-05,5.509884353296594e-05,3.251856377867751e-05,7.754730793670353e-05,6.943054077738247e-05,6.246414096385759e-05,0.00014837961937439874
1041,6.553243365013549e-05,5.724682998817986e-05,6.14702735928244e-05,3.174257785194565e-05,7.345000470941749e-05,7.015480304539614e-05,7.040076333891809e-05,0.0010304169339066522
1042,6.531527361540326e-05,6.141176418925543e-05,6.067659673598429e-05,2.7636183828762153e-05,7.099124021002884e-05,6.837303346443843e-05,6.0120833373042254e-05,3.583534100597367e-05
1043,6.521963417882972e-05,5.52008971740656e-05,5.597270082472089e-05,3.094565230294758e-05,7.579625596320089e-05,7.409994308014657e-05,7.240795873083599e-05,8.4234056038532e-05
1044,6.513881516956322e-05,6.171106302744834e-05,5.997068036569972e-05,3.122979147199529e-05,7.378488031254231e-05,6.527966015338623e-05,6.818051081668297e-05,8.560608933013253e-05
1045,6.505400495920456e-05,5.6762631131716384e-05,5.4620697743155e-05,2.7089518204532336e-05,7.680189871205264e-05,7.222156616632965e-05,6.583732066222967e-05,8.74624111353105e-05
1046,6.49158366925312e-05,5.4424251816267436e-05,5.766633105487907e-05,4.0739085657734524e-05,7.645142966881737e-05,7.131170303134945e-05,6.885226866380405e-05,0.0005786683668276083
1047,6.475438456309123e-05,6.12463535477197e-05,5.654559662060513e-05,3.181315932112751e-05,7.207329893761357e-05,6.934218497044027e-05,6.624238922445759e-05,0.0008840182914458107
1048,6.450260121293859e-05,5.474799220474257e-05,5.8857896728028294e-05,2.9334555799134405e-05,7.459553850885494e-05,6.999813496098823e-05,6.579854155835976e-05,0.00016025500600481854
1049,6.431345376542606e-05,5.592590120243381e-05,5.666479610256256e-05,2.9895929605788523e-05,7.308085651798009e-05,7.177086433907208e-05,7.352438038866722e-05,0.0008232572481911605
1050,6.41402442030587e-05,5.54547644722871e-05,5.5687037624007294e-05,3.127391025512769e-05,7.398254665495e-05,7.162472249366589e-05,6.079450779502579e-05,0.0003142031030692809
1051,6.39786332975528e-05,5.801655075892449e-05,5.773646323761379e-05,2.820374946346542e-05,7.188206191171354e-05,6.846707777069671e-05,6.252819915766701e-05,0.00018333295619944707
1052,6.380095639707111e-05,5.9581979023190856e-05,6.046001934405059e-05,3.090015078925744e-05,6.939808896088441e-05,6.595083813089988e-05,6.796767433252609e-05,0.0006111868844458595
1053,6.364276578369874e-05,5.72200934081612e-05,5.276841028616201e-05,3.106397561760902e-05,7.676824255829839e-05,6.800095345637046e-05,7.293428771248706e-05,0.0005139883736979142
1054,6.351207066186057e-05,5.826689515130231e-05,5.204214620324368e-05,2.855026965606365e-05,7.280783420468269e-05,7.11176595953176e-05,7.310488008571279e-05,0.00039611593601470286
1055,6.340598072900397e-05,5.787995118548722e-05,5.6638400204148435e-05,2.7070524152761823e-05,7.06468973488924e-05,6.864461540695455e-05,5.654159814696765e-05,6.616280596138085e-05
1056,6.320185470467732e-05,5.583846433922934e-05,5.44563637999926e-05,3.295887494957184e-05,7.143970485839636e-05,7.12582284833303e-05,6.577237257334165e-05,0.0004152913386833023
1057,6.304690109959512e-05,5.757923663615629e-05,5.924591057683e-05,2.8707374874962613e-05,7.090772169325452e-05,6.463962389768083e-05,6.165707886387902e-05,0.00017747047929376689
1058,6.272224682605662e-05,5.58520298364376e-05,5.6635780821738635e-05,2.890247681333052e-05,7.481668433912642e-05,6.376842838925093e-05,7.397401067910117e-05,0.0010703939457874475
1059,6.25101224243042e-05,5.836506156706068e-05,5.6487972971845524e-05,2.877516780801404e-05,6.927617854618456e-05,6.609459075895407e-05,5.7069938649963594e-05,0.00039020038847876787
1060,6.237341841510442e-05,5.856238083133551e-05,5.7205494708385265e-05,3.827020482508037e-05,6.917309200924591e-05,6.473561975205162e-05,7.720543512541391e-05,0.0004364111354520257
1061,6.227831408683578e-05,5.938429720497871e-05,5.800940196017874e-05,2.9536970803156288e-05,6.886242674174058e-05,6.303976421228134e-05,6.004855673125502e-05,0.0004990085038622875
1062,6.215155386018374e-05,5.667968201545147e-05,5.658962477822033e-05,2.9150252637463823e-05,6.883848526608248e-05,6.668068611745955e-05,6.80335027864177e-05,0.00028084045387088556
1063,6.212135342522745e-05,5.3530361947052744e-05,5.2867012799272405e-05,3.564075512803618e-05,7.29375145385853e-05,6.933269899447066e-05,7.660782859855202e-05,0.000759594829097065
1064,6.1873037741255e-05,5.176191862841374e-05,5.167381338030942e-05,2.956500931650762e-05,7.456076296231819e-05,6.967710169476885e-05,7.057180380811004e-05,0.001014326866329705
1065,6.171462595423846e-05,5.564119535268209e-05,5.47297749657386e-05,2.9564638820823202e-05,7.081678010162653e-05,6.585173512854817e-05,6.473449787591448e-05,0.00035018456330372953
1066,6.166522008753516e-05,5.908060148008054e-05,5.872674333717639e-05,3.436675675074518e-05,6.662913099866747e-05,6.240524050081952e-05,6.940143472824331e-05,0.0004246631142685603
1067,6.156188575173331e-05,5.743638410386786e-05,5.3411149871918154e-05,3.192266474578929e-05,6.896807114156067e-05,6.661247149598899e-05,7.229080346161035e-05,3.329331849403326e-05
1068,6.138991260231757e-05,5.862366813455319e-05,5.5305320833068635e-05,2.9200995380620215e-05,6.879177881391833e-05,6.301891198303736e-05,5.9663220773853315e-05,0.000678299045154282
1069,6.120034273531342e-05,5.667236782398548e-05,5.6005763220864516e-05,2.9590902399260798e-05,6.466701213353063e-05,6.763570065989902e-05,6.671816723183283e-05,0.00016489219359303275
1070,6.102406686768468e-05,5.77409353157536e-05,5.5417680356066666e-05,3.058436018510794e-05,6.546520656086296e-05,6.565140130293802e-05,5.70110396683607e-05,0.0005429947288431573
1071,6.0977152740450085e-05,5.483444361208595e-05,5.591710115255965e-05,2.986087216133151e-05,6.693344568200292e-05,6.640243908777667e-05,6.036885949642897e-05,7.390410444094567e-05
1072,6.077062134940535e-05,5.509633146195131e-05,5.5065440152524524e-05,2.8515789616972872e-05,6.817888198249666e-05,6.49200448081291e-05,6.14278221282344e-05,2.8401060137950915e-05
1073,6.0484407351184934e-05,5.585098821969998e-05,5.230064681677467e-05,3.231268181749608e-05,6.897889201819213e-05,6.498447578844908e-05,6.118503269373717e-05,0.0003161263282017927
1074,6.03824314539894e-05,5.4438051066908856e-05,5.8289947581536834e-05,3.0593292126442316e-05,6.852259108701318e-05,6.0456210480350324e-05,6.496188466175583e-05,0.00011451175584881026
1075,6.0364699221758605e-05,5.473189330857085e-05,5.429394665574565e-05,3.246162059048856e-05,6.903491433522149e-05,6.357506456619751e-05,6.77362951184209e-05,0.0004756033244759656
1076,6.017049901350487e-05,5.695372676802552e-05,5.469973102047017e-05,3.1177128684181586e-05,6.735393893985659e-05,6.18510525933446e-05,6.398365468682072e-05,0.0006180402563441608
1077,6.0145125376123804e-05,5.628663642271694e-05,5.7551463236415154e-05,2.887229004977264e-05,6.46284327532405e-05,6.229034797829002e-05,5.578541719342993e-05,0.00038182376719606275
1078,6.0051665728520885e-05,5.3463048271352606e-05,5.562371833360492e-05,3.173420036607874e-05,6.538166810446174e-05,6.591433259617977e-05,6.361219950390191e-05,0.0001205033650558212
1079,5.997772690412759e-05,5.705364669681679e-05,5.3621164667231545e-05,2.5956148282276408e-05,6.85161454198364e-05,6.0895838643965924e-05,5.3845884334947526e-05,0.00030756419325030077
1080,5.994649735108383e-05,5.890660849836004e-05,5.4324721081073903e-05,2.8208597834268416e-05,6.378518577991906e-05,6.294527045833845e-05,5.966778786735637e-05,0.0007431664539715788
1081,5.960301545465181e-05,5.40473990597828e-05,5.1911909212012684e-05,2.9051796815568622e-05,6.896981288077458e-05,6.365772963042454e-05,6.590765666489705e-05,0.002051559417661404
1082,5.9547830261089817e-05,5.6168120211693384e-05,5.5328439154589026e-05,2.6980890440393484e-05,6.584034163709376e-05,6.1029047256030504e-05,5.9267842022496446e-05,0.0013095087095375381
1083,5.930402032152462e-05,5.442796039065759e-05,5.515091889722353e-05,2.8892681067440106e-05,6.397443375384452e-05,6.38366804306189e-05,6.277589099041823e-05,1.2590527436498761e-05
1084,5.9016556717188705e-05,5.1365703302586905e-05,4.95964609461597e-05,2.9167517027039292e-05,6.862758013559609e-05,6.664955178501855e-05,6.310923799505237e-05,0.00032063674777512124
1085,5.8930488180342417e-05,5.2996676333350875e-05,5.095471357236023e-05,3.0490416659667195e-05,6.534658472459114e-05,6.659679461964806e-05,6.277367709210125e-05,0.00035676593570703544
1086,5.874579242812979e-05,5.173044052264866e-05,5.08646071923744e-05,2.7579237213557504e-05,6.74015045946275e-05,6.515889186942157e-05,7.075820635374285e-05,0.001352153107725661
1087,5.863972616895355e-05,5.164558801501851e-05,5.584684147611997e-05,2.973270078132526e-05,6.744029779558015e-05,5.979814119728575e-05,6.986957563758863e-05,0.0003897589627835559
1088,5.858099705554748e-05,5.340748822864487e-05,5.271039899578002e-05,3.3286074468960254e-05,6.56125325050911e-05,6.276535997244339e-05,6.285443752431167e-05,0.00020943078400012752
1089,5.837480443676286e-05,5.0696107724380594e-05,4.896286725331216e-05,2.557089793784189e-05,6.871951858704225e-05,6.529191105776243e-05,5.7342138763032e-05,8.382594827493593e-05
1090,5.828419824997674e-05,5.480418128940123e-05,4.965184841989049e-05,2.6708884638748898e-05,6.425633164797264e-05,6.459535280984703e-05,5.7908344751912594e-05,0.00026028988493243004
1091,5.8192603677422234e-05,5.006612412466203e-05,5.220271184268881e-05,2.471718202521425e-05,6.507475041763157e-05,6.559748090568581e-05,6.123004092421841e-05,0.00018203772128733806
1092,5.7967070736326914e-05,5.4141172580176504e-05,5.38104322717722e-05,2.915728997816292e-05,6.417793536578836e-05,5.990873414902836e-05,6.348361434459241e-05,0.00046402279473794963
1093,5.7875170314158255e-05,5.415527305672461e-05,4.9940166320989614e-05,2.5911351714737433e-05,6.443434592650665e-05,6.314061776521035e-05,6.139755253539844e-05,0.00029137309071721476
1094,5.776359541985743e-05,5.332392890080558e-05,5.160250744991998e-05,3.17262811988895e-05,6.337118633520673e-05,6.292615370093639e-05,6.618669554247407e-05,0.00014823974982098074
1095,5.761071777583387e-05,5.281191750615981e-05,5.371121525527869e-05,2.9507367065084214e-05,6.56072217468936e-05,5.848146267357766e-05,6.519410708902496e-05,1.594782144464347e-05
1096,5.736541043155767e-05,5.1117157909087226e-05,5.144399170272377e-05,2.9465045838325065e-05,6.303777524565549e-05,6.403094336239938e-05,6.570112628068307e-05,0.0003123894525723028
1097,5.716269259862627e-05,5.440037591557074e-05,5.3403638533970765e-05,2.7713788648689255e-05,6.263551932779285e-05,5.837886937514641e-05,5.713582002446201e-05,0.00022338274782333477
1098,5.707422356802516e-05,5.202334964873322e-05,5.014441281254087e-05,3.148826043564191e-05,6.370683873236658e-05,6.258966625641823e-05,6.496379230463452e-05,0.0001639326439565813
1099,5.684786724198772e-05,5.4393826733780975e-05,5.3602288991122624e-05,2.3661267892744933e-05,6.140842851283694e-05,5.8153634177173866e-05,5.8148080319881496e-05,0.00017975769395550057
1100,5.6834735259338065e-05,4.751013912641885e-05,4.700757669517268e-05,2.8578879887712254e-05,6.732284579116065e-05,6.56650498982834e-05,6.534645831197712e-05,0.0005536503846738585
1101,5.670918222126267e-05,5.079590392997174e-05,5.124963429583495e-05,2.7447916085137134e-05,6.828894693637611e-05,5.6668546164069584e-05,5.580319164097218e-05,0.0007060806229926841
1102,5.659481780103757e-05,5.087351086937404e-05,4.800732218112893e-05,2.8731461095097833e-05,6.531318843475367e-05,6.235121634569487e-05,6.152489450592783e-05,0.00010772870066942195
1103,5.6349912492051536e-05,5.106760636251717e-05,5.04820062579347e-05,2.7460094778656184e-05,6.39131789716453e-05,6.0102107306917185e-05,6.0861844354019203e-05,0.0010373222157191457
1104,5.631214143089552e-05,5.215237489214234e-05,5.210356057324979e-05,2.6669376558335005e-05,6.164101046740575e-05,5.951675825948894e-05,6.269671887137619e-05,0.0004246803534757847
1105,5.6251467784097605e-05,5.367900767151366e-05,4.9554127691582826e-05,2.845465155886226e-05,6.4334485781344e-05,5.76032099388841e-05,5.779677135184616e-05,0.0001153272115404088
1106,5.605472997997729e-05,4.7816662540198205e-05,5.033082331219305e-05,2.6991120893657243e-05,6.624528190477523e-05,5.999053578847124e-05,6.394645031338032e-05,0.0002870065783717602
1107,5.6003634041831135e-05,5.684191460543664e-05,5.441948109972923e-05,2.677828806197809e-05,5.7030870121306896e-05,5.588650405328606e-05,4.8012988239873066e-05,0.0003120914409846322
1108,5.595407174190293e-05,5.3027693220733196e-05,5.1286432704466994e-05,2.726708871858777e-05,6.05823496500377e-05,5.9083899466170494e-05,6.40679593847116e-05,0.00022489815200094104
1109,5.5548789639169614e-05,5.433102659124931e-05,5.211187754500525e-05,2.720085864353386e-05,6.090889630759421e-05,5.5006257775676755e-05,5.1651535295469027e-05,0.0005183652312547246
1110,5.552120534414077e-05,5.138580178899004e-05,5.0358328351913464e-05,2.6963765747953062e-05,6.224756890339656e-05,5.8255941094608584e-05,5.620013261074756e-05,0.00012162478045676765
1111,5.5381498096902635e-05,5.0658218204564e-05,5.12503547442057e-05,2.8349734500655842e-05,5.996943108102342e-05,5.9810397916710614e-05,5.398315502917126e-05,0.0007109371542211481
1112,5.521418978752062e-05,5.09636698103829e-05,5.0290203654591734e-05,2.527825707542212e-05,6.127283132853275e-05,5.849197306751013e-05,5.467378684106083e-05,5.239935115441883e-05
1113,5.519690605386158e-05,4.698655369281134e-05,5.1978331548573416e-05,2.551955917714981e-05,6.154368440296546e-05,6.0440922204931815e-05,6.447458774468047e-05,8.925942530269688e-05
1114,5.4999781182691566e-05,5.218267583760138e-05,5.1551868237766474e-05,2.4163520764225934e-05,5.947128514763108e-05,5.6954585383348834e-05,5.357890109872991e-05,9.69991644647042e-05
1115,5.495673447622556e-05,5.3767211944526466e-05,5.04509700769061e-05,2.4949401455536462e-05,5.914693616816095e-05,5.6622982934474185e-05,5.6839901392377734e-05,0.0002698077543868134
1116,5.474878727710105e-05,5.0890458245264063e-05,5.017716107790392e-05,3.0381189358983967e-05,5.804754592963227e-05,6.004053767403662e-05,6.179607680559226e-05,0.00034894230198490364
1117,5.464207457246549e-05,4.7662104951118914e-05,4.755738464855463e-05,3.117975801773503e-05,6.295422150548172e-05,6.0554827553494607e-05,6.138296138893954e-05,0.0005357546211489873
1118,5.454885632521448e-05,5.120537629898594e-05,4.949295698405434e-05,2.6045005343486953e-05,6.196637925572621e-05,5.569068044615308e-05,5.500207457404405e-05,0.0014203979232795636
1119,5.4454937612532615e-05,5.669446892010291e-05,5.025663964616364e-05,2.8507360640559557e-05,5.777928745290062e-05,5.324904609797607e-05,5.767375455076968e-05,0.0005778589155980981
1120,5.4168153491954526e-05,5.261044805941073e-05,5.0748266843655045e-05,2.7984411882015224e-05,5.6909071965040704e-05,5.6563677543959475e-05,6.325743679952866e-05,0.0005810773822727907
1121,5.402571835987922e-05,5.005374201994842e-05,5.108474065541291e-05,2.852503771925805e-05,6.0948009991714284e-05,5.41748140812765e-05,5.5406184699527046e-05,0.000979459206094661
1122,5.400479979929992e-05,4.92403860643169e-05,4.754336420652461e-05,2.9843481524596813e-05,6.083326077069988e-05,5.856056030572908e-05,6.164567185756506e-05,0.00011666242636678854
1123,5.391227447747302e-05,4.9854557306750825e-05,5.039758658130817e-05,3.2388311010996466e-05,5.859669626439918e-05,5.695835827873042e-05,6.14849661885734e-05,0.0003060051605627195
1124,5.3821788519045053e-05,5.0177928068626124e-05,4.787071702424938e-05,2.4288869140291925e-05,6.051988802217298e-05,5.6876456083038505e-05,5.1595349322705544e-05,0.00010011757398389887
1125,5.367202854889862e-05,4.9513923284923056e-05,4.965175375207816e-05,3.005068944945825e-05,5.817733650158125e-05,5.750249649228843e-05,6.796445790174246e-05,0.00025051060727325275
1126,5.351337943849503e-05,5.049035440739203e-05,4.8530370916622786e-05,2.6920106452006406e-05,6.242604576796101e-05,5.276367690707237e-05,5.450822621775643e-05,0.0019502130270485094
1127,5.335468211493342e-05,4.908776843182548e-05,4.8608808275716966e-05,2.542516184323327e-05,5.98583961229827e-05,5.602022110204868e-05,5.019129345746843e-05,0.0009937052805041391
1128,5.323295453824987e-05,5.069194103027034e-05,5.078517290751418e-05,2.606965336141436e-05,5.828885860204707e-05,5.332195413889945e-05,6.134067258400241e-05,0.0011311167955207237
1129,5.320209548929464e-05,4.919074969468043e-05,4.849230445528167e-05,2.9905994308297185e-05,6.0037068789210244e-05,5.5244276631327615e-05,5.519454980655491e-05,0.0002096371867953367
1130,5.3076170950401145e-05,4.857255991033202e-05,4.834655583118625e-05,2.711690863919429e-05,6.204721267392144e-05,5.349400402692419e-05,6.168790960356759e-05,0.00043836710407881355
1131,5.286105708571833e-05,5.144470635541573e-05,4.722693183541356e-05,2.5770378795601872e-05,5.735921161824214e-05,5.5568396435424866e-05,5.98744339978746e-05,0.0009398037441684825
1132,5.27746341969671e-05,4.985634208476909e-05,5.0527208125402775e-05,2.44930700248258e-05,5.897207949804001e-05,5.1897671302470455e-05,4.810416353207036e-05,8.190643675290334e-06
1133,5.2692262478020624e-05,4.789328262499668e-05,4.680364672366361e-05,2.8115253233398516e-05,6.364508372290376e-05,5.2581559496677216e-05,6.32644603842921e-05,0.00013580075827362
1134,5.259349340696525e-05,4.875006384828951e-05,5.104470625266178e-05,2.63956194912593e-05,5.6739708374829755e-05,5.399372775113437e-05,5.430688753965668e-05,0.001007746472007953
1135,5.238917587925787e-05,4.597343822567899e-05,4.5978397325235246e-05,2.2776788776378255e-05,6.18587222904305e-05,5.589977960340101e-05,5.307544704461036e-05,0.00012601426291083086
1136,5.232678641717467e-05,5.109942056057376e-05,5.0870750075573646e-05,2.7423513061032706e-05,5.394601964315354e-05,5.354440626925485e-05,5.6913509085770435e-05,0.0006911481122385296
1137,5.206342490804255e-05,4.8683405136476994e-05,4.635722594624041e-05,2.5648926635971445e-05,6.183718325969831e-05,5.15285638867547e-05,6.314962663736122e-05,0.0014784241733610825
1138,5.1945155267656965e-05,4.6594066668965516e-05,4.6447832744089205e-05,2.3097097912101e-05,5.878021114709366e-05,5.611084223011158e-05,5.7392219596976334e-05,9.163871774982696e-05
1139,5.1910547357922594e-05,4.785928648209929e-05,4.883898621979977e-05,2.745146988804666e-05,5.630523227898848e-05,5.479091491855944e-05,6.198315645863432e-05,0.00030224443973547765
1140,5.183908522417359e-05,4.8882639110205395e-05,4.7483514303122665e-05,2.5163187430614956e-05,5.5447113766156034e-05,5.569509416461769e-05,5.783994983654071e-05,0.0007490164109638997
1141,5.178860327531668e-05,4.9487091535021806e-05,4.726969879279883e-05,2.801918532289698e-05,5.598400074330635e-05,5.456549490490846e-05,5.931751736635959e-05,0.00032335253063093676
1142,5.15946321368755e-05,5.042521969339754e-05,4.7043283742792164e-05,2.5730712086435505e-05,5.75620303494073e-05,5.149929848896491e-05,5.084606800351617e-05,0.0005178584984715702
1143,5.1479127068985765e-05,4.798823813309169e-05,5.0019360313662455e-05,2.7635102581533293e-05,5.339495755906086e-05,5.466491758235949e-05,5.7391074114602164e-05,3.17640091569364e-05
1144,5.138932771736394e-05,5.187728127854107e-05,4.463121527324031e-05,2.896990432753196e-05,5.375154832108804e-05,5.544796825666257e-05,5.658525107518377e-05,0.00033352693417320017
1145,5.1147203500497584e-05,5.147511222951206e-05,4.834441771163434e-05,2.5699078959092973e-05,5.634547777502735e-05,4.8573797879548087e-05,5.480304143592712e-05,0.0013927697164196767
1146,5.1058359866427535e-05,4.954065719887167e-05,4.533662030657872e-05,2.7858889673362646e-05,5.7218011442819735e-05,5.228788153255853e-05,6.155365996416449e-05,3.35017088105994e-05
1147,5.089100486990946e-05,4.936187558637702e-05,4.670336513547054e-05,2.312398107003259e-05,5.634908396397145e-05,5.1298935736050476e-05,5.080879223129221e-05,0.0006278838308575532
1148,5.0775275413611473e-05,4.713805381107612e-05,4.458445808351828e-05,2.4176273922912063e-05,5.758479563083005e-05,5.394269501180175e-05,5.3839621670057694e-05,0.00032072310774499985
1149,5.067292177230197e-05,4.990858795140678e-05,4.706897735880397e-05,2.6896225585240522e-05,5.541129169664982e-05,5.0451430640835175e-05,5.504171959998323e-05,5.130766513668628e-06
1150,5.0557791914485956e-05,4.549275726267915e-05,4.6605138439373726e-05,2.836907077420849e-05,5.79500021308453e-05,5.2331532845045604e-05,6.136195899839968e-05,7.019045340626672e-05
1151,5.04462628199102e-05,4.344298489090674e-05,4.636746649394622e-05,2.4682086061773985e-05,5.675985043447605e-05,5.5362685202847216e-05,5.450925514605439e-05,0.00011358349548145423
1152,5.026667464982788e-05,4.866777236237415e-05,4.693358729810077e-05,2.9902921639389385e-05,5.078858093379228e-05,5.482416758804964e-05,5.968285356168427e-05,0.0005084336147304332
1153,5.023505534676571e-05,4.834381595805833e-05,4.681564430780533e-05,2.5603836726026063e-05,5.387973700217328e-05,5.204834091906611e-05,5.278118895649396e-05,0.000312078748632633
1154,5.006089166525151e-05,4.909518621071613e-05,4.426635604125254e-05,2.344425681834398e-05,5.559633851254598e-05,5.1432491780129706e-05,5.497339318566274e-05,0.00039968911738312183
1155,5.000907195430314e-05,4.593665549517932e-05,4.523069992273945e-05,2.693396054874426e-05,5.5024444091193175e-05,5.3991142265949935e-05,5.623743893974175e-05,0.00046245483684253304
1156,4.982438825995911e-05,4.656915136036604e-05,4.521940445608315e-05,2.6282479741596312e-05,5.5440450408761385e-05,5.221465934478789e-05,5.628415946352589e-05,0.00013183622017780912
1157,4.972300817996006e-05,4.6963412493220066e-05,4.379864586567641e-05,3.06209033984902e-05,5.398139244366338e-05,5.429439795346221e-05,5.978687349677445e-05,0.0004045438129078042
1158,4.961173418603706e-05,4.667035775000657e-05,4.5181707271589284e-05,2.6156715408564676e-05,5.476116977885909e-05,5.197919134198453e-05,5.327274728830419e-05,3.201583739838701e-05
1159,4.9476007878076763e-05,4.8502409123599e-05,4.468818109936555e-05,2.6212283539474268e-05,5.47433957066991e-05,5.011513635231475e-05,5.486374708311192e-05,0.00026656382670891274
1160,4.927916809824039e-05,4.6369837973714144e-05,4.547734628790524e-05,2.6734487869320557e-05,5.4792580619238364e-05,5.0621421071183436e-05,5.1795405920953495e-05,0.0012191673706725018
1161,4.923976877851605e-05,4.566304965977311e-05,4.4697901504463456e-05,2.582818971212205e-05,5.532033067072711e-05,5.142219134811126e-05,5.576353345166699e-05,0.000644940270742788
1162,4.9134345688492955e-05,4.495044540348475e-05,4.555210928931375e-05,2.4309686205051474e-05,5.557700622140695e-05,5.0601910631962556e-05,4.9848444252719994e-05,0.0013859610261012394
1163,4.896119780806258e-05,4.545386296340063e-05,4.6170563010443564e-05,2.5597533624981844e-05,5.421132374418888e-05,5.0152622594031035e-05,5.1285436940125684e-05,0.000313726137304392
1164,4.892971948449155e-05,4.396113621036075e-05,4.645668231385736e-05,2.4371486075214036e-05,5.6041684065550876e-05,4.940286423626694e-05,5.479892362004094e-05,0.0005500242514827208
1165,4.875792513030861e-05,4.8817478223549286e-05,4.7970128033349876e-05,2.7789271574173757e-05,5.0798464613755865e-05,4.758861494280765e-05,5.810859177315177e-05,0.0005107376405187051
1166,4.860462908183669e-05,4.82287246149487e-05,4.410411467891465e-05,2.5513126151592588e-05,5.198391708377046e-05,5.024429573428157e-05,4.8343533535166535e-05,0.00021176634566251245
1167,4.8498073773215085e-05,4.570555809640774e-05,4.7621625171026794e-05,2.2889411338331578e-05,5.159236431546747e-05,4.92149704063244e-05,5.1183515377933216e-05,0.00010876235107968855
1168,4.8448652980779366e-05,4.6734650342875225e-05,4.3643028654743395e-05,2.3656247105241503e-05,5.4214169630883314e-05,4.9344841791975786e-05,4.643280046781636e-05,4.00906951337883e-05
1169,4.8350119978964226e-05,4.3757504009067034e-05,4.123253084275802e-05,2.530955572379699e-05,5.5105091178129664e-05,5.3447143207591956e-05,5.038909559312034e-05,0.0002525417196995253
1170,4.821559603724766e-05,4.4157103260300854e-05,4.280912174760179e-05,2.5275694869061912e-05,5.4331418668456164e-05,5.170613536901388e-05,5.566008726215763e-05,8.886782554485789e-05
1171,4.80429625237115e-05,5.0309621777716597e-05,4.560727058353017e-05,2.4581536070969015e-05,5.020154836497186e-05,4.619429809108999e-05,4.7945964030954304e-05,1.2571672473805201e-05
1172,4.793710734328902e-05,4.393925324505652e-05,4.352572600015504e-05,2.6341216566127384e-05,5.368527439188176e-05,5.073875382722168e-05,5.651376957140173e-05,0.0003464724626903173
1173,4.7843627465645966e-05,4.6046630673699746e-05,4.336596834353416e-05,2.6136339394688415e-05,5.436530922644181e-05,4.7736905447928e-05,5.1436537079779786e-05,0.000790045453638661
1174,4.7749997170528156e-05,4.673202775223239e-05,4.354361504589923e-05,2.4337064536385914e-05,5.156280286960503e-05,4.930157243139074e-05,5.344482351233344e-05,0.000254442009341549
1175,4.7663983027447815e-05,4.603228625905315e-05,4.518502736942989e-05,2.1799807080221274e-05,5.005254176433109e-05,4.9525853683801354e-05,4.533238362219486e-05,0.00019538968054285625
1176,4.7549159938060986e-05,4.651191767079797e-05,4.515934953413151e-05,2.795183685033024e-05,5.18938955863289e-05,4.677091739428508e-05,5.86611624839328e-05,0.0003610246750077217
1177,4.740581720242882e-05,4.6410452766712466e-05,4.5114227746904345e-05,2.387949693786869e-05,5.022766984757373e-05,4.800993825360549e-05,5.153793440156367e-05,8.177752613462363e-05
1178,4.7245635637053726e-05,4.659769732510467e-05,4.401700989548961e-05,2.433090997087685e-05,5.254358513805964e-05,4.5962800353060564e-05,5.402391096160502e-05,0.0002268887659421205
1179,4.7143832573609616e-05,4.573016214612835e-05,4.3399605429953034e-05,2.1637418698283933e-05,5.13182291354844e-05,4.826558529215194e-05,5.111221204272014e-05,0.0004898058515513538
1180,4.700950053789363e-05,4.456432215476829e-05,4.604933785195504e-05,2.1482452871593045e-05,4.964918177844031e-05,4.79130181787812e-05,5.3792306700726084e-05,0.00020824224953063764
1181,4.696212120544957e-05,4.317024377356374e-05,4.3294604830276536e-05,3.294068929666844e-05,5.227180661890561e-05,4.924954824719232e-05,5.494817072148618e-05,2.2444177699144157e-05
1182,4.683950246066749e-05,4.686508008139026e-05,4.4059481119785416e-05,2.239292323171758e-05,5.082901511513588e-05,4.574179251350242e-05,5.271437040083134e-05,6.75577865165392e-05
1183,4.679065673538934e-05,4.290876015658717e-05,4.308358427649874e-05,2.456575412132845e-05,5.2216955120173e-05,4.909054349124703e-05,4.903182580090706e-05,0.0007937507349841349
1184,4.670177433857394e-05,4.353508257758589e-05,4.345157378749274e-05,2.3406483874317546e-05,5.415158851212529e-05,4.5805808204340386e-05,4.960525880450231e-05,0.00031312440919949505
1185,4.654928443431673e-05,4.397478815762468e-05,4.120008252254443e-05,2.5934385500463026e-05,5.238159080799406e-05,4.8777184255581107e-05,5.386118702347313e-05,9.96337630104791e-05
1186,4.639262820361819e-05,4.0770406905005375e-05,4.250144429164976e-05,3.032775123485484e-05,5.454795558650444e-05,4.788675471424467e-05,5.501376426342168e-05,9.519838411921427e-05
1187,4.6299889800884685e-05,4.265440441112501e-05,4.181135408632332e-05,2.2902820529479413e-05,5.345769188333795e-05,4.741188549227493e-05,5.2861972014250435e-05,0.00028456560168992176
1188,4.625637187369154e-05,4.370142901894131e-05,4.5148284980306506e-05,2.4737843680823267e-05,5.08273229801656e-05,4.548410024777398e-05,5.156030224651225e-05,0.000570761138778362
1189,4.605234628359858e-05,4.539418340975841e-05,4.330563268465438e-05,2.1642079005586338e-05,5.035416186597872e-05,4.529045816968239e-05,4.660328811952046e-05,0.00024398817960222404
1190,4.598510022776053e-05,4.329373896322765e-05,4.205886854416191e-05,2.2070920132674894e-05,5.106756582816256e-05,4.765508116553406e-05,4.952639638678189e-05,0.0004634113645434393
1191,4.581016543514572e-05,4.541001713132185e-05,4.243350441211965e-05,2.2113091149235417e-05,4.9268350114585784e-05,4.62631306350197e-05,5.352599041201436e-05,3.2217719750945015e-05
1192,4.578840424782808e-05,4.5107919091692646e-05,4.3943439490354166e-05,2.391875835709637e-05,5.067663231178651e-05,4.3559903177815944e-05,4.608020840065333e-05,9.009399665280112e-05
1193,4.5648818078324586e-05,4.407122488287241e-05,3.949586533733824e-05,2.7082646205358845e-05,5.077796361655442e-05,4.838408587350003e-05,5.271321026070836e-05,2.9603362993687105e-05
1194,4.55688199105872e-05,4.3671367079250516e-05,4.085410129949395e-05,2.5319248858403e-05,5.095600361687962e-05,4.692744089368211e-05,4.878966118374256e-05,4.943714866326289e-05
1195,4.550173648455327e-05,4.487221293201658e-05,4.293907314617592e-05,2.3436391437598413e-05,4.8476748221946614e-05,4.585234757710915e-05,4.897501590184497e-05,0.0016319428410904628
1196,4.529182676762452e-05,4.7448138084392855e-05,4.5701808828065215e-05,2.389554206613335e-05,4.599932785189328e-05,4.215085340629664e-05,5.0582162340321224e-05,0.0012793142973574353
1197,4.518000875092044e-05,4.495779487119133e-05,4.2897129890039906e-05,2.438994806261932e-05,4.836109397327529e-05,4.463650922637818e-05,5.1935621280202214e-05,0.00038586527252554054
1198,4.514429187288201e-05,3.9813029629119545e-05,3.947597225232949e-05,2.3717144911118875e-05,5.252877788311288e-05,4.8891775290788854e-05,5.106145119563968e-05,0.0005132061571157346
1199,4.502227790134514e-05,4.34134158032891e-05,4.4142032177912046e-05,2.3974101824575753e-05,4.814178571867571e-05,4.4523907740476956e-05,4.753472808889856e-05,0.0007262188185957799
1200,4.476313340602104e-05,4.4108632478369915e-05,4.070295382518359e-05,2.5018714420454432e-05,5.0222046992640554e-05,4.415017011363403e-05,4.967823917273884e-05,0.00043025273706794113
1201,4.4724573792854146e-05,4.370828043175639e-05,4.2648103559246074e-05,2.6561605753783182e-05,4.8771433981360374e-05,4.3901634193601855e-05,5.688001837245684e-05,0.0009205888503456253
1202,4.468949939949959e-05,4.3988215384424705e-05,4.377883625636389e-05,2.5531815603294635e-05,4.5157024310524075e-05,4.5964976268314016e-05,4.8752644273186935e-05,0.000514582558156286
1203,4.45790567379741e-05,4.2036795731778147e-05,4.138060646687904e-05,2.017018581998288e-05,4.843909646242019e-05,4.65904585296184e-05,4.3932490060044254e-05,0.000720892969136362
1204,4.451572904999855e-05,4.5649261956094514e-05,4.179171406733242e-05,2.2320041233948818e-05,4.7728311419909846e-05,4.302417354675611e-05,4.967495562485361e-05,0.0002518767187306001
1205,4.4433096462821556e-05,4.26778636138532e-05,4.315043749382533e-05,2.378783738427415e-05,4.7949420366524275e-05,4.408496690135246e-05,4.8712808292631236e-05,0.00038673705714856253
1206,4.4405252403729434e-05,4.462494998074978e-05,4.239038266871838e-05,2.2608136978655575e-05,4.789620532830128e-05,4.2839692173051515e-05,4.838250852275528e-05,0.00037958219093881787
1207,4.4267901415450903e-05,4.336567147955661e-05,4.183261701967792e-05,2.3536772116729832e-05,4.746222854396423e-05,4.4540906254576195e-05,5.4156262899866334e-05,4.659005327233167e-05
1208,4.412018572438811e-05,4.458099861986973e-05,4.3133229112786653e-05,2.2982047264409025e-05,4.6468496923568865e-05,4.242740325509827e-05,4.9661791713320545e-05,7.321254339328614e-05
1209,4.400976730791369e-05,4.2862937113871505e-05,4.055452882513552e-05,2.194480203796647e-05,4.7401521756751637e-05,4.534914205318805e-05,5.443888332339852e-05,0.00010388369239124199
1210,4.3979833515056584e-05,4.253400669942277e-05,4.085237214220505e-05,2.3808261791810492e-05,4.9140018162057985e-05,4.3521910221077925e-05,5.0903109049282534e-05,0.0003967214201151506
1211,4.370218688451469e-05,4.4500738433449707e-05,4.07918187512438e-05,1.9242462013509007e-05,4.532258758642187e-05,4.4321762071846415e-05,4.666185459921797e-05,0.00017946826638742762
1212,4.365327062348274e-05,4.1571238441948503e-05,4.029463775067702e-05,2.8901347495619725e-05,4.734931479546292e-05,4.552590719648682e-05,5.303429894758727e-05,0.00014269283885178684
1213,4.35672903555491e-05,4.1182990419682255e-05,3.9537558821979906e-05,2.4284366555413393e-05,4.903037329356592e-05,4.46460016811949e-05,4.7776921392052185e-05,5.7895374255930284e-05
1214,4.352703060431129e-05,4.385784208681073e-05,4.133775694841444e-05,2.0434441304712663e-05,4.8126511869083625e-05,4.0913656470061314e-05,4.608367262741129e-05,0.0001348945875503155
1215,4.342437498470836e-05,4.3446586622007044e-05,4.119591046746671e-05,2.5471312370053157e-05,4.80063816710489e-05,4.117596518615397e-05,4.4870904608912655e-05,0.0007358676135625641
1216,4.330886958036688e-05,4.486686269354624e-05,4.1971313398890385e-05,2.3444243310392922e-05,4.480908483178508e-05,4.171522335468959e-05,4.394906478865934e-05,6.434776864932141e-05
1217,4.31481864779533e-05,3.9414375272799115e-05,4.087733459142626e-05,2.347427519707706e-05,5.040145538572417e-05,4.202611522360019e-05,5.5212771661903334e-05,0.000234723858785479
1218,4.302337341753805e-05,4.010903925118e-05,4.022239475120807e-05,2.4091713577535446e-05,4.686912575593214e-05,4.501910211559969e-05,4.9941518569396844e-05,0.0005773020542012528
1219,4.2966229745448836e-05,4.1354506752002046e-05,4.141810055924864e-05,2.4612925356667466e-05,4.6309561011042966e-05,4.29087510330843e-05,4.808612417932696e-05,0.0006346404406658776
1220,4.288199568298781e-05,4.1234722441361764e-05,3.9361174401747016e-05,2.0616590322544157e-05,4.9679836711227555e-05,4.137800277541519e-05,4.642106840193111e-05,0.0001267383405751784
1221,4.280428880607945e-05,4.2513459401415595e-05,4.074578847889561e-05,1.9500968950657522e-05,4.6241122428696955e-05,4.184231079311641e-05,3.895942196428097e-05,4.88815335801575e-05
1222,4.2668616579752816e-05,4.1967228162839574e-05,3.9759521520754584e-05,2.5232576869200427e-05,4.616461153254957e-05,4.290823278071641e-05,5.2581803778619506e-05,0.0004942271790099198
1223,4.25669525371233e-05,4.0484955260369945e-05,4.0016868201796715e-05,2.031032392647612e-05,4.5497841707751155e-05,4.439297471112595e-05,4.871168794053709e-05,0.00014948513915190247
1224,4.235766707157176e-05,4.28369493185922e-05,4.2099917020125475e-05,2.2872798242944018e-05,4.4467982618498734e-05,4.0150035443150266e-05,4.777126655128885e-05,0.00039736080475247996
1225,4.231194934179949e-05,4.262901062532091e-05,3.9701192779082924e-05,2.2394850668194007e-05,4.537264724731163e-05,4.166902845334672e-05,4.850540201596435e-05,8.596661893125501e-05
1226,4.2204707523226995e-05,3.827973143674758e-05,3.882557855815155e-05,2.207886023956558e-05,4.81635684686851e-05,4.367371932319561e-05,4.712661897820257e-05,4.1128764061214105e-06
1227,4.2060431120356944e-05,3.928971906587474e-05,4.1126955507481296e-05,1.8956769054804617e-05,4.688573461003244e-05,4.106265999424703e-05,4.711657740107704e-05,0.0002312512319272484
1228,4.196361663354577e-05,4.4532422003777626e-05,4.076974503352518e-05,2.2505954314861752e-05,4.310914021826314e-05,3.956621922118237e-05,4.5475462106888644e-05,0.0001548506589584118
1229,4.192132580162725e-05,4.043600498796612e-05,3.570346294743717e-05,2.3265365592624914e-05,4.973186649345582e-05,4.1936905298493735e-05,5.2383123779411176e-05,0.0001536178688252673
1230,4.190262490206399e-05,3.963195993398786e-05,4.001648906070603e-05,2.4241226176137803e-05,4.747520853577658e-05,4.06097238178566e-05,5.197963121202107e-05,0.00017179636299140917
1231,4.179340634649224e-05,4.0356030709008285e-05,3.963176252605782e-05,2.0476479269359854e-05,4.5479957196443394e-05,4.182843648122274e-05,4.44017897554838e-05,0.00014378365934814165
1232,4.167491594049979e-05,4.2514488588683604e-05,4.209538850773325e-05,2.2635957805724377e-05,4.267933585764087e-05,3.953266482292862e-05,4.506545170816645e-05,0.0012299126220629653
1233,4.160128614809232e-05,4.071161112118114e-05,3.8041516672401576e-05,2.5674894145036063e-05,4.7382527056914024e-05,4.039148752644184e-05,5.015116024056196e-05,0.000541792743349153
1234,4.1511385267643766e-05,4.088819702117619e-05,4.002466409194819e-05,2.4019832265517396e-05,4.5127472798075535e-05,4.012694121635807e-05,4.5969027102862665e-05,0.00023698230428127645
1235,4.145726863518078e-05,3.926572543571864e-05,3.807732953075392e-05,2.6708131885950395e-05,4.774310601466217e-05,4.086448903178946e-05,5.251567748298858e-05,0.0003603913296704321
1236,4.132077558994972e-05,4.0841798023816785e-05,3.846227857792433e-05,2.4193604479999303e-05,4.533603447149249e-05,4.076416682356278e-05,4.710233611049872e-05,0.00020855725315503692
1237,4.127235116740961e-05,4.0244339008336956e-05,3.906077487219171e-05,2.149705554444622e-05,4.475809461797174e-05,4.1147229369981414e-05,5.0073635187213604e-05,0.0006646039700102628
1238,4.123549366186624e-05,4.140816721052025e-05,3.863520150312779e-05,2.5000587162987794e-05,4.442105328054521e-05,4.059847762301137e-05,4.5045022588247536e-05,0.0003400977787356678
1239,4.11508601574206e-05,3.9217678300716085e-05,3.901909151235233e-05,2.2110843936410833e-05,4.3836301815948304e-05,4.2651046072184806e-05,4.937762805429859e-05,6.919328953012745e-05
1240,4.0995677463294e-05,3.89253367316636e-05,3.638507420215334e-05,2.1949474613788313e-05,4.600866505704819e-05,4.278385563744144e-05,4.781626130731276e-05,0.00010724807448007342
1241,4.082442882879762e-05,3.832737382588269e-05,3.882258266616389e-05,2.0869983765599198e-05,4.548345342432166e-05,4.0784025176541984e-05,4.3964315610738974e-05,0.0004094514385280626
1242,4.079501503624692e-05,3.823443169972521e-05,3.720786095578556e-05,2.569532833824209e-05,4.6062600564645615e-05,4.17948003098047e-05,4.687436945510824e-05,0.0008929125648634203
1243,4.0659735319468724e-05,4.242321537479122e-05,4.108925563932178e-05,2.0956739385334263e-05,4.108484856338438e-05,3.8160858615425206e-05,4.225067113589418e-05,9.291802429674672e-05
1244,4.059671134302812e-05,3.947523976353915e-05,3.679033856395373e-05,1.9675194855316253e-05,4.45010179533736e-05,4.1739301342614234e-05,4.584331331837583e-05,0.0004828037511140159
1245,4.0461022921669646e-05,4.3965932677106374e-05,4.022663810385574e-05,2.1084484827447e-05,4.005203577405746e-05,3.771813895149652e-05,4.227878115532178e-05,0.0005823429099477431
1246,4.0311084513145316e-05,3.920683895606985e-05,3.762801042849055e-05,2.1298747161266747e-05,4.336098486301456e-05,4.116671810753398e-05,4.982332497162869e-05,0.00034131703013181853
1247,4.0268199497482425e-05,4.009059309323977e-05,3.929496864090167e-05,2.2536983743141532e-05,4.179131396652402e-05,4.001401097056997e-05,4.7343718840110494e-05,0.0001792657909958192
1248,4.0216231805441266e-05,3.907676997603525e-05,3.5712812154033234e-05,2.328195155379975e-05,4.472795275706819e-05,4.1465328069704294e-05,5.071516577393828e-05,0.0005222795208975131
1249,4.0182810323933065e-05,4.178089024283195e-05,3.7934656090408354e-05,2.015920002223158e-05,4.290251384559587e-05,3.8231019459443334e-05,4.559407167329198e-05,0.00034600335728921845
1250,4.007492856840026e-05,3.987901535210833e-05,3.7486500701661725e-05,2.022437240091047e-05,4.318772196461366e-05,3.986399792640525e-05,4.2876965194883606e-05,0.000311446240187113
1251,4.0023649610671807e-05,3.8173282505577595e-05,3.7031250192957e-05,2.4019511773393454e-05,4.432906291721638e-05,4.0678374512582654e-05,4.473596179185941e-05,8.468690647614536e-05
1252,3.985157016269473e-05,3.6099880972979044e-05,3.5777752463296736e-05,2.0951879865277536e-05,4.516887165546197e-05,4.247664235570467e-05,4.093773746781011e-05,0.00033508797519789864
1253,3.9824822931978275e-05,3.940899763392351e-05,3.7015181162897255e-05,1.9304915585197333e-05,4.2908845665458324e-05,4.008305565957589e-05,4.7727667297523565e-05,0.0006772416446987237
1254,3.966459239942999e-05,3.8625013966397134e-05,3.613517525842611e-05,2.1736202253264727e-05,4.3330921342125626e-05,4.068357748756929e-05,4.9245189251006075e-05,0.0001506463743258438
1255,3.958713736825921e-05,3.960793483936831e-05,3.7831053631329525e-05,2.5107108576105892e-05,4.1269423672338146e-05,3.975622874899165e-05,5.183994862730805e-05,3.489205521697754e-05
1256,3.950954687226568e-05,3.961152325862059e-05,3.684067622605235e-05,2.0333205321323318e-05,4.332174825164476e-05,3.838010380435228e-05,4.41827368389956e-05,0.0001328209734364147
1257,3.939819352076385e-05,3.833965825897607e-05,3.6422103539286185e-05,2.1069339404721624e-05,4.297715996728606e-05,3.9969389397380866e-05,4.343770713476675e-05,5.6116275286648e-05
1258,3.9341831975895296e-05,4.133432946264432e-05,3.8828293498619886e-05,2.3862489800505682e-05,4.094425579953914e-05,3.637582095635562e-05,4.539522576815707e-05,0.0004582956400052641
1259,3.928483464330004e-05,3.7843806863445534e-05,3.4376645299859186e-05,2.0327452922254433e-05,4.305635248853056e-05,4.197773902155236e-05,4.3200186181028344e-05,0.00028627869099878716
1260,3.911942281614645e-05,3.733728302521363e-05,3.885422936206864e-05,2.200664213776061e-05,4.193156114684749e-05,3.84693376983706e-05,4.451283032207345e-05,2.763544682161519e-05
1261,3.904843822144867e-05,3.8440235774384274e-05,3.662985582550951e-05,2.1924725979629106e-05,4.300121868582809e-05,3.823695441103858e-05,4.154482312590923e-05,7.878565195844307e-05
1262,3.8995644016586704e-05,3.9670441951823883e-05,3.698803357020409e-05,2.060833993599414e-05,4.1630047204784115e-05,3.7808410004079185e-05,4.077921629738311e-05,0.00010652389372390616
1263,3.896950946813605e-05,3.8909366201546114e-05,3.7482776248331053e-05,2.3750299909469083e-05,4.151631001910017e-05,3.8083865580432336e-05,4.614932227659544e-05,0.0005316237741144654
1264,3.877971900722652e-05,4.1107924738369624e-05,3.909784456696773e-05,2.079774610375485e-05,3.9649370014951634e-05,3.537746017346215e-05,4.1354572385390805e-05,0.00022722068422772017
1265,3.865106571421412e-05,3.867107142556145e-05,3.749493125878856e-05,1.8217785664757325e-05,4.036802589493429e-05,3.818358042856641e-05,4.109234587092282e-05,0.00015014852777196417
1266,3.854491392630489e-05,4.1782217495039e-05,3.694009644372572e-05,2.222556563588929e-05,3.856407939188167e-05,3.700629722889792e-05,4.163064130221003e-05,9.42477206328963e-07
1267,3.8515087485600984e-05,3.7657631172728356e-05,3.781550644211008e-05,1.6949529904165255e-05,4.186467893266872e-05,3.683548073780601e-05,4.411110209295929e-05,0.00019700611379618803
1268,3.841283150823306e-05,3.9890430069946153e-05,3.737526204169448e-05,2.1741778016483853e-05,4.0535915882399995e-05,3.596236554600236e-05,4.110245589101721e-05,2.5256933369441798e-05
1269,3.8348119429949545e-05,3.6357978188998814e-05,3.6122010578464676e-05,2.435655012912314e-05,4.108511856111119e-05,3.9939828364075953e-05,5.074081307810485e-05,6.47265771510273e-05
1270,3.831158969707092e-05,3.744825480069017e-05,3.887582143870217e-05,2.2398461101671234e-05,4.249849448362497e-05,3.453613885123136e-05,4.3993037556301456e-05,5.279064869698672e-05
1271,3.8215882657909855e-05,3.727977834869716e-05,3.661961839375241e-05,2.2529619584573765e-05,4.1325674679353856e-05,3.775052913042905e-05,4.4814991981311724e-05,6.188604024345603e-05
1272,3.807870310085001e-05,3.914784663874444e-05,3.5606496020082576e-05,1.9840920374592447e-05,4.119567487200943e-05,3.6476462694397995e-05,4.2691418421443376e-05,0.00018043269005232627
1273,3.794871851508099e-05,3.9303283682785385e-05,3.4924122370127865e-05,2.2161347803236617e-05,3.989072508764437e-05,3.778802923220195e-05,4.5601697505599054e-05,0.00033092341687118406
1274,3.778936734581848e-05,4.137748225023513e-05,3.7180704052008066e-05,2.0163978820891974e-05,3.6631086334763376e-05,3.6079016187015166e-05,3.888348173826735e-05,0.00035467539246990747
1275,3.772356377257865e-05,3.821826751268544e-05,3.5094563412671463e-05,2.1771267911461982e-05,4.111431965109413e-05,3.6577731198962576e-05,4.539927091766135e-05,0.00024440062490391115
1276,3.765277820403109e-05,3.738869231053211e-05,3.5407779853308715e-05,2.0320971168857703e-05,4.243924934895809e-05,3.5485810021300086e-05,4.1112607205614e-05,0.001048019577824394
1277,3.762795712416417e-05,3.701874993500567e-05,3.733343266963062e-05,2.5128570709271326e-05,4.0026372113165076e-05,3.624361965515182e-05,4.421490677084655e-05,0.00016848453356523485
1278,3.743300719048914e-05,3.867626954612875e-05,3.733996516267981e-05,2.0984815933796674e-05,3.8531609331659207e-05,3.529395887667382e-05,4.185200936621064e-05,0.0001384887731931863
1279,3.735283111776766e-05,3.686890916497649e-05,3.646084532660557e-05,2.0494181557114863e-05,4.081298911275161e-05,3.5378119701351145e-05,3.922631375716013e-05,1.1469908926749155e-05
1280,3.73132715080261e-05,3.885653486173041e-05,3.566528928780406e-05,2.281330632699265e-05,3.9944242243524125e-05,3.489644277265028e-05,4.3339549713278816e-05,0.00044916613322560294
1281,3.728217373320878e-05,3.871166089261946e-05,3.615023575423844e-05,2.276638437784265e-05,3.768983383157153e-05,3.668629633050336e-05,4.4310875019320016e-05,4.6783949404565845e-05
1282,3.7129322069441025e-05,3.829870450380582e-05,3.724964186567022e-05,1.830648217066203e-05,3.7641268683432905e-05,3.543655654822802e-05,4.183985433966551e-05,0.00013481664876363378
1283,3.711525498535799e-05,3.510966142667721e-05,3.518556080592693e-05,2.2333662532644867e-05,4.20889946077344e-05,3.618564547814103e-05,4.4908195548104006e-05,0.0004291063488459448
1284,3.702963633581617e-05,3.5338575523739634e-05,3.331225537906194e-05,1.7575419652479284e-05,4.183252516401575e-05,3.7743780416060207e-05,4.331171264688961e-05,0.00022495363943907508
1285,3.688371328253905e-05,3.4499085445113986e-05,3.345342163124304e-05,2.204516686638426e-05,4.2664170096753424e-05,3.7026338870151375e-05,4.2074291940127174e-05,0.0008161200355713718
1286,3.687046491625129e-05,3.4834466502799476e-05,3.441591112988513e-05,1.956062203829019e-05,4.04381243915075e-05,3.790148210614562e-05,4.3271255077613734e-05,0.00046453941270894924
1287,3.672557617319927e-05,3.883130133845893e-05,3.4941803783838556e-05,2.1351960324239413e-05,3.852314580825977e-05,3.471375367774868e-05,4.166573472913234e-05,0.0010603111517490096
1288,3.669259424753054e-05,3.6285466912719685e-05,3.600268319748441e-05,1.9072929148942058e-05,3.813044963931854e-05,3.6459380338592765e-05,4.2100150956200204e-05,0.00037002445333086134
1289,3.659194914642767e-05,3.660985305392282e-05,3.808938233870592e-05,1.9819115599776518e-05,3.868895675135765e-05,3.308691237606696e-05,4.4896202846672956e-05,0.00011770469293863006
1290,3.6524718488839745e-05,3.940255060650114e-05,3.589468810008286e-05,1.891505704771534e-05,3.5724346360671974e-05,3.518439922783044e-05,3.694163101817733e-05,0.0005905702416173903
1291,3.645473214894065e-05,3.75291205998979e-05,3.6051168149386793e-05,2.15018117823238e-05,3.720368241854727e-05,3.514186273590146e-05,4.312873291310255e-05,0.0003795752055442854
1292,3.6282156188171286e-05,3.819217316431766e-05,3.6384073667244996e-05,1.8542720965160395e-05,3.788179959105623e-05,3.2776977543525205e-05,3.985807170637914e-05,4.787297388464244e-05
1293,3.622728513272954e-05,3.637194267402969e-05,3.521856877549197e-05,2.32021246661515e-05,3.8582399986491395e-05,3.484246746932675e-05,4.5097771876412286e-05,0.0001394717509992789
1294,3.6147452215623134e-05,3.658632311413083e-05,3.4590098549807216e-05,2.1600235709806013e-05,3.7808101781469864e-05,3.571128937049208e-05,4.262626889286521e-05,6.438358767945777e-05
1295,3.6089317945360753e-05,3.589426514291767e-05,3.392568466658628e-05,1.841545407199276e-05,3.8851842350869264e-05,3.57913132740017e-05,3.9480935528919755e-05,0.001742260959727205
1296,3.604018563006269e-05,3.882756774622747e-05,3.490050454525068e-05,2.1734122863381218e-05,3.7188048200396755e-05,3.335031177977119e-05,4.3991159152952996e-05,0.00024276662664394886
1297,3.602681074704521e-05,3.649634119745216e-05,3.731720180658719e-05,1.9857002099301696e-05,3.829369975867386e-05,3.210565085046518e-05,4.014951111893384e-05,0.00020398518714010832
1298,3.596750824242317e-05,3.545329585329787e-05,3.351497273464127e-05,1.9940944928466577e-05,3.910869674201624e-05,3.5898544292756036e-05,4.286431767712414e-05,0.0001672510618859207
1299,3.586908869324874e-05,3.674443359052986e-05,3.425250864076785e-05,2.065442252210515e-05,3.815052739364653e-05,3.443407287991805e-05,4.43426185941016e-05,0.0009256019249758219
1300,3.5645940197083845e-05,3.491545115792109e-05,3.415566325061405e-05,1.9772816369786973e-05,3.989871051800601e-05,3.371846968975003e-05,4.513715125235316e-05,4.088188553658278e-05
1301,3.560772278776894e-05,3.550933017802084e-05,3.45809272582758e-05,1.771448917854996e-05,3.7660309070885416e-05,3.478474612867229e-05,4.035200665561115e-05,5.2932201315437865e-05
1302,3.554551759465019e-05,3.43505380726596e-05,3.295942933793792e-05,2.116297856322057e-05,3.971464892373703e-05,3.5261693269374884e-05,4.146508515700551e-05,5.94841739121479e-05
1303,3.5498447931542035e-05,3.582550032102105e-05,3.318007573623537e-05,1.823737907742885e-05,3.792075876255549e-05,3.517155769024085e-05,4.204566535967527e-05,0.001132314382396561
1304,3.547946466469308e-05,3.724851741680371e-05,3.548127088636266e-05,2.0722252270946946e-05,3.683605414986665e-05,3.245606167357339e-05,4.053010159519924e-05,7.761577703350517e-05
1305,3.5352596348500986e-05,3.720601765272547e-05,3.282690277366358e-05,1.8355124704296588e-05,3.734320495240211e-05,3.4137933077731706e-05,4.0163081061680726e-05,0.0007581514822149937
1306,3.5264811877869085e-05,3.556760235619808e-05,3.4629419301228324e-05,1.7436856924793518e-05,3.8432444458431485e-05,3.253319725025438e-05,4.056088357194504e-05,0.000223966023138878
1307,3.5213273502691255e-05,3.5905291166907035e-05,3.3005432562534396e-05,2.010343392185938e-05,3.768254384076154e-05,3.436309122070557e-05,4.426061517899041e-05,8.916482394491573e-05
1308,3.512748711219594e-05,3.686367155203234e-05,3.415893920978345e-05,1.955718970308291e-05,3.663127567208344e-05,3.295907508478992e-05,4.670636022540064e-05,0.0003584356928927521
1309,3.5118148091065084e-05,3.743930316244727e-05,3.177596477118439e-05,1.7339585668461476e-05,3.796755140002057e-05,3.339275900765777e-05,3.9107366617314466e-05,0.0002503091199569113
1310,3.498083314319779e-05,3.77400837450738e-05,3.5467128055007276e-05,1.8640769081067404e-05,3.629034865254286e-05,3.0528355448061775e-05,4.0724494156555734e-05,0.0002825484151325889
1311,3.4854784459584126e-05,3.533761205432982e-05,3.4221013801541923e-05,1.8918909122372064e-05,3.652951423642681e-05,3.343321115863913e-05,3.8625967876239526e-05,0.00012287116533525627
1312,3.4806241989898394e-05,3.452528791655471e-05,3.280254096788848e-05,1.96795881726409e-05,3.694207379343103e-05,3.505713652837807e-05,4.2284851554651504e-05,0.000285844631661094
1313,3.467008732959258e-05,3.615915656224979e-05,3.556833641451751e-05,2.113692663473972e-05,3.483425083620224e-05,3.22202774673839e-05,4.0650162609644336e-05,4.078633263537437e-06
1314,3.4619407073732865e-05,3.4190906772914476e-05,3.3798292987983956e-05,1.9006115495697533e-05,3.7294207176609485e-05,3.3295744701965396e-05,4.091499754278572e-05,4.4406898696347275e-05
1315,3.4582978711653356e-05,3.454215015170006e-05,3.181210340322473e-05,1.842332675162967e-05,3.722658951083928e-05,3.485248785216877e-05,4.167758905171154e-05,0.00018457883595496353
1316,3.454268956033247e-05,3.283042388090809e-05,3.114845185448262e-05,2.12696915044765e-05,3.807182406783919e-05,3.622135654090217e-05,4.3544252412644736e-05,7.38896291704178e-05
1317,3.443300840231796e-05,3.3609277551365235e-05,3.295006497346966e-05,1.956165449955119e-05,3.758364855745146e-05,3.369001888694718e-05,4.163883800354169e-05,0.00014502160655432267
1318,3.4280095485386725e-05,3.457218474374486e-05,3.30839150783124e-05,1.713249210539348e-05,3.536267405245945e-05,3.420213620919811e-05,4.137242149740711e-05,0.00016549040874445708
1319,3.423780642189077e-05,3.489054108873016e-05,3.1867514362977895e-05,2.2326181466206132e-05,3.7172231087897505e-05,3.312134328480087e-05,4.3241787892397356e-05,0.0007998216053615998
1320,3.419083617562524e-05,3.4495436578420924e-05,3.293225244580941e-05,1.8630501900874685e-05,3.6369765328253954e-05,3.30661567436031e-05,4.0749653622020534e-05,0.00020370879013448996
1321,3.414385260381343e-05,3.35777691017797e-05,3.13527053242727e-05,1.7629519095793534e-05,3.820527076184221e-05,3.353979383122537e-05,3.9704858802323816e-05,6.635855230199235e-05
1322,3.4115315295901984e-05,3.244781740490888e-05,3.132228164731708e-05,1.9613772721536443e-05,3.893723362679488e-05,3.385397322861183e-05,4.0108647794951235e-05,0.0006406766733409175
1323,3.392927706175041e-05,3.290226587437312e-05,3.417763257730591e-05,1.9733875078137887e-05,3.636448147544652e-05,3.237222764095377e-05,4.369157273869158e-05,0.00024248909949741405
1324,3.387974777703773e-05,3.4061377444014226e-05,3.349850246751176e-05,1.9723233596798098e-05,3.548329334273191e-05,3.2575172028252414e-05,4.111409270424316e-05,4.1816604076808385e-05
1325,3.3795016775698924e-05,3.603810438208359e-05,3.186774417145534e-05,2.2906251037262484e-05,3.38310238262508e-05,3.3542300195694303e-05,4.513465841622832e-05,0.0009145621278517508
1326,3.370018337727077e-05,3.511887402150265e-05,3.192701600316665e-05,2.0363201102309482e-05,3.5170186926641446e-05,3.268348417013291e-05,4.121643392602314e-05,0.00030868875630517723
1327,3.365298266787877e-05,3.273636450683683e-05,3.0956335610640956e-05,1.794293225830308e-05,3.8146022822319084e-05,3.287189672988729e-05,3.745883948393328e-05,7.396429166229348e-05
1328,3.35430005360319e-05,3.35881461522266e-05,3.151874139892336e-05,1.8645628840221454e-05,3.703307576741331e-05,3.213040516510347e-05,3.8050768604977146e-05,7.777210044260038e-05
1329,3.35065149020096e-05,3.3409231473537046e-05,3.1363742669937495e-05,1.641098789420225e-05,3.613108569455088e-05,3.322025930134362e-05,4.162323025885232e-05,6.833198660430595e-05
1330,3.342775977303964e-05,3.4074072998058024e-05,3.134510229665722e-05,2.1194093037035928e-05,3.5276594442322764e-05,3.3113297755106635e-05,3.9353738956255406e-05,0.00042531080351162137
1331,3.338125263078997e-05,3.466634140748338e-05,3.325780818819252e-05,2.19865944590654e-05,3.481425062928777e-05,3.0884502473799925e-05,4.048248263616693e-05,0.0008183547708794944
1332,3.335174717595677e-05,3.6087770282980164e-05,3.562134233764232e-05,2.168290185042159e-05,3.155962055523429e-05,3.0236061103437346e-05,3.7927363314865536e-05,3.376150508727704e-05
1333,3.330685385940387e-05,3.604635343653954e-05,3.381983374496956e-05,1.8746077042468637e-05,3.410149732612093e-05,2.9357404980583672e-05,3.6448832248111505e-05,6.849795720033991e-05
1334,3.319022770656229e-05,2.992425341760318e-05,3.0893994115607606e-05,1.909799982247977e-05,3.871912981078364e-05,3.3320865364821846e-05,4.416152161270122e-05,0.0004573535642019253
1335,3.308457052123626e-05,3.336337802160167e-05,3.0086720988048384e-05,2.031508491613023e-05,3.533237483715055e-05,3.365283052897531e-05,3.9431677744511557e-05,9.523308153482594e-05
1336,3.3048433480452155e-05,3.393748399846094e-05,3.304016428073959e-05,1.7705450240992707e-05,3.496519002722792e-05,3.0347812238916343e-05,3.787712499047272e-05,0.00012852315291354827
1337,3.293123398324379e-05,3.360115207746294e-05,3.087382862466629e-05,1.7179388581416755e-05,3.503149786456543e-05,3.231502999741126e-05,3.466229955909572e-05,0.0001513043321989341
1338,3.2875335855191714e-05,3.1530514993693264e-05,3.017224159257104e-05,1.9504327509019076e-05,3.485645983008539e-05,3.503853577508668e-05,4.4959117421132775e-05,0.0004439948224413839
1339,3.280360478696294e-05,3.5227145181334856e-05,3.273150395318327e-05,1.914247569729746e-05,3.3594047277533956e-05,2.975792103531146e-05,3.603697368935368e-05,0.00024910532119251785
1340,3.27417900609347e-05,3.385503270429508e-05,3.1888285513908174e-05,1.775179781637446e-05,3.505296055366963e-05,3.0266898472872654e-05,4.051431047715001e-05,0.00014141592701231217
1341,3.259702042981175e-05,3.53414003786276e-05,3.245420908117055e-05,2.197883667025045e-05,3.071248397446167e-05,3.197558093412885e-05,3.9644923366462686e-05,0.0003445563922600051
1342,3.2579505245200415e-05,3.395774703670178e-05,3.255118724378646e-05,1.9443589696647863e-05,3.291176404348739e-05,3.0992863985354916e-05,3.984641902316042e-05,7.14699830136924e-05
1343,3.2473649178837455e-05,3.511671022544187e-05,3.16790704191326e-05,1.894033928169321e-05,3.361049198074937e-05,2.958355494051012e-05,3.576524749772408e-05,0.0004670886544399026
1344,3.242339215022536e-05,3.149358500386068e-05,3.212196730212612e-05,1.6885523095849695e-05,3.564870683658052e-05,3.052439266319309e-05,3.8514034440605916e-05,0.0001445664473102359
1345,3.232335599272831e-05,3.117196726286862e-05,3.1537615864871145e-05,1.8874043419605367e-05,3.540940679724044e-05,3.126922401975165e-05,4.334533662157279e-05,0.0002001495095016128
1346,3.230557154665146e-05,3.289142851049832e-05,3.076561101033763e-05,1.845810212843875e-05,3.360787281220307e-05,3.2052111603228745e-05,4.144375927534163e-05,0.00030573466922961335
1347,3.222927895054165e-05,3.468490063938872e-05,3.180990004811821e-05,1.8539779356971296e-05,3.312776965270412e-05,2.9389059716557738e-05,3.8528597888551515e-05,9.551947436359608e-05
1348,3.2150503001141656e-05,3.1423306902503364e-05,3.164495205693774e-05,1.779313739504765e-05,3.60935096052013e-05,2.9534526732684364e-05,3.9053696539216015e-05,0.0015096030333630677
1349,3.208998166293553e-05,3.522487607353674e-05,3.0626355402214265e-05,1.9395240070320722e-05,3.224834080317199e-05,3.0354459901868342e-05,3.659387072576268e-05,0.0005412831900991736
1350,3.205705798025657e-05,3.222191465398925e-05,3.0516841964344057e-05,1.7357339446348244e-05,3.501211415211678e-05,3.057137009550298e-05,3.816945119577563e-05,3.0162452718730004e-05
1351,3.2029496787011025e-05,3.407695207046644e-05,3.057070078878362e-05,1.999356149841807e-05,3.2827069934647926e-05,3.0737192499849e-05,3.924703992546405e-05,0.0003479016174678464
1352,3.188156449942864e-05,3.1729597538233704e-05,3.0632379183530936e-05,1.777612947042136e-05,3.452965818631026e-05,3.0728117312952865e-05,3.6137999498885956e-05,3.084620502835786e-05
1353,3.180772839394342e-05,3.170923551273291e-05,3.0069976058900302e-05,1.9003540814210032e-05,3.69787024892855e-05,2.856627744975116e-05,3.6968458627896595e-05,0.0004930306257082737
1354,3.168049213833994e-05,2.979151456631297e-05,3.1246756133288806e-05,1.785382377868554e-05,3.4918261938790604e-05,3.0858340532191375e-05,3.721812723682047e-05,0.0004078704919167338
1355,3.165804522427369e-05,3.268938054383439e-05,3.0510304622516445e-05,1.8446849318568744e-05,3.2556146708438534e-05,3.096918796458445e-05,4.050815513342209e-05,6.184924791524597e-05
1356,3.1629370899546195e-05,3.232269816137453e-05,3.276065836950353e-05,1.8335842471507764e-05,3.309528122977114e-05,2.8431600335643894e-05,3.623705862437398e-05,0.0007916259710934525
1357,3.1561867521418605e-05,3.385012699877699e-05,3.036030709007978e-05,2.082277191094992e-05,3.286193351772723e-05,2.926765930508856e-05,4.04186867799198e-05,0.00039445691361065025
1358,3.144267992530563e-05,3.536797947492645e-05,3.082020593486839e-05,1.880567884815926e-05,3.111224526617082e-05,2.8562496483819685e-05,3.800794663566444e-05,0.0004991261727164217
1359,3.12999089392514e-05,3.035116082615182e-05,3.0145498595932353e-05,2.031822433628867e-05,3.4274696360478325e-05,3.0520068515854996e-05,4.0376243701016806e-05,0.001041526466822576
1360,3.1277566012637434e-05,3.115279892800263e-05,2.9247096635814578e-05,1.917243372840187e-05,3.403397100087754e-05,3.076812057873723e-05,4.6826089470740694e-05,0.0002657265807771063
1361,3.126755650734038e-05,3.345012795378536e-05,3.055287879377286e-05,1.842594909920562e-05,3.127211629664406e-05,2.988679656110103e-05,3.535356885384609e-05,1.2701682700637283e-05
1362,3.1250386615914536e-05,3.3011998853145614e-05,3.1652732721513144e-05,1.965725309859681e-05,3.180096067261952e-05,2.8627497243731052e-05,3.965744565973263e-05,0.00025050151352691666
1363,3.1094473149437006e-05,3.2091356324345336e-05,2.8248880777756405e-05,1.7262378001672195e-05,3.2965681414197915e-05,3.116316006512052e-05,3.902705513703016e-05,0.0001566120588838155
1364,3.103998639462872e-05,3.165209410659581e-05,2.9886335279934402e-05,1.864736027659814e-05,3.2163559554160964e-05,3.054898304545237e-05,4.2205985776764904e-05,0.0001019988693613292
1365,3.0944782454986654e-05,3.1996071841547864e-05,2.9865542345979883e-05,1.9992560836795507e-05,3.30255922805123e-05,2.8982669987179703e-05,3.77632272332207e-05,0.00027301116119182907
1366,3.0893176943970344e-05,3.135709860188847e-05,3.0934066778945064e-05,1.859274801150021e-05,3.189365532803741e-05,2.9478483078872458e-05,3.7294991120463775e-05,0.00017033215612405285
1367,3.0837338606453826e-05,3.052137298130917e-05,3.01409517668843e-05,2.0477921428248105e-05,3.387494259779218e-05,2.89025191139779e-05,3.920510825911259e-05,0.0006987363202041545
1368,3.075154759010288e-05,3.218960643700332e-05,2.90557957723857e-05,1.8557168623042523e-05,3.135484518713224e-05,3.0496123135967403e-05,3.720691323717142e-05,4.7922619989907015e-05
1369,3.065085753285225e-05,3.0341530888919377e-05,3.0304618960676936e-05,1.708589148702877e-05,3.162283297696202e-05,3.0424332934125343e-05,3.78399243864607e-05,0.00029383837474053525
1370,3.058554286844373e-05,3.1259089582111674e-05,2.8883988298082736e-05,1.7402790941027985e-05,3.3931510352042146e-05,2.835727698764961e-05,3.6661999846346864e-05,0.0003352389366579389
1371,3.053848063458418e-05,3.164504280739652e-05,3.0454473951367007e-05,1.7554437240705524e-05,3.116730887779308e-05,2.897665248198302e-05,3.4670033040344405e-05,0.00033254570580536105
1372,3.049484970728562e-05,3.239737772597089e-05,2.9090432120153334e-05,1.832221609916969e-05,3.102063764252633e-05,2.9560378951266625e-05,3.8332196237372114e-05,6.910787448759073e-05
1373,3.0420990515886604e-05,3.040150280041916e-05,2.9035669263780038e-05,1.8098761953799665e-05,3.3912998954463166e-05,2.842300241823531e-05,3.929504439513748e-05,0.0005810641612317282
1374,3.0311694692223104e-05,3.2613150471742137e-05,2.9124616176683462e-05,1.7845918587746635e-05,3.102843004892419e-05,2.8569472493774385e-05,4.0309390769221726e-05,0.00017211276366969409
1375,3.0272203642779053e-05,2.931609149234229e-05,2.7125341604221048e-05,1.7655434636777835e-05,3.467760788287936e-05,3.0058548288921788e-05,3.781861667375742e-05,0.0005002819865804384
1376,3.0131311725858783e-05,3.16306464472286e-05,2.9517213716228185e-05,1.6876195399196307e-05,3.161820035123393e-05,2.784754799358625e-05,3.61866327410716e-05,0.00010687889648579711
1377,3.0059554641902923e-05,3.045711182551936e-05,3.108331617042054e-05,1.6916431046491725e-05,3.0070058036313306e-05,2.8715883847749575e-05,3.340786228169987e-05,0.0005829152537719471
1378,2.9997467703203187e-05,3.201518574254762e-05,3.0099458989262638e-05,1.8855546595434402e-05,3.1480208469510274e-05,2.6482986729619302e-05,4.061474406677103e-05,0.000510768227444093
1379,2.9942867850594454e-05,2.9706468226351476e-05,2.7668782928644578e-05,1.6482662221275485e-05,3.316547455279873e-05,2.9318554648292365e-05,4.145168637877654e-05,0.00020425822510100012
1380,2.986491117780158e-05,2.9785955831696412e-05,2.883854599487858e-05,1.7727999857150733e-05,3.1634407323119924e-05,2.928831601583645e-05,3.656190194362058e-05,0.0003495182937154946
1381,2.9848578682187533e-05,2.9899700986405298e-05,2.979719413308974e-05,1.8750089881037927e-05,3.211929458657161e-05,2.7665657629795682e-05,3.796296870273959e-05,1.5784294273343906e-05
1382,2.9750982119508547e-05,3.0121457536874695e-05,2.9084251063851916e-05,1.630202724006374e-05,3.1885913709352676e-05,2.7999552393117712e-05,4.0589555735198874e-05,7.427708548996612e-05
1383,2.9718217276219673e-05,3.0608733012559893e-05,2.9593050517402306e-05,2.0717374425150032e-05,3.165980853694331e-05,2.7098427327432084e-05,3.444689429509074e-05,0.0008019445873529865
1384,2.964822846923164e-05,2.94897861782156e-05,2.747778083331356e-05,1.7521904726207858e-05,3.342317295819133e-05,2.8289119171674302e-05,3.7385913947059325e-05,0.0010108648060499867
1385,2.9597775993376535e-05,3.1241245373923445e-05,3.0259891229069622e-05,1.7736619749557044e-05,3.033238458789647e-05,2.6644379842380515e-05,3.7477080296846084e-05,0.0002658508965331483
1386,2.958137238803191e-05,2.9423251078341294e-05,3.0327257994195004e-05,1.596191909777058e-05,3.163179675596473e-05,2.7029932560138224e-05,3.5258919896018795e-05,8.167449776686027e-05
1387,2.9527629600364865e-05,3.215321423417422e-05,2.982101242733334e-05,1.7435657611927042e-05,2.9486180498945402e-05,2.6736702734413083e-05,3.4911280920105515e-05,0.00013194222371315474
1388,2.9410655369076585e-05,3.0415704792506897e-05,2.8753457237226828e-05,1.5680937379586755e-05,3.0208475768511216e-05,2.8351231889855628e-05,3.5487725474389493e-05,0.00018466554182245868
1389,2.9363995766308453e-05,2.999314486797059e-05,2.86698491237955e-05,1.470042873789245e-05,3.062232568836665e-05,2.8256775016083796e-05,3.6703664574000205e-05,0.00020146482431769255
1390,2.9269218398889496e-05,3.2679456544151256e-05,3.157510985966419e-05,1.634119033287213e-05,2.8640873558905314e-05,2.4267267086114215e-05,3.7550030583248334e-05,0.000688502944929485
1391,2.9201025767164404e-05,2.90437480481543e-05,2.7144637041205644e-05,1.603928577418586e-05,3.1970897307679305e-05,2.873045439819372e-05,3.579478847557195e-05,2.9191402061534415e-05
1392,2.910504470967927e-05,2.786763379356226e-05,2.881057144530024e-05,1.8366286610817273e-05,3.1652180745209775e-05,2.8175144765109802e-05,3.7819795683088466e-05,3.559776152352187e-05
1393,2.904212433248701e-05,3.0612211917164194e-05,2.8751836688967692e-05,1.6274747450074355e-05,2.9261258466477774e-05,2.762835758371021e-05,3.5484327702415836e-05,5.1010664369852116e-05
1394,2.896277006032246e-05,2.8703973168715178e-05,2.8003816444630316e-05,1.8439260952044025e-05,3.084023654827496e-05,2.8387989080176784e-05,3.657336567493362e-05,0.00010555663412122975
1395,2.8891264027332426e-05,3.105016603869099e-05,2.860153494820477e-05,1.6077294910184003e-05,2.9621238162198228e-05,2.6376842331491927e-05,3.809932848717143e-05,0.00036575264077897356
1396,2.8857439896887866e-05,2.9383944316941896e-05,2.8212066392448265e-05,1.8036059381626127e-05,2.9653671744026806e-05,2.8264703135109973e-05,3.7919711601106735e-05,3.2608735292648414e-05
1397,2.8802493309628505e-05,2.8049967898955102e-05,2.7885884358293114e-05,1.6894107371358757e-05,3.3582047069500205e-05,2.5776538706313653e-05,4.023200094544252e-05,0.0005416967737665787
1398,2.87874742704111e-05,3.162135403170682e-05,2.6992477648159396e-05,1.594352652096051e-05,2.948063353518316e-05,2.7139852651016522e-05,3.157627967922604e-05,0.00014130490317092688
1399,2.8711995970044972e-05,3.0244794833570892e-05,2.8690742960086273e-05,2.054188856222868e-05,2.967266045824654e-05,2.632398523488233e-05,3.8807788159759886e-05,0.00019870125608934355
1400,2.856787000920829e-05,3.0350873598393792e-05,2.7518904012803702e-05,1.6387975563189274e-05,2.8598215033435864e-05,2.788726395818217e-05,3.582361293893703e-05,0.0002944408317266698
1401,2.851268315436844e-05,3.1146442847854e-05,2.8727500163865567e-05,1.6277248783283915e-05,2.794999222917538e-05,2.6310412229594207e-05,3.7607150218500996e-05,1.13555516786138e-05
1402,2.8405680909535183e-05,3.0332287371331718e-05,2.7699283124557924e-05,1.819203668542727e-05,2.8720409301196078e-05,2.6954044591533977e-05,3.449984472520766e-05,0.00023018664810004722
1403,2.836894166958528e-05,3.118252783747115e-05,2.7961476749252474e-05,1.6257315617198836e-05,2.8214013199689244e-05,2.620094217935563e-05,3.4364547451067e-05,0.00037504936022179127
1404,2.8345718142101887e-05,2.9358907023934095e-05,2.8409447731665354e-05,1.79000737609567e-05,2.9756667582332758e-05,2.5940975373516257e-05,3.780442630669379e-05,0.00013609156009505171
1405,2.8265522941894182e-05,2.956747262169284e-05,2.80665040001077e-05,1.7997419700635266e-05,2.8745521051037254e-05,2.676548411463705e-05,3.697958953911109e-05,0.0003633798898471245
1406,2.8226219585316426e-05,2.9491721734123864e-05,2.8345378236352927e-05,1.6289919872678303e-05,2.9163244195179487e-05,2.5987308779292388e-05,3.595384301219738e-05,0.00012719872008418198
1407,2.821090172615701e-05,2.8625037598109584e-05,2.760293921669432e-05,1.5705365123733836e-05,3.1165616723188554e-05,2.5532743103870503e-05,3.6315052907109406e-05,0.00013400199228106834
1408,2.8084417293568685e-05,3.0051787181707328e-05,2.8550772934925512e-05,1.7276209134205703e-05,2.8373729991946534e-05,2.544373803891492e-05,3.243985122941758e-05,0.0003506679126163183
1409,2.8043926486991122e-05,2.9923618865837938e-05,2.718767389074208e-05,1.7212357094370052e-05,2.7881208543922036e-05,2.7265444999874444e-05,3.5331428795117886e-05,2.0672267147706247e-05
1410,2.8038797913609983e-05,2.8972483629373182e-05,2.727532825350542e-05,1.8152022258272494e-05,2.9078379192370823e-05,2.6911225907080352e-05,3.393715363055116e-05,3.2224927134723624e-05
1411,2.793059683861103e-05,2.807205517415685e-05,2.8564002217526984e-05,1.7952740171659624e-05,2.91837787950374e-05,2.598445885814292e-05,3.884806439598983e-05,0.0001758681008448374
1412,2.7859750747963012e-05,2.9328975430278973e-05,2.7420706028242738e-05,1.6798000208539306e-05,2.9886690595826132e-05,2.4884331172204264e-05,3.559439279308638e-05,0.0008221057624347468
1413,2.7720563798740616e-05,2.9748223535500755e-05,2.787589714241744e-05,1.5566069232628975e-05,2.8997871381209793e-05,2.434155521369863e-05,3.866516982818523e-05,0.0005136289168119839
1414,2.7669708062383715e-05,2.949592874068741e-05,2.850749726254732e-05,1.95515285674241e-05,2.7820468975625025e-05,2.493608025937647e-05,3.596217160457236e-05,7.42197696660602e-05
1415,2.7641871663483006e-05,2.790030959093316e-05,2.8383627107881702e-05,1.6327554600861412e-05,2.8232141249829196e-05,2.6132469800201813e-05,3.197432537976759e-05,0.0009528861841370353
1416,2.7584457898286317e-05,3.0292746738164725e-05,2.7979803303958824e-05,1.7525801524197338e-05,2.6587127426700327e-05,2.555904694949267e-05,3.456795075177101e-05,3.796182437083604e-05
1417,2.7468305932283604e-05,2.848158872213741e-05,2.698379234174126e-05,1.7113690044484332e-05,2.9329362349002786e-05,2.5159032655055073e-05,3.574329127156314e-05,0.000627324631883706
1418,2.7389645386427387e-05,2.989929325247508e-05,2.5066997643096945e-05,1.882357660897086e-05,2.8566795750608365e-05,2.6105816730933953e-05,4.033737799309057e-05,0.0005262492008412291
1419,2.736128766849761e-05,3.0743202522624004e-05,2.780746246919218e-05,1.5945691318372337e-05,2.631871661045311e-05,2.4656007686759414e-05,3.20723388477561e-05,0.00010383300647081282
1420,2.7277363847968857e-05,2.9443103194990628e-05,2.8100042718826972e-05,1.7908763037333058e-05,2.769527922670777e-05,2.395102237127887e-05,3.639043964037051e-05,4.359429553698058e-05
1421,2.7250267466881025e-05,2.9415750344869377e-05,2.6884968210422994e-05,1.8144966300929122e-05,2.875314476177724e-05,2.4027119521100816e-05,3.72431560373758e-05,3.9571940093003204e-05
1422,2.7197260137419348e-05,2.935513338333153e-05,2.7939581990614428e-05,1.632153066560241e-05,2.7450373334962642e-05,2.4123709471591613e-05,3.568627729077869e-05,0.00010625026366538577
1423,2.717966998652309e-05,2.9912402270779144e-05,2.5846687440031907e-05,1.6708693067834094e-05,2.7910724970891593e-05,2.5128571217202384e-05,3.246721833804797e-05,0.00047123915064797736
1424,2.713140442200215e-05,2.5801302030115103e-05,2.565409699929434e-05,1.62773787843429e-05,3.079258458849212e-05,2.6357198394674944e-05,3.486589369526548e-05,0.0002458856896502592
1425,2.707181903903703e-05,2.662214068921724e-05,2.6242366056665056e-05,1.4980601633962271e-05,3.027955272280815e-05,2.522260631016161e-05,3.5755811838329254e-05,7.169871468416844e-05
1426,2.6994303615367578e-05,2.8782328749412072e-05,2.688328293095454e-05,1.510718658367762e-05,2.908169800522628e-05,2.3309067012633174e-05,3.534225078097159e-05,9.21853472013211e-05
1427,2.691942311284452e-05,2.8600703445684204e-05,2.8211251435026813e-05,1.5618513528825927e-05,2.7279323638232676e-05,2.3665356565880965e-05,3.157088573204311e-05,0.0006666752335671443
1428,2.6910056228353494e-05,2.992417908220712e-05,2.613985472305181e-05,1.9781673506251654e-05,2.7880197515409702e-05,2.3774908929990307e-05,3.575637263865788e-05,0.00020465201770841017
1429,2.6849050914358002e-05,2.8937332958295166e-05,2.832555320644678e-05,1.7049110625501834e-05,2.6628722214004434e-05,2.3583331328338234e-05,3.502890804998854e-05,7.69925681808895e-05
1430,2.6805544518373975e-05,2.938242864116761e-05,2.696159289852658e-05,1.720892151922277e-05,2.6607547356854707e-05,2.434921801432049e-05,3.6098859608571254e-05,0.0001386448202147324
1431,2.6737086472379948e-05,2.9260906880852285e-05,2.7249093358276818e-05,1.5790082615958396e-05,2.807689058369249e-05,2.243986313939559e-05,3.3333846894540594e-05,0.00026027185667266484
1432,2.6687390074806237e-05,3.03176823484125e-05,2.8125994857531495e-05,1.6494661835884974e-05,2.669088638580315e-05,2.1693258825022972e-05,2.969607084630977e-05,0.00021533080078963034
1433,2.6622867204840948e-05,2.7690526879775988e-05,2.66491343263937e-05,1.5547426714270847e-05,2.7672138949143707e-05,2.455774163040351e-05,3.822676310446672e-05,2.3802825401796977e-05
1434,2.6597615982283162e-05,2.7830749719683897e-05,2.6814521972517093e-05,1.8395290902148252e-05,2.7779831864731107e-05,2.404335914905564e-05,3.734243037957103e-05,0.0005009395065938432
1435,2.6543319984869422e-05,2.8063945905207628e-05,2.572743181151333e-05,1.4829922833081282e-05,2.792878603514338e-05,2.45309558441521e-05,3.264151930574342e-05,6.287167000963051e-05
1436,2.6473126562181795e-05,2.7752945449704475e-05,2.5748856245637576e-05,1.6687031379322438e-05,2.730861839358099e-05,2.515971973862144e-05,3.3682557469825206e-05,0.00034197243703497826
1437,2.63884093498174e-05,2.775326888772717e-05,2.670867787201726e-05,1.5895762855145e-05,2.6807839327745773e-05,2.4361236712664707e-05,3.5493458850494974e-05,8.761703102910264e-05
1438,2.6339676404767378e-05,2.8277026849059482e-05,2.812473630673207e-05,1.5781651264387698e-05,2.6278640857416418e-05,2.2755544158547606e-05,3.179939648597032e-05,7.465677328672518e-06
1439,2.6256545759408285e-05,2.6303895889380993e-05,2.394064835769341e-05,1.6878070941091912e-05,3.062101975539183e-05,2.4237617790317718e-05,3.7956190624547614e-05,1.9418116800726252e-05
1440,2.622552831509234e-05,2.7986902241904485e-05,2.706336385978527e-05,1.5866397144932555e-05,2.588414426991334e-05,2.404461074728402e-05,3.1310951167695805e-05,0.00023848508935385705
1441,2.6155207969018166e-05,2.756782453617609e-05,2.6704704154598285e-05,1.6053839536800966e-05,2.6569438713139086e-05,2.3855565747281262e-05,3.086052978574297e-05,1.6127845610027716e-05
1442,2.6106623724514688e-05,2.5200063298033515e-05,2.5011612857723942e-05,1.5696180109167655e-05,2.9660556546402003e-05,2.463082109801643e-05,3.618004698883061e-05,0.00021814565548118137
1443,2.602768119247513e-05,2.6878043146457394e-05,2.586227298299209e-05,1.631631905892046e-05,2.718683998961921e-05,2.425989638354012e-05,3.7751134847280265e-05,0.00019743051837965765
1444,2.599425698570676e-05,2.7239678586702022e-05,2.5049294932591824e-05,1.7342301909316518e-05,2.7667790918087894e-05,2.409649335064347e-05,3.349840542872768e-05,0.0004251998901856575
1445,2.590908826489648e-05,2.6817508069705706e-05,2.4932480692539343e-05,1.7742998662475975e-05,2.6556617289311366e-05,2.5405726977376113e-05,3.371718956353765e-05,4.676576288682418e-05
1446,2.5853251483189404e-05,2.9064403181341816e-05,2.6210706362704732e-05,1.7977347276184745e-05,2.4335959740025357e-05,2.3877752857030456e-05,3.2737179709401415e-05,0.00016123722342943232
1447,2.5837483127248463e-05,2.6845442332126803e-05,2.6049193433593884e-05,1.6418468259842913e-05,2.706478250914424e-05,2.3466284003944076e-05,3.1162700440949956e-05,0.0002384989230025951
1448,2.576295483658267e-05,2.7803100854461292e-05,2.5640480192658557e-05,1.5336127789948962e-05,2.7044707363268675e-05,2.2639082323049505e-05,3.41965816948525e-05,9.833162476349286e-05
1449,2.5719393463051737e-05,2.741570010234895e-05,2.5544369408147895e-05,1.6253958817769686e-05,2.606569243555824e-05,2.3927235178526376e-05,3.0324001909159147e-05,0.00010976903078042604
1450,2.561217425405898e-05,2.9886165096819514e-05,2.560298306851438e-05,1.600315041294231e-05,2.5199903710650828e-05,2.1834754477253257e-05,3.1624828797903335e-05,0.000455081641344606
1451,2.556592167568159e-05,2.828419585246417e-05,2.5030216183440475e-05,1.573055829198456e-05,2.436927083871442e-05,2.4654977301789234e-05,3.1994293807599946e-05,0.00031039766536834735
1452,2.548808684886553e-05,2.6220383207483703e-05,2.4189742612752763e-05,1.468069814362159e-05,2.757637330309369e-05,2.4040593177986775e-05,3.095001116112317e-05,6.246969372378682e-05
1453,2.5477748504879036e-05,2.855250462145434e-05,2.5652921443100438e-05,1.395285508284726e-05,2.3804509935633237e-05,2.3975772890107678e-05,3.116325895372948e-05,0.00029592100788557017
1454,2.544489114318448e-05,2.73131336402234e-05,2.4920651714778716e-05,1.6326433427832673e-05,2.6705338662675227e-05,2.291505901668971e-05,3.198621192580187e-05,2.1951913868562967e-05
1455,2.5399204910111782e-05,2.7150850661182627e-05,2.580775754020069e-05,1.5938782146056888e-05,2.5976715688562074e-05,2.2735980308643586e-05,3.23985422558173e-05,5.9752485291070506e-05
1456,2.5319341657125696e-05,2.642999098897866e-05,2.4817920755285987e-05,1.526630764087414e-05,2.7441163326986095e-05,2.2662541806415973e-05,3.127893010463893e-05,0.0002661651230096286
1457,2.527494595485011e-05,2.8851390877162098e-05,2.54195039857597e-05,1.4900496111648248e-05,2.367880529224559e-05,2.3224203838817085e-05,3.0796442484744945e-05,2.7092952675791937e-05
1458,2.5238173924044503e-05,2.6984873526076757e-05,2.4242875827191722e-05,1.396107345602633e-05,2.6683281050746944e-05,2.3115677504287936e-05,3.0332783144979083e-05,0.00011524827989747037
1459,2.5106816555119703e-05,2.8569825611186053e-05,2.6348874099291638e-05,1.6460184337007452e-05,2.4252888464662746e-05,2.132930513762862e-05,3.3375454196060914e-05,0.00020396771702098024
1460,2.5067904610827336e-05,2.649641273056283e-05,2.563639018055645e-05,1.617434512580821e-05,2.6885352668781196e-05,2.1326975849103305e-05,3.409143936321181e-05,0.0003429558595084381
1461,2.5047429700242892e-05,2.726486196961181e-05,2.6087311404181022e-05,1.541168156638092e-05,2.4933889065712598e-05,2.1977109090133512e-05,3.3451653563747164e-05,0.00010526984277797168
1462,2.4954590575027855e-05,2.7117593330727918e-05,2.6245400200458547e-05,1.4229339528913304e-05,2.4659354030119123e-05,2.1869195405660775e-05,2.840643205387622e-05,0.0001906704373229272
1463,2.493780859852425e-05,2.8757490715371047e-05,2.53038319981637e-05,1.7471675008975225e-05,2.392619815594454e-05,2.1836844702695e-05,3.4759899034407186e-05,2.054051612946546e-05
1464,2.4895978035157485e-05,2.5227904622797194e-05,2.3038809842461224e-05,1.54901386009354e-05,2.6880950964337248e-05,2.4509255266342408e-05,3.180027581264274e-05,0.00033075691582890726
1465,2.4802327242255785e-05,2.594926783067751e-05,2.5068334057950743e-05,1.61268565728484e-05,2.4824809059678033e-05,2.3439632165002783e-05,3.5576459138828695e-05,0.0008730212887165785
1466,2.472269996609876e-05,2.6517966542143234e-05,2.3323309056721987e-05,1.436912587465354e-05,2.607404338765493e-05,2.304798157929992e-05,3.055845324573017e-05,0.0002765211130007297
1467,2.4683106646271364e-05,2.7267824110819366e-05,2.4002762195000587e-05,1.6450426348000402e-05,2.5006109116344433e-05,2.2528115548485854e-05,3.171029262919449e-05,0.00013488366103473154
1468,2.466780615892387e-05,2.6063223033189557e-05,2.3163607599163276e-05,1.703163078763194e-05,2.7112297546746794e-05,2.2404436176119695e-05,3.4778769989970145e-05,2.5965858569842076e-05
1469,2.463938047568834e-05,2.581435368163779e-05,2.5025627006243307e-05,1.8018559424588775e-05,2.574506900668463e-05,2.204472861785428e-05,3.411630680727286e-05,0.00017953244241983166
1470,2.4601392570488273e-05,2.8422870603843198e-05,2.6220870053915456e-05,1.683178463040681e-05,2.333263266478875e-05,2.050134176696451e-05,3.1987705654235264e-05,0.0001402020217758749
1471,2.4510089457169304e-05,2.5312415243203172e-05,2.3538990608377937e-05,1.486627731713774e-05,2.6132203511052465e-05,2.3128625518147424e-05,3.34531811968967e-05,0.0004626839853323382
1472,2.4471245021115664e-05,2.766184791594653e-05,2.4441969087776624e-05,1.4871172036197512e-05,2.4621135080970373e-05,2.1231791400525903e-05,2.7732828552783435e-05,0.00021599789959275082
1473,2.440816626428888e-05,2.6483575737648122e-05,2.569296342975226e-05,1.6855199544387897e-05,2.527879248118686e-05,2.0248911559375732e-05,3.1560332645191966e-05,0.001005725802499121
1474,2.4339454132150767e-05,2.566462171762518e-05,2.36554316130612e-05,1.484505706134399e-05,2.459778853550117e-05,2.3511351089718925e-05,3.230613401556372e-05,0.0004973076327046276
1475,2.4310246896964454e-05,2.6485438248745736e-05,2.4952173405966823e-05,1.5979952993490495e-05,2.3914105861455993e-05,2.196056131134377e-05,3.3418764355115006e-05,0.0006848048259201045
1476,2.4252430600439617e-05,2.4677618831476352e-05,2.2558026684393285e-05,1.4058731447025232e-05,2.6191464132823934e-05,2.365373442375023e-05,3.4087168994598386e-05,0.0002436208026515361
1477,2.4229937517401973e-05,2.4987854302445812e-05,2.3774672936243943e-05,1.5662371184171643e-05,2.581405436024097e-05,2.2414224077394368e-05,2.9048929082515075e-05,0.00010993122943061725
1478,2.4172329616959783e-05,2.391873327228133e-05,2.378422535715012e-05,1.5206174342549303e-05,2.616268528166022e-05,2.289456129311573e-05,3.274448443086278e-05,0.00010052676600454653
1479,2.4022635483658e-05,2.571591618736199e-05,2.3840628037134697e-05,1.601567045620413e-05,2.4235742983010383e-05,2.236870243524768e-05,3.001636162316352e-05,2.1035000933780567e-06
1480,2.400000380849888e-05,2.598354722149752e-05,2.4364811665088804e-05,1.6393140095462524e-05,2.4071733971889133e-05,2.165030341013681e-05,3.7221747542208136e-05,0.00015086624752200128
1481,2.3984301492257964e-05,2.4388245322168214e-05,2.2110353925033154e-05,1.4815554789871856e-05,2.6799182722318103e-05,2.270975920934042e-05,3.4032190160917044e-05,0.00017730515585186898
1482,2.393114336866302e-05,2.5821798551624215e-05,2.4023788196160795e-05,1.4337829370379486e-05,2.438974789989743e-05,2.155941825883895e-05,3.258885656525652e-05,2.1246355416485772e-05
1483,2.386830601594339e-05,2.4937955053202683e-05,2.3069888615390193e-05,1.5493411551278258e-05,2.519387989047217e-05,2.234149566409935e-05,3.3795606478343854e-05,5.251275019002349e-05
1484,2.3805103726856345e-05,2.636774969582607e-05,2.473960055760836e-05,1.4917082757828659e-05,2.3756677912018087e-05,2.0426196417383173e-05,3.2435848400904716e-05,0.00013850261743409336
1485,2.3708433192531848e-05,2.5540930652011214e-05,2.322337229175139e-05,1.4694390756999752e-05,2.4531341313493652e-05,2.1607614930281627e-05,3.115718934168718e-05,0.0001265851160505086
1486,2.3677700086392206e-05,2.5530222275278523e-05,2.4346758838142033e-05,1.3878792980836456e-05,2.4531058024128453e-05,2.0372197197973578e-05,3.0118001736134066e-05,0.0005012937126253843
1487,2.363541291354953e-05,2.5107902444791345e-05,2.410740121343132e-05,1.4653440803668578e-05,2.5046793547064408e-05,2.0348866525814907e-05,2.9697030262773584e-05,9.473786729984205e-05
1488,2.354601428144946e-05,2.491021676123709e-05,2.2262450797846678e-05,1.4672731810423362e-05,2.5094341357566377e-05,2.198609820491524e-05,3.07836140897583e-05,9.27072007812454e-05
1489,2.3524875020246948e-05,2.4412731299939187e-05,2.2666850167350774e-05,1.3931782116371727e-05,2.653059328444341e-05,2.0558313164558127e-05,3.387933317287153e-05,5.1936807756045074e-05
1490,2.3473891044488042e-05,2.6585794418637976e-05,2.484006012916008e-05,1.5058122385258312e-05,2.3001172377987253e-05,1.9537375565876717e-05,2.9723150497263635e-05,0.00013538258824734694
1491,2.3458388780799907e-05,2.70790117497098e-05,2.4905370681446173e-05,1.562386791337598e-05,2.3095036333534527e-05,1.8822929292887213e-05,2.9832885006049858e-05,0.00024411131255265312
1492,2.3434103363989788e-05,2.5451261161683524e-05,2.271817992774173e-05,1.663210825232075e-05,2.4208385381612164e-05,2.142730874655352e-05,3.257532911270638e-05,5.990571820509552e-05
1493,2.3345065623251984e-05,2.4064522507756113e-05,2.3552738287015315e-05,1.4288387889118928e-05,2.397462140485785e-05,2.185684053842817e-05,3.0313759540639113e-05,0.0007129226477518111
1494,2.3302698323039488e-05,2.5871081248647418e-05,2.387652087858309e-05,1.3522100705730339e-05,2.3640822760567688e-05,1.989070483306792e-05,2.7433172178739158e-05,0.00012472444931381252
1495,2.3281390140944337e-05,2.502065243053101e-05,2.3915406952189466e-05,1.312587919123569e-05,2.386230898735394e-05,2.039546621331954e-05,3.0409512708847786e-05,0.00022888189147211952
1496,2.3182808833911773e-05,2.585915487188423e-05,2.2833227276721782e-05,1.3758701929821001e-05,2.3271128825835804e-05,2.083570897867582e-05,3.146083334814687e-05,4.910210833954577e-07
1497,2.314016143498965e-05,2.6160953710099684e-05,2.426683971961177e-05,1.5171008130232611e-05,2.1893915721035768e-05,2.0306796281430477e-05,2.7798326391001656e-05,0.0002966217707722408
1498,2.3085295383497877e-05,2.5856772987230083e-05,2.2499893829489982e-05,1.6005139404885984e-05,2.250205338598663e-05,2.155016034062691e-05,2.7282309575627087e-05,1.3550476152152741e-05
1499,2.3066131693662356e-05,2.53641005181337e-05,2.2341657892756096e-05,1.2771609070508613e-05,2.4366078301589927e-05,2.026033272468971e-05,2.952147969821086e-05,0.00021087600536573426
1500,2.2988337288878492e-05,2.3644423014527126e-05,2.2808101109139835e-05,1.524350274621814e-05,2.4982568843730748e-05,2.058567075842461e-05,3.0805529061752545e-05,0.0003909005916881755
1501,2.2967856971104115e-05,2.527102620869616e-05,2.2338653409925808e-05,1.583219190954006e-05,2.4073088861798065e-05,2.02560136131305e-05,3.161666994724638e-05,0.00020640629335613682
1502,2.281965649432497e-05,2.5273661512734513e-05,2.208415466171809e-05,1.619068984182721e-05,2.3329594414126376e-05,2.0658135060355323e-05,2.971180259906792e-05,0.0008595695354002954
1503,2.2774737369961862e-05,2.6088780038445035e-05,2.4504195774739723e-05,1.394539030190366e-05,2.181705101038905e-05,1.8755710797878878e-05,2.6438454493409735e-05,4.222640148210294e-07
1504,2.2720388580163786e-05,2.461024049017747e-05,2.2993620119639112e-05,1.5920594518455204e-05,2.3262041141421557e-05,2.0082281356978665e-05,3.336214002139385e-05,0.00016716184852285553
1505,2.27054935583323e-05,2.4344974724200367e-05,2.322660009349253e-05,1.4630992341976753e-05,2.3117716389951422e-05,2.019926796024378e-05,3.0577586960093474e-05,0.00023194468572606798
1506,2.266207892067938e-05,2.340130885891326e-05,2.0986937128494e-05,1.529194341786884e-05,2.4323967693494394e-05,2.200255984176336e-05,3.170465118658379e-05,4.712095205181413e-05
1507,2.259576670145827e-05,2.458155621247875e-05,2.2375854959765587e-05,1.544395960826891e-05,2.3766612750501698e-05,1.972530612344131e-05,3.097164657416473e-05,0.00019415156988216624
1508,2.2578000547185642e-05,2.453432443097541e-05,2.2965552550493666e-05,1.5660529338379887e-05,2.354301600718719e-05,1.933532019981487e-05,3.2488777336487765e-05,0.0006089690999798501
1509,2.25517893687673e-05,2.2844714414919716e-05,2.1062190703022437e-05,1.2311873633855315e-05,2.5021964544974205e-05,2.1344421981262668e-05,3.03303436540838e-05,5.259175754255382e-05
1510,2.2510492758927066e-05,2.4416221510404994e-05,2.198387769866372e-05,1.5009802325478174e-05,2.2651540057426345e-05,2.105634506368696e-05,2.9720338993215165e-05,0.00019992905615720893
1511,2.2437935695584107e-05,2.3805151289526053e-05,2.3151896061866192e-05,1.5179938927170439e-05,2.2750719693188404e-05,2.0109776180174055e-05,3.037072509026194e-05,0.00019257859201118004
1512,2.2432704161303344e-05,2.3890144997648376e-05,2.081192696531728e-05,1.620676866836326e-05,2.416151867735066e-05,2.093301120890424e-05,3.4069835691324154e-05,8.920743074051628e-05
1513,2.233454746347538e-05,2.464731897807857e-05,2.2615949597595387e-05,1.3218344643462989e-05,2.3170224731771017e-05,1.8970193730059135e-05,3.0222990502225463e-05,3.003704674958998e-05
1514,2.229535151238704e-05,2.4493757186526126e-05,2.16178943548496e-05,1.5049101274109505e-05,2.2761404052126766e-05,2.0373732723569305e-05,3.0384806213331815e-05,3.768854051759592e-05
1515,2.2280988630977312e-05,2.440762769606832e-05,2.150716481492914e-05,1.506098214275757e-05,2.343882613646112e-05,1.983567593962615e-05,3.122978750810931e-05,6.545945880623112e-05
1516,2.225289911882453e-05,2.5731168867130516e-05,2.327289224573435e-05,1.5198773184278557e-05,2.2177019398234373e-05,1.7895773850925364e-05,3.056472325281027e-05,0.00026496640753893234
1517,2.222943125010682e-05,2.3330795819966165e-05,2.2276691244816247e-05,1.527533563840336e-05,2.346044687372905e-05,1.9914980230876262e-05,3.060575201444433e-05,8.437451500186142e-05
1518,2.219608542087113e-05,2.5261014545325838e-05,2.2169506470693015e-05,1.578277582482189e-05,2.1870109930526707e-05,1.954880225899899e-05,3.073703960203517e-05,0.00023016723141562736
1519,2.216474892408998e-05,2.3031367836718343e-05,2.0920498251652667e-05,1.4159938171854534e-05,2.4418172626179646e-05,2.0353956330728546e-05,3.40229626073395e-05,0.00035842132863532624
1520,2.207450606533947e-05,2.3167329664932834e-05,2.1430282544980813e-05,1.5073455526385072e-05,2.3947528457576655e-05,1.981761826091465e-05,3.038732305952545e-05,0.00046397318912633803
1521,2.202572311416344e-05,2.466543483769173e-05,2.2780682200848084e-05,1.4010477319959773e-05,2.112413676623875e-05,1.9597230125187368e-05,3.155043729480347e-05,0.00022259054958114637
1522,2.1977923102042697e-05,2.2598722519598034e-05,2.1026992568043868e-05,1.2876262367380314e-05,2.2874258895755503e-05,2.14761697534248e-05,2.9606487261059904e-05,4.350321520819001e-05
1523,2.1965959650763498e-05,2.4978450141155836e-05,2.2238342556100578e-05,1.4189680986361255e-05,2.2108918964178244e-05,1.8602543068288343e-05,3.203244480088862e-05,0.00024098890117603492
1524,2.1881978670222712e-05,2.508743467761453e-05,2.2618209268372738e-05,1.6905311966158515e-05,2.1606095093381228e-05,1.8280345733354348e-05,2.9239983566939434e-05,0.0004891300178591341
1525,2.181486211279375e-05,2.3217240700480196e-05,2.1647809086299546e-05,1.5569346563981363e-05,2.1852665570199716e-05,2.0605706296969106e-05,3.0027720083487835e-05,0.0006332211724517555
1526,2.176689839479106e-05,2.3918157395470626e-05,2.129550112988327e-05,1.5207515451630423e-05,2.211622351892325e-05,1.980154393849823e-05,3.1716144169255025e-05,2.8829540709508297e-05
1527,2.17096550916208e-05,2.2442731140516375e-05,2.1316635961443233e-05,1.5951378556581078e-05,2.3506488516175857e-05,1.9636429609916844e-05,3.022479057828096e-05,0.00021451927895848558
1528,2.1641109464984056e-05,2.292033309552899e-05,2.1776890978501847e-05,1.4724497481503652e-05,2.226297671613011e-05,1.9667700843285726e-05,2.859732075612771e-05,0.00015206987596829604
1529,2.1622166119376383e-05,2.257337170885074e-05,2.0668805102002297e-05,1.454636286284777e-05,2.2457690827696723e-05,2.0852204859263948e-05,2.9540152648561995e-05,0.00013906708723672288
1530,2.1573801902085487e-05,2.2439809252420033e-05,2.068792030130081e-05,1.3735674102930939e-05,2.1819277044374623e-05,2.1411467318901755e-05,3.0345153148249763e-05,0.00035170345652987215
1531,2.153636576669548e-05,2.260594818597162e-05,2.1897550697788336e-05,1.6093753438666108e-05,2.291300676910544e-05,1.8792113841498517e-05,3.2856702559732455e-05,0.00031062165651307293
1532,2.1450429361419665e-05,2.500865819692423e-05,2.1611677890500448e-05,1.4383271411335748e-05,2.074976114543586e-05,1.849452459804704e-05,2.7118188958207815e-05,0.0004077900775516369
1533,2.1422883822099934e-05,2.4632428351713658e-05,2.1020143205496285e-05,1.5494067088271954e-05,2.082389593558337e-05,1.9277891514101954e-05,3.157817923297194e-05,0.00035084658092530735
1534,2.1338262914433498e-05,2.4739018978960928e-05,2.20679434924111e-05,1.5503518067908848e-05,2.0258248187324186e-05,1.8350416507785295e-05,2.8091687456930783e-05,0.0006753440297432028
1535,2.1319336209245947e-05,2.3635682857781323e-05,2.2034894341188495e-05,1.4590751702467251e-05,2.196510654529649e-05,1.7704181141917128e-05,3.056122659018195e-05,4.2353241987662614e-05
1536,2.1281952055237976e-05,2.356847445664438e-05,2.2262543158734757e-05,1.3587919539936649e-05,2.1681412136205813e-05,1.7677788979690998e-05,2.993296220834478e-05,0.0006307136039640273
1537,2.123341067659688e-05,2.2790581440922096e-05,2.2406927449521633e-05,1.6027043756173917e-05,2.0619002509371993e-05,1.9179399532033848e-05,2.898185215106114e-05,0.0002725110012952673
1538,2.122279407481376e-05,2.2477731933795245e-05,2.0810280632106833e-05,1.3648248517215886e-05,2.2506631052804177e-05,1.915876964924719e-05,2.8426138463277307e-05,0.00032542471914817986
1539,2.11541752827525e-05,2.0899675698594832e-05,2.0629377926822577e-05,1.6702562563807564e-05,2.344154748773906e-05,1.9708135858877003e-05,3.2735169736215715e-05,0.00011130594812316957
1540,2.110332837692042e-05,2.3598525642439392e-05,2.0947385306743652e-05,1.2068647712711432e-05,2.1756633180972236e-05,1.8172655760069064e-05,2.6827298665699654e-05,0.00018133367328846542
1541,2.1041744987783496e-05,2.2924988894072687e-05,2.275083049679523e-05,1.5069256829943949e-05,2.1119699569406353e-05,1.743316694995171e-05,3.101355612149381e-05,0.0003845172919951611
1542,2.1013300048394256e-05,2.2117400674793777e-05,2.0438071144215698e-05,1.6292236276350938e-05,2.2671671165246227e-05,1.8887679807577703e-05,2.9988851353150868e-05,0.0008596880617204466
1543,2.0941897122431164e-05,2.4589383272318195e-05,2.041940542058462e-05,1.485161727588612e-05,2.077982132087166e-05,1.804039158532294e-05,2.841923040663097e-05,3.98509274069672e-05
1544,2.091611352619949e-05,2.240576572652347e-05,2.1728280884998264e-05,1.6544145337422503e-05,2.1187632089522436e-05,1.8404113067478667e-05,3.0419440022859446e-05,0.00026696633189244066
1545,2.089041201769982e-05,2.1421592194903538e-05,2.081060174094065e-05,1.4532180086637445e-05,2.2506645799786244e-05,1.8884070555444117e-05,2.8813626582804417e-05,0.00042881601979658635
1546,2.0830336868473795e-05,2.2263793627078755e-05,1.99128669899074e-05,1.322099177576523e-05,2.1544335110478377e-05,1.966143764015229e-05,2.7103613018218572e-05,0.00024172710074554446
1547,2.0773862670430834e-05,2.24210751871512e-05,2.206886816724994e-05,1.5702082210831255e-05,2.0983824133328037e-05,1.768260355998167e-05,2.985203613998837e-05,5.45189147899259e-05
1548,2.0732156296855186e-05,2.3103321209659418e-05,1.9588970643456815e-05,1.3941473656159903e-05,2.167752477177902e-05,1.8619606671676643e-05,2.8662293772631175e-05,6.356085605826176e-05
1549,2.0704705796789167e-05,2.3662942039505174e-05,2.1075956491849307e-05,1.5258436501283478e-05,2.0784711632989888e-05,1.7355930623131778e-05,2.9863759114969505e-05,8.386167444606287e-05
1550,2.0625063088111154e-05,2.3133283130682264e-05,2.0886028910144294e-05,1.264506520695747e-05,2.0706223300616047e-05,1.783520125053481e-05,2.7825936220148233e-05,0.00017682829792256557
1551,2.05839503843398e-05,2.0880802510991074e-05,2.132038302558611e-05,1.3373062891935853e-05,2.1566458968845317e-05,1.8628520561332923e-05,2.7067904641371254e-05,0.001072592777689643
1552,2.054874731547455e-05,2.3184018326128074e-05,2.133325595407776e-05,1.287683361890227e-05,2.022285150565643e-05,1.7515123568574417e-05,2.7728946400081122e-05,9.805103400478411e-05
1553,2.051764966500384e-05,2.2327627187185093e-05,2.027703795434503e-05,1.4563671859429962e-05,2.0918362062105447e-05,1.86077405850631e-05,3.0427252159305035e-05,0.0002846621855089975
1554,2.0483028802476568e-05,2.1918339862234966e-05,2.0858023800685285e-05,1.7295059713439013e-05,2.124374865123265e-05,1.7972070471560262e-05,2.943516058552685e-05,8.013620185436468e-06
1555,2.043358991352435e-05,2.345521004424878e-05,2.0947542535360605e-05,1.4143610565575224e-05,1.9907871779278958e-05,1.7483657857538296e-05,2.5172050714517816e-05,0.0005091501952789979
1556,2.0381449670905404e-05,2.177166097962598e-05,2.0761602178675407e-05,1.4473878210208412e-05,2.123678575998929e-05,1.7815519442192027e-05,2.8564273008426355e-05,0.00042657326813310927
1557,2.0345610108589225e-05,2.1993426247348972e-05,2.0309553910743663e-05,1.4436413439555966e-05,2.1678469095689432e-05,1.7460655962977162e-05,3.113980129402146e-05,0.00032885884124947423
1558,2.031160997030208e-05,2.1497946736637343e-05,2.167488330160573e-05,1.1912739141448372e-05,2.0574615698689887e-05,1.7558559002656545e-05,2.619715675046305e-05,0.0002846289893660067
1559,2.026126179570796e-05,2.2905039578923304e-05,2.104302060627759e-05,1.3020917528217983e-05,2.0098653376657455e-05,1.7057750769192884e-05,2.6584579459352614e-05,0.0007461936608413969
1560,2.0211328871478647e-05,2.2270826180232275e-05,2.1345807192952077e-05,1.4364905326437203e-05,1.9476507883625318e-05,1.781144502859012e-05,2.6666469488954805e-05,6.587716510416204e-08
1561,2.0146659000992884e-05,2.3361951904700695e-05,2.0805026864114884e-05,1.313515285760171e-05,1.914759531181097e-05,1.7331143058685673e-05,2.8515215461623956e-05,8.31652138384937e-05
1562,2.0134823701095315e-05,2.43369864463604e-05,2.0759796698137725e-05,1.4458590610046344e-05,1.883094078496016e-05,1.6670617134628896e-05,2.8104573100131757e-05,0.00034189691683134056
1563,2.0060242791664863e-05,2.186888731419658e-05,1.96777211341463e-05,1.2703416286684808e-05,2.1409886411170113e-05,1.734330411574812e-05,3.203371980286976e-05,0.0004794199613243588
1564,2.0010243410385482e-05,2.1915301917928815e-05,1.911821156663785e-05,1.355729136734039e-05,2.0876515558128434e-05,1.8189625646522862e-05,2.9447678083702118e-05,0.0007117705947579735
1565,1.99910826965596e-05,2.1104603836116976e-05,2.0560201053613614e-05,1.3707020654105666e-05,2.0744635732315847e-05,1.7613514916624173e-05,2.8431306803247496e-05,0.00011942892509908093
1566,1.993144312333096e-05,2.220249457232703e-05,2.0079331918866434e-05,1.4286862394998348e-05,2.062098834033232e-05,1.6881407530472147e-05,3.0511571788180236e-05,4.360516761874076e-06
1567,1.9895742375293988e-05,2.231443750337218e-05,2.0461096624223297e-05,1.4108409214320332e-05,2.049096479693353e-05,1.637481594086641e-05,2.6889908802706107e-05,0.0003955745737916452
1568,1.9874610117847753e-05,2.1355434169817545e-05,1.9044150168804715e-05,1.3667029152323149e-05,2.082485467218879e-05,1.8332284703997682e-05,2.9199484403241168e-05,0.00014820496209118215
1569,1.9787623049708088e-05,2.2923764841504784e-05,1.897683489758918e-05,1.539986007829558e-05,1.9294422486560793e-05,1.8013498168998232e-05,2.774425406673517e-05,0.00125731399233596
1570,1.9772644171041453e-05,2.1418043935670224e-05,2.029285774376245e-05,1.3656135751149189e-05,2.0840828517725015e-05,1.659683085349404e-05,2.8079782797772932e-05,0.0003188935446427803
1571,1.9729473743437617e-05,2.2966538564186347e-05,2.0650734908032555e-05,1.4412034937911195e-05,1.931736026241212e-05,1.604111902989702e-05,2.6883389042480187e-05,3.140607776196334e-05
1572,1.971224607188085e-05,2.2464448383858804e-05,1.9734078820564544e-05,1.3731385779787806e-05,1.934113157268632e-05,1.7367132597320217e-05,2.9898177532895314e-05,0.0006122663011365771
1573,1.9665374127112447e-05,2.2539107753043666e-05,1.9656936444659436e-05,1.3802389987515352e-05,1.993630368732917e-05,1.658681825777059e-05,2.7017935661042906e-05,1.1270391331413389e-05
1574,1.9623044600597123e-05,2.2651683596870896e-05,2.1225523460799864e-05,1.3287204614011933e-05,1.931310477134972e-05,1.5359412151361013e-05,2.6518791304837837e-05,4.6494376068570564e-05
1575,1.957896017817825e-05,2.0899624206979485e-05,1.998271078737723e-05,1.3498831337097919e-05,1.9901672107107353e-05,1.7589249950177618e-05,2.711917423282864e-05,0.000557299663644974
1576,1.951649273123782e-05,2.0913184368387576e-05,1.9806971947275203e-05,1.3163780515948703e-05,2.056814724699975e-05,1.6834900614981685e-05,2.8737235519060224e-05,0.0002603454489292534
1577,1.949045221908935e-05,2.0779810253329863e-05,1.8748430042585805e-05,1.3077725885165351e-05,2.0840607007613882e-05,1.7650118393072488e-05,2.9455060221757507e-05,0.00036250191785020555
1578,1.9451843230418135e-05,2.159420888449906e-05,2.0982165949055106e-05,1.2077334818677559e-05,1.8770840346876407e-05,1.651720130031271e-05,2.7643767426199397e-05,0.0005806122183549304
1579,1.9390649810593408e-05,2.1837426679364534e-05,1.9103786407396576e-05,1.461757457124807e-05,1.9520180210224167e-05,1.7158070212229647e-05,2.7323282013562096e-05,8.101819540757028e-05
1580,1.9343987792715724e-05,2.100870564719496e-05,1.9061472685884696e-05,1.4743681529065868e-05,2.0452970203400292e-05,1.6909529840700916e-05,2.7137360393499052e-05,0.0006176609818836822
1581,1.933844781663815e-05,2.144285950521813e-05,1.8103540935731977e-05,1.2815801034600775e-05,1.935218859698859e-05,1.8511913211083792e-05,2.938193886194392e-05,2.815024566979664e-05
1582,1.927992838181194e-05,2.16638164897961e-05,2.0414677446472727e-05,1.3220269970210828e-05,1.901268134755949e-05,1.6085077717047813e-05,2.6090430993086214e-05,3.407068496069013e-05
1583,1.923478494048218e-05,2.210881148311364e-05,1.96531907327856e-05,1.3667672825826142e-05,1.8853622109236244e-05,1.6379922383780483e-05,2.8653389453737463e-05,0.0005626569571522674
1584,1.9227686816101832e-05,2.072431900946894e-05,1.8742954804409966e-05,1.403209701897572e-05,1.929117151503733e-05,1.8208688072371648e-05,2.7881434925554894e-05,2.3126570341659922e-05
1585,1.915463256006649e-05,2.1342659299901518e-05,2.006751432319846e-05,1.2564054127966908e-05,1.796601139236135e-05,1.7298517009424136e-05,2.7127556550702625e-05,9.762465060600699e-05
1586,1.9086093024106386e-05,2.1369888802119558e-05,1.9114388847364085e-05,1.265632888417318e-05,1.8438058300187024e-05,1.747800702421285e-05,2.7415662777015634e-05,6.120051268585823e-05
1587,1.9051975278982266e-05,2.097032959170424e-05,2.0315816217672248e-05,1.3322011241731505e-05,1.9423280108216688e-05,1.5554346091832978e-05,2.812814066084896e-05,0.0003045842502960019
1588,1.8984211618500873e-05,1.9920736578283754e-05,1.9284899185897057e-05,1.309717231282511e-05,1.9213226142437245e-05,1.7573656562642157e-05,2.5923226005072078e-05,0.00018110453275179685
1589,1.896352740983293e-05,2.139707346103655e-05,1.9090909090326277e-05,1.332763638182257e-05,1.9093290770443e-05,1.6328447764920184e-05,2.8650635400648873e-05,7.531506081911356e-06
1590,1.893671348397679e-05,2.1643173440849e-05,2.0401252676509016e-05,1.3247336651272435e-05,1.8028447164703775e-05,1.5729513474171115e-05,2.628981118191894e-05,0.00011834248422616848
1591,1.8817267333295654e-05,2.10517568843286e-05,1.823903765004008e-05,1.4814306567404162e-05,1.921143432144963e-05,1.6822023077984957e-05,2.6092226890477062e-05,0.0004825499526573838
1592,1.8800395148031866e-05,2.1400823095198754e-05,1.87568925360849e-05,1.4196332184779618e-05,1.8274815125666402e-05,1.682418283273566e-05,2.668139722147013e-05,9.644234729271872e-05
1593,1.878232118021632e-05,2.16341581508877e-05,1.8339020010017923e-05,1.3661221020690392e-05,1.873935842376503e-05,1.647182823669824e-05,2.6784915359457858e-05,0.00046361588070927917
1594,1.8753080523101928e-05,2.0857499006653456e-05,1.9243454702191923e-05,1.377985032117733e-05,1.857995562521209e-05,1.6386407115044945e-05,2.9650277709974258e-05,5.857847317328119e-05
1595,1.8715263063833825e-05,2.099422267289159e-05,1.864553063069634e-05,1.30490415128598e-05,1.9727762108868044e-05,1.554842025487667e-05,2.8490715811412985e-05,6.355552001910296e-06
1596,1.8662799554215142e-05,2.10696727972392e-05,2.0071548589616552e-05,1.1749253677825457e-05,1.7847168914502188e-05,1.5717537627687116e-05,2.450581178167538e-05,5.1599175643781744e-05
1597,1.860960990455728e-05,2.1308344253280183e-05,1.9318491402514417e-05,1.4423531547511397e-05,1.8176073835145612e-05,1.569010366501602e-05,2.7446773177577133e-05,0.00048429035410949196
1598,1.8601626913409616e-05,2.0377376913053348e-05,1.8186305446630955e-05,1.357347099168627e-05,1.9360719940803897e-05,1.6536655656046114e-05,2.4289043129334943e-05,0.00019573728972468893
1599,1.854203115982038e-05,1.9893870273303204e-05,1.8500805906996566e-05,1.3871410127209256e-05,1.9062091407938976e-05,1.6765732527254437e-05,2.8054749663426167e-05,7.380383808756583e-05
1600,1.849271346419447e-05,2.0161968009064456e-05,1.919511449604888e-05,1.2379881122557956e-05,1.757733600711563e-05,1.7090666147419382e-05,2.529821605996467e-05,0.00015963093418924838
1601,1.84582411021767e-05,1.8685528697792294e-05,1.8396279816548927e-05,1.4421491540070604e-05,2.0039095807824807e-05,1.676618985088723e-05,2.9526546630959188e-05,0.0001942736442436024
1602,1.8396439592047094e-05,2.1520544877886545e-05,1.842222838924812e-05,1.3750193021351188e-05,1.7341896106712853e-05,1.635503762016643e-05,2.929283054852493e-05,0.000961521684893073
1603,1.8389872728698414e-05,2.1079878206380148e-05,1.910359268712927e-05,1.2225462817198173e-05,1.900189916293585e-05,1.4428050201683881e-05,2.7382478252471815e-05,7.18937039695641e-05
1604,1.8358585272164127e-05,1.9988747757312404e-05,1.8434402192735713e-05,1.384016906385733e-05,1.9244878274792886e-05,1.5820150386830102e-05,3.0247633771285872e-05,0.0007153921881507257
1605,1.8324727359843457e-05,1.94951259751576e-05,1.808014106681154e-05,1.256893853533835e-05,2.0252565629604307e-05,1.5524814837494735e-05,2.772635337373565e-05,0.00010989916218718989
1606,1.82773737320461e-05,2.1516167808019947e-05,1.8325541707411385e-05,1.4045529605694748e-05,1.688911330670624e-05,1.6432271477987095e-05,2.842970493461263e-05,2.626144354485592e-05
1607,1.8259781242688372e-05,2.15844702838004e-05,1.9367840591799447e-05,1.4200987360851122e-05,1.7830924064286804e-05,1.430943765234464e-05,2.710509041191613e-05,0.00016698206817248356
1608,1.8208625478589847e-05,1.9513836637754238e-05,1.8372471450165887e-05,1.3578743415292306e-05,1.8620030969323254e-05,1.638156058870096e-05,2.8748382688449302e-05,0.0005246364888232778
1609,1.8158184361132973e-05,2.0245884214252195e-05,1.741009038020561e-05,1.3521285125464322e-05,1.7747089371458403e-05,1.728292330466448e-05,2.6663305289362626e-05,8.799632261650701e-05
1610,1.8144927662307066e-05,2.0306560405985697e-05,1.849909309200107e-05,1.3903969018695037e-05,1.8010620231140273e-05,1.5816647679230003e-05,2.6184356297178487e-05,0.00012355977639328064
1611,1.806610880885653e-05,1.9365136576326747e-05,1.8811409027032056e-05,1.2794003812623736e-05,1.8031719213538067e-05,1.610915008432896e-05,2.6264360884190344e-05,0.00018134607393305272
1612,1.804295924698972e-05,2.0003762153003043e-05,1.797056240684357e-05,1.4155277313396333e-05,1.7740647674979447e-05,1.6509776713166532e-05,2.7387180621918986e-05,0.00016089900363665716
1613,1.8038133872792838e-05,1.878096468424891e-05,1.8371244162514894e-05,1.2409947406282592e-05,1.9510054366854237e-05,1.5543169970433222e-05,2.6787147143618077e-05,0.0002302212112641903
1614,1.797460821515799e-05,2.0666199062667295e-05,1.9301412852072052e-05,1.0816013147532052e-05,1.8018483484016734e-05,1.3965048971793567e-05,2.25266305331306e-05,0.00022469280215563512
1615,1.7951313896099954e-05,1.9769721914617505e-05,1.8943609566884746e-05,1.1368903641611844e-05,1.757177564023808e-05,1.5572791726441087e-05,2.6568138303697207e-05,5.270684780616234e-05
1616,1.7910491685091984e-05,1.8937858727551905e-05,1.804313876510403e-05,1.2235060680162234e-05,1.9153823070422864e-05,1.555966952983117e-05,2.633011477485768e-05,1.862744143079707e-05
1617,1.7864398047293996e-05,2.0628443067142372e-05,1.9317031998125983e-05,1.4261968159511302e-05,1.6665369651445142e-05,1.48991357257725e-05,2.803601601045717e-05,4.346805439647178e-05
1618,1.7834385258398438e-05,2.0078026266084963e-05,1.798353608805657e-05,1.3925753577702257e-05,1.7681694279693248e-05,1.564658469767616e-05,2.636924277869436e-05,4.191302259232801e-05
1619,1.7809808642131837e-05,1.917327000742232e-05,1.6929528398048207e-05,1.4393964644595013e-05,1.9214102976416015e-05,1.5974561392843162e-05,2.849224417887605e-05,1.2062705838275939e-05
1620,1.7762286859800925e-05,1.9427298866395952e-05,1.910980711375128e-05,1.2486188566544392e-05,1.7255468041476263e-05,1.5308662245867458e-05,2.734334112063075e-05,8.152820501467265e-05
1621,1.7705646204863078e-05,2.147549832808208e-05,1.8697507969426925e-05,1.4393719752222743e-05,1.6888278597610522e-05,1.3813222604059822e-05,2.5320989678897694e-05,0.0012554973515692164
1622,1.7697181529729816e-05,1.8924722667619367e-05,1.6966333162984566e-05,1.351745381479315e-05,1.781703930744314e-05,1.7132528819144698e-05,2.7228301385468957e-05,0.000364441673006183
1623,1.7633312206630457e-05,1.8497536005976758e-05,1.818210293930606e-05,1.2907115329917134e-05,1.8057431892764804e-05,1.5847888601923423e-05,2.6204324061222906e-05,0.00016562440218027672
1624,1.760680832036065e-05,2.0672397527497043e-05,1.7308128918697038e-05,1.352358022177269e-05,1.6903918302165775e-05,1.5594421358722717e-05,2.7331673563195318e-05,6.323186426062206e-05
1625,1.7522700956059766e-05,2.0474769384963895e-05,1.7673451777693585e-05,1.1726462073977272e-05,1.758377126867902e-05,1.4410197699638147e-05,2.4799726262693398e-05,3.939664970329319e-06
1626,1.7452728926540125e-05,1.9079557046880016e-05,1.9037115684142337e-05,1.3450165397906696e-05,1.766040163651022e-05,1.4085022324486435e-05,2.7106149051962793e-05,7.888967884105703e-05
1627,1.745106704645012e-05,1.9788031526329725e-05,1.7429642546893976e-05,1.3445144204168708e-05,1.7250749108872392e-05,1.5387021092374087e-05,2.826593343467492e-05,1.3990180559391111e-05
1628,1.740224628307778e-05,1.9992722867358366e-05,1.9062922779047498e-05,1.4877031096655097e-05,1.6644598606613952e-05,1.3959773949239543e-05,2.686068151794902e-05,7.92701854125203e-05
1629,1.7377851646954764e-05,2.0291230323677796e-05,1.893757579377411e-05,1.3146560307994684e-05,1.6575108785677904e-05,1.375845313296027e-05,2.6649655863317776e-05,0.00015490928534721073
1630,1.7307247653028922e-05,1.8900473804765884e-05,1.7325058064640275e-05,1.2312030746663904e-05,1.8756339700758294e-05,1.4297873162641316e-05,2.795943773302907e-05,0.00010913390779507604
1631,1.7268893356956554e-05,1.98915409570789e-05,1.8354352365636585e-05,1.298898706802756e-05,1.611674903123116e-05,1.4763573072080117e-05,2.327027097138654e-05,0.0006045000525131378
1632,1.7252910599952626e-05,1.805613743734736e-05,1.740561257323895e-05,1.4615968523893504e-05,1.9314389636808913e-05,1.4286097777938985e-05,2.7608702543237673e-05,8.775448578601302e-05
1633,1.7205022231317124e-05,1.945530773482111e-05,1.753358748586491e-05,1.3438748569601092e-05,1.7631438761331854e-05,1.4250209519249919e-05,2.5280979046244458e-05,5.641577426877303e-05
1634,1.716912535427989e-05,1.9056808691789825e-05,1.8428087964775906e-05,1.3222368600524465e-05,1.6744763572939382e-05,1.4497190578007524e-05,2.4662307021417203e-05,0.0001504097571666694
1635,1.7147184872311572e-05,1.9312105237058147e-05,1.7793328654073178e-05,1.3047678504058775e-05,1.6277006699060245e-05,1.5256583974119401e-05,2.524479133275353e-05,0.00042273341974357427
1636,1.7074281747389927e-05,1.9245882884347082e-05,1.7058978268540687e-05,1.3555586343742258e-05,1.7801363440134356e-05,1.4240973479882028e-05,2.7990637191766688e-05,0.0003113779042882171
1637,1.703749972433905e-05,1.8536773247931566e-05,1.757379287419034e-05,1.205137843968257e-05,1.7398148679241446e-05,1.469124739815642e-05,2.4518802499092143e-05,0.0002005048024875388
1638,1.6977684681994068e-05,1.9287240897972648e-05,1.8477813027048737e-05,1.3042588043728933e-05,1.7482261163723544e-05,1.2713211730286075e-05,2.5340362268770573e-05,0.00013763911904024582
1639,1.6960772507772225e-05,1.9613403771837627e-05,1.773990891534747e-05,1.3086856555510905e-05,1.5355846198895203e-05,1.5183669541033445e-05,2.5925383824672854e-05,0.0003049421765975033
1640,1.6928753246460947e-05,1.769095942246598e-05,1.7154610435051772e-05,1.2213660804678258e-05,1.8000340361193525e-05,1.4918747186126893e-05,2.7622428488166533e-05,8.5208398181759e-06
1641,1.6904843156634253e-05,2.0435535945150977e-05,1.781066354690713e-05,1.3089131950633248e-05,1.5936780151316752e-05,1.3485967082747596e-05,2.614841048980722e-05,0.0001017116661277609
1642,1.6851440466184412e-05,1.8954397999703796e-05,1.6109101924139275e-05,1.311928755947522e-05,1.747728946003235e-05,1.49143901126438e-05,2.6382898459253043e-05,0.0003629853044202853
1643,1.6785946496154577e-05,1.9131663957081057e-05,1.769379911833373e-05,1.1863141848720354e-05,1.65378389048381e-05,1.3829709624839702e-05,2.487564721707104e-05,0.000207508362890229
1644,1.6773271234002923e-05,1.8196403722829347e-05,1.80494792684027e-05,1.2928876340237136e-05,1.6507534074568936e-05,1.4388856484273083e-05,2.6238835922989007e-05,3.153902954222615e-05
1645,1.6682008142490473e-05,1.9659261135170666e-05,1.7818030760512645e-05,1.2118009267665558e-05,1.55404599823664e-05,1.3759201594059729e-05,2.2435229280117e-05,3.311438251883539e-05
1646,1.6640953152703578e-05,1.9855833717802436e-05,1.7784260192929954e-05,1.3944809591655235e-05,1.5763980891114618e-05,1.320853808104051e-05,2.54760039794964e-05,3.003333468265754e-05
1647,1.663407986777522e-05,1.8704511264631623e-05,1.752801987568497e-05,1.5909537510368944e-05,1.7488401042078438e-05,1.2864167664897093e-05,2.6926647145009573e-05,0.00010074636461505389
1648,1.6580888330427647e-05,1.9201426316593604e-05,1.7262559174603405e-05,1.306522079392828e-05,1.6039909300768365e-05,1.3868282696653337e-05,2.4330489439798737e-05,0.0007508523685055902
1649,1.6565497279437126e-05,1.942808959684319e-05,1.6522486556093577e-05,1.3101728917129542e-05,1.6297339899952077e-05,1.4062652334042956e-05,2.5979277857414824e-05,5.94658189920608e-05
1650,1.6553794222560056e-05,1.8610339097789537e-05,1.721726581550295e-05,1.207149185987611e-05,1.643859910355722e-05,1.3997517919387968e-05,2.3046437606565824e-05,0.00010020968748116244
1651,1.6488986471745373e-05,1.797906997165742e-05,1.768869620946828e-05,1.4073398224455152e-05,1.662341826858672e-05,1.3713116199769215e-05,2.371502721136731e-05,0.00022173713806529597
1652,1.6439765046673303e-05,1.679929282898654e-05,1.672007124940212e-05,1.3325540748678294e-05,1.718092091891903e-05,1.5106985660088822e-05,2.6457493483198587e-05,2.7901545756480304e-05
1653,1.6433151695587562e-05,1.8939259111728993e-05,1.7084591255837216e-05,1.4072852293539335e-05,1.6294451364036503e-05,1.3462496150175178e-05,2.625561043181089e-05,8.266745581279023e-07
1654,1.634714524985149e-05,1.8344861451785647e-05,1.6331732936523275e-05,1.2761815485623218e-05,1.547813128359461e-05,1.5281794175683453e-05,2.6616338431963932e-05,1.3192667421008243e-05
1655,1.633078722287955e-05,1.844862127188425e-05,1.7101038055506067e-05,1.2795144123284315e-05,1.608612786541336e-05,1.373525260923062e-05,2.3992338085373028e-05,0.00034888008845172986
1656,1.6300510483483857e-05,1.7496214239704183e-05,1.6527432916698508e-05,1.2684093372552594e-05,1.667201214031372e-05,1.4554184878803166e-05,2.817801663969918e-05,0.000237335662253635
1657,1.627655886730461e-05,1.745133448832948e-05,1.730906722841799e-05,1.347774430326565e-05,1.7337129193378082e-05,1.3056436338691466e-05,2.362024554449874e-05,0.0003618514252592722
1658,1.6233809979121025e-05,1.817602479702643e-05,1.664585377966743e-05,1.1773372145194786e-05,1.58764277893515e-05,1.4284539980824891e-05,2.3399952646337376e-05,0.00034944887833691593
1659,1.6208858904034895e-05,1.8624042614161704e-05,1.783857275073933e-05,1.0422874661078656e-05,1.5299354074416912e-05,1.3120999567589301e-05,2.3712826907581338e-05,0.0001411966420620005
1660,1.618844011904066e-05,1.8608297000899035e-05,1.6551556119977378e-05,1.3868512594380916e-05,1.6006416994972212e-05,1.3634963908147287e-05,2.659788524933239e-05,0.00035663843291176736
1661,1.616512928664937e-05,1.9056651384764533e-05,1.7549528728963973e-05,1.1345952665352664e-05,1.5521218904030376e-05,1.2580523163333006e-05,2.345786232760493e-05,0.0007762159790445233
1662,1.6115527451786082e-05,1.7797638412355135e-05,1.6110019494837114e-05,1.2521301027517625e-05,1.6152858122840934e-05,1.4448853401358938e-05,2.7098176336619637e-05,3.8790294755861794e-05
1663,1.607712225358865e-05,1.7734371886880828e-05,1.627633939451965e-05,1.343186754795449e-05,1.7634918108689315e-05,1.2710006612880992e-05,2.6843239874795107e-05,0.0004101102086148354
1664,1.60249141212081e-05,1.7672291050267132e-05,1.557094679166031e-05,1.4452416586179493e-05,1.6980341431464027e-05,1.3923071104319993e-05,2.9849954634051285e-05,7.141255998155809e-05
1665,1.6003951005603232e-05,1.8652895933741903e-05,1.6880045451399122e-05,1.26867838831317e-05,1.549818210300142e-05,1.3031612937419218e-05,2.3402277306216422e-05,0.00027299673764739386
1666,1.5978062823002912e-05,1.730406309675475e-05,1.6188461589490993e-05,1.3367730219784653e-05,1.6459352784589183e-05,1.4007230218174448e-05,2.743014283007233e-05,1.7215942215374716e-05
1667,1.596735033878486e-05,1.8492057370009678e-05,1.609786928406937e-05,1.0815753588676567e-05,1.5521929221697166e-05,1.3804370472965036e-05,2.189307260578107e-05,0.001379494730798537
1668,1.5915415322211392e-05,1.7475997614232063e-05,1.710985881714935e-05,1.2315289678793939e-05,1.593364649498246e-05,1.3188830922724632e-05,2.3282120698315256e-05,9.611179574531281e-05
1669,1.588666912824882e-05,1.8004688958791204e-05,1.54541808468474e-05,1.304553741503419e-05,1.6190884945361425e-05,1.3943510133822763e-05,2.5393947690320295e-05,4.0941713454089725e-05
1670,1.5823173829632438e-05,1.7292243008408572e-05,1.7055957816333583e-05,1.2673851138372671e-05,1.551068773507276e-05,1.3480209108107797e-05,2.4461631224497522e-05,0.00035594530627161954
1671,1.5815474176194617e-05,1.8379889150869016e-05,1.5970485331165584e-05,1.2239370208001083e-05,1.572486044882577e-05,1.3233041501639417e-05,2.4359409155859514e-05,0.00023952965582113822
1672,1.57891277755073e-05,1.765675884331243e-05,1.57916811951854e-05,1.160774692788402e-05,1.589602478883172e-05,1.3858348562879887e-05,2.6027693754522952e-05,4.066024761026123e-05
1673,1.576782850242005e-05,1.787542096563427e-05,1.6966777151849933e-05,1.271044702630949e-05,1.5702606127733304e-05,1.2572749573490984e-05,2.6173934037998684e-05,1.7323937284320026e-05
1674,1.5687259374972527e-05,1.8669616902639907e-05,1.6634199013481893e-05,1.2464756355877075e-05,1.5197786855602184e-05,1.2293438500105264e-05,2.156648557798926e-05,0.0002558815571314107
1675,1.5662585332541917e-05,1.854261928625671e-05,1.6656594792652706e-05,1.280460125471757e-05,1.450072960240047e-05,1.2996328860519776e-05,2.4076187051942398e-05,0.00020906226317107641
1676,1.563584246458904e-05,1.8377136710374114e-05,1.6340178604545713e-05,1.1996325362040614e-05,1.5529885276406577e-05,1.234202234215219e-05,2.2903422815306635e-05,0.00019585608695713277
1677,1.557810975542935e-05,1.8953605970946174e-05,1.6218353345717577e-05,1.288084556609954e-05,1.4016745284869962e-05,1.3169418004418619e-05,2.3208716548331905e-05,1.669119341655155e-06
1678,1.554975249144854e-05,1.7939692313606327e-05,1.6226279238450688e-05,1.2288463555979958e-05,1.4721418897329412e-05,1.3357220005685578e-05,2.3310593609494417e-05,0.0005326162444018271
1679,1.552914924360041e-05,1.8345741745901935e-05,1.6486143584803448e-05,1.1948704633355473e-05,1.469465484051549e-05,1.2635596787922225e-05,2.3365369658489858e-05,0.0002998704299910899
1680,1.550365622642512e-05,1.6850186945950974e-05,1.5099282768387954e-05,1.1437941092251195e-05,1.692496051662703e-05,1.3185659937474708e-05,2.423731925509783e-05,0.00019706714574644366
1681,1.547798744984795e-05,1.633456227745453e-05,1.5159502413275186e-05,1.0101134512225823e-05,1.6190636492990776e-05,1.4272638539656119e-05,2.3803062546057708e-05,0.000392168564192711
1682,1.540686768938912e-05,1.65903955360952e-05,1.5939176424152445e-05,1.3186781993265173e-05,1.5864601480695517e-05,1.3278478666811624e-05,2.459968069504043e-05,0.00026654732670437537
1683,1.540275367558945e-05,1.8207671599537316e-05,1.6455195812841155e-05,1.2754296625475257e-05,1.4215454503587727e-05,1.2777862317509907e-05,2.5538267869338112e-05,2.2436000201825603e-05
1684,1.536668571111678e-05,1.8059095138540798e-05,1.5863517027610517e-05,1.311975954588889e-05,1.5775373334510676e-05,1.1813820993225113e-05,2.4538866180276675e-05,0.00010335078373711826
1685,1.534155034919234e-05,1.7530958170142604e-05,1.4586806037188369e-05,1.2981943077770042e-05,1.6195679566509148e-05,1.309774742577456e-05,2.5099006965261783e-05,0.0002464082837428355
1686,1.5310382454950526e-05,1.7328119993849035e-05,1.5463797142211368e-05,1.232083508429602e-05,1.525486560815888e-05,1.3239645627482887e-05,2.364563627117923e-05,0.00020345543734509526
1687,1.527510307337265e-05,1.7452726782293366e-05,1.6474017482846478e-05,1.241529203386946e-05,1.498243415127771e-05,1.2236028872048301e-05,2.4377092944306267e-05,0.00011089409118417951
1688,1.5224145659717354e-05,1.7304111240098695e-05,1.6285175064722397e-05,1.21036629450944e-05,1.4423973357821109e-05,1.292796845261731e-05,2.4230887042485112e-05,0.00038117205452373854
1689,1.5183348112394315e-05,1.6776255336687795e-05,1.5336502759803113e-05,1.1741714669306363e-05,1.5571637299691078e-05,1.3093522936974132e-05,2.5452606488229998e-05,6.922479060825185e-05
1690,1.516158850880658e-05,1.741877470654233e-05,1.5967117393822898e-05,1.2425111016134112e-05,1.4276268344891574e-05,1.3028655682166017e-05,2.3906290133165117e-05,5.7483024707333833e-05
1691,1.5101003850649298e-05,1.6406576198962246e-05,1.4604811325732157e-05,1.1818921995680218e-05,1.5574895672855125e-05,1.3862016715119996e-05,2.299167569602451e-05,6.860477851818907e-05
1692,1.507829191286888e-05,1.734419279044425e-05,1.5555085042593918e-05,1.179947319104445e-05,1.5431983837846486e-05,1.2026123851516689e-05,2.2882851770307124e-05,1.906467010449008e-05
1693,1.507055806108409e-05,1.706920868289747e-05,1.545163892833817e-05,1.2221065514320777e-05,1.5495176137028485e-05,1.23104037590865e-05,2.5103828235002713e-05,0.00020716450788465422
1694,1.5034296029810523e-05,1.6628475605705505e-05,1.5331332725664087e-05,1.2262834283986671e-05,1.5443208745266194e-05,1.2778255858221757e-05,2.4976389299893957e-05,0.00030611535037543367
1695,1.5014704377447622e-05,1.6580241637202954e-05,1.4881436624147126e-05,1.1189029028059484e-05,1.540597268362108e-05,1.3235197898268391e-05,2.2240626399678296e-05,0.0003577802112849856
1696,1.4964123862905809e-05,1.6691882670889714e-05,1.432727637931573e-05,1.3429909313007566e-05,1.5711882315351693e-05,1.3169337130739118e-05,2.719533971786665e-05,0.00014008194001852167
1697,1.4946171471163581e-05,1.669719209503076e-05,1.5778738965544643e-05,1.1697230483465269e-05,1.4720041208043174e-05,1.263254399086308e-05,2.378471579704335e-05,0.0002777210229905117
1698,1.4904186416482369e-05,1.7018177700201002e-05,1.586845931799692e-05,1.1804078334626958e-05,1.466572808857187e-05,1.2108087821242467e-05,2.420136932010529e-05,8.520586997360708e-05
1699,1.488066424448477e-05,1.705899975870519e-05,1.5642713851721624e-05,1.24461534950265e-05,1.4376937487878884e-05,1.248764432625301e-05,2.352936223176341e-05,0.0002552729992763335
1700,1.484292670744625e-05,1.7127974959216747e-05,1.507505457852703e-05,1.2499650780782931e-05,1.5059795499537219e-05,1.2152409431350162e-05,2.053317293192273e-05,6.76904119440506e-05
1701,1.4802774820175524e-05,1.6397758865083652e-05,1.4717392253230556e-05,1.3185703950084209e-05,1.5249112719997572e-05,1.2890245410837577e-05,2.4037767702404503e-05,3.218173774838894e-05
1702,1.4795285259369252e-05,1.6008713995427733e-05,1.5078244768835194e-05,1.2207214801687083e-05,1.5402592873976102e-05,1.273497740960843e-05,2.4058627296842362e-05,0.0006974368424712477
1703,1.4736592915970249e-05,1.6593687309599874e-05,1.5087586069315856e-05,1.1539265848188647e-05,1.5007676173737343e-05,1.2300637940704637e-05,2.4024193140181646e-05,0.00014615923121078563
1704,1.4731389972198802e-05,1.7902171181691424e-05,1.579998407258876e-05,1.326775186430414e-05,1.4004660669317436e-05,1.126194444400008e-05,2.143709495288088e-05,0.00024314487219435568
1705,1.4663593698598737e-05,1.6794297931277893e-05,1.5149106247256412e-05,1.2525893602635389e-05,1.4919718930068596e-05,1.1834253475320625e-05,2.3519494693710383e-05,0.00015273488743994064
1706,1.4613291080206849e-05,1.7492237531754195e-05,1.4960935252314247e-05,1.2510961346056584e-05,1.4388476203786771e-05,1.1654369544972807e-05,2.435805531180595e-05,0.0008459226347019206
1707,1.4598832352150864e-05,1.613951682940338e-05,1.474470952232889e-05,1.2256829031233515e-05,1.468939369613765e-05,1.2864521172691711e-05,2.27977749819471e-05,0.0002551986343768167
1708,1.4569615598298701e-05,1.694438170846459e-05,1.453245760719193e-05,1.2107099600677077e-05,1.4367141965631884e-05,1.2477207352357567e-05,2.0253193141789956e-05,0.00019664303133040705
1709,1.4489813243455533e-05,1.714105735962762e-05,1.4686553675080987e-05,1.2497947739497012e-05,1.3483533488893894e-05,1.269060041915572e-05,2.341096392064102e-05,0.00013092814729497512
1710,1.4479682337230273e-05,1.5785888543927636e-05,1.5144953092187882e-05,1.1955708411307627e-05,1.4191057314693422e-05,1.2839292835781642e-05,2.5086524289022885e-05,0.0005058276997687392
1711,1.4431213852488782e-05,1.6269182365731985e-05,1.4958742480048533e-05,1.1131894438820481e-05,1.4751939241625024e-05,1.1787311468991516e-05,2.2171195009808067e-05,6.843087719881185e-05
1712,1.4417590933866608e-05,1.703535493953919e-05,1.4670389862044164e-05,1.2371392871089784e-05,1.448407576396517e-05,1.1522823549998652e-05,2.194138986398049e-05,0.0007198737474853996
1713,1.4412545001987474e-05,1.737417920389965e-05,1.5004145094427205e-05,1.2101755518503001e-05,1.3544560315980255e-05,1.1769560846416138e-05,2.1054206456812775e-05,0.000157291694328435
1714,1.4379989947487112e-05,1.6563998211255378e-05,1.5564523569675972e-05,1.2525226171064981e-05,1.4387927757749402e-05,1.1045680286518839e-05,2.4737069752687442e-05,0.0003631652344899484
1715,1.4302430719252954e-05,1.6780734514804616e-05,1.5196463864684077e-05,1.1999847319544213e-05,1.4042927084794443e-05,1.1231540033714583e-05,2.1806356668640583e-05,0.00038078644683741834
1716,1.4288588269696198e-05,1.6548952441558095e-05,1.5132076512376186e-05,1.2253769089030652e-05,1.390285278932253e-05,1.1612373343452702e-05,2.2849585961115913e-05,0.0006327232890216135
1717,1.4255346364783295e-05,1.6291463737082023e-05,1.4199319951734187e-05,1.1558351723674803e-05,1.4585044678432178e-05,1.1987361458375377e-05,2.150606273577306e-05,0.0006030420586926296
1718,1.4230931047749517e-05,1.719388802053368e-05,1.4671197459864942e-05,1.1149946996561207e-05,1.3958069001334547e-05,1.1142302709607188e-05,2.157964488160315e-05,2.4509022518669225e-06
1719,1.421856838607364e-05,1.5585483133609397e-05,1.5558474686429272e-05,1.0746449140337313e-05,1.372508157665437e-05,1.204693073461997e-05,2.178899709691382e-05,0.00012492121209107957
1720,1.4183351603626676e-05,1.8000607157850757e-05,1.5834680885020933e-05,1.1107843550883803e-05,1.1852738760924404e-05,1.108697308846227e-05,1.9456313924183003e-05,0.0004902329198013454
1721,1.4164372716440106e-05,1.6270944649981206e-05,1.399566481270154e-05,1.0268002524755948e-05,1.4431579867249898e-05,1.2000839320947382e-05,2.2195859104568853e-05,0.00017444331633786604
1722,1.412584608765128e-05,1.656462794957215e-05,1.4768316657470905e-05,1.2019515385282054e-05,1.323923183318936e-05,1.1972632749117272e-05,2.3929810384289642e-05,0.00014381665185189587
1723,1.4099690809473429e-05,1.5802201543798922e-05,1.392564821880657e-05,1.1381501649703062e-05,1.3942181597515245e-05,1.2770079844207665e-05,2.4030989141859076e-05,0.0002186371129566932
1724,1.4076462414790607e-05,1.6126264665238023e-05,1.528565976943239e-05,1.117117859322478e-05,1.4018038716848509e-05,1.0917166381658619e-05,2.1097541050560767e-05,4.7626847281526536e-05
1725,1.4054516251873656e-05,1.7082577402705262e-05,1.5465940480884995e-05,1.0688476773590903e-05,1.2987317172717104e-05,1.0723445528072328e-05,1.898598587460148e-05,6.496277109773414e-06
1726,1.4029621993945646e-05,1.4362285105606128e-05,1.4685797350052238e-05,1.2182372594833092e-05,1.5371854556115035e-05,1.1739693634306318e-05,2.5232390530053952e-05,6.991974649548817e-05
1727,1.3982789031592238e-05,1.6503586017129745e-05,1.4594726850784164e-05,1.2520844505581722e-05,1.3446563501786743e-05,1.1427284975884988e-05,2.2088084027046347e-05,0.0010516621269196728
1728,1.3932911779299882e-05,1.674702329531804e-05,1.4206549936306394e-05,1.3099239245075814e-05,1.2626364646133071e-05,1.2192568220177285e-05,2.2677381820115625e-05,3.120384178069633e-06
1729,1.3884143619686457e-05,1.660851080595819e-05,1.334614590949087e-05,1.2814471553453926e-05,1.4159268434746712e-05,1.1463365288646762e-05,2.2239407077494365e-05,3.5026988581135064e-05
1730,1.3871034592103531e-05,1.5833008759273545e-05,1.41407453992073e-05,1.1064464096630324e-05,1.3190780931037451e-05,1.2360280637920217e-05,2.1966583030963466e-05,0.00024470653865001443
1731,1.385642290072478e-05,1.5458793714284845e-05,1.4024815963644301e-05,9.539724603951275e-06,1.462181406297557e-05,1.1360902570834257e-05,2.2279109894727034e-05,6.303866034833412e-05
1732,1.381854525917763e-05,1.558847895355437e-05,1.430027581984439e-05,1.1285925418760475e-05,1.3720863645427503e-05,1.1705086146682543e-05,2.1917138084028096e-05,0.0002442726932348931
1733,1.37876171373895e-05,1.5798075791922062e-05,1.4174223923792449e-05,1.1932340497339573e-05,1.3381948794602866e-05,1.1836653007182071e-05,2.0107070212200456e-05,5.064925394812857e-05
1734,1.3766892774981592e-05,1.5559297732017478e-05,1.4350096745838173e-05,1.2531996759387338e-05,1.3482443249210841e-05,1.1716105541101438e-05,2.3429751405274497e-05,0.00039702134794049006
1735,1.3697947956325156e-05,1.4177128629566344e-05,1.360168557017316e-05,1.15684895660198e-05,1.479388474618002e-05,1.2259262841943983e-05,2.569679574459466e-05,0.00013846270039192293
1736,1.3676313500695136e-05,1.5611071515619334e-05,1.3985658228931136e-05,1.147845740016738e-05,1.3359814180719016e-05,1.1788816641882474e-05,2.2709905427922615e-05,0.0002777195370807033
1737,1.3631264679705174e-05,1.6018670765183084e-05,1.4771206588914585e-05,1.1598201184126714e-05,1.313660359616628e-05,1.0638552055888305e-05,2.0886920219822397e-05,0.0004039983939340115
1738,1.3605616429679095e-05,1.587259513182493e-05,1.3831104289478488e-05,1.2266269749561873e-05,1.2887369797376128e-05,1.187129576639974e-05,2.1574149406709847e-05,5.528306922742432e-06
1739,1.360158521701121e-05,1.5325044289228927e-05,1.516501397789479e-05,1.095390214309128e-05,1.2793588725199104e-05,1.1162581130069724e-05,2.111185239656535e-05,3.1388801785553354e-05
1740,1.3545906800116697e-05,1.62902389018883e-05,1.4225659927951515e-05,1.1415043323838074e-05,1.3019931813037777e-05,1.0687520581790951e-05,2.2979221972966366e-05,0.000429134059345194
1741,1.3511563954964147e-05,1.514502280202467e-05,1.4431679910612469e-05,1.1010053561649707e-05,1.327814612365673e-05,1.1231030334564943e-05,2.085594982152506e-05,6.5031504822712e-05
1742,1.350621352620524e-05,1.5100838428209633e-05,1.371610115160552e-05,1.2274558083558688e-05,1.3605907575696031e-05,1.1641614685085225e-05,2.2454546825814808e-05,2.543559830009983e-05
1743,1.3479007093608608e-05,1.5248619219836412e-05,1.3747056093412717e-05,1.1128364802424655e-05,1.2915634647082277e-05,1.204424638955995e-05,2.1651692149257742e-05,0.0003082887966108044
1744,1.343488654035728e-05,1.565281665386588e-05,1.3895556951961863e-05,1.0659561300160132e-05,1.28524667368933e-05,1.1378104267748698e-05,2.112515881696748e-05,0.0003109449697075386
1745,1.3420370805993617e-05,1.529714635409732e-05,1.348626442659649e-05,1.1321903786244619e-05,1.385474528059219e-05,1.1082683005657795e-05,2.2604372096044266e-05,6.933879418671033e-05
1746,1.33748089713294e-05,1.5189122883147407e-05,1.3742951920558468e-05,1.0312052600068485e-05,1.3721318555655116e-05,1.0885064744923512e-05,2.267509111784298e-05,0.0004168723158457698
1747,1.3317174157684318e-05,1.5068779635700978e-05,1.4025503549924646e-05,1.1733888526388393e-05,1.3039647813030561e-05,1.117381899650317e-05,2.438664025316483e-05,7.487419459000218e-08
1748,1.330120349552194e-05,1.5603553896242626e-05,1.3205550131727699e-05,1.1070550331096597e-05,1.2896073405993291e-05,1.1538643105562908e-05,2.2987787367249862e-05,0.00013396656718165693
1749,1.327792402265535e-05,1.6589196604658223e-05,1.4042098095211747e-05,9.891725173079803e-06,1.172982368364381e-05,1.0789515856322048e-05,2.0311509666990763e-05,9.844602458708922e-06
1750,1.3268313468190511e-05,1.6196525726258505e-05,1.3612486139238358e-05,1.0782566273297572e-05,1.294249000003236e-05,1.0360662038799511e-05,2.2495043999457815e-05,6.85885797390217e-05
1751,1.3218631144544155e-05,1.4792426207977216e-05,1.3578096310678058e-05,1.0978113477046342e-05,1.3592150312063502e-05,1.0950616106459944e-05,2.0436325903420382e-05,3.444212982583912e-05
1752,1.3180007234421811e-05,1.470194736634574e-05,1.3596322835348672e-05,1.0599967836116278e-05,1.3663917674722017e-05,1.0796492030113552e-05,2.3277574002318815e-05,0.00021315766230816402
1753,1.3146707492098734e-05,1.56576505536054e-05,1.2898124730298473e-05,1.1560832687873415e-05,1.2451346299009603e-05,1.1618261796082186e-05,2.3016311121485787e-05,4.1721764965609834e-05
1754,1.3124506939846444e-05,1.520242727138165e-05,1.3368414310189642e-05,1.0977221684072568e-05,1.3138902944371164e-05,1.0826771478073974e-05,1.9781249556624107e-05,0.00011816663215389334
1755,1.309970360093726e-05,1.5596118638176663e-05,1.3945694222893425e-05,1.1890001880068195e-05,1.2635009695833978e-05,1.0260407260877798e-05,2.180061415296506e-05,0.0002837482347489535
1756,1.3067194491393114e-05,1.632598946299584e-05,1.4118852987380393e-05,1.1831591402901205e-05,1.1603707518395698e-05,1.0258548291603958e-05,2.02405141983741e-05,3.826805327148745e-05
1757,1.3048881226830613e-05,1.4560145580138945e-05,1.3292630802730862e-05,1.0894888549957893e-05,1.3793874385532876e-05,1.0587140647069124e-05,2.2646497763447447e-05,0.00025856854364909507
1758,1.3028210872957328e-05,1.5426335162819933e-05,1.4245923376184587e-05,1.1353051864861179e-05,1.1823571984839316e-05,1.0655218917371324e-05,2.1416047026709285e-05,0.00029342363930645913
1759,1.2990959000335892e-05,1.478814400796563e-05,1.3267197490528244e-05,1.0675126734801742e-05,1.3030200309898938e-05,1.0916390910616758e-05,2.3045767829917527e-05,0.00015938314572741817
1760,1.2963732461786144e-05,1.4722232651796822e-05,1.3299501362434285e-05,1.1549573865907447e-05,1.2997634040020312e-05,1.0873578445134328e-05,2.297258900717287e-05,7.529507171700553e-05
1761,1.2936149212382536e-05,1.5199483117518343e-05,1.3157644925778349e-05,9.938491306714283e-06,1.235988470490608e-05,1.106552015465613e-05,2.085958037752626e-05,5.3723442683354967e-05
1762,1.2911533525014424e-05,1.4137069564261844e-05,1.3606558574077926e-05,1.1159953983402775e-05,1.3207223536651782e-05,1.0733146309470351e-05,2.4237726728672247e-05,0.0003997977913885914
1763,1.2893018191222002e-05,1.5069059800980566e-05,1.2306173295652754e-05,1.1829023752301263e-05,1.3827261177677875e-05,1.0407387912860727e-05,2.2355442787469598e-05,0.00023900346195087843
1764,1.2842606759492747e-05,1.5034325645613452e-05,1.3376905916764282e-05,1.1404046344383614e-05,1.2754961654551453e-05,1.024189542012125e-05,2.1238210493591306e-05,0.00015626551878773136
1765,1.2783181780636634e-05,1.4454563020227224e-05,1.282718479358706e-05,1.2603671248381622e-05,1.244142952351546e-05,1.144703715906935e-05,2.250374792493637e-05,0.0002565124027521411
1766,1.2755433625858215e-05,1.4683023918248392e-05,1.3022251701339121e-05,1.0702146996535505e-05,1.2934862019767026e-05,1.0419002882976653e-05,2.057389407253931e-05,3.451425907949205e-05
1767,1.2717732715871372e-05,1.4435259712033072e-05,1.2977774214896789e-05,1.1543592722067173e-05,1.2527735872346355e-05,1.0967456494259098e-05,2.1994961522068125e-05,0.0007096431618309134
1768,1.2694497462396243e-05,1.4716434790610565e-05,1.430158825011749e-05,1.2624713251724845e-05,1.1770674746642893e-05,1.0026519296487283e-05,2.2779826795163566e-05,0.0004555601710486102
1769,1.2670497318609161e-05,1.4582335880741142e-05,1.3057782087854814e-05,1.178997880175389e-05,1.2582659231038792e-05,1.0496368977807178e-05,2.020942228838644e-05,0.00035554618758792554
1770,1.2650842978931363e-05,1.4777937346070899e-05,1.2908668949672896e-05,1.0780029137783954e-05,1.258797161595915e-05,1.0365893251281129e-05,2.2378863724188995e-05,0.0001704623076210967
1771,1.2618254801382415e-05,1.4400269141339177e-05,1.3929748060967695e-05,1.0722782569997551e-05,1.2745229798241082e-05,9.434775929136198e-06,1.8821970425509896e-05,0.00013782661043913597
1772,1.2594576201048417e-05,1.4700068150119513e-05,1.339678113307356e-05,1.0813714606123171e-05,1.1965288680946725e-05,1.0353101044323408e-05,2.18574744565235e-05,0.00011130914361009703
1773,1.2549701374167333e-05,1.4947526717147417e-05,1.1974352359009808e-05,1.2095766012657558e-05,1.305061237609545e-05,1.026311675196488e-05,2.352141275663972e-05,7.125332887441706e-05
1774,1.2522687522273338e-05,1.443497429481466e-05,1.2784484344130051e-05,1.2631151749836265e-05,1.3333578044847554e-05,9.574436908430165e-06,2.0999029126770027e-05,0.0005017891719795027
1775,1.2496499084136073e-05,1.4636313289043544e-05,1.3685625419354057e-05,1.1101722998065633e-05,1.1934524227611036e-05,9.766180013402047e-06,2.015071431853069e-05,0.0003394837282415685
1776,1.2464206452196526e-05,1.4671103611085988e-05,1.2853234763801027e-05,1.1515431360686734e-05,1.1985131305961558e-05,1.0383908113820924e-05,2.080888283530496e-05,0.0002947291356778145
1777,1.24233245326476e-05,1.4413241619804103e-05,1.2833659933170872e-05,9.774459421905944e-06,1.2318517907696224e-05,1.0164310546499404e-05,2.042799546878233e-05,0.0002932217536563148
1778,1.2412616273216306e-05,1.421984861771027e-05,1.309683152962159e-05,1.180269653896795e-05,1.1526268141932433e-05,1.0843917447475032e-05,2.2370709924386548e-05,0.0004957311081049025
1779,1.237831062880904e-05,1.4051703927482566e-05,1.3609986689547149e-05,1.0964273008430142e-05,1.1455775173621672e-05,1.043207674343977e-05,2.1792374003422546e-05,2.322576871381547e-05
1780,1.2360797797089378e-05,1.4993536433429325e-05,1.2988072623706472e-05,1.1356721041846279e-05,1.1650988061784309e-05,9.846842725623392e-06,2.033866867345786e-05,0.00021769287842860567
1781,1.2304112414492052e-05,1.5277786077591023e-05,1.28136804212591e-05,1.1518170692988463e-05,1.1418240162337637e-05,9.742825456837726e-06,2.1119499160516708e-05,0.0003841960759611184
1782,1.2279722598704086e-05,1.4272693672690968e-05,1.2335315252066788e-05,1.135112206520786e-05,1.2411636040127335e-05,1.0135256251367607e-05,2.2247314780929874e-05,5.2563001606924586e-05
1783,1.2254314462668287e-05,1.3466105571104162e-05,1.3350950171796615e-05,1.0883618140211022e-05,1.2183824412525876e-05,1.0052314131028093e-05,2.2151541456051733e-05,8.183945684825394e-05
1784,1.2240302784409468e-05,1.4036283221425778e-05,1.1479190432527774e-05,1.1318615634269185e-05,1.2584984791036e-05,1.0896647964249209e-05,2.2498731567617625e-05,0.00025445853269090907
1785,1.2206979175935134e-05,1.4822088639348262e-05,1.2418488325092177e-05,1.0504413523695924e-05,1.1790695860123921e-05,9.83244145328148e-06,2.0883866874507944e-05,0.0003713322557375424
1786,1.2200370813967445e-05,1.3405318455628617e-05,1.2416066530973408e-05,1.0618784796640901e-05,1.2818763932237764e-05,1.0197112582185737e-05,2.2257505342079794e-05,0.0005690610835960512
1787,1.2171009872536712e-05,1.436969760086096e-05,1.2487814172385878e-05,1.0642626160331558e-05,1.1654391547967235e-05,1.020782820785764e-05,2.0998297112988697e-05,8.442956773134067e-05
1788,1.2136844155435248e-05,1.4763595865261638e-05,1.2277951542389604e-05,1.1084245032367824e-05,1.137770146687691e-05,1.0163719660055e-05,2.048489764629281e-05,4.43734421887873e-06
1789,1.2127614466157963e-05,1.4302625171975987e-05,1.2963030104705818e-05,1.0258800368138121e-05,1.1693490974688543e-05,9.586876481503484e-06,2.0425663167383575e-05,8.474624511830297e-05
1790,1.2080360924732292e-05,1.4915841137240462e-05,1.2987449597391071e-05,1.2138632319036562e-05,1.1019072136132319e-05,9.434507116240922e-06,1.8532391046808492e-05,9.260410659800893e-05
1791,1.2059140823962964e-05,1.3220346897560348e-05,1.1862370162302419e-05,1.0559661424565143e-05,1.2923400562447106e-05,1.0265809796502433e-05,2.109586836097976e-05,0.00016663842641374634
1792,1.2048807991103944e-05,1.4417934582344055e-05,1.2134976893315587e-05,1.0622143938439355e-05,1.1748723587775264e-05,9.928930641454288e-06,1.89040208914936e-05,1.2414741235377122e-05
1793,1.198511197356393e-05,1.428379843312751e-05,1.247981643035116e-05,1.198773256522636e-05,1.1282408276654158e-05,9.929571703723412e-06,2.18546207126367e-05,0.0004142304263233615
1794,1.1962873445812764e-05,1.4423892943121223e-05,1.317296618993592e-05,1.0808898805979166e-05,1.0998686798889008e-05,9.291029672843614e-06,1.811198476495656e-05,9.83990603999809e-05
1795,1.1952560577356695e-05,1.4750435303817599e-05,1.290455905686073e-05,1.1527699748090292e-05,1.0806555161855448e-05,9.383744431265522e-06,1.962282479487672e-05,5.967446620701009e-05
1796,1.1932757672227569e-05,1.3707051804899464e-05,1.2582636519875217e-05,1.1328183767598968e-05,1.170167675728217e-05,9.77465902318412e-06,2.1472440146929778e-05,0.00016930815769028237
1797,1.189665449079468e-05,1.3850907889381954e-05,1.1751405083114387e-05,1.1574877252204292e-05,1.164120295381967e-05,1.0377989509755948e-05,2.051963830496745e-05,0.0004937193047495333
1798,1.1874635020755984e-05,1.4413695816594082e-05,1.2115938535674621e-05,1.1843909235079037e-05,1.124802561162425e-05,9.755703151938934e-06,2.143177595543969e-05,0.00017530584573653414
1799,1.1859255169522484e-05,1.299992619766328e-05,1.2194289721309862e-05,1.098771094447776e-05,1.2589368528119126e-05,9.688214102977378e-06,1.9345432721680576e-05,0.00013359981200723064
1800,1.1848381859067272e-05,1.3572546710611744e-05,1.2013760688581488e-05,1.1651666641574109e-05,1.182506623745462e-05,1.001689990541503e-05,2.0295531346975497e-05,4.37229179791234e-05
1801,1.179873862306072e-05,1.3134746304311452e-05,1.2038587692359411e-05,1.2058820274089825e-05,1.2203040294003836e-05,9.853180582288444e-06,2.170066373478039e-05,1.8167316561532085e-05
1802,1.179478397701964e-05,1.403947064072251e-05,1.184991985435769e-05,1.2351937183338835e-05,1.1518950880705306e-05,9.80538329391714e-06,2.2653682516407826e-05,0.0001890628533245366
1803,1.1779906731512744e-05,1.4343541444819325e-05,1.235777633240824e-05,1.1144199500931646e-05,1.1288976551327185e-05,9.163877761153096e-06,2.022587353630211e-05,0.0003916802367346111
1804,1.1737754719182806e-05,1.3815766492354746e-05,1.289520264899675e-05,1.158117739866599e-05,1.1244365391575625e-05,9.030105867666182e-06,2.0122471462089056e-05,4.271724791442392e-06
1805,1.1709225824542406e-05,1.3596865305102375e-05,1.175241195746424e-05,1.091944245010239e-05,1.1468181680355394e-05,1.005378233095918e-05,2.1416276235448367e-05,0.00016965940289392066
1806,1.1656849327774932e-05,1.4093366942255344e-05,1.2238163961984344e-05,1.0303300473727643e-05,1.1062638242295444e-05,9.267412560400245e-06,1.9542594931187268e-05,0.00016384712772423717
1807,1.163189124829189e-05,1.4484851269867843e-05,1.2301309546087628e-05,1.067729082810405e-05,1.0754376123142601e-05,9.02113915612123e-06,1.843750807050938e-05,0.0005794892433034547
1808,1.1622531269858543e-05,1.3748271536190308e-05,1.25434666244696e-05,9.785581376111964e-06,1.1258652004254446e-05,8.973818624855514e-06,1.876829642949749e-05,0.0003444689031123566
1809,1.1603174013147152e-05,1.3546039400564517e-05,1.1603642427029253e-05,1.1936944505997999e-05,1.2106376905356952e-05,9.19066426291291e-06,1.9730213215191023e-05,0.00012899846630811253
1810,1.157475755073565e-05,1.2598446828120755e-05,1.2134215898893767e-05,1.1398885038155904e-05,1.1886683986013857e-05,9.713627025684289e-06,2.1863641402268002e-05,6.934602851646783e-05
1811,1.1558963531436024e-05,1.4000464582377585e-05,1.2068720700338664e-05,9.630848476392811e-06,1.0568041426915771e-05,9.632524595992142e-06,2.0525128198315093e-05,0.00010613866636311628
1812,1.1538302664346751e-05,1.322746483025777e-05,1.0977368386162804e-05,1.1767167382437115e-05,1.201487949519953e-05,9.967334630228505e-06,2.1808571616549882e-05,9.697111522855482e-05
1813,1.1527492939910073e-05,1.395924111269109e-05,1.246687036348124e-05,1.0966262702901885e-05,1.0186165726485217e-05,9.531499545248175e-06,1.9715859697416022e-05,7.5959116226280195e-06
1814,1.1500289025834502e-05,1.3521259025588513e-05,1.142026726571257e-05,1.1339616748548255e-05,1.1487088854328916e-05,9.606266223243033e-06,2.0008480119366833e-05,9.147245178325165e-05
1815,1.1451976952126198e-05,1.3059433994483166e-05,1.1410502038999283e-05,1.1183934854922539e-05,1.1859479234342087e-05,9.512076071354646e-06,2.1375876061329655e-05,0.00013513348938820743
1816,1.1429312207698798e-05,1.3839802124739855e-05,1.1459347920797932e-05,1.0606429654601102e-05,1.1570265476306031e-05,8.881350391706964e-06,1.9459195763138072e-05,5.473122313851124e-05
1817,1.1393024582629749e-05,1.2818131890789661e-05,1.1474159921019268e-05,1.1295345546103959e-05,1.152108317800617e-05,9.792133991318545e-06,1.9229333822539034e-05,0.00014421174150697262
1818,1.1364385514427246e-05,1.2647290263788104e-05,1.175890954787594e-05,1.0882413592668914e-05,1.1713861933727272e-05,9.370807050881268e-06,1.936866984770928e-05,2.6610763659110968e-05
1819,1.134821322655232e-05,1.3325805794171282e-05,1.1286356211115316e-05,1.0404447635539644e-05,1.1531452364442663e-05,9.282517742503274e-06,1.951828849705783e-05,7.937228130147864e-05
1820,1.1326149714669369e-05,1.2753096587807112e-05,1.1523692979749287e-05,9.268885633931795e-06,1.1508245933101768e-05,9.552777945397304e-06,2.1799316200163447e-05,2.3853541824010826e-05
1821,1.1306612752112467e-05,1.3191656969537822e-05,1.0968489470973233e-05,1.1631076391315543e-05,1.2417158043411752e-05,8.682303634664652e-06,1.943116423439563e-05,4.173615891862058e-05
1822,1.1261125459749587e-05,1.3913028354873561e-05,1.135013877492051e-05,1.2109294279077832e-05,1.0623116681331299e-05,9.191241862180056e-06,2.0222827747631953e-05,0.0002340047579118748
1823,1.1235002773257554e-05,1.326782060780078e-05,1.2222772147616302e-05,1.0387758687403777e-05,1.0557450291839744e-05,8.92491528079685e-06,1.8831049416560538e-05,0.0005127853844890161
1824,1.119400775553642e-05,1.3893211742355785e-05,1.0807400272990326e-05,9.588599898806119e-06,1.1489145795041373e-05,8.619100157284081e-06,1.8985387242248655e-05,0.0002471741945227152
1825,1.1175421246374136e-05,1.3707037718486686e-05,1.1428705117366088e-05,1.0978649859826791e-05,1.0740608947127388e-05,8.858105680756969e-06,1.8882557575414347e-05,0.00019363057640725355
1826,1.114314088514083e-05,1.2498531947501811e-05,1.100723738331904e-05,1.0651403072120194e-05,1.195196963567163e-05,9.147502486971763e-06,2.0905909119798635e-05,4.1033625406480616e-05
1827,1.1117185478666482e-05,1.3322384279099319e-05,1.097155942762396e-05,1.2079156630332943e-05,1.1223083017606088e-05,8.98431694690269e-06,1.952744900156421e-05,0.0010833923340219536
1828,1.1084375307048722e-05,1.3079763110882175e-05,1.1100428254269204e-05,1.19343917672548e-05,1.0991923825561516e-05,9.197891596932269e-06,2.094238294296362e-05,6.83562380124687e-05
1829,1.1053406503595571e-05,1.2599495133626972e-05,1.14874141727871e-05,1.041157534773665e-05,1.1136987316316327e-05,9.022144041771384e-06,1.874522535781184e-05,0.0005486033449296804
1830,1.1039057694448217e-05,1.2812108441692658e-05,1.1276592604957981e-05,1.0336287035500956e-05,1.1166315943332448e-05,8.933586398744735e-06,2.0722955070429947e-05,3.0371449103730995e-05
1831,1.1025277611069683e-05,1.3330811502422995e-05,1.1925369729854768e-05,8.77000951844201e-06,1.0066253824881525e-05,8.811007661135546e-06,1.8410554814184885e-05,0.00011824417004436429
1832,1.0993373208561719e-05,1.3304012097117706e-05,1.102338435153423e-05,1.0921244747299397e-05,1.1517120692948506e-05,8.161214243771251e-06,1.9717111980757814e-05,0.0002177992432607695
1833,1.094361229849755e-05,1.2760451524487927e-05,1.1096081992021462e-05,1.0999367983950265e-05,1.0712970101684976e-05,9.237038384060192e-06,2.0885721937431095e-05,1.3998119791319351e-05
1834,1.0926343975118271e-05,1.2970290616929699e-05,1.2133060311580336e-05,1.1152233434085071e-05,1.0289056369344972e-05,8.345010693825073e-06,1.7434144633495992e-05,5.6653698907357445e-05
1835,1.0911761690420409e-05,1.3752049193665542e-05,1.1082170678634744e-05,1.1365269478994026e-05,1.012706676897239e-05,8.717759455607412e-06,1.9861500136180573e-05,0.00016712563100538622
1836,1.0900754704043316e-05,1.2505838927800334e-05,1.1461603865096113e-05,1.0960828763367646e-05,1.0657248225864342e-05,9.010294668280728e-06,1.869749170335569e-05,0.0004034135052379188
1837,1.0872038062115771e-05,1.2871914199954827e-05,1.1292535355749433e-05,9.49880476975793e-06,1.0638333756900056e-05,8.717251777790253e-06,1.809574242672982e-05,2.150134192413395e-05
1838,1.083872777489437e-05,1.3452357666068208e-05,1.1795128494818594e-05,1.0784575254809682e-05,9.620426161283326e-06,8.518784037649164e-06,1.7891601273532745e-05,0.00018017991286718596
1839,1.0797073832865235e-05,1.2219431543640943e-05,9.978961292523474e-06,9.13274092212477e-06,1.1827139586343778e-05,9.194425857549445e-06,2.1237860846600726e-05,0.00014523022181311013
1840,1.0794878365672105e-05,1.1896930366945845e-05,1.0698199808388181e-05,1.0740207616099843e-05,1.1408957626496143e-05,9.207082203473637e-06,1.9663017389821843e-05,6.4907063697149094e-06
1841,1.0778601619464496e-05,1.2769532687310668e-05,1.090063632931337e-05,9.940436736479065e-06,1.1128839224011504e-05,8.347007029864592e-06,1.9134433863594848e-05,0.0001858030452487859
1842,1.0761454431532945e-05,1.2666778819309564e-05,1.154467653988031e-05,1.0426223275460003e-05,1.0343751958376036e-05,8.522168889682217e-06,1.9220846876039482e-05,0.0001274608337831377
1843,1.0721712573533004e-05,1.2355758523084842e-05,1.1331296458310387e-05,1.0663678975045381e-05,1.0356816011789434e-05,8.87442138197134e-06,1.900129675915706e-05,0.0003285135264985544
1844,1.070410644576199e-05,1.2923575799042628e-05,1.0459946660895974e-05,1.0428892638650719e-05,1.0422321026233165e-05,9.04197256815992e-06,2.0841151635454294e-05,1.681765550479459e-05
1845,1.0669249306927173e-05,1.2918016723250025e-05,1.1065556208270918e-05,1.0178120377159304e-05,1.0345821509169827e-05,8.37889089572089e-06,1.835368889549025e-05,0.00038635653254032745
1846,1.062821598483754e-05,1.2430918931774496e-05,1.0817683658018683e-05,9.986063795160017e-06,1.0565171878249327e-05,8.730257184846115e-06,1.930688187157013e-05,2.647045416391204e-05
1847,1.0583246325676313e-05,1.2299924003005278e-05,1.0990221399328182e-05,9.568686693466711e-06,1.0770682430777502e-05,8.30319338633644e-06,1.9467422784480065e-05,0.00014339057466977522
1848,1.0564706527262077e-05,1.1632549811711068e-05,1.1009047934207841e-05,1.064381387928878e-05,1.053673228585471e-05,9.111477733409477e-06,2.1874455770246702e-05,0.00012780397941482966
1849,1.0545912514644432e-05,1.2423286155282014e-05,1.1016065598046256e-05,1.0444429564975066e-05,1.036750208928936e-05,8.407722615583479e-06,1.8311216677489273e-05,7.64497190849631e-05
1850,1.0508274589034319e-05,1.245602398801551e-05,1.0361082222194654e-05,1.1438827476413173e-05,1.0519776192485415e-05,8.727032043442889e-06,2.164300706510622e-05,0.00016718351966568646
1851,1.0496318975388792e-05,1.2538000513907121e-05,1.1370708104558853e-05,1.0561261347873773e-05,9.957976361895372e-06,8.14937194487267e-06,1.9146822999339146e-05,0.00026119056126962205
1852,1.0476351898092069e-05,1.2047365539305718e-05,1.0312770187685942e-05,1.0071561971520724e-05,1.100665916111469e-05,8.569335159612268e-06,2.1538852217563784e-05,9.210252451439394e-07
1853,1.0441147621440602e-05,1.1571795852910939e-05,1.0427087557883702e-05,1.1805256615919679e-05,1.1750361583376568e-05,8.045964751936986e-06,2.0945488989131318e-05,0.0003640025459823314
1854,1.041948475811523e-05,1.1932752344642398e-05,1.098914612127022e-05,9.770526487523413e-06,1.0318609040372963e-05,8.467987137817512e-06,1.9329817055141095e-05,2.600358492423923e-05
1855,1.0396688949910205e-05,1.1482166880809838e-05,1.0798104019118366e-05,1.0425836000141542e-05,1.1004174978767051e-05,8.332798703339443e-06,1.9748093031368353e-05,0.00019153512807614377
1856,1.0355983753212817e-05,1.2619896321017998e-05,1.0499884330064071e-05,1.0909971694875824e-05,9.927097025217159e-06,8.407426821288417e-06,1.848224575851759e-05,9.05372476465968e-05
1857,1.0313260025521081e-05,1.2304325562742586e-05,1.081935474184649e-05,1.1067406327671094e-05,1.033781560418702e-05,7.821788278494688e-06,1.7724621864742408e-05,0.00012485878589508094
1858,1.0304390473018668e-05,1.2325822505694641e-05,1.0960832209755056e-05,9.962650942840765e-06,9.403603779392581e-06,8.557521531880038e-06,1.762133507545343e-05,9.16565269832964e-05
1859,1.0273943999341749e-05,1.2405891219742245e-05,1.0214295030606093e-05,1.0300066626709452e-05,9.883736158987396e-06,8.621982478890975e-06,1.9727535377101317e-05,0.0005472493101303707
1860,1.026589695202371e-05,1.1817757371917354e-05,1.027097060460446e-05,1.0074048836127883e-05,1.001393498780704e-05,8.991030138921866e-06,1.898123581315057e-05,0.00012368537480435382
1861,1.0248575985006285e-05,1.2466175197193688e-05,1.0371034885956887e-05,1.0348523484372042e-05,9.46189889793793e-06,8.725249441081445e-06,1.975952075947746e-05,0.0004224129767525992
1862,1.0226572255254666e-05,1.2147830811848542e-05,1.031596888868551e-05,9.678770178259909e-06,1.025835579858996e-05,8.214123547067968e-06,1.8403708321037745e-05,0.0009305769604058095
1863,1.0209657383493642e-05,1.1890649327994564e-05,1.0937570417420221e-05,9.656371865968882e-06,9.819351593830195e-06,8.220998496578586e-06,1.8819679773287384e-05,0.00028220377653292994
1864,1.0205984891827205e-05,1.2437327492411007e-05,1.0800786575348981e-05,1.0595908293967338e-05,9.623945856740212e-06,7.991809197891608e-06,1.9503873797721136e-05,0.00011740775574139101
1865,1.0165639231685317e-05,1.2253262799777187e-05,1.0683825513073614e-05,9.513593294799325e-06,1.0028801050674975e-05,7.726478901401052e-06,1.7212336133250876e-05,5.104480338838934e-05
1866,1.0134735992936113e-05,1.185732369999679e-05,9.516256721423103e-06,9.94527260046689e-06,1.081699295958264e-05,8.378091289115934e-06,2.0621322995556592e-05,9.027271661574092e-05
1867,1.0120510960103226e-05,1.1501504340561415e-05,9.817264144998862e-06,1.086893625923959e-05,1.0601980750845734e-05,8.59097350671923e-06,2.154671839236093e-05,3.7408378438090616e-05
1868,1.0114929829720076e-05,1.1498080879805766e-05,9.63493962184056e-06,1.0910268473694862e-05,1.0488655599108015e-05,8.867705775635227e-06,2.033587199471694e-05,0.0008224393274735892
1869,1.0083495630300934e-05,1.2509477583638767e-05,9.664262769401972e-06,8.512522892944493e-06,9.648271211742446e-06,8.541541467831696e-06,1.902146180884686e-05,0.0003947572007764509
1870,1.0057932535674463e-05,1.1655074885955138e-05,1.0266946402906052e-05,9.747848205842467e-06,9.877262966958752e-06,8.461941315711107e-06,1.8145456430007037e-05,0.0005329459315305299
1871,1.0034564179978965e-05,1.1619273086598497e-05,1.0510184514045532e-05,1.0062095433761191e-05,9.562607137760635e-06,8.475618897164013e-06,1.808537335527583e-05,0.00010084809860969437
1872,1.0021006143445498e-05,1.1304172906046662e-05,9.733755877981861e-06,1.012875454809445e-05,1.06830678990745e-05,8.392414962039031e-06,2.011200147663562e-05,0.0001802441247608851
1873,9.97067571614184e-06,1.1573948608552716e-05,1.0135087304476423e-05,1.0568906394884637e-05,1.0011853046710731e-05,8.191053378000338e-06,2.036169727458132e-05,5.448679820004984e-05
1874,9.956321537957265e-06,1.2531926443701598e-05,1.0539648225888365e-05,1.1228786374237782e-05,9.265108264339398e-06,7.517800698368862e-06,1.8446991316632256e-05,0.0011220820697908271
1875,9.941045190220811e-06,1.2037702746356922e-05,1.0272740646106238e-05,9.814140444289881e-06,9.913011139001024e-06,7.5698789168726365e-06,1.822687644495264e-05,0.00027422008471742235
1876,9.910707513728485e-06,1.1982014143109969e-05,9.540508111473681e-06,9.961676562418567e-06,9.588507167340182e-06,8.560864209207327e-06,1.7482317714253143e-05,8.376099918030114e-06
1877,9.877633856441852e-06,1.165974033979708e-05,9.82809022694934e-06,9.278747260048266e-06,1.0162481068910307e-05,7.889190386587433e-06,1.9728081096274872e-05,0.0003502343733913664
1878,9.863277907706254e-06,1.1536678655731492e-05,1.0086323164970878e-05,1.0069466697035187e-05,9.779515964886722e-06,8.079518473190904e-06,1.804212935370033e-05,3.348759238684844e-05
1879,9.836568970009267e-06,1.1606490509051759e-05,1.0952788991602691e-05,1.1761830900282155e-05,9.473491096863009e-06,7.342351507427174e-06,1.7488397587118474e-05,0.00023793326080158274
1880,9.8328864744603e-06,1.1301851425905454e-05,1.0128035950081274e-05,9.962969358589937e-06,9.836648768797874e-06,8.093845218344248e-06,1.926196014444892e-05,8.778472227238368e-05
1881,9.818647666811112e-06,1.1119819707833091e-05,9.949151009568401e-06,9.793989125601191e-06,1.0203441267261533e-05,8.030972452121344e-06,1.9710517416183588e-05,1.2581306685661837e-05
1882,9.786189098166032e-06,1.130941462311579e-05,1.0024666683533717e-05,1.0226872547464411e-05,9.99891461152696e-06,7.840458929209921e-06,1.8645017941423915e-05,0.00015170331137778946
1883,9.756697262373449e-06,1.1149066989625587e-05,9.488202062727674e-06,1.0540785427393043e-05,1.0358254067891921e-05,8.059877972424062e-06,1.942103670896086e-05,0.00011910039934011303
1884,9.733368736647612e-06,1.0895377127104463e-05,1.0078086438760862e-05,8.716937796002777e-06,9.723262743798618e-06,8.265292298261507e-06,2.040165754963562e-05,0.00025733746237390143
1885,9.722827478184058e-06,1.118198613245352e-05,1.0213801914547641e-05,9.392460720580245e-06,9.534542096204547e-06,7.989492486610491e-06,1.926170209978948e-05,0.00014631331515032665
1886,9.69822503865256e-06,1.188913416361546e-05,9.618778067928478e-06,1.008896114376844e-05,9.144992044881877e-06,8.168436346083987e-06,1.9050895906667235e-05,9.715808481401834e-05
1887,9.681718758393374e-06,1.0441777235497964e-05,9.900975416076182e-06,9.454595018893372e-06,1.0030767198152408e-05,8.381747363370919e-06,1.9965819720321795e-05,0.0001055855804479515
1888,9.645544065713497e-06,1.1733507448798541e-05,9.161998013973434e-06,1.1519133626915803e-05,9.356616680352884e-06,8.358340207062244e-06,1.8679613741261712e-05,2.431725065326727e-05
1889,9.620849205588454e-06,1.1175531553850629e-05,9.778476945584227e-06,9.944490890391671e-06,9.763975636380085e-06,7.793626248077961e-06,1.790334531994101e-05,0.0004604677721050537
1890,9.602989484635326e-06,1.142274844965956e-05,9.108305314236863e-06,1.0304285239478304e-05,9.681653938790031e-06,8.227411583491606e-06,1.930919930694885e-05,0.0002655459143446245
1891,9.594122497250814e-06,1.11451693097441e-05,9.873381413042658e-06,9.503632570645798e-06,9.537231935021765e-06,7.848842557081155e-06,1.8061462404142166e-05,9.282531842730894e-05
1892,9.57156320760406e-06,1.1730679829555705e-05,9.167190953131763e-06,9.166489247616708e-06,9.110343333013205e-06,8.306107776006103e-06,1.707158146052798e-05,0.0001947200405696465
1893,9.532355920888434e-06,1.0918103001958318e-05,9.95293063144018e-06,9.910356468234459e-06,1.0066076247854227e-05,7.220267858719022e-06,1.763891368800297e-05,0.0001530689715504613
1894,9.519163417885662e-06,1.0554589642088134e-05,9.7082605407468e-06,9.23946480501045e-06,9.584287295403521e-06,8.257431640220053e-06,1.788541544955426e-05,0.0001657748945110157
1895,9.495114039012459e-06,1.083496577290993e-05,9.868213097878135e-06,9.542168437936402e-06,9.71308745398035e-06,7.592034799860912e-06,1.8419877364284737e-05,0.0006584565797563663
1896,9.475928584300171e-06,1.1369235034484892e-05,1.0352824201410917e-05,9.711392198573029e-06,8.93468204157357e-06,7.274761712224449e-06,1.8490481078263523e-05,0.0001085027404209385
1897,9.455280263511302e-06,1.1535573415396219e-05,9.113198363408558e-06,9.69002350590316e-06,9.731657625636928e-06,7.468419708459448e-06,1.9448462407432285e-05,0.00011748272841812814
1898,9.448678647498835e-06,1.1197287082032054e-05,9.511526001033504e-06,9.203040213659481e-06,9.911618790387915e-06,7.201991369845337e-06,1.838186837826747e-05,0.0005230904578906209
1899,9.428818810829591e-06,1.1498524452096953e-05,9.946595018644458e-06,1.0172906598675254e-05,9.191863620089385e-06,7.10594273042325e-06,1.6941896222301622e-05,0.00023599529950916887
1900,9.393773559268814e-06,1.116111701645417e-05,9.658278720991931e-06,1.0162598602035446e-05,9.207557833766457e-06,7.575688353019671e-06,1.7496960866886e-05,0.0003709735877844662
1901,9.364899326289505e-06,1.1331989900856844e-05,9.611382831281424e-06,8.719826070968137e-06,8.598696548962194e-06,7.944991062927507e-06,1.580764340015308e-05,4.380138875069079e-05
1902,9.343077053096988e-06,1.1400047858845546e-05,9.804156448555133e-06,1.020351319080177e-05,8.692574833504223e-06,7.502928165552032e-06,1.852599303160073e-05,0.00013827526703879409
1903,9.335679113454785e-06,1.0655818734111714e-05,9.708021289704152e-06,9.464250972830066e-06,9.417714128272731e-06,7.588539669352027e-06,1.7853630351214704e-05,3.334055118049212e-06
1904,9.314949810337723e-06,1.131161323014838e-05,9.41571380571084e-06,1.0490651176614662e-05,9.264613388872106e-06,7.2951754464421395e-06,1.738601672070806e-05,0.0001423987856560093
1905,9.304464456196753e-06,1.0921665763585016e-05,9.344072068547589e-06,9.73607609775368e-06,9.69610571732886e-06,7.28330015350173e-06,1.8146975612818894e-05,0.0006712936831306998
1906,9.295522143530622e-06,1.1041843121123227e-05,9.126530852970584e-06,9.505289469120067e-06,9.129631532499627e-06,7.911342661712126e-06,1.7781855234304214e-05,9.182893142745521e-05
1907,9.264317677566671e-06,1.0453793340690936e-05,8.698625834040748e-06,9.36881391450184e-06,9.695640841653353e-06,8.236378709063023e-06,1.8686100130987432e-05,6.90818948030795e-05
1908,9.234855060233377e-06,1.1332400389832326e-05,9.793947040022857e-06,1.034721028553405e-05,8.728711513871401e-06,7.111442948488484e-06,1.649996289015411e-05,9.321414171552133e-06
1909,9.189275300923581e-06,1.1190706898928919e-05,8.447392600279756e-06,9.251261613331521e-06,9.21397601082052e-06,7.931973710140892e-06,1.770251080814021e-05,0.00030879997468553916
1910,9.17092557199826e-06,1.1206183770677994e-05,9.458779580250006e-06,9.053064170360277e-06,8.96775175745503e-06,7.077881394795981e-06,1.7324417223506156e-05,0.00030916078048469673
1911,9.13866159874727e-06,9.919928425922897e-06,8.931297729931151e-06,1.0049888151131646e-05,9.34494631957335e-06,8.385273511658804e-06,1.9248188797717714e-05,0.00028151033306228056
1912,9.118723301262158e-06,1.0189510750059688e-05,9.107192699383791e-06,9.683310231698851e-06,9.661536290036057e-06,7.543394604175867e-06,1.9310130244503516e-05,6.311118429840824e-05
1913,9.10243168194705e-06,1.1233598853215237e-05,8.94136668148459e-06,9.350197231771026e-06,8.658710926065292e-06,7.602743601314162e-06,1.9189931563125557e-05,5.173808552383959e-05
1914,9.074990912210824e-06,1.0907292120918293e-05,9.185871561895139e-06,9.92018010855734e-06,8.600967787452081e-06,7.632445000863367e-06,1.7853292396291126e-05,0.0003205330161284908
1915,9.04904293310459e-06,1.0562282004391391e-05,9.857340658695665e-06,9.823181300364665e-06,8.852026982571214e-06,6.951058844599242e-06,1.6576354506676847e-05,0.00036805859426139844
1916,9.030111840485938e-06,1.1285962672505377e-05,9.37611199013883e-06,9.15818208677026e-06,8.510602058152413e-06,6.974251882060967e-06,1.6375392496088035e-05,5.688869547217987e-05
1917,9.004288676352324e-06,1.102347625856516e-05,9.37911980170446e-06,9.811632271772908e-06,8.773022837240163e-06,6.867941428542045e-06,1.619933790579892e-05,0.00019720938399493234
1918,8.997117064530182e-06,1.0832152748024343e-05,9.419773057116323e-06,9.098358691901383e-06,8.58556407324815e-06,7.177362895935296e-06,1.5900234530168557e-05,3.376067286084306e-05
1919,8.956177419980329e-06,1.0659775636695726e-05,8.958444016524814e-06,1.061070057485142e-05,8.91876906065774e-06,7.313985408720687e-06,2.0066749773989443e-05,6.428006704168308e-05
1920,8.93950316576869e-06,1.0529043968845094e-05,8.959914632254164e-06,9.072918602943397e-06,8.723646602368122e-06,7.571623030368739e-06,1.7376844205754243e-05,7.411582133893803e-05
1921,8.915541746439638e-06,9.85794463478487e-06,9.237421751250965e-06,9.087705887725465e-06,9.437981015953125e-06,7.154964796422924e-06,1.9225427387116074e-05,1.8270269281901146e-05
1922,8.902720873480418e-06,9.747639363349234e-06,8.77957155578178e-06,9.631006869920514e-06,9.260707240306312e-06,7.84907296274331e-06,1.927760251293932e-05,3.568846076167223e-05
1923,8.861958902893833e-06,1.0781301629673365e-05,9.309947111182794e-06,9.276629941240568e-06,8.143992316252666e-06,7.238582713373836e-06,1.6065830563067767e-05,0.0001517702614869925
1924,8.854654417730662e-06,1.0313556615297717e-05,8.789523459271138e-06,9.782629764836434e-06,9.143785657994776e-06,7.197718651573301e-06,1.9006838902984965e-05,1.924998676285496e-05
1925,8.833827551116922e-06,1.0323113079335728e-05,9.047726281320063e-06,9.708566360251079e-06,9.31365044135686e-06,6.676726033704947e-06,1.8215623791103384e-05,0.0002806703779994859
1926,8.82097843968276e-06,1.0706461731386084e-05,8.627601414944288e-06,1.0043470741851272e-05,8.4373502804707e-06,7.53836832207594e-06,1.7163640460197495e-05,1.5641708380250232e-05
1927,8.815308543855102e-06,1.0726190909309085e-05,8.851348046789262e-06,9.558740748540844e-06,8.388253285665496e-06,7.321293252122167e-06,1.711658389012216e-05,0.00018755069558157506
1928,8.774842202709107e-06,1.0570454599732367e-05,9.509258356351632e-06,1.029671208885593e-05,8.012063015710335e-06,7.033325461814464e-06,1.7368825790573885e-05,0.00019142393052472176
1929,8.758494714111626e-06,1.0794346870020446e-05,8.968844369188614e-06,9.09766962156349e-06,7.893189604629185e-06,7.403282631010988e-06,1.626269118116318e-05,0.00017861735516640342
1930,8.741947483857134e-06,1.0311621435948995e-05,8.231192098877144e-06,1.0773735512638203e-05,8.975302760213924e-06,7.475309780591863e-06,1.819977473960795e-05,0.0004324201669651698
1931,8.717336628227133e-06,1.0563809360618628e-05,8.662824522469236e-06,9.679901559423477e-06,8.547951660236232e-06,7.120325027067036e-06,1.736472395550935e-05,4.0522865255000674e-05
1932,8.706516817180507e-06,1.0727835136508335e-05,8.791297609035341e-06,1.1277289783786213e-05,8.544678007678565e-06,6.787788808949862e-06,1.863054997123233e-05,0.0007324219766460088
1933,8.67342782332732e-06,1.0321939077913814e-05,8.994382055461697e-06,9.554889646902591e-06,8.601009868077426e-06,6.801815489084719e-06,1.6233545482129544e-05,0.0002728197414558546
1934,8.657583780355066e-06,1.0363741461866635e-05,8.90510949316969e-06,8.885862225887507e-06,8.582162315918532e-06,6.804710662331692e-06,1.6806383794926332e-05,9.093349660326229e-06
1935,8.638642979055667e-06,9.776003016836063e-06,8.779958503317002e-06,8.92106591736413e-06,8.603143369088591e-06,7.4208002350829265e-06,1.7927209912064066e-05,0.00021467087709664258
1936,8.633628195629858e-06,1.036514127933544e-05,8.89367256590956e-06,9.38552196100852e-06,8.545378432717951e-06,6.75563901019385e-06,1.650249510287778e-05,0.00014856383307546917
1937,8.622800767484005e-06,9.862355603072514e-06,8.081665747962022e-06,9.268944137292076e-06,9.28923857271178e-06,7.283229916638453e-06,1.8891996741073097e-05,6.759747902171472e-05
1938,8.58483640872541e-06,1.0323021869860794e-05,9.088668887906799e-06,1.0633813543691486e-05,7.878058676184235e-06,7.074771766592818e-06,1.7924153636455557e-05,5.899505610700985e-06
1939,8.557379399192286e-06,1.0282493829377914e-05,9.445404975985462e-06,8.134589259411963e-06,7.80538430443431e-06,6.721329462599987e-06,1.4516631515779093e-05,0.0005752935492664204
1940,8.541202756327238e-06,1.023748767603432e-05,8.689435233841407e-06,8.763927423918368e-06,8.387321277451006e-06,6.875614416842518e-06,1.5912718505190145e-05,0.00015004056658196547
1941,8.512606042819901e-06,1.0104074337273884e-05,8.710777461664239e-06,1.0590670336010936e-05,8.348878417088587e-06,6.911657630840863e-06,1.718739822271935e-05,0.0002793590112889594
1942,8.487755730276942e-06,1.0256472071060891e-05,8.496611331044863e-06,1.0305785826964719e-05,8.114417345268976e-06,7.108412910209344e-06,1.781133559906828e-05,4.674257363868966e-05
1943,8.467504371719456e-06,1.020687152686146e-05,8.13687428314574e-06,9.217629366135023e-06,8.300693524722792e-06,7.250409547324533e-06,1.7632066222753616e-05,0.00012060010472059765
1944,8.452778987628673e-06,1.003934803063435e-05,8.879091349779292e-06,9.367112576426858e-06,8.070954634684097e-06,6.846510094742088e-06,1.6362332829754178e-05,0.0003838832953871424
1945,8.439407049941e-06,1.0313141645563604e-05,8.596309412156597e-06,1.0136339145175636e-05,8.201079121746018e-06,6.671846919230995e-06,1.656179751140247e-05,8.848004713965757e-05
1946,8.426906929357128e-06,1.0400819245721347e-05,8.532545423850174e-06,9.374382521456192e-06,8.429120268228272e-06,6.369855163943164e-06,1.4974795178707217e-05,0.0002045826656569147
1947,8.410965491826247e-06,1.0087400942463534e-05,8.45060543406538e-06,8.755373442731684e-06,8.501091640036062e-06,6.629429582676644e-06,1.7082196204369043e-05,0.00016308384778092409
1948,8.391066337303575e-06,9.497467010504093e-06,8.642149174291209e-06,9.277660167407188e-06,8.349988191513477e-06,7.09926823531615e-06,1.7245451271598904e-05,0.0003072075996756166
1949,8.34856985620127e-06,9.781705730019396e-06,8.800394028292115e-06,1.0363303819015889e-05,7.933731904971156e-06,6.902930368895579e-06,1.746720919711338e-05,5.334517314191461e-05
1950,8.341901060265356e-06,1.0100303712726053e-05,8.703699873558207e-06,8.867566861084716e-06,8.117741943761071e-06,6.470321729619768e-06,1.6116686800950502e-05,2.3934436150212902e-05
1951,8.298509258538982e-06,9.314318014898699e-06,8.415186915071908e-06,1.010487972093664e-05,8.456351781185684e-06,7.032516080012555e-06,1.7723101431921266e-05,0.00036665387777657917
1952,8.293158429255051e-06,9.772388298435713e-06,8.493397601518766e-06,9.148672754953972e-06,8.134879725494177e-06,6.796288185027776e-06,1.7461012053544728e-05,3.6861282733228605e-05
1953,8.28737548413446e-06,1.0078263046880934e-05,8.752495016514082e-06,9.295621319976881e-06,7.818164909396865e-06,6.524882136475987e-06,1.600129812111117e-05,0.00028021053826195034
1954,8.271760496091954e-06,9.885620017460272e-06,8.206974458534676e-06,1.0491823867331212e-05,8.043938847382113e-06,6.974765993230157e-06,1.797728418701645e-05,5.924347247808706e-05
1955,8.245145139071202e-06,9.96689404886319e-06,9.056368634359865e-06,9.295309144467917e-06,7.807746492188693e-06,6.173750760151633e-06,1.5753699821799512e-05,0.00020845785490364364
1956,8.234895886562777e-06,9.973892240928133e-06,8.854013637716968e-06,8.735048335491475e-06,8.26902998646029e-06,5.866796974115303e-06,1.5819386492160272e-05,9.052689838772029e-05
1957,8.219128636558386e-06,9.098266943365678e-06,8.580359647578733e-06,9.038435018251899e-06,8.23497126837643e-06,6.987019712688513e-06,1.8640060856862004e-05,6.188507106784861e-05
1958,8.164095118726338e-06,9.675386514647285e-06,8.215302218794575e-06,9.323897880429633e-06,8.498246065295458e-06,6.291387328919219e-06,1.7727804898880065e-05,8.562775107892557e-05
1959,8.139483101282429e-06,1.0488148748653518e-05,8.490290081731693e-06,1.0096629101682658e-05,7.498247804073039e-06,6.10511517063504e-06,1.5521849701672622e-05,0.0002741679298538061
1960,8.131675151613995e-06,9.829707331650385e-06,7.844662744693733e-06,9.41867309887577e-06,8.156444379811502e-06,6.719732663405898e-06,1.7468260808522622e-05,0.0002620215886005517
1961,8.1095057605369e-06,9.635160518395056e-06,8.26236554942668e-06,1.0043920798400193e-05,8.315033286658875e-06,6.2492451993050475e-06,1.6785754953267137e-05,0.00028630328412554813
1962,8.095073747621343e-06,1.0215181509261737e-05,8.118220727065134e-06,1.0249290064264947e-05,8.003035918368875e-06,6.067596022334206e-06,1.6479015470494124e-05,0.00012197568001290144
1963,8.070863782664579e-06,9.88710864949241e-06,7.739736851447649e-06,9.82692325732579e-06,7.9276951948696e-06,6.7525827454171205e-06,1.6379069334628832e-05,0.0001847779590025975
1964,8.046670038196744e-06,9.489559195000933e-06,8.687999343929274e-06,9.575962939572866e-06,7.740113227078492e-06,6.292605646915835e-06,1.6615824485393386e-05,0.0009635027730600325
1965,8.029655364066305e-06,9.867532423854973e-06,7.963955687985556e-06,9.35197907503129e-06,8.102301147476632e-06,6.208379596870764e-06,1.6524255709675527e-05,0.00011627262164349493
1966,8.02530975920474e-06,9.452094073742806e-06,8.36891039011225e-06,1.0628063003241671e-05,7.698557400539841e-06,6.605211790489702e-06,1.7213883739735836e-05,0.000324416781520403
1967,8.010457489226872e-06,9.226064162763016e-06,8.011051184797742e-06,9.276002850029822e-06,8.110326107128699e-06,6.717879557727731e-06,1.7598788402448784e-05,0.00016687311560282178
1968,7.994193344815957e-06,9.675790950652354e-06,8.368081588546806e-06,9.729172813240758e-06,7.646494352065032e-06,6.309849861843756e-06,1.657596055060948e-05,0.0001149725306345178
1969,7.963115733170438e-06,9.327125445405456e-06,8.195719162982624e-06,9.905609770956226e-06,7.953790216488415e-06,6.399180278218043e-06,1.5780885819644956e-05,0.00041375199145362565
1970,7.956941479902736e-06,9.217759125079261e-06,7.925226386657504e-06,8.358727026760587e-06,8.458400447870194e-06,6.249714135595774e-06,1.727703581854969e-05,0.0006363264964557456
1971,7.904320763130767e-06,9.625656421203287e-06,7.927873609009793e-06,9.008903802406956e-06,7.745349583256434e-06,6.3415833002588045e-06,1.5396518648562045e-05,8.760664744908869e-05
1972,7.892657395387806e-06,9.161049182978268e-06,8.22765655560114e-06,9.544957267823534e-06,7.893201357280397e-06,6.311868169072718e-06,1.5781985573768915e-05,0.0010934555090224374
1973,7.875492583674157e-06,9.37557955263754e-06,8.356496403652785e-06,9.205774141224836e-06,8.233256392408898e-06,5.559733257499886e-06,1.631052985647516e-05,0.0001288288408460681
1974,7.8584964619724e-06,9.092448361701116e-06,8.019433541418573e-06,8.913428946054607e-06,8.257836580157913e-06,6.087312885453734e-06,1.7280831482016283e-05,0.00012542989512637396
1975,7.844658010731133e-06,9.44345422541583e-06,7.5719927160005945e-06,9.569065460660932e-06,7.885352513410946e-06,6.500837468762988e-06,1.7122483534698473e-05,0.0004574876418250249
1976,7.823916597422662e-06,1.0252232996990755e-05,7.657991959742052e-06,9.890138756763766e-06,7.39041010281205e-06,6.017975352883134e-06,1.5997464553192297e-05,0.000108968236486528
1977,7.81622469321311e-06,9.09664578482287e-06,8.39186063122747e-06,9.235960759967923e-06,7.778158159883818e-06,6.0211557012964964e-06,1.5870469036232548e-05,0.00019857763915280294
1978,7.786909463841633e-06,9.215302322774097e-06,8.028482515598383e-06,9.067766431254828e-06,7.886103690941965e-06,6.040584830009037e-06,1.558027487692953e-05,0.0002879282164751955
1979,7.770481408921416e-06,9.189501299332614e-06,7.572164572164546e-06,8.73821612341219e-06,8.068211644087453e-06,6.274835446171561e-06,1.7691015948286732e-05,0.000453289792816055
1980,7.747823854198687e-06,9.159262615004485e-06,7.975839318550657e-06,9.126155415440054e-06,7.554341414809709e-06,6.3245729503070875e-06,1.65639801441236e-05,0.0001025757279309301
1981,7.727926679331302e-06,8.685678460936275e-06,7.470354537713111e-06,8.998863079936712e-06,8.370754818185995e-06,6.407581432317169e-06,1.750797964795417e-05,0.00014523180166721355
1982,7.709795934119034e-06,9.109985362787814e-06,7.67524434189421e-06,9.788382059965081e-06,7.623282516253563e-06,6.4532809678079235e-06,1.7303777506592478e-05,0.0002888523349896167
1983,7.68675390901369e-06,8.798063696539186e-06,7.855445489150718e-06,9.231184874446615e-06,8.093911647321978e-06,6.02213657408128e-06,1.7042635632211058e-05,5.224231874865981e-05
1984,7.675336211775434e-06,9.444707930476637e-06,7.948034645617896e-06,9.813885419735168e-06,7.399452104598372e-06,5.9316584519229555e-06,1.5793043632080905e-05,8.679647779461357e-05
1985,7.63613203769465e-06,9.179984776881899e-06,7.795745674457362e-06,9.289975708031872e-06,7.486670548622815e-06,6.104520470038037e-06,1.5271868073928898e-05,0.000347440128709686
1986,7.603950075938679e-06,8.86460555497822e-06,7.795610917045e-06,9.806242399546284e-06,7.395380060800515e-06,6.382502677395915e-06,1.7041742956167926e-05,0.00010286640246623556
1987,7.601910286177384e-06,9.009591087815432e-06,7.837810295413581e-06,9.536879565971882e-06,7.452679442082572e-06,6.129853323415039e-06,1.6695822412833745e-05,0.0002877444019578764
1988,7.58766974185287e-06,8.92308026841402e-06,7.5340738672380245e-06,1.044138083829037e-05,7.819385914011595e-06,6.09639009104942e-06,1.675547872026732e-05,5.738260630424008e-05
1989,7.571598032916076e-06,9.601699901725221e-06,7.679575313351297e-06,1.0140203312257617e-05,7.1417171497073615e-06,5.885603839541509e-06,1.6303322893490126e-05,0.00023509963081455126
1990,7.547284167928964e-06,8.385939384478144e-06,7.971894594718311e-06,9.686050566867586e-06,7.57796160164927e-06,6.275473867693189e-06,1.7050138651095218e-05,0.00011900575373174079
1991,7.525798593039704e-06,8.632071807037351e-06,7.1443299204138294e-06,8.588752618086945e-06,7.901824409016068e-06,6.447037861438316e-06,1.7370476211296513e-05,8.849468993122101e-05
1992,7.51539830452113e-06,8.960437911449587e-06,7.283114602776254e-06,8.841243035639252e-06,7.576484729530148e-06,6.2635952736806144e-06,1.639275451377234e-05,0.00024470300819001256
1993,7.494253434501024e-06,8.910273814843494e-06,7.943495625947476e-06,8.894034518709619e-06,7.243843343352726e-06,5.901378243331457e-06,1.564756944734189e-05,4.494548505104868e-05
1994,7.467333409626763e-06,9.322754773057407e-06,7.5111609056269045e-06,9.345262917158908e-06,7.0214250126315434e-06,6.035891254953759e-06,1.579571939421117e-05,0.00010731725906594489
1995,7.44929681447895e-06,9.149549737881478e-06,7.77914304981157e-06,8.731028529417632e-06,7.055505338193141e-06,5.834834541343064e-06,1.5002276708141367e-05,6.763214383627078e-05
1996,7.4272658331973714e-06,9.43117260719648e-06,7.374962950909132e-06,9.015301470502002e-06,6.964718188463227e-06,5.959990463188471e-06,1.5212721639742276e-05,2.0082496617824174e-05
1997,7.4165797915252895e-06,8.761814983161242e-06,7.363106297745549e-06,9.770219781941474e-06,7.616759926190726e-06,5.9463874935736325e-06,1.649712333153236e-05,6.25693473927848e-05
1998,7.395818957405281e-06,8.46605656393355e-06,7.5205716928472335e-06,8.982527714927378e-06,7.869207235839422e-06,5.7491289845142064e-06,1.656505452556611e-05,3.596546967954955e-05
1999,7.387032674644343e-06,8.848978293542737e-06,7.261631546056134e-06,9.922471429370245e-06,7.196728547543553e-06,6.262455170142439e-06,1.6846892684644335e-05,5.8592938947883987e-05
2000,7.3666787952292075e-06,8.405741554215894e-06,7.259693521462852e-06,9.392828963895465e-06,7.459983055037347e-06,6.362900186990466e-06,1.7066182943883728e-05,0.00012346680221628122
2001,7.33726658145708e-06,8.57640332023567e-06,7.393304687730124e-06,8.535382826263537e-06,7.213883029619124e-06,6.18699220145994e-06,1.6065172103936096e-05,0.0002606247518138499
2002,7.316017636778401e-06,8.55471953442102e-06,7.066792585908363e-06,9.250793281591018e-06,7.552956964685187e-06,6.111056024543405e-06,1.719668148457954e-05,0.0004947854191944592
2003,7.293795088427803e-06,9.152974485533005e-06,6.706600436780109e-06,9.29892805120714e-06,7.464478275635563e-06,5.872516504352756e-06,1.7064656650825513e-05,0.00016478340965185055
2004,7.275560979833949e-06,8.744812572194877e-06,7.363499076667872e-06,9.385166350558781e-06,7.336218691386656e-06,5.679049495186123e-06,1.58069111196743e-05,5.925479204254931e-05
2005,7.269422483295631e-06,8.816577761197229e-06,7.177178875801705e-06,8.743358932223232e-06,7.139527269236948e-06,5.965723946705778e-06,1.634683264000444e-05,0.00020724702253913956
2006,7.2628517447594555e-06,8.575721180439758e-06,7.536361874512917e-06,8.999078604767941e-06,7.336709448965402e-06,5.62391320238345e-06,1.55506267410488e-05,0.00019158649823381121
2007,7.2261815671861974e-06,8.252628443531438e-06,6.876620991089412e-06,9.605556777922893e-06,7.875543608247938e-06,5.921124424671884e-06,1.6952633229793382e-05,0.0007008811903474943
2008,7.2181715804098085e-06,8.573497724749395e-06,7.438691810852781e-06,9.67813071802943e-06,7.164533893612009e-06,5.717130560641169e-06,1.5447855464045308e-05,0.000149978656757091
2009,7.206856917147051e-06,8.500383724173186e-06,7.185175957580799e-06,1.0030885377760363e-05,7.236174690614474e-06,5.926827894161773e-06,1.6592167669461946e-05,5.974838343272705e-05
2010,7.180257380652627e-06,8.381554458084866e-06,7.2291314073328755e-06,9.300335228958849e-06,7.195442113388148e-06,5.935958101049796e-06,1.62790707108408e-05,0.0004972911085511013
2011,7.154730288069723e-06,8.584710804962427e-06,7.05256528572525e-06,8.526233256207981e-06,7.1591180951408056e-06,5.843508594244681e-06,1.588969194374397e-05,0.0002819081216306233
2012,7.143802977296658e-06,8.290828464768132e-06,7.390175647994986e-06,8.422883966802033e-06,7.031034015522671e-06,5.8841233535753095e-06,1.5240213799978679e-05,0.00016112511630516962
2013,7.13304107196229e-06,7.832343298728035e-06,7.139635239033172e-06,9.069845514160451e-06,7.734830601637378e-06,5.8462731579684206e-06,1.6689266455665748e-05,0.0001896093450083155
2014,7.1139382311195876e-06,8.768280884125712e-06,7.4101879657401705e-06,8.613046456120057e-06,6.820864068543304e-06,5.47728195796388e-06,1.4999021347767427e-05,6.65813907497816e-05
2015,7.099276789006692e-06,8.39786373024942e-06,7.12591858440621e-06,8.885915598311285e-06,7.1261997027636684e-06,5.767944177579521e-06,1.5706320453013715e-05,0.0003434619572277759
2016,7.07755113286096e-06,8.054048069998499e-06,7.237616922316881e-06,9.061999146200526e-06,7.2665619567766476e-06,5.772732842065387e-06,1.669331437758381e-05,4.638499038805139e-05
2017,7.0646578212239924e-06,8.607509688429289e-06,7.35702886656425e-06,8.961332215585255e-06,6.826809308280755e-06,5.4880008327604715e-06,1.5203657411261944e-05,0.0001402821820636289
2018,7.0481317752326165e-06,8.758814330579558e-06,6.64931698372701e-06,9.750242815268572e-06,7.0504617027248974e-06,5.7546031533849534e-06,1.561833590607692e-05,0.00018071077133157852
2019,7.01701972932811e-06,8.637355243824375e-06,7.4907096784568725e-06,9.544202779088895e-06,6.499300178015669e-06,5.461291583296294e-06,1.4061774111086128e-05,0.0001409073581534462
2020,7.006037152890656e-06,8.17440163689085e-06,6.979154794901466e-06,8.330327835664943e-06,7.036296775181472e-06,5.854840983991046e-06,1.4948458115201945e-05,1.1108665395410228e-05
2021,6.985503901626453e-06,8.646608271054104e-06,7.4315904897700095e-06,8.828909096199796e-06,6.632857274400649e-06,5.251444928718662e-06,1.3769768969381304e-05,8.044980246145879e-05
2022,6.965192086533844e-06,8.23048592383485e-06,7.009215299468809e-06,8.982168977472671e-06,7.006476788789541e-06,5.6350160913144155e-06,1.4771780514481556e-05,0.00045511918344771
2023,6.951678774672353e-06,8.159130624997843e-06,6.995000398457572e-06,9.080250094195153e-06,6.873678777670056e-06,5.799291435054265e-06,1.4836209568496457e-05,0.0002888041755009969
2024,6.94832875575138e-06,8.349286878349861e-06,6.987616338223728e-06,8.666005139686389e-06,6.735690717282007e-06,5.741097380163525e-06,1.5019039866791571e-05,0.00021287955548730445
2025,6.93379181375964e-06,8.057836763657354e-06,6.9519356176426695e-06,8.934310452195097e-06,7.247906684316945e-06,5.4978218645431554e-06,1.5153370315426375e-05,0.00025194271804517134
2026,6.919972672297937e-06,8.250979488734896e-06,6.848372683187568e-06,8.607849810103393e-06,7.3126770723132626e-06,5.288154641015019e-06,1.509089241399386e-05,0.0003402699614353687
2027,6.903732791640483e-06,7.884312128581773e-06,6.769464667072095e-06,9.20045749680946e-06,6.9963191779450624e-06,5.98508071099343e-06,1.609210636677033e-05,0.00036971024423423075
2028,6.882938784614424e-06,8.345453108466594e-06,6.437345247680034e-06,9.45407265407749e-06,6.954405050376119e-06,5.8147363685230405e-06,1.573028878123466e-05,0.0004856002770451508
2029,6.871211313659845e-06,8.434603631894321e-06,6.190503417164971e-06,8.388846764468681e-06,6.982769415568732e-06,5.897118969965393e-06,1.6181431791434537e-05,0.00012300317564182867
2030,6.84265562998168e-06,8.28956248420881e-06,6.430721037771381e-06,9.11846085533422e-06,7.005572130782453e-06,5.664833379612213e-06,1.581242744749863e-05,0.0005081773832485057
2031,6.840662617941019e-06,8.100447999426544e-06,6.80153021592499e-06,9.233010975107556e-06,6.994390675870214e-06,5.486342163815349e-06,1.570563406529786e-05,3.642035383296972e-05
2032,6.78953856152996e-06,8.078364007709443e-06,6.538340184838745e-06,9.821275197782783e-06,6.7940526951828845e-06,5.767307956930102e-06,1.600256639979552e-05,0.000250077808050451
2033,6.780210797734139e-06,8.092981777873578e-06,7.027032252935217e-06,8.248940723335187e-06,6.610163394671248e-06,5.41054913111794e-06,1.4476494349182097e-05,6.495271964671066e-08
2034,6.767270160849444e-06,8.150503985041873e-06,6.373400716629818e-06,8.495026735297628e-06,6.682335046284615e-06,5.882686211218831e-06,1.5334255075857798e-05,0.00010243037236080677
2035,6.758240275334869e-06,8.036796116806683e-06,6.392495526865324e-06,8.791429301792846e-06,6.9328507098294544e-06,5.690637633488573e-06,1.6389655302993054e-05,0.0002312845983972985
2036,6.738053070345554e-06,7.548801841677579e-06,6.628730151423094e-06,8.770725215631819e-06,7.431585446692613e-06,5.362854502771786e-06,1.651618651169649e-05,0.0002446509968445003
2037,6.722781439349569e-06,7.678652731038545e-06,6.36799409436194e-06,9.262566432309235e-06,7.247471589855942e-06,5.61672222875448e-06,1.60641763041267e-05,3.5294873378018864e-05
2038,6.698597504406106e-06,7.985138953813051e-06,6.178748719753791e-06,8.33075812750518e-06,6.858877534207471e-06,5.791268863287883e-06,1.743716452220174e-05,0.00024764834270238865
2039,6.691042384097822e-06,8.543194754307575e-06,6.445769790846726e-06,9.375117862665072e-06,6.471908539976613e-06,5.322918218082227e-06,1.4538589246765683e-05,4.1027714971002736e-05
2040,6.655647135807359e-06,7.768526270830838e-06,6.759141716863561e-06,8.92048854127169e-06,6.400242137494784e-06,5.7141964323880165e-06,1.4893111248414873e-05,0.00024568573661942577
2041,6.644257842362355e-06,7.770243164275543e-06,6.270574492924696e-06,9.300139261756644e-06,6.932126226792784e-06,5.623572107864593e-06,1.5772743361890795e-05,0.0002547981662722343
2042,6.624543765862502e-06,7.50204012184344e-06,6.671279033687707e-06,9.501076755279559e-06,6.621471872988881e-06,5.722810824840371e-06,1.5842352619130518e-05,5.7661619402320784e-05
2043,6.6050467562804925e-06,7.282362681382826e-06,6.66523877097521e-06,8.57603395314477e-06,6.607620233326367e-06,5.884334941423309e-06,1.604635235512451e-05,0.0002912094825496974
2044,6.597211998677529e-06,7.748314927182244e-06,6.404493806892107e-06,8.343452154462576e-06,6.684089907708348e-06,5.571296054701729e-06,1.52168154928188e-05,1.217791440615295e-05
2045,6.588765437686267e-06,7.43263989662246e-06,6.512433391367293e-06,8.620813501237084e-06,6.992709052400353e-06,5.436601277208145e-06,1.573487661964406e-05,9.666390418988036e-06
2046,6.570519080157649e-06,7.873239459556044e-06,6.827849951034149e-06,9.010472526519032e-06,6.501895903513418e-06,5.098359351855038e-06,1.3849613752029567e-05,0.0001609336042604629
2047,6.551426357689376e-06,7.789211609234099e-06,6.1118593071552355e-06,8.74683678783543e-06,6.901153587428114e-06,5.422693351321077e-06,1.490533277051571e-05,0.00012918871413073742
2048,6.521250529090987e-06,7.714973219215463e-06,6.700564605845901e-06,9.516020613023854e-06,6.409573625670503e-06,5.279014546763302e-06,1.4227172785535479e-05,0.00022186746769402646
2049,6.510102196024412e-06,7.370298291373637e-06,6.315780044886244e-06,9.56360518272733e-06,6.8890763506854205e-06,5.484345292264191e-06,1.5044068621346415e-05,6.1762157936158025e-06
2050,6.496650336458766e-06,7.549592271222071e-06,6.325302041927435e-06,8.80796449789127e-06,6.873128443227601e-06,5.25763037311568e-06,1.5314281887662148e-05,0.0003685618416113296
2051,6.485850562821789e-06,7.975989143920003e-06,6.285920088213352e-06,8.6827268580238e-06,6.8924396770637385e-06,4.8080734131148185e-06,1.552776531551068e-05,0.0003195812826192574
2052,6.480295599078944e-06,7.731547869046521e-06,6.306203964256796e-06,8.284798487796764e-06,6.412677065448639e-06,5.489757295489616e-06,1.5209182564421454e-05,0.0001268308692754196
2053,6.450717834552366e-06,7.4088341685079245e-06,6.6083560265097305e-06,8.187417729820766e-06,6.456947600883825e-06,5.347650571356978e-06,1.4649109126892106e-05,4.396293730127143e-05
2054,6.4342856386849246e-06,7.209918284456522e-06,6.231691811886334e-06,8.38995694844587e-06,6.710116531495334e-06,5.604284745290967e-06,1.5374377782217597e-05,4.090754263547851e-05
2055,6.4169315990287105e-06,7.536937999111667e-06,6.121872562624874e-06,8.07796908456735e-06,6.479421432474629e-06,5.548312406849113e-06,1.499877008225068e-05,0.00022593079907959627
2056,6.412474937494104e-06,7.271667291878181e-06,6.390133229581815e-06,9.21042341665808e-06,6.741513043825356e-06,5.265391131021016e-06,1.5666047384651472e-05,0.00022418798096446405
2057,6.386679715569363e-06,7.981387121098272e-06,6.120702537385188e-06,8.595826127809451e-06,6.267066956351013e-06,5.1962914719039025e-06,1.4190444948317308e-05,7.518319035499106e-05
2058,6.3658486751436955e-06,7.561133865512707e-06,6.2385281192004255e-06,8.964758500404508e-06,6.531284230851845e-06,5.151116697790708e-06,1.475557961701964e-05,0.00013431427898083378
2059,6.346763726866914e-06,7.366646883245816e-06,6.7519594336391774e-06,8.058362124249725e-06,6.198164955041542e-06,5.088895792251504e-06,1.4169555209985664e-05,0.0003023402775394885
2060,6.323958129645708e-06,7.235787166810724e-06,6.277344618933725e-06,9.139246191482763e-06,6.802111922579851e-06,4.9991341013823135e-06,1.5677601933649886e-05,0.00022989029538620943
2061,6.308850788539188e-06,7.5956022496047194e-06,6.393137990596454e-06,8.182975582806696e-06,6.318352587630108e-06,4.946811356590932e-06,1.4264251891282929e-05,0.00013146270328495642
2062,6.300390348155973e-06,7.4185264196879725e-06,6.197568585708619e-06,9.4920439994124e-06,6.3796620867222565e-06,5.2242805667863355e-06,1.594210002351333e-05,5.830343630210978e-06
2063,6.291663454011492e-06,7.420414909910398e-06,6.070158423838461e-06,8.797016863099388e-06,6.8317237900373206e-06,4.862807370701396e-06,1.507846292430905e-05,5.207507933083841e-05
2064,6.279888169871934e-06,7.344417455519113e-06,6.506147274079087e-06,7.491434240915806e-06,6.310725213118323e-06,4.9766788490705155e-06,1.3511659438565374e-05,0.0003097231139125121
2065,6.258626496938102e-06,7.5859978601197986e-06,5.8898711784343945e-06,8.470997446620775e-06,6.39930264953597e-06,5.177688023220762e-06,1.4241584785510107e-05,0.0001194185753681757
2066,6.246875230659019e-06,7.339711758551669e-06,6.114396138231075e-06,8.287966089144061e-06,6.454701280090486e-06,5.097011036804794e-06,1.488678803011045e-05,3.091265593157482e-05
2067,6.226571650136163e-06,7.2989538053062125e-06,5.7538094674629065e-06,8.114974765953361e-06,6.384942561516516e-06,5.486840519467513e-06,1.618373232311811e-05,8.16039396950838e-07
2068,6.224208334243665e-06,7.638820970639837e-06,6.268980265710297e-06,9.62547471472762e-06,5.853724522433194e-06,5.1535603874320695e-06,1.51921940040119e-05,4.225328345709554e-05
2069,6.191194391516516e-06,7.186619415753957e-06,6.064176499255349e-06,8.405804754352999e-06,6.474365661968852e-06,5.057771986426739e-06,1.4299186171077567e-05,0.00015211226162918474
2070,6.182385570366403e-06,7.199543692086284e-06,5.97448801050253e-06,8.728984378888859e-06,6.568754745916987e-06,5.0048860185258084e-06,1.5546163975417866e-05,0.0003494491533567822
2071,6.167341865361593e-06,7.298660190186375e-06,6.651859049436453e-06,8.757394986960541e-06,6.120296768422791e-06,4.616637533963507e-06,1.3500890349898576e-05,0.00023346598695018334
2072,6.140308787394718e-06,7.219794647979833e-06,6.0061433554965305e-06,9.287739323189425e-06,6.2506249371188625e-06,5.1026789982941065e-06,1.4639670310624953e-05,0.00016120696539161515
2073,6.1315285018963544e-06,6.851075005432479e-06,5.989313484287654e-06,8.849891591966534e-06,6.98226660529385e-06,4.721439969244705e-06,1.5603841504772914e-05,5.354241289224042e-05
2074,6.119340248631382e-06,7.343598034294852e-06,6.200856853798184e-06,8.277035705645057e-06,6.060935012024227e-06,4.889916358814679e-06,1.4609691268209178e-05,0.00012531046108884883
2075,6.098069176593857e-06,6.933028935600173e-06,6.524566538075301e-06,8.417615700473537e-06,6.3956408100034345e-06,4.5569233046433454e-06,1.4771224393774674e-05,0.0001929420198523888
2076,6.0722225089031675e-06,7.009474347397899e-06,5.915998418208167e-06,7.970471257204165e-06,6.433449349920221e-06,4.947775010690475e-06,1.4395666593143822e-05,4.323710021448052e-05
2077,6.057589983683449e-06,7.164632876420215e-06,5.970322365786556e-06,9.185598704418644e-06,6.012345654439716e-06,5.1008232134410456e-06,1.4286093416949488e-05,0.00022549848759435942
2078,6.037937158742291e-06,6.7869625117669405e-06,5.80975932396438e-06,8.59934977885937e-06,6.322053991438219e-06,5.250679378935665e-06,1.5616867742807335e-05,0.00017682264371651215
2079,6.017090624516428e-06,6.962856173270935e-06,5.498568856446763e-06,9.836771036455693e-06,6.323255113879819e-06,5.301327785154484e-06,1.517044506661239e-05,0.00013531691477286216
2080,5.997738681176695e-06,6.927928674299551e-06,5.958513347930153e-06,8.437096956782376e-06,5.920167596588896e-06,5.201933775177037e-06,1.4868746242119245e-05,0.0002434976036423408
2081,5.988833463832866e-06,7.351563654421022e-06,5.6944574272266865e-06,9.80090989323737e-06,5.711435860320377e-06,5.215439455466779e-06,1.4005768798818336e-05,0.00043599118212113495
2082,5.976286111828453e-06,7.453319775791246e-06,5.911019782959076e-06,8.450719400490485e-06,5.6772209408861165e-06,4.881109738064496e-06,1.3832248738050497e-05,2.0322137405656416e-05
2083,5.954766448119729e-06,7.477416021638842e-06,5.951514680826343e-06,8.924054798329751e-06,5.725951842313095e-06,4.681645900866718e-06,1.3126402981971998e-05,7.83977206577398e-06
2084,5.949188065879424e-06,6.836419933867511e-06,6.201990000334658e-06,8.215029743882821e-06,6.138166161071068e-06,4.637622383280868e-06,1.4265509683398286e-05,9.801560186253713e-05
2085,5.944755208738584e-06,7.112020686776869e-06,5.491406387788212e-06,8.416057393698052e-06,5.967411387987772e-06,5.2256156626707915e-06,1.447333925250153e-05,0.0002234385891951167
2086,5.92990325209681e-06,6.738107670589652e-06,5.770160777108044e-06,8.142749663167634e-06,6.2411324877372355e-06,4.987601776705464e-06,1.4686231856839837e-05,4.771738300504972e-05
2087,5.907337218119143e-06,6.685383662102871e-06,5.617289913284221e-06,8.041034779933368e-06,6.033093577056084e-06,5.310905283762179e-06,1.5072879566952422e-05,0.00014212204016423737
2088,5.898007976929358e-06,6.447409918406185e-06,5.547830979296623e-06,8.575934716350427e-06,6.534739576672742e-06,5.07934761212861e-06,1.5733650962678946e-05,3.115313930034626e-05
2089,5.8884769795698745e-06,6.875839577190988e-06,5.893519490456932e-06,8.401658876282534e-06,5.9562882221051844e-06,4.8455289129950124e-06,1.4007719762441659e-05,0.0002607388736311145
2090,5.876845679853113e-06,6.885995079941998e-06,5.734398457850402e-06,8.3447822249399e-06,5.9516151794571225e-06,4.952608199548524e-06,1.4456044342772454e-05,5.338652578637497e-05
2091,5.856653830847337e-06,6.62981567873905e-06,5.738627503720512e-06,8.457220234068096e-06,6.08741800889568e-06,4.98792907718126e-06,1.3936227850749764e-05,5.7111089891918964e-05
2092,5.836532220686445e-06,6.729287015833651e-06,5.589479407157234e-06,8.498603981416403e-06,5.933180102152528e-06,5.111298293692561e-06,1.4823443972165631e-05,0.0005549243269790258
2093,5.8055750618571525e-06,6.521244779984364e-06,5.9324626231973206e-06,8.082881776873115e-06,5.781987877747348e-06,5.003630075535456e-06,1.4037904395595334e-05,6.461582491727341e-06
2094,5.789581333740649e-06,7.215800963390932e-06,5.806316755421437e-06,8.808624396424988e-06,5.679737723029395e-06,4.47344815623727e-06,1.3283295963811469e-05,0.00010394405134473717
2095,5.767174515974522e-06,6.585250059750789e-06,5.187599365973888e-06,9.015253710764646e-06,6.257135498121893e-06,5.055625682954971e-06,1.5588678922386572e-05,0.00022403067550600195
2096,5.758328737782268e-06,7.310035910896192e-06,5.726024084474343e-06,8.554665040864045e-06,5.822568170681064e-06,4.191573347503224e-06,1.3343944221906245e-05,7.68722177586416e-05
2097,5.750575292180144e-06,6.538301389102033e-06,5.667288259088824e-06,8.432486967056355e-06,6.0241720014978735e-06,4.789403388261455e-06,1.4919356424415668e-05,0.00043053933949063603
2098,5.737192819112691e-06,6.931521195148759e-06,5.469733036746708e-06,8.532971310660897e-06,5.848725930630466e-06,4.715615730194612e-06,1.3807983654167339e-05,0.000288436076562532
2099,5.723051446291353e-06,7.015420281502806e-06,5.695495320314348e-06,8.382612849428732e-06,5.272004265851638e-06,4.9260690449826345e-06,1.3770432073025135e-05,0.0001589174625733792
2100,5.70381842272527e-06,6.437960006792061e-06,5.451261993652741e-06,8.217019269222654e-06,6.175870758603648e-06,4.766907720734889e-06,1.4326965229101266e-05,7.666907822293249e-05
2101,5.693297862177448e-06,6.62896208676973e-06,5.1864079159261645e-06,9.184382784711818e-06,6.018244153897991e-06,4.9562731759821145e-06,1.4528333286684874e-05,0.0004075705433193277
2102,5.689894253175165e-06,7.028949498779358e-06,5.033540205126573e-06,9.201596621654877e-06,6.05772835331868e-06,4.65604486272482e-06,1.448801386977073e-05,0.00010668824005861131
2103,5.6749800398449975e-06,6.406781405764381e-06,5.5218013064500876e-06,7.526391456060747e-06,5.980254320687323e-06,4.807725345214266e-06,1.3780036070747487e-05,4.859210297874975e-06
2104,5.664333900004101e-06,6.6994372441174875e-06,5.490567922849417e-06,8.726747251290736e-06,5.856875408250946e-06,4.6270659364367186e-06,1.3933230372752564e-05,6.174345063092457e-05
2105,5.6487832881199775e-06,6.516515133117605e-06,5.596437709253103e-06,8.541037089291463e-06,5.894455240091397e-06,4.604290446413455e-06,1.3861664325525656e-05,0.00013245226206814358
2106,5.625645025502962e-06,6.616228922510587e-06,5.553019636062655e-06,7.1928375303628185e-06,5.503178123145816e-06,4.846650936574574e-06,1.3670413032827778e-05,1.2863538433936458e-05
2107,5.600662649157026e-06,6.8818969429932014e-06,5.422665286162156e-06,8.912024113774251e-06,5.541476813759397e-06,4.573035778807014e-06,1.3973635702493819e-05,4.432106323488959e-05
2108,5.59928234984273e-06,6.615314891641096e-06,5.674899562825574e-06,7.880265025222802e-06,5.4189337916279896e-06,4.704401410300196e-06,1.3523710362978624e-05,2.7328847253671894e-05
2109,5.5836735429890765e-06,6.490225964194353e-06,5.284988762311083e-06,9.359980154780516e-06,6.01024586507798e-06,4.565608034029529e-06,1.4495768260164918e-05,0.0005950097862633799
2110,5.5614837812264055e-06,6.502623626239272e-06,5.711670649948985e-06,7.953446886571934e-06,5.426969263654218e-06,4.620980946462001e-06,1.3059250011812771e-05,5.2491367642331186e-05
2111,5.5541273670058206e-06,6.782494118088941e-06,5.393475540796592e-06,8.819425062155607e-06,5.583489391634739e-06,4.473338097422392e-06,1.3421613921141904e-05,0.0003695856371973126
2112,5.542057009431372e-06,6.502795868726372e-06,4.957646738055459e-06,8.483263007389096e-06,5.8487772807099716e-06,4.875260529916617e-06,1.4187009070696939e-05,0.0006021207011013257
2113,5.52170274280252e-06,6.326337488803982e-06,5.429814343943613e-06,8.002236117938902e-06,5.805706868963373e-06,4.541144941550708e-06,1.351223517867422e-05,0.00041843331208160975
2114,5.5000848936323645e-06,6.509656117669677e-06,5.289466989743425e-06,8.446420067444372e-06,5.4591451577815075e-06,4.758200583290372e-06,1.3936214176361838e-05,0.00042024615704626227
2115,5.497696435627308e-06,6.301342868936757e-06,5.389926212098075e-06,8.325490645799033e-06,5.623841310407248e-06,4.691797619751472e-06,1.387539166067287e-05,0.000419463000617474
2116,5.4713699808065395e-06,6.308030138156977e-06,5.3147333618928146e-06,8.365517655870226e-06,5.7066193971796825e-06,4.572142128337581e-06,1.4283650028939743e-05,0.00020694599435101057
2117,5.466337610278665e-06,6.219170375155354e-06,5.128706947892551e-06,7.725310107527434e-06,5.773619241058984e-06,4.759884226892195e-06,1.4632937884795272e-05,9.359232766167748e-05
2118,5.45330395947991e-06,6.560782491589543e-06,4.86045730357777e-06,7.850714416450551e-06,5.898845029841616e-06,4.509123128023971e-06,1.3625636320791446e-05,0.000370967133171836
2119,5.445324902821388e-06,6.212364251074567e-06,5.636797086181332e-06,7.854375357410748e-06,5.457666533100538e-06,4.4904403992786865e-06,1.3471861433314152e-05,1.3032509502140825e-05
2120,5.420034472632704e-06,6.559083516887631e-06,5.304931676703424e-06,8.248004327154615e-06,5.542207511184262e-06,4.289809727322791e-06,1.4301774534550497e-05,5.132162598669943e-06
2121,5.403569300288052e-06,5.864087465872664e-06,5.501258723875742e-06,7.998907651642589e-06,5.7085906245780015e-06,4.5561866544297885e-06,1.3520407848376761e-05,8.235488501095833e-07
2122,5.383819294147903e-06,6.6610446199260175e-06,4.81022898910386e-06,8.341927077815012e-06,5.370489262519788e-06,4.709302641986265e-06,1.3319260006690995e-05,0.00014036776610130503
2123,5.378271847202312e-06,6.086382715928259e-06,4.80799224711555e-06,7.789639840313913e-06,5.933453824770488e-06,4.701030663177125e-06,1.4885327246058065e-05,6.929372354037685e-05
2124,5.36881731102289e-06,6.181638830601405e-06,5.269733658633889e-06,8.296998342818223e-06,5.535738259390889e-06,4.503902809671124e-06,1.4197974545895385e-05,0.00012922571347596398
2125,5.353717391232273e-06,6.530791184409374e-06,5.2331409958827986e-06,8.245689332510086e-06,5.1504860199591795e-06,4.516151411774591e-06,1.3413382309236676e-05,0.0001293107626677675
2126,5.342756985952072e-06,6.367853656255575e-06,5.412766098088617e-06,8.259550651035613e-06,5.244023288766147e-06,4.362052831929364e-06,1.3704393847075407e-05,3.1890197974284964e-05
2127,5.329437396215755e-06,6.01883602976956e-06,5.1860127494245985e-06,8.710662998037602e-06,5.458989726391257e-06,4.669539958159034e-06,1.442592649866092e-05,9.943927477955703e-05
2128,5.311222389903082e-06,6.1029215318107595e-06,5.155496933672317e-06,8.32433721564181e-06,5.382764385104269e-06,4.619282098331213e-06,1.3172972718271704e-05,5.933607184867561e-05
2129,5.3050374483433045e-06,6.0401547675934585e-06,4.849265509253326e-06,8.019442481948523e-06,5.669969098503626e-06,4.676317733778287e-06,1.434228221148702e-05,0.0001237133676027608
2130,5.2865005971786296e-06,6.006676098545689e-06,4.872459867524861e-06,8.682023278412317e-06,5.877859327796246e-06,4.404509998674889e-06,1.4509667368625477e-05,3.3295151948975414e-05
2131,5.259219560629404e-06,5.944486283150224e-06,4.965398218089852e-06,8.430580110094322e-06,5.250230329292408e-06,4.892186315772553e-06,1.3849003412633768e-05,0.00015375919248835845
2132,5.2481399668644565e-06,6.22668277797079e-06,4.946747701334338e-06,8.169878970982776e-06,5.250132700862872e-06,4.58438715861533e-06,1.3614740082338709e-05,0.00019806736640054468
2133,5.237811475666396e-06,6.301831799591665e-06,4.832416999034449e-06,8.105594067648616e-06,5.190560268793144e-06,4.641796972958266e-06,1.4159077132714071e-05,0.00010224872448706527
2134,5.221398015737038e-06,5.6764095485121795e-06,4.72142715021848e-06,8.438539022493813e-06,5.995477498549893e-06,4.507589839697341e-06,1.483155414596096e-05,8.866466209058891e-05
2135,5.213708801637311e-06,6.09969420657673e-06,4.984154348653954e-06,7.686487844741992e-06,5.2121385400831686e-06,4.574137534825048e-06,1.3992486947238258e-05,1.996224930088892e-05
2136,5.199091042915589e-06,6.1208084237618965e-06,4.9116374973500445e-06,8.02341797704157e-06,5.442217590297633e-06,4.336947309142163e-06,1.3581396574050453e-05,0.0001443170911133408
2137,5.170153981820945e-06,6.0618317464930484e-06,4.561543966130101e-06,8.412575703866056e-06,5.426162911568173e-06,4.646239054068355e-06,1.4621667430998494e-05,8.309439350564254e-05
2138,5.167391637228799e-06,6.140434682212944e-06,4.9014620507567305e-06,8.069561414851421e-06,5.624986533959951e-06,4.017836907061221e-06,1.3882038402693277e-05,0.00011281551358937311
2139,5.1666999325839845e-06,5.840246251775433e-06,4.916563855600852e-06,7.952545903910341e-06,5.326827850147664e-06,4.598313384981949e-06,1.3891993703186078e-05,1.2318543377096783e-05
2140,5.14381532265056e-06,5.850544099449235e-06,4.886745268731222e-06,8.063758482358083e-06,5.520374291654554e-06,4.332682114161942e-06,1.3696811347146944e-05,3.228442866058513e-05
2141,5.134531566093316e-06,5.716972807953513e-06,4.749186319372059e-06,8.415877240697587e-06,5.753464742140114e-06,4.333559638889038e-06,1.3756639082920309e-05,5.806172806398093e-05
2142,5.111397793379094e-06,5.66713416151429e-06,4.863994356287051e-06,8.279087017876354e-06,5.4224727022962435e-06,4.506979356987978e-06,1.4132264166209421e-05,0.00016088334787449338
2143,5.095812095962545e-06,5.759051410397162e-06,4.937461027271923e-06,9.119913090247635e-06,5.429536590502417e-06,4.272143093154411e-06,1.3734600470613619e-05,2.895489902175735e-05
2144,5.078686740652136e-06,5.546253059716658e-06,4.842572224493485e-06,8.048757159863985e-06,5.379307393586773e-06,4.5615077660068575e-06,1.3870172313372202e-05,0.0001048954528489044
2145,5.057256026758573e-06,6.240592191025032e-06,4.7976352398710184e-06,8.145713653578064e-06,5.0366248608610015e-06,4.169002502075282e-06,1.2391462792720035e-05,0.0006164363503596147
2146,5.054260566562041e-06,6.063568500327129e-06,4.908489918421536e-06,8.847962763769719e-06,4.841898631604848e-06,4.417907078124612e-06,1.3188907222031902e-05,5.23735587381288e-05
2147,5.045765502236096e-06,6.118432619847442e-06,4.775277544057814e-06,8.516068440858772e-06,5.152824148281222e-06,4.151324663028219e-06,1.2778485289216495e-05,1.1402602892602004e-05
2148,5.030843926192421e-06,5.9974995712549755e-06,4.844723207712644e-06,8.779625449498359e-06,4.992371650262584e-06,4.303534506073933e-06,1.3410757113179996e-05,0.00019949284500713925
2149,5.0165296703353476e-06,6.230121736088043e-06,4.457455519068803e-06,8.027685878414386e-06,5.202502990408789e-06,4.190749622127755e-06,1.3053229660792762e-05,0.00021878367129066158
2150,5.0089985350200324e-06,5.993603352772155e-06,4.890853128011598e-06,7.989693308438525e-06,5.0227655531800854e-06,4.143461191680738e-06,1.2740388796385437e-05,5.2908171991987346e-05
2151,4.997443642460234e-06,5.41453949050361e-06,4.6348356194545795e-06,8.50716301100842e-06,5.49814198992702e-06,4.4569127113162335e-06,1.482157955792644e-05,0.0004005578878670539
2152,4.976395680911078e-06,5.819705827990659e-06,4.129538892283039e-06,7.942853710514802e-06,5.414201261989683e-06,4.556730258302613e-06,1.3989856907529756e-05,0.00023483703606713067
2153,4.968711148662074e-06,5.5566410781520945e-06,4.429170604169081e-06,6.8919946009228705e-06,5.415369788636e-06,4.488234129283297e-06,1.4089923409252295e-05,1.9513190578375978e-05
2154,4.962113463056388e-06,5.726673919122356e-06,4.720124347978259e-06,7.696226466822728e-06,5.3559600190348e-06,4.0602472327572025e-06,1.279499152829806e-05,3.0374754514637927e-05
2155,4.94369575726697e-06,5.5189922043185624e-06,5.0380918683183275e-06,7.51359061578653e-06,5.221722597160699e-06,4.01047399951719e-06,1.2790499756583967e-05,8.066812761927572e-05
2156,4.929258172969978e-06,5.973198751691334e-06,4.390354888148149e-06,8.036654148815501e-06,5.210690249302513e-06,4.15724414928911e-06,1.3328238713761914e-05,3.189034294004505e-05
2157,4.909354569158296e-06,5.612978123035692e-06,4.809114823259025e-06,8.008654397313773e-06,5.237233365459862e-06,3.992488915023602e-06,1.3098802914807529e-05,9.517227711429735e-05
2158,4.8963471149765846e-06,5.743136832529961e-06,4.9732451789269025e-06,8.49108506401102e-06,4.80636992005622e-06,4.0769952685586024e-06,1.1924500015302008e-05,0.00021577139877396507
2159,4.888811384900928e-06,5.541109344629734e-06,4.819088172319677e-06,8.689451239983395e-06,5.030473454853157e-06,4.178911225000799e-06,1.3144660872886824e-05,3.973550820069911e-05
2160,4.869088931495757e-06,5.520516110620393e-06,4.7373877953694525e-06,8.567542734430094e-06,5.161683051792859e-06,4.0710476154880825e-06,1.3012772306987971e-05,0.00026853111596418424
2161,4.864528483371738e-06,5.1315534890318496e-06,4.579794345830214e-06,8.110180719787937e-06,5.243047718334736e-06,4.51798383142647e-06,1.4469981424652951e-05,0.00022149831813719369
2162,4.85412083745475e-06,5.627194130980765e-06,5.021260037558135e-06,7.951261885500359e-06,4.756390536649056e-06,4.025873673582082e-06,1.2358817774391924e-05,9.143527834603388e-05
2163,4.8361843026543994e-06,5.294682659443998e-06,4.3353858986912055e-06,7.881349282328063e-06,5.402716291055587e-06,4.32613476954661e-06,1.3898589904184111e-05,0.00015944159457114193
2164,4.829280152473856e-06,5.594924488504199e-06,4.58087768748929e-06,8.464405176611775e-06,4.912668418054648e-06,4.242812146055517e-06,1.3250301842640162e-05,0.00035529251081552356
2165,4.812212533629243e-06,5.5146349983538436e-06,4.512477649953854e-06,7.749670146490826e-06,5.0229120912193745e-06,4.212937478155475e-06,1.313670399819925e-05,4.002608192229845e-05
2166,4.795468054727957e-06,5.668127100790058e-06,4.6568529337890075e-06,8.074171075096617e-06,4.546222147831844e-06,4.324732988556632e-06,1.2559360147961925e-05,0.00014559794342185238
2167,4.789856643628212e-06,5.665309322953275e-06,4.802497471714303e-06,8.334012495336509e-06,4.718951465202295e-06,3.986714825162673e-06,1.285360952957943e-05,0.00011096537037462698
2168,4.771418990479326e-06,5.55037102877681e-06,4.456959001983769e-06,9.232429327933035e-06,4.906226209684423e-06,4.186112176683728e-06,1.3384676472874352e-05,6.662678898522689e-05
2169,4.745843219786681e-06,5.085904265529003e-06,4.621872964339522e-06,8.13193992501961e-06,5.189072111578545e-06,4.100440967767304e-06,1.3467777850964182e-05,0.0003167461591395616
2170,4.742893148376688e-06,5.655687304085311e-06,4.528546884556846e-06,7.996131182804282e-06,4.776042178284082e-06,4.0252049983010945e-06,1.2815378498710288e-05,1.004496741466041e-05
2171,4.723074717792195e-06,5.708817133447158e-06,4.693264872134392e-06,8.120135617556722e-06,4.50641385414798e-06,3.997653659051399e-06,1.2104069204494587e-05,0.00015873060279066013
2172,4.717929804961186e-06,5.334473975276209e-06,4.600138309355283e-06,8.05790349071384e-06,4.845542296060376e-06,4.1054002199151816e-06,1.3323487526546898e-05,0.00010119923273865084
2173,4.702291602202488e-06,5.340615670158623e-06,4.526288996336392e-06,7.987741363958547e-06,5.04612929765452e-06,3.9099222086253125e-06,1.3038980444659697e-05,0.00012173247740765238
2174,4.689137714277401e-06,5.259396975197098e-06,4.668856525587014e-06,8.06608433689883e-06,4.707064901399559e-06,4.134983609723817e-06,1.3069947075585809e-05,2.9409681279596464e-05
2175,4.67815692012815e-06,5.481448486024374e-06,4.441210435803944e-06,9.004676924070243e-06,4.54593395459603e-06,4.2577537813558784e-06,1.3089169385656493e-05,0.00044377983466614566
2176,4.649118391619381e-06,5.412440007174103e-06,4.203763154989289e-06,8.077490962044285e-06,5.036785674570053e-06,3.957118516290156e-06,1.3390907681536072e-05,4.0219817474883076e-05
2177,4.646718950293423e-06,5.231196606549059e-06,4.668617537191576e-06,7.739934454534837e-06,4.628561087434669e-06,4.072127326535324e-06,1.1977089488528337e-05,0.0003033569341296803
2178,4.634509910096115e-06,5.285362711377153e-06,4.257979387455548e-06,8.295117788051432e-06,5.040209655711241e-06,3.968078803561038e-06,1.268507389662216e-05,5.7179792239454265e-05
2179,4.623534156136052e-06,5.395394561196245e-06,4.08159089867849e-06,8.789219166332865e-06,4.820597843228236e-06,4.210112040562136e-06,1.3627666560834504e-05,0.00011866196017966795
2180,4.6047278862935645e-06,5.296876482065325e-06,4.166231532036709e-06,8.207959541751827e-06,5.043278369460288e-06,3.92602882183889e-06,1.3234671134362319e-05,7.684006087324906e-05
2181,4.595387216995396e-06,5.59011241491164e-06,4.376073568749436e-06,8.477999428766622e-06,4.447551740638938e-06,3.981287336793683e-06,1.2276602322365562e-05,9.189388729907178e-05
2182,4.585133083091594e-06,5.460226170642833e-06,4.4405966630585306e-06,8.338977364633103e-06,4.7748443433185115e-06,3.6783112713742788e-06,1.2447984885438683e-05,1.8451100812581468e-05
2183,4.575804328333869e-06,5.4090762655697925e-06,4.441445408878877e-06,8.966555938336214e-06,4.708592682283729e-06,3.7575217420120485e-06,1.248625352572471e-05,0.0001303830120443728
2184,4.548265603768802e-06,5.208995385432567e-06,4.265628017267406e-06,8.078478356356819e-06,4.6903705005000876e-06,4.041406514150492e-06,1.2754617787347207e-05,0.00041204762765473626
2185,4.532644617666615e-06,4.999234495881839e-06,4.0750541018366945e-06,7.795246190264158e-06,4.7875395371456635e-06,4.282042562293939e-06,1.3819343968152937e-05,1.4412246461995342e-05
2186,4.525129356323625e-06,5.405823637435046e-06,4.076837223519372e-06,8.139491002026316e-06,4.708169375676539e-06,3.922957328883139e-06,1.241164904181835e-05,0.00012807707106369411
2187,4.50245257157429e-06,5.420221762625148e-06,4.11650345457384e-06,7.798973295985764e-06,4.451174701331376e-06,4.03511403883958e-06,1.2105815782634987e-05,4.270109917668919e-06
2188,4.49722734711729e-06,5.153994220591377e-06,4.29338966318058e-06,7.761489234187339e-06,4.8861754085417916e-06,3.6685384274929663e-06,1.1884681663231895e-05,0.0004968121709258298
2189,4.489437172013484e-06,4.9133355537477104e-06,4.0335933681523426e-06,7.5598553518541545e-06,4.966559371399691e-06,4.057425938410874e-06,1.3293677448184346e-05,6.0943971414747045e-05
2190,4.4809464782800435e-06,5.499596965928324e-06,4.179849065531873e-06,8.618107457977764e-06,4.488895814703476e-06,3.768584657546029e-06,1.1779559767650076e-05,0.00016609112989815955
2191,4.469511120292332e-06,5.019602735529139e-06,4.074638791793609e-06,7.479679336659716e-06,4.7610429544413164e-06,4.035867076304484e-06,1.246573110608097e-05,0.00022905837589230998
2192,4.4632444715813695e-06,5.4108304779963355e-06,3.7582643785190515e-06,7.736017009349758e-06,4.998491263674196e-06,3.698480506642919e-06,1.2769053885575024e-05,4.4582805123754464e-05
2193,4.4274730354562815e-06,5.241239143771233e-06,3.909389413588174e-06,7.93107654796161e-06,4.728978256623264e-06,3.843269133133706e-06,1.2386467769450125e-05,1.6449170872411758e-05
2194,4.426729407560848e-06,4.846239077689648e-06,3.949063769602608e-06,7.567671622849342e-06,4.945048739288218e-06,3.979547624293295e-06,1.3183729460299103e-05,0.0005373910563632089
2195,4.416758691328518e-06,4.65481157563932e-06,4.137557721849385e-06,7.78899518079657e-06,4.8292569022423355e-06,4.058360946667072e-06,1.3665992544276966e-05,7.573257539737817e-05
2196,4.409867338255597e-06,5.310287083106213e-06,4.040048512144409e-06,7.712559327677687e-06,4.550210019930447e-06,3.7518558707621033e-06,1.2317874483901966e-05,1.767837771793593e-05
2197,4.40157778613342e-06,5.137354782999789e-06,4.077256852971914e-06,7.26325475418704e-06,4.594450282377655e-06,3.8101571210396324e-06,1.2277883416452774e-05,0.00010224148680423706
2198,4.3801466466284966e-06,5.012609407009235e-06,4.0121637994139475e-06,7.739767744174251e-06,4.684165916405257e-06,3.82449243903847e-06,1.259285209600845e-05,0.00014162234408833524
2199,4.3706501976826865e-06,4.9235468507486415e-06,4.343744694190118e-06,8.312987275033086e-06,4.609487776432616e-06,3.618638590755763e-06,1.20356982960232e-05,0.00035922991321926006
2200,4.359569314226832e-06,4.937355615507377e-06,4.106359959916756e-06,8.83666618586705e-06,4.647989423543408e-06,3.759356943429628e-06,1.2667851224770229e-05,4.9829270096128575e-05
2201,4.341952123571426e-06,5.051225751743819e-06,3.854458756655105e-06,8.303491438555225e-06,4.8747107574325035e-06,3.6001462461231144e-06,1.2981532753642571e-05,0.00011707177081156489
2202,4.325566544867834e-06,4.879549494563534e-06,4.081212605732192e-06,7.767296172173451e-06,4.486884766183001e-06,3.867304241621094e-06,1.2337280858444014e-05,6.890250389168353e-05
2203,4.320436630408887e-06,5.002723576069333e-06,3.905795824888041e-06,7.596462468574982e-06,4.407300675606286e-06,3.978596363997284e-06,1.2597802325162691e-05,0.0006868217220705768
2204,4.296284758889378e-06,5.03091319754954e-06,3.890326884461858e-06,7.898033552902513e-06,4.754504164593525e-06,3.5219938874314437e-06,1.2203435885546988e-05,2.907550247491295e-05
2205,4.292574943118577e-06,4.852922810465152e-06,4.225463491283599e-06,8.25325959843209e-06,4.417188505105713e-06,3.68731314666882e-06,1.2134305545433104e-05,7.77917372728803e-05
2206,4.281254229796211e-06,4.775766548954621e-06,4.328074439898853e-06,7.799655467710763e-06,4.493192999674109e-06,3.540537948473551e-06,1.1840946998755077e-05,0.000516137198303231
2207,4.275667087420993e-06,5.003234545810986e-06,4.008074722888237e-06,7.832402679360577e-06,4.588191497974479e-06,3.5157062259829285e-06,1.1948050287726093e-05,0.00012779922016287925
2208,4.2502486056184785e-06,5.417974015842095e-06,4.151001482771217e-06,7.975290346749148e-06,4.0606190638469685e-06,3.3838639089749195e-06,1.0501491556984468e-05,0.0002882260099356133
2209,4.229749260859164e-06,4.654947294648971e-06,3.9135684140323695e-06,7.712289767285714e-06,4.735937514506828e-06,3.626947764566595e-06,1.1991351349225012e-05,5.135415801106836e-06
2210,4.22615173100122e-06,5.058965431063493e-06,3.8322196273331995e-06,7.640010775577853e-06,4.41097670032066e-06,3.6148385310682177e-06,1.1667473511681584e-05,0.00046345365196667656
2211,4.216782478853917e-06,5.1282001425875785e-06,3.7954633936740625e-06,8.215731743096197e-06,4.148735831340208e-06,3.8070964872607926e-06,1.1607290194106498e-05,7.399311136404782e-05
2212,4.207102240747823e-06,5.026244223348361e-06,3.7780050754309796e-06,8.409392331527561e-06,4.3140932547871784e-06,3.7224039534112556e-06,1.2402806182185182e-05,0.00018498360269660156
2213,4.187888394726737e-06,4.622948721230861e-06,3.9128969209049955e-06,8.275894795506503e-06,4.290293053322996e-06,3.9376960870794e-06,1.2353431174662679e-05,0.0005441879388285361
2214,4.1794275722398524e-06,5.012723554443333e-06,3.7289444640785707e-06,7.900772264216318e-06,4.338610953807855e-06,3.6496877443041687e-06,1.2135085998207938e-05,2.631536418225668e-05
2215,4.168181015730106e-06,4.556042405954506e-06,3.701628697844304e-06,6.875351456458349e-06,4.591861368675855e-06,3.835414953118675e-06,1.224309135834142e-05,0.00033415163713897773
2216,4.1627983145911475e-06,4.743124293252867e-06,3.864242636346337e-06,8.230789202155337e-06,4.396440060027242e-06,3.659593893583831e-06,1.259834957471859e-05,0.00035779767559010684
2217,4.157934382490389e-06,4.869474392988363e-06,3.86245966017757e-06,8.197786618312377e-06,4.20527263443072e-06,3.7067242148999297e-06,1.2023589877883648e-05,0.00011027736901018909
2218,4.140990315473998e-06,4.454041980961317e-06,3.708926514835098e-06,7.623415521779039e-06,4.4577015974325826e-06,3.955434858092305e-06,1.315450059987514e-05,0.0004942220803500066
2219,4.135341005910055e-06,4.6680930717207626e-06,3.653630313064821e-06,7.813178881183244e-06,4.364997547960994e-06,3.866770183024992e-06,1.2443798718615772e-05,2.703213613329909e-05
2220,4.12677610235093e-06,4.679650894455147e-06,3.7800565341663273e-06,8.253805974590469e-06,4.579643498006076e-06,3.479855471041055e-06,1.2149692249002604e-05,0.000267287948311115
2221,4.110260011066309e-06,4.740358892626414e-06,3.7009406115000574e-06,7.462046798356854e-06,4.529476528049432e-06,3.4823175773977796e-06,1.2233158083339382e-05,6.576481886811012e-05
2222,4.096696921145514e-06,4.58990472181453e-06,3.585588506333719e-06,7.539729552257296e-06,4.315476225318464e-06,3.907832066796642e-06,1.2443248563600757e-05,0.0004422710152349368
2223,4.08507241237262e-06,4.741027412743722e-06,3.829012626917259e-06,7.672506062376995e-06,4.248478096494981e-06,3.533751194360833e-06,1.21299966764459e-05,0.00016350110516738492
2224,4.071899192935794e-06,4.339700694066648e-06,3.846801286093138e-06,7.691125783530828e-06,4.616090318401878e-06,3.496945530861559e-06,1.2443096209582411e-05,7.362882373859785e-05
2225,4.069846246121171e-06,4.581313402363045e-06,3.911248022504821e-06,8.152923976177509e-06,4.473433541779459e-06,3.3253250640082074e-06,1.1472381678387803e-05,5.773858535617081e-05
2226,4.055263856058598e-06,4.569273611578117e-06,3.656458508562543e-06,7.605319806615174e-06,4.4514737889265124e-06,3.5557417906621996e-06,1.1783762020325042e-05,3.1328510233835294e-05
2227,4.0443220796779445e-06,4.589708688320222e-06,3.9188925127233405e-06,8.476279409192374e-06,4.0616213759680624e-06,3.618925903258286e-06,1.1577119214955486e-05,0.0005380322188411522
2228,4.036996157448521e-06,4.685110226113539e-06,3.7260155338357178e-06,8.021536660114842e-06,4.199744507186776e-06,3.5489530995274432e-06,1.1784347160348889e-05,0.00016216559935534883
2229,4.026757189019055e-06,4.209682840607105e-06,3.5693905730960113e-06,7.340406227767196e-06,4.524482942370759e-06,3.815281064682826e-06,1.3156503457298668e-05,3.794152871253751e-05
2230,4.013134724121852e-06,4.797827179430443e-06,3.520869389442809e-06,8.246496374421047e-06,4.250640467334327e-06,3.4949705661221224e-06,1.2133478737994462e-05,0.00016501051555597952
2231,4.0100718327438595e-06,4.555741792402033e-06,3.7806209563750036e-06,7.514331519911865e-06,4.231612166259432e-06,3.4840721724673476e-06,1.1793485631126376e-05,0.0003086615354132404
2232,4.001160559264992e-06,4.6749666802288365e-06,3.628041669262321e-06,8.12037487373134e-06,4.020366671007936e-06,3.6930007847043455e-06,1.1918211034879693e-05,4.935287045870656e-06
2233,3.9879942628778195e-06,4.723526426106105e-06,3.547263269132623e-06,7.734496702840046e-06,4.080861393078751e-06,3.6120209720030232e-06,1.1912181124597761e-05,0.00020989390167860752
2234,3.969915410337017e-06,4.198885187556072e-06,3.63862373597761e-06,6.95033641085068e-06,4.221878015828293e-06,3.831916677344735e-06,1.2345978485918419e-05,0.00015914129417747344
2235,3.9609861651437055e-06,4.719744801227146e-06,3.878068105875584e-06,8.114570516912645e-06,3.74894402940195e-06,3.508803522306674e-06,1.0977717516840358e-05,0.0003935607655990589
2236,3.953211939818315e-06,4.541164171732325e-06,3.5619875027896826e-06,7.8097446131536e-06,4.230243196318122e-06,3.491045906065932e-06,1.1760058161059847e-05,0.0003544474916889953
2237,3.9396535380364465e-06,4.316908217037843e-06,3.499431327735843e-06,8.065184096303406e-06,4.282102154583427e-06,3.671725678576641e-06,1.2434596427879054e-05,3.706205136808874e-05
2238,3.916017552523718e-06,4.319785553702382e-06,3.805429871104058e-06,7.723239818139972e-06,4.200725389971114e-06,3.3496133059471746e-06,1.1512777956729653e-05,9.891572391461219e-06
2239,3.911440501305476e-06,4.132579744848075e-06,3.4226000055689016e-06,7.68557149421807e-06,4.314593384568455e-06,3.787459411577069e-06,1.2882374921216416e-05,0.0008059092701770724
2240,3.891192878766388e-06,4.553145228630848e-06,3.4876322207321226e-06,8.387285580003157e-06,4.043612959048289e-06,3.4917922306199986e-06,1.1759674571654541e-05,6.604248318827752e-05
2241,3.884087281384981e-06,4.350564992575161e-06,3.5820713403807123e-06,7.0997469945715134e-06,4.201899513945956e-06,3.4132035350345153e-06,1.1313355029681213e-05,6.952977299997052e-05
2242,3.867435835300187e-06,4.214540054992294e-06,3.5583195170973222e-06,7.728336923255711e-06,4.231079461228764e-06,3.4771457620270893e-06,1.2091391880397834e-05,0.0003708334247572181
2243,3.85968130772884e-06,4.2186123961249715e-06,3.4501268977008044e-06,7.267598222120292e-06,4.22009156919111e-06,3.5612130683062154e-06,1.1938281598765697e-05,0.00015638165197143512
2244,3.85361628734168e-06,4.11818878234607e-06,3.5497511438980855e-06,7.932805405785264e-06,4.090140929744581e-06,3.667685210981353e-06,1.2003702388396863e-05,0.00036416327031135953
2245,3.8469427374311346e-06,4.415482753542583e-06,3.5661862665231256e-06,8.493167784352533e-06,3.917956409109536e-06,3.4994268490782237e-06,1.1800350815402436e-05,0.00014823320380565557
2246,3.828552044764228e-06,3.930113315959959e-06,3.672623531342218e-06,8.194228043091643e-06,3.992067337869271e-06,3.73063146794909e-06,1.2353115042615008e-05,8.459414715744829e-05
2247,3.820069432657849e-06,4.256242081838378e-06,3.4528100264420664e-06,7.830382716016735e-06,4.289013536019319e-06,3.2934146307594493e-06,1.2142049235405553e-05,0.00011218414554227285
2248,3.813323565996308e-06,4.4115057352934725e-06,3.2829947275958443e-06,7.800302256040048e-06,4.141949948539724e-06,3.428026634389271e-06,1.1698608296683661e-05,1.958713690627603e-05
2249,3.79918247227408e-06,4.278368126008534e-06,3.3883677420549374e-06,7.725575349458626e-06,4.141084880534898e-06,3.4000504221967202e-06,1.2078522785706927e-05,0.0003257572397657442
2250,3.7917651309822653e-06,4.1374795611366455e-06,3.3837279837807965e-06,7.950858551080139e-06,4.1063087772169e-06,3.550663750317985e-06,1.1744710304353102e-05,0.0007538635017620412
2251,3.7821971057320228e-06,4.09605500757345e-06,3.4512743831654465e-06,7.5764432996114736e-06,4.400992037741343e-06,3.1915584546370543e-06,1.1737974650853251e-05,8.58387665929932e-06
2252,3.7720954569695536e-06,4.464519027433411e-06,3.425427739570088e-06,7.640727480024727e-06,3.877133006145179e-06,3.332363951380063e-06,1.0766001390875394e-05,1.5554999181563647e-05
2253,3.753628712145236e-06,4.12699657013087e-06,3.245799815075129e-06,7.68041294397305e-06,4.1972919878641204e-06,3.455434171172695e-06,1.2477165691366102e-05,0.0004541192866869922
2254,3.7453853269909833e-06,3.977656715803546e-06,3.4986528650531213e-06,7.333176038633593e-06,3.9709157479778115e-06,3.5452995436444463e-06,1.1808277402296371e-05,0.0001470281369731781
2255,3.73326901855709e-06,4.138233137782479e-06,3.4292971494059355e-06,7.566370587882228e-06,4.018415605689835e-06,3.358078236005183e-06,1.1483057261726871e-05,0.0002190153363275438
2256,3.716735430537434e-06,3.892963887802993e-06,3.4532271574633986e-06,8.191615791178366e-06,4.0420993148513525e-06,3.4895508760085026e-06,1.1915648389187524e-05,6.867901276101674e-05
2257,3.7071305982879098e-06,4.003494056076745e-06,3.5991727697828363e-06,7.957394570288931e-06,3.836096547046823e-06,3.4006303837548917e-06,1.1382754922171386e-05,0.00025937088066428166
2258,3.6987489111709265e-06,3.835584368036169e-06,3.381688669475649e-06,7.307834712057964e-06,4.097332575959234e-06,3.4912368145982264e-06,1.1991990476462898e-05,0.00015585408858589765
2259,3.679486604776345e-06,4.0804078096536975e-06,3.3217737909775363e-06,7.296897515905809e-06,3.972560822095227e-06,3.353994270976721e-06,1.1752720593762816e-05,0.0003287206163913476
2260,3.6717233084722486e-06,3.985879915798136e-06,3.1558761307139113e-06,7.420329214040435e-06,4.102864543606867e-06,3.453040131595261e-06,1.2219528780707486e-05,0.0001092004204418987
2261,3.663414991144029e-06,4.196344861883156e-06,3.3248888230228868e-06,7.35771335178511e-06,3.911584641886491e-06,3.231584787592333e-06,1.1535942416150166e-05,0.00015738839132488448
2262,3.6555065198727857e-06,4.381965730870078e-06,3.3080509997431507e-06,7.858551284527765e-06,3.7608108599841584e-06,3.1819184299390163e-06,1.1180403580054519e-05,0.00032846237839821783
2263,3.6432637413696837e-06,3.7693199165623874e-06,3.2753849544547502e-06,7.531231907436914e-06,4.095440071681145e-06,3.4435940786162324e-06,1.2254116008658253e-05,3.796125905929995e-05
2264,3.6299962400140386e-06,4.059731538471296e-06,3.1953131108270646e-06,7.58293510019441e-06,3.8578670844099804e-06,3.4177184044397805e-06,1.1082358278525556e-05,0.00017843605480011675
2265,3.6255353762333074e-06,4.1843059310287664e-06,3.122514347378357e-06,7.2165145672888334e-06,4.009875859793073e-06,3.196077432130715e-06,1.1122442226017415e-05,4.370355416447635e-06
2266,3.6154857524104615e-06,3.901220619115513e-06,3.186339296529316e-06,7.510287643721527e-06,4.0223362223585625e-06,3.3626494703315472e-06,1.1509669391894727e-05,0.00021738320031047229
2267,3.6062752534823006e-06,3.8072861808645723e-06,3.398789481653999e-06,7.586968859600796e-06,3.924542883175401e-06,3.3050580482290337e-06,1.1217901129005687e-05,6.275944687519768e-05
2268,3.6000074751341763e-06,3.9477336200002955e-06,3.439172929622988e-06,7.557769578896813e-06,3.803717533511763e-06,3.2199630639615984e-06,1.0770526302262e-05,8.680948097721136e-06
2269,3.58371553927623e-06,4.1242287075868866e-06,3.106254554459511e-06,7.620337149106226e-06,3.728010499748365e-06,3.3868778118545616e-06,1.181042500254445e-05,0.0005012586966000007
2270,3.5734464367125735e-06,3.983846964036924e-06,3.42258805675085e-06,8.069937225090034e-06,3.7766879194710372e-06,3.121142123700664e-06,1.0799003221976798e-05,0.0001301205287657167
2271,3.5692169953550305e-06,4.064930835018567e-06,3.347436829084284e-06,7.229199855806638e-06,3.7194464372955007e-06,3.1555207823752025e-06,1.0523771996540119e-05,3.3159605780395455e-06
2272,3.554871729845723e-06,3.651546435687397e-06,3.0221693668629115e-06,7.452332157576544e-06,4.075752395774143e-06,3.4804435865499434e-06,1.2163997930663992e-05,4.7625813198931084e-05
2273,3.5315549091319576e-06,4.0836081309859716e-06,3.2172313082522006e-06,7.20645618252696e-06,3.774297117899916e-06,3.0614395335403195e-06,1.0722005633348619e-05,0.00026587188849916686
2274,3.527945776126442e-06,4.069658553892163e-06,3.3627286679784094e-06,8.360078235489967e-06,3.6204610380216754e-06,3.069280730322725e-06,1.090211013570331e-05,0.00027697758549328957
2275,3.52390790536649e-06,4.14204797080129e-06,3.210353964633704e-06,7.75714579073494e-06,3.759088680233826e-06,2.994475073041473e-06,1.048732514727429e-05,0.00011549228029781694
2276,3.508142218090796e-06,3.8637048649869075e-06,3.286421489095778e-06,7.53926798552196e-06,3.710713874099057e-06,3.1820164388502346e-06,1.0913220241367722e-05,1.098202433399946e-05
2277,3.5009019259528146e-06,4.178517876361287e-06,3.1259901229663953e-06,7.454556560387906e-06,3.596736684676717e-06,3.112629597431694e-06,9.94002205079252e-06,0.00012325330719263126
2278,3.480303462952518e-06,3.7581805938026023e-06,3.1569860655812316e-06,8.267393056226263e-06,3.625157664002743e-06,3.3910957263281117e-06,1.1280050764618014e-05,8.274429341392313e-05
2279,3.474325358097153e-06,3.880162068426176e-06,3.0200143608012448e-06,6.960153951328594e-06,3.857909641671751e-06,3.1494040046751873e-06,1.1083306397754526e-05,6.122766054595322e-05
2280,3.462319907686853e-06,3.978476952322809e-06,2.995825648042983e-06,7.4358280726934254e-06,3.621075035758385e-06,3.2640554278420515e-06,1.1040559655914811e-05,2.0551575951011486e-05
2281,3.456591779717784e-06,3.6318434491932015e-06,3.085017836751803e-06,7.196006290915791e-06,3.8267330147775574e-06,3.2929094172545e-06,1.1236195864461245e-05,4.922745576755475e-05
2282,3.453631450759786e-06,3.757309024785632e-06,2.9781082219452146e-06,6.735277125430857e-06,3.7183815618447906e-06,3.3708549411041543e-06,1.1266285956687249e-05,0.00032459759284049776
2283,3.435764092982579e-06,3.7010826384739127e-06,3.03097590318035e-06,7.131783868875736e-06,3.800711340625129e-06,3.2203620504644924e-06,1.1084104554930214e-05,3.5978535794002996e-05
2284,3.4338532257068243e-06,3.7239841283419394e-06,3.054198444916475e-06,7.801940208876504e-06,3.7947839470667004e-06,3.172516350341652e-06,1.1618362224581028e-05,0.0002286788785462671
2285,3.423779497700577e-06,3.968566651656153e-06,3.048896869502932e-06,7.343304610081629e-06,3.5381662424700758e-06,3.1495286095683443e-06,1.0648213524430745e-05,0.0001519730822378908
2286,3.4122744145970444e-06,3.582116297175196e-06,2.989888394525444e-06,7.41679854561817e-06,3.9731620550467025e-06,3.1139375756608686e-06,1.1542774532691875e-05,0.0003745194168187519
2287,3.401284216666752e-06,3.863629750097738e-06,2.9003752274446307e-06,8.171824452776037e-06,3.7845832587143857e-06,3.0665230707182147e-06,1.1213998645771579e-05,0.0001346292259148682
2288,3.3849384024079596e-06,3.875392047702916e-06,3.108564538862456e-06,8.306794767291832e-06,3.2963121903914314e-06,3.2694113229255984e-06,1.0722526029054735e-05,0.00010248339875300546
2289,3.378447038784061e-06,3.835909127385402e-06,3.010886620391364e-06,7.753944453025422e-06,3.5450647151467715e-06,3.131835170875466e-06,1.0543152961932368e-05,0.00027568343340705497
2290,3.362244438406789e-06,3.90806164749556e-06,3.086726966002469e-06,8.259887175245245e-06,3.5016528465476887e-06,2.96239624737286e-06,1.0518945944094305e-05,0.00037350388230377504
2291,3.354209310839306e-06,3.693906673942648e-06,3.2953430171780172e-06,7.73567390560675e-06,3.463983345394801e-06,2.973440590046655e-06,1.0468083545780742e-05,9.33150542195258e-06
2292,3.349407668324916e-06,3.4495295945611087e-06,2.929036015700777e-06,7.3229926262215586e-06,3.6806075926202958e-06,3.3482797903029904e-06,1.181342861787542e-05,0.00029018817284907954
2293,3.3302001611073216e-06,3.479238473852877e-06,2.9374779471410462e-06,7.084738901198396e-06,3.765460270502849e-06,3.1483899489354235e-06,1.134836426689023e-05,0.00010744243180325386
2294,3.3288123652743435e-06,3.372985122693815e-06,3.111013754632228e-06,7.596847401559924e-06,3.6759284714995206e-06,3.165084021170678e-06,1.0951148723887181e-05,0.00022304374411213148
2295,3.3148914740625907e-06,3.6628721789384466e-06,3.2480428737686456e-06,6.99004600486801e-06,3.480371254031424e-06,2.8780006905229535e-06,1.0380545003269303e-05,6.771036347278892e-05
2296,3.304232384577897e-06,3.615597741310062e-06,2.8227951448611484e-06,6.938116603284351e-06,3.6689006641306066e-06,3.119325791753174e-06,1.107722563368057e-05,7.540499858236212e-05
2297,3.296536341899142e-06,3.911895710349498e-06,3.0367263766541653e-06,7.63502858603623e-06,3.349950240126736e-06,2.897240297237055e-06,1.0007015511384927e-05,4.8154732934363686e-05
2298,3.2834037944978353e-06,3.5393218353845778e-06,2.980314562931744e-06,7.690364892973294e-06,3.5855844474199594e-06,3.038023068256687e-06,1.089612494206245e-05,0.0001793533643294228
2299,3.277195661074882e-06,3.6499267739657307e-06,3.0336350546348046e-06,7.88473998689569e-06,3.47955029319992e-06,2.955281088783067e-06,1.0623282569614891e-05,0.0001478387594183745
2300,3.263182520008012e-06,3.275701010868231e-06,2.8050893376631732e-06,7.158483281685141e-06,3.7858224108179103e-06,3.1956867614686226e-06,1.1634605615212197e-05,0.0005679728537889535
2301,3.255167471460364e-06,3.484317631855901e-06,3.0390564798867224e-06,7.661993987263612e-06,3.5203980214864846e-06,2.986443675915811e-06,1.0638293416014452e-05,5.404408773978872e-05
2302,3.249392327438206e-06,3.637956177329635e-06,3.1482811076434585e-06,7.528594548967647e-06,3.3533776773342123e-06,2.867483344992685e-06,1.0286697479765632e-05,0.00019902704316066865
2303,3.2453363191637605e-06,3.5676987094361873e-06,2.954239995192049e-06,7.523448005852901e-06,3.395294028530993e-06,3.073629669088156e-06,1.0722833566707051e-05,3.3655615358044775e-05
2304,3.2314109033778575e-06,3.4457652983984708e-06,2.8905503819903033e-06,7.780018067269885e-06,3.6391968289014368e-06,2.9596073600426075e-06,1.0840610893035959e-05,0.0001746571014166942
2305,3.2255764953157943e-06,3.165326786699397e-06,3.0523388135038157e-06,6.945990512904108e-06,3.6307115675668687e-06,3.063387972279684e-06,1.0832438114888017e-05,0.00017174074986804085
2306,3.2111156735187336e-06,3.484129508911603e-06,2.943159606339503e-06,7.624118442959664e-06,3.253204192236212e-06,3.1733861429416706e-06,1.0758856209322254e-05,0.00011137844377067092
2307,3.1895220640370133e-06,3.435674923608153e-06,2.8607094081223203e-06,7.131218940134733e-06,3.453643393972689e-06,3.0174139676333202e-06,1.052472067818223e-05,1.3294153447177865e-05
2308,3.1886122927975785e-06,3.434507961880406e-06,2.793974303767504e-06,7.88268882943875e-06,3.534687584130627e-06,3.000630095981341e-06,1.1148090639537324e-05,8.517603729308823e-06
2309,3.1773344516954833e-06,3.5782193712331055e-06,2.7989176276399957e-06,7.795390906382716e-06,3.401901227834947e-06,2.9396173030624335e-06,1.0616768158271205e-05,4.427197872755967e-05
2310,3.1663055976679985e-06,3.2755383912819568e-06,2.9654365387595334e-06,7.365159106165143e-06,3.5438349243613255e-06,2.889697910055597e-06,1.0618221318852524e-05,0.00024384871982475526
2311,3.150506528994394e-06,3.2140013217358426e-06,2.8965010926452624e-06,7.611919075990286e-06,3.4605419792035353e-06,3.0402207194187693e-06,1.1039170260594037e-05,4.395801382067108e-05
2312,3.1402133038873594e-06,3.2933225874464924e-06,2.7703302388551155e-06,7.016468689086467e-06,3.4796226986846903e-06,3.0267865494212953e-06,1.0796467653496704e-05,4.142099420702231e-05
2313,3.1326077236607645e-06,3.2713726622568414e-06,3.056419238957119e-06,7.167616101180749e-06,3.40746271946479e-06,2.804362835731555e-06,1.04934078020043e-05,0.00010693123915448632
2314,3.1306868060489705e-06,3.6214317868852503e-06,2.851312780111321e-06,7.258663812808581e-06,3.2397207008194267e-06,2.819462853195806e-06,9.74549308371778e-06,0.00045675150571578905
2315,3.121046888648554e-06,3.362513025461033e-06,2.671020212257556e-06,7.278088049114392e-06,3.4087616967442047e-06,3.0510452684376424e-06,1.0870811733304059e-05,5.0099574073678876e-05
2316,3.1113194947886965e-06,3.1914221504849697e-06,2.800206475723124e-06,6.6810708176464e-06,3.4808751766355175e-06,2.981898268340369e-06,1.0421993534272454e-05,8.502525089984451e-05
2317,3.102682201557894e-06,3.3059576291789257e-06,2.625583647290272e-06,6.929083491588356e-06,3.291306517259821e-06,3.196979827164853e-06,1.0989822025612643e-05,8.105783314872948e-05
2318,3.095615734635048e-06,3.47499812518726e-06,2.809745970916356e-06,7.235921452393638e-06,3.263232244965744e-06,2.843564680742447e-06,9.797765670957182e-06,4.714693229478868e-05
2319,3.090056491265883e-06,3.162115922204283e-06,2.6774426721394786e-06,6.975877804518331e-06,3.5659681077992415e-06,2.9637610322677327e-06,1.1090414853582726e-05,1.8894715941155738e-05
2320,3.0714409361865304e-06,3.229607609671195e-06,2.673795529822957e-06,7.240212862302483e-06,3.291496799048529e-06,3.0998709474323188e-06,1.0542327287517444e-05,7.187687071307246e-06
2321,3.067559752869166e-06,3.4440942983465073e-06,2.8171935589544457e-06,7.127092978569527e-06,3.222905614576599e-06,2.7950413098204414e-06,9.933810356921787e-06,5.692767510214755e-05
2322,3.0655304914982666e-06,3.298617166827073e-06,2.5511101328724604e-06,7.177037077671932e-06,3.442244724252138e-06,2.9791397421551213e-06,1.0893174527922358e-05,0.00010305451323843123
2323,3.039881652841499e-06,3.4493373078131902e-06,2.7408545206798905e-06,7.1809908756173926e-06,3.187426504300092e-06,2.790822886550912e-06,9.785990839686082e-06,0.0001885702968374683
2324,3.039428986586353e-06,3.494600127406722e-06,2.5385734019770255e-06,7.31183803936023e-06,3.2002021880652073e-06,2.933253521149688e-06,1.0069219571628692e-05,0.0006862880017656257
2325,3.027953589508929e-06,3.3685656438405894e-06,2.82443692960806e-06,7.572658525950775e-06,3.1125313391211373e-06,2.8151601018279723e-06,9.792290941987772e-06,0.0006623643250777568
2326,3.024102146211322e-06,3.424849329121665e-06,2.444604698019434e-06,6.558802033598931e-06,3.3183838983964323e-06,2.917438985743642e-06,1.0228291867102162e-05,3.8913550744015604e-05
2327,3.0181484040471588e-06,3.3680080562947613e-06,2.8200676135558023e-06,7.756582003131325e-06,3.1242948643218766e-06,2.7690739688164473e-06,9.50383568213523e-06,6.157211707898381e-05
2328,2.9978628414907865e-06,3.1689900630645195e-06,2.715103115451135e-06,7.0443473517214145e-06,3.2933562132230182e-06,2.822793364536857e-06,1.0380207318281837e-05,0.00014976387952140188
2329,2.9943953879437247e-06,3.156395170688593e-06,2.8044929789840593e-06,6.778898891943389e-06,3.1656525714002566e-06,2.859822047241213e-06,9.92628154317683e-06,6.0503121420420694e-05
2330,2.9888615427186083e-06,3.2876922567044584e-06,2.5661938148924804e-06,7.262208457829464e-06,3.194639262668503e-06,2.915685834632372e-06,1.0239335615857586e-05,0.00012992971124569763
2331,2.97843175848603e-06,3.133207683785807e-06,2.4232400945244027e-06,6.845648388582292e-06,3.3361949176557903e-06,3.0298187544655457e-06,1.0785769481809716e-05,1.4085734395195137e-05
2332,2.9697731731594454e-06,3.2052884528560184e-06,2.4429679584904797e-06,6.998152703483183e-06,3.395946767006565e-06,2.8435985426456638e-06,1.0650412978054646e-05,9.348487512200522e-05
2333,2.9620097045115717e-06,3.187581011141419e-06,2.5509367877181367e-06,6.957117459584926e-06,3.139302191451088e-06,2.9789050833616304e-06,1.026904113411968e-05,3.843301393418322e-05
2334,2.9581189391913497e-06,3.2719040151120902e-06,2.756995044138062e-06,7.657777170583496e-06,3.134300682719155e-06,2.6779508557587574e-06,9.700276993048161e-06,1.1610558379581504e-05
2335,2.939387785445674e-06,2.9738591417547605e-06,2.4061401749754545e-06,6.990249263331017e-06,3.329182183084184e-06,3.0569895585521568e-06,1.0921651555911183e-05,0.0002495106732751862
2336,2.935236812755621e-06,3.0860685469540607e-06,2.585511757042637e-06,7.454862108949827e-06,3.1306494212530115e-06,2.9473252723701766e-06,1.0141305484461522e-05,0.00036813425530118476
2337,2.9313078462316047e-06,3.250471527086602e-06,2.8063508497530384e-06,7.825734070509972e-06,3.0014984475906365e-06,2.675506774932944e-06,9.330219017432271e-06,0.0004740280510827867
2338,2.9148879784100754e-06,3.0884588411227578e-06,2.762487489174976e-06,7.67696975948206e-06,3.0374085141070346e-06,2.7797451149567917e-06,9.731280611374187e-06,0.00012825825489613815
2339,2.9137608902790903e-06,3.4741381300873375e-06,2.6460008510434845e-06,7.920588671630119e-06,2.8646189409110497e-06,2.67883037937506e-06,9.408019874704786e-06,0.00012291464962744842
2340,2.898085126879557e-06,3.1465149685986197e-06,2.5088186332801042e-06,7.239679354462049e-06,3.110920023014602e-06,2.83458566333841e-06,1.0017841235160568e-05,7.889465676019643e-05
2341,2.888483947243035e-06,3.2319144965940606e-06,2.5269133596587597e-06,7.791464298755258e-06,3.0981571119983734e-06,2.7054214696238667e-06,9.946418449736027e-06,9.655199718371961e-05
2342,2.878678348343215e-06,3.3104666682867144e-06,2.798069479591931e-06,7.645180597631527e-06,2.9744185606794926e-06,2.4402005486436093e-06,8.956695826138816e-06,2.1218196399389515e-05
2343,2.8720868430690906e-06,3.2127572408089324e-06,2.4970447254903994e-06,7.285852920602991e-06,3.0818059603564724e-06,2.7051619975131915e-06,9.66067960108788e-06,8.587908054285885e-05
2344,2.8627835319177564e-06,2.871295621862492e-06,2.5740253757989495e-06,6.970842711917199e-06,3.2884435458068586e-06,2.725764842101605e-06,1.0111441812296816e-05,0.0003185519946493259
2345,2.85309436497806e-06,3.027972448539106e-06,2.653533324703969e-06,7.10306586705261e-06,2.9863340834621964e-06,2.752904458679995e-06,9.603849469635509e-06,2.776914662584246e-05
2346,2.8404554740022885e-06,3.0312449221786816e-06,2.3373945339340065e-06,6.96822896240202e-06,3.2681707045424767e-06,2.733341496430357e-06,9.979846817384505e-06,0.0001951083299800726
2347,2.834137594678462e-06,2.8617969379549903e-06,2.547140081491612e-06,6.677704162945476e-06,3.1809836694959374e-06,2.7549409366615572e-06,1.003535465770584e-05,0.00015643429220819503
2348,2.819552710673075e-06,3.036716155783374e-06,2.485963155233856e-06,6.963300842509092e-06,2.957667183444107e-06,2.806132832137171e-06,9.675479016586333e-06,0.00017235069237053524
2349,2.811223057980312e-06,3.003089965226377e-06,2.59224420634203e-06,7.328747602510659e-06,2.9832629935153338e-06,2.6745391371755416e-06,9.802835265594727e-06,0.00011569441391925405
2350,2.8087558509816725e-06,3.1171906940969246e-06,2.432026201811145e-06,7.361958556110155e-06,2.877461921428309e-06,2.8165813911364776e-06,9.715030172334152e-06,3.340012288292394e-05
2351,2.79935593799911e-06,2.8472955115680776e-06,2.4429896357168604e-06,6.773038358343792e-06,3.228212506673137e-06,2.6871353633239864e-06,1.0050024471015041e-05,0.00048186078387038437
2352,2.7853347501296124e-06,2.7985333555389518e-06,2.60238446171819e-06,7.320185832982972e-06,2.9776479101662167e-06,2.770941401639883e-06,9.888276710724371e-06,4.044929467981103e-05
2353,2.7809716403054496e-06,2.761050737590624e-06,2.4944964924739645e-06,6.918535938798554e-06,3.0695842202961335e-06,2.8069104685117977e-06,1.0194552043146899e-05,0.0002529185468554765
2354,2.7722663718755926e-06,3.0295388606824226e-06,2.303024393633946e-06,7.048870202188728e-06,2.9344545108320553e-06,2.8301775324569987e-06,9.886782907693761e-06,9.25025673324579e-05
2355,2.7636186318026146e-06,3.0961139489132583e-06,2.623448626359657e-06,7.544616813613695e-06,2.720336579683022e-06,2.6226798211646876e-06,9.237812092266666e-06,0.000183257063015088
2356,2.7560321330817064e-06,2.778565927559133e-06,2.339863675652882e-06,6.520790588601666e-06,3.1768246921220503e-06,2.7369564579552072e-06,1.0250861284931421e-05,1.8263472743400664e-05
2357,2.7530330246754098e-06,2.9412077035851575e-06,2.477098991389519e-06,7.2467780324474085e-06,2.946810598777365e-06,2.6550882073652244e-06,9.556136033623525e-06,7.742438698954739e-05
2358,2.750308889437545e-06,3.0455242607315178e-06,2.365756368386652e-06,7.150396106780573e-06,2.8534645701570165e-06,2.7445557761116762e-06,9.504616694466468e-06,0.00010238428924800623
2359,2.739760797421354e-06,2.933973468452126e-06,2.503795160379526e-06,6.9588427316072e-06,2.919718159179017e-06,2.6095908701185695e-06,9.39875450577539e-06,0.00010262202686074978
2360,2.728343965696441e-06,2.8048327928082424e-06,2.532561254237485e-06,6.963370044640189e-06,2.9605806300138434e-06,2.6234021912898358e-06,9.53634119463738e-06,8.535200125282233e-05
2361,2.713622977634998e-06,2.864982178233689e-06,2.514710557649689e-06,6.7535384556670554e-06,2.9073513741441357e-06,2.5754056382621e-06,9.130765568748324e-06,0.00023571278925660328
2362,2.7045060452910294e-06,2.6663050191122313e-06,2.2789116198177436e-06,6.5757369414668435e-06,3.168717726007179e-06,2.712020932918135e-06,1.022797277094547e-05,0.00025706359690452735
2363,2.6976005614130175e-06,2.8154302302063922e-06,2.62033152427981e-06,7.236888578281361e-06,2.7715442748890724e-06,2.591007085347177e-06,9.301714100129033e-06,0.00026552259930931086
2364,2.69288870118982e-06,2.7713925355327655e-06,2.4252403469590583e-06,6.86624537224071e-06,2.894740011092166e-06,2.6880789078998327e-06,9.484677035702716e-06,5.737059093848106e-05
2365,2.684798038046819e-06,2.941490137814841e-06,2.498322890103935e-06,7.251202649539157e-06,2.8718587446878105e-06,2.4353936933057716e-06,9.097097633681089e-06,4.935816938939978e-05
2366,2.679014524716513e-06,2.8622900739859646e-06,2.3506536308415064e-06,7.0729333809941135e-06,2.943544336518945e-06,2.567426393396661e-06,9.408882998061688e-06,0.0002965636720699871
2367,2.6654823901637065e-06,2.9918988674198115e-06,2.556907918730455e-06,7.110673589545053e-06,2.664116580035782e-06,2.4568228820070284e-06,8.6774110476461e-06,0.0001631971873659233
2368,2.6623094072183374e-06,2.9516325475971432e-06,2.3868217923915317e-06,7.283098679062474e-06,2.7556476707780047e-06,2.562942965630337e-06,9.195676628249136e-06,0.00010879516934044785
2369,2.6545390963280136e-06,2.63944806720069e-06,2.3212878709998927e-06,6.436110745145264e-06,2.9273884306808263e-06,2.7378165743932703e-06,9.513764938459551e-06,1.9181258386790176e-05
2370,2.6518244570324006e-06,2.88280150527145e-06,2.303276456497356e-06,7.173607874445453e-06,2.7663765193395136e-06,2.6626199623995996e-06,9.101258835795026e-06,4.5152037479698975e-05
2371,2.6381396862037406e-06,2.763834972386919e-06,2.531223782216275e-06,7.097587735005463e-06,2.7137579744807297e-06,2.551478477840175e-06,9.019699642622215e-06,0.00022283898346792341
2372,2.6313811428320243e-06,2.763989162984588e-06,2.4096618734708204e-06,6.922890138258848e-06,2.8563372754603877e-06,2.5032529368271783e-06,8.994943951458908e-06,7.095161711608407e-05
2373,2.621784714035124e-06,2.844053558756994e-06,2.186938997632095e-06,6.542097378479907e-06,2.927903672837035e-06,2.5359311740295317e-06,9.3100319638289e-06,2.7633105543131246e-05
2374,2.6156389691832867e-06,2.6671493181127988e-06,2.40733393996832e-06,6.812155942301288e-06,2.82005166685206e-06,2.575691442478432e-06,9.11588259181132e-06,6.365296765510173e-06
2375,2.6026257265372304e-06,2.537965083932541e-06,2.162032379195167e-06,6.283571241886997e-06,2.8965663364175896e-06,2.8215714325767853e-06,9.882600601208916e-06,6.909157662302738e-05
2376,2.5878152212950623e-06,2.6464491916895577e-06,2.5327907786443366e-06,6.651672230987049e-06,2.735957539832057e-06,2.4436522769439345e-06,8.9958416650183e-06,1.8385592926575684e-05
2377,2.5836707857431983e-06,2.6839947660826568e-06,2.308679716590425e-06,7.056746627028085e-06,2.8371409051264874e-06,2.512444515236708e-06,9.389607954292148e-06,0.00018001159039568278
2378,2.577842483661361e-06,2.6438234567383658e-06,2.4186892306820935e-06,7.0622946333862754e-06,2.6559931020242804e-06,2.600423791752557e-06,9.277854277635505e-06,0.00011668421465527726
2379,2.5728148642085237e-06,2.896009330926758e-06,2.516288038010508e-06,7.2704463055778506e-06,2.48927301000028e-06,2.3972339930321835e-06,8.282056887110102e-06,5.3681327140514856e-05
2380,2.5693197235365083e-06,2.525964056748474e-06,2.3838903439240214e-06,6.623597837176378e-06,2.7636010489737945e-06,2.611358106372624e-06,9.320949224825343e-06,0.00022532226837168004
2381,2.5607341884548667e-06,2.6012993606692735e-06,2.426386122469242e-06,6.750234344697732e-06,2.6693283928494234e-06,2.553432350008618e-06,9.043657961321973e-06,8.206251182278278e-05
2382,2.547200303482181e-06,2.716060127445051e-06,2.179064383899321e-06,6.988428442571021e-06,2.6626494545787532e-06,2.6384970331799987e-06,9.337160951024539e-06,6.300000144057109e-05
2383,2.5450035862789422e-06,2.560638516962813e-06,2.314216235247673e-06,6.869060117814628e-06,2.74052872993958e-06,2.572094208977177e-06,9.272565900431265e-06,0.0007242945133506596
2384,2.5317521784698e-06,2.9633990792948403e-06,2.3961293876124122e-06,7.72329767707743e-06,2.458030273136345e-06,2.316874458226007e-06,8.211047598225601e-06,0.00018282073619246456
2385,2.5233571716595295e-06,2.72412063521948e-06,2.2793720622585316e-06,6.6183810419877685e-06,2.7304134106897e-06,2.3669224412627625e-06,8.80052519839705e-06,0.00010678919727692022
2386,2.5220002797993954e-06,2.5498401620578574e-06,2.2503246565466496e-06,6.307666491059396e-06,2.735249627841895e-06,2.559982566068898e-06,9.102363566454005e-06,3.869280710693092e-05
2387,2.5037817103524597e-06,2.5919312337859007e-06,2.382583063834746e-06,7.053092311658525e-06,2.56862672923561e-06,2.4793283184041852e-06,8.902748401501879e-06,0.00021469474278061905
2388,2.492427345292696e-06,2.723150429110781e-06,2.41798163341327e-06,7.468281331192465e-06,2.441496880497083e-06,2.394389590964947e-06,8.39615903229307e-06,6.769718639753597e-05
2389,2.4893150966453757e-06,2.700653315724094e-06,2.253019207767218e-06,6.6795311320118365e-06,2.5723139583289507e-06,2.4385739590217572e-06,8.726499127033664e-06,8.872651974585354e-05
2390,2.482474820354285e-06,2.741379874697117e-06,2.2269633652687614e-06,6.934959266154006e-06,2.465255879676738e-06,2.5035801332915507e-06,8.618207622463555e-06,0.0004049023324134483
2391,2.4768056298071874e-06,2.420710241229697e-06,2.168054641726064e-06,6.394843771534136e-06,2.7385576692879717e-06,2.587163320326143e-06,9.386619448250064e-06,1.681347099720459e-05
2392,2.4743744043205705e-06,2.6868245224821698e-06,2.2616744768020966e-06,6.96958384365341e-06,2.554451845327141e-06,2.401803009666812e-06,8.51923408347548e-06,0.0005496298543938249
2393,2.4683315349750162e-06,2.3983140992816054e-06,2.3498830456453213e-06,6.790221394669404e-06,2.5956312786327043e-06,2.536736235496487e-06,9.239631830456375e-06,0.0001448376935669938
2394,2.460689586805496e-06,2.346217489836378e-06,2.305177830979575e-06,6.477229128969753e-06,2.684511507828723e-06,2.5140676060521173e-06,9.04955667985076e-06,0.00014365616534715072
2395,2.452332091105828e-06,2.57398580689401e-06,2.2144255113795638e-06,6.915089847674491e-06,2.5544572317384842e-06,2.4736514042224677e-06,8.832929833381e-06,0.0002454384161099096
2396,2.4462384188771185e-06,2.6277923872629263e-06,2.320753914348227e-06,6.897936234597427e-06,2.5481483892990694e-06,2.2954327134821863e-06,8.275974874652807e-06,0.00018348096109468935
2397,2.4397727317680257e-06,2.6440758862480174e-06,2.191578539469924e-06,6.648602199801855e-06,2.56650921092965e-06,2.3640820646244544e-06,8.498830391284433e-06,7.05339896278672e-05
2398,2.4272563858477035e-06,2.5786214771302818e-06,2.2732459773771523e-06,7.210419010878955e-06,2.5990724699811125e-06,2.2652036474105905e-06,8.509393518955551e-06,0.00017793627364244956
2399,2.4234560916109033e-06,2.6187495851944404e-06,2.162431179383618e-06,6.846709636196392e-06,2.466384448958396e-06,2.4533660680652184e-06,8.60702400627315e-06,0.00010222146024077883
2400,2.41463389856832e-06,2.699537069894108e-06,2.4287211339900016e-06,7.2835679789154195e-06,2.3666129520496784e-06,2.1707454947522185e-06,7.86658788636869e-06,0.0005617565262073495
2401,2.4080726743016264e-06,2.5612744536880338e-06,2.01072593985716e-06,6.48117506025162e-06,2.655338727653783e-06,2.4120133738684583e-06,9.007743421753543e-06,6.238222841602968e-05
2402,2.3935808281883032e-06,2.4803599568118633e-06,2.204872032428994e-06,6.7028320361548065e-06,2.614035354741726e-06,2.2820752503032343e-06,8.45587377955606e-06,7.212771933124245e-05
2403,2.385790302177984e-06,2.4673347240824322e-06,2.1470522225137486e-06,6.731207952008582e-06,2.530347558070713e-06,2.405423140992572e-06,8.692562590744025e-06,4.584530439782848e-05
2404,2.3809027998851884e-06,2.584784516846683e-06,2.1402958545303553e-06,6.80112047659028e-06,2.5629882565043777e-06,2.2425246993231723e-06,8.2908909022132e-06,0.00013416766034350438
2405,2.3732295226243977e-06,2.512553249800249e-06,2.032762487421916e-06,6.553438476474814e-06,2.5071371812149437e-06,2.4474247781370427e-06,8.631163557112408e-06,1.0947022202778641e-05
2406,2.3666022640453142e-06,2.3581414639560136e-06,2.157344482773078e-06,6.530918189375858e-06,2.5717510277994856e-06,2.3861122864701776e-06,8.791379507262844e-06,7.399060352162268e-05
2407,2.3591773211660197e-06,2.5769377984025756e-06,2.078623918766e-06,6.711213371773598e-06,2.5129254578191842e-06,2.2751405114996628e-06,8.355227101962031e-06,5.451345958713679e-05
2408,2.3536627198422883e-06,2.1764541717388704e-06,2.1975390109000906e-06,5.934359196810746e-06,2.572762793387723e-06,2.4747971253649387e-06,8.962257858664019e-06,0.0001080891514130084
2409,2.3469170549027027e-06,2.5762270450287883e-06,2.1038550994184607e-06,6.733786366877558e-06,2.3763670230924407e-06,2.3381014918125334e-06,8.292785497862036e-06,0.00010713142433991328
2410,2.344618204807032e-06,2.5369830507233337e-06,2.1831092221070045e-06,6.690008932662e-06,2.4889278598254408e-06,2.1763284044886215e-06,8.191807849756422e-06,0.00021043973088152594
2411,2.3365097025740468e-06,2.373542721468619e-06,2.083084745685429e-06,6.5324969634271695e-06,2.6081164520218556e-06,2.288146841922598e-06,8.592422564137076e-06,2.8255332850690813e-05
2412,2.326841926265664e-06,2.3758876714887683e-06,2.1549807840818783e-06,6.976652771348044e-06,2.456311695772813e-06,2.327011119220845e-06,8.576753175516923e-06,5.7561043601718624e-05
2413,2.3248793336684452e-06,2.3958109279383223e-06,1.991535923016842e-06,6.555863299977271e-06,2.610783673904182e-06,2.3082046283708357e-06,8.798699633162368e-06,1.9995341326102345e-05
2414,2.3170427938311063e-06,2.3726243998770705e-06,2.25492867741709e-06,6.490157935220488e-06,2.3608597219047977e-06,2.2865532030509465e-06,8.109837771852621e-06,2.7044465604096257e-05
2415,2.3095556956436114e-06,2.4397521773759712e-06,2.116120999026369e-06,6.607276637287276e-06,2.4814807429055817e-06,2.207641766134105e-06,8.126348318815405e-06,1.1299563432987076e-05
2416,2.2944486303414314e-06,2.310288183307942e-06,2.106566376283724e-06,6.35813500966711e-06,2.464441230761964e-06,2.3032273303213898e-06,8.451541673301966e-06,0.00013659559645175104
2417,2.291071221122163e-06,2.36867155898198e-06,2.0472833513482294e-06,6.569309686895111e-06,2.4375318289939303e-06,2.3175168245836115e-06,8.53851649767341e-06,0.00039828970439041565
2418,2.28417147774066e-06,2.4753539067367644e-06,2.0857321169865425e-06,6.803550022241371e-06,2.413097243952658e-06,2.1692010806414716e-06,8.174772493971368e-06,0.00020774787826086734
2419,2.2806060696031964e-06,2.4241169594602116e-06,2.0299949858347433e-06,6.3447593864236745e-06,2.4111306186578634e-06,2.263869733595932e-06,8.24699409213107e-06,0.0002785293961184625
2420,2.2747128249630124e-06,2.4343534249489234e-06,2.127238129679813e-06,6.80771572347814e-06,2.3411819427715408e-06,2.2027485207350856e-06,7.889016977196411e-06,1.6723845224252781e-06
2421,2.268781248295511e-06,2.4218541351697973e-06,2.096184764648316e-06,6.935593971012567e-06,2.2995923654353352e-06,2.264147056033411e-06,8.109261242424132e-06,0.00026584804901361484
2422,2.263817745840075e-06,2.4423918309173527e-06,2.0785246306696688e-06,6.9571304773036e-06,2.3030941268804616e-06,2.237899160405683e-06,8.124339969837867e-06,1.2298293623682354e-05
2423,2.258596533958594e-06,2.4475999107713632e-06,2.093595413098149e-06,6.762644915707911e-06,2.341844232521463e-06,2.1579700166654016e-06,7.920894460235527e-06,4.03079312726042e-05
2424,2.2558389303307507e-06,2.4342043986449453e-06,2.2275845100985984e-06,6.688944621382238e-06,2.2838768979414053e-06,2.0843052693642577e-06,7.748448766350943e-06,9.017064356416184e-06
2425,2.2410397260737542e-06,2.4024902724958583e-06,2.1099968254367577e-06,6.630908575397371e-06,2.2216389360461568e-06,2.2366048191184585e-06,7.781547231854124e-06,4.084375765151932e-05
2426,2.238050241934385e-06,2.3275557160792084e-06,1.9793004228519744e-06,6.191989125215008e-06,2.3954385129464707e-06,2.2564695377931145e-06,8.108141398754512e-06,0.000321491895050721
2427,2.229334697384875e-06,2.5570932524398084e-06,2.07947917506082e-06,6.68524137688734e-06,2.1414607818265073e-06,2.145843233751143e-06,7.501559873537459e-06,0.0002067676719250003
2428,2.222525944805027e-06,2.2738429507675324e-06,2.053461155248241e-06,6.270815704963865e-06,2.3596649217573505e-06,2.209652399979666e-06,8.093818122080092e-06,0.00027445646368974726
2429,2.220311296234934e-06,2.319783254560679e-06,1.9319345408331903e-06,6.072728751235693e-06,2.3971194586874654e-06,2.2389191167911433e-06,8.203179696944974e-06,0.0003697119729844271
2430,2.2117367204949177e-06,2.27261369595325e-06,2.082167437372992e-06,6.370503880441915e-06,2.3429528668059796e-06,2.155698901075194e-06,7.97728494890355e-06,2.893632446860782e-05
2431,2.2000017464654195e-06,2.3378430481244463e-06,2.0579606115100527e-06,6.310197651300289e-06,2.2244844166763785e-06,2.1861705040846377e-06,7.757288479666518e-06,0.00034468185124951424
2432,2.190245528751653e-06,2.3857513283404206e-06,1.9842964644733988e-06,6.298513164795963e-06,2.2347664552769867e-06,2.162590870023443e-06,7.529518256761213e-06,0.00013296592858481505
2433,2.1872800721133766e-06,2.2179907670088437e-06,1.984540483063954e-06,6.3723642275293525e-06,2.3548566271409865e-06,2.198146724244938e-06,8.231743346233522e-06,6.803137739293396e-06
2434,2.179022913274501e-06,2.318919461683879e-06,2.250650360183421e-06,6.839053192860672e-06,2.1153560622980584e-06,2.037555859479672e-06,7.35241895274787e-06,0.00015056168561036992
2435,2.1741084344051303e-06,2.29069229305361e-06,2.0213636625818353e-06,6.5237516810916046e-06,2.1541413965389926e-06,2.2366120734358717e-06,7.824822369449566e-06,0.0003069879837173929
2436,2.1700938138586077e-06,2.280407170852619e-06,2.041142731698081e-06,6.255211518290235e-06,2.2908310597755432e-06,2.0743582175369765e-06,7.666068427305242e-06,2.3438792874545483e-05
2437,2.166009578371188e-06,2.2693305243057342e-06,1.9912773088951835e-06,6.456281020127926e-06,2.2408409906114714e-06,2.1689414261446138e-06,7.78516344367813e-06,0.00025553253836282664
2438,2.1546754014754336e-06,2.2392093772255553e-06,2.0917208977704363e-06,6.317558573244205e-06,2.2741845445629424e-06,2.0199054931901854e-06,7.577382323036384e-06,2.222685101218939e-05
2439,2.1538337180070797e-06,2.307891853253418e-06,1.9954528409794714e-06,6.451764242047915e-06,2.141987570993218e-06,2.176318854912225e-06,7.72093737066306e-06,4.309965744171163e-05
2440,2.1434926972446265e-06,2.245350685788694e-06,2.094819867338361e-06,6.814582251830384e-06,2.15752693041113e-06,2.0825592074622933e-06,7.611419138430586e-06,0.0003299372117115955
2441,2.139929689750909e-06,2.3594740674377636e-06,1.9389324897772457e-06,6.190802470309826e-06,2.131654367412284e-06,2.135933274111575e-06,7.593468654051079e-06,7.76863758124024e-05
2442,2.1374583840349923e-06,2.231010738425805e-06,2.023858464415578e-06,6.521923345971383e-06,2.170284051057576e-06,2.1309484883894763e-06,7.584967222453868e-06,4.282562936274042e-05
2443,2.1290485802720097e-06,2.0551932961484913e-06,1.969234672698858e-06,5.912193183667818e-06,2.3246777192972867e-06,2.173332193886085e-06,7.938554316279002e-06,5.140872902200794e-05
2444,2.119586248620372e-06,2.210255180548961e-06,1.874554212260264e-06,6.162425516531577e-06,2.2724207048073865e-06,2.1273307008823884e-06,7.970433401514968e-06,8.016697970110567e-05
2445,2.1175716449793707e-06,2.169630557897641e-06,1.9044917836083533e-06,6.296674518054202e-06,2.2159007210920104e-06,2.1864734212583707e-06,8.007422802283218e-06,7.769630413782585e-05
2446,2.103515229624144e-06,2.064849063666946e-06,1.867052639157264e-06,5.87192078461875e-06,2.249331225829497e-06,2.2389966369585022e-06,8.064548938728364e-06,0.00025456606807182293
2447,2.0997478118395285e-06,2.287141425633731e-06,2.026609005428553e-06,6.953685512711372e-06,2.1165221719264415e-06,1.9748762652570335e-06,7.341595647271899e-06,6.008466945727118e-06
2448,2.093043221138435e-06,2.070956237237643e-06,1.987058806840666e-06,5.953979052582553e-06,2.1269344276381127e-06,2.1933613550296412e-06,7.728786293271766e-06,1.276729735441501e-05
2449,2.0856117883590966e-06,2.1145726575626406e-06,1.974744798522819e-06,6.332983072624691e-06,2.187084168867478e-06,2.07216169484548e-06,7.551402436992005e-06,0.0008100094118251609
2450,2.0823037807421725e-06,2.4445428635863867e-06,1.9039920962279817e-06,6.671824402795197e-06,2.0528835697605495e-06,1.9339030405710826e-06,7.003043157080859e-06,7.762407027879032e-05
2451,2.07339615339187e-06,2.1371263570243764e-06,1.8692256592376637e-06,6.274321085838175e-06,2.1743573947849545e-06,2.118955519639481e-06,7.79930547799401e-06,0.00011001312127875695
2452,2.071784361846425e-06,2.114263681379797e-06,1.7856026496788976e-06,5.683092192361431e-06,2.222841131752401e-06,2.1705055948894286e-06,7.908347648379274e-06,9.032947901892408e-06
2453,2.066013170743007e-06,2.215844098981582e-06,1.9676133667476912e-06,6.454617489327404e-06,2.1676512814881237e-06,1.9190026209396475e-06,7.346992981417759e-06,0.0004597359116472327
2454,2.056743649248007e-06,2.1533780108619145e-06,1.9885071240243997e-06,6.199323512809563e-06,2.1730329072327776e-06,1.918088062763207e-06,7.187640765284592e-06,3.2270090996882326e-05
2455,2.051677354580466e-06,2.227382948058977e-06,1.9222622585538006e-06,6.320784677805585e-06,2.0878802032145943e-06,1.975200666641311e-06,7.137859438652052e-06,4.874384020312778e-05
2456,2.0446991138547017e-06,2.1795165958246452e-06,1.9721758594232883e-06,6.363528724618938e-06,2.0272225118772837e-06,2.005877653829551e-06,7.243387084387038e-06,0.0007565531233365603
2457,2.0403525494729105e-06,1.9903132084007714e-06,1.8516657909118703e-06,6.096219699353259e-06,2.2233645924392303e-06,2.102050034245313e-06,7.850452362239667e-06,0.00026530680948336146
2458,2.035364605183292e-06,2.1793039676070238e-06,2.034002090823522e-06,6.662640994174475e-06,2.0241321012130484e-06,1.9099890663915303e-06,7.0318377967988e-06,5.699331564306637e-05
2459,2.031344235625098e-06,2.201321716252664e-06,1.960119938893603e-06,6.40406479297308e-06,2.027392981807819e-06,1.9424993360052446e-06,7.1453053639891355e-06,0.00012131764097540263
2460,2.026996873625695e-06,1.981518778936048e-06,1.9023284020445443e-06,5.7309164306694315e-06,2.164656956481568e-06,2.0654276340002607e-06,7.52849678159746e-06,5.7614071470567414e-05
2461,2.02014410457974e-06,2.0868256041507657e-06,1.906126251103036e-06,6.4100888846268024e-06,2.0791282380463465e-06,2.0144205133652905e-06,7.314044070909405e-06,2.8315935066677654e-05
2462,2.013509025507601e-06,2.0871340926437174e-06,1.989542066763304e-06,6.384872075898266e-06,2.0085661147893075e-06,1.974698535752818e-06,7.113859451703719e-06,0.00021651165409321046
2463,2.0094814292417032e-06,2.1277206515208194e-06,1.8527560934488334e-06,6.259018483987494e-06,2.1170077818877964e-06,1.946334108794327e-06,7.454929713139684e-06,0.00027591150005805166
2464,2.0016013003314864e-06,2.0621877710615998e-06,1.885846919391105e-06,6.024681390999134e-06,2.0919769084823024e-06,1.972263400269428e-06,7.310375290820218e-06,3.7712270494803983e-06
2465,1.9948114867206826e-06,2.139560345146038e-06,1.7829517680316041e-06,5.991689146817599e-06,2.0980534996189154e-06,1.964530218451062e-06,7.369991717503315e-06,0.00016743778656912457
2466,1.9880037419056033e-06,2.1427812825026625e-06,1.921673166728473e-06,6.3380013592850745e-06,1.9430846906905646e-06,1.9503057549221805e-06,7.007424119274996e-06,0.0003404088832958551
2467,1.973642292517227e-06,1.861842046147396e-06,1.7521041855989393e-06,5.504008091430085e-06,2.215459494090928e-06,2.070951244393663e-06,7.728164248049736e-06,0.0003286555598281338
2468,1.9661633772393253e-06,1.9181492443900254e-06,1.8594866765709634e-06,5.7648821435574745e-06,2.0008600998372565e-06,2.0919233578551587e-06,7.431945667466194e-06,0.00027797242914919234
2469,1.9626417350446856e-06,2.1573323419816464e-06,1.8179824228927397e-06,5.96743821077585e-06,1.9531511905179644e-06,1.927856527459506e-06,6.929372850943217e-06,6.037923316942566e-05
2470,1.96048815617187e-06,2.0596573409542726e-06,1.9550753529206533e-06,6.414269316076212e-06,1.9448416040114495e-06,1.8881275553451914e-06,6.944598048034547e-06,9.427997993914465e-05
2471,1.9547971232338677e-06,2.119621085664454e-06,1.9034623866403107e-06,6.458656066518551e-06,1.9217588232781315e-06,1.8800787464422605e-06,6.873880842853761e-06,8.158924741165938e-05
2472,1.947501698507643e-06,2.0148984404377744e-06,1.8787370680957887e-06,6.096438128293455e-06,2.0288367600609647e-06,1.8732456781072145e-06,6.859053189341552e-06,2.5148018846510483e-05
2473,1.9446259985703234e-06,1.9807580827070234e-06,1.8739387924466683e-06,5.963738871095194e-06,2.007607983582605e-06,1.9219018608130264e-06,7.0050850460723386e-06,4.131870934789237e-05
2474,1.9363268893820843e-06,2.0911538953015786e-06,1.9043925062199188e-06,6.368227067994115e-06,1.8210392587687973e-06,1.9344002547484645e-06,6.798175885656682e-06,0.0007223569863208831
2475,1.9333646843665186e-06,2.064566952390754e-06,1.8239681985724254e-06,6.233679170401867e-06,1.9542691890428747e-06,1.896324069107476e-06,7.021765534971646e-06,7.561419563909367e-05
2476,1.932213156428514e-06,1.9666816870213934e-06,1.7333474853511847e-06,5.894250876924573e-06,2.0863250209135237e-06,1.948164735017675e-06,7.341769947116939e-06,7.937168534636616e-05
2477,1.920104125088892e-06,1.929019563850784e-06,1.8809384079295413e-06,5.935693887461579e-06,1.907182095991477e-06,1.968907242785744e-06,6.981550669149275e-06,0.00011448195657231202
2478,1.9153590224424757e-06,1.7922188156954093e-06,1.8385168771765873e-06,5.772701993097002e-06,2.0537731223853935e-06,1.982544149397826e-06,7.3832606306137014e-06,0.0001547529096301873
2479,1.9098730261408403e-06,2.1645432930564175e-06,1.8345443112515481e-06,6.463560168958372e-06,1.86230737282173e-06,1.7836979187098215e-06,6.5498672268949615e-06,3.1760783642499674e-05
2480,1.8996520262424118e-06,2.0162943720858853e-06,1.8377918003305649e-06,6.0379496676528075e-06,1.9920487941252087e-06,1.7580439537543324e-06,6.669322785996476e-06,0.00030411181107843876
2481,1.895985022220297e-06,1.951513268573506e-06,1.7698254605013383e-06,5.832968627184539e-06,1.9512559754179785e-06,1.9169054496810717e-06,7.009740435226375e-06,0.0002568318495649729
2482,1.8889329077056986e-06,1.9982859254847706e-06,1.7696987661347567e-06,5.942055408924009e-06,1.912807988657307e-06,1.8804783360776484e-06,6.904832000019829e-06,3.0160901921510537e-06
2483,1.8855444870102683e-06,1.9148966473321147e-06,1.927272424489758e-06,6.180152898240288e-06,1.8228755335603682e-06,1.8826628003530727e-06,6.739174360274629e-06,2.7843957632030732e-05
2484,1.8769755046153185e-06,2.053790365560129e-06,1.7529101315354487e-06,6.280475483192768e-06,1.8646691574642288e-06,1.8420366912521114e-06,6.789702969689084e-06,0.00013778888727469273
2485,1.872418152259499e-06,1.941298353998059e-06,1.6949237870492273e-06,5.969715581396525e-06,1.9884942190923897e-06,1.870447211296249e-06,6.984753937193349e-06,7.370804463657679e-05
2486,1.8665863789189865e-06,2.062638220886078e-06,1.9826707259945756e-06,6.450052535439927e-06,1.7197077915643076e-06,1.7068026414860661e-06,6.194485460129268e-06,2.750779289267004e-06
2487,1.8610221525484597e-06,1.9676031792033106e-06,1.6631115871809942e-06,5.6571346831119635e-06,1.900454271026015e-06,1.9183771097030594e-06,6.945091762528312e-06,0.00014378986641663832
2488,1.856099044363534e-06,1.849611115314526e-06,1.776564063848467e-06,5.747981769932436e-06,1.9543415358953363e-06,1.8493225619499587e-06,6.862131093097286e-06,8.620354563737822e-05
2489,1.8529802535235584e-06,1.9233580527605894e-06,1.7175205857994889e-06,5.819057763938631e-06,1.9132264701498916e-06,1.8632498711392367e-06,6.848328500199161e-06,6.071192872745635e-05
2490,1.8483996090094649e-06,2.0162122777855708e-06,1.878317619837258e-06,6.266477013178773e-06,1.7776273676604663e-06,1.726861696440561e-06,6.2715595934765785e-06,8.824355010975956e-05
2491,1.8423588571461016e-06,1.8553857977251137e-06,1.626444061161983e-06,5.564791316571579e-06,2.013619132110867e-06,1.8793892521214594e-06,7.0970277756362704e-06,2.9144612154261637e-06
2492,1.8355428536214498e-06,1.883410971868811e-06,1.6372098531965149e-06,5.400074121767773e-06,1.9413702592684522e-06,1.8855631529310437e-06,6.936266520645271e-06,1.2510843186200266e-05
2493,1.826363585568099e-06,1.9451258994432327e-06,1.7655766046639471e-06,5.902597293388493e-06,1.7683624601395953e-06,1.831745260481475e-06,6.514455698093316e-06,4.767481623219773e-05
2494,1.822907224761322e-06,1.9560278909685747e-06,1.7565182543056704e-06,5.764867714890996e-06,1.7889918530338287e-06,1.7954366597821e-06,6.44439595180821e-06,8.284004849280934e-05
2495,1.8193754806034037e-06,1.9263632249481076e-06,1.8129486115244202e-06,6.135425714232753e-06,1.7159144644976455e-06,1.827611024551063e-06,6.434047673594341e-06,6.609456862776553e-05
2496,1.8169711444819851e-06,1.9646977417761424e-06,1.8359669419796174e-06,6.222887898445133e-06,1.7234643855955156e-06,1.749083893561723e-06,6.265911513301179e-06,8.756478200475298e-05
2497,1.8104364580290994e-06,1.8535603455899982e-06,1.645563874300551e-06,5.432293270784482e-06,1.909682798674577e-06,1.8382479862797231e-06,6.76026838454926e-06,2.490665454606651e-05
2498,1.8074133570756275e-06,1.7691724383071304e-06,1.650077960494774e-06,5.512034304065342e-06,1.882192961599091e-06,1.9335104017880144e-06,6.9989421400537815e-06,0.0007028991429042939
2499,1.8027673542270549e-06,1.8259108136665378e-06,1.7551183293205804e-06,5.750996799587878e-06,1.842480039311362e-06,1.7928469425770535e-06,6.648850162595481e-06,1.486416659130092e-05
2500,1.792145777307761e-06,1.9237094185170886e-06,1.8190267371611334e-06,5.995056088826095e-06,1.7540754804941767e-06,1.677027042523313e-06,6.262428202882111e-06,0.00018375476657605443
2501,1.7831093775619957e-06,1.7891913055757972e-06,1.699224794478087e-06,5.691123652827935e-06,1.867588491127747e-06,1.7816619918247514e-06,6.631304216254318e-06,7.555779148747748e-06
2502,1.7827939642990586e-06,1.8025615924269297e-06,1.8002565390445162e-06,5.844091830943958e-06,1.8390595102566565e-06,1.6945263658093805e-06,6.470356226104223e-06,0.00014545899015468218
2503,1.77902991470799e-06,1.8365959191107767e-06,1.7048381547190343e-06,5.712256618991905e-06,1.8229371913365811e-06,1.7569655028084443e-06,6.500375538714903e-06,0.00010726578993125505
2504,1.776555170894292e-06,1.8339876460090518e-06,1.774762288239914e-06,5.932214735382732e-06,1.7857877046743202e-06,1.7168928954153538e-06,6.311059107940548e-06,2.2219054334905253e-05
2505,1.7612174899931196e-06,1.8386297769041978e-06,1.8193105306267004e-06,5.9477404206497254e-06,1.6791709384181276e-06,1.712923564387892e-06,6.134970512974716e-06,0.0004050819406885015
2506,1.7603660890515725e-06,1.8643894904365306e-06,1.7437782673615488e-06,5.77265018336315e-06,1.7534275327952957e-06,1.6850314385807208e-06,6.233717236051477e-06,3.1473105382204924e-05
2507,1.75687767329801e-06,1.8285426836691519e-06,1.7375301346976804e-06,5.980286170988627e-06,1.6808278544791787e-06,1.785762139876024e-06,6.44837679261616e-06,5.932279793404511e-05
2508,1.7529061661795366e-06,1.8892600396125853e-06,1.5904973095184248e-06,5.699068105770559e-06,1.7729068700303572e-06,1.7641009459383273e-06,6.374868337886848e-06,0.000555682826990862
2509,1.7459488468183033e-06,1.790513701445969e-06,1.6398216443852078e-06,5.479657445092639e-06,1.8273006501114277e-06,1.731279481384952e-06,6.3684078051007395e-06,3.8585556090896066e-05
2510,1.741609217253005e-06,1.7582835255725335e-06,1.7415225220182971e-06,5.582788298071057e-06,1.7455626608174428e-06,1.726175506724941e-06,6.33426169212868e-06,0.0001378939498146061
2511,1.7394340212709481e-06,1.896042347220356e-06,1.7388214096867864e-06,6.10239969007488e-06,1.598637462827723e-06,1.72933584322176e-06,6.047592227380131e-06,1.9517759990008967e-05
2512,1.7341820619483037e-06,1.91445110104583e-06,1.614992146081193e-06,5.679415555749655e-06,1.7883690392512329e-06,1.6240015515126945e-06,6.165577431794265e-06,0.000261823399004758
2513,1.7305083814757217e-06,1.882118778394925e-06,1.6550481886076656e-06,5.746244559361148e-06,1.7205352234324572e-06,1.6694061412443997e-06,6.162699809226455e-06,5.7064306129755044e-05
2514,1.7261502557119214e-06,1.9981629476796924e-06,1.660786190968715e-06,6.045228081838711e-06,1.6385891549357557e-06,1.6121247444826997e-06,5.91084502802674e-06,3.3626755541915727e-05
2515,1.722800685697537e-06,1.8795304811921965e-06,1.7341979093777845e-06,5.938598242666046e-06,1.5951779550235676e-06,1.6873486096841813e-06,5.941214571872179e-06,0.00012048569487381337
2516,1.716125744326778e-06,1.9647916839120366e-06,1.6943641935399257e-06,5.7969373943867225e-06,1.5818710412533443e-06,1.6285086778666672e-06,5.86108935842432e-06,2.1541869711366827e-05
2517,1.7144925309442815e-06,1.7955188562574898e-06,1.6171376843913073e-06,5.555019655216766e-06,1.6994979281896296e-06,1.75084348981367e-06,6.407939698430596e-06,2.129930643835323e-05
2518,1.7097085474180075e-06,1.9492681136888686e-06,1.802789125608413e-06,6.115916287420696e-06,1.592884592281604e-06,1.498906181490469e-06,5.561387300334204e-06,9.768930228578396e-05
2519,1.7038527590929347e-06,1.896269776420439e-06,1.6302823333338037e-06,5.759835289977862e-06,1.6537730995328361e-06,1.6400824737438343e-06,6.03330003805719e-06,1.0313903864761616e-05
2520,1.6938909381608627e-06,1.8890081807193921e-06,1.578155416818094e-06,5.6363235839955265e-06,1.6517978640688044e-06,1.661569726932872e-06,6.038028549674436e-06,6.929396742222526e-05
2521,1.692685331496468e-06,1.7310390960437903e-06,1.6935520411425105e-06,5.633820619628471e-06,1.666595779285249e-06,1.684518305118922e-06,6.100384921091317e-06,9.142980643736596e-06
2522,1.684110128098186e-06,1.7197625553352862e-06,1.6384187283432559e-06,5.6555411872067505e-06,1.7125315522319109e-06,1.6706664178837986e-06,6.2194243191865445e-06,6.860249578785836e-05
2523,1.6825380293388754e-06,1.793608241743514e-06,1.514531288756154e-06,5.431336227583738e-06,1.7154996910489445e-06,1.7114470319954794e-06,6.2303929909206866e-06,0.0001775481647536378
2524,1.6779690487090234e-06,1.7573026992570648e-06,1.6933077974467395e-06,5.706452274803945e-06,1.5902074217182348e-06,1.675979015074999e-06,5.973534060926538e-06,7.794264131431271e-05
2525,1.6729768038405285e-06,1.9488730575312176e-06,1.6334570155250407e-06,5.987957190171692e-06,1.5978112678433395e-06,1.5166719506573398e-06,5.661502423025991e-06,7.963568648625184e-05
2526,1.6663121278643098e-06,1.8461975014593571e-06,1.6834985765248207e-06,5.737118288240928e-06,1.5747321645699358e-06,1.5657068236147271e-06,5.681047614676731e-06,2.5754429425170896e-05
2527,1.6599036878972812e-06,1.659471271291023e-06,1.6535636841705466e-06,5.584022671054805e-06,1.6544862411775165e-06,1.6769612962094003e-06,6.185587911244487e-06,8.625291472711475e-05
2528,1.6579176554187835e-06,1.8650241417291759e-06,1.591807501936574e-06,5.72568405136832e-06,1.5848127056075912e-06,1.5948882111156705e-06,5.802514638381389e-06,5.16551074626585e-05
2529,1.6514373417553283e-06,1.7625610791756734e-06,1.6371341321879082e-06,5.752724786800732e-06,1.5923461469078553e-06,1.618550931705953e-06,5.905921024850904e-06,0.0010672377800612586
2530,1.6464960304409726e-06,1.8306864239211933e-06,1.6985907768720936e-06,5.832197065866017e-06,1.605267733168712e-06,1.4562676249977705e-06,5.563616378834461e-06,7.746646075672365e-05
2531,1.6417116165095205e-06,1.7815474815966936e-06,1.626701519329779e-06,5.631613981366962e-06,1.575969767147802e-06,1.5874421127708272e-06,5.751467117537704e-06,8.443466120337124e-05
2532,1.6311652451361182e-06,1.8218379554264616e-06,1.6530549968758985e-06,5.834677634482304e-06,1.5121731600934702e-06,1.5423783484164379e-06,5.5995363092660825e-06,2.331388263353928e-05
2533,1.6259602677019849e-06,1.7173968696671029e-06,1.5419036046035035e-06,5.4068372334273225e-06,1.6148634762624113e-06,1.6344453296383848e-06,5.963890384511639e-06,5.781990273761428e-05
2534,1.6255252830855515e-06,1.7115147105081745e-06,1.5587148467770226e-06,5.287033937748604e-06,1.6617468028860346e-06,1.5748917020819614e-06,5.9703420244032565e-06,1.8243246140472015e-06
2535,1.6216324193992037e-06,1.5614192650865262e-06,1.5592736867727834e-06,4.874734072188076e-06,1.791145046348359e-06,1.5794471898087217e-06,6.105246660213075e-06,0.00022566405564808714
2536,1.616037132747732e-06,1.6728814186699165e-06,1.6139080590676058e-06,5.25938232402765e-06,1.5680824673399506e-06,1.6140156927544394e-06,5.78419231284254e-06,6.401207305787818e-05
2537,1.6095271134289078e-06,1.760264800602534e-06,1.6063970586265402e-06,5.43159103649142e-06,1.5791487183376391e-06,1.4970179006889594e-06,5.626851661713161e-06,1.716795534407249e-05
2538,1.5979880069873182e-06,1.5748942645223511e-06,1.4069346008092375e-06,4.891147388779589e-06,1.6988814261158867e-06,1.71592791811567e-06,6.299066571336163e-06,0.00014908503481480387
2539,1.593073650643395e-06,1.697524440490278e-06,1.5833980870365822e-06,5.492087555627726e-06,1.5322859720018424e-06,1.5637578758219122e-06,5.686807531610373e-06,5.002316348956209e-05
2540,1.591514793471906e-06,1.7677568849874764e-06,1.4886137741259708e-06,5.346026765080227e-06,1.5267862775018573e-06,1.5875694312970829e-06,5.752111420627023e-06,0.00011820037777861677
2541,1.5826803057140407e-06,1.5908080001652897e-06,1.5777923879490233e-06,5.340827326993626e-06,1.4845676517690437e-06,1.6821944703439644e-06,5.842697223329446e-06,6.913090256347183e-05
2542,1.5804299544054454e-06,1.7359425349924538e-06,1.484501497474317e-06,5.456410663516569e-06,1.5199123897726488e-06,1.5859980885775583e-06,5.788767175761453e-06,0.00010217116596902704
2543,1.5799561652708477e-06,1.6290052861410324e-06,1.4933011756531832e-06,5.171168069364099e-06,1.5317181042308774e-06,1.6704334062978282e-06,5.945841276175704e-06,0.00011931016946492298
2544,1.575338790556233e-06,1.5892405795330076e-06,1.6033082939173474e-06,5.2475937033372674e-06,1.5621359710514513e-06,1.5512900885190865e-06,5.723639637610558e-06,0.0002036227524973244
2545,1.5720002291375122e-06,1.7458131282290367e-06,1.4725164443079626e-06,5.388097480094393e-06,1.5624407512801275e-06,1.5118405739118705e-06,5.6769797765963785e-06,1.4656431187751006e-05
2546,1.5674806579439361e-06,1.7030102737833695e-06,1.5551881617294365e-06,5.441243917294316e-06,1.453733170021454e-06,1.5625877507592068e-06,5.516024504748926e-06,0.00010452031660751338
2547,1.563508797844488e-06,1.563575494286012e-06,1.407237843849845e-06,4.826791620597626e-06,1.6814740021313086e-06,1.6063329143814314e-06,6.045691488672849e-06,6.4693996194663025e-06
2548,1.561850800870975e-06,1.6918789274354907e-06,1.5842143646386565e-06,5.460138212550825e-06,1.5156958816717026e-06,1.4601942313909556e-06,5.422207393901272e-06,0.00017315489827112186
2549,1.5502660947751243e-06,1.6460355932101307e-06,1.5566467463816396e-06,5.4382674161467676e-06,1.4989149743768222e-06,1.5040132922824116e-06,5.540573355648238e-06,0.00013931277968469292
2550,1.5476633174497119e-06,1.676222620759955e-06,1.5025474130628748e-06,5.3159190724239145e-06,1.4871130848883228e-06,1.5293087516353406e-06,5.479491017443635e-06,2.920290634555286e-05
2551,1.5422941954906644e-06,1.669974186159142e-06,1.619366956964296e-06,5.579173231411668e-06,1.4506300782038912e-06,1.4337284182999622e-06,5.309954759079309e-06,7.54142393598225e-06
2552,1.5411448980312042e-06,1.7222488192604018e-06,1.5274313756550919e-06,5.428534138840321e-06,1.4460453610197747e-06,1.4733735063514818e-06,5.390821494447611e-06,4.204886481714766e-05
2553,1.5370017071238284e-06,1.5446845378424176e-06,1.5205493746450116e-06,5.1546815646621905e-06,1.5630134903153221e-06,1.524266760121856e-06,5.722897849900975e-06,1.946208546927618e-05
2554,1.5304211403731153e-06,1.6487643292645429e-06,1.466864287400124e-06,5.203477680530211e-06,1.5164909669783636e-06,1.4940530233493634e-06,5.570084240915613e-06,4.347757533853535e-05
2555,1.527891946518731e-06,1.6079516632685927e-06,1.5652963887451932e-06,5.342806835347841e-06,1.4642326134993432e-06,1.4785677597364934e-06,5.397729225951323e-06,6.511473316328525e-05
2556,1.5220929039976451e-06,1.6869841168869679e-06,1.3633985749171171e-06,5.033428893281191e-06,1.5207480942165762e-06,1.52170445008438e-06,5.570129156231576e-06,4.442575573368271e-06
2557,1.5218959583164836e-06,1.6090816994935794e-06,1.5388120182677454e-06,5.351443236186914e-06,1.397966329059712e-06,1.5461868308568778e-06,5.4412840665179085e-06,0.0004804313208780184
2558,1.5144901719474986e-06,1.6454795402301343e-06,1.4837208215039716e-06,5.242451505979255e-06,1.520729413309295e-06,1.4124722310649517e-06,5.428795863171105e-06,0.00020702271449204215
2559,1.5102561091620182e-06,1.5851654758892487e-06,1.4947790482914919e-06,5.142292484164336e-06,1.493065143015533e-06,1.4724436854480174e-06,5.436977989858994e-06,0.0001747450694728313
2560,1.5007692276910855e-06,1.6701669867676782e-06,1.4798639997532282e-06,5.2463358730225015e-06,1.3860059547185573e-06,1.4714410459833923e-06,5.290822099874034e-06,1.0295121405504763e-05
2561,1.4995375616037208e-06,1.6155813239638896e-06,1.4899519457217824e-06,5.282674035868521e-06,1.4770322066289888e-06,1.4199822479737061e-06,5.368112512298484e-06,6.792418982118543e-05
2562,1.4963880078493608e-06,1.539135532925112e-06,1.5051235858937444e-06,5.011370194521175e-06,1.5074012633348802e-06,1.4382798796339468e-06,5.4606195419498385e-06,9.752320891630366e-05
2563,1.4951307006555242e-06,1.7230503032308848e-06,1.4763926943760815e-06,5.374674992349606e-06,1.414829813044037e-06,1.3706345392588625e-06,5.128454246793574e-06,4.099550631950119e-05
2564,1.4912233780037243e-06,1.5968604364100368e-06,1.4489168484715826e-06,5.189606487700156e-06,1.4760845888976291e-06,1.4474047173715717e-06,5.38405624706778e-06,3.0448596313323627e-05
2565,1.4829074574056003e-06,1.6717253128072732e-06,1.490408457065851e-06,5.265560918539977e-06,1.3837653913954942e-06,1.390079360078477e-06,5.0667544460942685e-06,7.729727002900635e-05
2566,1.4798914866882035e-06,1.6534848572630246e-06,1.5108129064514355e-06,5.277118277641045e-06,1.3409381476301058e-06,1.41866989909834e-06,5.078449222043407e-06,0.00013440312395243816
2567,1.4770383694721143e-06,1.6030846672355295e-06,1.4344442881758393e-06,5.166931953591394e-06,1.4607684848174375e-06,1.4141875208415348e-06,5.316868973322467e-06,0.00015759192651810394
2568,1.4747765685920444e-06,1.5634738042889765e-06,1.3927673502637137e-06,4.987185431541002e-06,1.4409883855396298e-06,1.5062015989682137e-06,5.448490819040058e-06,0.00013910573448891112
2569,1.4691030830802247e-06,1.6624190240791615e-06,1.3715471446620859e-06,5.138580186518717e-06,1.3885955503247436e-06,1.4581588411896678e-06,5.287430259964951e-06,8.137550079137973e-05
2570,1.4681041775627483e-06,1.5937360786657034e-06,1.5175309975054286e-06,5.315813786662105e-06,1.3461254016991237e-06,1.419329525483156e-06,5.143576770785754e-06,2.0269558904990426e-05
2571,1.4611531919937234e-06,1.6128232269033202e-06,1.5168089972248167e-06,5.4006527409954415e-06,1.3737445088641038e-06,1.3455209352298099e-06,5.007065603110582e-06,9.431416159700374e-06
2572,1.4547139180225979e-06,1.5228943962594835e-06,1.420299718062136e-06,4.958673952641183e-06,1.4765659983276957e-06,1.4033615915111282e-06,5.364054562870459e-06,5.615811106710448e-05
2573,1.452447078595326e-06,1.5360000691679325e-06,1.451035235405185e-06,5.079204024703474e-06,1.4090271796302486e-06,1.4179851906666182e-06,5.260814555110687e-06,4.165193763774922e-05
2574,1.445407477955639e-06,1.5251945115921454e-06,1.4819281598746671e-06,5.096203058789107e-06,1.3409877425495678e-06,1.4377582359471879e-06,5.1150539097187735e-06,4.6229107743573084e-05
2575,1.4381697818468305e-06,1.5839719135787156e-06,1.4456930261161861e-06,5.198554760176524e-06,1.3251743600114267e-06,1.4020573434608048e-06,5.0068895385543825e-06,1.869560591991168e-05
2576,1.4349751289939165e-06,1.5805244625248347e-06,1.4852985226204215e-06,5.325464232285831e-06,1.3002154097182087e-06,1.3780702612313247e-06,4.990980068967234e-06,3.633918990190882e-05
2577,1.4318222539144232e-06,1.5257171541722726e-06,1.3806926799439934e-06,4.822934382853452e-06,1.3772730841086446e-06,1.4478050084916021e-06,5.217044504168217e-06,0.00023613558408713492
2578,1.4303096285774769e-06,1.4676585755335026e-06,1.4080275309197694e-06,4.942010905217241e-06,1.417768466555294e-06,1.4319783851258643e-06,5.3246231621825066e-06,0.0004109389274128618
2579,1.428872394153927e-06,1.4153021181029487e-06,1.3988307650509924e-06,4.7937121377449755e-06,1.4373214826231691e-06,1.4682254647677719e-06,5.37242481208797e-06,7.919450042695695e-05
2580,1.422901598988343e-06,1.4894344560174401e-06,1.4768068686384887e-06,5.040150739433143e-06,1.337399941720296e-06,1.3921378508935849e-06,5.038630237594282e-06,0.0003931611919554352
2581,1.4209100260803004e-06,1.4439903972197672e-06,1.4030908706180965e-06,4.8256029690535385e-06,1.3829717813545042e-06,1.457753953207531e-06,5.276095161457111e-06,0.0005069623565247584
2582,1.4142863000759674e-06,1.5588805985885913e-06,1.5167840174030265e-06,5.21221413830001e-06,1.3258226103438417e-06,1.2598054456078954e-06,4.78441155555934e-06,3.3690586453502233e-05
2583,1.4108718921158576e-06,1.4260577350146199e-06,1.3537373711752316e-06,4.716070408574092e-06,1.3818941821820078e-06,1.4859357463630882e-06,5.2714639576376285e-06,0.00021908926901150069
2584,1.4078304156345602e-06,1.3638396391262827e-06,1.4101690173147407e-06,4.775372443646949e-06,1.4645356632003944e-06,1.396905868840476e-06,5.3881110158403e-06,2.0669593601931076e-05
2585,1.403501380078083e-06,1.4720461862889366e-06,1.4486121762088086e-06,5.012317248042079e-06,1.3144954076052955e-06,1.3829675975787198e-06,4.990428651237303e-06,1.2612006840102354e-06
2586,1.3981628626394281e-06,1.5096289552191853e-06,1.4304830271440588e-06,4.930728293064713e-06,1.3360483852929244e-06,1.3205912704979552e-06,4.882476704816694e-06,0.00031151796977585953
2587,1.3931673693603288e-06,1.5443903852780874e-06,1.4680301653726657e-06,5.261729473871933e-06,1.258020417022475e-06,1.3063140450099392e-06,4.7588369856457016e-06,0.00019587757436265591
2588,1.389212512674207e-06,1.5133731486226084e-06,1.4350734833937326e-06,4.9689946138408064e-06,1.2655560412645986e-06,1.3469213018681605e-06,4.837583698732298e-06,2.2477216324957362e-05
2589,1.3860794169102909e-06,1.390296327543531e-06,1.3380527297517192e-06,4.603386487069867e-06,1.3887819533592104e-06,1.4312514057798143e-06,5.258864298657121e-06,0.0001503545201094169
2590,1.380072277495759e-06,1.476820219781688e-06,1.4352664765964063e-06,5.086875423037047e-06,1.268480756643574e-06,1.343768798635494e-06,4.853074923847511e-06,7.45390320438632e-05
2591,1.3783987431097736e-06,1.4207195803060032e-06,1.380231151815746e-06,4.732494235492431e-06,1.311795971193772e-06,1.4048904954315468e-06,4.99259279653637e-06,8.41926072197741e-05
2592,1.370840456070107e-06,1.4526271633309896e-06,1.4119253877828252e-06,4.910970959281479e-06,1.2773069150652222e-06,1.3455224348814641e-06,4.883264835116032e-06,6.514649239889107e-05
2593,1.3656597579473796e-06,1.4220712256731352e-06,1.4309420258771424e-06,4.902034001545904e-06,1.317507698112593e-06,1.2961229561672418e-06,4.876427238699791e-06,3.527602764020332e-05
2594,1.3594939417866224e-06,1.4937604197847338e-06,1.3022118448138957e-06,4.812855202696589e-06,1.2615082688495656e-06,1.3844820156271327e-06,4.904504658508009e-06,0.00022128948491739378
2595,1.3564791682104206e-06,1.4672048185343406e-06,1.3893377681429997e-06,4.854564547810463e-06,1.2875314357020738e-06,1.2858205925263283e-06,4.74466650605513e-06,6.846752894833319e-05
2596,1.3561208520391571e-06,1.580912488454816e-06,1.3973372581331512e-06,5.2277309206736905e-06,1.2103107391294692e-06,1.239899808523945e-06,4.599434869625702e-06,7.00304767023246e-05
2597,1.3499074495693925e-06,1.4776842092636604e-06,1.4219713142407196e-06,4.935284051339614e-06,1.2344086885174892e-06,1.2695242566233974e-06,4.616179113243147e-06,0.00029363699152579225
2598,1.3452323026769033e-06,1.4769895984890872e-06,1.3608299937311919e-06,4.840878312654059e-06,1.2842725420458785e-06,1.2627820518784784e-06,4.731501773609275e-06,0.0003220969320955488
2599,1.3397898481084036e-06,1.4731637858498647e-06,1.3971248987718489e-06,5.060785398480603e-06,1.2153268641638762e-06,1.2774728498933984e-06,4.618533084745168e-06,1.4858421019044373e-05
2600,1.3377479127076233e-06,1.5354504234937436e-06,1.4130429042616047e-06,5.125111596480415e-06,1.2206212295376286e-06,1.1858001028781937e-06,4.444641969467524e-06,6.22998843025063e-05
2601,1.3325037961911564e-06,1.4249380055345096e-06,1.4002983099482058e-06,4.829121515903651e-06,1.2430187663646448e-06,1.2656677321377522e-06,4.673384036496597e-06,8.23247339812841e-05
2602,1.3314365032786696e-06,1.3513951964581356e-06,1.3132043572315979e-06,4.5813320301102405e-06,1.2806418100354326e-06,1.38440915680255e-06,5.004603715906508e-06,0.000491903534344751
2603,1.3251250186261955e-06,1.4946602665064778e-06,1.4467005548092423e-06,5.105037085842905e-06,1.153611661168142e-06,1.2094135949394372e-06,4.398778346178051e-06,0.00013739880262840187
2604,1.3225096803170514e-06,1.4639269999255238e-06,1.3584821003886254e-06,4.890427537607e-06,1.2214215289302972e-06,1.250086423325018e-06,4.601508648341756e-06,5.277030318040882e-05
2605,1.317830632691732e-06,1.455808533000822e-06,1.3927407875566934e-06,4.973035778489145e-06,1.1916025349598993e-06,1.2350352827790815e-06,4.505130487972008e-06,2.7908807017434566e-05
2606,1.316217194559693e-06,1.4199688491000263e-06,1.3158518526081193e-06,4.72589296971378e-06,1.2614275764410522e-06,1.271480374368632e-06,4.708980700368487e-06,0.00014910068908275618
2607,1.3104715423855316e-06,1.4640531147714302e-06,1.515823415997011e-06,5.240497064314366e-06,1.14421168204461e-06,1.1216409803662704e-06,4.220197637683872e-06,8.975793506826102e-05
2608,1.3044023610378642e-06,1.3859870689342755e-06,1.3277100611758597e-06,4.662834497590735e-06,1.2539538157892567e-06,1.2537837198789823e-06,4.671809092857167e-06,0.00018036812982844092
2609,1.3004684035380162e-06,1.275632582252812e-06,1.3244213063776689e-06,4.561403815619965e-06,1.2956464226503711e-06,1.3099869992508383e-06,4.881041467993136e-06,0.00011421054863715347
2610,1.2974389083169978e-06,1.4239370503138161e-06,1.4374250100120339e-06,4.985480053317682e-06,1.1552620415851075e-06,1.1769363429887943e-06,4.3200404533905985e-06,4.2894648921970574e-06
2611,1.2958909212346427e-06,1.4017229867501618e-06,1.210917823432699e-06,4.5324756529142725e-06,1.2542171371866393e-06,1.3205060007542372e-06,4.796656383092605e-06,4.566055695318945e-05
2612,1.2934273702510694e-06,1.2969171695295702e-06,1.314032074054544e-06,4.471773327579296e-06,1.3136790879388874e-06,1.2528741955180727e-06,4.738955017324658e-06,0.00017006935465162
2613,1.2916732372422633e-06,1.41621681248058e-06,1.2871173030096641e-06,4.7102182988884845e-06,1.2353540657399135e-06,1.231792668728559e-06,4.630283517168874e-06,0.00010653461075734092
2614,1.2846923713819959e-06,1.3338829231154822e-06,1.328523443231147e-06,4.623718731447972e-06,1.2234889202725577e-06,1.2566416189411918e-06,4.617383073979826e-06,1.220322068477364e-05
2615,1.2779910292251543e-06,1.459003956689139e-06,1.4057390913173229e-06,4.969935433581102e-06,1.0977174088636654e-06,1.1532514417963865e-06,4.166784837312984e-06,2.0224780934012354e-05
2616,1.2764988170385303e-06,1.3664161749627054e-06,1.3993668621729611e-06,4.854091799256074e-06,1.1392369643227425e-06,1.2047186576581214e-06,4.3731551203367716e-06,3.3752936665133786e-05
2617,1.2743396096531075e-06,1.3359810749579421e-06,1.3218264480548323e-06,4.561445268581217e-06,1.1770042053487438e-06,1.266283776058167e-06,4.567715846363711e-06,7.819831853749374e-05
2618,1.2716606947442326e-06,1.4077533163355595e-06,1.3429683610276256e-06,4.7801225069339185e-06,1.1416732587003743e-06,1.1979770619373285e-06,4.33787225775416e-06,0.00018433379903021998
2619,1.2701104867869993e-06,1.387867895709927e-06,1.3234430959228092e-06,4.722185384519475e-06,1.2114833037245008e-06,1.1613723253895118e-06,4.394853756750785e-06,6.178010673687329e-06
2620,1.2642585719107424e-06,1.4042465696668291e-06,1.345052901362172e-06,4.831906378153605e-06,1.1202439592951152e-06,1.1911983621309031e-06,4.284130176531411e-06,4.819137944654988e-05
2621,1.262124911146954e-06,1.345946922179353e-06,1.257488189515576e-06,4.417022763120086e-06,1.2151687761088321e-06,1.2335970139987588e-06,4.5416992425918495e-06,7.666343981471309e-07
2622,1.258144617383497e-06,1.3396425484710814e-06,1.2923628591356199e-06,4.486885057978589e-06,1.2149052659122332e-06,1.1893573716159347e-06,4.452349985726918e-06,0.00015863436282632476
2623,1.2571034264205156e-06,1.4401071486804991e-06,1.2938533387261325e-06,4.773760429710814e-06,1.11944774285563e-06,1.1786920015786058e-06,4.291659724146557e-06,0.00029545346270771155
2624,1.2510350381536872e-06,1.379450340308912e-06,1.276832241615511e-06,4.631296812747105e-06,1.1709742330020936e-06,1.180552063778291e-06,4.381015630727396e-06,2.3528069484352268e-05
2625,1.250204181855425e-06,1.3839405699866853e-06,1.2963581271437445e-06,4.755395278787615e-06,1.1099161355148179e-06,1.2142681850273038e-06,4.381428676664468e-06,7.785880551876475e-05
2626,1.2436277120359858e-06,1.4036104585745645e-06,1.268883345604323e-06,4.631133978958062e-06,1.1548941507523708e-06,1.1507698997273915e-06,4.290044901557609e-06,0.00015343905320893997
2627,1.2387520382902805e-06,1.3782090981364434e-06,1.3150630321514074e-06,4.760445027617869e-06,1.1501833172036688e-06,1.1151854139045423e-06,4.232840685148074e-06,0.00021361005386640237
2628,1.235019522832848e-06,1.3360115712066756e-06,1.3276460455029583e-06,4.692335999299139e-06,1.1419267300182995e-06,1.1381154949674692e-06,4.25923701247208e-06,1.8331509600741882e-05
2629,1.2331112223930004e-06,1.3465135257078222e-06,1.222263567822395e-06,4.493668907330976e-06,1.1440918148889799e-06,1.2231921457271657e-06,4.377443857532116e-06,6.790757542879661e-05
2630,1.2282616987964093e-06,1.391471652153791e-06,1.2974015484949448e-06,4.649988939480764e-06,1.0963131208490304e-06,1.1314624084295085e-06,4.124951663017596e-06,9.716322315185509e-05
2631,1.2267252070117247e-06,1.2885676336478121e-06,1.2198998440701373e-06,4.354805010072385e-06,1.2043032473992753e-06,1.1977275420613698e-06,4.507530809273339e-06,0.00026484922460806153
2632,1.2184069971925623e-06,1.3510896794678769e-06,1.2741428774656526e-06,4.585870159222972e-06,1.0988707493852374e-06,1.1530977400014894e-06,4.1927828358634014e-06,0.00010734266828380598
2633,1.2170475935164492e-06,1.3668415315766456e-06,1.3505029791519079e-06,4.7152793480783705e-06,1.0642145196907627e-06,1.090200390504935e-06,3.962199038871219e-06,4.977371136490952e-05
2634,1.213827390222488e-06,1.3393019209083334e-06,1.239151846886234e-06,4.465507420448569e-06,1.105407268359415e-06,1.1750081295724311e-06,4.223013844255624e-06,7.933795562385296e-05
2635,1.2125637144579402e-06,1.3059813074344867e-06,1.2474680441887224e-06,4.516298206915189e-06,1.1255491979557978e-06,1.1748122090754555e-06,4.320818860061162e-06,0.00011711045605300341
2636,1.2094764067599465e-06,1.3680561401784682e-06,1.2995484663615779e-06,4.694524654065728e-06,1.0567363681482161e-06,1.1171114996024043e-06,4.062491446132195e-06,9.395691433416981e-05
2637,1.206610796395772e-06,1.24477804652221e-06,1.176661175692264e-06,4.235218763974399e-06,1.214660991236563e-06,1.193881409996838e-06,4.511186635288541e-06,4.277422211023597e-05
2638,1.2031195746011033e-06,1.3072711397391402e-06,1.2561611166682477e-06,4.527336093496566e-06,1.1441131119687086e-06,1.1084611406428897e-06,4.211939734076147e-06,2.2067585719100768e-05
2639,1.2011720033734086e-06,1.332982633363376e-06,1.2712849737902197e-06,4.614356072361107e-06,1.0541222084922054e-06,1.1498207028609534e-06,4.11255153256164e-06,0.0003323486481300229
2640,1.1977361290697151e-06,1.2547464884259726e-06,1.254735092333566e-06,4.37131138697774e-06,1.098959957709187e-06,1.1860154090448881e-06,4.2865743298114196e-06,4.832627503285863e-05
2641,1.1929851527683146e-06,1.3343531465440124e-06,1.2708476817577106e-06,4.5616237904195835e-06,1.0967176499828926e-06,1.0735206143658617e-06,4.00971612350818e-06,4.190841177877348e-05
2642,1.1887980715122223e-06,1.2219600500948296e-06,1.1859336728525506e-06,4.256311111016623e-06,1.1222492089118782e-06,1.2285355563895867e-06,4.447389729643631e-06,2.0054787089381825e-05
2643,1.1857153816797206e-06,1.331113320537858e-06,1.2614788737271327e-06,4.64390215400501e-06,1.078987133655765e-06,1.0747593620920416e-06,4.027583238329902e-06,0.0005146198678375651
2644,1.1844525287838945e-06,1.214625171412778e-06,1.2672777456701746e-06,4.318671885959719e-06,1.1147836935114304e-06,1.1445969801822238e-06,4.210763600608886e-06,6.020894159803909e-05
2645,1.179213848821284e-06,1.2369535782861685e-06,1.2888134168422485e-06,4.429388555472541e-06,1.0900464538815377e-06,1.1045000552427021e-06,4.101234982924662e-06,2.3471668963644095e-05
2646,1.1753196424713062e-06,1.3042703146152143e-06,1.2954326405987758e-06,4.6881786002681865e-06,1.0486320453728536e-06,1.056390259989102e-06,3.971695812445249e-06,2.9632588802199716e-05
2647,1.172608393371526e-06,1.3142811341275628e-06,1.248186766391626e-06,4.519793778150262e-06,1.057111735928761e-06,1.074292670200432e-06,3.9627774178095e-06,4.502312678333703e-06
2648,1.1676315712836585e-06,1.3747165332090506e-06,1.209145236507298e-06,4.506065980386246e-06,1.0482339545121192e-06,1.0418547074086469e-06,3.890041074473775e-06,3.7446670767905826e-05
2649,1.1623805416225816e-06,1.1925379354310187e-06,1.2080786166674423e-06,4.205054767925255e-06,1.0976662396161908e-06,1.1546481132164388e-06,4.238382059820858e-06,8.37741725289826e-05
2650,1.1605808492058064e-06,1.242781347487991e-06,1.2511013296463652e-06,4.44487800956656e-06,1.055538694035907e-06,1.0963054819266569e-06,4.0537815588843865e-06,3.4813366448742675e-05
2651,1.1565228738870797e-06,1.2190047969229448e-06,1.151635053492672e-06,4.145040874642902e-06,1.118121748077106e-06,1.1407214648168962e-06,4.2314148669699656e-06,9.71051607883556e-05
2652,1.1539803051304646e-06,1.315071240505227e-06,1.2053299272585138e-06,4.448720077585352e-06,1.0435823480119832e-06,1.0553218044160232e-06,3.885297079260472e-06,3.9026494103316397e-05
2653,1.1501090337695884e-06,1.252649264871124e-06,1.1433902594481936e-06,4.219252936410448e-06,1.0993076628475812e-06,1.1084616908340833e-06,4.129793049019331e-06,0.0001485905082434056
2654,1.1471473797390403e-06,1.2133473784938317e-06,1.201224040775386e-06,4.360427170770738e-06,1.0703907369630536e-06,1.1069914305057483e-06,4.090782316418621e-06,3.88965297632413e-05
2655,1.1435473050698365e-06,1.272845388736992e-06,1.2430805684995477e-06,4.502539774793021e-06,1.0460238097233514e-06,1.0155929759501487e-06,3.8641990466468845e-06,0.0001628142672071297
2656,1.1397357236946324e-06,1.1745394276240324e-06,1.1735488838978283e-06,4.123026793196126e-06,1.0881852122354766e-06,1.1260117145545726e-06,4.172757335065581e-06,0.00011351246249397487
2657,1.1388064553377273e-06,1.2547336439674239e-06,1.2213495521899175e-06,4.452579244718159e-06,9.96545913953506e-07,1.0859363178977175e-06,3.93488334726621e-06,2.8327548141837816e-05
2658,1.1313222707624613e-06,1.2947576100670734e-06,1.1490415005047991e-06,4.342500103418761e-06,9.787092711890481e-07,1.1060983486346503e-06,3.887151696897855e-06,4.534967634727965e-06
2659,1.1276873532399513e-06,1.1915932925745454e-06,1.180781716846317e-06,4.144384113856929e-06,1.0359739437110292e-06,1.1057074594259436e-06,4.020402316012603e-06,8.422970766571017e-05
2660,1.1254174461087108e-06,1.223542847295484e-06,1.1534816814666262e-06,4.247607183320371e-06,1.045437492040759e-06,1.0825081130198334e-06,3.988152217597318e-06,0.00010899363220524309
2661,1.1217088635547666e-06,1.2450805094211861e-06,1.1679171120277961e-06,4.245540725103043e-06,1.0104605703955665e-06,1.0666667329849163e-06,3.870466797163003e-06,5.2607891663841456e-05
2662,1.1209781879989088e-06,1.2338486924593277e-06,1.1811996933393174e-06,4.284004242456539e-06,1.0267622937912196e-06,1.0453894032777757e-06,3.875211360176585e-06,3.941010963031971e-05
2663,1.1175002869198937e-06,1.2647616125028615e-06,1.2351687583642883e-06,4.4818449389805315e-06,9.673689637262232e-07,1.0059789367160245e-06,3.6869056062192486e-06,9.527093901113404e-05
2664,1.1118877839457732e-06,1.2247952050436605e-06,1.1681686977265793e-06,4.203047708777655e-06,1.0067154198310975e-06,1.0511324831746787e-06,3.83108225797264e-06,0.00017454654858781822
2665,1.1092742971163533e-06,1.1668315642223476e-06,1.1700819512443007e-06,4.167643648348677e-06,1.0192582269541492e-06,1.0841784454782193e-06,3.9411336584622015e-06,0.0002913397055558795
2666,1.1045464600924364e-06,1.1641904059937982e-06,1.1604489035148086e-06,4.092280998612743e-06,1.020649092186964e-06,1.0761365859869984e-06,3.933666271990838e-06,3.161196609037818e-05
2667,1.102402753604271e-06,1.2330338368607267e-06,1.249653220494599e-06,4.436065172014766e-06,9.404691392680609e-07,9.896876609290106e-07,3.641031472031806e-06,1.6240240949727086e-05
2668,1.1016538485927717e-06,1.265267799462975e-06,1.1837289738049313e-06,4.355592477625918e-06,9.470879568499937e-07,1.0137613346696745e-06,3.661603169716402e-06,0.00012090594324190838
2669,1.0969981118955523e-06,1.3470249242506014e-06,1.1778200707863464e-06,4.444361170353806e-06,9.122013532939369e-07,9.541631062760886e-07,3.456354483693123e-06,4.3506862251885824e-05
2670,1.0952207986107452e-06,1.1571193188844886e-06,1.116468259921978e-06,4.017495440446586e-06,1.0357778169541548e-06,1.0747295907676937e-06,3.982942696547882e-06,2.0292901532802206e-07
2671,1.0935206942524326e-06,1.2827078769513823e-06,1.1513505353436046e-06,4.337470897849345e-06,9.597609704497448e-07,9.83470204112043e-07,3.6477727554171468e-06,0.00017402360800511596
2672,1.091026393371508e-06,1.163310776488775e-06,1.1677576006403656e-06,4.171895476685032e-06,9.951832802538707e-07,1.0410534064267331e-06,3.8322570160844065e-06,4.7323513595180485e-05
2673,1.08766591024192e-06,1.1632569872316282e-06,1.196366925072845e-06,4.240501767756237e-06,9.531107259462188e-07,1.0411186367314135e-06,3.7652300049377387e-06,9.410765356659842e-05
2674,1.0847455351848032e-06,1.1862967822656098e-06,1.1399401903608085e-06,4.154634970285056e-06,9.495605885179797e-07,1.0663656496355463e-06,3.7756841986557536e-06,6.867903217734576e-05
2675,1.0779734934164408e-06,1.1988343259929375e-06,1.182187276622009e-06,4.278803638905729e-06,9.52289461955926e-07,9.817441285842434e-07,3.6368663996454383e-06,7.876278433176597e-05
2676,1.0750527410724957e-06,1.1434056694516844e-06,1.1158577541979063e-06,4.001629508603073e-06,1.0025428500355971e-06,1.0415573437517863e-06,3.850709153597374e-06,0.00023058704038316733
2677,1.0734079293843508e-06,1.160533350816093e-06,1.1280684560805753e-06,4.040742029948031e-06,9.57119074025162e-07,1.051058663690124e-06,3.77461385791548e-06,0.00014929627745335452
2678,1.0704121140995364e-06,1.239619734075566e-06,1.2112867360516054e-06,4.38485631339041e-06,8.892365680753065e-07,9.446444567988554e-07,3.452772783021654e-06,0.00011384025180709022
2679,1.0695539779644363e-06,1.1935982132301148e-06,1.1639417416614697e-06,4.173237220980844e-06,9.36438996935458e-07,9.873734693515245e-07,3.6030509836818277e-06,2.3738012916206127e-06
2680,1.0642428404562463e-06,1.1372463949130243e-06,1.2376218016581001e-06,4.291771773526609e-06,9.137233071410243e-07,9.715008093830702e-07,3.5568849492793325e-06,6.554468332068532e-05
2681,1.062767627890355e-06,1.2358313691554215e-06,1.1653020758158101e-06,4.262939349841833e-06,8.970281623261924e-07,9.560255235204073e-07,3.4579065447206704e-06,3.6842557409292494e-05
2682,1.0619777181351399e-06,1.1473548924510813e-06,1.1997669994990178e-06,4.204566356548479e-06,9.49675204837143e-07,9.542280670566565e-07,3.5439541166776508e-06,0.0002802580399266341
2683,1.0583068925121512e-06,1.157044858081268e-06,1.1557165950045682e-06,4.118539407741799e-06,9.300768253906072e-07,9.934928281773762e-07,3.589825944577997e-06,7.770407419506228e-05
2684,1.0546726228678662e-06,1.1560308235139118e-06,1.1054199587943733e-06,4.067515921260417e-06,9.373621058580618e-07,1.0229704843315624e-06,3.687449215293805e-06,0.0002313437117859136
2685,1.0498690230875725e-06,1.1151318727757574e-06,1.0917302517721067e-06,3.960128657919753e-06,9.947306472682647e-07,1.0009621218317503e-06,3.745854245470686e-06,7.151733121417806e-05
2686,1.0476789341202335e-06,1.192738016048386e-06,1.187978183611191e-06,4.200037410953182e-06,8.509864517798238e-07,9.620854573139332e-07,3.3795185004583924e-06,6.469817701846537e-05
2687,1.0460595737348805e-06,1.199806966092433e-06,1.2069980225448218e-06,4.320323533862916e-06,8.446147323813278e-07,9.358861952783005e-07,3.3241236688287154e-06,2.833531654570172e-05
2688,1.0445941369596814e-06,1.16107277624111e-06,1.148225176993521e-06,4.0677973834936616e-06,9.293654917804445e-07,9.427764302740365e-07,3.5022141533374453e-06,2.370639389627915e-05
2689,1.0425683833209731e-06,1.156342677863453e-06,1.0965592799964697e-06,4.031250381371481e-06,9.250773919960719e-07,9.953515663855932e-07,3.6021216384264025e-06,7.53682056680025e-06
2690,1.0402967146264585e-06,1.10524950418437e-06,1.075441862453014e-06,3.883682694591174e-06,9.654708136295422e-07,1.018075398178447e-06,3.7176396238250555e-06,9.615672900523674e-05
2691,1.0374116127281684e-06,1.1355321528048868e-06,1.0865878402219043e-06,3.9784883940801684e-06,9.421203005699915e-07,9.884484172093505e-07,3.646496102291472e-06,2.7445592239348304e-05
2692,1.0309332450074782e-06,1.123415610033776e-06,1.0649128292644007e-06,3.903350724830676e-06,9.310291311466479e-07,1.0073986753042437e-06,3.648745337602585e-06,3.46007249536608e-05
2693,1.0271896705939714e-06,1.115391627857761e-06,1.1146090454309443e-06,4.012913700764845e-06,9.377681564646398e-07,9.440021237522247e-07,3.527683082781509e-06,1.598814387572516e-05
2694,1.024519715274117e-06,1.075433992834973e-06,1.074463603684567e-06,3.830921398043407e-06,9.316981603190949e-07,1.0194875651307597e-06,3.6894495105506197e-06,5.390169447228019e-05
2695,1.0209258767170935e-06,1.1054653917647714e-06,1.0420512076839817e-06,3.7775747970795944e-06,9.504067834474458e-07,9.88774041453141e-07,3.628264597528336e-06,2.7249754657134597e-05
2696,1.0196944380201394e-06,1.0688544308278914e-06,1.1076866766898676e-06,3.868812267231652e-06,9.402393513742637e-07,9.649875873475298e-07,3.5995513693126207e-06,0.00019340307171522952
2697,1.0170952128407507e-06,1.1997329839069218e-06,1.160501748416715e-06,4.2652715763520505e-06,8.298667941243225e-07,8.81262005473421e-07,3.1940236258980886e-06,0.00038219995391182426
2698,1.0141472330244575e-06,1.125599479178181e-06,1.0963794579854446e-06,3.9461495878681645e-06,8.793154882285048e-07,9.582685533218545e-07,3.4463192120278222e-06,4.609751143375994e-06
2699,1.012819348767835e-06,1.1332627309769372e-06,1.1777136497782768e-06,4.074586983822689e-06,8.516598611677005e-07,8.916113034693873e-07,3.281917971618604e-06,9.439543063397195e-06
2700,1.0109463607433442e-06,1.1141641844369288e-06,1.1465513903030142e-06,4.05292224617324e-06,8.715599342207752e-07,9.144745960793461e-07,3.3542918513188067e-06,1.1145836515644157e-06
2701,1.0086425470723667e-06,1.1227873148549809e-06,1.1003073088362647e-06,3.960112836684251e-06,8.528596408494397e-07,9.615738266858783e-07,3.3740431453337834e-06,6.030270415879755e-06
2702,1.007808086426638e-06,1.117818459809115e-06,1.100839935078144e-06,3.980698964084887e-06,9.140586230845318e-07,9.014707835729176e-07,3.420843506234163e-06,4.700781718132541e-05
2703,1.0001884390110678e-06,1.0916253843090582e-06,1.0896278215906436e-06,3.88994268059798e-06,8.978762732391522e-07,9.245573806742414e-07,3.4404686516992873e-06,5.63320536636643e-05
2704,9.980197685437582e-07,1.1079300554589621e-06,1.1317860836271253e-06,4.039207778315734e-06,8.713641520349476e-07,8.839255184407954e-07,3.276360864706992e-06,7.384847649577646e-05
2705,9.964218542303629e-07,1.1220182456350926e-06,1.0588424161478143e-06,3.9056657957726375e-06,8.771079379002916e-07,9.306408803543635e-07,3.3960036455480966e-06,1.9849502214881765e-05
2706,9.940428310175067e-07,1.1062817719047114e-06,1.1097826731718148e-06,3.9828395460629925e-06,8.536567250915601e-07,9.093652399807345e-07,3.3198044636022715e-06,0.0003155370364583797
2707,9.919247147913997e-07,1.109847254560331e-06,1.0542372120336913e-06,3.912672245490466e-06,8.822630627890305e-07,9.242601893070087e-07,3.4020385976295127e-06,5.7349900579882955e-05
2708,9.88831115035664e-07,1.1584526805935622e-06,1.150225973495438e-06,4.0901230225915635e-06,8.067495832710844e-07,8.427960206953302e-07,3.0730122146588765e-06,6.419212146629388e-05
2709,9.845276390702536e-07,1.1321511660123313e-06,1.054308333002253e-06,3.906194177180304e-06,8.538314662022663e-07,9.007067680883099e-07,3.297036329112904e-06,0.00014341310365612327
2710,9.813710105108328e-07,1.052638942558215e-06,1.0568977905400246e-06,3.8122224472154817e-06,8.558772134903583e-07,9.62948019162072e-07,3.4424706905880592e-06,1.6607212736997723e-06
2711,9.785741511174042e-07,1.0614332246313552e-06,1.050640464484426e-06,3.819081488251961e-06,9.07793299380796e-07,8.972993315744741e-07,3.4055809501367566e-06,8.586978441778774e-05
2712,9.752014299285762e-07,1.0111563629457185e-06,1.0445085057536058e-06,3.6772821049720603e-06,9.085416246052286e-07,9.394590579197785e-07,3.4792108061010867e-06,0.0001327974518572623
2713,9.729426210604298e-07,1.011049688574957e-06,1.003865326896116e-06,3.5541881260523468e-06,9.150591115933847e-07,9.646495604599722e-07,3.5264668002704567e-06,0.00024124443552849057
2714,9.70938840071674e-07,1.0516610891840406e-06,1.054692003562482e-06,3.785164218269954e-06,8.690215743724874e-07,9.112280168466688e-07,3.3475925079275455e-06,9.96354967806451e-05
2715,9.661515150426957e-07,1.0501730536515347e-06,9.721997113028262e-07,3.646483787563282e-06,8.972807448002602e-07,9.477858376194721e-07,3.5012449496455026e-06,4.16073307497906e-05
2716,9.646317249891025e-07,1.1139071799542833e-06,1.0375178260288759e-06,3.9385292096045435e-06,7.882167862883104e-07,9.2171394142813e-07,3.2178731229615377e-06,2.031577889547929e-05
2717,9.61714861145462e-07,1.1160586758738624e-06,1.0747577973323804e-06,4.004516807131414e-06,8.1341417891493e-07,8.454490696988847e-07,3.1430510940155544e-06,2.803738373555543e-05
2718,9.572268446387891e-07,1.130803255829437e-06,1.038404500465604e-06,3.931348200209939e-06,8.151650511897459e-07,8.47341690880673e-07,3.1459658679978734e-06,0.0001575620583141978
2719,9.54560214616308e-07,1.0243207820829022e-06,1.0062052409600472e-06,3.6014163336704967e-06,8.949937522393361e-07,8.955203783019899e-07,3.3784019277810284e-06,5.611960520691079e-05
2720,9.514740135260777e-07,1.0709508711200372e-06,1.0668723806250746e-06,3.822458315967065e-06,7.843457584676437e-07,8.865172962022825e-07,3.119281418579713e-06,4.972328739511642e-05
2721,9.511063090920396e-07,1.0893381141281962e-06,1.0898615389505566e-06,3.916189978240517e-06,7.848258227314712e-07,8.431889269095332e-07,3.0485136711256415e-06,0.00035737473727629604
2722,9.495515967355718e-07,1.0188881982720783e-06,1.0295567336812082e-06,3.638735167078831e-06,8.665290291118989e-07,8.860170350654833e-07,3.2885395446094663e-06,6.734656289464673e-06
2723,9.429779852694838e-07,1.0247833471980022e-06,1.0299358528685043e-06,3.7031638126661105e-06,8.266254158019112e-07,8.933326621288158e-07,3.233444978081178e-06,0.00013763909986060397
2724,9.413468867897415e-07,1.0561495965857468e-06,1.051665694105491e-06,3.7854067051051954e-06,8.168971631162273e-07,8.434356392152254e-07,3.140008414035878e-06,7.300376317026593e-05
2725,9.399627801343025e-07,1.0536867658004062e-06,1.0347759027926878e-06,3.743042355254942e-06,7.881415397415374e-07,8.86003397239756e-07,3.16482280109707e-06,0.0001034367649238845
2726,9.351084043254382e-07,1.0319368727261293e-06,1.0446851412942793e-06,3.725262461950539e-06,8.571420399426809e-07,8.094118252102817e-07,3.1108219837586507e-06,5.981864617226828e-05
2727,9.333948398604505e-07,1.0345780601378896e-06,1.011199878686716e-06,3.725623649563575e-06,8.168648967384607e-07,8.736737526199815e-07,3.1836776777651515e-06,8.32911814196665e-06
2728,9.313990717602084e-07,1.0588774164027785e-06,9.817999382018933e-07,3.693050174096905e-06,8.25726850491285e-07,8.619234601809573e-07,3.1775315384622427e-06,1.1979786099944413e-06
2729,9.283965600207801e-07,9.810835448833768e-07,1.0219130713351108e-06,3.6387239590619674e-06,8.413442314149195e-07,8.719679558636948e-07,3.2424821230181734e-06,7.395726937473695e-05
2730,9.261788786557083e-07,1.0205256767434982e-06,1.0791741404748634e-06,3.794432552257335e-06,7.742498708935809e-07,8.334818923926873e-07,3.0263916580128304e-06,0.0003249657507146401
2731,9.207699443280224e-07,1.040590044600526e-06,1.024641502974546e-06,3.750051877575788e-06,7.911017824584725e-07,8.294466500024062e-07,3.049951683516068e-06,6.239824677308811e-05
2732,9.195856083584269e-07,1.0312681781008494e-06,9.897176348519388e-07,3.6232843637544385e-06,8.147146716983749e-07,8.453386905943476e-07,3.1352264177997538e-06,0.00016886679043981873
2733,9.183476829881343e-07,1.0317313839750595e-06,9.982208999965903e-07,3.6572889002030817e-06,7.962401198041984e-07,8.49891430531176e-07,3.1065984263623307e-06,0.00010281274074276875
2734,9.162367741997509e-07,9.698176910566497e-07,9.741065402226885e-07,3.546352940359152e-06,8.402499172217112e-07,8.834598600061488e-07,3.2954082052010126e-06,3.096699978012874e-05
2735,9.13900950789616e-07,9.755266956823818e-07,9.987037282233084e-07,3.5315640461682627e-06,8.14657897582869e-07,8.693955408618632e-07,3.171254345278217e-06,1.5847563207698783e-05
2736,9.102555661685667e-07,9.500410377208976e-07,9.890021586308824e-07,3.492261231808048e-06,8.272754771762835e-07,8.773729540917364e-07,3.1929525376223277e-06,9.953191600853072e-05
2737,9.067536360182983e-07,1.077724367126613e-06,1.0402372937865932e-06,3.8558676707419725e-06,7.307952223514832e-07,7.809167666458182e-07,2.8292108855724396e-06,0.00013389106596190846
2738,9.048067159246593e-07,9.930516915672845e-07,1.0019512933640555e-06,3.607865079979699e-06,7.973842420644015e-07,8.294930270980611e-07,3.076143855728578e-06,0.00011618541750774517
2739,9.037578117908805e-07,9.844514113430093e-07,9.792314162419256e-07,3.518851820075906e-06,7.963188941748931e-07,8.576798363895471e-07,3.123668889092703e-06,1.5163283969460797e-05
2740,8.997780810710995e-07,1.1196101919535502e-06,1.060318969523445e-06,4.018014705493245e-06,6.813985944392279e-07,7.404232134503155e-07,2.680452144469236e-06,0.00038232337221042427
2741,8.976705825862221e-07,1.0375291390646544e-06,9.863971269255567e-07,3.667157790670512e-06,7.820460624699777e-07,7.873424611365945e-07,2.9534301506545086e-06,3.270899554195764e-05
2742,8.956062114250497e-07,9.374306993948217e-07,9.641531170281478e-07,3.463637753269445e-06,8.32062830143448e-07,8.51404612215558e-07,3.200783215239546e-06,0.00011792165123073944
2743,8.915963669787595e-07,1.0117315384408923e-06,9.920842142609877e-07,3.684477173632671e-06,7.495871050487078e-07,8.155972524614619e-07,2.97170380425242e-06,0.00035911282579206437
2744,8.892865918983163e-07,1.0030389979129726e-06,1.0213255785883951e-06,3.6992017717323903e-06,7.547528570427754e-07,7.806368096181456e-07,2.906247070797825e-06,0.00010742763164589526
2745,8.883251084006889e-07,9.72279597145e-07,9.468533764004664e-07,3.5072683954773955e-06,7.8852607990969e-07,8.48246428077072e-07,3.105878122678754e-06,2.986708323695715e-05
2746,8.829285720902169e-07,1.0156179917273915e-06,9.644135535595633e-07,3.6153529634415167e-06,7.515876177202072e-07,8.02684349761249e-07,2.9333397373460794e-06,4.822704312323411e-06
2747,8.802402099143006e-07,1.0198724441879345e-06,9.491780405285636e-07,3.5629014369377742e-06,7.539525760770189e-07,8.005391276676234e-07,2.9509251170672357e-06,0.0001758870728976974
2748,8.791375614300673e-07,1.002861630114955e-06,9.942613268548183e-07,3.5848999796627853e-06,7.41929445222842e-07,7.800759637235134e-07,2.8606361800385456e-06,2.2143216462723368e-05
2749,8.772492946599802e-07,9.924787145830446e-07,1.011545926404455e-06,3.628891852431021e-06,7.42424190305022e-07,7.651209238403056e-07,2.8300431545682397e-06,1.3347432105143268e-05
2750,8.728986606021456e-07,1.0604281952232111e-06,9.904975724090032e-07,3.751713764924262e-06,6.84900176043616e-07,7.583285190067821e-07,2.724400095894261e-06,1.435196348134781e-05
2751,8.701784344395195e-07,1.008314324474806e-06,9.82796166210359e-07,3.6010805588217085e-06,7.228896751858383e-07,7.692654128955085e-07,2.8000091832581094e-06,3.563459037472529e-05
2752,8.698858106966665e-07,9.743346522864626e-07,9.757916973115223e-07,3.565241506016782e-06,7.222001063785074e-07,8.097677731960307e-07,2.9062065453208486e-06,6.528799916725566e-05
2753,8.67327425318524e-07,9.389338509614744e-07,9.828737017897218e-07,3.526242118746017e-06,7.362752643555577e-07,8.137703630337436e-07,2.9414482484818076e-06,2.725187191728499e-05
2754,8.639936901211325e-07,9.846547391546419e-07,1.0151530003319368e-06,3.679567235992869e-06,7.065369281976333e-07,7.521637967512011e-07,2.759330956652671e-06,0.00013314240957274838
2755,8.604948501137791e-07,8.819279240419779e-07,9.11082421643056e-07,3.2082862827094014e-06,7.974814516546488e-07,8.540110491036461e-07,3.1269353395698737e-06,0.0001713491285414666
2756,8.584128246891347e-07,1.0081816570003617e-06,9.80465398571237e-07,3.6342507488420754e-06,7.134240005115518e-07,7.340975791903305e-07,2.7236436503435437e-06,0.00014020607208318228
2757,8.556682462030502e-07,9.218712649397905e-07,9.398685090847373e-07,3.3906935055399776e-06,7.656693376552493e-07,7.97773172601471e-07,2.9652218282506497e-06,4.494686723417748e-05
2758,8.527030772982138e-07,9.511987695990152e-07,9.60725309607824e-07,3.4913677130528953e-06,7.504666184501437e-07,7.50922204610493e-07,2.8395539298592797e-06,2.1092854801242082e-05
2759,8.524795431444823e-07,9.108701175598843e-07,9.67054065855263e-07,3.4036003553753944e-06,7.610499283579794e-07,7.734440000645988e-07,2.8868102147605336e-06,4.2371614607226045e-05
2760,8.495715246989859e-07,9.179907284168505e-07,8.453697866782105e-07,3.1839278969154064e-06,7.743669304052762e-07,8.630500616214282e-07,3.1010458984537775e-06,9.499233791463173e-05
2761,8.472744086969773e-07,9.391807129534875e-07,9.035411004164003e-07,3.3559240219144484e-06,7.296658641465959e-07,8.19194633497837e-07,2.917522286637101e-06,7.332710894612404e-05
2762,8.449975415547278e-07,9.152098058826882e-07,9.414048174059632e-07,3.3753336243515992e-06,7.537006415323349e-07,7.721528992058627e-07,2.881337540361041e-06,0.00022180043017229272
2763,8.41812766444896e-07,9.616694765997536e-07,9.672690884495828e-07,3.524589112192747e-06,7.026330838948935e-07,7.381480680885665e-07,2.7186161201313762e-06,3.3543720598007426e-05
2764,8.394707549644116e-07,9.511145359501462e-07,9.598266825173537e-07,3.518926873695548e-06,6.977633558332873e-07,7.516402423803229e-07,2.74912400075775e-06,0.00014948996437708426
2765,8.377434483857799e-07,9.459143088650787e-07,9.702849561846141e-07,3.515555068882996e-06,6.889760414170123e-07,7.48255222594642e-07,2.7076559768717726e-06,0.00014486759623898691
2766,8.364151970979442e-07,9.666768846568486e-07,9.333193575296783e-07,3.474258855090817e-06,7.022682275851797e-07,7.458491505196232e-07,2.7289071091284454e-06,5.167687278732615e-05
2767,8.34331220115208e-07,9.06615289160945e-07,9.24766568740503e-07,3.3510263502095473e-06,7.295432144318593e-07,7.788465273938338e-07,2.8608532819266395e-06,4.848649401610407e-05
2768,8.323427360245936e-07,9.408582141203238e-07,9.05456417686813e-07,3.3394806371036835e-06,7.322906643970369e-07,7.532065365907239e-07,2.8044191719230533e-06,0.00010312430736730757
2769,8.281141635426602e-07,9.573869781768091e-07,8.920766407546241e-07,3.3560605516724553e-06,7.481013296626177e-07,7.173202037193335e-07,2.766239246051017e-06,0.00015942081750254392
2770,8.271371112109017e-07,9.283324212245434e-07,9.355623311604894e-07,3.3776179051223663e-06,6.822632879462436e-07,7.648160307705911e-07,2.724243425477993e-06,0.00023439935045265116
2771,8.220680269406216e-07,9.433910024302577e-07,9.382082123414911e-07,3.454722813465583e-06,6.610112707005666e-07,7.480723822266271e-07,2.6642625035700876e-06,8.982469239130262e-06
2772,8.216244618724074e-07,8.937157531769695e-07,8.641895845338609e-07,3.223377301471022e-06,7.230781294063985e-07,8.079238329274407e-07,2.8999249796215435e-06,0.00031261266856964895
2773,8.190683515839289e-07,9.475319079250765e-07,9.24400110709488e-07,3.4553818064169616e-06,6.737645524513957e-07,7.329787916198953e-07,2.6726492219078666e-06,1.9054349867237832e-06
2774,8.163432202289561e-07,8.842117819864367e-07,9.01696467175052e-07,3.258142952810847e-06,7.026204265298017e-07,7.792381784354882e-07,2.8168866728503546e-06,0.00016564999858072855
2775,8.154360459739869e-07,9.626129943344967e-07,9.513718208309563e-07,3.528026991588266e-06,6.428510705086416e-07,7.072996049538796e-07,2.5575526437217014e-06,1.0014896484424436e-05
2776,8.116886945317658e-07,9.45559682818304e-07,9.144153201032774e-07,3.3848853775071137e-06,6.813133424901669e-07,7.078467461163001e-07,2.5948010066954778e-06,0.00020102329446166993
2777,8.109973237492275e-07,8.882148562140892e-07,8.981817171557781e-07,3.2505129432550146e-06,6.891848365822978e-07,7.707861819694757e-07,2.7848107819328395e-06,0.00013072939729007638
2778,8.060007634963004e-07,9.038711632307085e-07,8.715118698146002e-07,3.2301231350707077e-06,6.859997439479686e-07,7.649839204628145e-07,2.7498693521955214e-06,0.00018473287369435648
2779,8.053021618194792e-07,9.01505303649607e-07,9.411177354678691e-07,3.3540829352754643e-06,6.815819930410047e-07,6.993652010575782e-07,2.6031668756616485e-06,5.596500142431467e-06
2780,8.023650731332935e-07,9.836771282408841e-07,8.913151211884357e-07,3.4042127144057734e-06,6.446610105361214e-07,6.921600170692343e-07,2.5057292517874746e-06,1.400587745793685e-07
2781,7.99775098745975e-07,8.579730589303446e-07,8.597316655469277e-07,3.1222321182048987e-06,7.302195292700342e-07,7.535215197884716e-07,2.824453015456629e-06,1.1156360888390361e-06
2782,7.991113495776241e-07,8.875269822176068e-07,8.852554091135965e-07,3.238824501659205e-06,6.778615206738186e-07,7.481449112957463e-07,2.6906759252254663e-06,0.00010159458935421638
2783,7.966960529720102e-07,8.601262605163241e-07,9.042136384397295e-07,3.208726042640509e-06,7.088118866803143e-07,7.159687774984235e-07,2.7017092673426665e-06,2.7387143045215898e-05
2784,7.925738456957009e-07,8.626621743958157e-07,8.84925281587466e-07,3.191649588738311e-06,6.867609284054392e-07,7.38271256445953e-07,2.707022363292869e-06,6.149964084125441e-05
2785,7.910886052550588e-07,9.124196493775405e-07,8.907985178465091e-07,3.290394957615844e-06,6.465036246327595e-07,7.16952545190477e-07,2.585005569714229e-06,7.137803095917411e-05
2786,7.894670475870484e-07,8.52306307453687e-07,8.896902300779159e-07,3.202453825563327e-06,7.090747057000402e-07,7.091121013545188e-07,2.6775726726576635e-06,5.507701624654158e-05
2787,7.849278444607285e-07,8.378769080307939e-07,9.38199648565526e-07,3.280966038187896e-06,6.569492417953871e-07,7.08987429742702e-07,2.5872415143951066e-06,0.00010606716121538756
2788,7.832542238365595e-07,8.967763214637008e-07,9.344199789412387e-07,3.407833300812946e-06,6.309136704699203e-07,6.732038498578779e-07,2.4833083290199748e-06,4.740889548992486e-05
2789,7.798300645840734e-07,8.228029384617985e-07,8.584760849106232e-07,3.058469813568349e-06,6.802948896767942e-07,7.60033236737531e-07,2.7294600296666234e-06,1.464049472919951e-05
2790,7.784041714875542e-07,8.483633728419937e-07,8.854760348360231e-07,3.1760181311759715e-06,6.490966351993344e-07,7.329633477322854e-07,2.6110437806957453e-06,2.136115948719339e-05
2791,7.764181208307137e-07,8.722923470247062e-07,8.735733966837605e-07,3.179613307871844e-06,6.433090849034933e-07,7.187745347183284e-07,2.5984047929705583e-06,4.12834698215314e-06
2792,7.748440556991032e-07,8.972076761766009e-07,8.548285098325794e-07,3.2030990300081e-06,6.478036343614516e-07,7.018086721944881e-07,2.5569080836107627e-06,0.00012365124919894228
2793,7.692031459075672e-07,8.993418962788142e-07,9.177071318730244e-07,3.354934030644016e-06,5.929068208054914e-07,6.691124625279966e-07,2.3752684002427496e-06,1.3569124638400268e-05
2794,7.669844300489563e-07,8.411466444069173e-07,8.168532651075871e-07,3.0434362270432213e-06,6.789561694198042e-07,7.332308591959343e-07,2.67525982597216e-06,5.6153564448365756e-05
2795,7.66726583031673e-07,8.675259255794797e-07,8.866901894651931e-07,3.2387531198057084e-06,6.32776458946501e-07,6.821622217291411e-07,2.50635200884762e-06,7.074446662653212e-05
2796,7.64566350609708e-07,9.092863737112886e-07,9.110665808334908e-07,3.378708909896889e-06,6.117551020347954e-07,6.283994803572621e-07,2.3481563788560773e-06,7.870379624250747e-06
2797,7.639440086220944e-07,8.979352906202226e-07,8.917241351514285e-07,3.320511936329053e-06,6.005152948861123e-07,6.678416276048104e-07,2.405964730135659e-06,6.678268223338807e-05
2798,7.615360941284732e-07,9.14289804759222e-07,9.058979532466019e-07,3.3919150544226265e-06,5.812569828569133e-07,6.469328733442937e-07,2.3182145118968854e-06,1.431494166330788e-05
2799,7.596319601665784e-07,8.535679853313406e-07,9.204575665834395e-07,3.2769778127791925e-06,6.059885705349123e-07,6.607413797742069e-07,2.399050369371945e-06,2.252202480240017e-05
2800,7.569400472539842e-07,8.466931651578686e-07,8.821407176625722e-07,3.1876403409747714e-06,6.075642920289599e-07,6.935817847514815e-07,2.4748765118957473e-06,5.532407396060737e-05
2801,7.545539292638249e-07,8.292459305173339e-07,8.406905740920822e-07,3.1098149537438133e-06,6.507231616830013e-07,6.997688114756926e-07,2.574823887654193e-06,0.00023515353956353054
2802,7.517489158845689e-07,9.219198672474919e-07,8.95802691752566e-07,3.405095609566837e-06,5.609410264105003e-07,6.305366232820011e-07,2.254798723882095e-06,2.5801200957723402e-05
2803,7.494058927898147e-07,8.287683697966942e-07,8.128990112835685e-07,3.0031331362899402e-06,6.669162576803872e-07,6.912376171182252e-07,2.5730977908022717e-06,6.41656440026648e-06
2804,7.451140604390951e-07,8.404258090304152e-07,8.887903235595039e-07,3.1711167981819035e-06,5.833609694620716e-07,6.700642289464131e-07,2.3783243278864365e-06,3.538743202461279e-06
2805,7.441669239561716e-07,7.820931401833912e-07,7.856703964060806e-07,2.870517118969168e-06,6.729603788039453e-07,7.381260949348826e-07,2.691739886920544e-06,2.2939297489379154e-06
2806,7.439555485359289e-07,8.556508640529794e-07,8.305386817129698e-07,3.092004028680889e-06,6.188004640117872e-07,6.73013868032746e-07,2.45380054854539e-06,0.0001713897216714647
2807,7.416049197822257e-07,8.614522486006544e-07,8.582620181603255e-07,3.149057320764128e-06,6.040794969505654e-07,6.448007137508153e-07,2.377854960496558e-06,3.6559306899661155e-05
2808,7.374605137494589e-07,7.981738196728081e-07,8.175508596439806e-07,2.975280688923686e-06,6.570737651194685e-07,6.792062541886169e-07,2.5412240387163142e-06,7.666489124173451e-06
2809,7.365755182542328e-07,8.136822433924992e-07,8.245984050422936e-07,3.0234406412102874e-06,6.385685270696437e-07,6.716129401500156e-07,2.4858674530604762e-06,0.0001415027406220028
2810,7.351499640554111e-07,8.324280788146641e-07,8.262993445511291e-07,3.083648649392393e-06,6.165181109168728e-07,6.675101916725043e-07,2.4413350645583425e-06,3.889992855716377e-05
2811,7.325799528644366e-07,8.543895162059202e-07,8.758349594753392e-07,3.2116875254108263e-06,5.819626498567363e-07,6.202810146083013e-07,2.266681279683004e-06,1.4647103754428e-05
2812,7.309723726603171e-07,8.283530361865473e-07,8.650588675918532e-07,3.130741200157906e-06,5.986033859228401e-07,6.340178138677532e-07,2.3431879282643278e-06,4.309581378219511e-05
2813,7.286510138802295e-07,8.159130813019854e-07,8.465508517980789e-07,3.0525251537466054e-06,6.066149669586261e-07,6.476619693606316e-07,2.3824323797543384e-06,3.2347937334437844e-05
2814,7.276154252156402e-07,9.080339320623528e-07,8.867364162301073e-07,3.2964299234874155e-06,5.516090671624141e-07,5.662160541260591e-07,2.109797626665647e-06,8.058337194498421e-05
2815,7.242138400701361e-07,7.676727529619489e-07,8.202706379134555e-07,2.904367333553668e-06,6.240341723387918e-07,6.870015914692836e-07,2.4937233916516692e-06,2.513372908549041e-05
2816,7.232600006469605e-07,7.786884672580929e-07,8.305621107865624e-07,2.948507154267612e-06,5.974526191943367e-07,6.884578072668398e-07,2.4407013211558695e-06,0.0001727824943916067
2817,7.217918138160664e-07,8.249450234277758e-07,8.241692506590625e-07,3.070576994721021e-06,5.963325060128833e-07,6.438371570425283e-07,2.3594460489133285e-06,1.5018041015579912e-05
2818,7.193704811250909e-07,7.950269276415341e-07,8.232222054515357e-07,2.971426889312133e-06,6.089941903336106e-07,6.523481867385301e-07,2.3992835821867115e-06,7.95971281829659e-05
2819,7.169889923305292e-07,7.999479188720566e-07,8.082891497424335e-07,2.9887104103806847e-06,5.921442340362193e-07,6.69677271019681e-07,2.398419050066045e-06,7.272618713585908e-05
2820,7.129898907684488e-07,7.898940339253569e-07,8.50445136750021e-07,3.040117522517748e-06,5.816240988270847e-07,6.320871676713349e-07,2.308580229799206e-06,1.649886265535011e-06
2821,7.122731386777094e-07,7.903987266768908e-07,8.009065181170767e-07,2.9187457116923393e-06,6.016421842611969e-07,6.58233905842634e-07,2.390298966857445e-06,1.714181941969913e-05
2822,7.107470294229325e-07,8.067621072680587e-07,8.033809912480786e-07,2.9581420863438624e-06,5.989164794554422e-07,6.360128386680518e-07,2.344464890294993e-06,1.1194089530455147e-05
2823,7.099728455214381e-07,7.611022074306527e-07,8.007999278488924e-07,2.842556199097845e-06,6.258084215420124e-07,6.542628626005944e-07,2.423862941420269e-06,3.0301963691565777e-05
2824,7.078404961935241e-07,8.09351778182968e-07,8.071763147699744e-07,2.9531954862406525e-06,5.994930701749617e-07,6.174165906406042e-07,2.313051415760334e-06,2.9937130287096506e-06
2825,7.064227467831081e-07,8.020766440630099e-07,8.281474216358361e-07,2.9988267937427794e-06,5.765707986173497e-07,6.209677493846513e-07,2.272324884635686e-06,2.588886572053386e-05
2826,7.044086600363706e-07,8.25859538705703e-07,7.862599168732958e-07,2.9512711125452748e-06,5.796375985589837e-07,6.279432992961562e-07,2.2961458427372503e-06,2.8648745814484045e-05
2827,7.013505827756328e-07,7.795763052136764e-07,8.322941946259257e-07,2.9675528403560653e-06,5.819237741480189e-07,6.136647998811936e-07,2.2603069419100377e-06,1.1670345425606382e-05
2828,7.004976867170904e-07,8.049333723192091e-07,8.177984484366812e-07,2.985379740874876e-06,5.571721399463813e-07,6.241410214038083e-07,2.2462160476517466e-06,3.284781999953353e-05
2829,6.980331669116289e-07,8.205014948614562e-07,8.333515648426742e-07,3.067173027786464e-06,5.350421384585794e-07,6.052844792778141e-07,2.1483648152520596e-06,0.0001523413425850596
2830,6.965015010420709e-07,7.719426423629277e-07,8.07995259165761e-07,2.9332686088223567e-06,5.865260206485819e-07,6.215846071608337e-07,2.3068900990620766e-06,6.700047602189445e-06
2831,6.925027175774866e-07,7.88071057338152e-07,8.580767838865714e-07,3.0611016126844074e-06,5.410005159585813e-07,5.84893311068497e-07,2.1407245898037354e-06,8.574523900946503e-06
2832,6.908860447982792e-07,7.896769030006178e-07,8.207813379422002e-07,2.976694096104695e-06,5.565946119412644e-07,5.985173824760463e-07,2.19646524664516e-06,1.4700224205153786e-05
2833,6.893986615249789e-07,7.441334813251508e-07,8.059459299356934e-07,2.8882078816161854e-06,5.797056703277418e-07,6.298312645692712e-07,2.3017669085964365e-06,0.0001671955638944879
2834,6.858261276157872e-07,7.315279831424654e-07,7.985365806315974e-07,2.823086627903708e-06,5.935177492915282e-07,6.217334196743093e-07,2.3151405422523446e-06,4.008005017857113e-05
2835,6.844637405288737e-07,7.346289530759538e-07,8.199946459966017e-07,2.8811037446897866e-06,5.662100295375839e-07,6.190285620386388e-07,2.2534026088340264e-06,4.668073921596512e-06
2836,6.83229837810808e-07,7.473355165299039e-07,8.02785313012078e-07,2.859910460019884e-06,5.711018645227828e-07,6.137002697053677e-07,2.2606183609686344e-06,4.5583978001818826e-05
2837,6.819514402129591e-07,7.451723952870975e-07,7.921507611192472e-07,2.8394121647243253e-06,5.869985421004981e-07,6.05483922994645e-07,2.271215157277307e-06,8.08993524706347e-06
2838,6.815665134680881e-07,7.901489559949094e-07,7.869257711252153e-07,2.896865502508458e-06,5.588598415563416e-07,5.923302116042174e-07,2.1820507930535786e-06,3.311491526928213e-05
2839,6.789024364852836e-07,7.354997682022221e-07,7.554502636153023e-07,2.759708186693286e-06,6.069820783766711e-07,6.196685542168036e-07,2.3439429166897677e-06,7.665015314986434e-05
2840,6.754377448769542e-07,7.982972798988722e-07,8.062761323049042e-07,2.9821235796194253e-06,5.25925149525342e-07,5.732331759507966e-07,2.0855539649223726e-06,9.910119475079536e-05
2841,6.736587089809115e-07,7.719579575543628e-07,7.668483886006145e-07,2.852079735174957e-06,5.489694847865536e-07,6.088345392339021e-07,2.1970096374099297e-06,7.38110786009333e-05
2842,6.708689291363193e-07,7.957318580158433e-07,7.774427464655013e-07,2.913270134507049e-06,5.450240922422011e-07,5.672443763603452e-07,2.1084340530628263e-06,0.00016474868331479457
2843,6.682428027784963e-07,7.689242792396207e-07,7.503998491891729e-07,2.8159931235184366e-06,5.526137866507074e-07,6.029929517560006e-07,2.2040837202054174e-06,0.00014305105557137906
2844,6.666174629390312e-07,7.888913998443445e-07,8.005814743304636e-07,2.9542029591955704e-06,5.074001202095328e-07,5.715517446446784e-07,2.0399468557292437e-06,1.8482105333142108e-06
2845,6.64818568084301e-07,7.188277952827898e-07,7.74473715732663e-07,2.7372975761689527e-06,5.469269310333566e-07,6.209954426096344e-07,2.214297157538522e-06,0.0006795179832858638
2846,6.614589431061961e-07,7.637277338195251e-07,7.826197836869017e-07,2.871526117296857e-06,5.351297722623858e-07,5.662982510514067e-07,2.0952415539376436e-06,0.00020374365852607272
2847,6.590765941962964e-07,7.891564527341406e-07,7.848336028421276e-07,2.921579109947179e-06,5.171413993980818e-07,5.471076966066899e-07,2.020120595462894e-06,0.000134917362646842
2848,6.58750567745752e-07,7.881711808434905e-07,7.843376476867349e-07,2.9192318211806807e-06,5.134234620406395e-07,5.510017992639697e-07,2.02016490802589e-06,7.841696365882146e-05
2849,6.554765444987428e-07,7.451534163193386e-07,7.691401794098595e-07,2.8070728652470714e-06,5.242183779409177e-07,5.853164183479641e-07,2.1140694877052267e-06,3.967654852832182e-05
2850,6.550276964963028e-07,7.356017221261676e-07,7.70095725177048e-07,2.7874173689437015e-06,5.493250921826938e-07,5.670091462861092e-07,2.115654918371289e-06,0.00016267640533184036
2851,6.523747407674466e-07,7.537410699054648e-07,7.200726232976387e-07,2.720762403792115e-06,5.508678542295586e-07,5.867305421376284e-07,2.161617972540194e-06,0.00018652523027717314
2852,6.515813476366532e-07,7.493690196987669e-07,7.637179678483103e-07,2.7958813934023643e-06,5.150815844022953e-07,5.800676106108712e-07,2.0709999902482204e-06,4.251219592342873e-05
2853,6.484985153819678e-07,7.182385731606722e-07,7.805280679036878e-07,2.78740627155498e-06,5.275378273684651e-07,5.695913453588923e-07,2.0815313572920333e-06,5.723801802409661e-05
2854,6.476517190532419e-07,6.959386692219613e-07,6.965224224371341e-07,2.5911059556372527e-06,5.730708021953034e-07,6.26974260694377e-07,2.2914415760917636e-06,8.794055538150189e-06
2855,6.459030775249933e-07,7.204196142480843e-07,7.843525224933416e-07,2.7936233731466555e-06,5.111016653424705e-07,5.696326463370932e-07,2.0364405155048695e-06,9.256282616851236e-05
2856,6.450624030689247e-07,7.218304859204679e-07,7.49302852771284e-07,2.734327216356223e-06,5.163565408116801e-07,5.946514136837455e-07,2.120961512836142e-06,3.8870480738008496e-05
2857,6.427603759226001e-07,7.317223641283278e-07,7.22075617399965e-07,2.696356520110595e-06,5.400358021875364e-07,5.790926475068462e-07,2.1284530844992053e-06,0.00013269281539268475
2858,6.399920822753365e-07,7.481324007261129e-07,7.647635174587941e-07,2.816741609398886e-06,5.035919670725068e-07,5.45357247924999e-07,1.9990189315351004e-06,5.079486382578064e-05
2859,6.383503539200911e-07,7.40787702506109e-07,7.348814055252315e-07,2.7413548084624784e-06,5.199232021146827e-07,5.596810986079751e-07,2.0699071186199803e-06,8.329894718864941e-05
2860,6.377168193355003e-07,7.433204219708617e-07,7.530672684418706e-07,2.777490636778026e-06,5.033402270426744e-07,5.530094919622953e-07,2.0061299725547393e-06,1.8185064407483087e-05
2861,6.337491321975293e-07,7.356629772090235e-07,7.299838212824876e-07,2.7202092867046927e-06,5.308272812062185e-07,5.403809411538798e-07,2.0398296017250908e-06,3.283561970190946e-05
2862,6.324477948627286e-07,7.22916375772672e-07,7.496482024088669e-07,2.7129076654110804e-06,5.114248011957841e-07,5.476564810603972e-07,2.0218033541171327e-06,5.561896132932954e-05
2863,6.32334084566703e-07,7.513336386329733e-07,7.72867539177716e-07,2.848206217899998e-06,4.773790003901819e-07,5.296105097964578e-07,1.908149564462209e-06,0.00016008118650790955
2864,6.294696175783796e-07,6.938672614142058e-07,7.431803134679185e-07,2.6584986458381646e-06,5.284332265818591e-07,5.542436184658128e-07,2.0714584954588525e-06,1.6590528104338802e-05
2865,6.283652803197247e-07,7.055803225100615e-07,7.314683271980556e-07,2.665317239730773e-06,5.135720357375855e-07,5.646831504447692e-07,2.045373408884383e-06,3.2391909016236045e-05
2866,6.254597570766268e-07,7.413898003992313e-07,7.603537764451223e-07,2.799288022962203e-06,4.826251686832213e-07,5.193044769546614e-07,1.8965840513378808e-06,2.6052383226231515e-06
2867,6.243380009008344e-07,7.075272880872082e-07,7.641158007052098e-07,2.7182191631753445e-06,4.890201679255487e-07,5.385196523400038e-07,1.938746517680613e-06,6.665005109685932e-05
2868,6.212633140461007e-07,7.113283111618775e-07,7.411410781467347e-07,2.698465034731702e-06,4.966951332593694e-07,5.377106120679743e-07,1.9730689084704164e-06,4.0646402253773324e-05
2869,6.205401177669717e-07,7.095359626218897e-07,6.885905328266697e-07,2.6027300705281565e-06,5.133801242628049e-07,5.724736155003461e-07,2.0740958790410063e-06,7.489601161518036e-05
2870,6.190548830928578e-07,6.96145536293926e-07,7.199266717602772e-07,2.6319691164238495e-06,5.074142479448279e-07,5.54548485252575e-07,2.0224363415064413e-06,0.0001486887980016832
2871,6.163559121830843e-07,6.550756105186171e-07,6.909265960519564e-07,2.4973917625400767e-06,5.444473298544359e-07,5.767816063809057e-07,2.1376039322688884e-06,7.731445340021956e-06
2872,6.157219312433417e-07,7.114444759423895e-07,7.319331562198129e-07,2.6841981166675484e-06,4.807401530750233e-07,5.405755837286467e-07,1.951079268636202e-06,0.0001484044301084384
2873,6.143544545755242e-07,7.465548555798998e-07,7.033776187874995e-07,2.697128879881893e-06,4.786470016905756e-07,5.306399646417405e-07,1.9125098768214095e-06,5.908202181217207e-05
2874,6.128654787927389e-07,6.814276175186269e-07,7.377826354328924e-07,2.64357109572958e-06,4.975122959951502e-07,5.365366217010172e-07,1.9676416381468243e-06,9.591367353991465e-05
2875,6.108194145051789e-07,6.908263235904909e-07,7.34694905442654e-07,2.6425873161547204e-06,4.6772906635026937e-07,5.518186229334501e-07,1.9519416251541753e-06,0.0001270768189687282
2876,6.086171912728284e-07,6.641768649575824e-07,7.389670813587757e-07,2.6000125960001017e-06,4.871057459473256e-07,5.460038798874438e-07,1.962002662635013e-06,1.333595466506573e-05
2877,6.07170347798368e-07,7.052075078622385e-07,7.004438111626993e-07,2.6273104579091018e-06,5.008912626542463e-07,5.239193699228571e-07,1.965142134100271e-06,0.00018573999421636506
2878,6.05759980297841e-07,7.187633440254979e-07,7.525549040686204e-07,2.7529509643001365e-06,4.6068193918525623e-07,4.928161564651348e-07,1.8102471062465934e-06,1.413853068814511e-06
2879,6.042460532234459e-07,6.630303732529075e-07,6.590489778898665e-07,2.432858350261194e-06,5.341406366480822e-07,5.62536205022054e-07,2.0897080401286127e-06,4.544359020275263e-05
2880,6.038185355155856e-07,7.015467347092248e-07,7.301691986367703e-07,2.6939737403307973e-06,4.663390182430299e-07,5.189899189829025e-07,1.8870217842436064e-06,3.519785449276424e-05
2881,6.015270031444551e-07,6.89333178213532e-07,7.236880641447335e-07,2.633124728815645e-06,4.743281522603132e-07,5.205226259820443e-07,1.8906531712384423e-06,5.52081294676689e-06
2882,5.975000130903377e-07,7.298668526422144e-07,7.25021247175372e-07,2.746883058532937e-06,4.4681994456071176e-07,4.9004421049946e-07,1.7878372812929352e-06,6.376909802173269e-05
2883,5.971256831390239e-07,6.990597424841066e-07,6.928787222363645e-07,2.593114217484829e-06,4.777997079858839e-07,5.205156639693848e-07,1.9099042571938158e-06,7.386007272736217e-05
2884,5.92858744005223e-07,6.991368970853048e-07,6.81795339369783e-07,2.5637033565322874e-06,4.624607460260509e-07,5.297805801680188e-07,1.8927841038457151e-06,1.544268951114426e-05
2885,5.913333231960531e-07,7.025592788008076e-07,6.907809406321357e-07,2.605184517588581e-06,4.615863347677783e-07,5.121408507687362e-07,1.8500267132340046e-06,4.963742562819708e-05
2886,5.898396760452869e-07,6.706931426530647e-07,7.042177435084951e-07,2.555250795196254e-06,4.6488030514948635e-07,5.212972460774078e-07,1.8781405696419863e-06,9.93851670758327e-05
2887,5.883010897024806e-07,6.906125747829329e-07,6.694272916061243e-07,2.5213757094788324e-06,4.7497804729042594e-07,5.199116728000608e-07,1.903554486547377e-06,4.415331761720262e-05
2888,5.875214825572013e-07,7.119226354223907e-07,7.091064917970414e-07,2.647696813536911e-06,4.544431758094364e-07,4.7633656348648714e-07,1.7697209756078534e-06,3.066098522020847e-05
2889,5.864202985265407e-07,6.900969169816288e-07,7.155674448412476e-07,2.647733287801171e-06,4.483409047665916e-07,4.933956358781021e-07,1.800229917615902e-06,5.818507047464466e-05
2890,5.832317344059535e-07,6.421745704440609e-07,6.8151188244217e-07,2.457028980907063e-06,4.773651638472867e-07,5.335856806860437e-07,1.926784669482895e-06,9.055606485796843e-06
2891,5.827847033174501e-07,6.588752898482962e-07,7.04657435425144e-07,2.548705551426344e-06,4.6242557279787367e-07,5.068895594255838e-07,1.842296148704986e-06,8.429392196476597e-05
2892,5.80506334669992e-07,6.848365303591041e-07,6.985056348833613e-07,2.578048048102971e-06,4.4805907697735763e-07,4.923264638308686e-07,1.7881164595003893e-06,9.059153331880652e-05
2893,5.786808733276968e-07,6.59618867043451e-07,6.919327132703657e-07,2.505231505747545e-06,4.729920813436864e-07,4.918768457078728e-07,1.8229329946209884e-06,1.1226048580616811e-05
2894,5.761565759425099e-07,6.808147900541922e-07,7.092223535074786e-07,2.6134742094265183e-06,4.349797503159752e-07,4.812990197471504e-07,1.7529235589031674e-06,7.361359538959761e-05
2895,5.757904183643878e-07,6.725461052024773e-07,7.078184831927717e-07,2.5985924623599856e-06,4.4408439181976075e-07,4.804012269678504e-07,1.7660030327298416e-06,9.350097750707963e-05
2896,5.746679710496919e-07,6.571720892633244e-07,6.547624183617306e-07,2.437208430447927e-06,4.725427816092879e-07,5.158798394150589e-07,1.9000711444882075e-06,0.00010344595227929116
2897,5.728450939362213e-07,6.620142425589069e-07,6.321786452345043e-07,2.41943746318274e-06,4.769316715954051e-07,5.219357209566567e-07,1.9066147261891411e-06,7.441400636884235e-06
2898,5.708660481831534e-07,6.65002706571372e-07,6.986313905104581e-07,2.525665101587502e-06,4.3743898271054734e-07,4.840652100165771e-07,1.75502537359565e-06,2.8209235646796937e-05
2899,5.697510183234732e-07,6.519691671260086e-07,6.817863444837247e-07,2.4963731712939316e-06,4.381106152727722e-07,5.08808772068214e-07,1.7993286433505824e-06,1.593846933145312e-05
2900,5.671758457443023e-07,6.478292696196666e-07,6.802480982384146e-07,2.488114124468554e-06,4.607471879734033e-07,4.815421007027238e-07,1.7898755533123893e-06,5.879445209247019e-06
2901,5.656553112234915e-07,6.304734524716574e-07,6.572291228275931e-07,2.39511730966055e-06,4.650207782969112e-07,5.115567060601052e-07,1.8709604171079737e-06,7.633682965529213e-06
2902,5.641272963930474e-07,6.817084627490585e-07,7.191261380639864e-07,2.6478253850134724e-06,3.971371783382978e-07,4.6019173407172366e-07,1.6447457786464836e-06,1.2208835532277732e-05
2903,5.623730539940879e-07,6.457213952729185e-07,6.77056783195629e-07,2.4785799894520535e-06,4.3739888859296274e-07,4.909643342131892e-07,1.7739284763461765e-06,0.00022390956399905517
2904,5.599851420860341e-07,6.230528580518365e-07,6.82678877191231e-07,2.4392629376370922e-06,4.554085569459128e-07,4.804424578289712e-07,1.7934651767920768e-06,0.00013599683475588897
2905,5.586818251122371e-07,6.413077700739028e-07,6.905519679763303e-07,2.491998426912054e-06,4.334295221694026e-07,4.710764018302575e-07,1.7275740758248602e-06,0.00012156532432880279
2906,5.542547978715194e-07,6.81814929596912e-07,6.956060325470837e-07,2.5793254998040107e-06,4.001531114183342e-07,4.4107049898152306e-07,1.5976882562565228e-06,7.187443835372152e-06
2907,5.535051694164761e-07,6.741652386275496e-07,6.616398821214381e-07,2.506590421938879e-06,4.215337641908344e-07,4.583049750370873e-07,1.6757852615586605e-06,6.081150589110353e-05
2908,5.529177172282256e-07,6.788797522267405e-07,6.919795402748082e-07,2.572775032048501e-06,3.9532971172068596e-07,4.471033201162869e-07,1.607295044686601e-06,0.0001670574001700386
2909,5.497795161713886e-07,6.520481969401789e-07,6.592292162722935e-07,2.457868653878065e-06,4.2524899532294315e-07,4.642039130345281e-07,1.6975993379455656e-06,7.18863005664958e-06
2910,5.474682981528138e-07,6.522459367442975e-07,6.746786229590117e-07,2.492497911357374e-06,4.1462901143157267e-07,4.499251004257718e-07,1.639446836281651e-06,0.00020332172289278137
2911,5.466066026832252e-07,6.599691301045949e-07,6.864833224826325e-07,2.4962665564252833e-06,3.9921525755943884e-07,4.423616508039561e-07,1.5966689092343936e-06,4.1077187769962597e-05
2912,5.446548152974379e-07,5.979620173626373e-07,6.113998199693668e-07,2.260935478113821e-06,4.535753966243879e-07,5.17279253726982e-07,1.8571777547086555e-06,7.966946048103007e-06
2913,5.438812546786906e-07,6.384677206290605e-07,6.70430163757284e-07,2.4330503023240714e-06,4.1278698316530975e-07,4.554351103327468e-07,1.6521533006339877e-06,7.109246727769243e-05
2914,5.418292394118341e-07,6.065236214737673e-07,6.524049617833965e-07,2.359274988145682e-06,4.3414547354915427e-07,4.7583184504724354e-07,1.7453109165654712e-06,1.6397807270741146e-05
2915,5.399191913448024e-07,6.114062280232617e-07,6.841547863633289e-07,2.4172187527653186e-06,4.2071069911347034e-07,4.449883932117772e-07,1.6498326065385063e-06,2.5031750182479828e-05
2916,5.387090627300226e-07,6.018592263522171e-07,6.120366647607002e-07,2.2658782953679845e-06,4.527466264904094e-07,4.897735266831123e-07,1.8084945304947225e-06,6.950981040220432e-05
2917,5.381225075918025e-07,6.085799042967731e-07,6.170679386648978e-07,2.2716223834029e-06,4.4039496818757604e-07,4.880252855234825e-07,1.7718295163704156e-06,3.2252986367507e-06
2918,5.364329216366538e-07,6.420294170385103e-07,6.63480178463552e-07,2.4371874603874633e-06,3.984729572190157e-07,4.4332224882093663e-07,1.5994962264303569e-06,5.495807449043717e-06
2919,5.346690159520398e-07,6.803216937612017e-07,6.852608630858793e-07,2.551932799679735e-06,3.756781414027839e-07,3.989833081861973e-07,1.4653242576181824e-06,4.647140056126084e-05
2920,5.334870917029725e-07,6.296047127635544e-07,6.589445296226343e-07,2.4121230124560504e-06,4.0498542454036287e-07,4.419781810326081e-07,1.614065776084401e-06,1.677942472617949e-05
2921,5.322263191920884e-07,6.310469477646088e-07,6.637859292137355e-07,2.4149633694225426e-06,3.9717463933232284e-07,4.38458544699812e-07,1.5912397114806366e-06,8.220188517972637e-05
2922,5.270316303525841e-07,6.177727945058402e-07,6.640851200572044e-07,2.4049384985866073e-06,3.886106592417756e-07,4.392034969361076e-07,1.5712597244765622e-06,1.0636652133177421e-05
2923,5.258007449373225e-07,6.22739692453092e-07,6.472632018621179e-07,2.3725353506257632e-06,4.143525425435353e-07,4.2038948089783866e-07,1.574255114959246e-06,4.482104938484951e-05
2924,5.250012593460601e-07,5.908841620866245e-07,6.197357704252917e-07,2.2624597506587577e-06,4.2973595491543316e-07,4.6118873882084723e-07,1.7120379154786196e-06,2.3807128671152367e-05
2925,5.240585029964921e-07,6.287660081486732e-07,6.592618307806925e-07,2.406768556616746e-06,3.7640068993123275e-07,4.333423118349266e-07,1.538828422387442e-06,4.947196609025803e-05
2926,5.221289818756653e-07,6.189836044127999e-07,6.414631878110618e-07,2.3577635978732216e-06,3.956502286561323e-07,4.339500779898411e-07,1.590120736433157e-06,6.0996089768519864e-05
2927,5.21455920699556e-07,6.203576722948671e-07,6.345032073392707e-07,2.344595633073373e-06,3.9964104100195147e-07,4.3285095837100974e-07,1.584140823644223e-06,0.00011498384604320618
2928,5.200558149079472e-07,6.159142025588891e-07,6.266686857181936e-07,2.333422563199206e-06,3.942757107796748e-07,4.4488975241614655e-07,1.6031312455109094e-06,9.017742313765874e-05
2929,5.175692992045689e-07,5.855673391332081e-07,6.205341219208325e-07,2.2549124318547804e-06,4.254371140369286e-07,4.4025642071692544e-07,1.6516207255345723e-06,2.165634476329923e-05
2930,5.163455284952262e-07,6.149389455583826e-07,6.30770732970717e-07,2.3393090786854062e-06,3.939114336777842e-07,4.2727520985575965e-07,1.5640114549617411e-06,1.6739991080310373e-05
2931,5.157342604983361e-07,5.779693186182817e-07,6.349963016355736e-07,2.283242828243654e-06,4.0264386840759237e-07,4.4883996939594585e-07,1.6287994159231137e-06,7.112933041301085e-05
2932,5.113473976369953e-07,6.180016633495221e-07,6.447274688001928e-07,2.378792914647933e-06,3.816053641815558e-07,4.0255464165759876e-07,1.48889266719204e-06,9.013239167810246e-05
2933,5.095861208569352e-07,6.055443691222673e-07,6.089170794569178e-07,2.2578444565300924e-06,3.9491086088533713e-07,4.304665582406011e-07,1.570703457521288e-06,8.02159460775116e-08
2934,5.085354207762362e-07,5.841357694958025e-07,6.174226845475846e-07,2.241335465908876e-06,4.0113550310033936e-07,4.3293902971290854e-07,1.5889526394291617e-06,4.2878887817540525e-05
2935,5.076293992383639e-07,6.123854935534372e-07,6.300872851308501e-07,2.325683438669214e-06,3.8187553290764596e-07,4.0765793506581913e-07,1.4950346810314336e-06,0.00028763731481637044
2936,5.064402634442341e-07,5.945449949598423e-07,6.333699617611776e-07,2.3054628218198444e-06,3.775890083222068e-07,4.217422513248973e-07,1.5258365491385858e-06,6.061070148909268e-05
2937,5.0331791039676e-07,5.865380245080901e-07,6.217527663309683e-07,2.2458682948360846e-06,3.845073376563678e-07,4.2194951320726586e-07,1.5316605052829286e-06,7.0758648328807675e-06
2938,5.030183697916266e-07,5.851377167557766e-07,6.098641615194999e-07,2.2342289518341972e-06,3.8865314186471766e-07,4.298935860920583e-07,1.5642011809700745e-06,9.560666601359364e-06
2939,5.012501081899979e-07,5.744349034371669e-07,5.950628334003128e-07,2.1804338170725684e-06,3.9022675945338806e-07,4.4674587914790797e-07,1.5995920549729144e-06,1.6203904349343865e-05
2940,5.000980414369476e-07,6.031229530750653e-07,6.070671464993898e-07,2.2803368908373194e-06,3.838425486338772e-07,4.0782607812377166e-07,1.501372667387408e-06,6.098588027734326e-05
2941,4.995061782341185e-07,5.603780370232676e-07,6.022518402142509e-07,2.171390970708193e-06,3.917117891732912e-07,4.451478756716242e-07,1.5977630049180304e-06,2.8799512461275156e-05
2942,4.980547917790544e-07,5.679215219252338e-07,6.027082960674754e-07,2.221688323146927e-06,3.9038655967139596e-07,4.3266336026584936e-07,1.577992032537496e-06,2.840731830528935e-05
2943,4.969068820582376e-07,5.616254440793945e-07,6.101858716261399e-07,2.1962864053903346e-06,3.8049730053624073e-07,4.367761134088014e-07,1.5574347882114485e-06,7.504660063838227e-05
2944,4.943108371610754e-07,5.495497239069328e-07,5.609961217131985e-07,2.0892219763872215e-06,4.153026932431968e-07,4.5284440460124623e-07,1.6669060802353535e-06,2.616041694516014e-05
2945,4.931100043863314e-07,6.005434105733904e-07,6.391597546408932e-07,2.3390195070395485e-06,3.391083622330354e-07,3.950745597622993e-07,1.4028677614291967e-06,0.00013666631446250093
2946,4.919726054055866e-07,5.659968782606342e-07,6.15320309278837e-07,2.2141419115305706e-06,3.7419594238546294e-07,4.1382002659196716e-07,1.5042417674375195e-06,1.4741318731926858e-05
2947,4.909480168299305e-07,5.553791374671294e-07,5.785124757706533e-07,2.1200872355764747e-06,4.00158883543698e-07,4.3118129557938177e-07,1.5841847252133265e-06,4.681773124433095e-05
2948,4.888074398775146e-07,5.795958634210929e-07,6.054945230880809e-07,2.2373872633115777e-06,3.7448961570411625e-07,3.970832101238256e-07,1.4747356917226138e-06,8.200231628848873e-05
2949,4.882987025312674e-07,5.947502261256154e-07,5.926798011016277e-07,2.231320052026788e-06,3.650355552732576e-07,4.0216118578495264e-07,1.4688466556916642e-06,0.00015196774667532932
2950,4.861724747105163e-07,5.735324198876138e-07,5.751497045255631e-07,2.168953713846951e-06,3.82261252610312e-07,4.151722497779778e-07,1.5271114142413312e-06,3.658727111106339e-07
2951,4.840107534281578e-07,5.578528306447403e-07,5.810077991917429e-07,2.132346013090479e-06,3.8158855451203095e-07,4.170132174125681e-07,1.5242870537617072e-06,0.00010356514456231588
2952,4.822061545067869e-07,5.462793286912824e-07,5.811328363610318e-07,2.087340145153147e-06,3.794939748690348e-07,4.233325706716151e-07,1.5272932178606473e-06,0.00011592633960915528
2953,4.812669596911649e-07,5.640098375522694e-07,5.977656314782342e-07,2.1945912879579112e-06,3.7784554845355926e-07,3.868581631445223e-07,1.4570610653918532e-06,3.833766393803558e-06
2954,4.804044980717739e-07,5.639384614382629e-07,5.795740245485746e-07,2.1362843632879877e-06,3.7557194303388346e-07,4.0394237307655794e-07,1.4840436346476914e-06,1.6190385499280107e-05
2955,4.79573139396985e-07,5.691038260039834e-07,5.913709871635127e-07,2.186917686822446e-06,3.6110915084526733e-07,3.981149661162287e-07,1.4535509856805528e-06,8.974729953140176e-05
2956,4.777692508241601e-07,5.303296302287103e-07,5.331347552594943e-07,1.990856311672616e-06,4.137122234975912e-07,4.3530147834371067e-07,1.620911771663722e-06,9.547339672192461e-06
2957,4.770911323089774e-07,5.704220808274235e-07,6.303079566421608e-07,2.2791128914061165e-06,3.419986891935187e-07,3.6703489224401403e-07,1.350565769589011e-06,1.6302507391494228e-06
2958,4.7368203599819266e-07,5.820718934903605e-07,5.894429976715236e-07,2.2005700859896127e-06,3.4653997197348605e-07,3.7806237786466593e-07,1.3847617221513511e-06,9.078483331680841e-05
2959,4.7184946684492775e-07,5.75547123063178e-07,5.720089688753696e-07,2.1671232136954583e-06,3.570145165316297e-07,3.84210978746241e-07,1.4111949155117464e-06,2.8152574020000858e-05
2960,4.701805095372295e-07,5.663751387773982e-07,5.809134566696483e-07,2.170475238624029e-06,3.459738022764778e-07,3.888384680280375e-07,1.4104625101471748e-06,2.0823400947315236e-05
2961,4.6916992515000917e-07,5.449520994634984e-07,5.625714917455558e-07,2.0981483922446245e-06,3.651038673469003e-07,4.054281027542496e-07,1.4765917600440933e-06,0.00016065696671430264
2962,4.678856564474077e-07,5.366507399525669e-07,5.667899077377925e-07,2.0712039083817547e-06,3.5963801200321015e-07,4.09836067346546e-07,1.4730753380074927e-06,2.986933627774477e-05
2963,4.660478725792925e-07,5.551772465950552e-07,5.703584180090851e-07,2.1098118133611245e-06,3.448991579068393e-07,3.9512337829973143e-07,1.4146793084259041e-06,1.9932801180625727e-05
2964,4.6557613912353387e-07,5.216649764447242e-07,5.530338287666227e-07,2.02872406258499e-06,3.697062589426865e-07,4.192648143439134e-07,1.5110918932138732e-06,1.034281710351802e-05
2965,4.6468190995436223e-07,5.209833672847892e-07,5.859277706365491e-07,2.0950505571121037e-06,3.569903443704185e-07,3.9618886111604547e-07,1.4421330220374082e-06,0.00012426748384191714
2966,4.6251330708617614e-07,5.233753755601344e-07,5.777508990939491e-07,2.0732600675158234e-06,3.5010518370480854e-07,4.001781116535259e-07,1.4314237127730855e-06,1.754354187754476e-05
2967,4.617073283041043e-07,5.583225813590459e-07,5.745845123413044e-07,2.1539137898255575e-06,3.3499821025880286e-07,3.8027798989145313e-07,1.371636152389088e-06,1.1189300455131123e-05
2968,4.604347722600473e-07,5.23945705863266e-07,5.39975629816781e-07,1.9968785728276516e-06,3.644648975741441e-07,4.1470310393374266e-07,1.4895938955930644e-06,0.00023052704879292127
2969,4.586196443528639e-07,5.630656790673104e-07,5.904225708898982e-07,2.182623689788695e-06,3.172618058162117e-07,3.650734399210917e-07,1.2998177578770725e-06,5.9753008704550896e-05
2970,4.5610617881007047e-07,5.511287879581238e-07,5.702240192711795e-07,2.102332053379634e-06,3.378050440134289e-07,3.6660442043030857e-07,1.343019847791518e-06,5.9716491340737704e-05
2971,4.553378569463946e-07,5.487375927540215e-07,5.499589355883941e-07,2.0590256290598782e-06,3.537191188730191e-07,3.7027108393844496e-07,1.38563069673485e-06,9.757113093583613e-05
2972,4.538573252856646e-07,5.153916116629711e-07,5.283078507673516e-07,1.9489356267209567e-06,3.6570741297724583e-07,4.0735337953736705e-07,1.4788494044877474e-06,0.00010730843208604333
2973,4.530266754019648e-07,5.282175226138725e-07,5.570989275784255e-07,2.0446176288980716e-06,3.4235609691696476e-07,3.857626797914882e-07,1.3928975131563928e-06,9.957055042358738e-05
2974,4.522480147115167e-07,5.162860270149018e-07,5.496933405221461e-07,2.0079902085794647e-06,3.4583372236851214e-07,3.985052108273601e-07,1.4311147996863268e-06,5.552429938314918e-05
2975,4.507927870229933e-07,4.942831290593237e-07,5.084502358588975e-07,1.8626559877811997e-06,3.8570012356903175e-07,4.160596310911285e-07,1.5388961644285987e-06,0.00010087531756954098
2976,4.4814758248095205e-07,5.462157170685202e-07,5.595144897918159e-07,2.075348306610236e-06,3.318181235472359e-07,3.563562180428042e-07,1.3132976789968803e-06,0.00010955269254001856
2977,4.4737367751583826e-07,5.43028192810371e-07,5.589687629272097e-07,2.0730019225522454e-06,3.257795672759731e-07,3.6303012904934076e-07,1.3144629121223895e-06,8.533081945588308e-05
2978,4.4532178148657656e-07,5.283429585586092e-07,5.446046506328109e-07,2.0255286003697217e-06,3.496567066729741e-07,3.5998873629067365e-07,1.359038442433002e-06,5.111526249061977e-05
2979,4.4496737002756895e-07,5.55247294473614e-07,5.716737955462851e-07,2.109457095557082e-06,3.0855003661068303e-07,3.4570323903165826e-07,1.243734342267755e-06,9.39457631704661e-05
2980,4.427678785505424e-07,5.433708152247213e-07,5.449762311687737e-07,2.0270298202452766e-06,3.173541828280551e-07,3.6666872399827747e-07,1.2933999675757012e-06,7.76003880731483e-05
2981,4.41445953875276e-07,5.135760266454799e-07,5.446685106874752e-07,2.002482869049649e-06,3.4172896972979014e-07,3.6710486861972125e-07,1.3550162176398102e-06,5.0441796210517386e-05
2982,4.4090452266205194e-07,5.119858785104779e-07,5.536296512806342e-07,2.019072139871887e-06,3.269787962290218e-07,3.723167378143068e-07,1.3437001056109827e-06,6.822752357784584e-05
2983,4.388741615844566e-07,5.083785673482408e-07,5.752439337540227e-07,2.0534484685302013e-06,3.203327453227446e-07,3.5282842135073464e-07,1.2799873890620436e-06,1.4280343075994539e-06
2984,4.380289224731778e-07,4.978056393182466e-07,5.584712062353845e-07,1.997156047313558e-06,3.276788225007947e-07,3.6944456297206627e-07,1.3354327272489934e-06,1.1738402869598137e-05
2985,4.367113291900181e-07,4.955961727133933e-07,5.406646858998588e-07,1.9555682320121807e-06,3.3942216118627404e-07,3.724429762465977e-07,1.3609923223892892e-06,6.315064666632866e-05
2986,4.3506177343894603e-07,5.322372089667823e-07,5.597217736777674e-07,2.0597441793550125e-06,3.1407083849988383e-07,3.3549311286108576e-07,1.2430714791909204e-06,1.5402206140166917e-05
2987,4.346613048423333e-07,5.324720977461575e-07,5.272197054894568e-07,1.9964185037437923e-06,3.230670621513829e-07,3.571610240330206e-07,1.2908936229952325e-06,2.547203583697622e-05
2988,4.338487961336256e-07,5.360275444771889e-07,5.341784729765415e-07,2.025051438709495e-06,3.139345652210216e-07,3.5252689134506073e-07,1.2726788851340653e-06,0.00011171571316708928
2989,4.3199600247710476e-07,4.934541551960453e-07,4.9072611321238e-07,1.85820033738061e-06,3.6363682220137404e-07,3.814337697516024e-07,1.4300954032992475e-06,8.094059549252435e-06
2990,4.302731641454449e-07,5.032672790654711e-07,5.36954058684597e-07,1.9594117792601144e-06,3.2204028749430643e-07,3.600928243329968e-07,1.3104475600057252e-06,2.1415213714644432e-05
2991,4.2946532067122063e-07,5.262697178712429e-07,5.159728908179877e-07,1.9610770319602672e-06,3.24607291850346e-07,3.5227080690409854e-07,1.2962612409072337e-06,8.43615050386251e-05
2992,4.280538080881787e-07,5.23168221751768e-07,4.95659008143501e-07,1.920051774013931e-06,3.317081350849559e-07,3.629351561282068e-07,1.329062631855743e-06,7.976098627704955e-05
2993,4.2587338187817324e-07,4.942566001123535e-07,5.174367324077839e-07,1.9016319534392972e-06,3.265007229530715e-07,3.665483672387847e-07,1.3237513939820376e-06,5.732364754663685e-06
2994,4.257369536921671e-07,5.410943455101563e-07,5.588391099193013e-07,2.0937106771105404e-06,2.8555497033993337e-07,3.187078813815764e-07,1.1515221443471342e-06,8.399475802659857e-06
2995,4.2414205791698245e-07,5.164063797339292e-07,5.318181408042968e-07,1.969570368704298e-06,3.165958226010105e-07,3.329917082391029e-07,1.2401345998602696e-06,3.320236406066054e-05
2996,4.233574205363168e-07,5.034339615096659e-07,5.285326000368718e-07,1.921501722214576e-06,3.0970362451779017e-07,3.530010128897365e-07,1.2626012267577857e-06,1.3128683940040477e-05
2997,4.216499651308584e-07,5.23393996951287e-07,5.362328463263813e-07,2.0074998000284293e-06,2.9460255402818227e-07,3.336069739622831e-07,1.1998944413574566e-06,2.585483403464392e-05
2998,4.20593326296984e-07,5.067377339559779e-07,5.201422673604729e-07,1.94369977543634e-06,3.1239940219923964e-07,3.443273111087538e-07,1.2639910908571842e-06,5.68253567899574e-05
2999,4.1900892077702847e-07,4.683359354387311e-07,5.286135797001542e-07,1.8865070090051832e-06,3.1881985979872196e-07,3.61495071932571e-07,1.3081604602118016e-06,3.6921592428661874e-05
3000,4.182757870878485e-07,4.994280303249888e-07,5.257507830027273e-07,1.94350236112235e-06,3.068355027201178e-07,3.423154480672699e-07,1.244276973373453e-06,4.4507477304644796e-05
3001,4.1745011936386257e-07,4.909648125632694e-07,5.339012878384646e-07,1.93080569367399e-06,3.0488097732949175e-07,3.412775948041847e-07,1.2369675780342327e-06,0.00011726355232558677
3002,4.161781579343902e-07,4.803139153077338e-07,5.168004955026582e-07,1.8734825769674563e-06,3.1720911065159817e-07,3.516095756830856e-07,1.2771101972848215e-06,1.6870975465440247e-05
3003,4.1340903281445757e-07,4.878883559030694e-07,5.180799851114238e-07,1.8964956553657749e-06,3.0439652003310176e-07,3.444836167462334e-07,1.241829143112062e-06,3.548887267594621e-05
3004,4.1314527177756715e-07,4.870674901257521e-07,5.315681316120307e-07,1.9015646406513097e-06,3.0853025565616926e-07,3.266267759509187e-07,1.2104177319222202e-06,7.609341926105495e-06
3005,4.1194853049356503e-07,4.776528197267506e-07,5.021637533629921e-07,1.8571694885080271e-06,3.2193153308569864e-07,3.4725407771594386e-07,1.271276676378472e-06,3.347062016829832e-05
3006,4.106946459138128e-07,5.050375231447184e-07,4.913780845131923e-07,1.8726258265794183e-06,3.0521774183488654e-07,3.4234961723536947e-07,1.2415988216875146e-06,1.945493153243092e-05
3007,4.100347103682704e-07,4.829471874563658e-07,5.283147734275945e-07,1.9020899662586714e-06,2.9129494916791413e-07,3.387843814013266e-07,1.2009868969265847e-06,6.0775775464948704e-05
3008,4.085748922521497e-07,4.897150096952064e-07,4.972623493087605e-07,1.8668299488915702e-06,3.0151769901091236e-07,3.470026768732622e-07,1.2340161018084184e-06,2.3874104408175372e-05
3009,4.077285141648726e-07,4.77997069030095e-07,5.189740896666805e-07,1.8925099575152477e-06,3.0883296752394854e-07,3.2630561506587856e-07,1.219483027967142e-06,9.781328287376023e-06
3010,4.050384320718245e-07,4.890240702752608e-07,4.879505238163526e-07,1.855844986086741e-06,3.0534542366560536e-07,3.390215094240181e-07,1.232496212954063e-06,3.3948805759143856e-05
3011,4.039503433693015e-07,4.7628368818887e-07,4.939882083878888e-07,1.8323459047533328e-06,3.039645222531414e-07,3.427495559603595e-07,1.2401695374213889e-06,0.00012871048817310527
3012,4.0266556654115495e-07,4.6206324506785657e-07,4.7246895132605104e-07,1.752977954731383e-06,3.189631483423476e-07,3.583477583787875e-07,1.2991594650958816e-06,6.969047550631801e-05
3013,4.01690707753832e-07,4.662337278867102e-07,4.915964837541587e-07,1.8051399515235363e-06,3.103206908022734e-07,3.397899100860286e-07,1.244895294544338e-06,0.00013880940518604096
3014,3.998375440874221e-07,4.5715112582409153e-07,4.80723014701382e-07,1.7638946065096346e-06,3.2420613741926244e-07,3.3844244210183985e-07,1.2777097462201482e-06,3.597182275652078e-05
3015,3.990901526720918e-07,4.797005781118173e-07,4.942388668839606e-07,1.8438900595219693e-06,3.02877231113312e-07,3.207142873984574e-07,1.1897018383052757e-06,7.26045668626548e-06
3016,3.9697698275430355e-07,4.725926418970818e-07,4.8654768139104e-07,1.815502117290412e-06,2.9996454877420196e-07,3.299672165783259e-07,1.2074063298573194e-06,0.00014923672961299526
3017,3.9669004064783915e-07,4.632213381032735e-07,5.055882465017937e-07,1.8225411320380153e-06,2.977797639504284e-07,3.213341300850001e-07,1.186025125749773e-06,7.478573023774923e-06
3018,3.9531041166726727e-07,4.966354878716299e-07,5.242370944105848e-07,1.940354907930745e-06,2.6470427345020105e-07,2.968240579285489e-07,1.0683286748618016e-06,3.920541108055233e-06
3019,3.9377090304681864e-07,4.73398702251956e-07,4.988849643486906e-07,1.8260275931169998e-06,2.8891293098733755e-07,3.150417659647375e-07,1.1475000379711026e-06,8.452308434298017e-05
3020,3.930537678313374e-07,4.845852327669572e-07,4.971586857164132e-07,1.8564782900957774e-06,2.75362649533386e-07,3.162611496916237e-07,1.1312993779339053e-06,1.2913059724668274e-05
3021,3.926027785650125e-07,4.511294175815541e-07,4.558195348674015e-07,1.7027999599090762e-06,3.076221140710793e-07,3.5699137582963625e-07,1.2719613573993398e-06,0.0001165062297771478
3022,3.897417329372303e-07,4.771206090583184e-07,4.689083946637591e-07,1.7830598951464075e-06,3.000840042377259e-07,3.1399686132067553e-07,1.174232501199757e-06,8.237609626380778e-06
3023,3.8911482605554096e-07,4.783678071323753e-07,5.006095604177948e-07,1.850778017670761e-06,2.7177526566305855e-07,3.068477708584383e-07,1.1056062405674511e-06,1.7464498552240277e-05
3024,3.878011708324648e-07,4.78184703589381e-07,4.958133479273058e-07,1.8487935453479152e-06,2.762357778068014e-07,3.021081016656047e-07,1.107901216844688e-06,9.85896828281272e-07
3025,3.8624188217877524e-07,4.496402687085841e-07,4.760563798070741e-07,1.7529436783099889e-06,2.9414860656881105e-07,3.262549440491634e-07,1.1907223324632766e-06,6.942687080804958e-05
3026,3.858488110453674e-07,4.507289348672008e-07,4.804120850791309e-07,1.7574861076339032e-06,2.966975637452173e-07,3.166881783170104e-07,1.1735525920166817e-06,1.6606606549831427e-06
3027,3.833011982484546e-07,4.710254875601132e-07,4.797629800649219e-07,1.7948947785482966e-06,2.79998236613456e-07,3.035421387157721e-07,1.1140321557793814e-06,0.00012035987610056394
3028,3.810538145382793e-07,4.7515412135624034e-07,4.77079369542044e-07,1.8084227834994999e-06,2.6717847001606376e-07,3.059207600326932e-07,1.0972836523650837e-06,7.231727119026575e-05
3029,3.7970795455574e-07,4.580600569391908e-07,4.685351237723758e-07,1.7467073649153747e-06,2.853042809595054e-07,3.080458691686751e-07,1.1409045757239558e-06,5.610835664910081e-05
3030,3.7834798461550204e-07,4.188030444106154e-07,4.7094792519698477e-07,1.6770052267551224e-06,2.910532094671987e-07,3.336972873541731e-07,1.2005235213719926e-06,4.066801977545351e-05
3031,3.7704887395507046e-07,4.506207907437542e-07,4.823933203566951e-07,1.7700122481146673e-06,2.757101238160537e-07,3.0057697949343307e-07,1.1012858969527247e-06,9.92081168557908e-05
3032,3.760948539619821e-07,4.4504129398562056e-07,4.546487565402596e-07,1.6946072806055887e-06,2.84306034244629e-07,3.2148625497858904e-07,1.1551398716712826e-06,0.00010430672916873001
3033,3.7461970915399165e-07,4.5774669896334536e-07,4.859046730729492e-07,1.789238493625875e-06,2.569118006945867e-07,2.9901425389051316e-07,1.0617871425765532e-06,2.7204726960174345e-05
3034,3.741332990829055e-07,4.794718513607108e-07,4.974137362724018e-07,1.8556524641469687e-06,2.482709904927091e-07,2.7247378495563614e-07,1.002733824096921e-06,5.5101528760228093e-05
3035,3.73611561833343e-07,4.5506817829380515e-07,4.641551121356094e-07,1.7510062652773817e-06,2.788709241005893e-07,2.974476656985805e-07,1.1078912157320923e-06,6.368486226445769e-05
3036,3.71717802174283e-07,4.0407962257298143e-07,4.438834404528046e-07,1.5882746656933191e-06,3.0622117164516113e-07,3.3377705593449055e-07,1.22800851041703e-06,7.837513859210666e-05
3037,3.705479896305991e-07,4.222108859745134e-07,4.68491103223057e-07,1.6781392760400302e-06,2.830438717009858e-07,3.095327500830559e-07,1.1379854085138023e-06,1.8224320080911215e-05
3038,3.7000447663553077e-07,4.650594590266679e-07,4.820939145401939e-07,1.7975831958692096e-06,2.486841077408361e-07,2.8526548203721575e-07,1.0191081296790882e-06,7.6192805878910135e-06
3039,3.669845248724665e-07,4.320778964932547e-07,4.677322343988636e-07,1.6906294023058141e-06,2.684794394364836e-07,3.007247309676927e-07,1.090385365239594e-06,8.431628598416111e-05
3040,3.664051595989654e-07,4.4344414702821463e-07,4.6252715133500904e-07,1.7222087694527668e-06,2.605190167211935e-07,3.0020482249954723e-07,1.0719878997357774e-06,8.482011002161944e-06
3041,3.66238313947396e-07,4.253396256728971e-07,4.5077624161893586e-07,1.6570797761813731e-06,2.798340649248635e-07,3.100773372780028e-07,1.1367442819013244e-06,0.00014397528508940856
3042,3.6357074728591304e-07,4.307589143844469e-07,4.6194238002604375e-07,1.688701592360853e-06,2.6893567946539624e-07,2.9371220683951665e-07,1.0722664958398084e-06,7.94348718157499e-06
3043,3.621051588877499e-07,4.351339521082951e-07,4.660593027046586e-07,1.7071537878173844e-06,2.6285519750871026e-07,2.8543407444573864e-07,1.0458178728102084e-06,8.403707461902357e-05
3044,3.6148875100864615e-07,4.248636099241225e-07,4.566187169484739e-07,1.665742996966774e-06,2.727776504957503e-07,2.927551115789549e-07,1.0818693792828226e-06,6.98984732620733e-05
3045,3.611953793573866e-07,4.2719606691785526e-07,4.5765795948524796e-07,1.6818306881016887e-06,2.64079176509382e-07,2.969075353204929e-07,1.0758428360844857e-06,2.299605527486675e-05
3046,3.592867594731632e-07,4.4158693919435747e-07,4.6503453475586405e-07,1.7173737837419222e-06,2.4863328976063976e-07,2.829459032900047e-07,1.010524812048865e-06,0.00020908900765666282
3047,3.5883308083961293e-07,4.181372206957323e-07,4.543888827362695e-07,1.6536346388024479e-06,2.630937925654072e-07,3.0076472770621647e-07,1.0825639196837624e-06,5.834740388436809e-06
3048,3.570492204000832e-07,4.0404593222556517e-07,4.494936233181452e-07,1.6182978762297136e-06,2.7222667934885753e-07,3.034777115031829e-07,1.1027055876143774e-06,0.00011285186946303771
3049,3.555409790690063e-07,4.3309556558662324e-07,4.5645405243052966e-07,1.6909271568125634e-06,2.459296064417069e-07,2.8772733132790287e-07,1.0182088025048933e-06,0.0001936471624324383
3050,3.543831651605262e-07,4.3679232827246404e-07,4.606647316843997e-07,1.7056163948140236e-06,2.43997923975402e-07,2.77116923803047e-07,9.90036386511351e-07,9.419905922214249e-05
3051,3.538337626837947e-07,4.1831700149421247e-07,4.542947559391068e-07,1.6481897314090738e-06,2.5727458974258986e-07,2.864863398789356e-07,1.0444534287153949e-06,5.460791585544544e-05
3052,3.526662779805912e-07,4.362042808953188e-07,4.635709366025338e-07,1.7167579788219682e-06,2.431376015913109e-07,2.687865040076284e-07,9.777183203980101e-07,3.6582763649557255e-05
3053,3.5190190348379223e-07,4.289505060097274e-07,4.6606590365666775e-07,1.6960102074387963e-06,2.4549196437171685e-07,2.681312094393866e-07,9.813269627057868e-07,2.9016122545380298e-05
3054,3.4973178863341544e-07,4.226230618865667e-07,4.345335689417412e-07,1.613868603390309e-06,2.5186034629785915e-07,2.9093578443109926e-07,1.0360078424432428e-06,5.494510401229155e-05
3055,3.492429764438654e-07,4.0241215554764433e-07,4.4434793951182524e-07,1.6084723475352082e-06,2.637701373566716e-07,2.8746584656428973e-07,1.0554241920664908e-06,2.500072365091588e-05
3056,3.4902339598681527e-07,4.1823356062375454e-07,4.6071116789791506e-07,1.666973719812313e-06,2.483827515556537e-07,2.697896362473315e-07,9.901334660176707e-07,2.9435728654727574e-05
3057,3.475295805440012e-07,4.248007495556804e-07,4.4466023254741294e-07,1.6489302961829017e-06,2.478603574825042e-07,2.738161348513645e-07,9.99330124452282e-07,3.2803474092195024e-05
3058,3.468881686481953e-07,4.2581002110148746e-07,4.493594108582489e-07,1.6554070131676399e-06,2.453368063372501e-07,2.680637020202129e-07,9.809317495523371e-07,8.989706334178464e-05
3059,3.454046723511768e-07,4.213990895532681e-07,4.417062721680851e-07,1.639591569039957e-06,2.5312538152492566e-07,2.6640086481553255e-07,9.963595159943715e-07,3.688003676150248e-05
3060,3.4441445508424845e-07,4.174090891856455e-07,4.3366804224233717e-07,1.6154134276389732e-06,2.500696412440708e-07,2.7752105919819654e-07,1.0109196677200689e-06,3.710741807978696e-05
3061,3.420626863604202e-07,3.8994583252265505e-07,4.2494823457807e-07,1.5450307860652242e-06,2.5446056717848626e-07,2.9989922666841136e-07,1.0649647869440325e-06,2.0096051098129924e-05
3062,3.405923060489923e-07,4.197423040163902e-07,4.479067315065176e-07,1.6469778626290385e-06,2.3167428296935915e-07,2.6404470889758494e-07,9.497000806231601e-07,1.09236819651543e-05
3063,3.3969579134359805e-07,4.2116346260570993e-07,4.5099105457849624e-07,1.6479407906595177e-06,2.264205234157596e-07,2.6120430057387093e-07,9.334825455602831e-07,3.8082813122937044e-05
3064,3.390445108018168e-07,4.16000494616076e-07,4.3524722974703435e-07,1.6257333772821007e-06,2.3763631904581815e-07,2.6828826400652536e-07,9.693093837299832e-07,1.5492660900929907e-05
3065,3.3831793035729696e-07,4.050893033697593e-07,4.2719847704123186e-07,1.5734713284234013e-06,2.450536506950854e-07,2.769224231188596e-07,1.0013239260288447e-06,9.993034456952839e-05
3066,3.36404795108309e-07,4.1522889029688064e-07,4.224081205924068e-07,1.5902630358492307e-06,2.400544408476579e-07,2.689142541269717e-07,9.783408187877352e-07,4.713783343489314e-05
3067,3.3566918737430984e-07,4.083409008182069e-07,4.2534681079494016e-07,1.5814122893208773e-06,2.396586954449294e-07,2.7031470837135875e-07,9.736192113490119e-07,0.00019013693401685082
3068,3.329708822397866e-07,3.9158021054045004e-07,4.165137953864306e-07,1.5402217414456046e-06,2.514142406675149e-07,2.733517397142427e-07,1.0106849695957567e-06,0.00017245977745559575
3069,3.316604051577848e-07,4.1198215613467543e-07,4.20504472717412e-07,1.5833683862440396e-06,2.3048691302241738e-07,2.6464069135814854e-07,9.443306921385824e-07,0.0001037490909527571
3070,3.3098258718929543e-07,4.01309377698434e-07,4.224819651239163e-07,1.561533918813992e-06,2.3976514116670655e-07,2.6134448846021583e-07,9.570075631135002e-07,6.0062355314189104e-05
3071,3.3028766458061946e-07,4.093749123324257e-07,4.1737434538898164e-07,1.5723704696685204e-06,2.2541283568071728e-07,2.6995715300917407e-07,9.51710853955365e-07,7.900711251366567e-06
3072,3.2955925510217826e-07,4.079788832609744e-07,4.170655944602614e-07,1.5718989140066556e-06,2.363490500261587e-07,2.578099427730433e-07,9.487596006206342e-07,1.664270682775321e-05
3073,3.284699215553879e-07,3.8390337604113145e-07,4.0521381639326563e-07,1.4884064149635324e-06,2.468393166007471e-07,2.788864310236941e-07,1.0145633018510548e-06,1.1260273078539184e-05
3074,3.274556235959867e-07,3.9529308480452656e-07,4.151735944361126e-07,1.540234497990907e-06,2.326563991136179e-07,2.6765969614071055e-07,9.594780260682025e-07,7.6218366618796026e-06
3075,3.2526331713636236e-07,4.0276395939412433e-07,4.1826221862692814e-07,1.5569180695042208e-06,2.2045257234760565e-07,2.605283728324887e-07,9.179074634226718e-07,0.00011582939455701673
3076,3.2489347899647503e-07,3.972134194056277e-07,4.201864176667937e-07,1.550549392193495e-06,2.2610372653908013e-07,2.570231178355429e-07,9.220259338691775e-07,4.8004540540768785e-05
3077,3.243111633902511e-07,3.765602328281204e-07,3.96130740022631e-07,1.4666762356350398e-06,2.5743331309989557e-07,2.680714285568172e-07,1.0097921907025796e-06,2.1056045107574092e-05
3078,3.2300019016987756e-07,3.8848297771643507e-07,4.028298513679515e-07,1.4969978192605177e-06,2.3644636034143017e-07,2.6518878495418017e-07,9.596357611229853e-07,5.950907831180925e-06
3079,3.214632781725923e-07,3.91355226425149e-07,3.9754504284103974e-07,1.496857025996617e-06,2.380268139044554e-07,2.5986873804797995e-07,9.557184124871525e-07,6.651239020777819e-05
3080,3.208314717357289e-07,3.8900327047672815e-07,4.249904606121601e-07,1.5497154877279337e-06,2.1973033554659771e-07,2.5054267591915725e-07,9.003465569576785e-07,7.91474623167391e-06
3081,3.2021705593454183e-07,3.990216697679153e-07,4.0782019561265726e-07,1.5432755886519465e-06,2.1928398529167952e-07,2.556814274052885e-07,9.111937375773666e-07,6.711609796136634e-05
3082,3.189396139504796e-07,3.8229446331814193e-07,4.147980338031344e-07,1.5160595879494354e-06,2.2554613204729073e-07,2.5405513076205257e-07,9.200428564521115e-07,7.916911472715074e-05
3083,3.18023988392784e-07,3.804047932834067e-07,4.015539737884542e-07,1.4872246270439337e-06,2.3778495655237428e-07,2.5328484975619043e-07,9.423116486108513e-07,3.6624046643537445e-06
3084,3.171197962424661e-07,3.849158129692067e-07,3.9626007717181173e-07,1.4895393538376497e-06,2.3029055320486717e-07,2.5794271460069156e-07,9.38196774230701e-07,2.1350516147450352e-05
3085,3.1505298401598545e-07,3.817952276106308e-07,3.9275999657060265e-07,1.4717795973382874e-06,2.32328424065041e-07,2.54252197547187e-07,9.343123877014747e-07,6.937919232906722e-06
3086,3.1471796256892706e-07,3.9280726018160894e-07,4.035330525981604e-07,1.517175438577376e-06,2.1956243063128112e-07,2.4389203398795833e-07,8.843124245613081e-07,4.043102630453508e-05
3087,3.134337838879747e-07,3.8365349862911525e-07,4.0021728184426114e-07,1.4900450740018497e-06,2.2221728413001467e-07,2.485662299528036e-07,9.068262373680634e-07,5.4723229576627976e-05
3088,3.1137418608701406e-07,3.622679421331638e-07,3.9354053395478776e-07,1.436500154748801e-06,2.3408124697276962e-07,2.5652014252120675e-07,9.423125364496243e-07,9.699323366565325e-07
3089,3.105677352023167e-07,3.7992592343048816e-07,3.874418067983052e-07,1.4704849727494798e-06,2.173491894896572e-07,2.5846477690382514e-07,9.126692516842144e-07,5.245580738752649e-06
3090,3.0990721905708883e-07,3.8992747169367767e-07,3.996146972336877e-07,1.4948092308788281e-06,2.1769406740615933e-07,2.3330145991827125e-07,8.609154594451057e-07,3.4310834331221185e-05
3091,3.094020842883895e-07,3.6310467736209614e-07,3.894771311555225e-07,1.4234021214582154e-06,2.278086405349639e-07,2.5812522568659176e-07,9.355082904998842e-07,8.112645742282189e-05
3092,3.075837988632e-07,3.705204282247396e-07,3.9831630043726997e-07,1.459358993104782e-06,2.122353819711822e-07,2.5016509089579515e-07,8.871716160984511e-07,0.00011995842398853306
3093,3.069125223202004e-07,3.5664344564589264e-07,3.834472226583171e-07,1.4037274237233512e-06,2.3542583875083184e-07,2.5303361898918417e-07,9.334622001321145e-07,6.768133529348172e-05
3094,3.061445400578658e-07,3.689538112438703e-07,3.7682657260332116e-07,1.4142592384129782e-06,2.232921318408511e-07,2.5640342898224735e-07,9.18151481142376e-07,0.00012071524268699589
3095,3.050909698620449e-07,3.750379270528772e-07,3.879169148168632e-07,1.4543612538987508e-06,2.1735261771656217e-07,2.4095111762979925e-07,8.796780964213701e-07,1.2154897554792021e-05
3096,3.037728963602262e-07,3.586609521282166e-07,3.8723144822507716e-07,1.4123807193734688e-06,2.2183853252550652e-07,2.482514822543775e-07,9.031174317870122e-07,5.442603581431186e-05
3097,3.0313749364468785e-07,3.7728380728275537e-07,3.6839428037400707e-07,1.4139162625681557e-06,2.2123257920086551e-07,2.4652827421306e-07,8.977820262113437e-07,1.1678472487515424e-05
3098,3.0157801291084144e-07,3.66303479879004e-07,3.918218845345297e-07,1.4411089864798417e-06,2.1581141193030445e-07,2.3325966944638758e-07,8.646941427218441e-07,4.271064142234631e-05
3099,3.0120507114427835e-07,3.5328718104435896e-07,3.6943514340041366e-07,1.3733716171119808e-06,2.2679110574439505e-07,2.5619014934317543e-07,9.276036547821339e-07,5.45084872655041e-05
3100,2.997135445299228e-07,3.769861521474648e-07,3.88966287131182e-07,1.4592889533622093e-06,2.057001851641815e-07,2.2808047545197738e-07,8.334471754172823e-07,6.253043222950304e-05
3101,2.984870079646268e-07,3.64309972443173e-07,3.9000995152681364e-07,1.4390629105168483e-06,2.1259856798434742e-07,2.27904865486921e-07,8.430988916292846e-07,2.86747030717851e-05
3102,2.9721672869522887e-07,3.3971441917673264e-07,3.8086653871486773e-07,1.3650518779958214e-06,2.22486997745909e-07,2.466705620690153e-07,9.01103775553728e-07,6.582407905898863e-06
3103,2.967671079510025e-07,3.4857237209495745e-07,3.5969400501823846e-07,1.3416095666660582e-06,2.23509469454545e-07,2.5616287050833626e-07,9.225380490049827e-07,9.243386333723018e-05
3104,2.9562985043769723e-07,3.454697258625395e-07,3.8674924790499484e-07,1.3983333245940121e-06,2.1540478844150816e-07,2.35762592897823e-07,8.668087924519344e-07,1.930081905480594e-05
3105,2.941392439549351e-07,3.6950012103852023e-07,3.8668960188610606e-07,1.433363900536348e-06,1.9509892209242302e-07,2.261309096730759e-07,8.065833350600648e-07,9.537209256669054e-06
3106,2.936304953646333e-07,3.402708068622009e-07,3.6941667745624117e-07,1.3396411409752026e-06,2.163440457270542e-07,2.4935153918762454e-07,8.93315025621851e-07,5.7150634731254e-05
3107,2.926465066962013e-07,3.638952758117109e-07,3.915250517911023e-07,1.4301594767163405e-06,1.9841945224433824e-07,2.1760444782123267e-07,7.946985158651205e-07,6.79573382962296e-05
3108,2.911412885820834e-07,3.576855949152367e-07,3.7447021829551104e-07,1.3960237313918356e-06,2.0554006708934393e-07,2.2772306276251086e-07,8.30980052211081e-07,3.609321937941884e-05
3109,2.898070415351217e-07,3.4798143814986755e-07,3.631866607243617e-07,1.3492267407913324e-06,2.1315618808431676e-07,2.3575375284735676e-07,8.63148183923948e-07,4.140405064863658e-05
3110,2.8894117132729904e-07,3.596021237885648e-07,3.8946436909688846e-07,1.4263131238447606e-06,1.9293479961026205e-07,2.1461072728695915e-07,7.790208002313667e-07,6.564071878405084e-05
3111,2.8825659451969923e-07,3.456507880378291e-07,3.685962923018637e-07,1.3576298941855696e-06,2.0382954606990085e-07,2.357950774957061e-07,8.43052950730296e-07,4.311335891161448e-05
3112,2.8782118044329923e-07,3.4369986062632846e-07,3.685242687977265e-07,1.3586447378417593e-06,2.0751567036637538e-07,2.3238897380449025e-07,8.434127699645471e-07,1.8690343636610038e-05
3113,2.8655206977609084e-07,3.4015619675388623e-07,3.814129340033399e-07,1.3664685416339981e-06,2.013568880015482e-07,2.241225902369626e-07,8.123893563383474e-07,8.40505475508837e-06
3114,2.856259208997009e-07,3.444135515871008e-07,3.7027320898880893e-07,1.3597678644681238e-06,2.0004448575782558e-07,2.2861005056114348e-07,8.183312867471791e-07,5.872340469730228e-05
3115,2.8392036850797913e-07,3.4738026106536053e-07,3.8259516677543906e-07,1.3932564145665216e-06,1.9574730481378916e-07,2.1079135297505208e-07,7.768371806266713e-07,3.211426816376164e-05
3116,2.827940221089113e-07,3.4583263150276396e-07,3.7126014097614473e-07,1.3695917665658743e-06,1.9063081459382912e-07,2.2428180865743967e-07,7.986468011190918e-07,9.036691311381127e-05
3117,2.819360262316373e-07,3.226402581126698e-07,3.6017645121585076e-07,1.2944483092202062e-06,2.1293297404858242e-07,2.328212134282724e-07,8.579927149418191e-07,1.548127011206243e-05
3118,2.8102299973250735e-07,3.3401324876652e-07,3.635044514597255e-07,1.3312677229899281e-06,2.0249280610063693e-07,2.249056068344784e-07,8.223279410508242e-07,4.40400757688267e-05
3119,2.8044163663709323e-07,3.4061435830673785e-07,3.759688465050343e-07,1.357397861020506e-06,1.8931541475348225e-07,2.16690337605552e-07,7.737698149016154e-07,8.012558068644313e-06
3120,2.798575979270005e-07,3.338904328411227e-07,3.4489103696423124e-07,1.2819942489617994e-06,2.1529680016301174e-07,2.2617281927814535e-07,8.451590043385483e-07,0.00011202413415496689
3121,2.789771305875981e-07,3.3515778866620403e-07,3.546431400956574e-07,1.312955010146214e-06,1.9925966480685436e-07,2.2766604542825787e-07,8.155131695208009e-07,1.2527360323210998e-05
3122,2.7726609578895313e-07,3.5146559591411003e-07,3.621809539877749e-07,1.3619551832925232e-06,1.8147447114293373e-07,2.1475646130042432e-07,7.601108512981374e-07,2.407342612936982e-05
3123,2.7698372396246934e-07,3.4075408470215275e-07,3.6122416286163766e-07,1.3323426334849688e-06,1.9132842562711962e-07,2.1544049047990172e-07,7.789652216754792e-07,6.124399599023592e-05
3124,2.755150314151892e-07,3.3189261405824325e-07,3.558589487451247e-07,1.3137042957611616e-06,1.9728658804770032e-07,2.1782993455601316e-07,7.961273519574525e-07,0.00016376257946635342
3125,2.742657616693308e-07,3.357140546555112e-07,3.6116554430915404e-07,1.3338504615454916e-06,1.8530340701907722e-07,2.1568434033870153e-07,7.699020111422544e-07,4.418480123261601e-05
3126,2.736026267579283e-07,3.360372593262933e-07,3.5008889481817966e-07,1.304985368266353e-06,2.0175757988233446e-07,2.073291290187576e-07,7.83898105008136e-07,6.902850731254414e-05
3127,2.7297324582221256e-07,3.3355833227626463e-07,3.596123660266014e-07,1.331269291148972e-06,1.850846522370144e-07,2.144381411565362e-07,7.690429893359746e-07,1.0455560346169217e-05
3128,2.718784188160045e-07,3.256207342792042e-07,3.5569122630814993e-07,1.3002351639391586e-06,1.8801557587092285e-07,2.1898343554916297e-07,7.850451684521939e-07,6.178308981487988e-06
3129,2.708480770616968e-07,3.346650765572846e-07,3.4761058399993587e-07,1.2949598252175498e-06,1.8957063587362086e-07,2.123402872109852e-07,7.700955562523421e-07,2.7802403996296556e-05
3130,2.695522036973823e-07,2.978635999154811e-07,3.3794305876821367e-07,1.2134561979502604e-06,2.052311846965136e-07,2.3796144888793363e-07,8.536731709367649e-07,4.032846873556422e-06
3131,2.67486564690001e-07,3.189825830906393e-07,3.472455664720768e-07,1.2682645900964297e-06,1.9319256601226754e-07,2.113099617757712e-07,7.775330108418335e-07,7.484633497531391e-07
3132,2.669463128244692e-07,3.2309703728186824e-07,3.523485295282203e-07,1.2982729004325796e-06,1.8177299539526414e-07,2.113495222093421e-07,7.561098554309415e-07,1.4999630743587624e-05
3133,2.6635307887082107e-07,3.2006572050481053e-07,3.352222897940382e-07,1.2494273516330418e-06,1.9226288179365735e-07,2.1864251861334374e-07,7.876514713664364e-07,0.00022960094210447516
3134,2.6574975440078054e-07,3.317710537831064e-07,3.546770660640328e-07,1.307579617693552e-06,1.8203347095356493e-07,1.9529675003620332e-07,7.241169257854073e-07,3.0533936553995677e-06
3135,2.651295589879177e-07,3.239344875649467e-07,3.5908201682609055e-07,1.3013322861485907e-06,1.7427887072396806e-07,2.0400036656048382e-07,7.227484360246911e-07,8.05401879326975e-06
3136,2.64249960209726e-07,3.3869173587149575e-07,3.5624242319917537e-07,1.3190108446647673e-06,1.689186588052896e-07,1.939219495324933e-07,6.922277834402292e-07,9.24005936014266e-06
3137,2.634831710763215e-07,3.1319979494203793e-07,3.379412911131807e-07,1.2412565162405285e-06,1.9233723606357477e-07,2.1122703854111413e-07,7.783338100109713e-07,2.091960510065584e-05
3138,2.614666251459731e-07,3.139282903653794e-07,3.2859530360398883e-07,1.2227221349889618e-06,1.8986405779930516e-07,2.142456139844271e-07,7.801067651171903e-07,5.8088291745292086e-05
3139,2.608126100690367e-07,3.10575337044196e-07,3.270940796364565e-07,1.2104645096494623e-06,1.975792260916906e-07,2.087666425307807e-07,7.822298305898952e-07,6.707333203917057e-05
3140,2.5953147102131504e-07,3.055693229436595e-07,3.38490925780408e-07,1.2264176786982971e-06,1.9071686157576776e-07,2.0410986198292638e-07,7.587727574076754e-07,0.00010270396958230699
3141,2.5911563730212724e-07,3.212918207896363e-07,3.359722024089396e-07,1.2557412051448854e-06,1.7600837205465157e-07,2.0395002397531966e-07,7.299954834563092e-07,3.787945641550842e-05
3142,2.5800399507894235e-07,3.206139441695411e-07,3.502758052893289e-07,1.2795725234725084e-06,1.699305578242642e-07,1.919522841241345e-07,6.91243190798469e-07,2.8667339170386894e-05
3143,2.5703178008755284e-07,3.1354375106496207e-07,3.46067036521106e-07,1.2623328793113898e-06,1.7180063798633056e-07,1.9746945513288866e-07,7.095237803380396e-07,5.203143512837544e-05
3144,2.561964807879403e-07,3.0951023317155437e-07,3.243921475873116e-07,1.2069651727087753e-06,1.8000523161879695e-07,2.1162961940893233e-07,7.528186999220854e-07,0.00011702832738203078
3145,2.5590704615715595e-07,3.033366304253152e-07,3.1744286762267847e-07,1.1735423874537477e-06,1.8721839553213752e-07,2.1638075125503173e-07,7.717601911553003e-07,4.4910407292344466e-05
3146,2.5433090040222054e-07,3.0978487533641747e-07,3.2468516508027047e-07,1.2127544219347451e-06,1.7933064382288643e-07,2.0426875697717128e-07,7.391709826165041e-07,2.466870513880936e-05
3147,2.5352193004226734e-07,3.0563549628881044e-07,3.2181565023507504e-07,1.1982143038745373e-06,1.7710965016727241e-07,2.1027038945454758e-07,7.445879916016595e-07,6.49923726901961e-06
3148,2.5305227015826957e-07,3.234546314892734e-07,3.508130151259141e-07,1.2859271508117518e-06,1.5569002691856144e-07,1.82993497642803e-07,6.466950268854582e-07,1.3395349052745083e-05
3149,2.5163030728934374e-07,3.117374498831232e-07,3.333616234002637e-07,1.2272954629941483e-06,1.6808328858923902e-07,1.9407678671334416e-07,6.945483811468119e-07,4.4254687650344395e-05
3150,2.5057222915409e-07,3.040415026039174e-07,3.248081190798162e-07,1.1978926348409813e-06,1.737087142204342e-07,2.0046539812090636e-07,7.193880823219974e-07,3.394510447574494e-05
3151,2.5053531912184403e-07,2.965260201223889e-07,3.1633077890516846e-07,1.1692490134048409e-06,1.8940851612815864e-07,2.0061067130466525e-07,7.518774305781471e-07,9.022682112758411e-05
3152,2.489864150775874e-07,3.1029845967476163e-07,3.288176111849485e-07,1.224243235708952e-06,1.6902307624201698e-07,1.8853667921428633e-07,6.853240810367603e-07,0.00010891055292129375
3153,2.4846780750297297e-07,2.908671462691045e-07,3.2634659530304747e-07,1.1767117003509926e-06,1.7847847807977108e-07,1.9890765661149057e-07,7.238493356550362e-07,0.0001676981331108286
3154,2.462683601863981e-07,3.0148998234633205e-07,3.139924804837101e-07,1.1705433679886773e-06,1.7994631936098226e-07,1.9036685252509374e-07,7.124927361662081e-07,2.3160214990299006e-05
3155,2.459165922021566e-07,3.018270176291521e-07,3.284528165401604e-07,1.2061962025046148e-06,1.665353546252731e-07,1.8757234204256084e-07,6.781937448773661e-07,2.273628465653523e-05
3156,2.45188197688098e-07,2.936583920733166e-07,3.2757741963206523e-07,1.1916695114452801e-06,1.6866793369676256e-07,1.9156807096053335e-07,6.960706845446686e-07,7.203720816662303e-05
3157,2.444800463134606e-07,3.1399528997794167e-07,3.2875226809745574e-07,1.235861992404769e-06,1.5807801069863032e-07,1.7781156798225987e-07,6.451414900123864e-07,7.188078391918281e-06
3158,2.436139411311834e-07,2.922883429544303e-07,3.2402666098574473e-07,1.1666926736569899e-06,1.7277043034538616e-07,1.8608473951022427e-07,6.854032566201145e-07,2.7915774801213662e-05
3159,2.435373456290456e-07,3.007282479038645e-07,3.220659316819973e-07,1.183333141509303e-06,1.6408805401409584e-07,1.8798133567036026e-07,6.726392337217402e-07,0.00010161220901206884
3160,2.418170837143757e-07,2.9524380294050337e-07,3.3033482853373204e-07,1.1944630236264374e-06,1.581777452551168e-07,1.842210984308993e-07,6.573610653967041e-07,5.3536117105587845e-06
3161,2.4073396740105316e-07,3.054269132767047e-07,3.2186107977554236e-07,1.19914706846361e-06,1.5826728793102535e-07,1.7808655462091215e-07,6.471262671617048e-07,1.835586486957293e-05
3162,2.4020383312779184e-07,2.923674566774313e-07,3.1614927453950964e-07,1.1489981577813514e-06,1.6844469722610058e-07,1.8455831511792836e-07,6.737546631000406e-07,7.140778177155082e-05
3163,2.3968063038909236e-07,2.9810819185141514e-07,3.1820071532856427e-07,1.178468329160761e-06,1.6083104758366325e-07,1.8228544600947933e-07,6.592073582873309e-07,4.0543257390578734e-05
3164,2.3806022300127975e-07,2.9651948100671743e-07,3.1668629653398786e-07,1.1701735434623139e-06,1.6312456304316202e-07,1.766086764392372e-07,6.527496347560883e-07,5.661614677063153e-05
3165,2.3738003746931504e-07,2.800566496027095e-07,3.0791043670726775e-07,1.1235783940788083e-06,1.7113990467703664e-07,1.9110928836868468e-07,7.010503133819137e-07,1.3969272401749501e-05
3166,2.3602598763938142e-07,2.86580941309681e-07,3.1204882489254727e-07,1.1487700931529982e-06,1.594680300820994e-07,1.8669831272597136e-07,6.650770205523478e-07,2.7813128649243913e-05
3167,2.3516892056900207e-07,3.016281629911004e-07,3.2229245977843597e-07,1.1976949562218122e-06,1.4936534433950551e-07,1.6807935915253519e-07,6.107038451208919e-07,0.0001456388666453081
3168,2.3469034996012814e-07,2.869757657418574e-07,3.07052194895123e-07,1.1404594707685514e-06,1.6320942080149103e-07,1.8221226114092006e-07,6.693840229242008e-07,6.438907452083874e-05
3169,2.335242535144471e-07,2.785897955679915e-07,2.9640322245841796e-07,1.0966584241261412e-06,1.6451328656328392e-07,1.952755282013767e-07,6.914406659669584e-07,6.376844735671897e-05
3170,2.3295998311127512e-07,2.9146433843447555e-07,2.9621981866111786e-07,1.1179414711501657e-06,1.6083592395756406e-07,1.840030174380636e-07,6.638189853429661e-07,3.096324476895948e-05
3171,2.3239202213487783e-07,2.896148904035302e-07,2.999439768259169e-07,1.1275400329897472e-06,1.6470903047243784e-07,1.7598169211892053e-07,6.552392336284422e-07,0.00013381905086911835
3172,2.3132483914756136e-07,2.831103645705047e-07,2.9673542677815236e-07,1.1049798947219937e-06,1.6604905988364198e-07,1.8008287737118002e-07,6.658235484303208e-07,3.5730162422194025e-06
3173,2.297795069318489e-07,2.8465876149686843e-07,3.1877995592367116e-07,1.1573198667186081e-06,1.4866384463644097e-07,1.6768930805669755e-07,6.062510006987462e-07,6.865790695520013e-06
3174,2.2947508084282386e-07,2.781849799917784e-07,3.0052425547942295e-07,1.1098191977362866e-06,1.5728615788406878e-07,1.8257787619797403e-07,6.527516095080677e-07,0.0001569518472526681
3175,2.2869010745074486e-07,2.915893823708729e-07,3.005874136350008e-07,1.1360043491960718e-06,1.4954173948501523e-07,1.73712538829764e-07,6.202596534887503e-07,0.0001873394540474314
3176,2.2738053812663964e-07,2.865981001466887e-07,2.950159728248403e-07,1.1065547977470254e-06,1.520573944533494e-07,1.7651748853071936e-07,6.309802388937379e-07,8.94388727882775e-05
3177,2.2684261889474068e-07,2.7677253211466966e-07,2.9329687314207633e-07,1.0870263784139712e-06,1.573989204184335e-07,1.8056737919830643e-07,6.473504862483032e-07,5.073227640477627e-06
3178,2.2560057058852382e-07,2.823522097943996e-07,3.138719722487194e-07,1.1402106317919496e-06,1.4371306984121642e-07,1.6312661650549395e-07,5.89438385342114e-07,1.1493159336276044e-05
3179,2.2528834683179256e-07,2.7468249716067635e-07,2.97650314134741e-07,1.0876336711277351e-06,1.5445392221617146e-07,1.7502732169153313e-07,6.316965006684001e-07,5.744160934421937e-06
3180,2.24285007386447e-07,2.8951054978410055e-07,2.973646454200843e-07,1.1267419352012268e-06,1.4784449316272453e-07,1.6307806867373518e-07,5.964496729466826e-07,9.352627428897913e-06
3181,2.238293071937607e-07,2.741588595151074e-07,3.0411919223222814e-07,1.1026535268808747e-06,1.4567789262463634e-07,1.7201767391878387e-07,6.06430763981735e-07,8.761411723314797e-05
3182,2.221124923654265e-07,2.710539463690478e-07,3.0060874315725816e-07,1.0879590500127592e-06,1.540924940714858e-07,1.6334614144154088e-07,6.062578806520436e-07,9.065950187628607e-06
3183,2.2161796605687316e-07,2.8136107808116907e-07,3.0165132357412786e-07,1.1187986395608728e-06,1.4688337068935324e-07,1.5722599935165942e-07,5.840150237804444e-07,1.6619748791349192e-05
3184,2.2077386618608044e-07,2.70183366100584e-07,2.7372413653794487e-07,1.0360721071178226e-06,1.62816267939872e-07,1.770191245687235e-07,6.532972051574582e-07,6.446449572990034e-05
3185,2.2057682537347523e-07,2.7090601049612304e-07,2.9727688733159837e-07,1.07967798789505e-06,1.501560919059389e-07,1.6461516591967959e-07,6.025053835062966e-07,1.9177029213466463e-06
3186,2.1985867230653785e-07,2.839850211291213e-07,3.0325243557081853e-07,1.1300166336510647e-06,1.355420545456481e-07,1.5729992455885926e-07,5.6025116641577e-07,1.5908300334234754e-05
3187,2.1902591509216166e-07,2.709697997540387e-07,2.825008063806626e-07,1.0565215631812824e-06,1.5393809060058103e-07,1.693372695869237e-07,6.2019775032178e-07,5.104499277190622e-05
3188,2.1835458620674876e-07,2.805652724565672e-07,3.0277085895615916e-07,1.1151090101993572e-06,1.3255262443262446e-07,1.5816992679693046e-07,5.529784124210246e-07,2.3812995396206316e-08
3189,2.1785338907328825e-07,2.7100527455025124e-07,2.7612582046182936e-07,1.0465320154182967e-06,1.5221672253639252e-07,1.7270460494024678e-07,6.247214622046027e-07,4.879689134763183e-05
3190,2.168929224022569e-07,2.5292464078705064e-07,2.765945238720202e-07,1.0111142894765456e-06,1.574390929705821e-07,1.8124948345532742e-07,6.533518650235929e-07,8.519713118822081e-06
3191,2.1587824305579478e-07,2.648061464740822e-07,2.830708422098414e-07,1.0519324792140565e-06,1.512579932343069e-07,1.6501106400862104e-07,6.066975974660313e-07,5.416860463539543e-05
3192,2.1495731455013608e-07,2.500148034227384e-07,2.792064578524174e-07,1.015741356060757e-06,1.5313436008063665e-07,1.7810401047724925e-07,6.408107014118254e-07,1.4295321542649561e-05
3193,2.136391456147471e-07,2.5772829805559605e-07,2.7950244591906824e-07,1.0308913699664962e-06,1.460865407282915e-07,1.7186580607418812e-07,6.119750439431022e-07,3.2875314917076057e-06
3194,2.1313309645454338e-07,2.7337618258053674e-07,2.9257965869131787e-07,1.0850032415069462e-06,1.366799331085595e-07,1.5052163401840973e-07,5.515922547008228e-07,8.185748547741634e-06
3195,2.123527222205408e-07,2.6589249454494087e-07,2.7380753901066383e-07,1.031870061019766e-06,1.433021137916797e-07,1.670314757844938e-07,5.964222634323286e-07,9.431959961123565e-05
3196,2.1116451073759194e-07,2.463815940017659e-07,2.667284013995029e-07,9.763879360582339e-07,1.5514574345434792e-07,1.7702155476936567e-07,6.409302421640667e-07,5.6836777019070894e-05
3197,2.1036584794822312e-07,2.550315297331859e-07,2.539066862368363e-07,9.700781084633226e-07,1.5640625274590165e-07,1.767358304109063e-07,6.419134110753685e-07,4.5657500695369965e-05
3198,2.0948582443540913e-07,2.490909234345826e-07,2.6352069526329956e-07,9.78027199145843e-07,1.4793403502282878e-07,1.780119743111567e-07,6.259201297344392e-07,7.938664879525259e-06
3199,2.0886143445400494e-07,2.539220419765563e-07,2.8121609313534966e-07,1.0221017462070376e-06,1.4484221907587607e-07,1.5607787963298488e-07,5.789712504047677e-07,2.632043264706179e-05
3200,2.076388473327809e-07,2.600093292223007e-07,2.618882259410533e-07,9.980642885997659e-07,1.4697887008858275e-07,1.6228787607398182e-07,5.974799540727085e-07,3.10422840994436e-05
3201,2.0667168630835076e-07,2.5118745097393725e-07,2.7237797496732684e-07,1.0017115175576342e-06,1.4227339005847805e-07,1.6145400494657798e-07,5.837876198777601e-07,2.5189456035117227e-05
3202,2.0597983544027897e-07,2.5604986334372057e-07,2.8118481558845685e-07,1.032450615064079e-06,1.3382322856913285e-07,1.534654814548198e-07,5.507365274398344e-07,1.0403188290322792e-06
3203,2.0552091048070774e-07,2.650783710192751e-07,2.7058007823961757e-07,1.0247411104580542e-06,1.3781246803179083e-07,1.4921542644536202e-07,5.494995564716932e-07,1.372357718747989e-05
3204,2.0448924867149124e-07,2.443213029255092e-07,2.611044214074412e-07,9.60746006718009e-07,1.484480641510222e-07,1.646828821024216e-07,6.036330431750199e-07,2.98572108325194e-06
3205,2.0400715946216815e-07,2.388097049166159e-07,2.6709545466753833e-07,9.678427053761683e-07,1.4389995305266753e-07,1.6682178641618008e-07,5.993393805012353e-07,5.4526158159063665e-05
3206,2.0355670113927768e-07,2.505058840706418e-07,2.7329264017579314e-07,1.0004807962458418e-06,1.3901607305246356e-07,1.520091460465527e-07,5.612053585298683e-07,3.94945483049082e-05
3207,2.01896008602879e-07,2.508144907785197e-07,2.6141908421468075e-07,9.825767309727724e-07,1.3942304217137098e-07,1.565194878417081e-07,5.684110789941261e-07,1.6059742763341988e-06
3208,2.011786612169646e-07,2.5154994423726823e-07,2.8393751662070667e-07,1.0269936006065221e-06,1.2749450875097915e-07,1.4232264056474105e-07,5.160960435656521e-07,7.349574897270662e-05
3209,2.0093069776244046e-07,2.512610437827984e-07,2.726514504062432e-07,1.0066134437191422e-06,1.2956851129001668e-07,1.508310264294394e-07,5.379228949089426e-07,1.8576685927674624e-05
3210,1.9968028717345708e-07,2.3829960491139607e-07,2.5748181502415634e-07,9.474558517623946e-07,1.4400232086859774e-07,1.595229811281587e-07,5.866413412347406e-07,6.214294960848995e-05
3211,1.9892284921635677e-07,2.5964156137047867e-07,2.658111631337055e-07,1.008407420305506e-06,1.2618746257818024e-07,1.446345595476902e-07,5.178855105091455e-07,2.5386758783174155e-05
3212,1.9756054333664426e-07,2.4393853981607743e-07,2.75204348248008e-07,9.94796784572196e-07,1.247989616223169e-07,1.4687967990883006e-07,5.240272146024743e-07,2.427276501319705e-05
3213,1.9743999857000743e-07,2.511273648523058e-07,2.6544000441482405e-07,9.913282381426847e-07,1.303302461209153e-07,1.43441379570469e-07,5.273639026421612e-07,1.942103940403336e-05
3214,1.967332941522526e-07,2.4115237592489375e-07,2.5102801915707247e-07,9.420018930448367e-07,1.4076388014109427e-07,1.5456583178540424e-07,5.682264213382222e-07,0.00014268829839548538
3215,1.9618883953677932e-07,2.350431493936728e-07,2.5440782965768437e-07,9.347332114153591e-07,1.3818409501977733e-07,1.5769561960366445e-07,5.709570904020886e-07,2.8175048916171563e-05
3216,1.9457425871353117e-07,2.287607500879515e-07,2.558811540291399e-07,9.251242238300603e-07,1.3606424349619823e-07,1.5816148607092667e-07,5.664838664635117e-07,7.217631882722612e-05
3217,1.9403130495672069e-07,2.536600321359358e-07,2.512205363203047e-07,9.727156799560533e-07,1.2257334352942036e-07,1.4924031504319575e-07,5.236103275835386e-07,1.4747913440944346e-05
3218,1.9368347558279658e-07,2.365046462896487e-07,2.546506691137386e-07,9.358501703352981e-07,1.3352544079426045e-07,1.5062113243275658e-07,5.472238385835083e-07,0.00011513577612296553
3219,1.9333476098980073e-07,2.366376779282607e-07,2.526364281960792e-07,9.322450619133998e-07,1.331724630098941e-07,1.5145943924221755e-07,5.468834274114948e-07,7.342063301031383e-05
3220,1.9163610727323989e-07,2.395947613450423e-07,2.5358399177896104e-07,9.474075980815705e-07,1.3142259046455744e-07,1.4250506891740407e-07,5.26479475405506e-07,3.5499845621592674e-05
3221,1.9132113842086393e-07,2.348738926122733e-07,2.563413299909465e-07,9.428166601389498e-07,1.2716224497900658e-07,1.4746814656768392e-07,5.283919630546989e-07,6.291174812224637e-05
3222,1.9052358095756747e-07,2.4891998248639583e-07,2.4882862246073877e-07,9.555054415249537e-07,1.2792401221556382e-07,1.3698042577413047e-07,5.090880588755575e-07,0.0001222676465438099
3223,1.9005216226302305e-07,2.3373505203972028e-07,2.511758032286015e-07,9.25676820555795e-07,1.2984477140851663e-07,1.4601036020746593e-07,5.300260729226273e-07,1.8661418332500957e-05
3224,1.892639632313665e-07,2.3487193498867865e-07,2.454816665468109e-07,9.219659598678011e-07,1.3081798180958256e-07,1.4643929556036742e-07,5.350917355545604e-07,0.0001054716842289384
3225,1.884523518986456e-07,2.285981409522685e-07,2.468192919460359e-07,9.066462783333131e-07,1.3199275656426383e-07,1.4695186543054123e-07,5.377411476935966e-07,3.7699052238085825e-05
3226,1.8779504922753135e-07,2.3521376924128047e-07,2.4779723289041173e-07,9.262481427720486e-07,1.275186098253767e-07,1.4120130474547265e-07,5.174144987127849e-07,9.361811045858826e-05
3227,1.8707367119590752e-07,2.233875025550607e-07,2.3598686203483694e-07,8.749166540327388e-07,1.350888072177873e-07,1.5438011542346296e-07,5.564329994784006e-07,1.4540593194727884e-05
3228,1.8697727263250174e-07,2.328004094039411e-07,2.570664142587226e-07,9.420379413658133e-07,1.2046549101339751e-07,1.3812509713491205e-07,4.957367716564916e-07,1.3290463610613268e-05
3229,1.8630751288352218e-07,2.2560768535709116e-07,2.3465549344454528e-07,8.838295700952788e-07,1.328545248894454e-07,1.526587034317152e-07,5.500484552554273e-07,0.000106789017714286
3230,1.851980215118059e-07,2.2142931135220888e-07,2.481319299977876e-07,9.00811160902123e-07,1.2808378476306004e-07,1.4369016245852365e-07,5.237940643328057e-07,7.297525491448776e-06
3231,1.844658615269244e-07,2.2025358693596488e-07,2.4150335415439127e-07,8.868332407009257e-07,1.292936101426771e-07,1.473538511322388e-07,5.309095279816507e-07,1.231121755996517e-05
3232,1.8360067198706602e-07,2.402980374320513e-07,2.387159282936511e-07,9.210189270306751e-07,1.2184193072502923e-07,1.3408520905802503e-07,4.954779232431781e-07,5.283750482649247e-05
3233,1.8256108321822467e-07,2.1599931516531008e-07,2.2017207617384325e-07,8.341929195733861e-07,1.360332369519921e-07,1.5857507343056186e-07,5.687340556651697e-07,3.454627695133017e-05
3234,1.816651163568713e-07,2.189652111181542e-07,2.2842591377860032e-07,8.55267188381897e-07,1.3237824776823373e-07,1.4742383585732e-07,5.381040184225016e-07,8.247195855685504e-05
3235,1.8117850987157377e-07,2.2687716042048118e-07,2.459492339868803e-07,9.046892539354579e-07,1.1535461054924457e-07,1.3706435148210714e-07,4.844268844229957e-07,1.4032802084934397e-05
3236,1.8022276832283437e-07,2.1356775703947477e-07,2.3992478266487e-07,8.688017323871094e-07,1.264171897559251e-07,1.4150985700150715e-07,5.161336600468818e-07,8.128873846991883e-05
3237,1.7946062220670738e-07,2.1232363653872978e-07,2.348253042416139e-07,8.545150537354736e-07,1.287759808074411e-07,1.424438442649409e-07,5.239517509160607e-07,2.8515599965135028e-05
3238,1.7861616215375095e-07,2.1198157114977224e-07,2.3758540634223044e-07,8.622699158991781e-07,1.2344739491364537e-07,1.419740758995364e-07,5.099397249919621e-07,3.720616974292141e-05
3239,1.780870725927296e-07,2.0448520076923012e-07,2.2870602786114595e-07,8.300059082346407e-07,1.3351892944555503e-07,1.4616038348116235e-07,5.385612551897109e-07,4.77649856574576e-05
3240,1.7784690111215698e-07,2.2442207604221626e-07,2.3593175903706267e-07,8.822391768131165e-07,1.2015960031148807e-07,1.3139571493004283e-07,4.850818626584507e-07,0.00010125619494538111
3241,1.7671847726695598e-07,2.2041388894136748e-07,2.4239709292652793e-07,8.89264502567568e-07,1.1270798011600503e-07,1.3187318335375178e-07,4.697301998421016e-07,2.740095698422023e-05
3242,1.757382720456095e-07,2.2769143274141189e-07,2.47334802503143e-07,9.12704255993e-07,1.0579336447607636e-07,1.2264885087320363e-07,4.3834878100718107e-07,1.300158028752823e-05
3243,1.7552895799494582e-07,2.1552910483241478e-07,2.3433062475424684e-07,8.640943554527311e-07,1.1790829178823361e-07,1.3486255805613326e-07,4.854849905764707e-07,3.2622789324139206e-05
3244,1.7452911103058267e-07,2.0324244360262168e-07,2.2659457735117864e-07,8.186867586245196e-07,1.2731134878579674e-07,1.414798885380661e-07,5.150867829036928e-07,5.487573933099316e-05
3245,1.740075717846601e-07,2.20624241405302e-07,2.3278419606194434e-07,8.727899351505408e-07,1.1195002116342898e-07,1.311821135610275e-07,4.6625149367274146e-07,1.6914824850807524e-05
3246,1.7330907672157304e-07,2.1472311842118553e-07,2.2338699192319302e-07,8.398255996845942e-07,1.1980565238275223e-07,1.3582878249721972e-07,4.903823347697407e-07,5.789235749263431e-05
3247,1.7295498086853761e-07,2.0524579323690358e-07,2.1114836317835446e-07,7.967100326662272e-07,1.2643486056994563e-07,1.494981054912665e-07,5.332604271649848e-07,1.1696057729915018e-05
3248,1.7179063704046225e-07,2.0937385017396222e-07,2.1361207952025607e-07,8.063844072271364e-07,1.2725532303556966e-07,1.3742508067746166e-07,5.098381922852301e-07,2.72708139858078e-05
3249,1.7133102642661283e-07,2.1838916143755987e-07,2.3247738752950094e-07,8.682188841359772e-07,1.1254094138810795e-07,1.2241905262015478e-07,4.533001431764193e-07,8.409085434980458e-08
3250,1.697219633816016e-07,2.1165162900823154e-07,2.29617818200091e-07,8.449665955522872e-07,1.1233246849165456e-07,1.2578365579545616e-07,4.5653055971116133e-07,1.7716654255968068e-05
3251,1.6950366962418654e-07,2.1699961456574868e-07,2.2331505179429028e-07,8.426610135189262e-07,1.1294080612089256e-07,1.252562854355941e-07,4.5852112468228044e-07,1.0593914272665527e-05
3252,1.6906609141783757e-07,2.1295728871114917e-07,2.290052201963642e-07,8.461240850010278e-07,1.0879902674755415e-07,1.2599862541353028e-07,4.5042825453851603e-07,5.8476254923121567e-05
3253,1.685500838700705e-07,2.1208250549022517e-07,2.187503956114135e-07,8.262791870066124e-07,1.1523810171919812e-07,1.2862361474982848e-07,4.701930535566176e-07,2.8144161990597405e-06
3254,1.6825151902859469e-07,2.1105805829097433e-07,2.2074615561973305e-07,8.253477795611642e-07,1.1443813625445825e-07,1.2725713112968113e-07,4.6281814384279333e-07,8.021470259751969e-05
3255,1.6711401685367308e-07,2.1237615386770666e-07,2.181588157052212e-07,8.278372038237405e-07,1.1294764204162558e-07,1.2546352583148332e-07,4.5924952109403833e-07,3.7784496765605894e-05
3256,1.6623949494370996e-07,2.112066251960274e-07,2.2164702884575885e-07,8.318006476539777e-07,1.1047679285187164e-07,1.2211503839018576e-07,4.456857798655875e-07,4.540780142719794e-05
3257,1.6546595309592653e-07,2.104704455307147e-07,2.4141790629679174e-07,8.717446339162841e-07,9.655868353463735e-08,1.1390201465397211e-07,4.0389036521920604e-07,1.2970226053677983e-05
3258,1.6462646098571133e-07,2.177018832939093e-07,2.3207004113286252e-07,8.667684095455006e-07,1.0054967477648364e-07,1.0866702151898458e-07,4.005239749862547e-07,4.524820461125629e-06
3259,1.6381324782961494e-07,2.021926815383414e-07,2.2096642969694426e-07,8.113586153669529e-07,1.123323687711294e-07,1.2024190131726528e-07,4.4713118032650134e-07,1.8666124923549276e-06
3260,1.6364517729361787e-07,2.0616136585707965e-07,2.1959978928157658e-07,8.171770481397202e-07,1.0712881897059428e-07,1.221706328877187e-07,4.40901889407366e-07,3.537898714055875e-05
3261,1.6297065882261274e-07,2.0504546025072106e-07,2.1643201296141467e-07,8.096754994015521e-07,1.1193402233025972e-07,1.1894905770839811e-07,4.4514536709915586e-07,4.710498091818363e-06
3262,1.624356354496838e-07,2.0787463676910992e-07,2.3345293345505682e-07,8.476644377857575e-07,9.663974576395376e-08,1.1225157723295772e-07,4.0110869082806855e-07,3.80765913677902e-05
3263,1.6182987379542022e-07,1.9526733586806543e-07,2.1452682863998666e-07,7.886569661442492e-07,1.1141325336873463e-07,1.2658665095463715e-07,4.582420233598008e-07,1.2377006408342942e-05
3264,1.6107875914272149e-07,1.9406777097706754e-07,2.0929136833328333e-07,7.737555176136343e-07,1.146236853812945e-07,1.2680458301975167e-07,4.6700497932506196e-07,1.186330861420993e-05
3265,1.6005225375212402e-07,2.0022709201484923e-07,2.1736445431787396e-07,8.052712351711888e-07,1.051258836740845e-07,1.1796094745200355e-07,4.289560670602149e-07,2.4145477890381456e-05
3266,1.5942199225274148e-07,1.9127975913351876e-07,2.1619102450782123e-07,7.799966797559991e-07,1.0779175705181958e-07,1.2289294191992141e-07,4.444862797956454e-07,6.090088650833904e-05
3267,1.5934209353895456e-07,1.9017643368693634e-07,2.0395499236459652e-07,7.578947219461421e-07,1.1326196280163575e-07,1.3044226209674797e-07,4.6965217134133635e-07,3.587203801249797e-05
3268,1.5828633026713383e-07,1.949803271531868e-07,2.1211902000490812e-07,7.815263412393426e-07,1.0192764450091124e-07,1.245825118069544e-07,4.3567164956287556e-07,7.314835090668333e-05
3269,1.5795182070520278e-07,1.9246943422572117e-07,2.1023709093556273e-07,7.735950268991466e-07,1.0628996040884063e-07,1.2327399971303966e-07,4.416224444589609e-07,5.181406635122901e-05
3270,1.576782411648866e-07,1.887311985177453e-07,2.04587223594197e-07,7.553983404437001e-07,1.1110927203169363e-07,1.2674766997636485e-07,4.5916047071320767e-07,7.540372025031942e-05
3271,1.5649015767111475e-07,1.8597085049081788e-07,2.0513607060295453e-07,7.47830709786084e-07,1.0895743394077589e-07,1.263551916141669e-07,4.532609743910701e-07,7.036942507392539e-05
3272,1.55523113369727e-07,1.9719603284256217e-07,2.1927143776027594e-07,8.013362688525604e-07,9.634820719120516e-08,1.0973285398259773e-07,3.9539687829787085e-07,2.8647443901226092e-05
3273,1.5542333114641545e-07,1.9499018865473277e-07,2.0643935797442748e-07,7.715203662565215e-07,1.0336364267084239e-07,1.17355923508022e-07,4.241223971634577e-07,6.390894700004677e-05
3274,1.5359690009117106e-07,1.8934837565823618e-07,2.07404000847786e-07,7.621289302729672e-07,1.0222849576170245e-07,1.1585715918156117e-07,4.1971136604516647e-07,4.926170071954826e-06
3275,1.5309176401131914e-07,1.8551462280828022e-07,2.0456161106812542e-07,7.432757387809484e-07,1.0533321531333516e-07,1.1740655690705953e-07,4.2922090100193363e-07,0.00016594280973927043
3276,1.528223202089986e-07,1.9344142595053312e-07,2.0615143246399441e-07,7.659798867688731e-07,9.951320015187528e-08,1.1263138248357249e-07,4.066753038138552e-07,3.788148317381308e-05
3277,1.517462681448156e-07,1.9648001024804336e-07,2.1088076488110698e-07,7.842848536031726e-07,9.359394919355427e-08,1.0647535353735757e-07,3.8466787346829755e-07,2.0813477345444492e-05
3278,1.5047659779637606e-07,1.8886712802754938e-07,1.9461147783272524e-07,7.374427054368857e-07,1.0077680140564783e-07,1.1809226441125857e-07,4.2089488682894773e-07,4.694528135915502e-05
3279,1.5025918378868058e-07,1.9402771441403684e-07,2.1283180409138785e-07,7.839467068407726e-07,9.15334371473471e-08,1.0308442389708625e-07,3.740859395636182e-07,0.0001928449605483858
3280,1.4978830535449722e-07,1.856490032623417e-07,2.000069354798503e-07,7.405927448210488e-07,9.85765375837755e-08,1.1536000749264992e-07,4.1147617362301657e-07,6.425503560011441e-05
3281,1.4929669923171376e-07,1.7625499629179226e-07,1.9158013640242886e-07,7.064278855666486e-07,1.1118751139186108e-07,1.1860197429657664e-07,4.452247929584241e-07,6.343403375168788e-05
3282,1.489978257386394e-07,1.891702890524657e-07,2.067079447884531e-07,7.625259198350206e-07,9.173953675469828e-08,1.0881047648828302e-07,3.873810100361059e-07,1.529834220929366e-05
3283,1.4745623231089504e-07,1.8366498959742307e-07,1.896556559215671e-07,7.160037981847786e-07,1.0209337974805585e-07,1.1484332771580404e-07,4.199498829868952e-07,1.6916444050512183e-05
3284,1.471433372934652e-07,1.8471171327207663e-07,2.0100977155947653e-07,7.406965622270087e-07,9.393597580801066e-08,1.09347393869269e-07,3.91024830759463e-07,5.9914345612210396e-05
3285,1.4634720874922568e-07,1.8080355595231812e-07,2.0120056238370336e-07,7.34792226669565e-07,9.451482234683357e-08,1.0929906581807889e-07,3.9193019258327324e-07,3.075645627212401e-05
3286,1.456998702156341e-07,1.7572158553128688e-07,1.8387872532745638e-07,6.89044612214378e-07,1.0224155807138626e-07,1.213848835712032e-07,4.3090684890911505e-07,7.600180466549623e-05
3287,1.4515247645808546e-07,1.741334059459756e-07,1.8103060497644875e-07,6.783615850454892e-07,1.0799000191902639e-07,1.178815606381052e-07,4.360512725164382e-07,8.240581224669993e-07
3288,1.4493186784423285e-07,1.7911295116436466e-07,1.9286539918665876e-07,7.121134175558686e-07,9.920154072122896e-08,1.089726012498511e-07,4.003097120994422e-07,4.823504139696285e-06
3289,1.4460773706356775e-07,1.783601840221373e-07,1.9791173145180587e-07,7.216076603848188e-07,9.560214151578996e-08,1.0698096219767413e-07,3.899761679159946e-07,1.0320386337777112e-05
3290,1.4408190973958782e-07,1.676091916937842e-07,1.8648873037192383e-07,6.793531520452036e-07,1.0477506143758441e-07,1.1787718340328793e-07,4.278252183699385e-07,3.266656986983098e-05
3291,1.432100313633281e-07,1.6616813815888772e-07,1.8184663028191174e-07,6.647824664770181e-07,1.038726857930405e-07,1.2137264167490625e-07,4.3398554505870973e-07,3.368213495738989e-05
3292,1.424855044538939e-07,1.8444160697734508e-07,2.036927999522352e-07,7.432246146838108e-07,8.554183248052088e-08,9.668362438318296e-08,3.4771386957498305e-07,4.066507507139706e-05
3293,1.418599493307038e-07,1.751341703954004e-07,1.9129720563520988e-07,7.04859759464722e-07,9.687307500627218e-08,1.0455135837775893e-07,3.891663645766442e-07,3.52629371321814e-05
3294,1.4171214527694437e-07,1.73097341505396e-07,1.852813041467331e-07,6.920815214496825e-07,9.79728417886817e-08,1.1091267312811724e-07,4.0507953215274367e-07,4.442899601409531e-05
3295,1.4069869296847328e-07,1.769529803048926e-07,1.9492007615831246e-07,7.129706941688416e-07,9.06516120697693e-08,1.0068270858534249e-07,3.6677152433591e-07,0.0001804275424825882
3296,1.3983827723648587e-07,1.6708824754824334e-07,1.8433785980088994e-07,6.785803354912841e-07,9.696795867173162e-08,1.1136912616101641e-07,4.0230825505207614e-07,6.06274378927559e-05
3297,1.3906158601370215e-07,1.7628403127936406e-07,1.8237403242641396e-07,6.890603314968328e-07,9.304730806981032e-08,1.0494877952888199e-07,3.8177968966402963e-07,1.1503651031961407e-05
3298,1.386457981522295e-07,1.662605624113e-07,1.73371185556096e-07,6.511970363100063e-07,9.931495823210231e-08,1.160430719403284e-07,4.1655866590791465e-07,7.177869254727347e-06
3299,1.3751080779966195e-07,1.6682869578437315e-07,1.7614241717296447e-07,6.574195155515647e-07,9.690962990739923e-08,1.1056574720663888e-07,3.998863542678102e-07,6.811210301077402e-05
3300,1.3704847998358923e-07,1.6660930730290884e-07,1.7822390829825711e-07,6.614381292067791e-07,9.508547784873185e-08,1.0867712646251991e-07,3.9281941877696855e-07,5.273078132718179e-05
3301,1.3652519855029244e-07,1.7341084145036106e-07,1.9425372989085982e-07,7.056676433695151e-07,8.44326094215423e-08,9.440398207029068e-08,3.444242365823866e-07,2.029394723727854e-05
3302,1.3587185030225103e-07,1.6839042199145077e-07,1.8345993778779277e-07,6.779665201707136e-07,8.973534798459755e-08,1.0230014526382902e-07,3.7151527341447846e-07,8.103897433405555e-06
3303,1.353745709763362e-07,1.7412177308660504e-07,1.8639897967228542e-07,6.921403939021196e-07,8.58397436866085e-08,9.553478026529266e-08,3.4952407231361466e-07,1.6464310078758836e-05
3304,1.3511181881493453e-07,1.6760188133408143e-07,1.8370251358391664e-07,6.797801640984267e-07,8.905194892281453e-08,1.0048715354737369e-07,3.6814138006040694e-07,7.297755407728503e-05
3305,1.339553178397543e-07,1.7022116213038765e-07,1.797285200096483e-07,6.75320758815063e-07,8.740630517888209e-08,9.885811397442192e-08,3.5868381317803557e-07,0.00013152042365955144
3306,1.3324345763646843e-07,1.6787104748031005e-07,1.7770643889806707e-07,6.668850135758553e-07,9.032214129185262e-08,9.746494742836468e-08,3.625231859248912e-07,3.632104977410918e-05
3307,1.3231795724901854e-07,1.5628100055158944e-07,1.7041136295296606e-07,6.284325473610763e-07,9.361706783501718e-08,1.0935042721752685e-07,3.921943314832982e-07,6.894013234975834e-05
3308,1.319771656104843e-07,1.6801386181548887e-07,1.766367933719649e-07,6.638477247334234e-07,8.421882290041084e-08,9.942621370155501e-08,3.5403970912363173e-07,3.062773855785176e-05
3309,1.3113292696682282e-07,1.723217515351984e-07,1.8773043499209161e-07,6.930358102770713e-07,7.65557427969565e-08,8.83083325867048e-08,3.1938890529605056e-07,6.551945782908884e-06
3310,1.309884635804445e-07,1.5804826706316105e-07,1.7128206853738094e-07,6.325003561351414e-07,8.905070239678949e-08,1.0595694778137328e-07,3.7626057452362923e-07,2.2366131681768675e-05
3311,1.3062140029731384e-07,1.5291673986621708e-07,1.6747255292236424e-07,6.14144690736244e-07,9.177137491978432e-08,1.1070798703942893e-07,3.9074807445196876e-07,2.282279656183156e-06
3312,1.30003072525634e-07,1.609478434832178e-07,1.8474269980091012e-07,6.650248516758421e-07,8.00294764165891e-08,9.467351128196964e-08,3.362484688611531e-07,7.473595059662137e-06
3313,1.2944973494247037e-07,1.671565939795405e-07,1.791171589651121e-07,6.682710448654547e-07,8.01835997700281e-08,9.17212050143644e-08,3.3123902546471955e-07,5.406390896761504e-05
3314,1.2893069406358206e-07,1.6421479226362525e-07,1.773889948299181e-07,6.579667460775988e-07,8.306684496941976e-08,9.143023979086125e-08,3.3661645040979014e-07,0.00010100881291501473
3315,1.2849492965544555e-07,1.6046842570602246e-07,1.7458527573090536e-07,6.422141313015117e-07,8.320131353986358e-08,9.610152111579421e-08,3.4700287339932343e-07,1.3521250328038776e-05
3316,1.2833202941059405e-07,1.5730636022931601e-07,1.6825723039876396e-07,6.234808172895875e-07,8.703025892037131e-08,1.0111061000326237e-07,3.6237962299030825e-07,2.4124468969941895e-05
3317,1.2687157129393918e-07,1.6250003486468122e-07,1.7714688354759589e-07,6.552139207175074e-07,7.815846742509877e-08,9.005295841763232e-08,3.240707013355069e-07,1.6199963168780293e-05
3318,1.265754277754443e-07,1.6158657861046417e-07,1.7470839852665734e-07,6.4616846513814e-07,8.1042511802352e-08,8.933541092235362e-08,3.2773522661074605e-07,7.07632371043786e-05
3319,1.2581439885357207e-07,1.565139633691301e-07,1.6270249959051162e-07,6.134791714502844e-07,8.641486592666484e-08,9.799522398894126e-08,3.5677336873294256e-07,0.00015128325364296283
3320,1.2557708268696113e-07,1.6495023041928787e-07,1.7328213009685607e-07,6.522945209809498e-07,7.84682940674126e-08,8.597593726897204e-08,3.1564460851408497e-07,1.985239282835269e-05
3321,1.2498979506808753e-07,1.6008420940178707e-07,1.728265720166421e-07,6.415091139675967e-07,7.87033260129394e-08,8.87116123879057e-08,3.2159113456629054e-07,2.5045708839363262e-05
3322,1.246303371325336e-07,1.560227116983202e-07,1.67138955742929e-07,6.212635559415516e-07,8.163725123866522e-08,9.408791519833689e-08,3.388238346977046e-07,1.696478750536581e-05
3323,1.241683447769857e-07,1.5410257514305972e-07,1.7055619978985885e-07,6.253208457326502e-07,7.964447814579557e-08,9.273425655917381e-08,3.3300073174075253e-07,6.0304062699541154e-05
3324,1.2346752720294026e-07,1.5728617258075574e-07,1.7594058128351198e-07,6.43389412396919e-07,7.4817190197199e-08,8.618823949362499e-08,3.0970918271770296e-07,6.215965950703014e-05
3325,1.224485900111713e-07,1.5499704922219174e-07,1.6905565977947295e-07,6.256577731572788e-07,7.614582242527403e-08,8.995491523387961e-08,3.1992750771435703e-07,1.6084804414463992e-05
3326,1.2173715715995769e-07,1.5948386191787886e-07,1.740414466394548e-07,6.419123101208066e-07,7.023715861965229e-08,8.3543161129781e-08,2.9465458297195125e-07,1.0521310145804034e-05
3327,1.2121230470169663e-07,1.5016458303300603e-07,1.6563772452496743e-07,6.084214638037063e-07,7.732431559991748e-08,9.207805748535186e-08,3.265518649633269e-07,4.581532471615475e-05
3328,1.2105894923658729e-07,1.481118715223249e-07,1.6243600114514594e-07,5.992145544302702e-07,8.155127638492246e-08,9.249165959739856e-08,3.3564135080351063e-07,3.486164947766819e-05
3329,1.1973078374862538e-07,1.5225650046200586e-07,1.7030589165341322e-07,6.201943682797766e-07,7.475457349167552e-08,8.195728572226288e-08,2.998634740909282e-07,3.0525996399384676e-05
3330,1.1907906366946138e-07,1.4158193405305648e-07,1.49624158565296e-07,5.57532504657969e-07,8.58030442772309e-08,9.965632303372029e-08,3.5868914982513336e-07,7.998299574392536e-05
3331,1.1890596926631633e-07,1.5097837507182114e-07,1.6291044115177616e-07,6.023057737786755e-07,7.512286322008436e-08,8.696089569696409e-08,3.1169077825410774e-07,8.997454075290368e-05
3332,1.1819713511435913e-07,1.5056923976722158e-07,1.6521773101245024e-07,6.073467715780402e-07,7.541104411315477e-08,8.193714360125991e-08,3.014841249299479e-07,0.0001095980972619146
3333,1.18130730640095e-07,1.472205677188115e-07,1.6602042364563652e-07,6.010371761330513e-07,7.475055666878232e-08,8.487779767431407e-08,3.0683752903678457e-07,3.2720486318009655e-06
3334,1.1727758908764109e-07,1.4078898276184538e-07,1.5552352466099868e-07,5.706197829283294e-07,8.142945460830734e-08,9.171231676483571e-08,3.349011902388085e-07,7.982249478325481e-07
3335,1.1675188064443017e-07,1.4778338679902134e-07,1.5653916754978714e-07,5.863644554411938e-07,7.458289390097579e-08,8.844445471918966e-08,3.134240619957248e-07,8.95166345677686e-06
3336,1.1595851263020759e-07,1.3985501216560478e-07,1.4928941214347567e-07,5.547218730147827e-07,8.276792959950809e-08,9.226175020714015e-08,3.3857610510918637e-07,0.00013247084027076352
3337,1.1517574353733091e-07,1.4450836105710916e-07,1.5749310931938676e-07,5.798969120868829e-07,7.256129955809226e-08,8.647796364199343e-08,3.0668586486536553e-07,1.591402947170572e-05
3338,1.1492505759495065e-07,1.4106940769143185e-07,1.522449826489492e-07,5.63982233834847e-07,7.571706106940589e-08,9.100580181203899e-08,3.2188166568537827e-07,5.3477588157193294e-05
3339,1.1443120696846063e-07,1.3999440773919294e-07,1.5813937895234662e-07,5.750833164136984e-07,7.492350521353783e-08,8.500311188662728e-08,3.0896182554563696e-07,3.7110136459327225e-05
3340,1.1420084677350235e-07,1.3696643925698886e-07,1.4570140807742632e-07,5.440662295705853e-07,8.237333878117112e-08,9.209710153531968e-08,3.3855529204240464e-07,8.624773832433191e-06
3341,1.1313053470263876e-07,1.4214963116713527e-07,1.5107912935503218e-07,5.62593929188951e-07,7.443061656756713e-08,8.519452310988005e-08,3.0792492196355395e-07,2.4176892465855897e-05
3342,1.126645861449855e-07,1.3868189450658095e-07,1.4967155785249067e-07,5.507775607456315e-07,7.623722375244773e-08,8.639806384011068e-08,3.1308676414604486e-07,8.5022122922454e-06
3343,1.1187889683677043e-07,1.41334850920224e-07,1.5096276346258178e-07,5.620334307529276e-07,7.323679149890213e-08,8.23092718853857e-08,2.9964159656796695e-07,7.534569237142063e-05
3344,1.116422750460527e-07,1.4470589888313492e-07,1.6214016277593205e-07,5.919232434972686e-07,6.528424482553578e-08,7.47661902871884e-08,2.695899046300368e-07,1.4322330549006455e-06
3345,1.1112672461964631e-07,1.4635587134296835e-07,1.5056106697511102e-07,5.732739107572279e-07,6.909683193399374e-08,7.881901361119963e-08,2.845790839056901e-07,7.489917607867181e-05
3346,1.1044062331456998e-07,1.3618068206771155e-07,1.5051252738591824e-07,5.538926015990276e-07,7.266964994028615e-08,8.272350725026297e-08,3.003145010729503e-07,1.2431382140493288e-05
3347,1.0960769256797811e-07,1.380675630047836e-07,1.4471610966679017e-07,5.434968864751783e-07,7.222469125439167e-08,8.37438359069256e-08,3.0061905215055905e-07,4.4024772068190525e-05
3348,1.0916109600510751e-07,1.3260705245429277e-07,1.4436991193778105e-07,5.328188829634886e-07,7.43271818782181e-08,8.566035916404187e-08,3.0752790553489996e-07,3.493895478187801e-06
3349,1.083916849091518e-07,1.4085678368170846e-07,1.505875651288671e-07,5.620004299100617e-07,6.61278060782143e-08,7.631244826915335e-08,2.734965217086603e-07,3.942772695616446e-05
3350,1.0807282169856543e-07,1.255958602568749e-07,1.362903787468569e-07,5.013413450474096e-07,7.981318201492165e-08,9.0908794968359e-08,3.3057824578411034e-07,6.0525233008099334e-05
3351,1.0778326926964589e-07,1.4309242986233427e-07,1.4694458178792044e-07,5.600331336276884e-07,6.715460414995603e-08,7.425754199736525e-08,2.7298750478319425e-07,6.0541847681625674e-05
3352,1.071178525921081e-07,1.3292570763277192e-07,1.4867782962432407e-07,5.435532454776537e-07,6.912869427327264e-08,7.805330693243923e-08,2.8322210291538683e-07,1.135211037933394e-05
3353,1.064116800289773e-07,1.3228904178580934e-07,1.4396715975158057e-07,5.29985380458366e-07,6.853415251268079e-08,8.116842432532633e-08,2.8915143169742e-07,3.720450665946921e-05
3354,1.0587136770337252e-07,1.3343337667601656e-07,1.3936269713033769e-07,5.238944764166161e-07,7.004938390927256e-08,8.095048602195557e-08,2.8994764334989486e-07,6.892667630215054e-05
3355,1.051959178952181e-07,1.324345362575136e-07,1.4866493749270617e-07,5.395336619809958e-07,6.345282892698308e-08,7.653986105806081e-08,2.6817167285602015e-07,2.5689105834944162e-05
3356,1.0491790344303428e-07,1.357532119290023e-07,1.4025152257825835e-07,5.311806476579737e-07,6.813278761210381e-08,7.584176823376083e-08,2.7792960991401257e-07,3.473083447390578e-05
3357,1.0432674063765563e-07,1.2808953669317083e-07,1.4066165369407847e-07,5.18162367178573e-07,6.92418678365294e-08,7.961984687718936e-08,2.881229872071349e-07,1.7537237742075008e-05
3358,1.0368956324154836e-07,1.2928190411337478e-07,1.3432236353756795e-07,5.053987645807064e-07,7.308905940583833e-08,7.836900122359235e-08,2.935119831527996e-07,1.244880741419399e-05
3359,1.0332577288279516e-07,1.3164577333208672e-07,1.4431975774663334e-07,5.334257850279161e-07,6.493550982734656e-08,7.27050599064102e-08,2.65460381415057e-07,7.412383092919676e-06
3360,1.0287819272441607e-07,1.2897809943433162e-07,1.3750845030322952e-07,5.14336668637821e-07,6.741246710913048e-08,7.791544915094805e-08,2.801484904975924e-07,6.533634114191815e-05
3361,1.0259147509877954e-07,1.32313019266927e-07,1.4275213743848336e-07,5.300754771450368e-07,6.385321657588878e-08,7.174838157657424e-08,2.6117481354720376e-07,0.00012060852180065118
3362,1.0157746366994253e-07,1.233572198735499e-07,1.3038139450741713e-07,4.872796962589279e-07,7.20068926005574e-08,8.086222855610844e-08,2.95255526409118e-07,1.303359979859811e-06
3363,1.012261974643412e-07,1.229223199335231e-07,1.391411558795696e-07,5.036544645458613e-07,6.80410228253471e-08,7.509714202851162e-08,2.7568895651798894e-07,4.976109055742574e-05
3364,1.0048145702581374e-07,1.225611425857012e-07,1.348593548995064e-07,4.951409573250636e-07,6.855305149611574e-08,7.624694719356367e-08,2.7985339180249603e-07,5.856447153542937e-05
3365,1.0024125867339878e-07,1.224682229515867e-07,1.3172218447555725e-07,4.895767635766639e-07,6.840692960888019e-08,7.866166118120133e-08,2.844626125091364e-07,1.2260790182060847e-05
3366,9.98225123106288e-08,1.290540962638496e-07,1.3692671833295073e-07,5.125967617680494e-07,6.232213618134945e-08,7.127983307637515e-08,2.564537304779479e-07,5.7696660807050915e-05
3367,9.955269249765172e-08,1.2699343939307256e-07,1.3819705039880632e-07,5.117265708642074e-07,6.285432254358442e-08,7.045790152902448e-08,2.5695831255653486e-07,4.919079217480143e-05
3368,9.825035997814072e-08,1.2618803607532626e-07,1.3374973211743193e-07,5.001393663820631e-07,6.266968966275505e-08,7.068210539220146e-08,2.5728046310693714e-07,8.281797237809588e-06
3369,9.804068255963981e-08,1.2625672824530647e-07,1.3407825983653416e-07,5.008395456572297e-07,6.057320114334711e-08,7.154205015267359e-08,2.538731842828514e-07,0.0001233434480215847
3370,9.754700328093403e-08,1.2083447563671642e-07,1.287432842214618e-07,4.81714119325527e-07,6.477071754984426e-08,7.612559697395928e-08,2.718972953483132e-07,1.7920705809515005e-05
3371,9.679038435161518e-08,1.2550423664244373e-07,1.3401899534760987e-07,4.997254888275687e-07,5.990970464463687e-08,6.801244246133124e-08,2.465169906448757e-07,9.955453430313956e-05
3372,9.645100840668583e-08,1.2101868004060195e-07,1.2842040381010595e-07,4.797297317766637e-07,6.448142447078554e-08,7.216637343972944e-08,2.6258037141479816e-07,6.678381787635665e-05
3373,9.59918892582464e-08,1.2499829492066396e-07,1.3584659821854748e-07,5.021208095162795e-07,5.740385680107723e-08,6.600030822716808e-08,2.371544387490084e-07,5.0073019709546e-05
3374,9.535494341741612e-08,1.1651473692500657e-07,1.251259399186609e-07,4.657591190994581e-07,6.469434057424899e-08,7.536438928317217e-08,2.697029363900776e-07,0.00015736962960893343
3375,9.506191662168234e-08,1.1738928532161454e-07,1.2925870720385187e-07,4.742286796386371e-07,6.182566523341196e-08,7.205278260626504e-08,2.5857311873059143e-07,4.662969889673941e-05
3376,9.451528689519429e-08,1.130221512439923e-07,1.212494297049769e-07,4.506099824559e-07,6.652743376510903e-08,7.75393037943639e-08,2.7792829817065995e-07,3.3509506523606154e-05
3377,9.397332658000312e-08,1.179255707037307e-07,1.2481320168459202e-07,4.6732116714520837e-07,6.092062246241715e-08,7.250949274014896e-08,2.5684612942353893e-07,4.3412901404415435e-05
3378,9.348587225692442e-08,1.1745145470166056e-07,1.2532089430202773e-07,4.676377584665268e-07,6.101289134252671e-08,7.043240110284755e-08,2.53218653689913e-07,1.2266492757987508e-05
3379,9.327952600750716e-08,1.1898507626835891e-07,1.3079645691501876e-07,4.809680610094649e-07,5.758219460732162e-08,6.602792409533612e-08,2.3742745636378041e-07,1.075234937724703e-05
3380,9.284453557544181e-08,1.1400295961029317e-07,1.2320920744636864e-07,4.564863620878436e-07,6.399689657834484e-08,7.044134960947485e-08,2.5941850129335545e-07,7.292497307113599e-05
3381,9.219730240869565e-08,1.1868677201289967e-07,1.2437230146019962e-07,4.678093599444043e-07,6.01732581412803e-08,6.582725099948661e-08,2.416543524190957e-07,4.903501509617151e-05
3382,9.172475089671317e-08,1.1707218824549196e-07,1.2818993597334728e-07,4.74372834380171e-07,5.766967968630066e-08,6.423618729277389e-08,2.336129271268668e-07,2.4188543740731496e-05
3383,9.102005756915661e-08,1.1277696507327187e-07,1.2271191523883426e-07,4.531969346195886e-07,5.849653595270629e-08,7.036173478374743e-08,2.484070451065216e-07,1.1667196784101478e-06
3384,9.04529013720861e-08,1.1428133314912745e-07,1.231964072823102e-07,4.582217892681897e-07,5.7630039619612995e-08,6.69690824065321e-08,2.409201328859215e-07,2.5346808602394485e-05
3385,8.910355269279269e-08,1.171771127873464e-07,1.2274763987048906e-07,4.623645207569471e-07,5.498863276516748e-08,6.176212624800576e-08,2.2443329170746188e-07,1.0618240887102516e-05
3386,8.880244049244435e-08,1.1086327786341898e-07,1.1576888226655505e-07,4.3654930525981226e-07,6.017907517331719e-08,6.865894369909167e-08,2.4941958603818483e-07,3.030933879316523e-05
3387,8.830232145867077e-08,1.0478737774439459e-07,1.1468423941617622e-07,4.2210073234575923e-07,6.217090064727839e-08,7.182571922069086e-08,2.5931073958430873e-07,3.215197922976974e-05
3388,8.795116824236531e-08,1.1370797959342411e-07,1.203769730437484e-07,4.5071050404000814e-07,5.612158505700355e-08,6.185605584351193e-08,2.279344723374518e-07,5.425248511752587e-05
3389,8.756852124767706e-08,1.1772041457051423e-07,1.264670951033478e-07,4.7088454012722996e-07,4.86605153848239e-08,5.768285904758854e-08,2.037186571486654e-07,4.5371740475190444e-05
3390,8.723545134354461e-08,1.0844984422820789e-07,1.2092560911289024e-07,4.4221964613510587e-07,5.5870306365850366e-08,6.3951867928603e-08,2.3011458492945483e-07,8.324547428838964e-05
3391,8.635140297729942e-08,1.1183125917296569e-07,1.1869210877483285e-07,4.4519587019010034e-07,5.3366195153819e-08,6.176927955492369e-08,2.2160184356509397e-07,3.3395137200989754e-05
3392,8.600023785190273e-08,1.1175849221987137e-07,1.227489588730143e-07,4.5223529275962074e-07,5.133991114502775e-08,5.840578867887592e-08,2.114595973600098e-07,9.88457867256287e-06
3393,8.554461035398521e-08,1.1095402541242077e-07,1.1989337453352483e-07,4.4532941569169835e-07,5.191475460840678e-08,5.966715108303344e-08,2.149319419143066e-07,1.7631544707242152e-06
3394,8.508137594908495e-08,1.0694125678722651e-07,1.16890411066971e-07,4.3057840794794266e-07,5.3341736935292176e-08,6.340160417607187e-08,2.2483441142981035e-07,7.212538975477863e-06
3395,8.46393984288729e-08,1.0887265134069587e-07,1.1486686797458698e-07,4.3121156993082725e-07,5.366369126328163e-08,6.14025930152019e-08,2.218755828759364e-07,2.4674753493643227e-05
3396,8.430182531112956e-08,1.0635627927739009e-07,1.1518899670108439e-07,4.258321507877631e-07,5.4077843149918435e-08,6.183140175211031e-08,2.2332771458192288e-07,6.540965139616205e-07
3397,8.396459532489219e-08,1.1030512240082269e-07,1.1880554479365924e-07,4.432696220549761e-07,5.059463786368392e-08,5.639930685823559e-08,2.0654317400640131e-07,3.2652929375411175e-05
3398,8.326321208539749e-08,1.0922814937605186e-07,1.218136308161241e-07,4.4715051277474756e-07,4.683584517638693e-08,5.5419396352113133e-08,1.9629842087783254e-07,4.9746257741345405e-05
3399,8.302957328644499e-08,1.0343888585704258e-07,1.1372995503991326e-07,4.220138806191552e-07,5.2966487022875626e-08,6.222645334721745e-08,2.2265651841269844e-07,3.6221342903159864e-05
3400,8.21654446332594e-08,1.0733275196222809e-07,1.1331091044860185e-07,4.259279720879691e-07,5.1497013757414435e-08,5.676205718301549e-08,2.090579991254288e-07,0.00018564955868358014
3401,8.18952618059789e-08,1.0311644960135788e-07,1.1392260028068578e-07,4.1981292064729596e-07,5.129325106294667e-08,5.948890867279051e-08,2.1285848458743733e-07,5.7971818837283715e-05
3402,8.124978418945164e-08,1.0456257636031935e-07,1.1484810519527101e-07,4.232955456447594e-07,4.8567004256116865e-08,5.725971900288216e-08,2.0437697233042436e-07,5.383323528411031e-05
3403,8.11433266841986e-08,9.896402345756844e-08,1.0400387045493969e-07,3.9050499241433327e-07,5.5924804712584145e-08,6.591856489116515e-08,2.3534945744180658e-07,0.00012139671759900592
3404,8.069236117011789e-08,1.0249310848915086e-07,1.090516725435484e-07,4.0650879132382166e-07,5.1370892590257115e-08,6.009040510206471e-08,2.1446785094534292e-07,4.0531994874887356e-05
3405,8.008698351100079e-08,1.0063996575799384e-07,1.0700900855651091e-07,4.0209314000665533e-07,5.330792419723413e-08,5.962589499413228e-08,2.176451041115045e-07,4.849548682023675e-05
3406,7.920663441497171e-08,9.517027559564977e-08,1.064818622512927e-07,3.8934852682174724e-07,5.267341571251207e-08,6.273326212289861e-08,2.2239021178112353e-07,1.8863867841523788e-05
3407,7.872963053810809e-08,1.0398428318836425e-07,1.1425908504051306e-07,4.2373668670136483e-07,4.5386501387036086e-08,5.151953180078608e-08,1.8712179911092165e-07,5.992378710709917e-05
3408,7.832538811531608e-08,1.0081819942711381e-07,1.1035301224219876e-07,4.0749892836693144e-07,4.7526876999440895e-08,5.483315711125124e-08,1.9709344385518127e-07,9.517524669877684e-05
3409,7.817262217382794e-08,9.60958157481975e-08,1.066642668016508e-07,3.9223279987634574e-07,5.106991544267089e-08,5.908973575932844e-08,2.1329901230857794e-07,2.7881826555739624e-05
3410,7.74065824733775e-08,9.800920715633237e-08,1.094741920119979e-07,4.02201064619042e-07,4.811117041455703e-08,5.425875900001003e-08,1.9819533106855137e-07,8.046551105850535e-05
3411,7.677455301618338e-08,9.441371890762885e-08,1.0779529464408912e-07,3.8924849606759785e-07,4.847679608278044e-08,5.663754758048033e-08,2.0263903803917686e-07,0.00013065632474317207
3412,7.65151739733256e-08,9.550560478993286e-08,1.0634869006847688e-07,3.8946446439251114e-07,4.94146661390912e-08,5.501611933012017e-08,2.0173936820440566e-07,4.405213584694548e-05
3413,7.624637485255456e-08,1.016273442743745e-07,1.0757878110370271e-07,4.0360324175830566e-07,4.572611597764889e-08,5.0276854371719926e-08,1.8478020882416198e-07,1.0194638715128163e-05
3414,7.600370867839295e-08,9.579081121081696e-08,1.0261554239061491e-07,3.835318216474226e-07,4.842910805792773e-08,5.740225768425815e-08,2.0426270603328792e-07,5.15157021025473e-07
3415,7.589671649432026e-08,1.0161299689892012e-07,1.0492939532951686e-07,3.9873194535859313e-07,4.579741599871681e-08,5.146962972858472e-08,1.8749628270730257e-07,6.876276088416462e-05
3416,7.529228711308264e-08,9.447954728947827e-08,1.0735295358668793e-07,3.885975037213594e-07,4.673060433832628e-08,5.282684119624262e-08,1.9145808915387457e-07,7.345743557932323e-06
3417,7.469976215812646e-08,9.70014401946308e-08,1.0289341696660144e-07,3.8369737377690473e-07,4.565462285232025e-08,5.3468629959935965e-08,1.9014971088706264e-07,1.7441532183315074e-05
3418,7.401002731587691e-08,9.327121611446739e-08,9.883946863013914e-08,3.706457409210481e-07,4.873679807517445e-08,5.540966514284617e-08,1.999495919923205e-07,0.00018572427649885502
3419,7.356547740912247e-08,9.559468074023858e-08,1.0330827585710989e-07,3.8476259802736177e-07,4.417479219070994e-08,5.1399894672311044e-08,1.835429737015765e-07,2.1563566998867277e-05
3420,7.326093887486193e-08,9.625614465305472e-08,9.738036393840153e-08,3.731715169769058e-07,4.645229511363653e-08,5.316979300710547e-08,1.9152412761734416e-07,2.9496702263624596e-05
3421,7.230002690389968e-08,8.773610908234814e-08,9.769112233021622e-08,3.5680833511095816e-07,4.9003756280079605e-08,5.498114282329896e-08,2.006552394382463e-07,6.050026333299636e-06
3422,7.208766047040093e-08,9.1278235740923e-08,9.735686436318181e-08,3.630656025334407e-07,4.559457611533326e-08,5.433236626005772e-08,1.9301887405552453e-07,1.1343197422682057e-05
3423,7.196871514358262e-08,9.371673062558494e-08,9.736612376929828e-08,3.700913368396715e-07,4.494374700014375e-08,5.205931090948771e-08,1.8763265806545773e-07,1.4711225960277546e-05
3424,7.139365110272713e-08,8.854260258941815e-08,9.451429889179056e-08,3.532287937529705e-07,4.724394833090815e-08,5.548311995981081e-08,1.9850065934793482e-07,2.210500011878301e-06
3425,7.084950513130671e-08,9.483486242266688e-08,1.0038599195389692e-07,3.767844000727579e-07,4.110671762017088e-08,4.7278218511761833e-08,1.6996407478297862e-07,4.501865132269453e-05
3426,7.057606501848895e-08,9.42625760868624e-08,9.950430093975556e-08,3.756904674637706e-07,4.029099240187222e-08,4.845335889789813e-08,1.7153110336631576e-07,2.013731346112606e-05
3427,7.017031078391834e-08,8.907541455782029e-08,9.879517228180222e-08,3.628898228050125e-07,4.299580184767905e-08,5.002063181366005e-08,1.7897331879402852e-07,2.568957397116123e-06
3428,6.999693919248313e-08,9.075527544281658e-08,9.901322007750075e-08,3.653240540051539e-07,4.3328991020136757e-08,4.709554021833897e-08,1.747244117900202e-07,0.0001529167743751305
3429,6.927239158231514e-08,8.728328352396885e-08,9.406526023087071e-08,3.4985119341318004e-07,4.4604513675017644e-08,5.133965437697118e-08,1.851876458766567e-07,7.652249975642228e-05
3430,6.879814446246752e-08,8.432083407267266e-08,9.567895342763528e-08,3.473592531713387e-07,4.487327715640843e-08,5.0521267091715485e-08,1.8421944724449166e-07,2.2688780084517067e-05
3431,6.861396820116041e-08,9.017095071811911e-08,9.668677601303899e-08,3.6159778309833424e-07,3.996502516286363e-08,4.78343346220147e-08,1.6955681972546487e-07,2.3357592527007152e-05
3432,6.798877839267738e-08,8.247456301002586e-08,9.353152771723505e-08,3.379151613322802e-07,4.4681991236545944e-08,5.146641282226366e-08,1.860089804548673e-07,7.370963546927342e-06
3433,6.753201786139509e-08,8.315620873136482e-08,9.047102768937101e-08,3.353398979390328e-07,4.4524521790400383e-08,5.217435453208427e-08,1.8681343273517041e-07,4.313658110361415e-05
3434,6.694371278971351e-08,8.988270635861121e-08,9.610254649068308e-08,3.59966552790518e-07,3.766444956417565e-08,4.432146468477426e-08,1.579558611937354e-07,4.5703368382867396e-05
3435,6.681417691086108e-08,8.444498660280439e-08,9.325791916857787e-08,3.430725837848584e-07,4.1298604110382353e-08,4.8451133603480635e-08,1.733439175970282e-07,1.057175225753807e-05
3436,6.613154562282971e-08,8.483442942478607e-08,8.694781781689748e-08,3.3119677509631755e-07,4.41652145140804e-08,4.8772654450732726e-08,1.7890882981139233e-07,4.439722696695132e-06
3437,6.565581477319902e-08,8.121532347563398e-08,9.041006758604547e-08,3.322773195201486e-07,4.252696836964975e-08,4.866343930402927e-08,1.7632889402460385e-07,3.149039857472242e-05
3438,6.531289053948487e-08,7.763867643650093e-08,8.698341513213279e-08,3.170145758902179e-07,4.479725373601538e-08,5.202374944772397e-08,1.8714669170631806e-07,1.9693309346138375e-05
3439,6.484624224308604e-08,8.100374619163201e-08,8.840619508485802e-08,3.276257534611059e-07,4.107964054460263e-08,4.908555212863606e-08,1.7434784091029855e-07,6.071716277076496e-05
3440,6.459927731503777e-08,8.122452512120051e-08,8.992656849144934e-08,3.290656076385597e-07,4.0594495770174165e-08,4.684096092295183e-08,1.6792234544104595e-07,0.00010415264917565188
3441,6.4164441195697e-08,8.176422759145777e-08,9.160723493066638e-08,3.346125927740653e-07,3.94646825117029e-08,4.4009784993366504e-08,1.606082407143688e-07,3.7520630181274175e-05
3442,6.395657539954383e-08,7.98418235677512e-08,8.818066599854596e-08,3.251055755164604e-07,4.115759965892336e-08,4.683376788551153e-08,1.6947279011647198e-07,2.6470946628727407e-05
3443,6.345718963661172e-08,8.095794421695285e-08,8.829511254287705e-08,3.260297473128648e-07,3.858408164790438e-08,4.617771124781506e-08,1.6335082026903897e-07,7.379239530165458e-05
3444,6.331240188029652e-08,8.448221086367733e-08,8.928588438623417e-08,3.3604815509110403e-07,3.835826847446515e-08,4.13089108157189e-08,1.527036861550476e-07,1.3648824417979463e-05
3445,6.26781937792608e-08,8.327691770848529e-08,9.11706021928416e-08,3.376390107456441e-07,3.5053377036143684e-08,4.139568452699677e-08,1.4668985385765754e-07,5.4090053362898145e-05
3446,6.244508528937951e-08,7.942801970663492e-08,8.480635134001409e-08,3.1707982666398233e-07,4.051538691540062e-08,4.521370667969539e-08,1.6524687273299564e-07,5.553993118181943e-05
3447,6.22263485657145e-08,7.944098317929176e-08,8.639425817169138e-08,3.2005281923701704e-07,3.8841662435530315e-08,4.441097130933133e-08,1.6072883000071394e-07,0.00012680504529822737
3448,6.154270364588623e-08,8.233613490744547e-08,8.63923787230119e-08,3.2554421521229603e-07,3.660423801322608e-08,4.101854030267705e-08,1.4938979452059816e-07,5.218984116686401e-05
3449,6.084151974462539e-08,7.800476286436137e-08,8.486558554820515e-08,3.147980526587471e-07,3.719739084093266e-08,4.3476760473974414e-08,1.5573670066391825e-07,8.185353359234641e-06
3450,6.034961997637967e-08,7.95603002193073e-08,8.6407692270925e-08,3.203670467495775e-07,3.5628190757154236e-08,3.9979274949487205e-08,1.454690528486355e-07,3.091929481046471e-06
3451,5.986410962587562e-08,7.814338589863031e-08,8.059180656701399e-08,3.071367599398502e-07,3.7473846647527696e-08,4.342295369458627e-08,1.5587646954651126e-07,4.1409072151038395e-06
3452,5.950853502018173e-08,7.727311014626432e-08,8.179485434219476e-08,3.073366842763941e-07,3.69907546751489e-08,4.2149932652076425e-08,1.519895773309029e-07,0.0001383820157912986
3453,5.933251807858406e-08,7.401941539259139e-08,8.328174079565533e-08,3.0475981119593623e-07,3.6440197730084644e-08,4.376271447037368e-08,1.5522515067385087e-07,3.7577296777497295e-05
3454,5.901331065669336e-08,7.428045152179558e-08,8.180379615636246e-08,3.0137497916432065e-07,3.7310203822983806e-08,4.2831850699956285e-08,1.5506901859495058e-07,2.0761633927514956e-06
3455,5.867918642789379e-08,7.590858878526457e-08,8.099780923555325e-08,3.025411626503723e-07,3.620045833434702e-08,4.1781969362844566e-08,1.4965039539099816e-07,5.3533137810590295e-05
3456,5.8572687565846246e-08,7.155751494931152e-08,7.814936937314689e-08,2.8858866840221185e-07,3.964565802947189e-08,4.510997477388411e-08,1.6344807652765926e-07,2.9743002470884787e-05
3457,5.791887762113208e-08,7.258286238816981e-08,7.966740833950528e-08,2.9425123345057674e-07,3.7232352067912526e-08,4.236273778768207e-08,1.534800099092098e-07,5.222433230686495e-05
3458,5.738161376763543e-08,7.680679365711377e-08,8.341327263659521e-08,3.1004488072312945e-07,3.2825797557073496e-08,3.664886582672616e-08,1.3370997331915239e-07,2.974540141186131e-05
3459,5.6986273006817056e-08,7.314201191847343e-08,7.811082378209103e-08,2.908804431135834e-07,3.57871776879236e-08,4.1072193448414356e-08,1.4753709194274925e-07,1.426981899703311e-05
3460,5.657589467092606e-08,7.411692334052391e-08,8.248350521011509e-08,3.0291372177464255e-07,3.2358855613932646e-08,3.751020601383599e-08,1.346684034175153e-07,4.543490554208795e-05
3461,5.641839197124906e-08,7.221294029507743e-08,7.828530406741842e-08,2.904599912883946e-07,3.50101180721065e-08,4.0330655689538564e-08,1.4557070602172554e-07,2.3103775873566636e-05
3462,5.524765896294884e-08,6.753609257728389e-08,7.470626168873902e-08,2.74287918352076e-07,3.611056629016343e-08,4.279973265646608e-08,1.5253366449072915e-07,8.546199055712074e-06
3463,5.50853560805458e-08,6.567741670614033e-08,7.495857135466029e-08,2.7003241963645296e-07,3.76724075718872e-08,4.2194569603216935e-08,1.5461201467546116e-07,1.798994042282115e-05
3464,5.4704883234014085e-08,6.633522665647689e-08,7.638085626629049e-08,2.751400379942922e-07,3.520855200143336e-08,4.105532281605996e-08,1.4680869606231217e-07,2.7663421987134495e-05
3465,5.454062596763145e-08,6.962987195900359e-08,7.550943237598176e-08,2.804142383135417e-07,3.388966572469232e-08,3.929347646038398e-08,1.4183736372071817e-07,3.3590638320416796e-05
3466,5.4321747078937366e-08,6.933446684819477e-08,7.253819187077629e-08,2.753427511830056e-07,3.6861872485126826e-08,3.8711758757091474e-08,1.4667414378300488e-07,2.045594838989057e-05
3467,5.346331689405459e-08,6.46972109177201e-08,7.421708451884844e-08,2.689148641059767e-07,3.480775911343734e-08,4.0287997245177504e-08,1.452470640649994e-07,4.9359742518947875e-06
3468,5.3178144830234174e-08,6.968370762720774e-08,7.682835731905233e-08,2.8438437306418984e-07,3.027738770640228e-08,3.6079073821080204e-08,1.27750267948216e-07,4.458312217619363e-05
3469,5.25506419634203e-08,6.709511049012817e-08,7.239016395483859e-08,2.696106037760429e-07,3.280753098777006e-08,3.806387027180948e-08,1.3687370204713457e-07,1.5303601142791926e-05
3470,5.234886328376617e-08,6.869386159013149e-08,7.43005715409348e-08,2.76409138970142e-07,3.067830368660782e-08,3.587623257345134e-08,1.2832584042503069e-07,2.196581394059902e-05
3471,5.226193110972575e-08,6.871749952810709e-08,7.510806372785289e-08,2.7864263010196585e-07,3.11990209063945e-08,3.417640077416235e-08,1.2619600869645273e-07,2.0602652309910974e-06
3472,5.1752096529860186e-08,6.588916697809113e-08,7.398331910117748e-08,2.694852789750267e-07,3.053575617791329e-08,3.675190937240872e-08,1.2963998660747185e-07,1.8645101935496974e-06
3473,5.1220160454276676e-08,6.122800540269471e-08,6.68471624368288e-08,2.467595596204701e-07,3.629288643389362e-08,4.066279298830694e-08,1.4937264089536612e-07,3.821567979521526e-05
3474,5.071631080202815e-08,6.53550093274003e-08,7.013236300032759e-08,2.636788270849573e-07,3.161237670899035e-08,3.591422166567868e-08,1.3070731780590258e-07,1.9895551227755984e-05
3475,5.036381192528113e-08,6.540243608847769e-08,7.09902595513583e-08,2.641206185604402e-07,3.0173786371718543e-08,3.503646027836571e-08,1.2623389160882912e-07,1.1284207635909464e-05
3476,4.990856359821576e-08,6.65368956013061e-08,6.855814546936104e-08,2.609014601830622e-07,2.9528630476689444e-08,3.515694196670102e-08,1.2465824203630913e-07,1.3245920642682694e-05
3477,4.973053132013174e-08,6.944805925980232e-08,7.134185776377607e-08,2.71794825845655e-07,2.7248153552419793e-08,3.102989204137109e-08,1.1213420821587718e-07,2.6133374643926294e-06
3478,4.9593154653512106e-08,6.18781875530367e-08,7.048855696528295e-08,2.5555660636471493e-07,3.0516408504302874e-08,3.563490015685915e-08,1.2730454320276812e-07,5.394855681208349e-06
3479,4.9294196969710517e-08,6.319987998045953e-08,7.211812400379257e-08,2.607814380864304e-07,2.872883982004947e-08,3.3274501955068044e-08,1.1946902970775823e-07,2.442340985403568e-05
3480,4.901316715207945e-08,6.242929942137892e-08,6.742245834259628e-08,2.5126064513387784e-07,3.142336024866438e-08,3.492128446881502e-08,1.2863422207094983e-07,2.070264710508829e-06
3481,4.8579598656034495e-08,6.330474599158563e-08,6.710063993514689e-08,2.516081657740903e-07,2.9519169755214257e-08,3.453630101670934e-08,1.2362101995278608e-07,7.721318472048452e-05
3482,4.810980263462435e-08,6.278338253712977e-08,6.734551556398107e-08,2.513403958981762e-07,2.9579652713699505e-08,3.287174448920396e-08,1.2039662371600243e-07,5.989033179120037e-06
3483,4.7808005243902103e-08,6.080292984275919e-08,6.50853413489484e-08,2.4377160846210187e-07,2.9833715079817264e-08,3.565023432791553e-08,1.2675462543887693e-07,3.419339358579532e-05
3484,4.745734137716212e-08,6.468993348613069e-08,6.530024527807447e-08,2.5187789897804586e-07,2.86865358108853e-08,3.1291821972850744e-08,1.1556776447046413e-07,2.8018562128338003e-05
3485,4.713596036551257e-08,5.922930313811023e-08,6.469329528805452e-08,2.3973802819122335e-07,2.9788943486475742e-08,3.4970527486852437e-08,1.254841463697148e-07,3.4651264613296947e-06
3486,4.6580482908002914e-08,5.8549110644264316e-08,6.366500301256095e-08,2.362928989274369e-07,2.9962412776692115e-08,3.42820047187411e-08,1.2449340897381006e-07,0.00013656154028365042
3487,4.6050303525330105e-08,5.8883406374278504e-08,6.454664845997903e-08,2.3790806035877525e-07,2.770838814355213e-08,3.319781606010558e-08,1.1748486573360036e-07,7.76187980089841e-06
3488,4.5469978914142516e-08,5.703804939608888e-08,6.399140827698035e-08,2.350346861273477e-07,2.8805033261091205e-08,3.217876800218328e-08,1.1762974446028592e-07,5.494284490220567e-05
3489,4.521908326039673e-08,5.6586695563282794e-08,6.311598748133691e-08,2.3132896649061657e-07,2.8297861185140106e-08,3.3008396144161614e-08,1.1821591778454486e-07,1.8836001447536983e-05
3490,4.464068541941367e-08,5.705301485915031e-08,6.148169186441494e-08,2.2887945696005455e-07,2.7977649151854837e-08,3.2181297069279626e-08,1.1643686411306485e-07,1.8487683181163887e-05
3491,4.453719496191754e-08,5.661115940538465e-08,6.424365539245687e-08,2.338449064448614e-07,2.6794142395359226e-08,3.06304300746899e-08,1.1088140198507675e-07,0.00014291080936448233
3492,4.410820120353497e-08,5.748511128699699e-08,5.899193390809301e-08,2.2453480689772636e-07,2.7103445940285436e-08,3.2981663357258134e-08,1.1606269004095198e-07,5.832636956773629e-06
3493,4.3948184421092374e-08,5.766964154726765e-08,6.142230753680124e-08,2.2922185180403078e-07,2.608966078828265e-08,3.074000784795784e-08,1.0920916939094618e-07,2.5922201293649904e-05
3494,4.356850211532987e-08,5.4680561395569734e-08,6.150486021939114e-08,2.2478667511011084e-07,2.6854047934656218e-08,3.1362305641445155e-08,1.1248789151606516e-07,1.188127979537223e-05
3495,4.303656410559478e-08,5.93293053779451e-08,6.172912792188064e-08,2.339418350299761e-07,2.410074869733187e-08,2.7113281445980227e-08,9.845565560739134e-08,8.775322180034628e-06
3496,4.2829667127448683e-08,5.327420374687936e-08,6.120904171777956e-08,2.1992375377873372e-07,2.614873938317071e-08,3.081228388883758e-08,1.097947450798747e-07,1.127772494288511e-05
3497,4.263682581788193e-08,5.3582406594662736e-08,6.033786176158182e-08,2.196945182482634e-07,2.6983135974740734e-08,2.976893354572945e-08,1.0920885148704544e-07,7.244781800663623e-05
3498,4.25148261133463e-08,5.3472121983649945e-08,5.884654130603377e-08,2.1632523227534087e-07,2.7243658859831856e-08,3.0621659083860406e-08,1.1167828824324907e-07,3.078861321946818e-05
3499,4.21854319117849e-08,5.418027744940368e-08,6.004233538409176e-08,2.199869033844292e-07,2.556737703602064e-08,2.907544855670907e-08,1.050435617747204e-07,2.962549004296317e-05
3500,4.154990350708664e-08,5.3232720927951614e-08,5.603308819210111e-08,2.111234181309818e-07,2.661435400435464e-08,3.044129866850336e-08,1.1023212796529728e-07,7.106247118792077e-05
3501,4.13870429614812e-08,5.2617708483356137e-08,5.8607842979633454e-08,2.1535696976238713e-07,2.4114145564220346e-08,3.032984422215994e-08,1.04900776347589e-07,9.343110007803572e-05
3502,4.091921932835793e-08,5.1025057395192384e-08,5.471457068297726e-08,2.0397257382926543e-07,2.7293569423327067e-08,3.0763677472459926e-08,1.1206376975883385e-07,8.879288491801985e-06
3503,4.047722776084973e-08,4.952927798758484e-08,5.3633031679518836e-08,1.9895662281186846e-07,2.7829092786120393e-08,3.103621055112256e-08,1.1390728977658995e-07,1.7770283229807508e-05
3504,4.005435299099461e-08,5.1242099673311914e-08,5.57133187206224e-08,2.0716227679392473e-07,2.4673918331643525e-08,2.8705536735923983e-08,1.0354511720891358e-07,3.851480088756351e-06
3505,3.9839414878328826e-08,5.0833686879980586e-08,5.507442495828017e-08,2.0565766822384155e-07,2.4847715745473006e-08,2.8718663188554804e-08,1.0363557926884312e-07,9.465649700119369e-06
3506,3.96201758606698e-08,5.010458323529487e-08,5.636229206385528e-08,2.0627543997083506e-07,2.4467320989498915e-08,2.7662695435485618e-08,1.0014360424551906e-07,1.6808499758857e-05
3507,3.8963898554693804e-08,4.9046493977147375e-08,5.337174966839694e-08,1.974572661638112e-07,2.406229918277928e-08,2.9489315107094003e-08,1.0340562824514875e-07,9.767071882391847e-05
3508,3.877387411616194e-08,4.6595522523413345e-08,5.216886160550796e-08,1.900267291938249e-07,2.636736748974752e-08,3.007745110441476e-08,1.0911774003970805e-07,8.933600636878419e-07
3509,3.827085262871176e-08,5.024689508107827e-08,5.4379578927968215e-08,2.026062914311233e-07,2.24106248253224e-08,2.615854285175086e-08,9.363344960582432e-08,4.605296410712526e-06
3510,3.807478738758325e-08,4.624889673634649e-08,4.9621070924710806e-08,1.8480352601853625e-07,2.6633586624018846e-08,2.9907251482906257e-08,1.0935056539256281e-07,2.4552267004225002e-05
3511,3.800617419959301e-08,4.7882519668790244e-08,5.467863702031911e-08,1.986449096640746e-07,2.303846682222411e-08,2.653652850007829e-08,9.591263187215846e-08,1.2903964922837473e-06
3512,3.7508217144624537e-08,4.7579376740651624e-08,5.00560142647263e-08,1.8873815746262993e-07,2.3918577303529672e-08,2.858889539581422e-08,1.016742239755743e-07,7.617173595456122e-05
3513,3.7015036617904827e-08,4.7543597410459606e-08,5.3219517496252885e-08,1.9487295381183626e-07,2.2210010080482614e-08,2.519557010926529e-08,9.14793219872768e-08,2.3338878696095926e-05
3514,3.695948589109652e-08,4.68929407366433e-08,5.094384661833785e-08,1.890166266018479e-07,2.3308955540649625e-08,2.6800586265079877e-08,9.696360084077102e-08,9.886106579380263e-07
3515,3.618992547387146e-08,4.6111426742155517e-08,5.006218664815874e-08,1.8652993930106948e-07,2.277698499630429e-08,2.591523227390212e-08,9.396361170815839e-08,6.825182259722156e-05
3516,3.607434840469134e-08,4.520058652598423e-08,5.0124208601303573e-08,1.84077911056679e-07,2.2478965460374372e-08,2.659942302303387e-08,9.451546262639209e-08,3.999508194971602e-05
3517,3.557515642749232e-08,4.484263111900522e-08,4.881878338545246e-08,1.8099702920794626e-07,2.2859545044114166e-08,2.5883992077792005e-08,9.410734006085787e-08,3.7075799188121e-05
3518,3.55299176646059e-08,4.7677607566386284e-08,5.063611170183817e-08,1.9029464949846875e-07,2.0646670003850946e-08,2.3263474686982995e-08,8.470823651136475e-08,2.0045294214595702e-05
3519,3.517191813023176e-08,4.2405393960440936e-08,4.775226504172099e-08,1.7324851635484247e-07,2.4155715873158176e-08,2.6477441338037748e-08,9.796512487147177e-08,7.779152870835432e-06
3520,3.478140628756939e-08,4.3534979331134265e-08,4.819222961176761e-08,1.7760629901916728e-07,2.1973678733355956e-08,2.5526735907562265e-08,9.192291007525075e-08,3.859886949783282e-06
3521,3.4579344920758733e-08,4.520626557240764e-08,4.912719675919558e-08,1.8251220620461123e-07,2.005756279556627e-08,2.4027760094373325e-08,8.501867284688238e-08,4.261772324299821e-05
3522,3.426049603227711e-08,4.411766127016701e-08,4.7608511052793154e-08,1.768044346957844e-07,2.082248775908328e-08,2.4593794725256333e-08,8.779216285840928e-08,1.2114088294114983e-05
3523,3.3702970220796453e-08,4.2882837896291174e-08,4.7603793427862935e-08,1.7435749175749205e-07,2.0173098195896406e-08,2.4250987007634836e-08,8.548679573507252e-08,7.113465198165694e-05
3524,3.353907377319988e-08,4.3071216993716904e-08,4.679204802535767e-08,1.7369304670088345e-07,2.073080414130748e-08,2.366058100528324e-08,8.550993493834224e-08,7.421536663449785e-05
3525,3.320615323848222e-08,4.021437670806715e-08,4.391656290744773e-08,1.6248718905788725e-07,2.2607264288643715e-08,2.6183787532953395e-08,9.452824129881534e-08,1.5338815394847692e-05
3526,3.2434444032376683e-08,4.2190851679024974e-08,4.554661331240609e-08,1.7067737542493152e-07,1.981705778658393e-08,2.227836911804962e-08,8.137617534891554e-08,3.8889486500483324e-05
3527,3.234737707073517e-08,4.1931906504609295e-08,4.701805125603482e-08,1.7192036448028705e-07,1.9032673177718445e-08,2.150173793867858e-08,7.810970008454105e-08,0.00010469003432358143
3528,3.2024891037832686e-08,4.032135323242803e-08,4.46542561291135e-08,1.6399128427586328e-07,2.0270124454265992e-08,2.294774512756007e-08,8.316386787769224e-08,3.101738655345804e-05
3529,3.186791147476593e-08,4.0547457623556495e-08,4.403465126257451e-08,1.6404233967643397e-07,1.956680529240901e-08,2.3416185958507074e-08,8.303507752287087e-08,0.0001008751251822412
3530,3.1501109786007714e-08,4.1031215256544585e-08,4.632042468623887e-08,1.6923352197032362e-07,1.7946440334636703e-08,2.0798737222278633e-08,7.455047109778575e-08,1.7443208527767775e-05
3531,3.1214041738988085e-08,4.087782517104675e-08,4.33262892931842e-08,1.6268798484149012e-07,1.9348794342519286e-08,2.1394794899581486e-08,7.88418310819542e-08,6.173297462314542e-05
3532,3.047050987480018e-08,3.794453826366958e-08,4.423456599606716e-08,1.5866515097586635e-07,1.8100395108938833e-08,2.1691896819049093e-08,7.670666111085888e-08,1.6198335286443052e-05
3533,3.0277786805835686e-08,3.716600285454881e-08,4.4271684501547325e-08,1.5753110411673312e-07,1.8211856949147003e-08,2.155039426995292e-08,7.685894276994744e-08,1.0355603351351778e-05
3534,2.993994988238589e-08,3.7267215162192064e-08,4.123827002698188e-08,1.5143560596360795e-07,1.912991353047825e-08,2.2212201213028775e-08,7.980983731373158e-08,8.899668081241066e-06
3535,2.9740220578398295e-08,3.6993659515165585e-08,4.036818648197381e-08,1.4973985242720385e-07,1.9188177709920567e-08,2.2498073274470496e-08,8.062263337469179e-08,6.530604789941127e-05
3536,2.9422262731783892e-08,3.759658147870293e-08,4.0747138582471807e-08,1.515435904302171e-07,1.8529679203776402e-08,2.090193424302305e-08,7.607540872666396e-08,1.5286421108563085e-05
3537,2.919787933816571e-08,3.86223235651354e-08,4.367440853712408e-08,1.5936554719303245e-07,1.586896198587679e-08,1.871144762580268e-08,6.69072277043354e-08,9.083197411823017e-05
3538,2.8638280782622108e-08,3.6621115518280244e-08,4.0935172161873705e-08,1.5091832240486018e-07,1.68860198775355e-08,2.0194798629170556e-08,7.16320712063953e-08,1.018039530351198e-05
3539,2.8334277991384067e-08,3.69569114538878e-08,3.96898509898092e-08,1.485395309800972e-07,1.6727214270513885e-08,2.004622694357848e-08,7.097968529391112e-08,3.559316870351125e-05
3540,2.8258931539124437e-08,3.637388283240303e-08,4.160278504657255e-08,1.5127397795018846e-07,1.630744806744693e-08,1.883448097575218e-08,6.760310966316539e-08,4.1090407722757427e-05
3541,2.805419828214263e-08,3.543292856747277e-08,3.814061006046969e-08,1.4244144707289296e-07,1.769573348301564e-08,2.1029791455634444e-08,7.471291167572561e-08,1.8781242366404972e-06
3542,2.751865076992657e-08,3.609337334506347e-08,3.900580019757647e-08,1.4537100778696525e-07,1.6369308276532565e-08,1.868682125326565e-08,6.782850271487137e-08,6.150622127545536e-05
3543,2.733897182938156e-08,3.3915423230778516e-08,3.684221821261335e-08,1.3711281649858343e-07,1.812876333578946e-08,2.0549655239545935e-08,7.501377687860743e-08,0.0001439660000709487
3544,2.6820916579317536e-08,3.390334359030163e-08,3.7123644025193123e-08,1.373684073265635e-07,1.7056426207338056e-08,1.927890619008722e-08,7.031712326458929e-08,8.546807946742174e-06
3545,2.6746064148661952e-08,3.407242639821635e-08,3.8650786761689386e-08,1.4118049333874463e-07,1.595496296386765e-08,1.838451480429135e-08,6.660011156224997e-08,4.8271113465060954e-05
3546,2.626562383915448e-08,3.329268681758182e-08,3.7551459262691784e-08,1.3657539923666538e-07,1.5989274295605664e-08,1.830610011921093e-08,6.588827292937979e-08,4.5075620677130756e-05
3547,2.603093933107861e-08,3.33023975939035e-08,3.6051781153477556e-08,1.3378619918713127e-07,1.637050520828152e-08,1.8475410489267284e-08,6.742196391689487e-08,3.7262566727577054e-05
3548,2.556156563199958e-08,3.1374651070247333e-08,3.4643865334063073e-08,1.2759598233056844e-07,1.66541690969185e-08,1.9648537777589273e-08,7.014479289920867e-08,2.185648403772212e-06
3549,2.5269374562552025e-08,3.396861137950071e-08,3.5783746353947894e-08,1.3489159302796735e-07,1.397930754081649e-08,1.741993670415839e-08,6.052532835497277e-08,2.8923005537860343e-06
3550,2.4648420811234365e-08,3.195949623758317e-08,3.340188495593957e-08,1.2642881662802373e-07,1.5449983665167228e-08,1.785460134154864e-08,6.426860780545335e-08,1.1260997867179058e-05
3551,2.4293851922476515e-08,3.3143501080911954e-08,3.502681846851344e-08,1.317121937408571e-07,1.3824094906840617e-08,1.525223607450453e-08,5.580873371176858e-08,1.0042974140968806e-05
3552,2.399532491154556e-08,3.014994196229446e-08,3.350359483355451e-08,1.238484677425612e-07,1.5185996681468188e-08,1.721213356879507e-08,6.279204045254496e-08,1.3712535500473481e-05
3553,2.3787724263626265e-08,3.0677617067960185e-08,3.339254086966836e-08,1.2400105793489053e-07,1.4375296257787253e-08,1.677520172884828e-08,6.027154358858433e-08,0.00010803813272610017
3554,2.3484179241703874e-08,2.9001899282934033e-08,3.3275728996392966e-08,1.2047295114829567e-07,1.473363075987797e-08,1.699432656016472e-08,6.138126275637775e-08,4.562658581458366e-06
3555,2.3011916147465552e-08,2.9702068863661576e-08,3.2402052127565324e-08,1.2012209835214387e-07,1.3912523124833023e-08,1.6098504159866224e-08,5.792250636708835e-08,0.0001199811030995909
3556,2.2717005980491408e-08,2.946494355114936e-08,3.2290491814768735e-08,1.1949269235479104e-07,1.3563474373126096e-08,1.5615732987812595e-08,5.627954792947189e-08,0.0001635821996686454
3557,2.2485947998248515e-08,2.969419512570516e-08,3.133959481417846e-08,1.184560911130328e-07,1.3408783174147616e-08,1.5567160123177716e-08,5.604229174665895e-08,3.578970985661073e-05
3558,2.2240556362975473e-08,2.8438183501882147e-08,3.0538806464277893e-08,1.1386694257763185e-07,1.4333178900528343e-08,1.5717278120818358e-08,5.790679581584352e-08,5.82041737550251e-06
3559,2.167137483618567e-08,2.746956107907212e-08,2.9765024580798302e-08,1.105902963533649e-07,1.3873402034559166e-08,1.564106388268786e-08,5.6762583510280096e-08,3.273394473911283e-05
3560,2.1331667952423346e-08,2.7601277368933895e-08,2.9405897858181372e-08,1.1027992688515e-07,1.2893015933089812e-08,1.5489036742384338e-08,5.469326121615255e-08,5.8374037222363884e-05
3561,2.1135900038104663e-08,2.760817159578531e-08,2.9364640711817802e-08,1.1032420240714065e-07,1.2938777486449014e-08,1.469399240127836e-08,5.33693015044643e-08,9.16661141292902e-05
3562,2.100608262365602e-08,2.6514184238408846e-08,2.848110384810213e-08,1.0640832830111168e-07,1.3771048997685073e-08,1.5319594829804506e-08,5.6485025147946186e-08,2.598673036914208e-05
3563,2.0294053760541447e-08,2.6310729631990412e-08,2.9005098533333275e-08,1.0704614271862522e-07,1.2060868821284273e-08,1.3859031116185359e-08,5.004352732867911e-08,5.590275481136537e-05
3564,1.993179862239145e-08,2.4182510778063308e-08,2.8116669821282957e-08,1.0083179585387836e-07,1.2859857899958045e-08,1.462660699269768e-08,5.288094298580802e-08,3.759107144375406e-05
3565,1.962280437969949e-08,2.4659415747025474e-08,2.6847606796686576e-08,9.978400859053445e-08,1.2393947775722883e-08,1.4647792073795421e-08,5.2245522430767655e-08,4.125916861677816e-05
3566,1.9412647095627115e-08,2.5312001537302237e-08,2.5982549713748737e-08,9.917674544356761e-08,1.2153380943495084e-08,1.425958480709178e-08,5.095441814224206e-08,1.3016318884658222e-05
3567,1.9364351421986117e-08,2.5072600457667628e-08,2.6968135135429008e-08,1.009420354955062e-07,1.1769662130120025e-08,1.3703794982335377e-08,4.942756560775625e-08,4.3508751488168376e-05
3568,1.8880598402379937e-08,2.458522425755067e-08,2.7756301976940578e-08,1.0164193483223212e-07,1.0847361316821534e-08,1.2388874265788763e-08,4.482919768603339e-08,2.0075423264288226e-05
3569,1.871715225979646e-08,2.3405151114503034e-08,2.5131576937884874e-08,9.395116320429062e-08,1.2347156231412339e-08,1.4039613765560341e-08,5.106987664609395e-08,9.215699116036463e-05
3570,1.8384925399385284e-08,2.5236145207802773e-08,2.6723499790301652e-08,1.0047419110041208e-07,1.0176042867669662e-08,1.1457928333332678e-08,4.1614204639037936e-08,1.1104094564513882e-05
3571,1.809089901137394e-08,2.350444626465869e-08,2.5459636452241933e-08,9.46608841373307e-08,1.0963944396875704e-08,1.248862145618923e-08,4.5151960685252004e-08,3.807868947635138e-05
3572,1.748255126819835e-08,2.2449359333255938e-08,2.4459729779520615e-08,9.051797724453362e-08,1.0554125811890142e-08,1.2518258672058507e-08,4.457780304712931e-08,1.4371813747537983e-05
3573,1.7217768134107852e-08,2.2767482723981324e-08,2.3932129549518786e-08,8.972727430215151e-08,1.0409405420362028e-08,1.1812546813894258e-08,4.2767910885388274e-08,2.8554565564993505e-06
3574,1.688121660844417e-08,2.1295546462940307e-08,2.4253646616014587e-08,8.797572127885949e-08,1.0200700849348026e-08,1.1824477483465749e-08,4.251771161397621e-08,0.00012408837403550023
3575,1.6776649902617608e-08,2.2206834422171152e-08,2.3981672114746383e-08,8.90902593483435e-08,9.71640975912444e-09,1.1250881621134605e-08,4.02471460697891e-08,3.165127525742925e-07
3576,1.6057214622812154e-08,2.020098408306542e-08,2.2079258761156775e-08,8.17710332987045e-08,1.0129446868547163e-08,1.1866257260792558e-08,4.2505827626668893e-08,2.141277684822372e-05
3577,1.559821287642719e-08,2.0370982052445804e-08,2.2395596202497494e-08,8.279218719199593e-08,9.307372927013439e-09,1.0364642751063073e-08,3.784965081662799e-08,3.206439009530952e-05
3578,1.532685293332709e-08,2.005827014267501e-08,2.1466978408669573e-08,8.034422314861612e-08,9.414401098228572e-09,1.0412708900621408e-08,3.80819357138081e-08,5.5669625724422856e-05
3579,1.5018189188241585e-08,1.9166843097504227e-08,2.0856601342631687e-08,7.729677750423267e-08,9.233770223222331e-09,1.0859583872446707e-08,3.889133588009907e-08,2.2748741965672355e-06
3580,1.4877928830054674e-08,1.90394281904943e-08,2.0544022706909086e-08,7.643131907829377e-08,9.451558037875893e-09,1.0520336446203671e-08,3.87979691372128e-08,1.6469846792362388e-06
3581,1.4777699409850538e-08,1.954134731837536e-08,2.1463718378224307e-08,7.932722991403999e-08,8.459365481488218e-09,9.689703053035366e-09,3.499338139564311e-08,1.3118414377238337e-05
3582,1.3752198248233519e-08,1.6669987025288306e-08,1.8933956368493937e-08,6.881190809451234e-08,9.04230262733883e-09,1.040287587098058e-08,3.774306254449378e-08,4.542195011270911e-05
3583,1.3097955178260492e-08,1.712221971875276e-08,1.8898842937163065e-08,7.000302206879258e-08,7.723800405451998e-09,8.685368131977422e-09,3.15817155114623e-08,2.615924793455383e-05
3584,1.2626964471096522e-08,1.626270867487743e-08,1.7124351799779945e-08,6.477914148203741e-08,7.955830802044464e-09,9.20199583716596e-09,3.308377074685974e-08,7.563366041626812e-06
