{
  "num_batches": 8,
  "num_samples": 32,
  "prefill_len": 100,
  "decode_steps": 128,
  "loss": {
    "full_sequence": 3.547989159893276,
    "full_kv_teacher_forced": 3.604531668430373,
    "anchor_kv_teacher_forced": 3.6047984177932793,
    "full_kv_prefill": 3.6945597457885744,
    "anchor_kv_prefill": 3.6945597457885744,
    "full_kv_prefill_next_token": 3.549015372991562,
    "anchor_kv_prefill_next_token": 3.549015372991562,
    "full_kv_decode_only": 3.5331339064436182,
    "anchor_kv_decode_only": 3.5336122042479863
  },
  "logit_equivalence": {
    "max_decode_logit_abs_diff": 0.15625,
    "mean_decode_logit_abs_diff": 0.0061750002843514815,
    "decode_top1_match_rate": 0.9939437984496124
  },
  "cache": {
    "full_kv": {
      "total_tokens": 6384.0,
      "per_layer_tokens": {
        "0": 228.0,
        "1": 228.0,
        "2": 228.0,
        "3": 228.0,
        "4": 228.0,
        "5": 228.0,
        "6": 228.0,
        "7": 228.0,
        "8": 228.0,
        "9": 228.0,
        "10": 228.0,
        "11": 228.0,
        "12": 228.0,
        "13": 228.0,
        "14": 228.0,
        "15": 228.0,
        "16": 228.0,
        "17": 228.0,
        "18": 228.0,
        "19": 228.0,
        "20": 228.0,
        "21": 228.0,
        "22": 228.0,
        "23": 228.0,
        "24": 228.0,
        "25": 228.0,
        "26": 228.0,
        "27": 228.0
      }
    },
    "anchor_kv": {
      "total_tokens": 4845.0,
      "per_layer_tokens": {
        "0": 228.0,
        "1": 228.0,
        "2": 228.0,
        "3": 228.0,
        "4": 228.0,
        "5": 228.0,
        "6": 228.0,
        "7": 228.0,
        "8": 228.0,
        "9": 57.0,
        "10": 57.0,
        "11": 57.0,
        "12": 57.0,
        "13": 57.0,
        "14": 57.0,
        "15": 57.0,
        "16": 57.0,
        "17": 57.0,
        "18": 228.0,
        "19": 228.0,
        "20": 228.0,
        "21": 228.0,
        "22": 228.0,
        "23": 228.0,
        "24": 228.0,
        "25": 228.0,
        "26": 228.0,
        "27": 228.0
      }
    },
    "anchor_vs_full_total_token_ratio": 0.7589285714285714,
    "cache_reduction": 0.2410714285714286
  },
  "config": {
    "config_dir": "../../../Qwen3-0.6B",
    "data_dir": "../../../dclm/global-shard_01_of_10",
    "ckpt_file": "../checkpoints/unet-4/35000.pth",
    "attention_stride_pattern": [
      1,
      1,
      1,
      1,
      1,
      1,
      1,
      1,
      1,
      4,
      4,
      4,
      4,
      4,
      4,
      4,
      4,
      4,
      1,
      1,
      1,
      1,
      1,
      1,
      1,
      1,
      1,
      1
    ],
    "residual_source_pattern": [
      -1,
      -1,
      -1,
      -1,
      -1,
      -1,
      -1,
      -1,
      -1,
      -1,
      -1,
      -1,
      -1,
      -1,
      -1,
      -1,
      -1,
      -1,
      -1,
      -1,
      -1,
      -1,
      -1,
      -1,
      -1,
      -1,
      -1,
      -1
    ],
    "attn_implementation": "eager"
  }
}