{
  "num_batches": 8,
  "num_samples": 32,
  "prefill_len": 100,
  "decode_steps": 128,
  "loss": {
    "full_sequence": 3.409041916079667,
    "full_kv_teacher_forced": 3.4874513743413096,
    "anchor_kv_teacher_forced": 3.4870906131219765,
    "full_kv_prefill": 3.5793246841430664,
    "anchor_kv_prefill": 3.5793246841430664,
    "full_kv_prefill_next_token": 3.3976186513900757,
    "anchor_kv_prefill_next_token": 3.3976186513900757,
    "full_kv_decode_only": 3.414590230986679,
    "anchor_kv_decode_only": 3.413943394468324
  },
  "logit_equivalence": {
    "max_decode_logit_abs_diff": 0.25,
    "mean_decode_logit_abs_diff": 0.007317085797118291,
    "decode_top1_match_rate": 0.9912790697674418
  },
  "cache": {
    "full_kv": {
      "total_tokens": 6384.0,
      "per_layer_tokens": {
        "0": 228.0,
        "1": 228.0,
        "2": 228.0,
        "3": 228.0,
        "4": 228.0,
        "5": 228.0,
        "6": 228.0,
        "7": 228.0,
        "8": 228.0,
        "9": 228.0,
        "10": 228.0,
        "11": 228.0,
        "12": 228.0,
        "13": 228.0,
        "14": 228.0,
        "15": 228.0,
        "16": 228.0,
        "17": 228.0,
        "18": 228.0,
        "19": 228.0,
        "20": 228.0,
        "21": 228.0,
        "22": 228.0,
        "23": 228.0,
        "24": 228.0,
        "25": 228.0,
        "26": 228.0,
        "27": 228.0
      }
    },
    "anchor_kv": {
      "total_tokens": 4845.0,
      "per_layer_tokens": {
        "0": 228.0,
        "1": 228.0,
        "2": 228.0,
        "3": 228.0,
        "4": 228.0,
        "5": 228.0,
        "6": 228.0,
        "7": 228.0,
        "8": 228.0,
        "9": 57.0,
        "10": 57.0,
        "11": 57.0,
        "12": 57.0,
        "13": 57.0,
        "14": 57.0,
        "15": 57.0,
        "16": 57.0,
        "17": 57.0,
        "18": 228.0,
        "19": 228.0,
        "20": 228.0,
        "21": 228.0,
        "22": 228.0,
        "23": 228.0,
        "24": 228.0,
        "25": 228.0,
        "26": 228.0,
        "27": 228.0
      }
    },
    "anchor_vs_full_total_token_ratio": 0.7589285714285714,
    "cache_reduction": 0.2410714285714286
  },
  "position_loss_by_modulo": {
    "full_sequence": {
      "4": {
        "0": {
          "loss": 3.413533264633447,
          "count": 6319,
          "is_anchor": false
        },
        "1": {
          "loss": 3.3641331330215425,
          "count": 6316,
          "is_anchor": false
        },
        "2": {
          "loss": 3.452705627538134,
          "count": 6310,
          "is_anchor": false
        },
        "3": {
          "loss": 3.4058305441870145,
          "count": 6307,
          "is_anchor": true
        }
      }
    },
    "full_kv_teacher_forced": {
      "4": {
        "0": {
          "loss": 3.5733570000161907,
          "count": 1809,
          "is_anchor": false
        },
        "1": {
          "loss": 3.407310452890897,
          "count": 1809,
          "is_anchor": false
        },
        "2": {
          "loss": 3.543562863662534,
          "count": 1809,
          "is_anchor": false
        },
        "3": {
          "loss": 3.425540262454115,
          "count": 1808,
          "is_anchor": true
        }
      }
    },
    "anchor_kv_teacher_forced": {
      "4": {
        "0": {
          "loss": 3.5731679385969692,
          "count": 1809,
          "is_anchor": false
        },
        "1": {
          "loss": 3.406448660798334,
          "count": 1809,
          "is_anchor": false
        },
        "2": {
          "loss": 3.5433661696527334,
          "count": 1809,
          "is_anchor": false
        },
        "3": {
          "loss": 3.425345125220782,
          "count": 1808,
          "is_anchor": true
        }
      }
    }
  },
  "config": {
    "config_dir": "../../../Qwen3-0.6B",
    "data_dir": "../../../dclm/global-shard_01_of_10",
    "ckpt_file": "../checkpoints/unet-4/70000.pth",
    "attention_stride_pattern": [
      1,
      1,
      1,
      1,
      1,
      1,
      1,
      1,
      1,
      4,
      4,
      4,
      4,
      4,
      4,
      4,
      4,
      4,
      1,
      1,
      1,
      1,
      1,
      1,
      1,
      1,
      1,
      1
    ],
    "residual_source_pattern": [
      -1,
      -1,
      -1,
      -1,
      -1,
      -1,
      -1,
      -1,
      -1,
      -1,
      -1,
      -1,
      -1,
      -1,
      -1,
      -1,
      -1,
      -1,
      -1,
      -1,
      -1,
      -1,
      -1,
      -1,
      -1,
      -1,
      -1,
      -1
    ],
    "attn_implementation": "eager"
  }
}