seed,pool,cluster,role,count,fraction,cluster_total
20260623,all_position,0,route_slot_offset_3,3072,0.03155267509577757,97361
20260623,all_position,0,slot_offset_2,3072,0.03155267509577757,97361
20260623,all_position,0,nuisance,6144,0.06310535019155514,97361
20260623,all_position,0,neutral,85073,0.8737892996168897,97361
20260623,all_position,1,slot_offset_0,6144,0.04806421078159103,127829
20260623,all_position,1,slot_offset_1,3072,0.024032105390795516,127829
20260623,all_position,1,slot_offset_2,3072,0.024032105390795516,127829
20260623,all_position,1,neutral,115541,0.903871578436818,127829
20260623,all_position,2,slot_offset_0,6144,0.07040381353990008,87268
20260623,all_position,2,slot_offset_1,3072,0.03520190676995004,87268
20260623,all_position,2,nuisance,3072,0.03520190676995004,87268
20260623,all_position,2,neutral,68836,0.7887885593802998,87268
20260623,all_position,2,target,6144,0.07040381353990008,87268
20260623,all_position,3,route_slot_offset_3,9216,0.11411872507986826,80758
20260623,all_position,3,slot_offset_1,6144,0.0760791500532455,80758
20260623,all_position,3,slot_offset_2,6144,0.0760791500532455,80758
20260623,all_position,3,nuisance,3072,0.03803957502662275,80758
20260623,all_position,3,neutral,50038,0.6196042497337725,80758
20260623,all_position,3,target,6144,0.0760791500532455,80758
20260623,route_only,0,route_slot_offset_3,3072,1.0,3072
20260623,route_only,1,route_slot_offset_3,3072,1.0,3072
20260623,route_only,2,route_slot_offset_3,3072,1.0,3072
20260623,route_only,3,route_slot_offset_3,3072,1.0,3072
20260623,slot_offset_3,0,route_slot_offset_3,3072,1.0,3072
20260623,slot_offset_3,1,route_slot_offset_3,3072,1.0,3072
20260623,slot_offset_3,2,route_slot_offset_3,3072,1.0,3072
20260623,slot_offset_3,3,route_slot_offset_3,3072,1.0,3072
20260623,selector_stability_top1_position,0,slot_offset_1,1024,1.0,1024
20260623,selector_stability_top1_position,1,slot_offset_1,2048,1.0,2048
20260623,selector_stability_top1_position,2,neutral,8192,1.0,8192
20260623,selector_stability_top1_position,3,slot_offset_1,1024,1.0,1024
20260623,selector_stability_top3_positions,0,route_slot_offset_3,3072,0.5834757834757834,5265
20260623,selector_stability_top3_positions,0,slot_offset_1,1024,0.19449192782526115,5265
20260623,selector_stability_top3_positions,0,neutral,145,0.027540360873694207,5265
20260623,selector_stability_top3_positions,0,target,1024,0.19449192782526115,5265
20260623,selector_stability_top3_positions,1,neutral,24431,0.9597721469259477,25455
20260623,selector_stability_top3_positions,1,target,1024,0.04022785307405225,25455
20260623,selector_stability_top3_positions,2,slot_offset_1,2048,1.0,2048
20260623,selector_stability_top3_positions,3,route_slot_offset_3,1024,0.25,4096
20260623,selector_stability_top3_positions,3,slot_offset_1,1024,0.25,4096
20260623,selector_stability_top3_positions,3,target,2048,0.5,4096
20260623,selector_stability_threshold_positions,0,route_slot_offset_3,1024,0.3333333333333333,3072
20260623,selector_stability_threshold_positions,0,nuisance,2048,0.6666666666666666,3072
20260623,selector_stability_threshold_positions,1,nuisance,4096,1.0,4096
20260623,selector_stability_threshold_positions,2,route_slot_offset_3,2048,0.04363760334100401,46932
20260623,selector_stability_threshold_positions,2,slot_offset_1,2048,0.04363760334100401,46932
20260623,selector_stability_threshold_positions,2,neutral,40788,0.869087189976988,46932
20260623,selector_stability_threshold_positions,2,target,2048,0.04363760334100401,46932
20260623,selector_stability_threshold_positions,3,route_slot_offset_3,1024,0.13950953678474115,7340
20260623,selector_stability_threshold_positions,3,slot_offset_1,2048,0.2790190735694823,7340
20260623,selector_stability_threshold_positions,3,nuisance,2048,0.2790190735694823,7340
20260623,selector_stability_threshold_positions,3,neutral,172,0.023433242506811988,7340
20260623,selector_stability_threshold_positions,3,target,2048,0.2790190735694823,7340
20260623,pca_q4,0,route_slot_offset_3,3072,0.0347818210638346,88322
20260623,pca_q4,0,slot_offset_2,3072,0.0347818210638346,88322
20260623,pca_q4,0,nuisance,6144,0.0695636421276692,88322
20260623,pca_q4,0,neutral,76034,0.8608727157446616,88322
20260623,pca_q4,1,route_slot_offset_3,3072,0.03228925793567374,95140
20260623,pca_q4,1,slot_offset_0,2951,0.031017447971410553,95140
20260623,pca_q4,1,slot_offset_1,3072,0.03228925793567374,95140
20260623,pca_q4,1,slot_offset_2,6144,0.06457851587134748,95140
20260623,pca_q4,1,neutral,73757,0.775247004414547,95140
20260623,pca_q4,1,target,6144,0.06457851587134748,95140
20260623,pca_q4,2,route_slot_offset_3,3072,0.04421034452983335,69486
20260623,pca_q4,2,slot_offset_0,6218,0.08948565178597127,69486
20260623,pca_q4,2,slot_offset_1,3072,0.04421034452983335,69486
20260623,pca_q4,2,nuisance,3072,0.04421034452983335,69486
20260623,pca_q4,2,neutral,47908,0.689462625564862,69486
20260623,pca_q4,2,target,6144,0.0884206890596667,69486
20260623,pca_q4,3,route_slot_offset_3,3072,0.02190093250064163,140268
20260623,pca_q4,3,slot_offset_0,3119,0.022236005361165767,140268
20260623,pca_q4,3,slot_offset_1,6144,0.04380186500128326,140268
20260623,pca_q4,3,slot_offset_2,3072,0.02190093250064163,140268
20260623,pca_q4,3,nuisance,3072,0.02190093250064163,140268
20260623,pca_q4,3,neutral,121789,0.8682593321356261,140268
20260623,pca_q8,0,route_slot_offset_3,3072,0.029503567895661862,104123
20260623,pca_q8,0,slot_offset_1,3072,0.029503567895661862,104123
20260623,pca_q8,0,slot_offset_2,9216,0.08851070368698559,104123
20260623,pca_q8,0,nuisance,3072,0.029503567895661862,104123
20260623,pca_q8,0,neutral,76475,0.7344678889390432,104123
20260623,pca_q8,0,target,9216,0.08851070368698559,104123
20260623,pca_q8,1,slot_offset_0,6144,0.13008405496390082,47231
20260623,pca_q8,1,nuisance,3072,0.06504202748195041,47231
20260623,pca_q8,1,neutral,34943,0.7398318900721983,47231
20260623,pca_q8,1,target,3072,0.06504202748195041,47231
20260623,pca_q8,2,route_slot_offset_3,3072,0.023707545204083996,129579
20260623,pca_q8,2,slot_offset_0,3072,0.023707545204083996,129579
20260623,pca_q8,2,slot_offset_1,3072,0.023707545204083996,129579
20260623,pca_q8,2,nuisance,6144,0.04741509040816799,129579
20260623,pca_q8,2,neutral,114219,0.88146227397958,129579
20260623,pca_q8,3,route_slot_offset_3,6144,0.05471887997292556,112283
20260623,pca_q8,3,slot_offset_0,3072,0.02735943998646278,112283
20260623,pca_q8,3,slot_offset_1,6144,0.05471887997292556,112283
20260623,pca_q8,3,slot_offset_2,3072,0.02735943998646278,112283
20260623,pca_q8,3,neutral,93851,0.8358433600812233,112283
20260623,pca_q16,0,route_slot_offset_3,3072,0.023722190904949075,129499
20260623,pca_q16,0,slot_offset_1,3072,0.023722190904949075,129499
20260623,pca_q16,0,nuisance,3072,0.023722190904949075,129499
20260623,pca_q16,0,neutral,120283,0.9288334272851528,129499
20260623,pca_q16,1,route_slot_offset_3,9216,0.0929060354647822,99197
20260623,pca_q16,1,slot_offset_1,6144,0.06193735697652147,99197
20260623,pca_q16,1,slot_offset_2,6144,0.06193735697652147,99197
20260623,pca_q16,1,nuisance,3072,0.030968678488260733,99197
20260623,pca_q16,1,neutral,65405,0.659344536629132,99197
20260623,pca_q16,1,target,9216,0.0929060354647822,99197
20260623,pca_q16,2,slot_offset_0,6144,0.11092455180631533,55389
20260623,pca_q16,2,nuisance,3072,0.055462275903157665,55389
20260623,pca_q16,2,neutral,43101,0.7781508963873693,55389
20260623,pca_q16,2,target,3072,0.055462275903157665,55389
20260623,pca_q16,3,slot_offset_0,6144,0.05629931000357369,109131
20260623,pca_q16,3,slot_offset_1,3072,0.028149655001786844,109131
20260623,pca_q16,3,slot_offset_2,6144,0.05629931000357369,109131
20260623,pca_q16,3,nuisance,3072,0.028149655001786844,109131
20260623,pca_q16,3,neutral,90699,0.8311020699892789,109131
20260623,pca_q32,0,slot_offset_1,6144,0.04667983589120195,131620
20260623,pca_q32,0,slot_offset_2,3,2.279288861875095e-05,131620
20260623,pca_q32,0,nuisance,6144,0.04667983589120195,131620
20260623,pca_q32,0,neutral,116257,0.8832776173833764,131620
20260623,pca_q32,0,target,3072,0.023339917945600974,131620
20260623,pca_q32,1,route_slot_offset_3,6144,0.04234554627408817,145092
20260623,pca_q32,1,slot_offset_0,9216,0.06351831941113224,145092
20260623,pca_q32,1,slot_offset_1,3072,0.021172773137044083,145092
20260623,pca_q32,1,slot_offset_2,9213,0.0634976428748656,145092
20260623,pca_q32,1,nuisance,6144,0.04234554627408817,145092
20260623,pca_q32,1,neutral,108231,0.7459473988917377,145092
20260623,pca_q32,1,target,3072,0.021172773137044083,145092
20260623,pca_q32,2,route_slot_offset_3,3072,0.029497618681825166,104144
20260623,pca_q32,2,slot_offset_0,3072,0.029497618681825166,104144
20260623,pca_q32,2,neutral,94928,0.9115071439545245,104144
20260623,pca_q32,2,target,3072,0.029497618681825166,104144
20260623,pca_q32,3,route_slot_offset_3,3072,0.24854368932038834,12360
20260623,pca_q32,3,slot_offset_1,3072,0.24854368932038834,12360
20260623,pca_q32,3,slot_offset_2,3072,0.24854368932038834,12360
20260623,pca_q32,3,neutral,72,0.005825242718446602,12360
20260623,pca_q32,3,target,3072,0.24854368932038834,12360
20260623,bottleneck_ae_q4,0,route_slot_offset_3,3072,0.02444458590616844,125672
20260623,bottleneck_ae_q4,0,slot_offset_0,6555,0.05215959004392386,125672
20260623,bottleneck_ae_q4,0,slot_offset_1,6175,0.04913584569355147,125672
20260623,bottleneck_ae_q4,0,slot_offset_2,8163,0.0649548029791839,125672
20260623,bottleneck_ae_q4,0,nuisance,3065,0.02438888535234579,125672
20260623,bottleneck_ae_q4,0,neutral,92498,0.7360271182124897,125672
20260623,bottleneck_ae_q4,0,target,6144,0.04888917181233688,125672
20260623,bottleneck_ae_q4,1,route_slot_offset_3,3072,0.03330478431032426,92239
20260623,bottleneck_ae_q4,1,neutral,86095,0.9333904313793515,92239
20260623,bottleneck_ae_q4,1,target,3072,0.03330478431032426,92239
20260623,bottleneck_ae_q4,2,slot_offset_0,1,1.330778239114234e-05,75144
20260623,bottleneck_ae_q4,2,slot_offset_1,3043,0.04049558181624614,75144
20260623,bottleneck_ae_q4,2,slot_offset_2,3072,0.04088150750558927,75144
20260623,bottleneck_ae_q4,2,nuisance,9223,0.1227376769935058,75144
20260623,bottleneck_ae_q4,2,neutral,56733,0.7549904183966784,75144
20260623,bottleneck_ae_q4,2,target,3072,0.04088150750558927,75144
20260623,bottleneck_ae_q4,3,route_slot_offset_3,6144,0.061341240602629764,100161
20260623,bottleneck_ae_q4,3,slot_offset_0,5732,0.057227863140344046,100161
20260623,bottleneck_ae_q4,3,slot_offset_1,3070,0.030650652449556216,100161
20260623,bottleneck_ae_q4,3,slot_offset_2,1053,0.010513073950938989,100161
20260623,bottleneck_ae_q4,3,neutral,84162,0.8402671698565309,100161
20260623,bottleneck_ae_q8,0,route_slot_offset_3,3072,0.04440204665683809,69186
20260623,bottleneck_ae_q8,0,slot_offset_0,3072,0.04440204665683809,69186
20260623,bottleneck_ae_q8,0,slot_offset_1,6409,0.09263434798947764,69186
20260623,bottleneck_ae_q8,0,nuisance,3072,0.04440204665683809,69186
20260623,bottleneck_ae_q8,0,neutral,50489,0.72975746538317,69186
20260623,bottleneck_ae_q8,0,target,3072,0.04440204665683809,69186
20260623,bottleneck_ae_q8,1,route_slot_offset_3,3072,0.028743052826587324,106878
20260623,bottleneck_ae_q8,1,slot_offset_0,2643,0.024729130410374445,106878
20260623,bottleneck_ae_q8,1,slot_offset_2,6140,0.05744867980314003,106878
20260623,bottleneck_ae_q8,1,nuisance,9216,0.08622915847976197,106878
20260623,bottleneck_ae_q8,1,neutral,82735,0.7741069256535489,106878
20260623,bottleneck_ae_q8,1,target,3072,0.028743052826587324,106878
20260623,bottleneck_ae_q8,2,route_slot_offset_3,6144,0.0679390494725435,90434
20260623,bottleneck_ae_q8,2,slot_offset_1,3072,0.03396952473627175,90434
20260623,bottleneck_ae_q8,2,slot_offset_2,6148,0.06798328062454387,90434
20260623,bottleneck_ae_q8,2,neutral,71998,0.7961386204303691,90434
20260623,bottleneck_ae_q8,2,target,3072,0.03396952473627175,90434
20260623,bottleneck_ae_q8,3,slot_offset_0,6573,0.05187108382392399,126718
20260623,bottleneck_ae_q8,3,slot_offset_1,2807,0.022151549109045283,126718
20260623,bottleneck_ae_q8,3,neutral,114266,0.9017345602045487,126718
20260623,bottleneck_ae_q8,3,target,3072,0.024242806862482046,126718
20260623,bottleneck_ae_q16,0,route_slot_offset_3,3072,0.03755730790390611,81795
20260623,bottleneck_ae_q16,0,slot_offset_0,1,1.2225686166636103e-05,81795
20260623,bottleneck_ae_q16,0,slot_offset_1,6144,0.07511461580781222,81795
20260623,bottleneck_ae_q16,0,slot_offset_2,6144,0.07511461580781222,81795
20260623,bottleneck_ae_q16,0,nuisance,3072,0.03755730790390611,81795
20260623,bottleneck_ae_q16,0,neutral,60290,0.7370866189864906,81795
20260623,bottleneck_ae_q16,0,target,3072,0.03755730790390611,81795
20260623,bottleneck_ae_q16,1,route_slot_offset_3,3072,0.03729422619336668,82372
20260623,bottleneck_ae_q16,1,slot_offset_0,3072,0.03729422619336668,82372
20260623,bottleneck_ae_q16,1,slot_offset_2,3072,0.03729422619336668,82372
20260623,bottleneck_ae_q16,1,nuisance,6144,0.07458845238673335,82372
20260623,bottleneck_ae_q16,1,neutral,60868,0.7389404166464333,82372
20260623,bottleneck_ae_q16,1,target,6144,0.07458845238673335,82372
20260623,bottleneck_ae_q16,2,slot_offset_0,6183,0.05664110808805343,109161
20260623,bottleneck_ae_q16,2,slot_offset_1,6144,0.05628383763431995,109161
20260623,bottleneck_ae_q16,2,neutral,93762,0.8589331354604667,109161
20260623,bottleneck_ae_q16,2,target,3072,0.028141918817159974,109161
20260623,bottleneck_ae_q16,3,route_slot_offset_3,6144,0.05124783130922194,119888
20260623,bottleneck_ae_q16,3,slot_offset_0,3032,0.02529027091952489,119888
20260623,bottleneck_ae_q16,3,slot_offset_2,3072,0.02562391565461097,119888
20260623,bottleneck_ae_q16,3,nuisance,3072,0.02562391565461097,119888
20260623,bottleneck_ae_q16,3,neutral,104568,0.8722140664620313,119888
20260623,bottleneck_ae_q32,0,route_slot_offset_3,3072,0.02894181489297558,106144
20260623,bottleneck_ae_q32,0,slot_offset_0,6144,0.05788362978595116,106144
20260623,bottleneck_ae_q32,0,slot_offset_1,6144,0.05788362978595116,106144
20260623,bottleneck_ae_q32,0,slot_offset_2,3072,0.02894181489297558,106144
20260623,bottleneck_ae_q32,0,nuisance,3072,0.02894181489297558,106144
20260623,bottleneck_ae_q32,0,neutral,78496,0.7395236659632197,106144
20260623,bottleneck_ae_q32,0,target,6144,0.05788362978595116,106144
20260623,bottleneck_ae_q32,1,route_slot_offset_3,3072,0.0387208994542269,79337
20260623,bottleneck_ae_q32,1,slot_offset_1,3072,0.0387208994542269,79337
20260623,bottleneck_ae_q32,1,slot_offset_2,3072,0.0387208994542269,79337
20260623,bottleneck_ae_q32,1,nuisance,3072,0.0387208994542269,79337
20260623,bottleneck_ae_q32,1,neutral,67049,0.8451164021830924,79337
20260623,bottleneck_ae_q32,2,route_slot_offset_3,6144,0.05998125585754452,102432
20260623,bottleneck_ae_q32,2,slot_offset_0,3072,0.02999062792877226,102432
20260623,bottleneck_ae_q32,2,slot_offset_1,3072,0.02999062792877226,102432
20260623,bottleneck_ae_q32,2,slot_offset_2,3072,0.02999062792877226,102432
20260623,bottleneck_ae_q32,2,nuisance,6144,0.05998125585754452,102432
20260623,bottleneck_ae_q32,2,neutral,80928,0.7900656044985942,102432
20260623,bottleneck_ae_q32,3,slot_offset_0,3072,0.029172958035383608,105303
20260623,bottleneck_ae_q32,3,slot_offset_2,3072,0.029172958035383608,105303
20260623,bottleneck_ae_q32,3,neutral,93015,0.8833081678584656,105303
20260623,bottleneck_ae_q32,3,target,6144,0.058345916070767216,105303
20260623,sae_l1_4x,0,route_slot_offset_3,9216,0.1028835526976791,89577
20260623,sae_l1_4x,0,slot_offset_0,6144,0.06858903513178606,89577
20260623,sae_l1_4x,0,slot_offset_2,6144,0.06858903513178606,89577
20260623,sae_l1_4x,0,nuisance,3072,0.03429451756589303,89577
20260623,sae_l1_4x,0,neutral,65001,0.7256438594728557,89577
20260623,sae_l1_4x,1,slot_offset_0,3072,0.035842210269633294,85709
20260623,sae_l1_4x,1,slot_offset_1,3072,0.035842210269633294,85709
20260623,sae_l1_4x,1,slot_offset_2,3072,0.035842210269633294,85709
20260623,sae_l1_4x,1,neutral,67277,0.7849467383822002,85709
20260623,sae_l1_4x,1,target,9216,0.10752663080889988,85709
20260623,sae_l1_4x,2,slot_offset_0,3072,0.027681162032114473,110978
20260623,sae_l1_4x,2,slot_offset_1,9216,0.08304348609634342,110978
20260623,sae_l1_4x,2,slot_offset_2,3072,0.027681162032114473,110978
20260623,sae_l1_4x,2,nuisance,6144,0.055362324064228946,110978
20260623,sae_l1_4x,2,neutral,89474,0.8062318657751987,110978
20260623,sae_l1_4x,3,route_slot_offset_3,3072,0.02872316553220136,106952
20260623,sae_l1_4x,3,nuisance,3072,0.02872316553220136,106952
20260623,sae_l1_4x,3,neutral,97736,0.9138305034033959,106952
20260623,sae_l1_4x,3,target,3072,0.02872316553220136,106952
20260623,sae_topk_4x,0,slot_offset_1,3072,0.8341026337225088,3683
20260623,sae_topk_4x,0,neutral,611,0.1658973662774912,3683
20260623,sae_topk_4x,1,route_slot_offset_3,9216,0.02867918891668845,321348
20260623,sae_topk_4x,1,slot_offset_0,12288,0.0382389185555846,321348
20260623,sae_topk_4x,1,slot_offset_1,9216,0.02867918891668845,321348
20260623,sae_topk_4x,1,slot_offset_2,9216,0.02867918891668845,321348
20260623,sae_topk_4x,1,nuisance,12288,0.0382389185555846,321348
20260623,sae_topk_4x,1,neutral,259908,0.808805407222077,321348
20260623,sae_topk_4x,1,target,9216,0.02867918891668845,321348
20260623,sae_topk_4x,2,route_slot_offset_3,3072,0.3129903209373408,9815
20260623,sae_topk_4x,2,slot_offset_2,3072,0.3129903209373408,9815
20260623,sae_topk_4x,2,neutral,599,0.061029037187977586,9815
20260623,sae_topk_4x,2,target,3072,0.3129903209373408,9815
20260623,sae_topk_4x,3,neutral,58370,1.0,58370
20260623,sae_l1_8x,0,route_slot_offset_3,6144,0.08460362705002686,72621
20260623,sae_l1_8x,0,slot_offset_1,3072,0.04230181352501343,72621
20260623,sae_l1_8x,0,slot_offset_2,6144,0.08460362705002686,72621
20260623,sae_l1_8x,0,nuisance,3072,0.04230181352501343,72621
20260623,sae_l1_8x,0,neutral,54189,0.7461891188499195,72621
20260623,sae_l1_8x,1,route_slot_offset_3,3072,0.040108627532901606,76592
20260623,sae_l1_8x,1,slot_offset_2,3072,0.040108627532901606,76592
20260623,sae_l1_8x,1,nuisance,3072,0.040108627532901606,76592
20260623,sae_l1_8x,1,neutral,64304,0.8395654898683935,76592
20260623,sae_l1_8x,1,target,3072,0.040108627532901606,76592
20260623,sae_l1_8x,2,route_slot_offset_3,3072,0.020376757760679227,150760
20260623,sae_l1_8x,2,slot_offset_0,9216,0.06113027328203768,150760
20260623,sae_l1_8x,2,slot_offset_1,9216,0.06113027328203768,150760
20260623,sae_l1_8x,2,slot_offset_2,3072,0.020376757760679227,150760
20260623,sae_l1_8x,2,nuisance,3072,0.020376757760679227,150760
20260623,sae_l1_8x,2,neutral,116968,0.7758556646325285,150760
20260623,sae_l1_8x,2,target,6144,0.040753515521358454,150760
20260623,sae_l1_8x,3,slot_offset_0,3072,0.03294617290305975,93243
20260623,sae_l1_8x,3,nuisance,3072,0.03294617290305975,93243
20260623,sae_l1_8x,3,neutral,84027,0.9011614812908207,93243
20260623,sae_l1_8x,3,target,3072,0.03294617290305975,93243
20260623,sae_topk_8x,0,slot_offset_0,3072,0.5,6144
20260623,sae_topk_8x,0,slot_offset_2,3072,0.5,6144
20260623,sae_topk_8x,1,route_slot_offset_3,3072,1.0,3072
20260623,sae_topk_8x,2,route_slot_offset_3,9216,0.025614514891772005,359796
20260623,sae_topk_8x,2,slot_offset_0,6144,0.017076343261181338,359796
20260623,sae_topk_8x,2,slot_offset_1,12288,0.034152686522362675,359796
20260623,sae_topk_8x,2,slot_offset_2,6144,0.017076343261181338,359796
20260623,sae_topk_8x,2,nuisance,12288,0.034152686522362675,359796
20260623,sae_topk_8x,2,neutral,301428,0.8377747390187773,359796
20260623,sae_topk_8x,2,target,12288,0.034152686522362675,359796
20260623,sae_topk_8x,3,slot_offset_0,3072,0.12692117005453643,24204
20260623,sae_topk_8x,3,slot_offset_2,3072,0.12692117005453643,24204
20260623,sae_topk_8x,3,neutral,18060,0.7461576598909271,24204
20260625,all_position,0,route_slot_offset_3,6144,0.06228521030382288,98643
20260625,all_position,0,slot_offset_1,6144,0.06228521030382288,98643
20260625,all_position,0,slot_offset_2,3072,0.03114260515191144,98643
20260625,all_position,0,nuisance,6144,0.06228521030382288,98643
20260625,all_position,0,neutral,70995,0.7197165536327971,98643
20260625,all_position,0,target,6144,0.06228521030382288,98643
20260625,all_position,1,route_slot_offset_3,6144,0.058172453298237975,105617
20260625,all_position,1,slot_offset_0,3072,0.029086226649118987,105617
20260625,all_position,1,slot_offset_1,6144,0.058172453298237975,105617
20260625,all_position,1,slot_offset_2,3072,0.029086226649118987,105617
20260625,all_position,1,nuisance,3072,0.029086226649118987,105617
20260625,all_position,1,neutral,84113,0.7963964134561671,105617
20260625,all_position,2,slot_offset_0,3072,0.0322641628331968,95214
20260625,all_position,2,slot_offset_2,3072,0.0322641628331968,95214
20260625,all_position,2,nuisance,3072,0.0322641628331968,95214
20260625,all_position,2,neutral,85998,0.9032075115004096,95214
20260625,all_position,3,slot_offset_0,6144,0.06554159288259265,93742
20260625,all_position,3,slot_offset_2,3072,0.032770796441296324,93742
20260625,all_position,3,neutral,78382,0.8361460177935184,93742
20260625,all_position,3,target,6144,0.06554159288259265,93742
20260625,route_only,0,route_slot_offset_3,3072,1.0,3072
20260625,route_only,1,route_slot_offset_3,3072,1.0,3072
20260625,route_only,2,route_slot_offset_3,3072,1.0,3072
20260625,route_only,3,route_slot_offset_3,3072,1.0,3072
20260625,slot_offset_3,0,route_slot_offset_3,3072,1.0,3072
20260625,slot_offset_3,1,route_slot_offset_3,3072,1.0,3072
20260625,slot_offset_3,2,route_slot_offset_3,3072,1.0,3072
20260625,slot_offset_3,3,route_slot_offset_3,3072,1.0,3072
20260625,selector_stability_top1_position,0,slot_offset_1,1024,1.0,1024
20260625,selector_stability_top1_position,1,slot_offset_1,1024,0.1111111111111111,9216
20260625,selector_stability_top1_position,1,neutral,8192,0.8888888888888888,9216
20260625,selector_stability_top1_position,2,slot_offset_1,1024,1.0,1024
20260625,selector_stability_top1_position,3,slot_offset_1,1024,1.0,1024
20260625,selector_stability_top3_positions,0,slot_offset_1,4096,0.14285714285714285,28672
20260625,selector_stability_top3_positions,0,neutral,24576,0.8571428571428571,28672
20260625,selector_stability_top3_positions,1,slot_offset_2,2048,1.0,2048
20260625,selector_stability_top3_positions,2,slot_offset_2,4096,1.0,4096
20260625,selector_stability_top3_positions,3,slot_offset_2,2048,1.0,2048
20260625,selector_stability_threshold_positions,0,slot_offset_2,3072,1.0,3072
20260625,selector_stability_threshold_positions,1,slot_offset_1,3072,0.05454545454545454,56320
20260625,selector_stability_threshold_positions,1,nuisance,4096,0.07272727272727272,56320
20260625,selector_stability_threshold_positions,1,neutral,49152,0.8727272727272727,56320
20260625,selector_stability_threshold_positions,2,slot_offset_1,1024,0.16666666666666666,6144
20260625,selector_stability_threshold_positions,2,slot_offset_2,3072,0.5,6144
20260625,selector_stability_threshold_positions,2,nuisance,2048,0.3333333333333333,6144
20260625,selector_stability_threshold_positions,3,slot_offset_2,6144,0.75,8192
20260625,selector_stability_threshold_positions,3,nuisance,2048,0.25,8192
20260625,pca_q4,0,route_slot_offset_3,3072,0.024880739294883734,123469
20260625,pca_q4,0,slot_offset_0,3072,0.024880739294883734,123469
20260625,pca_q4,0,neutral,111181,0.900477042820465,123469
20260625,pca_q4,0,target,6144,0.04976147858976747,123469
20260625,pca_q4,1,route_slot_offset_3,3072,0.027392862875180567,112146
20260625,pca_q4,1,slot_offset_1,3072,0.027392862875180567,112146
20260625,pca_q4,1,slot_offset_2,913,0.008141173113619745,112146
20260625,pca_q4,1,nuisance,9216,0.0821785886255417,112146
20260625,pca_q4,1,neutral,95873,0.8548945125104774,112146
20260625,pca_q4,2,slot_offset_0,3072,0.041367608839094544,74261
20260625,pca_q4,2,slot_offset_1,3072,0.041367608839094544,74261
20260625,pca_q4,2,slot_offset_2,11375,0.1531759604637697,74261
20260625,pca_q4,2,neutral,53670,0.7227212130189467,74261
20260625,pca_q4,2,target,3072,0.041367608839094544,74261
20260625,pca_q4,3,route_slot_offset_3,6144,0.07372210223182145,83340
20260625,pca_q4,3,slot_offset_0,6144,0.07372210223182145,83340
20260625,pca_q4,3,slot_offset_1,6144,0.07372210223182145,83340
20260625,pca_q4,3,nuisance,3072,0.036861051115910724,83340
20260625,pca_q4,3,neutral,58764,0.7051115910727142,83340
20260625,pca_q4,3,target,3072,0.036861051115910724,83340
20260625,pca_q8,0,route_slot_offset_3,3072,0.04376567130157283,70192
20260625,pca_q8,0,slot_offset_1,9216,0.13129701390471848,70192
20260625,pca_q8,0,slot_offset_2,6144,0.08753134260314566,70192
20260625,pca_q8,0,nuisance,3072,0.04376567130157283,70192
20260625,pca_q8,0,neutral,48688,0.6936403008889902,70192
20260625,pca_q8,1,slot_offset_0,9216,0.08419360143246057,109462
20260625,pca_q8,1,nuisance,3072,0.028064533810820195,109462
20260625,pca_q8,1,neutral,91030,0.8316127971350789,109462
20260625,pca_q8,1,target,6144,0.05612906762164039,109462
20260625,pca_q8,2,slot_offset_0,3072,0.061357780574030796,50067
20260625,pca_q8,2,slot_offset_2,6144,0.12271556114806159,50067
20260625,pca_q8,2,neutral,34707,0.693211097129846,50067
20260625,pca_q8,2,target,6144,0.12271556114806159,50067
20260625,pca_q8,3,route_slot_offset_3,9216,0.05636869629040644,163495
20260625,pca_q8,3,slot_offset_1,3072,0.018789565430135477,163495
20260625,pca_q8,3,nuisance,6144,0.037579130860270954,163495
20260625,pca_q8,3,neutral,145063,0.8872626074191872,163495
20260625,pca_q16,0,slot_offset_0,3072,0.05339358651255757,57535
20260625,pca_q16,0,slot_offset_1,3072,0.05339358651255757,57535
20260625,pca_q16,0,slot_offset_2,12288,0.2135743460502303,57535
20260625,pca_q16,0,neutral,32959,0.5728513078995394,57535
20260625,pca_q16,0,target,6144,0.10678717302511515,57535
20260625,pca_q16,1,route_slot_offset_3,3072,0.029987700357275337,102442
20260625,pca_q16,1,slot_offset_0,3072,0.029987700357275337,102442
20260625,pca_q16,1,slot_offset_1,3072,0.029987700357275337,102442
20260625,pca_q16,1,nuisance,6144,0.059975400714550674,102442
20260625,pca_q16,1,neutral,87082,0.8500614982136233,102442
20260625,pca_q16,2,route_slot_offset_3,3072,0.030207974826687644,101695
20260625,pca_q16,2,slot_offset_0,3072,0.030207974826687644,101695
20260625,pca_q16,2,neutral,92479,0.909376075519937,101695
20260625,pca_q16,2,target,3072,0.030207974826687644,101695
20260625,pca_q16,3,route_slot_offset_3,6144,0.04670680532749498,131544
20260625,pca_q16,3,slot_offset_0,3072,0.02335340266374749,131544
20260625,pca_q16,3,slot_offset_1,6144,0.04670680532749498,131544
20260625,pca_q16,3,nuisance,6144,0.04670680532749498,131544
20260625,pca_q16,3,neutral,106968,0.81317277869002,131544
20260625,pca_q16,3,target,3072,0.02335340266374749,131544
20260625,pca_q32,0,route_slot_offset_3,6144,0.0637959857538912,96307
20260625,pca_q32,0,slot_offset_1,6144,0.0637959857538912,96307
20260625,pca_q32,0,slot_offset_2,3072,0.0318979928769456,96307
20260625,pca_q32,0,nuisance,6144,0.0637959857538912,96307
20260625,pca_q32,0,neutral,71731,0.7448160569844352,96307
20260625,pca_q32,0,target,3072,0.0318979928769456,96307
20260625,pca_q32,1,slot_offset_0,12288,0.13768067226890757,89250
20260625,pca_q32,1,slot_offset_1,3072,0.03442016806722689,89250
20260625,pca_q32,1,nuisance,3072,0.03442016806722689,89250
20260625,pca_q32,1,neutral,64674,0.7246386554621849,89250
20260625,pca_q32,1,target,6144,0.06884033613445378,89250
20260625,pca_q32,2,slot_offset_1,3072,0.0459323275668725,66881
20260625,pca_q32,2,slot_offset_2,9216,0.13779698270061752,66881
20260625,pca_q32,2,neutral,54593,0.8162706897325099,66881
20260625,pca_q32,3,route_slot_offset_3,6144,0.043643182883689215,140778
20260625,pca_q32,3,nuisance,3072,0.021821591441844607,140778
20260625,pca_q32,3,neutral,128490,0.9127136342326215,140778
20260625,pca_q32,3,target,3072,0.021821591441844607,140778
20260625,bottleneck_ae_q4,0,route_slot_offset_3,6144,0.052054121374893035,118031
20260625,bottleneck_ae_q4,0,slot_offset_0,6134,0.05196939787005109,118031
20260625,bottleneck_ae_q4,0,slot_offset_1,3072,0.026027060687446518,118031
20260625,bottleneck_ae_q4,0,nuisance,6144,0.052054121374893035,118031
20260625,bottleneck_ae_q4,0,neutral,96537,0.8178952986927163,118031
20260625,bottleneck_ae_q4,1,slot_offset_0,3032,0.027857917271541188,108838
20260625,bottleneck_ae_q4,1,slot_offset_1,3072,0.028225435969054927,108838
20260625,bottleneck_ae_q4,1,slot_offset_2,6178,0.05676326283099653,108838
20260625,bottleneck_ae_q4,1,nuisance,3072,0.028225435969054927,108838
20260625,bottleneck_ae_q4,1,neutral,93484,0.8589279479593525,108838
20260625,bottleneck_ae_q4,2,route_slot_offset_3,3072,0.04597081930415264,66825
20260625,bottleneck_ae_q4,2,slot_offset_0,6,8.978675645342312e-05,66825
20260625,bottleneck_ae_q4,2,slot_offset_1,6144,0.09194163860830527,66825
20260625,bottleneck_ae_q4,2,slot_offset_2,6110,0.09143284698840254,66825
20260625,bottleneck_ae_q4,2,nuisance,3072,0.04597081930415264,66825
20260625,bottleneck_ae_q4,2,neutral,45349,0.6786232697343808,66825
20260625,bottleneck_ae_q4,2,target,3072,0.04597081930415264,66825
20260625,bottleneck_ae_q4,3,route_slot_offset_3,3072,0.030867546874058,99522
20260625,bottleneck_ae_q4,3,slot_offset_0,3116,0.031309660175639555,99522
20260625,bottleneck_ae_q4,3,neutral,84118,0.8452201523281284,99522
20260625,bottleneck_ae_q4,3,target,9216,0.09260264062217399,99522
20260625,bottleneck_ae_q8,0,route_slot_offset_3,3072,0.03231269261920039,95071
20260625,bottleneck_ae_q8,0,slot_offset_0,3071,0.03230217416457174,95071
20260625,bottleneck_ae_q8,0,slot_offset_1,9216,0.09693807785760117,95071
20260625,bottleneck_ae_q8,0,slot_offset_2,4,4.207381851458384e-05,95071
20260625,bottleneck_ae_q8,0,neutral,76636,0.8060922889209118,95071
20260625,bottleneck_ae_q8,0,target,3072,0.03231269261920039,95071
20260625,bottleneck_ae_q8,1,route_slot_offset_3,6144,0.06093062001666072,100836
20260625,bottleneck_ae_q8,1,slot_offset_0,3072,0.03046531000833036,100836
20260625,bottleneck_ae_q8,1,slot_offset_1,3072,0.03046531000833036,100836
20260625,bottleneck_ae_q8,1,slot_offset_2,3072,0.03046531000833036,100836
20260625,bottleneck_ae_q8,1,nuisance,3072,0.03046531000833036,100836
20260625,bottleneck_ae_q8,1,neutral,79332,0.7867428299416875,100836
20260625,bottleneck_ae_q8,1,target,3072,0.03046531000833036,100836
20260625,bottleneck_ae_q8,2,slot_offset_0,3072,0.026403774914694835,116347
20260625,bottleneck_ae_q8,2,slot_offset_2,6125,0.052644245231935505,116347
20260625,bottleneck_ae_q8,2,nuisance,6144,0.05280754982938967,116347
20260625,bottleneck_ae_q8,2,neutral,101006,0.86814443002398,116347
20260625,bottleneck_ae_q8,3,route_slot_offset_3,3072,0.03794372668659371,80962
20260625,bottleneck_ae_q8,3,slot_offset_0,3073,0.0379560781601245,80962
20260625,bottleneck_ae_q8,3,slot_offset_2,3087,0.03812899878955559,80962
20260625,bottleneck_ae_q8,3,nuisance,3072,0.03794372668659371,80962
20260625,bottleneck_ae_q8,3,neutral,62514,0.772140016303945,80962
20260625,bottleneck_ae_q8,3,target,6144,0.07588745337318742,80962
20260625,bottleneck_ae_q16,0,route_slot_offset_3,6144,0.06693977163775822,91784
20260625,bottleneck_ae_q16,0,slot_offset_1,3073,0.03348078096400244,91784
20260625,bottleneck_ae_q16,0,nuisance,6144,0.06693977163775822,91784
20260625,bottleneck_ae_q16,0,neutral,73351,0.799169789941602,91784
20260625,bottleneck_ae_q16,0,target,3072,0.03346988581887911,91784
20260625,bottleneck_ae_q16,1,route_slot_offset_3,3072,0.032988982195399585,93122
20260625,bottleneck_ae_q16,1,slot_offset_0,3096,0.03324670861880114,93122
20260625,bottleneck_ae_q16,1,slot_offset_1,3072,0.032988982195399585,93122
20260625,bottleneck_ae_q16,1,slot_offset_2,6144,0.06597796439079917,93122
20260625,bottleneck_ae_q16,1,nuisance,3072,0.032988982195399585,93122
20260625,bottleneck_ae_q16,1,neutral,74666,0.801808380404201,93122
20260625,bottleneck_ae_q16,2,slot_offset_0,6120,0.06927779035544487,88340
20260625,bottleneck_ae_q16,2,slot_offset_1,3072,0.034774733982340954,88340
20260625,bottleneck_ae_q16,2,slot_offset_2,6144,0.06954946796468191,88340
20260625,bottleneck_ae_q16,2,neutral,66860,0.7568485397328504,88340
20260625,bottleneck_ae_q16,2,target,6144,0.06954946796468191,88340
20260625,bottleneck_ae_q16,3,route_slot_offset_3,3072,0.0256064016004001,119970
20260625,bottleneck_ae_q16,3,slot_offset_0,3072,0.0256064016004001,119970
20260625,bottleneck_ae_q16,3,slot_offset_1,3071,0.02559806618321247,119970
20260625,bottleneck_ae_q16,3,nuisance,3072,0.0256064016004001,119970
20260625,bottleneck_ae_q16,3,neutral,104611,0.8719763274151872,119970
20260625,bottleneck_ae_q16,3,target,3072,0.0256064016004001,119970
20260625,bottleneck_ae_q32,0,route_slot_offset_3,9216,0.0856354361218744,107619
20260625,bottleneck_ae_q32,0,slot_offset_1,6144,0.05709029074791626,107619
20260625,bottleneck_ae_q32,0,slot_offset_2,3072,0.02854514537395813,107619
20260625,bottleneck_ae_q32,0,nuisance,6144,0.05709029074791626,107619
20260625,bottleneck_ae_q32,0,neutral,83043,0.7716388370083349,107619
20260625,bottleneck_ae_q32,1,route_slot_offset_3,3072,0.03251034468161663,94493
20260625,bottleneck_ae_q32,1,slot_offset_0,6144,0.06502068936323326,94493
20260625,bottleneck_ae_q32,1,slot_offset_1,3072,0.03251034468161663,94493
20260625,bottleneck_ae_q32,1,neutral,76061,0.8049379319103003,94493
20260625,bottleneck_ae_q32,1,target,6144,0.06502068936323326,94493
20260625,bottleneck_ae_q32,2,slot_offset_0,3072,0.02461834355090756,124785
20260625,bottleneck_ae_q32,2,nuisance,3072,0.02461834355090756,124785
20260625,bottleneck_ae_q32,2,neutral,115569,0.9261449693472773,124785
20260625,bottleneck_ae_q32,2,target,3072,0.02461834355090756,124785
20260625,bottleneck_ae_q32,3,slot_offset_0,3072,0.04632156697175772,66319
20260625,bottleneck_ae_q32,3,slot_offset_1,3072,0.04632156697175772,66319
20260625,bottleneck_ae_q32,3,slot_offset_2,9216,0.13896470091527316,66319
20260625,bottleneck_ae_q32,3,nuisance,3072,0.04632156697175772,66319
20260625,bottleneck_ae_q32,3,neutral,44815,0.675749031197696,66319
20260625,bottleneck_ae_q32,3,target,3072,0.04632156697175772,66319
20260625,sae_l1_4x,0,route_slot_offset_3,3072,0.04137875298015921,74241
20260625,sae_l1_4x,0,slot_offset_0,6144,0.08275750596031842,74241
20260625,sae_l1_4x,0,slot_offset_1,3072,0.04137875298015921,74241
20260625,sae_l1_4x,0,slot_offset_2,3072,0.04137875298015921,74241
20260625,sae_l1_4x,0,neutral,55809,0.7517274821190447,74241
20260625,sae_l1_4x,0,target,3072,0.04137875298015921,74241
20260625,sae_l1_4x,1,route_slot_offset_3,6144,0.04565517856346694,134574
20260625,sae_l1_4x,1,slot_offset_0,3072,0.02282758928173347,134574
20260625,sae_l1_4x,1,slot_offset_2,3072,0.02282758928173347,134574
20260625,sae_l1_4x,1,nuisance,3072,0.02282758928173347,134574
20260625,sae_l1_4x,1,neutral,113070,0.8402068750278657,134574
20260625,sae_l1_4x,1,target,6144,0.04565517856346694,134574
20260625,sae_l1_4x,2,route_slot_offset_3,3072,0.028998640688717717,105936
20260625,sae_l1_4x,2,slot_offset_1,3072,0.028998640688717717,105936
20260625,sae_l1_4x,2,slot_offset_2,3072,0.028998640688717717,105936
20260625,sae_l1_4x,2,nuisance,3072,0.028998640688717717,105936
20260625,sae_l1_4x,2,neutral,93648,0.8840054372451291,105936
20260625,sae_l1_4x,3,slot_offset_0,3072,0.03915121391703307,78465
20260625,sae_l1_4x,3,slot_offset_1,6144,0.07830242783406614,78465
20260625,sae_l1_4x,3,slot_offset_2,3072,0.03915121391703307,78465
20260625,sae_l1_4x,3,nuisance,6144,0.07830242783406614,78465
20260625,sae_l1_4x,3,neutral,56961,0.7259415025807685,78465
20260625,sae_l1_4x,3,target,3072,0.03915121391703307,78465
20260625,sae_topk_4x,0,slot_offset_1,3072,1.0,3072
20260625,sae_topk_4x,1,route_slot_offset_3,12288,0.03231056851139468,380309
20260625,sae_topk_4x,1,slot_offset_0,9216,0.024232926383546013,380309
20260625,sae_topk_4x,1,slot_offset_1,6144,0.01615528425569734,380309
20260625,sae_topk_4x,1,slot_offset_2,12288,0.03231056851139468,380309
20260625,sae_topk_4x,1,nuisance,9216,0.024232926383546013,380309
20260625,sae_topk_4x,1,neutral,318869,0.8384471574430266,380309
20260625,sae_topk_4x,1,target,12288,0.03231056851139468,380309
20260625,sae_topk_4x,2,slot_offset_1,3072,0.45423628567203905,6763
20260625,sae_topk_4x,2,nuisance,3072,0.45423628567203905,6763
20260625,sae_topk_4x,2,neutral,619,0.09152742865592192,6763
20260625,sae_topk_4x,3,slot_offset_0,3072,1.0,3072
20260625,sae_l1_8x,0,route_slot_offset_3,6144,0.08083997789531855,76002
20260625,sae_l1_8x,0,slot_offset_0,3072,0.040419988947659274,76002
20260625,sae_l1_8x,0,slot_offset_1,9216,0.12125996684297782,76002
20260625,sae_l1_8x,0,slot_offset_2,3072,0.040419988947659274,76002
20260625,sae_l1_8x,0,nuisance,3072,0.040419988947659274,76002
20260625,sae_l1_8x,0,neutral,51426,0.6766400884187258,76002
20260625,sae_l1_8x,1,route_slot_offset_3,3072,0.027756444428381686,110677
20260625,sae_l1_8x,1,slot_offset_0,6144,0.05551288885676337,110677
20260625,sae_l1_8x,1,slot_offset_2,3072,0.027756444428381686,110677
20260625,sae_l1_8x,1,nuisance,6144,0.05551288885676337,110677
20260625,sae_l1_8x,1,neutral,92245,0.8334613334297098,110677
20260625,sae_l1_8x,2,route_slot_offset_3,3072,0.03030063915410716,101384
20260625,sae_l1_8x,2,neutral,92168,0.9090980825376785,101384
20260625,sae_l1_8x,2,target,6144,0.06060127830821432,101384
20260625,sae_l1_8x,3,slot_offset_0,3072,0.029214573050697554,105153
20260625,sae_l1_8x,3,slot_offset_1,3072,0.029214573050697554,105153
20260625,sae_l1_8x,3,slot_offset_2,6144,0.05842914610139511,105153
20260625,sae_l1_8x,3,nuisance,3072,0.029214573050697554,105153
20260625,sae_l1_8x,3,neutral,83649,0.7954979886451171,105153
20260625,sae_l1_8x,3,target,6144,0.05842914610139511,105153
20260625,sae_topk_8x,0,route_slot_offset_3,12288,0.03426611452712595,358605
20260625,sae_topk_8x,0,slot_offset_0,12288,0.03426611452712595,358605
20260625,sae_topk_8x,0,slot_offset_1,12288,0.03426611452712595,358605
20260625,sae_topk_8x,0,slot_offset_2,9216,0.02569958589534446,358605
20260625,sae_topk_8x,0,nuisance,12288,0.03426611452712595,358605
20260625,sae_topk_8x,0,neutral,291021,0.8115363701008073,358605
20260625,sae_topk_8x,0,target,9216,0.02569958589534446,358605
20260625,sae_topk_8x,1,slot_offset_2,3072,0.23569126898879852,13034
20260625,sae_topk_8x,1,neutral,9962,0.7643087310112014,13034
20260625,sae_topk_8x,2,neutral,18505,1.0,18505
20260625,sae_topk_8x,3,target,3072,1.0,3072
20260627,all_position,0,route_slot_offset_3,3072,0.023028313131085974,133401
20260627,all_position,0,slot_offset_0,3072,0.023028313131085974,133401
20260627,all_position,0,slot_offset_1,3072,0.023028313131085974,133401
20260627,all_position,0,slot_offset_2,3072,0.023028313131085974,133401
20260627,all_position,0,neutral,118041,0.8848584343445701,133401
20260627,all_position,0,target,3072,0.023028313131085974,133401
20260627,all_position,1,route_slot_offset_3,3072,0.03209930723174822,95703
20260627,all_position,1,slot_offset_2,3072,0.03209930723174822,95703
20260627,all_position,1,neutral,83415,0.8716027710730071,95703
20260627,all_position,1,target,6144,0.06419861446349644,95703
20260627,all_position,2,route_slot_offset_3,3072,0.03833387406723402,80138
20260627,all_position,2,slot_offset_0,3072,0.03833387406723402,80138
20260627,all_position,2,slot_offset_1,9216,0.11500162220170207,80138
20260627,all_position,2,slot_offset_2,3072,0.03833387406723402,80138
20260627,all_position,2,nuisance,3072,0.03833387406723402,80138
20260627,all_position,2,neutral,58634,0.7316628815293619,80138
20260627,all_position,3,route_slot_offset_3,3072,0.03658275180412985,83974
20260627,all_position,3,slot_offset_0,6144,0.0731655036082597,83974
20260627,all_position,3,slot_offset_2,3072,0.03658275180412985,83974
20260627,all_position,3,nuisance,9216,0.10974825541238956,83974
20260627,all_position,3,neutral,59398,0.7073379855669611,83974
20260627,all_position,3,target,3072,0.03658275180412985,83974
20260627,route_only,0,route_slot_offset_3,3072,1.0,3072
20260627,route_only,1,route_slot_offset_3,3072,1.0,3072
20260627,route_only,2,route_slot_offset_3,3072,1.0,3072
20260627,route_only,3,route_slot_offset_3,3072,1.0,3072
20260627,slot_offset_3,0,route_slot_offset_3,3072,1.0,3072
20260627,slot_offset_3,1,route_slot_offset_3,3072,1.0,3072
20260627,slot_offset_3,2,route_slot_offset_3,3072,1.0,3072
20260627,slot_offset_3,3,route_slot_offset_3,3072,1.0,3072
20260627,selector_stability_top1_position,0,slot_offset_0,2048,1.0,2048
20260627,selector_stability_top1_position,1,slot_offset_0,1024,1.0,1024
20260627,selector_stability_top1_position,2,neutral,8192,1.0,8192
20260627,selector_stability_top1_position,3,slot_offset_0,1024,1.0,1024
20260627,selector_stability_top3_positions,0,slot_offset_1,2048,0.07692307692307693,26624
20260627,selector_stability_top3_positions,0,neutral,24576,0.9230769230769231,26624
20260627,selector_stability_top3_positions,1,slot_offset_0,4096,1.0,4096
20260627,selector_stability_top3_positions,2,slot_offset_0,2048,0.5,4096
20260627,selector_stability_top3_positions,2,slot_offset_1,2048,0.5,4096
20260627,selector_stability_top3_positions,3,slot_offset_0,2048,1.0,2048
20260627,selector_stability_threshold_positions,0,slot_offset_0,6144,0.6,10240
20260627,selector_stability_threshold_positions,0,slot_offset_1,4096,0.4,10240
20260627,selector_stability_threshold_positions,1,slot_offset_0,3072,1.0,3072
20260627,selector_stability_threshold_positions,2,slot_offset_0,3072,1.0,3072
20260627,selector_stability_threshold_positions,3,slot_offset_1,4096,0.07142857142857142,57344
20260627,selector_stability_threshold_positions,3,nuisance,4096,0.07142857142857142,57344
20260627,selector_stability_threshold_positions,3,neutral,49152,0.8571428571428571,57344
20260627,pca_q4,0,route_slot_offset_3,3072,0.02978880204798014,103126
20260627,pca_q4,0,slot_offset_0,6144,0.05957760409596028,103126
20260627,pca_q4,0,slot_offset_2,3072,0.02978880204798014,103126
20260627,pca_q4,0,nuisance,9216,0.08936640614394042,103126
20260627,pca_q4,0,neutral,81622,0.791478385664139,103126
20260627,pca_q4,1,slot_offset_0,3072,0.027343124165554074,112350
20260627,pca_q4,1,slot_offset_1,6144,0.05468624833110815,112350
20260627,pca_q4,1,slot_offset_2,3072,0.027343124165554074,112350
20260627,pca_q4,1,neutral,96990,0.8632843791722297,112350
20260627,pca_q4,1,target,3072,0.027343124165554074,112350
20260627,pca_q4,2,route_slot_offset_3,6144,0.05899806988736209,104139
20260627,pca_q4,2,slot_offset_1,3022,0.029018907421811232,104139
20260627,pca_q4,2,neutral,88829,0.8529849528034646,104139
20260627,pca_q4,2,target,6144,0.05899806988736209,104139
20260627,pca_q4,3,route_slot_offset_3,3072,0.0417385633347373,73601
20260627,pca_q4,3,slot_offset_0,3072,0.0417385633347373,73601
20260627,pca_q4,3,slot_offset_1,3122,0.04241790193068029,73601
20260627,pca_q4,3,slot_offset_2,6144,0.0834771266694746,73601
20260627,pca_q4,3,nuisance,3072,0.0417385633347373,73601
20260627,pca_q4,3,neutral,52047,0.7071507180608959,73601
20260627,pca_q4,3,target,3072,0.0417385633347373,73601
20260627,pca_q8,0,route_slot_offset_3,6144,0.05580280103903653,110102
20260627,pca_q8,0,slot_offset_1,3072,0.027901400519518265,110102
20260627,pca_q8,0,neutral,94742,0.8604929974024087,110102
20260627,pca_q8,0,target,6144,0.05580280103903653,110102
20260627,pca_q8,1,slot_offset_0,3072,0.025104192203971563,122370
20260627,pca_q8,1,slot_offset_1,6144,0.050208384407943125,122370
20260627,pca_q8,1,slot_offset_2,6144,0.050208384407943125,122370
20260627,pca_q8,1,neutral,103938,0.8493748467761706,122370
20260627,pca_q8,1,target,3072,0.025104192203971563,122370
20260627,pca_q8,2,route_slot_offset_3,3,3.6222259786047187e-05,82822
20260627,pca_q8,2,slot_offset_0,9216,0.11127478206273696,82822
20260627,pca_q8,2,nuisance,6144,0.07418318804182464,82822
20260627,pca_q8,2,neutral,64387,0.7774142136147401,82822
20260627,pca_q8,2,target,3072,0.03709159402091232,82822
20260627,pca_q8,3,route_slot_offset_3,6141,0.07880957880957881,77922
20260627,pca_q8,3,slot_offset_1,3072,0.03942403942403942,77922
20260627,pca_q8,3,slot_offset_2,6144,0.07884807884807885,77922
20260627,pca_q8,3,nuisance,6144,0.07884807884807885,77922
20260627,pca_q8,3,neutral,56421,0.724070224070224,77922
20260627,pca_q16,0,slot_offset_0,3072,0.03204038423429531,95879
20260627,pca_q16,0,slot_offset_1,3072,0.03204038423429531,95879
20260627,pca_q16,0,slot_offset_2,3072,0.03204038423429531,95879
20260627,pca_q16,0,neutral,77447,0.8077576945942282,95879
20260627,pca_q16,0,target,9216,0.09612115270288593,95879
20260627,pca_q16,1,route_slot_offset_3,6144,0.09328879441238992,65860
20260627,pca_q16,1,slot_offset_1,6144,0.09328879441238992,65860
20260627,pca_q16,1,slot_offset_2,6144,0.09328879441238992,65860
20260627,pca_q16,1,nuisance,6144,0.09328879441238992,65860
20260627,pca_q16,1,neutral,41284,0.6268448223504404,65860
20260627,pca_q16,2,route_slot_offset_3,6144,0.052148228623809606,117818
20260627,pca_q16,2,slot_offset_0,6144,0.052148228623809606,117818
20260627,pca_q16,2,nuisance,3072,0.026074114311904803,117818
20260627,pca_q16,2,neutral,99386,0.8435553141285712,117818
20260627,pca_q16,2,target,3072,0.026074114311904803,117818
20260627,pca_q16,3,slot_offset_0,3072,0.027028215979376907,113659
20260627,pca_q16,3,slot_offset_1,3072,0.027028215979376907,113659
20260627,pca_q16,3,slot_offset_2,3072,0.027028215979376907,113659
20260627,pca_q16,3,nuisance,3072,0.027028215979376907,113659
20260627,pca_q16,3,neutral,101371,0.8918871360824924,113659
20260627,pca_q32,0,slot_offset_0,3072,0.05101634117178159,60216
20260627,pca_q32,0,slot_offset_1,9216,0.15304902351534475,60216
20260627,pca_q32,0,neutral,41784,0.6939019529693105,60216
20260627,pca_q32,0,target,6144,0.10203268234356318,60216
20260627,pca_q32,1,route_slot_offset_3,3072,0.039048696470109695,78671
20260627,pca_q32,1,slot_offset_1,3072,0.039048696470109695,78671
20260627,pca_q32,1,slot_offset_2,3072,0.039048696470109695,78671
20260627,pca_q32,1,nuisance,3072,0.039048696470109695,78671
20260627,pca_q32,1,neutral,63311,0.8047565176494516,78671
20260627,pca_q32,1,target,3072,0.039048696470109695,78671
20260627,pca_q32,2,route_slot_offset_3,3072,0.02031154954907302,151244
20260627,pca_q32,2,slot_offset_0,3072,0.02031154954907302,151244
20260627,pca_q32,2,slot_offset_2,3072,0.02031154954907302,151244
20260627,pca_q32,2,neutral,138956,0.9187538018037079,151244
20260627,pca_q32,2,target,3072,0.02031154954907302,151244
20260627,pca_q32,3,route_slot_offset_3,6144,0.05960129989814231,103085
20260627,pca_q32,3,slot_offset_0,6144,0.05960129989814231,103085
20260627,pca_q32,3,slot_offset_2,6144,0.05960129989814231,103085
20260627,pca_q32,3,nuisance,9216,0.08940194984721346,103085
20260627,pca_q32,3,neutral,75437,0.7317941504583596,103085
20260627,bottleneck_ae_q4,0,route_slot_offset_3,3072,0.03754124404252719,81830
20260627,bottleneck_ae_q4,0,slot_offset_0,3072,0.03754124404252719,81830
20260627,bottleneck_ae_q4,0,slot_offset_1,6098,0.07452034706098008,81830
20260627,bottleneck_ae_q4,0,slot_offset_2,6292,0.07689111572772822,81830
20260627,bottleneck_ae_q4,0,nuisance,3072,0.03754124404252719,81830
20260627,bottleneck_ae_q4,0,neutral,60224,0.7359648050837101,81830
20260627,bottleneck_ae_q4,1,slot_offset_0,6040,0.051638054852609264,116968
20260627,bottleneck_ae_q4,1,slot_offset_1,3072,0.026263593461459546,116968
20260627,bottleneck_ae_q4,1,slot_offset_2,4887,0.04178065795773203,116968
20260627,bottleneck_ae_q4,1,nuisance,3055,0.026118254565351207,116968
20260627,bottleneck_ae_q4,1,neutral,96840,0.8279187470077286,116968
20260627,bottleneck_ae_q4,1,target,3074,0.02628069215511935,116968
20260627,bottleneck_ae_q4,2,route_slot_offset_3,6144,0.07653309084567571,80279
20260627,bottleneck_ae_q4,2,slot_offset_0,3072,0.038266545422837854,80279
20260627,bottleneck_ae_q4,2,slot_offset_1,47,0.0005854582144770114,80279
20260627,bottleneck_ae_q4,2,slot_offset_2,11,0.00013702213530313034,80279
20260627,bottleneck_ae_q4,2,nuisance,1639,0.02041629816016642,80279
20260627,bottleneck_ae_q4,2,neutral,66294,0.8257950397987021,80279
20260627,bottleneck_ae_q4,2,target,3072,0.038266545422837854,80279
20260627,bottleneck_ae_q4,3,route_slot_offset_3,3072,0.02691455155555945,114139
20260627,bottleneck_ae_q4,3,slot_offset_0,104,0.0009111697141205022,114139
20260627,bottleneck_ae_q4,3,slot_offset_1,3071,0.02690579030830829,114139
20260627,bottleneck_ae_q4,3,slot_offset_2,1098,0.009619849481772224,114139
20260627,bottleneck_ae_q4,3,nuisance,4522,0.039618360069739525,114139
20260627,bottleneck_ae_q4,3,neutral,96130,0.8422186982538834,114139
20260627,bottleneck_ae_q4,3,target,6142,0.05381158061661658,114139
20260627,bottleneck_ae_q8,0,route_slot_offset_3,6144,0.059786892424463584,102765
20260627,bottleneck_ae_q8,0,slot_offset_0,6189,0.06022478470296307,102765
20260627,bottleneck_ae_q8,0,slot_offset_1,3072,0.029893446212231792,102765
20260627,bottleneck_ae_q8,0,slot_offset_2,6144,0.059786892424463584,102765
20260627,bottleneck_ae_q8,0,nuisance,3072,0.029893446212231792,102765
20260627,bottleneck_ae_q8,0,neutral,72000,0.7006276455991826,102765
20260627,bottleneck_ae_q8,0,target,6144,0.059786892424463584,102765
20260627,bottleneck_ae_q8,1,slot_offset_0,3027,0.029162130656364704,103799
20260627,bottleneck_ae_q8,1,slot_offset_1,6144,0.05919132168903361,103799
20260627,bottleneck_ae_q8,1,nuisance,3072,0.029595660844516807,103799
20260627,bottleneck_ae_q8,1,neutral,88484,0.8524552259655681,103799
20260627,bottleneck_ae_q8,1,target,3072,0.029595660844516807,103799
20260627,bottleneck_ae_q8,2,route_slot_offset_3,3072,0.03347426230222726,91772
20260627,bottleneck_ae_q8,2,slot_offset_0,3072,0.03347426230222726,91772
20260627,bottleneck_ae_q8,2,slot_offset_1,3072,0.03347426230222726,91772
20260627,bottleneck_ae_q8,2,slot_offset_2,3072,0.03347426230222726,91772
20260627,bottleneck_ae_q8,2,neutral,79484,0.866102950791091,91772
20260627,bottleneck_ae_q8,3,route_slot_offset_3,3072,0.03237774030354131,94880
20260627,bottleneck_ae_q8,3,slot_offset_2,3072,0.03237774030354131,94880
20260627,bottleneck_ae_q8,3,nuisance,6144,0.06475548060708262,94880
20260627,bottleneck_ae_q8,3,neutral,79520,0.8381112984822934,94880
20260627,bottleneck_ae_q8,3,target,3072,0.03237774030354131,94880
20260627,bottleneck_ae_q16,0,route_slot_offset_3,6144,0.05559476627395624,110514
20260627,bottleneck_ae_q16,0,slot_offset_1,3072,0.02779738313697812,110514
20260627,bottleneck_ae_q16,0,nuisance,6144,0.05559476627395624,110514
20260627,bottleneck_ae_q16,0,neutral,92082,0.8332157011781313,110514
20260627,bottleneck_ae_q16,0,target,3072,0.02779738313697812,110514
20260627,bottleneck_ae_q16,1,route_slot_offset_3,3072,0.032607311170551524,94212
20260627,bottleneck_ae_q16,1,slot_offset_0,6144,0.06521462234110305,94212
20260627,bottleneck_ae_q16,1,slot_offset_1,3072,0.032607311170551524,94212
20260627,bottleneck_ae_q16,1,slot_offset_2,9208,0.0977370186388146,94212
20260627,bottleneck_ae_q16,1,neutral,72716,0.7718337366789794,94212
20260627,bottleneck_ae_q16,2,route_slot_offset_3,3072,0.033430548905236585,91892
20260627,bottleneck_ae_q16,2,slot_offset_0,3072,0.033430548905236585,91892
20260627,bottleneck_ae_q16,2,slot_offset_2,8,8.705872110738693e-05,91892
20260627,bottleneck_ae_q16,2,nuisance,3072,0.033430548905236585,91892
20260627,bottleneck_ae_q16,2,neutral,82668,0.8996212945631828,91892
20260627,bottleneck_ae_q16,3,slot_offset_0,3072,0.03180190066046916,96598
20260627,bottleneck_ae_q16,3,slot_offset_1,6144,0.06360380132093832,96598
20260627,bottleneck_ae_q16,3,slot_offset_2,3072,0.03180190066046916,96598
20260627,bottleneck_ae_q16,3,nuisance,3072,0.03180190066046916,96598
20260627,bottleneck_ae_q16,3,neutral,72022,0.7455847947162467,96598
20260627,bottleneck_ae_q16,3,target,9216,0.09540570198140748,96598
20260627,bottleneck_ae_q32,0,slot_offset_0,12288,0.13841890643656926,88774
20260627,bottleneck_ae_q32,0,slot_offset_1,6144,0.06920945321828463,88774
20260627,bottleneck_ae_q32,0,slot_offset_2,3072,0.034604726609142315,88774
20260627,bottleneck_ae_q32,0,neutral,64198,0.7231621871268614,88774
20260627,bottleneck_ae_q32,0,target,3072,0.034604726609142315,88774
20260627,bottleneck_ae_q32,1,route_slot_offset_3,6144,0.07213807678760127,85170
20260627,bottleneck_ae_q32,1,slot_offset_1,3072,0.036069038393800636,85170
20260627,bottleneck_ae_q32,1,slot_offset_2,6144,0.07213807678760127,85170
20260627,bottleneck_ae_q32,1,nuisance,6144,0.07213807678760127,85170
20260627,bottleneck_ae_q32,1,neutral,60594,0.711447692849595,85170
20260627,bottleneck_ae_q32,1,target,3072,0.036069038393800636,85170
20260627,bottleneck_ae_q32,2,route_slot_offset_3,3072,0.03374600419628047,91033
20260627,bottleneck_ae_q32,2,slot_offset_2,3072,0.03374600419628047,91033
20260627,bottleneck_ae_q32,2,nuisance,6144,0.06749200839256093,91033
20260627,bottleneck_ae_q32,2,neutral,75673,0.8312699790185977,91033
20260627,bottleneck_ae_q32,2,target,3072,0.03374600419628047,91033
20260627,bottleneck_ae_q32,3,route_slot_offset_3,3072,0.023955271017397202,128239
20260627,bottleneck_ae_q32,3,slot_offset_1,3072,0.023955271017397202,128239
20260627,bottleneck_ae_q32,3,neutral,119023,0.9281341869478084,128239
20260627,bottleneck_ae_q32,3,target,3072,0.023955271017397202,128239
20260627,sae_l1_4x,0,slot_offset_1,9216,0.11269258987527513,81780
20260627,sae_l1_4x,0,slot_offset_2,6144,0.07512839325018342,81780
20260627,sae_l1_4x,0,nuisance,6144,0.07512839325018342,81780
20260627,sae_l1_4x,0,neutral,54132,0.6619222303741746,81780
20260627,sae_l1_4x,0,target,6144,0.07512839325018342,81780
20260627,sae_l1_4x,1,slot_offset_0,6144,0.6666666666666666,9216
20260627,sae_l1_4x,1,slot_offset_1,3072,0.3333333333333333,9216
20260627,sae_l1_4x,2,route_slot_offset_3,3072,0.0267934237495094,114655
20260627,sae_l1_4x,2,slot_offset_0,6144,0.0535868474990188,114655
20260627,sae_l1_4x,2,slot_offset_2,3072,0.0267934237495094,114655
20260627,sae_l1_4x,2,nuisance,3072,0.0267934237495094,114655
20260627,sae_l1_4x,2,neutral,96223,0.8392394575029436,114655
20260627,sae_l1_4x,2,target,3072,0.0267934237495094,114655
20260627,sae_l1_4x,3,route_slot_offset_3,9216,0.04913496654493109,187565
20260627,sae_l1_4x,3,slot_offset_2,3072,0.016378322181643697,187565
20260627,sae_l1_4x,3,nuisance,3072,0.016378322181643697,187565
20260627,sae_l1_4x,3,neutral,169133,0.9017300669101378,187565
20260627,sae_l1_4x,3,target,3072,0.016378322181643697,187565
20260627,sae_topk_4x,0,nuisance,3072,1.0,3072
20260627,sae_topk_4x,1,slot_offset_1,6144,0.454841575362748,13508
20260627,sae_topk_4x,1,neutral,1220,0.090316849274504,13508
20260627,sae_topk_4x,1,target,6144,0.454841575362748,13508
20260627,sae_topk_4x,2,route_slot_offset_3,12288,0.03289396194494116,373564
20260627,sae_topk_4x,2,slot_offset_0,12288,0.03289396194494116,373564
20260627,sae_topk_4x,2,slot_offset_1,6144,0.01644698097247058,373564
20260627,sae_topk_4x,2,slot_offset_2,9216,0.02467047145870587,373564
20260627,sae_topk_4x,2,nuisance,9216,0.02467047145870587,373564
20260627,sae_topk_4x,2,neutral,318268,0.8519771712477647,373564
20260627,sae_topk_4x,2,target,6144,0.01644698097247058,373564
20260627,sae_topk_4x,3,slot_offset_2,3072,1.0,3072
20260627,sae_l1_8x,0,slot_offset_0,6144,0.099146347367232,61969
20260627,sae_l1_8x,0,slot_offset_1,3072,0.049573173683616,61969
20260627,sae_l1_8x,0,nuisance,6144,0.099146347367232,61969
20260627,sae_l1_8x,0,neutral,43537,0.702560957898304,61969
20260627,sae_l1_8x,0,target,3072,0.049573173683616,61969
20260627,sae_l1_8x,1,route_slot_offset_3,9216,0.08121469548895371,113477
20260627,sae_l1_8x,1,slot_offset_0,3072,0.02707156516298457,113477
20260627,sae_l1_8x,1,slot_offset_1,3072,0.02707156516298457,113477
20260627,sae_l1_8x,1,slot_offset_2,3072,0.02707156516298457,113477
20260627,sae_l1_8x,1,nuisance,6144,0.05414313032596914,113477
20260627,sae_l1_8x,1,neutral,82757,0.7292843483701543,113477
20260627,sae_l1_8x,1,target,6144,0.05414313032596914,113477
20260627,sae_l1_8x,2,route_slot_offset_3,3072,0.027031069891858123,113647
20260627,sae_l1_8x,2,slot_offset_0,3072,0.027031069891858123,113647
20260627,sae_l1_8x,2,slot_offset_1,3072,0.027031069891858123,113647
20260627,sae_l1_8x,2,slot_offset_2,6144,0.05406213978371625,113647
20260627,sae_l1_8x,2,neutral,98287,0.8648446505407094,113647
20260627,sae_l1_8x,3,slot_offset_1,3072,0.029503567895661862,104123
20260627,sae_l1_8x,3,slot_offset_2,3072,0.029503567895661862,104123
20260627,sae_l1_8x,3,neutral,94907,0.9114892963130145,104123
20260627,sae_l1_8x,3,target,3072,0.029503567895661862,104123
20260627,sae_topk_8x,0,neutral,23280,1.0,23280
20260627,sae_topk_8x,1,route_slot_offset_3,12288,0.03544264366125278,346701
20260627,sae_topk_8x,1,slot_offset_0,12288,0.03544264366125278,346701
20260627,sae_topk_8x,1,slot_offset_1,12288,0.03544264366125278,346701
20260627,sae_topk_8x,1,slot_offset_2,9216,0.026581982745939585,346701
20260627,sae_topk_8x,1,nuisance,12288,0.03544264366125278,346701
20260627,sae_topk_8x,1,neutral,282189,0.8139261207784229,346701
20260627,sae_topk_8x,1,target,6144,0.01772132183062639,346701
20260627,sae_topk_8x,2,neutral,14019,1.0,14019
20260627,sae_topk_8x,3,slot_offset_2,3072,0.3333333333333333,9216
20260627,sae_topk_8x,3,target,6144,0.6666666666666666,9216
20260629,all_position,0,route_slot_offset_3,3072,0.03693106681734029,83182
20260629,all_position,0,slot_offset_0,6144,0.07386213363468058,83182
20260629,all_position,0,slot_offset_2,6144,0.07386213363468058,83182
20260629,all_position,0,nuisance,3094,0.03719554711355822,83182
20260629,all_position,0,neutral,64728,0.7781491187997404,83182
20260629,all_position,1,slot_offset_1,3072,0.028934727324102853,106170
20260629,all_position,1,slot_offset_2,3072,0.028934727324102853,106170
20260629,all_position,1,neutral,90810,0.8553263633794858,106170
20260629,all_position,1,target,9216,0.08680418197230856,106170
20260629,all_position,2,route_slot_offset_3,3072,0.030071360748651587,102157
20260629,all_position,2,slot_offset_0,3072,0.030071360748651587,102157
20260629,all_position,2,nuisance,9194,0.08999872744892665,102157
20260629,all_position,2,neutral,86819,0.8498585510537702,102157
20260629,all_position,3,route_slot_offset_3,6144,0.06040882141838812,101707
20260629,all_position,3,slot_offset_0,3072,0.03020441070919406,101707
20260629,all_position,3,slot_offset_1,9216,0.09061323212758217,101707
20260629,all_position,3,slot_offset_2,3072,0.03020441070919406,101707
20260629,all_position,3,neutral,77131,0.7583647143264476,101707
20260629,all_position,3,target,3072,0.03020441070919406,101707
20260629,route_only,0,route_slot_offset_3,3072,1.0,3072
20260629,route_only,1,route_slot_offset_3,3072,1.0,3072
20260629,route_only,2,route_slot_offset_3,3072,1.0,3072
20260629,route_only,3,route_slot_offset_3,3072,1.0,3072
20260629,slot_offset_3,0,route_slot_offset_3,3072,1.0,3072
20260629,slot_offset_3,1,route_slot_offset_3,3072,1.0,3072
20260629,slot_offset_3,2,route_slot_offset_3,3072,1.0,3072
20260629,slot_offset_3,3,route_slot_offset_3,3072,1.0,3072
20260629,selector_stability_top1_position,0,target,1024,1.0,1024
20260629,selector_stability_top1_position,1,neutral,8192,1.0,8192
20260629,selector_stability_top1_position,2,target,2048,1.0,2048
20260629,selector_stability_top1_position,3,target,1024,1.0,1024
20260629,selector_stability_top3_positions,0,slot_offset_2,3072,1.0,3072
20260629,selector_stability_top3_positions,1,slot_offset_1,1024,0.24800193751513683,4129
20260629,selector_stability_top3_positions,1,neutral,33,0.007992249939452653,4129
20260629,selector_stability_top3_positions,1,target,3072,0.7440058125454105,4129
20260629,selector_stability_top3_positions,2,slot_offset_2,1024,0.04013010933887212,25517
20260629,selector_stability_top3_positions,2,neutral,24493,0.9598698906611278,25517
20260629,selector_stability_top3_positions,3,slot_offset_1,3072,0.7409551374819102,4146
20260629,selector_stability_top3_positions,3,neutral,50,0.0120598166907863,4146
20260629,selector_stability_top3_positions,3,target,1024,0.24698504582730343,4146
20260629,selector_stability_threshold_positions,0,target,4096,1.0,4096
20260629,selector_stability_threshold_positions,1,slot_offset_1,4096,0.5712691771269177,7170
20260629,selector_stability_threshold_positions,1,slot_offset_2,1024,0.14281729428172943,7170
20260629,selector_stability_threshold_positions,1,neutral,2,0.0002789400278940028,7170
20260629,selector_stability_threshold_positions,1,target,2048,0.28563458856345886,7170
20260629,selector_stability_threshold_positions,2,slot_offset_1,4096,0.5582663213847622,7337
20260629,selector_stability_threshold_positions,2,nuisance,1024,0.13956658034619054,7337
20260629,selector_stability_threshold_positions,2,neutral,169,0.023033937576666212,7337
20260629,selector_stability_threshold_positions,2,target,2048,0.2791331606923811,7337
20260629,selector_stability_threshold_positions,3,slot_offset_2,3072,0.05572789115646259,55125
20260629,selector_stability_threshold_positions,3,nuisance,3072,0.05572789115646259,55125
20260629,selector_stability_threshold_positions,3,neutral,48981,0.8885442176870748,55125
20260629,pca_q4,0,route_slot_offset_3,3072,0.0292418257103422,105055
20260629,pca_q4,0,slot_offset_0,3072,0.0292418257103422,105055
20260629,pca_q4,0,slot_offset_1,6144,0.0584836514206844,105055
20260629,pca_q4,0,slot_offset_2,3072,0.0292418257103422,105055
20260629,pca_q4,0,nuisance,6144,0.0584836514206844,105055
20260629,pca_q4,0,neutral,83551,0.7953072200276046,105055
20260629,pca_q4,1,route_slot_offset_3,3072,0.029992677568952894,102425
20260629,pca_q4,1,slot_offset_0,119,0.001161825726141079,102425
20260629,pca_q4,1,slot_offset_1,3072,0.029992677568952894,102425
20260629,pca_q4,1,slot_offset_2,3072,0.029992677568952894,102425
20260629,pca_q4,1,nuisance,3072,0.029992677568952894,102425
20260629,pca_q4,1,neutral,86946,0.8488747864290944,102425
20260629,pca_q4,1,target,3072,0.029992677568952894,102425
20260629,pca_q4,2,route_slot_offset_3,3072,0.021798829164449175,140925
20260629,pca_q4,2,slot_offset_0,6025,0.04275323753769736,140925
20260629,pca_q4,2,slot_offset_2,6144,0.04359765832889835,140925
20260629,pca_q4,2,nuisance,3072,0.021798829164449175,140925
20260629,pca_q4,2,neutral,122612,0.870051445804506,140925
20260629,pca_q4,3,route_slot_offset_3,3072,0.06855459596973958,44811
20260629,pca_q4,3,slot_offset_0,3072,0.06855459596973958,44811
20260629,pca_q4,3,slot_offset_1,3072,0.06855459596973958,44811
20260629,pca_q4,3,neutral,26379,0.5886724241815625,44811
20260629,pca_q4,3,target,9216,0.20566378790921871,44811
20260629,pca_q8,0,route_slot_offset_3,3072,0.03081027410312215,99707
20260629,pca_q8,0,slot_offset_0,6144,0.0616205482062443,99707
20260629,pca_q8,0,slot_offset_1,9216,0.09243082230936644,99707
20260629,pca_q8,0,nuisance,3072,0.03081027410312215,99707
20260629,pca_q8,0,neutral,75131,0.7535178071750228,99707
20260629,pca_q8,0,target,3072,0.03081027410312215,99707
20260629,pca_q8,1,route_slot_offset_3,3072,0.03735408560311284,82240
20260629,pca_q8,1,slot_offset_0,3072,0.03735408560311284,82240
20260629,pca_q8,1,slot_offset_1,3072,0.03735408560311284,82240
20260629,pca_q8,1,slot_offset_2,6144,0.07470817120622568,82240
20260629,pca_q8,1,nuisance,3072,0.03735408560311284,82240
20260629,pca_q8,1,neutral,63808,0.775875486381323,82240
20260629,pca_q8,2,route_slot_offset_3,3072,0.023016925532154016,133467
20260629,pca_q8,2,slot_offset_0,3072,0.023016925532154016,133467
20260629,pca_q8,2,slot_offset_2,3072,0.023016925532154016,133467
20260629,pca_q8,2,neutral,124251,0.9309492234035379,133467
20260629,pca_q8,3,route_slot_offset_3,3072,0.039484846147913935,77802
20260629,pca_q8,3,slot_offset_2,3072,0.039484846147913935,77802
20260629,pca_q8,3,nuisance,6144,0.07896969229582787,77802
20260629,pca_q8,3,neutral,56298,0.7236060769646024,77802
20260629,pca_q8,3,target,9216,0.1184545384437418,77802
20260629,pca_q16,0,route_slot_offset_3,3072,0.04748141393220915,64699
20260629,pca_q16,0,slot_offset_2,6144,0.0949628278644183,64699
20260629,pca_q16,0,nuisance,6144,0.0949628278644183,64699
20260629,pca_q16,0,neutral,46267,0.7151115164067451,64699
20260629,pca_q16,0,target,3072,0.04748141393220915,64699
20260629,pca_q16,1,route_slot_offset_3,3072,0.024217579818683485,126850
20260629,pca_q16,1,slot_offset_0,3072,0.024217579818683485,126850
20260629,pca_q16,1,slot_offset_2,3072,0.024217579818683485,126850
20260629,pca_q16,1,nuisance,3072,0.024217579818683485,126850
20260629,pca_q16,1,neutral,105346,0.8304769412692156,126850
20260629,pca_q16,1,target,9216,0.07265273945605046,126850
20260629,pca_q16,2,route_slot_offset_3,3072,0.023629678630217067,130006
20260629,pca_q16,2,slot_offset_0,6144,0.047259357260434134,130006
20260629,pca_q16,2,slot_offset_1,3072,0.023629678630217067,130006
20260629,pca_q16,2,slot_offset_2,3072,0.023629678630217067,130006
20260629,pca_q16,2,neutral,114646,0.8818516068489146,130006
20260629,pca_q16,3,route_slot_offset_3,3072,0.042868505881860426,71661
20260629,pca_q16,3,slot_offset_0,3072,0.042868505881860426,71661
20260629,pca_q16,3,slot_offset_1,9216,0.12860551764558129,71661
20260629,pca_q16,3,nuisance,3072,0.042868505881860426,71661
20260629,pca_q16,3,neutral,53229,0.7427889647088375,71661
20260629,pca_q32,0,slot_offset_0,3072,0.03795919880388983,80929
20260629,pca_q32,0,slot_offset_1,3072,0.03795919880388983,80929
20260629,pca_q32,0,slot_offset_2,6144,0.07591839760777966,80929
20260629,pca_q32,0,nuisance,9216,0.11387759641166949,80929
20260629,pca_q32,0,neutral,59425,0.7342856083727712,80929
20260629,pca_q32,1,route_slot_offset_3,6144,0.07305154271446407,84105
20260629,pca_q32,1,slot_offset_0,3072,0.036525771357232034,84105
20260629,pca_q32,1,slot_offset_1,3072,0.036525771357232034,84105
20260629,pca_q32,1,neutral,65673,0.7808453718566079,84105
20260629,pca_q32,1,target,6144,0.07305154271446407,84105
20260629,pca_q32,2,route_slot_offset_3,3072,0.027560715214914367,111463
20260629,pca_q32,2,slot_offset_0,3072,0.027560715214914367,111463
20260629,pca_q32,2,slot_offset_1,6144,0.055121430429828734,111463
20260629,pca_q32,2,neutral,93031,0.8346357087105138,111463
20260629,pca_q32,2,target,6144,0.055121430429828734,111463
20260629,pca_q32,3,route_slot_offset_3,3072,0.026319622340835683,116719
20260629,pca_q32,3,slot_offset_0,3072,0.026319622340835683,116719
20260629,pca_q32,3,slot_offset_2,6144,0.05263924468167137,116719
20260629,pca_q32,3,nuisance,3072,0.026319622340835683,116719
20260629,pca_q32,3,neutral,101359,0.8684018882958215,116719
20260629,bottleneck_ae_q4,0,route_slot_offset_3,3010,0.0282446114723794,106569
20260629,bottleneck_ae_q4,0,slot_offset_0,6138,0.05759648678321088,106569
20260629,bottleneck_ae_q4,0,slot_offset_1,3072,0.028826394167159305,106569
20260629,bottleneck_ae_q4,0,slot_offset_2,3111,0.02919235424935957,106569
20260629,bottleneck_ae_q4,0,nuisance,3072,0.028826394167159305,106569
20260629,bottleneck_ae_q4,0,neutral,85094,0.7984873649935722,106569
20260629,bottleneck_ae_q4,0,target,3072,0.028826394167159305,106569
20260629,bottleneck_ae_q4,1,route_slot_offset_3,3134,0.039106563513850764,80140
20260629,bottleneck_ae_q4,1,slot_offset_0,1,1.2478163214374844e-05,80140
20260629,bottleneck_ae_q4,1,slot_offset_1,3071,0.03832043923134515,80140
20260629,bottleneck_ae_q4,1,slot_offset_2,3033,0.0378462690291989,80140
20260629,bottleneck_ae_q4,1,neutral,67829,0.8463813326678313,80140
20260629,bottleneck_ae_q4,1,target,3072,0.03833291739455952,80140
20260629,bottleneck_ae_q4,2,route_slot_offset_3,200,0.0021432781439211274,93315
20260629,bottleneck_ae_q4,2,slot_offset_0,3071,0.03291003589990891,93315
20260629,bottleneck_ae_q4,2,slot_offset_1,3072,0.03292075229062852,93315
20260629,bottleneck_ae_q4,2,slot_offset_2,3072,0.03292075229062852,93315
20260629,bottleneck_ae_q4,2,nuisance,5895,0.06317312329207522,93315
20260629,bottleneck_ae_q4,2,neutral,77983,0.8356962974870064,93315
20260629,bottleneck_ae_q4,2,target,22,0.000235760595831324,93315
20260629,bottleneck_ae_q4,3,route_slot_offset_3,5944,0.052512545056187715,113192
20260629,bottleneck_ae_q4,3,slot_offset_0,3078,0.02719273446886706,113192
20260629,bottleneck_ae_q4,3,slot_offset_1,3073,0.02714856173581172,113192
20260629,bottleneck_ae_q4,3,slot_offset_2,3072,0.02713972718920065,113192
20260629,bottleneck_ae_q4,3,nuisance,3321,0.02933952929535656,113192
20260629,bottleneck_ae_q4,3,neutral,88582,0.7825818079016185,113192
20260629,bottleneck_ae_q4,3,target,6122,0.05408509435295781,113192
20260629,bottleneck_ae_q8,0,route_slot_offset_3,3072,0.03250174569923189,94518
20260629,bottleneck_ae_q8,0,slot_offset_0,6070,0.06422057174294843,94518
20260629,bottleneck_ae_q8,0,nuisance,6144,0.06500349139846379,94518
20260629,bottleneck_ae_q8,0,neutral,70016,0.7407689540616602,94518
20260629,bottleneck_ae_q8,0,target,9216,0.09750523709769568,94518
20260629,bottleneck_ae_q8,1,route_slot_offset_3,3072,0.031348538190724015,97995
20260629,bottleneck_ae_q8,1,slot_offset_0,3142,0.03206286035001786,97995
20260629,bottleneck_ae_q8,1,slot_offset_1,3072,0.031348538190724015,97995
20260629,bottleneck_ae_q8,1,slot_offset_2,3072,0.031348538190724015,97995
20260629,bottleneck_ae_q8,1,neutral,85637,0.8738915250778101,97995
20260629,bottleneck_ae_q8,2,route_slot_offset_3,3072,0.029790246409557703,103121
20260629,bottleneck_ae_q8,2,slot_offset_0,4,3.878938334577826e-05,103121
20260629,bottleneck_ae_q8,2,slot_offset_2,6144,0.059580492819115406,103121
20260629,bottleneck_ae_q8,2,neutral,93901,0.9105904713879811,103121
20260629,bottleneck_ae_q8,3,route_slot_offset_3,3072,0.03148121579799553,97582
20260629,bottleneck_ae_q8,3,slot_offset_0,3072,0.03148121579799553,97582
20260629,bottleneck_ae_q8,3,slot_offset_1,9216,0.0944436473939866,97582
20260629,bottleneck_ae_q8,3,slot_offset_2,3072,0.03148121579799553,97582
20260629,bottleneck_ae_q8,3,nuisance,6144,0.06296243159599106,97582
20260629,bottleneck_ae_q8,3,neutral,69934,0.7166690578180402,97582
20260629,bottleneck_ae_q8,3,target,3072,0.03148121579799553,97582
20260629,bottleneck_ae_q16,0,slot_offset_0,3072,0.03606649760495914,85176
20260629,bottleneck_ae_q16,0,slot_offset_2,3072,0.03606649760495914,85176
20260629,bottleneck_ae_q16,0,neutral,75960,0.8918005071851226,85176
20260629,bottleneck_ae_q16,0,target,3072,0.03606649760495914,85176
20260629,bottleneck_ae_q16,1,route_slot_offset_3,3072,0.031051317558347568,98933
20260629,bottleneck_ae_q16,1,slot_offset_0,3072,0.031051317558347568,98933
20260629,bottleneck_ae_q16,1,slot_offset_1,6152,0.062183497922836665,98933
20260629,bottleneck_ae_q16,1,slot_offset_2,6143,0.06209252726592745,98933
20260629,bottleneck_ae_q16,1,nuisance,3072,0.031051317558347568,98933
20260629,bottleneck_ae_q16,1,neutral,71278,0.7204673870194981,98933
20260629,bottleneck_ae_q16,1,target,6144,0.062102635116695136,98933
20260629,bottleneck_ae_q16,2,route_slot_offset_3,6144,0.05352895564519642,114779
20260629,bottleneck_ae_q16,2,slot_offset_0,6144,0.05352895564519642,114779
20260629,bottleneck_ae_q16,2,slot_offset_1,3072,0.02676447782259821,114779
20260629,bottleneck_ae_q16,2,nuisance,3072,0.02676447782259821,114779
20260629,bottleneck_ae_q16,2,neutral,96347,0.8394131330644108,114779
20260629,bottleneck_ae_q16,3,route_slot_offset_3,3072,0.03256721228055296,94328
20260629,bottleneck_ae_q16,3,slot_offset_1,3064,0.03248240183190569,94328
20260629,bottleneck_ae_q16,3,slot_offset_2,3073,0.03257781358663387,94328
20260629,bottleneck_ae_q16,3,nuisance,6144,0.06513442456110592,94328
20260629,bottleneck_ae_q16,3,neutral,75903,0.8046709354592486,94328
20260629,bottleneck_ae_q16,3,target,3072,0.03256721228055296,94328
20260629,bottleneck_ae_q32,0,route_slot_offset_3,3072,0.028400003697917148,108169
20260629,bottleneck_ae_q32,0,slot_offset_0,3068,0.028363024526435486,108169
20260629,bottleneck_ae_q32,0,slot_offset_1,3072,0.028400003697917148,108169
20260629,bottleneck_ae_q32,0,slot_offset_2,3072,0.028400003697917148,108169
20260629,bottleneck_ae_q32,0,neutral,89739,0.829618467398238,108169
20260629,bottleneck_ae_q32,0,target,6146,0.05681849698157513,108169
20260629,bottleneck_ae_q32,1,slot_offset_0,3076,0.03319233425414365,92672
20260629,bottleneck_ae_q32,1,slot_offset_1,6144,0.06629834254143646,92672
20260629,bottleneck_ae_q32,1,slot_offset_2,6144,0.06629834254143646,92672
20260629,bottleneck_ae_q32,1,nuisance,6144,0.06629834254143646,92672
20260629,bottleneck_ae_q32,1,neutral,68092,0.7347634668508287,92672
20260629,bottleneck_ae_q32,1,target,3072,0.03314917127071823,92672
20260629,bottleneck_ae_q32,2,route_slot_offset_3,3072,0.041280335402725146,74418
20260629,bottleneck_ae_q32,2,slot_offset_1,3072,0.041280335402725146,74418
20260629,bottleneck_ae_q32,2,neutral,68274,0.9174393291945497,74418
20260629,bottleneck_ae_q32,3,route_slot_offset_3,6144,0.05208677738497927,117957
20260629,bottleneck_ae_q32,3,slot_offset_0,6144,0.05208677738497927,117957
20260629,bottleneck_ae_q32,3,slot_offset_2,3072,0.026043388692489636,117957
20260629,bottleneck_ae_q32,3,nuisance,6144,0.05208677738497927,117957
20260629,bottleneck_ae_q32,3,neutral,93383,0.7916698457912629,117957
20260629,bottleneck_ae_q32,3,target,3070,0.02602643336130963,117957
20260629,sae_l1_4x,0,route_slot_offset_3,3072,0.03213321897031443,95602
20260629,sae_l1_4x,0,slot_offset_1,3072,0.03213321897031443,95602
20260629,sae_l1_4x,0,nuisance,3072,0.03213321897031443,95602
20260629,sae_l1_4x,0,neutral,83314,0.8714671241187423,95602
20260629,sae_l1_4x,0,target,3072,0.03213321897031443,95602
20260629,sae_l1_4x,1,route_slot_offset_3,3072,0.03504888817898664,87649
20260629,sae_l1_4x,1,slot_offset_0,6144,0.07009777635797328,87649
20260629,sae_l1_4x,1,slot_offset_1,6144,0.07009777635797328,87649
20260629,sae_l1_4x,1,slot_offset_2,6144,0.07009777635797328,87649
20260629,sae_l1_4x,1,nuisance,3072,0.03504888817898664,87649
20260629,sae_l1_4x,1,neutral,63073,0.7196088945681068,87649
20260629,sae_l1_4x,2,route_slot_offset_3,6144,0.06144491559324746,99992
20260629,sae_l1_4x,2,slot_offset_0,6144,0.06144491559324746,99992
20260629,sae_l1_4x,2,slot_offset_1,3072,0.03072245779662373,99992
20260629,sae_l1_4x,2,slot_offset_2,3072,0.03072245779662373,99992
20260629,sae_l1_4x,2,nuisance,6144,0.06144491559324746,99992
20260629,sae_l1_4x,2,neutral,66200,0.662052964237139,99992
20260629,sae_l1_4x,2,target,9216,0.09216737338987119,99992
20260629,sae_l1_4x,3,slot_offset_2,3072,0.02793412928627936,109973
20260629,sae_l1_4x,3,neutral,106901,0.9720658707137206,109973
20260629,sae_topk_4x,0,route_slot_offset_3,3072,1.0,3072
20260629,sae_topk_4x,1,nuisance,3072,0.5,6144
20260629,sae_topk_4x,1,target,3072,0.5,6144
20260629,sae_topk_4x,2,route_slot_offset_3,9216,0.025132260703572402,366700
20260629,sae_topk_4x,2,slot_offset_0,9216,0.025132260703572402,366700
20260629,sae_topk_4x,2,slot_offset_1,12288,0.03350968093809654,366700
20260629,sae_topk_4x,2,slot_offset_2,12288,0.03350968093809654,366700
20260629,sae_topk_4x,2,nuisance,9216,0.025132260703572402,366700
20260629,sae_topk_4x,2,neutral,305260,0.8324515953095173,366700
20260629,sae_topk_4x,2,target,9216,0.025132260703572402,366700
20260629,sae_topk_4x,3,slot_offset_0,3072,0.1775722543352601,17300
20260629,sae_topk_4x,3,neutral,14228,0.8224277456647399,17300
20260629,sae_l1_8x,0,slot_offset_0,6144,0.055047351115013486,111613
20260629,sae_l1_8x,0,slot_offset_2,3072,0.027523675557506743,111613
20260629,sae_l1_8x,0,nuisance,3072,0.027523675557506743,111613
20260629,sae_l1_8x,0,neutral,99325,0.8899052977699731,111613
20260629,sae_l1_8x,1,route_slot_offset_3,3072,0.036727081440390226,83644
20260629,sae_l1_8x,1,slot_offset_0,3072,0.036727081440390226,83644
20260629,sae_l1_8x,1,slot_offset_1,6144,0.07345416288078045,83644
20260629,sae_l1_8x,1,nuisance,6144,0.07345416288078045,83644
20260629,sae_l1_8x,1,neutral,59068,0.7061833484768782,83644
20260629,sae_l1_8x,1,target,6144,0.07345416288078045,83644
20260629,sae_l1_8x,2,route_slot_offset_3,6144,0.056408373117884686,108920
20260629,sae_l1_8x,2,slot_offset_1,3072,0.028204186558942343,108920
20260629,sae_l1_8x,2,slot_offset_2,3072,0.028204186558942343,108920
20260629,sae_l1_8x,2,neutral,90488,0.830774880646346,108920
20260629,sae_l1_8x,2,target,6144,0.056408373117884686,108920
20260629,sae_l1_8x,3,route_slot_offset_3,3072,0.034501735194689964,89039
20260629,sae_l1_8x,3,slot_offset_0,3072,0.034501735194689964,89039
20260629,sae_l1_8x,3,slot_offset_1,3072,0.034501735194689964,89039
20260629,sae_l1_8x,3,slot_offset_2,6144,0.06900347038937993,89039
20260629,sae_l1_8x,3,nuisance,3072,0.034501735194689964,89039
20260629,sae_l1_8x,3,neutral,70607,0.7929895888318602,89039
20260629,sae_topk_8x,0,route_slot_offset_3,12288,0.03318883442045132,370245
20260629,sae_topk_8x,0,slot_offset_0,9216,0.02489162581533849,370245
20260629,sae_topk_8x,0,slot_offset_1,9216,0.02489162581533849,370245
20260629,sae_topk_8x,0,slot_offset_2,12288,0.03318883442045132,370245
20260629,sae_topk_8x,0,nuisance,12288,0.03318883442045132,370245
20260629,sae_topk_8x,0,neutral,305733,0.8257586192926305,370245
20260629,sae_topk_8x,0,target,9216,0.02489162581533849,370245
20260629,sae_topk_8x,1,slot_offset_0,3072,0.5,6144
20260629,sae_topk_8x,1,target,3072,0.5,6144
20260629,sae_topk_8x,2,slot_offset_1,3072,1.0,3072
20260629,sae_topk_8x,3,neutral,13755,1.0,13755
20260624,all_position,0,slot_offset_0,3072,0.031100042519589383,98778
20260624,all_position,0,slot_offset_1,6144,0.06220008503917877,98778
20260624,all_position,0,slot_offset_2,3072,0.031100042519589383,98778
20260624,all_position,0,nuisance,6144,0.06220008503917877,98778
20260624,all_position,0,neutral,77274,0.7822997023628743,98778
20260624,all_position,0,target,3072,0.031100042519589383,98778
20260624,all_position,1,route_slot_offset_3,6144,0.0581080825467683,105734
20260624,all_position,1,slot_offset_0,3072,0.02905404127338415,105734
20260624,all_position,1,slot_offset_1,3072,0.02905404127338415,105734
20260624,all_position,1,nuisance,6144,0.0581080825467683,105734
20260624,all_position,1,neutral,81158,0.7675676698129268,105734
20260624,all_position,1,target,6144,0.0581080825467683,105734
20260624,all_position,2,slot_offset_0,6144,0.052632029811110634,116735
20260624,all_position,2,neutral,107519,0.9210519552833341,116735
20260624,all_position,2,target,3072,0.026316014905555317,116735
20260624,all_position,3,route_slot_offset_3,6144,0.08537008989981798,71969
20260624,all_position,3,slot_offset_1,3072,0.04268504494990899,71969
20260624,all_position,3,slot_offset_2,9216,0.12805513484972697,71969
20260624,all_position,3,neutral,53537,0.7438897303005461,71969
20260624,route_only,0,route_slot_offset_3,3072,1.0,3072
20260624,route_only,1,route_slot_offset_3,3072,1.0,3072
20260624,route_only,2,route_slot_offset_3,3072,1.0,3072
20260624,route_only,3,route_slot_offset_3,3072,1.0,3072
20260624,slot_offset_3,0,route_slot_offset_3,3072,1.0,3072
20260624,slot_offset_3,1,route_slot_offset_3,3072,1.0,3072
20260624,slot_offset_3,2,route_slot_offset_3,3072,1.0,3072
20260624,slot_offset_3,3,route_slot_offset_3,3072,1.0,3072
20260624,selector_stability_top1_position,0,target,1024,1.0,1024
20260624,selector_stability_top1_position,1,target,2048,1.0,2048
20260624,selector_stability_top1_position,2,neutral,8192,1.0,8192
20260624,selector_stability_top1_position,3,target,1024,1.0,1024
20260624,selector_stability_top3_positions,0,slot_offset_0,1024,0.04008455335473264,25546
20260624,selector_stability_top3_positions,0,neutral,24522,0.9599154466452674,25546
20260624,selector_stability_top3_positions,1,slot_offset_0,3072,0.5937379203710862,5174
20260624,selector_stability_top3_positions,1,neutral,54,0.010436799381522999,5174
20260624,selector_stability_top3_positions,1,target,2048,0.3958252802473908,5174
20260624,selector_stability_top3_positions,2,target,2048,1.0,2048
20260624,selector_stability_top3_positions,3,target,4096,1.0,4096
20260624,selector_stability_threshold_positions,0,nuisance,4096,0.6666666666666666,6144
20260624,selector_stability_threshold_positions,0,target,2048,0.3333333333333333,6144
20260624,selector_stability_threshold_positions,1,route_slot_offset_3,2048,0.3273134089819402,6257
20260624,selector_stability_threshold_positions,1,neutral,113,0.01805977305417932,6257
20260624,selector_stability_threshold_positions,1,target,4096,0.6546268179638804,6257
20260624,selector_stability_threshold_positions,2,route_slot_offset_3,2048,0.036437391025869126,56206
20260624,selector_stability_threshold_positions,2,slot_offset_0,3072,0.05465608653880369,56206
20260624,selector_stability_threshold_positions,2,nuisance,2048,0.036437391025869126,56206
20260624,selector_stability_threshold_positions,2,neutral,49038,0.872469131409458,56206
20260624,selector_stability_threshold_positions,3,slot_offset_0,1024,0.19996094512790472,5121
20260624,selector_stability_threshold_positions,3,nuisance,2048,0.39992189025580943,5121
20260624,selector_stability_threshold_positions,3,neutral,1,0.00019527436047646945,5121
20260624,selector_stability_threshold_positions,3,target,2048,0.39992189025580943,5121
20260624,pca_q4,0,slot_offset_0,6144,0.07895548473321681,77816
20260624,pca_q4,0,slot_offset_1,3072,0.039477742366608407,77816
20260624,pca_q4,0,slot_offset_2,3072,0.039477742366608407,77816
20260624,pca_q4,0,nuisance,3072,0.039477742366608407,77816
20260624,pca_q4,0,neutral,59384,0.7631335458003495,77816
20260624,pca_q4,0,target,3072,0.039477742366608407,77816
20260624,pca_q4,1,route_slot_offset_3,3072,0.023688715473234527,129682
20260624,pca_q4,1,slot_offset_1,3072,0.023688715473234527,129682
20260624,pca_q4,1,slot_offset_2,3072,0.023688715473234527,129682
20260624,pca_q4,1,neutral,117394,0.9052451381070619,129682
20260624,pca_q4,1,target,3072,0.023688715473234527,129682
20260624,pca_q4,2,route_slot_offset_3,6144,0.0666529252866705,92179
20260624,pca_q4,2,slot_offset_0,6144,0.0666529252866705,92179
20260624,pca_q4,2,slot_offset_1,3072,0.03332646264333525,92179
20260624,pca_q4,2,nuisance,6144,0.0666529252866705,92179
20260624,pca_q4,2,neutral,64531,0.7000618362099827,92179
20260624,pca_q4,2,target,6144,0.0666529252866705,92179
20260624,pca_q4,3,route_slot_offset_3,3072,0.03284191620607447,93539
20260624,pca_q4,3,slot_offset_1,3072,0.03284191620607447,93539
20260624,pca_q4,3,slot_offset_2,6144,0.06568383241214894,93539
20260624,pca_q4,3,nuisance,3072,0.03284191620607447,93539
20260624,pca_q4,3,neutral,78179,0.8357904189696277,93539
20260624,pca_q8,0,slot_offset_0,3072,0.03238798102266737,94850
20260624,pca_q8,0,slot_offset_2,6144,0.06477596204533474,94850
20260624,pca_q8,0,nuisance,6144,0.06477596204533474,94850
20260624,pca_q8,0,neutral,70274,0.7408961518186611,94850
20260624,pca_q8,0,target,9216,0.0971639430680021,94850
20260624,pca_q8,1,route_slot_offset_3,6144,0.07222117735565169,85072
20260624,pca_q8,1,slot_offset_1,3072,0.03611058867782584,85072
20260624,pca_q8,1,slot_offset_2,3072,0.03611058867782584,85072
20260624,pca_q8,1,nuisance,3072,0.03611058867782584,85072
20260624,pca_q8,1,neutral,69712,0.8194470566108708,85072
20260624,pca_q8,2,route_slot_offset_3,3072,0.028283646675382548,108614
20260624,pca_q8,2,slot_offset_1,3072,0.028283646675382548,108614
20260624,pca_q8,2,slot_offset_2,3072,0.028283646675382548,108614
20260624,pca_q8,2,neutral,99398,0.9151490599738523,108614
20260624,pca_q8,3,route_slot_offset_3,3072,0.02934658005349637,104680
20260624,pca_q8,3,slot_offset_0,9216,0.08803974016048911,104680
20260624,pca_q8,3,slot_offset_1,6144,0.05869316010699274,104680
20260624,pca_q8,3,nuisance,3072,0.02934658005349637,104680
20260624,pca_q8,3,neutral,80104,0.765227359572029,104680
20260624,pca_q8,3,target,3072,0.02934658005349637,104680
20260624,pca_q16,0,route_slot_offset_3,3072,0.023829285509281165,128917
20260624,pca_q16,0,slot_offset_0,3072,0.023829285509281165,128917
20260624,pca_q16,0,slot_offset_1,3068,0.02379825779377429,128917
20260624,pca_q16,0,slot_offset_2,3072,0.023829285509281165,128917
20260624,pca_q16,0,neutral,110489,0.8570553146598199,128917
20260624,pca_q16,0,target,6144,0.04765857101856233,128917
20260624,pca_q16,1,route_slot_offset_3,6144,0.0929950959617364,66068
20260624,pca_q16,1,slot_offset_1,3072,0.0464975479808682,66068
20260624,pca_q16,1,slot_offset_2,6144,0.0929950959617364,66068
20260624,pca_q16,1,nuisance,3072,0.0464975479808682,66068
20260624,pca_q16,1,neutral,47636,0.7210147121147908,66068
20260624,pca_q16,2,slot_offset_0,9216,0.1132576316177555,81372
20260624,pca_q16,2,slot_offset_1,3072,0.03775254387258516,81372
20260624,pca_q16,2,nuisance,9216,0.1132576316177555,81372
20260624,pca_q16,2,neutral,56796,0.6979796490193186,81372
20260624,pca_q16,2,target,3072,0.03775254387258516,81372
20260624,pca_q16,3,route_slot_offset_3,3072,0.02628809077606346,116859
20260624,pca_q16,3,slot_offset_1,3076,0.026322320060928127,116859
20260624,pca_q16,3,slot_offset_2,3072,0.02628809077606346,116859
20260624,pca_q16,3,neutral,104567,0.8948134076108815,116859
20260624,pca_q16,3,target,3072,0.02628809077606346,116859
20260624,pca_q32,0,route_slot_offset_3,9216,0.11780646810686438,78230
20260624,pca_q32,0,slot_offset_1,3072,0.039268822702288125,78230
20260624,pca_q32,0,slot_offset_2,21,0.0002684392176914227,78230
20260624,pca_q32,0,neutral,62849,0.803387447270868,78230
20260624,pca_q32,0,target,3072,0.039268822702288125,78230
20260624,pca_q32,1,slot_offset_0,3072,0.0341124868136139,90055
20260624,pca_q32,1,slot_offset_2,3072,0.0341124868136139,90055
20260624,pca_q32,1,nuisance,12288,0.1364499472544556,90055
20260624,pca_q32,1,neutral,62407,0.6929876186774748,90055
20260624,pca_q32,1,target,9216,0.1023374604408417,90055
20260624,pca_q32,2,route_slot_offset_3,3072,0.019894440306964998,154415
20260624,pca_q32,2,slot_offset_2,6144,0.039788880613929996,154415
20260624,pca_q32,2,neutral,145199,0.940316679079105,154415
20260624,pca_q32,3,slot_offset_0,9216,0.1306937432639401,70516
20260624,pca_q32,3,slot_offset_1,9216,0.1306937432639401,70516
20260624,pca_q32,3,slot_offset_2,3051,0.04326677633444892,70516
20260624,pca_q32,3,neutral,49033,0.6953457371376709,70516
20260624,bottleneck_ae_q4,0,route_slot_offset_3,3072,0.027462409039709642,111862
20260624,bottleneck_ae_q4,0,slot_offset_0,3074,0.027480288212261537,111862
20260624,bottleneck_ae_q4,0,slot_offset_1,6108,0.054602992973485184,111862
20260624,bottleneck_ae_q4,0,slot_offset_2,6119,0.0547013284225206,111862
20260624,bottleneck_ae_q4,0,neutral,93489,0.835752981352023,111862
20260624,bottleneck_ae_q4,1,slot_offset_0,5907,0.07321063394683026,80685
20260624,bottleneck_ae_q4,1,slot_offset_2,3072,0.03807399144822458,80685
20260624,bottleneck_ae_q4,1,nuisance,6144,0.07614798289644915,80685
20260624,bottleneck_ae_q4,1,neutral,56185,0.6963500030984694,80685
20260624,bottleneck_ae_q4,1,target,9377,0.11621738861002665,80685
20260624,bottleneck_ae_q4,2,route_slot_offset_3,3072,0.02388709614711714,128605
20260624,bottleneck_ae_q4,2,slot_offset_0,236,0.0018350763967186347,128605
20260624,bottleneck_ae_q4,2,slot_offset_1,6180,0.04805411920220831,128605
20260624,bottleneck_ae_q4,2,neutral,116206,0.9035885074452782,128605
20260624,bottleneck_ae_q4,2,target,2911,0.022635200808677734,128605
20260624,bottleneck_ae_q4,3,route_slot_offset_3,6144,0.0852575488454707,72064
20260624,bottleneck_ae_q4,3,slot_offset_0,3071,0.04261489786856128,72064
20260624,bottleneck_ae_q4,3,slot_offset_2,3097,0.04297568827708703,72064
20260624,bottleneck_ae_q4,3,nuisance,6144,0.0852575488454707,72064
20260624,bottleneck_ae_q4,3,neutral,53608,0.7438943161634103,72064
20260624,bottleneck_ae_q8,0,slot_offset_0,54,0.0005216232141649681,103523
20260624,bottleneck_ae_q8,0,slot_offset_1,4,3.863875660481246e-05,103523
20260624,bottleneck_ae_q8,0,nuisance,9216,0.0890236952174879,103523
20260624,bottleneck_ae_q8,0,neutral,88105,0.8510669126667504,103523
20260624,bottleneck_ae_q8,0,target,6144,0.059349130144991935,103523
20260624,bottleneck_ae_q8,1,route_slot_offset_3,3072,0.025962830557034557,118323
20260624,bottleneck_ae_q8,1,slot_offset_0,3018,0.025506452676149184,118323
20260624,bottleneck_ae_q8,1,slot_offset_1,6143,0.0519172096718305,118323
20260624,bottleneck_ae_q8,1,slot_offset_2,6139,0.051883403902876025,118323
20260624,bottleneck_ae_q8,1,neutral,96879,0.8187672726350752,118323
20260624,bottleneck_ae_q8,1,target,3072,0.025962830557034557,118323
20260624,bottleneck_ae_q8,2,route_slot_offset_3,1,1.4200309566748556e-05,70421
20260624,bottleneck_ae_q8,2,slot_offset_0,6144,0.08724670197810312,70421
20260624,bottleneck_ae_q8,2,slot_offset_1,6141,0.08720410104940288,70421
20260624,bottleneck_ae_q8,2,slot_offset_2,5,7.100154783374277e-05,70421
20260624,bottleneck_ae_q8,2,nuisance,3072,0.04362335098905156,70421
20260624,bottleneck_ae_q8,2,neutral,55058,0.7818406441260419,70421
20260624,bottleneck_ae_q8,3,route_slot_offset_3,9215,0.0912837175207283,100949
20260624,bottleneck_ae_q8,3,slot_offset_0,3072,0.030431207837620978,100949
20260624,bottleneck_ae_q8,3,slot_offset_2,6144,0.060862415675241956,100949
20260624,bottleneck_ae_q8,3,neutral,79446,0.7869914511287878,100949
20260624,bottleneck_ae_q8,3,target,3072,0.030431207837620978,100949
20260624,bottleneck_ae_q16,0,slot_offset_0,23,0.00024706741717870495,93092
20260624,bottleneck_ae_q16,0,slot_offset_1,6144,0.06599922657156361,93092
20260624,bottleneck_ae_q16,0,slot_offset_2,3072,0.032999613285781805,93092
20260624,bottleneck_ae_q16,0,nuisance,3072,0.032999613285781805,93092
20260624,bottleneck_ae_q16,0,neutral,77709,0.8347548661539123,93092
20260624,bottleneck_ae_q16,0,target,3072,0.032999613285781805,93092
20260624,bottleneck_ae_q16,1,slot_offset_1,3072,0.0361628741951053,84949
20260624,bottleneck_ae_q16,1,slot_offset_2,6144,0.0723257483902106,84949
20260624,bottleneck_ae_q16,1,nuisance,3072,0.0361628741951053,84949
20260624,bottleneck_ae_q16,1,neutral,66517,0.7830227548293682,84949
20260624,bottleneck_ae_q16,1,target,6144,0.0723257483902106,84949
20260624,bottleneck_ae_q16,2,route_slot_offset_3,9216,0.08374375283961835,110050
20260624,bottleneck_ae_q16,2,slot_offset_0,3072,0.027914584279872784,110050
20260624,bottleneck_ae_q16,2,nuisance,6144,0.05582916855974557,110050
20260624,bottleneck_ae_q16,2,neutral,88546,0.8045979100408905,110050
20260624,bottleneck_ae_q16,2,target,3072,0.027914584279872784,110050
20260624,bottleneck_ae_q16,3,route_slot_offset_3,3072,0.029222354340071345,105125
20260624,bottleneck_ae_q16,3,slot_offset_0,9193,0.08744827586206896,105125
20260624,bottleneck_ae_q16,3,slot_offset_1,3072,0.029222354340071345,105125
20260624,bottleneck_ae_q16,3,slot_offset_2,3072,0.029222354340071345,105125
20260624,bottleneck_ae_q16,3,neutral,86716,0.824884661117717,105125
20260624,bottleneck_ae_q32,0,route_slot_offset_3,3072,0.03300705912690312,93071
20260624,bottleneck_ae_q32,0,slot_offset_2,6144,0.06601411825380624,93071
20260624,bottleneck_ae_q32,0,neutral,83855,0.9009788226192906,93071
20260624,bottleneck_ae_q32,1,slot_offset_0,6144,0.059462284420184655,103326
20260624,bottleneck_ae_q32,1,slot_offset_1,3072,0.029731142210092328,103326
20260624,bottleneck_ae_q32,1,nuisance,6144,0.059462284420184655,103326
20260624,bottleneck_ae_q32,1,neutral,84894,0.8216131467394461,103326
20260624,bottleneck_ae_q32,1,target,3072,0.029731142210092328,103326
20260624,bottleneck_ae_q32,2,slot_offset_0,3072,0.02870598788966136,107016
20260624,bottleneck_ae_q32,2,nuisance,3072,0.02870598788966136,107016
20260624,bottleneck_ae_q32,2,neutral,94728,0.8851760484413546,107016
20260624,bottleneck_ae_q32,2,target,6144,0.05741197577932272,107016
20260624,bottleneck_ae_q32,3,route_slot_offset_3,9216,0.10262463392091578,89803
20260624,bottleneck_ae_q32,3,slot_offset_0,3072,0.03420821130697193,89803
20260624,bottleneck_ae_q32,3,slot_offset_1,9216,0.10262463392091578,89803
20260624,bottleneck_ae_q32,3,slot_offset_2,6144,0.06841642261394386,89803
20260624,bottleneck_ae_q32,3,nuisance,3072,0.03420821130697193,89803
20260624,bottleneck_ae_q32,3,neutral,56011,0.6237096756233088,89803
20260624,bottleneck_ae_q32,3,target,3072,0.03420821130697193,89803
20260624,sae_l1_4x,0,route_slot_offset_3,6144,0.05336251595924855,115137
20260624,sae_l1_4x,0,slot_offset_1,3072,0.026681257979624274,115137
20260624,sae_l1_4x,0,slot_offset_2,3072,0.026681257979624274,115137
20260624,sae_l1_4x,0,nuisance,3072,0.026681257979624274,115137
20260624,sae_l1_4x,0,neutral,96705,0.8399124521222544,115137
20260624,sae_l1_4x,0,target,3072,0.026681257979624274,115137
20260624,sae_l1_4x,1,route_slot_offset_3,6144,0.06982691018195457,87989
20260624,sae_l1_4x,1,slot_offset_0,3072,0.034913455090977284,87989
20260624,sae_l1_4x,1,slot_offset_1,3072,0.034913455090977284,87989
20260624,sae_l1_4x,1,slot_offset_2,6144,0.06982691018195457,87989
20260624,sae_l1_4x,1,nuisance,3072,0.034913455090977284,87989
20260624,sae_l1_4x,1,neutral,66485,0.755605814363159,87989
20260624,sae_l1_4x,2,slot_offset_0,3072,0.035417411254712525,86737
20260624,sae_l1_4x,2,slot_offset_2,3072,0.035417411254712525,86737
20260624,sae_l1_4x,2,nuisance,3072,0.035417411254712525,86737
20260624,sae_l1_4x,2,neutral,74449,0.85833035498115,86737
20260624,sae_l1_4x,2,target,3072,0.035417411254712525,86737
20260624,sae_l1_4x,3,slot_offset_0,6144,0.05944675045717106,103353
20260624,sae_l1_4x,3,slot_offset_1,6144,0.05944675045717106,103353
20260624,sae_l1_4x,3,nuisance,3072,0.02972337522858553,103353
20260624,sae_l1_4x,3,neutral,81849,0.7919363733999013,103353
20260624,sae_l1_4x,3,target,6144,0.05944675045717106,103353
20260624,sae_topk_4x,0,route_slot_offset_3,9216,0.024,384000
20260624,sae_topk_4x,0,slot_offset_0,9216,0.024,384000
20260624,sae_topk_4x,0,slot_offset_1,12288,0.032,384000
20260624,sae_topk_4x,0,slot_offset_2,9216,0.024,384000
20260624,sae_topk_4x,0,nuisance,12288,0.032,384000
20260624,sae_topk_4x,0,neutral,319488,0.832,384000
20260624,sae_topk_4x,0,target,12288,0.032,384000
20260624,sae_topk_4x,1,slot_offset_2,3072,1.0,3072
20260624,sae_topk_4x,2,route_slot_offset_3,3072,1.0,3072
20260624,sae_topk_4x,3,slot_offset_0,3072,1.0,3072
20260624,sae_l1_8x,0,slot_offset_0,9216,0.07668943939154385,120173
20260624,sae_l1_8x,0,slot_offset_1,3072,0.02556314646384795,120173
20260624,sae_l1_8x,0,slot_offset_2,3072,0.02556314646384795,120173
20260624,sae_l1_8x,0,nuisance,9216,0.07668943939154385,120173
20260624,sae_l1_8x,0,neutral,92525,0.7699316818253684,120173
20260624,sae_l1_8x,0,target,3072,0.02556314646384795,120173
20260624,sae_l1_8x,1,route_slot_offset_3,6144,0.07435646080673855,82629
20260624,sae_l1_8x,1,slot_offset_0,3072,0.037178230403369275,82629
20260624,sae_l1_8x,1,slot_offset_1,6144,0.07435646080673855,82629
20260624,sae_l1_8x,1,slot_offset_2,3072,0.037178230403369275,82629
20260624,sae_l1_8x,1,nuisance,3072,0.037178230403369275,82629
20260624,sae_l1_8x,1,neutral,58053,0.7025741567730458,82629
20260624,sae_l1_8x,1,target,3072,0.037178230403369275,82629
20260624,sae_l1_8x,2,route_slot_offset_3,3072,0.022761793973163014,134963
20260624,sae_l1_8x,2,neutral,131891,0.977238206026837,134963
20260624,sae_l1_8x,3,route_slot_offset_3,3072,0.055400263295522174,55451
20260624,sae_l1_8x,3,slot_offset_1,3072,0.055400263295522174,55451
20260624,sae_l1_8x,3,slot_offset_2,6144,0.11080052659104435,55451
20260624,sae_l1_8x,3,neutral,37019,0.667598420226867,55451
20260624,sae_l1_8x,3,target,6144,0.11080052659104435,55451
20260624,sae_topk_8x,0,slot_offset_1,3072,0.13415432988340104,22899
20260624,sae_topk_8x,0,neutral,19827,0.865845670116599,22899
20260624,sae_topk_8x,1,route_slot_offset_3,3072,0.16394492475184116,18738
20260624,sae_topk_8x,1,neutral,15666,0.8360550752481588,18738
20260624,sae_topk_8x,2,route_slot_offset_3,9216,0.026679404229449824,345435
20260624,sae_topk_8x,2,slot_offset_0,12288,0.035572538972599765,345435
20260624,sae_topk_8x,2,slot_offset_1,9216,0.026679404229449824,345435
20260624,sae_topk_8x,2,slot_offset_2,12288,0.035572538972599765,345435
20260624,sae_topk_8x,2,nuisance,12288,0.035572538972599765,345435
20260624,sae_topk_8x,2,neutral,283995,0.8221373051370011,345435
20260624,sae_topk_8x,2,target,6144,0.017786269486299883,345435
20260624,sae_topk_8x,3,target,6144,1.0,6144
20260626,all_position,0,slot_offset_0,3072,0.0271073971780776,113327
20260626,all_position,0,nuisance,3072,0.0271073971780776,113327
20260626,all_position,0,neutral,101039,0.8915704112876897,113327
20260626,all_position,0,target,6144,0.0542147943561552,113327
20260626,all_position,1,route_slot_offset_3,3072,0.03342472907690299,91908
20260626,all_position,1,slot_offset_0,3072,0.03342472907690299,91908
20260626,all_position,1,slot_offset_2,9216,0.10027418723070897,91908
20260626,all_position,1,nuisance,3072,0.03342472907690299,91908
20260626,all_position,1,neutral,70404,0.7660268964616791,91908
20260626,all_position,1,target,3072,0.03342472907690299,91908
20260626,all_position,2,route_slot_offset_3,6144,0.06915570163096699,88843
20260626,all_position,2,slot_offset_0,3072,0.034577850815483493,88843
20260626,all_position,2,slot_offset_1,3072,0.034577850815483493,88843
20260626,all_position,2,slot_offset_2,3072,0.034577850815483493,88843
20260626,all_position,2,neutral,70411,0.792532895107099,88843
20260626,all_position,2,target,3072,0.034577850815483493,88843
20260626,all_position,3,route_slot_offset_3,3072,0.030987108878532954,99138
20260626,all_position,3,slot_offset_0,3072,0.030987108878532954,99138
20260626,all_position,3,slot_offset_1,9216,0.09296132663559886,99138
20260626,all_position,3,nuisance,6144,0.06197421775706591,99138
20260626,all_position,3,neutral,77634,0.7830902378502693,99138
20260626,route_only,0,route_slot_offset_3,3072,1.0,3072
20260626,route_only,1,route_slot_offset_3,3072,1.0,3072
20260626,route_only,2,route_slot_offset_3,3072,1.0,3072
20260626,route_only,3,route_slot_offset_3,3072,1.0,3072
20260626,slot_offset_3,0,route_slot_offset_3,3072,1.0,3072
20260626,slot_offset_3,1,route_slot_offset_3,3072,1.0,3072
20260626,slot_offset_3,2,route_slot_offset_3,3072,1.0,3072
20260626,slot_offset_3,3,route_slot_offset_3,3072,1.0,3072
20260626,selector_stability_top1_position,0,slot_offset_1,1024,1.0,1024
20260626,selector_stability_top1_position,1,neutral,8192,1.0,8192
20260626,selector_stability_top1_position,2,slot_offset_1,2048,1.0,2048
20260626,selector_stability_top1_position,3,slot_offset_1,1024,1.0,1024
20260626,selector_stability_top3_positions,0,slot_offset_1,2048,0.6666666666666666,3072
20260626,selector_stability_top3_positions,0,slot_offset_2,1024,0.3333333333333333,3072
20260626,selector_stability_top3_positions,1,slot_offset_2,2048,0.07692307692307693,26624
20260626,selector_stability_top3_positions,1,neutral,24576,0.9230769230769231,26624
20260626,selector_stability_top3_positions,2,slot_offset_1,4096,1.0,4096
20260626,selector_stability_top3_positions,3,slot_offset_1,2048,0.6666666666666666,3072
20260626,selector_stability_top3_positions,3,slot_offset_2,1024,0.3333333333333333,3072
20260626,selector_stability_threshold_positions,0,slot_offset_1,3072,0.6,5120
20260626,selector_stability_threshold_positions,0,slot_offset_2,2048,0.4,5120
20260626,selector_stability_threshold_positions,1,slot_offset_1,6144,1.0,6144
20260626,selector_stability_threshold_positions,2,slot_offset_2,2048,0.034482758620689655,59392
20260626,selector_stability_threshold_positions,2,nuisance,4096,0.06896551724137931,59392
20260626,selector_stability_threshold_positions,2,neutral,49152,0.8275862068965517,59392
20260626,selector_stability_threshold_positions,2,target,4096,0.06896551724137931,59392
20260626,selector_stability_threshold_positions,3,slot_offset_1,3072,1.0,3072
20260626,pca_q4,0,route_slot_offset_3,9216,0.11829489006122684,77907
20260626,pca_q4,0,slot_offset_1,3072,0.03943163002040895,77907
20260626,pca_q4,0,slot_offset_2,3072,0.03943163002040895,77907
20260626,pca_q4,0,neutral,59475,0.7634102198775463,77907
20260626,pca_q4,0,target,3072,0.03943163002040895,77907
20260626,pca_q4,1,slot_offset_0,6144,0.07582657632640971,81027
20260626,pca_q4,1,slot_offset_2,9216,0.11373986448961457,81027
20260626,pca_q4,1,nuisance,3072,0.037913288163204856,81027
20260626,pca_q4,1,neutral,56451,0.6966936946943612,81027
20260626,pca_q4,1,target,6144,0.07582657632640971,81027
20260626,pca_q4,2,slot_offset_0,3072,0.02358197268728554,130269
20260626,pca_q4,2,slot_offset_1,3072,0.02358197268728554,130269
20260626,pca_q4,2,nuisance,6144,0.04716394537457108,130269
20260626,pca_q4,2,neutral,117981,0.9056721092508578,130269
20260626,pca_q4,3,route_slot_offset_3,3072,0.029534769692250006,104013
20260626,pca_q4,3,slot_offset_0,3072,0.029534769692250006,104013
20260626,pca_q4,3,slot_offset_1,6144,0.05906953938450001,104013
20260626,pca_q4,3,nuisance,3072,0.029534769692250006,104013
20260626,pca_q4,3,neutral,85581,0.8227913818464999,104013
20260626,pca_q4,3,target,3072,0.029534769692250006,104013
20260626,pca_q8,0,route_slot_offset_3,3072,0.039246247205365695,78275
20260626,pca_q8,0,slot_offset_0,6144,0.07849249441073139,78275
20260626,pca_q8,0,slot_offset_1,3072,0.039246247205365695,78275
20260626,pca_q8,0,slot_offset_2,6144,0.07849249441073139,78275
20260626,pca_q8,0,nuisance,3072,0.039246247205365695,78275
20260626,pca_q8,0,neutral,53699,0.6860300223570744,78275
20260626,pca_q8,0,target,3072,0.039246247205365695,78275
20260626,pca_q8,1,route_slot_offset_3,9216,0.10704703053674515,86093
20260626,pca_q8,1,slot_offset_2,3072,0.03568234351224838,86093
20260626,pca_q8,1,neutral,70733,0.821588282438758,86093
20260626,pca_q8,1,target,3072,0.03568234351224838,86093
20260626,pca_q8,2,slot_offset_0,3072,0.025686907369934946,119594
20260626,pca_q8,2,slot_offset_1,6144,0.05137381473986989,119594
20260626,pca_q8,2,slot_offset_2,3072,0.025686907369934946,119594
20260626,pca_q8,2,neutral,101162,0.8458785557803903,119594
20260626,pca_q8,2,target,6144,0.05137381473986989,119594
20260626,pca_q8,3,slot_offset_0,3072,0.028117963644351693,109254
20260626,pca_q8,3,slot_offset_1,3072,0.028117963644351693,109254
20260626,pca_q8,3,nuisance,9216,0.08435389093305508,109254
20260626,pca_q8,3,neutral,93894,0.8594101817782416,109254
20260626,pca_q16,0,slot_offset_0,6144,0.06700328255013796,91697
20260626,pca_q16,0,slot_offset_1,3072,0.03350164127506898,91697
20260626,pca_q16,0,nuisance,3072,0.03350164127506898,91697
20260626,pca_q16,0,neutral,73265,0.7989901523495861,91697
20260626,pca_q16,0,target,6144,0.06700328255013796,91697
20260626,pca_q16,1,route_slot_offset_3,6144,0.06396934802074006,96046
20260626,pca_q16,1,slot_offset_0,3072,0.03198467401037003,96046
20260626,pca_q16,1,slot_offset_1,3072,0.03198467401037003,96046
20260626,pca_q16,1,slot_offset_2,6144,0.06396934802074006,96046
20260626,pca_q16,1,nuisance,3072,0.03198467401037003,96046
20260626,pca_q16,1,neutral,71470,0.7441226079170398,96046
20260626,pca_q16,1,target,3072,0.03198467401037003,96046
20260626,pca_q16,2,route_slot_offset_3,3072,0.019688142892849588,156033
20260626,pca_q16,2,slot_offset_0,3072,0.019688142892849588,156033
20260626,pca_q16,2,slot_offset_2,3072,0.019688142892849588,156033
20260626,pca_q16,2,nuisance,6144,0.039376285785699176,156033
20260626,pca_q16,2,neutral,140673,0.901559285535752,156033
20260626,pca_q16,3,route_slot_offset_3,3072,0.062135922330097085,49440
20260626,pca_q16,3,slot_offset_1,6144,0.12427184466019417,49440
20260626,pca_q16,3,slot_offset_2,3072,0.062135922330097085,49440
20260626,pca_q16,3,neutral,34080,0.6893203883495146,49440
20260626,pca_q16,3,target,3072,0.062135922330097085,49440
20260626,pca_q32,0,slot_offset_0,3072,0.03401880336201455,90303
20260626,pca_q32,0,neutral,84159,0.9319623932759709,90303
20260626,pca_q32,0,target,3072,0.03401880336201455,90303
20260626,pca_q32,1,route_slot_offset_3,3072,0.037168784029038116,82650
20260626,pca_q32,1,slot_offset_0,6144,0.07433756805807623,82650
20260626,pca_q32,1,slot_offset_1,6144,0.07433756805807623,82650
20260626,pca_q32,1,slot_offset_2,12288,0.14867513611615246,82650
20260626,pca_q32,1,nuisance,2,2.4198427102238353e-05,82650
20260626,pca_q32,1,neutral,45784,0.5539503932244404,82650
20260626,pca_q32,1,target,9216,0.11150635208711433,82650
20260626,pca_q32,2,route_slot_offset_3,3072,0.022401773473733337,137132
20260626,pca_q32,2,slot_offset_1,3072,0.022401773473733337,137132
20260626,pca_q32,2,nuisance,3070,0.02238718898579471,137132
20260626,pca_q32,2,neutral,127918,0.9328092640667386,137132
20260626,pca_q32,3,route_slot_offset_3,6144,0.0739074472820007,83131
20260626,pca_q32,3,slot_offset_0,3072,0.03695372364100035,83131
20260626,pca_q32,3,slot_offset_1,3072,0.03695372364100035,83131
20260626,pca_q32,3,nuisance,9216,0.11086117092300105,83131
20260626,pca_q32,3,neutral,61627,0.7413239345129976,83131
20260626,bottleneck_ae_q4,0,slot_offset_0,3011,0.02858770472347496,105325
20260626,bottleneck_ae_q4,0,slot_offset_1,5613,0.053292190837882746,105325
20260626,bottleneck_ae_q4,0,nuisance,2327,0.02209352005696653,105325
20260626,bottleneck_ae_q4,0,neutral,88395,0.8392594350818894,105325
20260626,bottleneck_ae_q4,0,target,5979,0.05676714929978637,105325
20260626,bottleneck_ae_q4,1,route_slot_offset_3,9216,0.08892748588797221,103635
20260626,bottleneck_ae_q4,1,slot_offset_0,61,0.0005886042360206494,103635
20260626,bottleneck_ae_q4,1,slot_offset_1,6196,0.05978675158006465,103635
20260626,bottleneck_ae_q4,1,slot_offset_2,6144,0.059284990591981473,103635
20260626,bottleneck_ae_q4,1,nuisance,3817,0.036831186375259325,103635
20260626,bottleneck_ae_q4,1,neutral,75129,0.7249384860327109,103635
20260626,bottleneck_ae_q4,1,target,3072,0.029642495295990737,103635
20260626,bottleneck_ae_q4,2,route_slot_offset_3,3072,0.035963053581671955,85421
20260626,bottleneck_ae_q4,2,slot_offset_0,6089,0.07128223738893247,85421
20260626,bottleneck_ae_q4,2,slot_offset_1,478,0.005595813675794008,85421
20260626,bottleneck_ae_q4,2,slot_offset_2,3068,0.03591622668898749,85421
20260626,bottleneck_ae_q4,2,nuisance,3072,0.035963053581671955,85421
20260626,bottleneck_ae_q4,2,neutral,69477,0.8133480057597078,85421
20260626,bottleneck_ae_q4,2,target,165,0.0019316093232343335,85421
20260626,bottleneck_ae_q4,3,slot_offset_0,3127,0.03163858956847271,98835
20260626,bottleneck_ae_q4,3,slot_offset_1,1,1.0117873223048515e-05,98835
20260626,bottleneck_ae_q4,3,slot_offset_2,3076,0.031122578034097233,98835
20260626,bottleneck_ae_q4,3,nuisance,3072,0.031082106541205037,98835
20260626,bottleneck_ae_q4,3,neutral,86487,0.8750645014417969,98835
20260626,bottleneck_ae_q4,3,target,3072,0.031082106541205037,98835
20260626,bottleneck_ae_q8,0,slot_offset_0,3072,0.03120714351019413,98439
20260626,bottleneck_ae_q8,0,slot_offset_2,6144,0.06241428702038826,98439
20260626,bottleneck_ae_q8,0,nuisance,2,2.0317150722782635e-05,98439
20260626,bottleneck_ae_q8,0,neutral,89221,0.9063582523186948,98439
20260626,bottleneck_ae_q8,1,slot_offset_0,6154,0.059856826051433686,102812
20260626,bottleneck_ae_q8,1,slot_offset_1,5891,0.05729875889973933,102812
20260626,bottleneck_ae_q8,1,nuisance,12265,0.11929541298681087,102812
20260626,bottleneck_ae_q8,1,neutral,78502,0.7635490020620161,102812
20260626,bottleneck_ae_q8,2,route_slot_offset_3,9154,0.08269868372315725,110691
20260626,bottleneck_ae_q8,2,slot_offset_0,3062,0.027662592261340126,110691
20260626,bottleneck_ae_q8,2,slot_offset_1,3073,0.027761968001011824,110691
20260626,bottleneck_ae_q8,2,slot_offset_2,3072,0.027752933842859852,110691
20260626,bottleneck_ae_q8,2,nuisance,1,9.034158151972609e-06,110691
20260626,bottleneck_ae_q8,2,neutral,86185,0.7786089203277593,110691
20260626,bottleneck_ae_q8,2,target,6144,0.055505867685719704,110691
20260626,bottleneck_ae_q8,3,route_slot_offset_3,3134,0.03856091739055541,81274
20260626,bottleneck_ae_q8,3,slot_offset_1,3324,0.040898688387430174,81274
20260626,bottleneck_ae_q8,3,slot_offset_2,3072,0.03779806580210153,81274
20260626,bottleneck_ae_q8,3,nuisance,20,0.00024608115756576517,81274
20260626,bottleneck_ae_q8,3,neutral,65580,0.806900115658144,81274
20260626,bottleneck_ae_q8,3,target,6144,0.07559613160420306,81274
20260626,bottleneck_ae_q16,0,slot_offset_0,3072,0.036520560647669315,84117
20260626,bottleneck_ae_q16,0,slot_offset_1,3072,0.036520560647669315,84117
20260626,bottleneck_ae_q16,0,nuisance,6144,0.07304112129533863,84117
20260626,bottleneck_ae_q16,0,neutral,68757,0.8173971967616535,84117
20260626,bottleneck_ae_q16,0,target,3072,0.036520560647669315,84117
20260626,bottleneck_ae_q16,1,route_slot_offset_3,6144,0.049271038829812826,124698
20260626,bottleneck_ae_q16,1,slot_offset_0,3072,0.024635519414906413,124698
20260626,bottleneck_ae_q16,1,slot_offset_1,3072,0.024635519414906413,124698
20260626,bottleneck_ae_q16,1,slot_offset_2,3072,0.024635519414906413,124698
20260626,bottleneck_ae_q16,1,neutral,103194,0.8275513640956551,124698
20260626,bottleneck_ae_q16,1,target,6144,0.049271038829812826,124698
20260626,bottleneck_ae_q16,2,route_slot_offset_3,3072,0.036072426669171695,85162
20260626,bottleneck_ae_q16,2,slot_offset_0,3072,0.036072426669171695,85162
20260626,bottleneck_ae_q16,2,slot_offset_1,6144,0.07214485333834339,85162
20260626,bottleneck_ae_q16,2,slot_offset_2,9216,0.10821728000751508,85162
20260626,bottleneck_ae_q16,2,nuisance,3072,0.036072426669171695,85162
20260626,bottleneck_ae_q16,2,neutral,57514,0.6753481599774548,85162
20260626,bottleneck_ae_q16,2,target,3072,0.036072426669171695,85162
20260626,bottleneck_ae_q16,3,route_slot_offset_3,3072,0.030955571902175558,99239
20260626,bottleneck_ae_q16,3,slot_offset_0,3072,0.030955571902175558,99239
20260626,bottleneck_ae_q16,3,nuisance,3072,0.030955571902175558,99239
20260626,bottleneck_ae_q16,3,neutral,90023,0.9071332842934733,99239
20260626,bottleneck_ae_q32,0,slot_offset_0,6144,0.04387881904272186,140022
20260626,bottleneck_ae_q32,0,slot_offset_1,3072,0.02193940952136093,140022
20260626,bottleneck_ae_q32,0,slot_offset_2,3072,0.02193940952136093,140022
20260626,bottleneck_ae_q32,0,nuisance,6144,0.04387881904272186,140022
20260626,bottleneck_ae_q32,0,neutral,118518,0.8464241333504735,140022
20260626,bottleneck_ae_q32,0,target,3072,0.02193940952136093,140022
20260626,bottleneck_ae_q32,1,route_slot_offset_3,9216,0.10059817491158364,91612
20260626,bottleneck_ae_q32,1,slot_offset_0,3072,0.03353272497052788,91612
20260626,bottleneck_ae_q32,1,slot_offset_1,6144,0.06706544994105576,91612
20260626,bottleneck_ae_q32,1,slot_offset_2,6144,0.06706544994105576,91612
20260626,bottleneck_ae_q32,1,nuisance,3072,0.03353272497052788,91612
20260626,bottleneck_ae_q32,1,neutral,60892,0.6646727502947212,91612
20260626,bottleneck_ae_q32,1,target,3072,0.03353272497052788,91612
20260626,bottleneck_ae_q32,2,neutral,114882,0.9739559489292436,117954
20260626,bottleneck_ae_q32,2,target,3072,0.026044051070756396,117954
20260626,bottleneck_ae_q32,3,route_slot_offset_3,3072,0.07041349592005135,43628
20260626,bottleneck_ae_q32,3,slot_offset_0,3072,0.07041349592005135,43628
20260626,bottleneck_ae_q32,3,slot_offset_1,3072,0.07041349592005135,43628
20260626,bottleneck_ae_q32,3,slot_offset_2,3072,0.07041349592005135,43628
20260626,bottleneck_ae_q32,3,nuisance,3072,0.07041349592005135,43628
20260626,bottleneck_ae_q32,3,neutral,25196,0.577519024479692,43628
20260626,bottleneck_ae_q32,3,target,3072,0.07041349592005135,43628
20260626,sae_l1_4x,0,route_slot_offset_3,3072,0.035073297712015346,87588
20260626,sae_l1_4x,0,slot_offset_0,3072,0.035073297712015346,87588
20260626,sae_l1_4x,0,slot_offset_1,6144,0.07014659542403069,87588
20260626,sae_l1_4x,0,nuisance,3072,0.035073297712015346,87588
20260626,sae_l1_4x,0,neutral,69156,0.789560213727908,87588
20260626,sae_l1_4x,0,target,3072,0.035073297712015346,87588
20260626,sae_l1_4x,1,route_slot_offset_3,6144,0.0670347175246034,91654
20260626,sae_l1_4x,1,slot_offset_0,3072,0.0335173587623017,91654
20260626,sae_l1_4x,1,slot_offset_1,3072,0.0335173587623017,91654
20260626,sae_l1_4x,1,slot_offset_2,9216,0.1005520762869051,91654
20260626,sae_l1_4x,1,neutral,67078,0.7318611299015864,91654
20260626,sae_l1_4x,1,target,3072,0.0335173587623017,91654
20260626,sae_l1_4x,2,slot_offset_0,6144,0.0650571791613723,94440
20260626,sae_l1_4x,2,slot_offset_1,3072,0.03252858958068615,94440
20260626,sae_l1_4x,2,nuisance,6144,0.0650571791613723,94440
20260626,sae_l1_4x,2,neutral,76008,0.8048284625158831,94440
20260626,sae_l1_4x,2,target,3072,0.03252858958068615,94440
20260626,sae_l1_4x,3,route_slot_offset_3,3072,0.02569980089346964,119534
20260626,sae_l1_4x,3,slot_offset_2,3072,0.02569980089346964,119534
20260626,sae_l1_4x,3,nuisance,3072,0.02569980089346964,119534
20260626,sae_l1_4x,3,neutral,107246,0.8972007964261214,119534
20260626,sae_l1_4x,3,target,3072,0.02569980089346964,119534
20260626,sae_topk_4x,0,slot_offset_2,3072,0.3333333333333333,9216
20260626,sae_topk_4x,0,nuisance,3072,0.3333333333333333,9216
20260626,sae_topk_4x,0,target,3072,0.3333333333333333,9216
20260626,sae_topk_4x,1,route_slot_offset_3,3072,0.5,6144
20260626,sae_topk_4x,1,slot_offset_2,3072,0.5,6144
20260626,sae_topk_4x,2,slot_offset_1,3072,0.5,6144
20260626,sae_topk_4x,2,nuisance,3072,0.5,6144
20260626,sae_topk_4x,3,route_slot_offset_3,9216,0.024793388429752067,371712
20260626,sae_topk_4x,3,slot_offset_0,12288,0.03305785123966942,371712
20260626,sae_topk_4x,3,slot_offset_1,9216,0.024793388429752067,371712
20260626,sae_topk_4x,3,slot_offset_2,6144,0.01652892561983471,371712
20260626,sae_topk_4x,3,nuisance,6144,0.01652892561983471,371712
20260626,sae_topk_4x,3,neutral,319488,0.859504132231405,371712
20260626,sae_topk_4x,3,target,9216,0.024793388429752067,371712
20260626,sae_l1_8x,0,slot_offset_0,3072,0.027650018451346948,111103
20260626,sae_l1_8x,0,slot_offset_2,3072,0.027650018451346948,111103
20260626,sae_l1_8x,0,neutral,104959,0.9446999630973061,111103
20260626,sae_l1_8x,1,route_slot_offset_3,6144,0.06091974537450175,100854
20260626,sae_l1_8x,1,slot_offset_0,6144,0.06091974537450175,100854
20260626,sae_l1_8x,1,nuisance,9216,0.09137961806175263,100854
20260626,sae_l1_8x,1,neutral,76278,0.756321018501993,100854
20260626,sae_l1_8x,1,target,3072,0.030459872687250877,100854
20260626,sae_l1_8x,2,route_slot_offset_3,3072,0.03073782794020532,99942
20260626,sae_l1_8x,2,slot_offset_0,3072,0.03073782794020532,99942
20260626,sae_l1_8x,2,slot_offset_1,9216,0.09221348382061596,99942
20260626,sae_l1_8x,2,slot_offset_2,6144,0.06147565588041064,99942
20260626,sae_l1_8x,2,neutral,72294,0.7233595485381521,99942
20260626,sae_l1_8x,2,target,6144,0.06147565588041064,99942
20260626,sae_l1_8x,3,route_slot_offset_3,3072,0.03777807838459363,81317
20260626,sae_l1_8x,3,slot_offset_1,3072,0.03777807838459363,81317
20260626,sae_l1_8x,3,slot_offset_2,3072,0.03777807838459363,81317
20260626,sae_l1_8x,3,nuisance,3072,0.03777807838459363,81317
20260626,sae_l1_8x,3,neutral,65957,0.8111096080770319,81317
20260626,sae_l1_8x,3,target,3072,0.03777807838459363,81317
20260626,sae_topk_8x,0,route_slot_offset_3,3072,0.5,6144
20260626,sae_topk_8x,0,slot_offset_2,3072,0.5,6144
20260626,sae_topk_8x,1,route_slot_offset_3,3072,1.0,3072
20260626,sae_topk_8x,2,route_slot_offset_3,6144,0.01629142128332065,377131
20260626,sae_topk_8x,2,slot_offset_0,9216,0.024437131924980975,377131
20260626,sae_topk_8x,2,slot_offset_1,12288,0.0325828425666413,377131
20260626,sae_topk_8x,2,slot_offset_2,9216,0.024437131924980975,377131
20260626,sae_topk_8x,2,nuisance,12288,0.0325828425666413,377131
20260626,sae_topk_8x,2,neutral,315691,0.8370857871667935,377131
20260626,sae_topk_8x,2,target,12288,0.0325828425666413,377131
20260626,sae_topk_8x,3,slot_offset_0,3072,0.44722667054884263,6869
20260626,sae_topk_8x,3,neutral,3797,0.5527733294511574,6869
20260628,all_position,0,route_slot_offset_3,3072,0.04429129601061146,69359
20260628,all_position,0,slot_offset_0,9216,0.13287388803183436,69359
20260628,all_position,0,slot_offset_1,6144,0.08858259202122291,69359
20260628,all_position,0,slot_offset_2,6144,0.08858259202122291,69359
20260628,all_position,0,nuisance,6144,0.08858259202122291,69359
20260628,all_position,0,neutral,38639,0.5570870398938854,69359
20260628,all_position,1,route_slot_offset_3,3072,0.025034022475206377,122713
20260628,all_position,1,slot_offset_1,3072,0.025034022475206377,122713
20260628,all_position,1,slot_offset_2,3072,0.025034022475206377,122713
20260628,all_position,1,neutral,110425,0.8998639100991745,122713
20260628,all_position,1,target,3072,0.025034022475206377,122713
20260628,all_position,2,route_slot_offset_3,3072,0.029374641422834195,104580
20260628,all_position,2,slot_offset_1,3072,0.029374641422834195,104580
20260628,all_position,2,nuisance,3072,0.029374641422834195,104580
20260628,all_position,2,neutral,92292,0.8825014343086632,104580
20260628,all_position,2,target,3072,0.029374641422834195,104580
20260628,all_position,3,route_slot_offset_3,3072,0.031813098048962346,96564
20260628,all_position,3,slot_offset_0,3072,0.031813098048962346,96564
20260628,all_position,3,slot_offset_2,3072,0.031813098048962346,96564
20260628,all_position,3,nuisance,3072,0.031813098048962346,96564
20260628,all_position,3,neutral,78132,0.8091214117062259,96564
20260628,all_position,3,target,6144,0.06362619609792469,96564
20260628,route_only,0,route_slot_offset_3,3072,1.0,3072
20260628,route_only,1,route_slot_offset_3,3072,1.0,3072
20260628,route_only,2,route_slot_offset_3,3072,1.0,3072
20260628,route_only,3,route_slot_offset_3,3072,1.0,3072
20260628,slot_offset_3,0,route_slot_offset_3,3072,1.0,3072
20260628,slot_offset_3,1,route_slot_offset_3,3072,1.0,3072
20260628,slot_offset_3,2,route_slot_offset_3,3072,1.0,3072
20260628,slot_offset_3,3,route_slot_offset_3,3072,1.0,3072
20260628,selector_stability_top1_position,0,neutral,8192,1.0,8192
20260628,selector_stability_top1_position,1,slot_offset_0,2048,1.0,2048
20260628,selector_stability_top1_position,2,slot_offset_0,1024,1.0,1024
20260628,selector_stability_top1_position,3,slot_offset_0,1024,1.0,1024
20260628,selector_stability_top3_positions,0,slot_offset_2,1024,0.04006416526468172,25559
20260628,selector_stability_top3_positions,0,neutral,24535,0.9599358347353183,25559
20260628,selector_stability_top3_positions,1,slot_offset_0,2048,0.6666666666666666,3072
20260628,selector_stability_top3_positions,1,target,1024,0.3333333333333333,3072
20260628,selector_stability_top3_positions,2,slot_offset_0,1024,0.1984111606277853,5161
20260628,selector_stability_top3_positions,2,slot_offset_2,3072,0.5952334818833559,5161
20260628,selector_stability_top3_positions,2,neutral,41,0.007944196861073435,5161
20260628,selector_stability_top3_positions,2,target,1024,0.1984111606277853,5161
20260628,selector_stability_top3_positions,3,slot_offset_0,1024,0.3333333333333333,3072
20260628,selector_stability_top3_positions,3,target,2048,0.6666666666666666,3072
20260628,selector_stability_threshold_positions,0,target,6144,1.0,6144
20260628,selector_stability_threshold_positions,1,slot_offset_0,4096,0.06666666666666667,61440
20260628,selector_stability_threshold_positions,1,slot_offset_1,4096,0.06666666666666667,61440
20260628,selector_stability_threshold_positions,1,slot_offset_2,4096,0.06666666666666667,61440
20260628,selector_stability_threshold_positions,1,neutral,49152,0.8,61440
20260628,selector_stability_threshold_positions,2,target,3072,1.0,3072
20260628,selector_stability_threshold_positions,3,target,3072,1.0,3072
20260628,pca_q4,0,route_slot_offset_3,3072,0.062028025683479385,49526
20260628,pca_q4,0,slot_offset_0,6144,0.12405605136695877,49526
20260628,pca_q4,0,slot_offset_1,6144,0.12405605136695877,49526
20260628,pca_q4,0,slot_offset_2,3072,0.062028025683479385,49526
20260628,pca_q4,0,neutral,28022,0.5658038202156443,49526
20260628,pca_q4,0,target,3072,0.062028025683479385,49526
20260628,pca_q4,1,route_slot_offset_3,6144,0.04917560429005923,124940
20260628,pca_q4,1,slot_offset_0,6144,0.04917560429005923,124940
20260628,pca_q4,1,nuisance,6144,0.04917560429005923,124940
20260628,pca_q4,1,neutral,100364,0.803297582839763,124940
20260628,pca_q4,1,target,6144,0.04917560429005923,124940
20260628,pca_q4,2,route_slot_offset_3,3072,0.020888154539705852,147069
20260628,pca_q4,2,slot_offset_1,3072,0.020888154539705852,147069
20260628,pca_q4,2,neutral,140925,0.9582236909205883,147069
20260628,pca_q4,3,slot_offset_1,3072,0.04285654497007575,71681
20260628,pca_q4,3,slot_offset_2,9216,0.12856963491022727,71681
20260628,pca_q4,3,nuisance,6144,0.0857130899401515,71681
20260628,pca_q4,3,neutral,50177,0.7000041852094697,71681
20260628,pca_q4,3,target,3072,0.04285654497007575,71681
20260628,pca_q8,0,route_slot_offset_3,3072,0.04412144888403757,69626
20260628,pca_q8,0,slot_offset_0,9216,0.13236434665211272,69626
20260628,pca_q8,0,slot_offset_1,6144,0.08824289776807515,69626
20260628,pca_q8,0,slot_offset_2,3072,0.04412144888403757,69626
20260628,pca_q8,0,neutral,42024,0.6035676327808577,69626
20260628,pca_q8,0,target,6098,0.08758222503087927,69626
20260628,pca_q8,1,slot_offset_0,3072,0.037341826005567236,82267
20260628,pca_q8,1,slot_offset_2,6144,0.07468365201113447,82267
20260628,pca_q8,1,nuisance,6144,0.07468365201113447,82267
20260628,pca_q8,1,neutral,60763,0.7386072179610293,82267
20260628,pca_q8,1,target,6144,0.07468365201113447,82267
20260628,pca_q8,2,route_slot_offset_3,6144,0.035774800426223205,171741
20260628,pca_q8,2,slot_offset_1,3072,0.017887400213111602,171741
20260628,pca_q8,2,nuisance,3072,0.017887400213111602,171741
20260628,pca_q8,2,neutral,159407,0.9281825539620708,171741
20260628,pca_q8,2,target,46,0.00026784518548279097,171741
20260628,pca_q8,3,route_slot_offset_3,3072,0.044149348969561096,69582
20260628,pca_q8,3,slot_offset_1,3072,0.044149348969561096,69582
20260628,pca_q8,3,slot_offset_2,3072,0.044149348969561096,69582
20260628,pca_q8,3,nuisance,3072,0.044149348969561096,69582
20260628,pca_q8,3,neutral,57294,0.8234026041217556,69582
20260628,pca_q16,0,route_slot_offset_3,6144,0.03158381740605562,194530
20260628,pca_q16,0,slot_offset_0,3072,0.01579190870302781,194530
20260628,pca_q16,0,slot_offset_1,3072,0.01579190870302781,194530
20260628,pca_q16,0,slot_offset_2,3072,0.01579190870302781,194530
20260628,pca_q16,0,nuisance,3072,0.01579190870302781,194530
20260628,pca_q16,0,neutral,169954,0.8736647303757775,194530
20260628,pca_q16,0,target,6144,0.03158381740605562,194530
20260628,pca_q16,1,route_slot_offset_3,3072,0.027178144242338453,113032
20260628,pca_q16,1,slot_offset_1,3072,0.027178144242338453,113032
20260628,pca_q16,1,slot_offset_2,9216,0.08153443272701535,113032
20260628,pca_q16,1,nuisance,9216,0.08153443272701535,113032
20260628,pca_q16,1,neutral,88456,0.7825748460612924,113032
20260628,pca_q16,2,target,3072,1.0,3072
20260628,pca_q16,3,route_slot_offset_3,3072,0.037199389697512776,82582
20260628,pca_q16,3,slot_offset_0,9216,0.11159816909253832,82582
20260628,pca_q16,3,slot_offset_1,6144,0.07439877939502555,82582
20260628,pca_q16,3,neutral,61078,0.7396042721174105,82582
20260628,pca_q16,3,target,3072,0.037199389697512776,82582
20260628,pca_q32,0,slot_offset_0,6144,0.06278613472858077,97856
20260628,pca_q32,0,neutral,88640,0.9058207979071289,97856
20260628,pca_q32,0,target,3072,0.031393067364290386,97856
20260628,pca_q32,1,route_slot_offset_3,3072,0.04275990701947302,71843
20260628,pca_q32,1,slot_offset_0,3072,0.04275990701947302,71843
20260628,pca_q32,1,slot_offset_1,6144,0.08551981403894604,71843
20260628,pca_q32,1,slot_offset_2,6144,0.08551981403894604,71843
20260628,pca_q32,1,neutral,50339,0.7006806508636889,71843
20260628,pca_q32,1,target,3072,0.04275990701947302,71843
20260628,pca_q32,2,route_slot_offset_3,6144,0.044922460499089704,136769
20260628,pca_q32,2,slot_offset_1,6144,0.044922460499089704,136769
20260628,pca_q32,2,nuisance,3072,0.022461230249544852,136769
20260628,pca_q32,2,neutral,118337,0.8652326185027309,136769
20260628,pca_q32,2,target,3072,0.022461230249544852,136769
20260628,pca_q32,3,route_slot_offset_3,3072,0.03541292018259787,86748
20260628,pca_q32,3,slot_offset_0,3072,0.03541292018259787,86748
20260628,pca_q32,3,slot_offset_2,6144,0.07082584036519574,86748
20260628,pca_q32,3,nuisance,9216,0.1062387605477936,86748
20260628,pca_q32,3,neutral,62172,0.7166966385392171,86748
20260628,pca_q32,3,target,3072,0.03541292018259787,86748
20260628,bottleneck_ae_q4,0,route_slot_offset_3,440,0.0044147895449756685,99665
20260628,bottleneck_ae_q4,0,slot_offset_2,13,0.00013043696382882656,99665
20260628,bottleneck_ae_q4,0,nuisance,3072,0.03082325791401194,99665
20260628,bottleneck_ae_q4,0,neutral,89996,0.9029849997491597,99665
20260628,bottleneck_ae_q4,0,target,6144,0.06164651582802388,99665
20260628,bottleneck_ae_q4,1,route_slot_offset_3,3072,0.02939712918660287,104500
20260628,bottleneck_ae_q4,1,slot_offset_0,3072,0.02939712918660287,104500
20260628,bottleneck_ae_q4,1,slot_offset_1,3072,0.02939712918660287,104500
20260628,bottleneck_ae_q4,1,slot_offset_2,6131,0.05866985645933014,104500
20260628,bottleneck_ae_q4,1,neutral,89153,0.8531387559808612,104500
20260628,bottleneck_ae_q4,2,route_slot_offset_3,8776,0.09319118209234167,94172
20260628,bottleneck_ae_q4,2,slot_offset_0,6275,0.06663339421484094,94172
20260628,bottleneck_ae_q4,2,slot_offset_1,6144,0.06524232255872234,94172
20260628,bottleneck_ae_q4,2,nuisance,3078,0.03268487448498492,94172
20260628,bottleneck_ae_q4,2,neutral,66827,0.709627065369749,94172
20260628,bottleneck_ae_q4,2,target,3072,0.03262116127936117,94172
20260628,bottleneck_ae_q4,3,slot_offset_0,2941,0.03099737560471759,94879
20260628,bottleneck_ae_q4,3,slot_offset_1,3072,0.032378081556508814,94879
20260628,bottleneck_ae_q4,3,slot_offset_2,6144,0.06475616311301763,94879
20260628,bottleneck_ae_q4,3,nuisance,6138,0.06469292467247757,94879
20260628,bottleneck_ae_q4,3,neutral,73512,0.7747973734967696,94879
20260628,bottleneck_ae_q4,3,target,3072,0.032378081556508814,94879
20260628,bottleneck_ae_q8,0,route_slot_offset_3,6144,0.053092756779177686,115722
20260628,bottleneck_ae_q8,0,slot_offset_0,3073,0.0265550197888042,115722
20260628,bottleneck_ae_q8,0,slot_offset_1,3072,0.026546378389588843,115722
20260628,bottleneck_ae_q8,0,slot_offset_2,3072,0.026546378389588843,115722
20260628,bottleneck_ae_q8,0,nuisance,6143,0.05308411537996233,115722
20260628,bottleneck_ae_q8,0,neutral,88074,0.7610825944937004,115722
20260628,bottleneck_ae_q8,0,target,6144,0.053092756779177686,115722
20260628,bottleneck_ae_q8,1,slot_offset_0,6143,0.07647490881023815,80327
20260628,bottleneck_ae_q8,1,slot_offset_1,6144,0.07648735792448368,80327
20260628,bottleneck_ae_q8,1,slot_offset_2,3072,0.03824367896224184,80327
20260628,bottleneck_ae_q8,1,nuisance,1,1.2449114245521432e-05,80327
20260628,bottleneck_ae_q8,1,neutral,61895,0.7705379262265489,80327
20260628,bottleneck_ae_q8,1,target,3072,0.03824367896224184,80327
20260628,bottleneck_ae_q8,2,slot_offset_0,3072,0.03645338902601101,84272
20260628,bottleneck_ae_q8,2,slot_offset_1,3072,0.03645338902601101,84272
20260628,bottleneck_ae_q8,2,slot_offset_2,6144,0.07290677805202202,84272
20260628,bottleneck_ae_q8,2,neutral,68912,0.817733054869945,84272
20260628,bottleneck_ae_q8,2,target,3072,0.03645338902601101,84272
20260628,bottleneck_ae_q8,3,route_slot_offset_3,6144,0.054422250763984235,112895
20260628,bottleneck_ae_q8,3,nuisance,6144,0.054422250763984235,112895
20260628,bottleneck_ae_q8,3,neutral,100607,0.8911554984720316,112895
20260628,bottleneck_ae_q16,0,route_slot_offset_3,6122,0.06797916874868139,90057
20260628,bottleneck_ae_q16,0,slot_offset_0,6141,0.06819014624071422,90057
20260628,bottleneck_ae_q16,0,slot_offset_1,3441,0.03820913421499717,90057
20260628,bottleneck_ae_q16,0,nuisance,3072,0.034111729238149174,90057
20260628,bottleneck_ae_q16,0,neutral,68209,0.7573980923193089,90057
20260628,bottleneck_ae_q16,0,target,3072,0.034111729238149174,90057
20260628,bottleneck_ae_q16,1,route_slot_offset_3,22,0.00017477378710963878,125877
20260628,bottleneck_ae_q16,1,slot_offset_0,3075,0.02442860888009724,125877
20260628,bottleneck_ae_q16,1,slot_offset_1,2703,0.021473343025334254,125877
20260628,bottleneck_ae_q16,1,nuisance,6144,0.04880955218189185,125877
20260628,bottleneck_ae_q16,1,neutral,110861,0.8807089460346211,125877
20260628,bottleneck_ae_q16,1,target,3072,0.024404776090945924,125877
20260628,bottleneck_ae_q16,2,slot_offset_0,3072,0.03927585148818656,78216
20260628,bottleneck_ae_q16,2,slot_offset_1,3072,0.03927585148818656,78216
20260628,bottleneck_ae_q16,2,slot_offset_2,9216,0.11782755446455968,78216
20260628,bottleneck_ae_q16,2,neutral,56712,0.7250690395826941,78216
20260628,bottleneck_ae_q16,2,target,6144,0.07855170297637312,78216
20260628,bottleneck_ae_q16,3,route_slot_offset_3,6144,0.06201925988734783,99066
20260628,bottleneck_ae_q16,3,slot_offset_1,3072,0.031009629943673914,99066
20260628,bottleneck_ae_q16,3,slot_offset_2,3072,0.031009629943673914,99066
20260628,bottleneck_ae_q16,3,nuisance,3072,0.031009629943673914,99066
20260628,bottleneck_ae_q16,3,neutral,83706,0.8449518502816304,99066
20260628,bottleneck_ae_q32,0,route_slot_offset_3,3072,0.027389687853850337,112159
20260628,bottleneck_ae_q32,0,slot_offset_0,3072,0.027389687853850337,112159
20260628,bottleneck_ae_q32,0,slot_offset_2,3072,0.027389687853850337,112159
20260628,bottleneck_ae_q32,0,nuisance,6144,0.054779375707700674,112159
20260628,bottleneck_ae_q32,0,neutral,96799,0.8630515607307483,112159
20260628,bottleneck_ae_q32,1,route_slot_offset_3,3072,0.03788850518006907,81080
20260628,bottleneck_ae_q32,1,slot_offset_0,9216,0.11366551554020721,81080
20260628,bottleneck_ae_q32,1,slot_offset_1,3075,0.03792550567340898,81080
20260628,bottleneck_ae_q32,1,neutral,62645,0.7726319684262457,81080
20260628,bottleneck_ae_q32,1,target,3072,0.03788850518006907,81080
20260628,bottleneck_ae_q32,2,route_slot_offset_3,3072,0.03484099260536225,88172
20260628,bottleneck_ae_q32,2,slot_offset_1,3072,0.03484099260536225,88172
20260628,bottleneck_ae_q32,2,slot_offset_2,9216,0.10452297781608674,88172
20260628,bottleneck_ae_q32,2,nuisance,6144,0.0696819852107245,88172
20260628,bottleneck_ae_q32,2,neutral,60524,0.6864310665517398,88172
20260628,bottleneck_ae_q32,2,target,6144,0.0696819852107245,88172
20260628,bottleneck_ae_q32,3,route_slot_offset_3,3072,0.027476409820669918,111805
20260628,bottleneck_ae_q32,3,slot_offset_1,6141,0.054925987209874336,111805
20260628,bottleneck_ae_q32,3,neutral,99520,0.8901211931487858,111805
20260628,bottleneck_ae_q32,3,target,3072,0.027476409820669918,111805
20260628,sae_l1_4x,0,slot_offset_1,3072,0.043025210084033615,71400
20260628,sae_l1_4x,0,slot_offset_2,9216,0.12907563025210084,71400
20260628,sae_l1_4x,0,nuisance,6144,0.08605042016806723,71400
20260628,sae_l1_4x,0,neutral,52968,0.7418487394957983,71400
20260628,sae_l1_4x,1,slot_offset_0,9216,0.09406385237200947,97976
20260628,sae_l1_4x,1,slot_offset_1,3072,0.03135461745733649,97976
20260628,sae_l1_4x,1,nuisance,3072,0.03135461745733649,97976
20260628,sae_l1_4x,1,neutral,79544,0.811872295255981,97976
20260628,sae_l1_4x,1,target,3072,0.03135461745733649,97976
20260628,sae_l1_4x,2,route_slot_offset_3,6144,0.06044388477884464,101648
20260628,sae_l1_4x,2,slot_offset_1,6144,0.06044388477884464,101648
20260628,sae_l1_4x,2,nuisance,3072,0.03022194238942232,101648
20260628,sae_l1_4x,2,neutral,83216,0.818668345663466,101648
20260628,sae_l1_4x,2,target,3072,0.03022194238942232,101648
20260628,sae_l1_4x,3,route_slot_offset_3,6144,0.05028152415870106,122192
20260628,sae_l1_4x,3,slot_offset_0,3072,0.02514076207935053,122192
20260628,sae_l1_4x,3,slot_offset_2,3072,0.02514076207935053,122192
20260628,sae_l1_4x,3,neutral,103760,0.8491554275238968,122192
20260628,sae_l1_4x,3,target,6144,0.05028152415870106,122192
20260628,sae_topk_4x,0,route_slot_offset_3,3072,0.25,12288
20260628,sae_topk_4x,0,slot_offset_2,3072,0.25,12288
20260628,sae_topk_4x,0,target,6144,0.5,12288
20260628,sae_topk_4x,1,nuisance,3072,0.2697102721685689,11390
20260628,sae_topk_4x,1,neutral,8318,0.7302897278314311,11390
20260628,sae_topk_4x,2,slot_offset_1,3072,1.0,3072
20260628,sae_topk_4x,3,route_slot_offset_3,9216,0.025148308437890555,366466
20260628,sae_topk_4x,3,slot_offset_0,12288,0.03353107791718741,366466
20260628,sae_topk_4x,3,slot_offset_1,9216,0.025148308437890555,366466
20260628,sae_topk_4x,3,slot_offset_2,9216,0.025148308437890555,366466
20260628,sae_topk_4x,3,nuisance,9216,0.025148308437890555,366466
20260628,sae_topk_4x,3,neutral,311170,0.8491101493726567,366466
20260628,sae_topk_4x,3,target,6144,0.016765538958593704,366466
20260628,sae_l1_8x,0,route_slot_offset_3,6144,0.04883205239272288,125819
20260628,sae_l1_8x,0,nuisance,6144,0.04883205239272288,125819
20260628,sae_l1_8x,0,neutral,113531,0.9023358952145543,125819
20260628,sae_l1_8x,1,route_slot_offset_3,3072,0.024544190728815456,125162
20260628,sae_l1_8x,1,slot_offset_0,3072,0.024544190728815456,125162
20260628,sae_l1_8x,1,slot_offset_1,3072,0.024544190728815456,125162
20260628,sae_l1_8x,1,slot_offset_2,3072,0.024544190728815456,125162
20260628,sae_l1_8x,1,neutral,112874,0.9018232370847382,125162
20260628,sae_l1_8x,2,slot_offset_1,3072,0.042877480947994304,71646
20260628,sae_l1_8x,2,slot_offset_2,3072,0.042877480947994304,71646
20260628,sae_l1_8x,2,nuisance,6144,0.08575496189598861,71646
20260628,sae_l1_8x,2,neutral,53214,0.7427351143120342,71646
20260628,sae_l1_8x,2,target,6144,0.08575496189598861,71646
20260628,sae_l1_8x,3,route_slot_offset_3,3072,0.043519528538440835,70589
20260628,sae_l1_8x,3,slot_offset_0,9216,0.1305585856153225,70589
20260628,sae_l1_8x,3,slot_offset_1,6144,0.08703905707688167,70589
20260628,sae_l1_8x,3,slot_offset_2,6144,0.08703905707688167,70589
20260628,sae_l1_8x,3,neutral,39869,0.5648047146155917,70589
20260628,sae_l1_8x,3,target,6144,0.08703905707688167,70589
20260628,sae_topk_8x,0,neutral,9414,1.0,9414
20260628,sae_topk_8x,1,route_slot_offset_3,3072,0.5,6144
20260628,sae_topk_8x,1,nuisance,3072,0.5,6144
20260628,sae_topk_8x,2,slot_offset_1,3072,1.0,3072
20260628,sae_topk_8x,3,route_slot_offset_3,9216,0.024603161890727362,374586
20260628,sae_topk_8x,3,slot_offset_0,12288,0.032804215854303154,374586
20260628,sae_topk_8x,3,slot_offset_1,9216,0.024603161890727362,374586
20260628,sae_topk_8x,3,slot_offset_2,12288,0.032804215854303154,374586
20260628,sae_topk_8x,3,nuisance,9216,0.024603161890727362,374586
20260628,sae_topk_8x,3,neutral,310074,0.8277778667649085,374586
20260628,sae_topk_8x,3,target,12288,0.032804215854303154,374586
20260630,all_position,0,route_slot_offset_3,3072,0.03506969416760848,87597
20260630,all_position,0,slot_offset_0,3072,0.03506969416760848,87597
20260630,all_position,0,slot_offset_1,6145,0.07015080425128714,87597
20260630,all_position,0,neutral,72236,0.8246401132458874,87597
20260630,all_position,0,target,3072,0.03506969416760848,87597
20260630,all_position,1,route_slot_offset_3,6144,0.06288638689866939,97700
20260630,all_position,1,slot_offset_0,6144,0.06288638689866939,97700
20260630,all_position,1,slot_offset_1,3071,0.03143295803480041,97700
20260630,all_position,1,slot_offset_2,6144,0.06288638689866939,97700
20260630,all_position,1,nuisance,6144,0.06288638689866939,97700
20260630,all_position,1,neutral,70053,0.717021494370522,97700
20260630,all_position,2,slot_offset_1,3072,0.024891222440992733,123417
20260630,all_position,2,slot_offset_2,3072,0.024891222440992733,123417
20260630,all_position,2,nuisance,6144,0.049782444881985466,123417
20260630,all_position,2,neutral,108057,0.8755438877950363,123417
20260630,all_position,2,target,3072,0.024891222440992733,123417
20260630,all_position,3,route_slot_offset_3,3072,0.036354169132091545,84502
20260630,all_position,3,slot_offset_0,3072,0.036354169132091545,84502
20260630,all_position,3,slot_offset_2,3072,0.036354169132091545,84502
20260630,all_position,3,neutral,69142,0.8182291543395422,84502
20260630,all_position,3,target,6144,0.07270833826418309,84502
20260630,route_only,0,route_slot_offset_3,3072,1.0,3072
20260630,route_only,1,route_slot_offset_3,3072,1.0,3072
20260630,route_only,2,route_slot_offset_3,3072,1.0,3072
20260630,route_only,3,route_slot_offset_3,3072,1.0,3072
20260630,slot_offset_3,0,route_slot_offset_3,3072,1.0,3072
20260630,slot_offset_3,1,route_slot_offset_3,3072,1.0,3072
20260630,slot_offset_3,2,route_slot_offset_3,3072,1.0,3072
20260630,slot_offset_3,3,route_slot_offset_3,3072,1.0,3072
20260630,selector_stability_top1_position,0,route_slot_offset_3,1024,1.0,1024
20260630,selector_stability_top1_position,1,route_slot_offset_3,1024,1.0,1024
20260630,selector_stability_top1_position,2,route_slot_offset_3,1024,1.0,1024
20260630,selector_stability_top1_position,3,route_slot_offset_3,1024,0.1111111111111111,9216
20260630,selector_stability_top1_position,3,neutral,8192,0.8888888888888888,9216
20260630,selector_stability_top3_positions,0,route_slot_offset_3,1024,0.3333333333333333,3072
20260630,selector_stability_top3_positions,0,target,2048,0.6666666666666666,3072
20260630,selector_stability_top3_positions,1,route_slot_offset_3,1024,0.19445499430307633,5266
20260630,selector_stability_top3_positions,1,slot_offset_0,3072,0.583364982909229,5266
20260630,selector_stability_top3_positions,1,neutral,146,0.027725028484618306,5266
20260630,selector_stability_top3_positions,1,target,1024,0.19445499430307633,5266
20260630,selector_stability_top3_positions,2,route_slot_offset_3,1024,0.3333333333333333,3072
20260630,selector_stability_top3_positions,2,slot_offset_0,1024,0.3333333333333333,3072
20260630,selector_stability_top3_positions,2,target,1024,0.3333333333333333,3072
20260630,selector_stability_top3_positions,3,route_slot_offset_3,1024,0.040229433487860455,25454
20260630,selector_stability_top3_positions,3,neutral,24430,0.9597705665121395,25454
20260630,selector_stability_threshold_positions,0,slot_offset_0,2048,0.3227738376674547,6345
20260630,selector_stability_threshold_positions,0,slot_offset_1,2048,0.3227738376674547,6345
20260630,selector_stability_threshold_positions,0,slot_offset_2,1024,0.16138691883372736,6345
20260630,selector_stability_threshold_positions,0,neutral,201,0.03167848699763593,6345
20260630,selector_stability_threshold_positions,0,target,1024,0.16138691883372736,6345
20260630,selector_stability_threshold_positions,1,slot_offset_0,4096,0.9768662055807298,4193
20260630,selector_stability_threshold_positions,1,neutral,97,0.02313379441927021,4193
20260630,selector_stability_threshold_positions,2,route_slot_offset_3,2048,0.18497109826589594,11072
20260630,selector_stability_threshold_positions,2,slot_offset_0,2048,0.18497109826589594,11072
20260630,selector_stability_threshold_positions,2,slot_offset_2,3072,0.2774566473988439,11072
20260630,selector_stability_threshold_positions,2,neutral,832,0.07514450867052024,11072
20260630,selector_stability_threshold_positions,2,target,3072,0.2774566473988439,11072
20260630,selector_stability_threshold_positions,3,route_slot_offset_3,2048,0.03929544495184006,52118
20260630,selector_stability_threshold_positions,3,slot_offset_1,2048,0.03929544495184006,52118
20260630,selector_stability_threshold_positions,3,neutral,48022,0.9214091100963199,52118
20260630,pca_q4,0,route_slot_offset_3,3072,0.03452810466331726,88971
20260630,pca_q4,0,slot_offset_0,3072,0.03452810466331726,88971
20260630,pca_q4,0,slot_offset_1,3072,0.03452810466331726,88971
20260630,pca_q4,0,slot_offset_2,3072,0.03452810466331726,88971
20260630,pca_q4,0,nuisance,3342,0.03756280136224163,88971
20260630,pca_q4,0,neutral,73341,0.8243247799844893,88971
20260630,pca_q4,1,slot_offset_0,3072,0.04516783556084866,68013
20260630,pca_q4,1,slot_offset_2,6144,0.09033567112169733,68013
20260630,pca_q4,1,neutral,52653,0.7741608221957567,68013
20260630,pca_q4,1,target,6144,0.09033567112169733,68013
20260630,pca_q4,2,route_slot_offset_3,6128,0.04077097596189032,150303
20260630,pca_q4,2,slot_offset_0,3072,0.020438713798127783,150303
20260630,pca_q4,2,slot_offset_1,3072,0.020438713798127783,150303
20260630,pca_q4,2,nuisance,3073,0.02044536702527561,150303
20260630,pca_q4,2,neutral,131886,0.8774675156184507,150303
20260630,pca_q4,2,target,3072,0.020438713798127783,150303
20260630,pca_q4,3,route_slot_offset_3,3088,0.03593664537001478,85929
20260630,pca_q4,3,slot_offset_0,3072,0.035750445134936984,85929
20260630,pca_q4,3,slot_offset_1,6144,0.07150089026987397,85929
20260630,pca_q4,3,slot_offset_2,3072,0.035750445134936984,85929
20260630,pca_q4,3,nuisance,5873,0.06834712378824379,85929
20260630,pca_q4,3,neutral,61608,0.7169640051670565,85929
20260630,pca_q4,3,target,3072,0.035750445134936984,85929
20260630,pca_q8,0,route_slot_offset_3,3072,0.03019075604650477,101753
20260630,pca_q8,0,slot_offset_0,3072,0.03019075604650477,101753
20260630,pca_q8,0,slot_offset_2,3072,0.03019075604650477,101753
20260630,pca_q8,0,neutral,86393,0.8490462197674762,101753
20260630,pca_q8,0,target,6144,0.06038151209300954,101753
20260630,pca_q8,1,route_slot_offset_3,6144,0.10704205721453709,57398
20260630,pca_q8,1,slot_offset_1,3072,0.053521028607268546,57398
20260630,pca_q8,1,nuisance,3072,0.053521028607268546,57398
20260630,pca_q8,1,neutral,38966,0.6788738283563888,57398
20260630,pca_q8,1,target,6144,0.10704205721453709,57398
20260630,pca_q8,2,route_slot_offset_3,3072,0.022713829409677037,135248
20260630,pca_q8,2,slot_offset_0,3072,0.022713829409677037,135248
20260630,pca_q8,2,slot_offset_1,9216,0.06814148822903111,135248
20260630,pca_q8,2,slot_offset_2,3072,0.022713829409677037,135248
20260630,pca_q8,2,neutral,116816,0.8637170235419378,135248
20260630,pca_q8,3,slot_offset_0,6144,0.062175536597953794,98817
20260630,pca_q8,3,slot_offset_2,6144,0.062175536597953794,98817
20260630,pca_q8,3,nuisance,9216,0.09326330489693069,98817
20260630,pca_q8,3,neutral,77313,0.7823856219071618,98817
20260630,pca_q16,0,route_slot_offset_3,3072,0.054081650617044875,56803
20260630,pca_q16,0,slot_offset_0,9216,0.16224495185113463,56803
20260630,pca_q16,0,slot_offset_2,6144,0.10816330123408975,56803
20260630,pca_q16,0,neutral,32227,0.567346795063641,56803
20260630,pca_q16,0,target,6144,0.10816330123408975,56803
20260630,pca_q16,1,route_slot_offset_3,3072,0.029489690127865453,104172
20260630,pca_q16,1,slot_offset_1,3072,0.029489690127865453,104172
20260630,pca_q16,1,slot_offset_2,6144,0.05897938025573091,104172
20260630,pca_q16,1,nuisance,3072,0.029489690127865453,104172
20260630,pca_q16,1,neutral,85740,0.8230618592328073,104172
20260630,pca_q16,1,target,3072,0.029489690127865453,104172
20260630,pca_q16,2,route_slot_offset_3,3072,0.022681965179639392,135438
20260630,pca_q16,2,nuisance,3072,0.022681965179639392,135438
20260630,pca_q16,2,neutral,129294,0.9546360696407212,135438
20260630,pca_q16,3,route_slot_offset_3,3072,0.03173455368118756,96803
20260630,pca_q16,3,slot_offset_0,3072,0.03173455368118756,96803
20260630,pca_q16,3,slot_offset_1,9216,0.0952036610435627,96803
20260630,pca_q16,3,nuisance,6144,0.06346910736237513,96803
20260630,pca_q16,3,neutral,72227,0.7461235705504995,96803
20260630,pca_q16,3,target,3072,0.03173455368118756,96803
20260630,pca_q32,0,nuisance,6144,0.07324924294809128,83878
20260630,pca_q32,0,neutral,71590,0.8535015141038175,83878
20260630,pca_q32,0,target,6144,0.07324924294809128,83878
20260630,pca_q32,1,route_slot_offset_3,3072,0.024919085975713625,123279
20260630,pca_q32,1,slot_offset_0,3072,0.024919085975713625,123279
20260630,pca_q32,1,slot_offset_1,3072,0.024919085975713625,123279
20260630,pca_q32,1,slot_offset_2,3072,0.024919085975713625,123279
20260630,pca_q32,1,neutral,110991,0.9003236560971455,123279
20260630,pca_q32,2,route_slot_offset_3,3072,0.03021896948592339,101658
20260630,pca_q32,2,slot_offset_0,3072,0.03021896948592339,101658
20260630,pca_q32,2,slot_offset_1,9216,0.09065690845777018,101658
20260630,pca_q32,2,neutral,80154,0.7884672135985362,101658
20260630,pca_q32,2,target,6144,0.06043793897184678,101658
20260630,pca_q32,3,route_slot_offset_3,6144,0.07279534602670584,84401
20260630,pca_q32,3,slot_offset_0,6144,0.07279534602670584,84401
20260630,pca_q32,3,slot_offset_2,9216,0.10919301904005876,84401
20260630,pca_q32,3,nuisance,6144,0.07279534602670584,84401
20260630,pca_q32,3,neutral,56753,0.6724209428798237,84401
20260630,bottleneck_ae_q4,0,route_slot_offset_3,3101,0.03376561155935932,91839
20260630,bottleneck_ae_q4,0,slot_offset_0,3072,0.033449841570574596,91839
20260630,bottleneck_ae_q4,0,slot_offset_1,3445,0.03751129694356428,91839
20260630,bottleneck_ae_q4,0,slot_offset_2,21,0.00022866102636134975,91839
20260630,bottleneck_ae_q4,0,neutral,79129,0.8616056359498688,91839
20260630,bottleneck_ae_q4,0,target,3071,0.03343895295027167,91839
20260630,bottleneck_ae_q4,1,route_slot_offset_3,6144,0.05850982782264209,105008
20260630,bottleneck_ae_q4,1,slot_offset_0,1085,0.010332546091726345,105008
20260630,bottleneck_ae_q4,1,slot_offset_1,2699,0.0257028035959165,105008
20260630,bottleneck_ae_q4,1,slot_offset_2,6150,0.05856696632637513,105008
20260630,bottleneck_ae_q4,1,nuisance,3072,0.029254913911321043,105008
20260630,bottleneck_ae_q4,1,neutral,79713,0.7591135913454213,105008
20260630,bottleneck_ae_q4,1,target,6145,0.05851935090659759,105008
20260630,bottleneck_ae_q4,2,route_slot_offset_3,3043,0.03016963604096646,100863
20260630,bottleneck_ae_q4,2,slot_offset_0,7973,0.07904781733638698,100863
20260630,bottleneck_ae_q4,2,slot_offset_1,3072,0.030457154754468932,100863
20260630,bottleneck_ae_q4,2,slot_offset_2,3045,0.030189464917759732,100863
20260630,bottleneck_ae_q4,2,nuisance,3072,0.030457154754468932,100863
20260630,bottleneck_ae_q4,2,neutral,80658,0.799678772195949,100863
20260630,bottleneck_ae_q4,3,slot_offset_0,158,0.0016543463237911754,95506
20260630,bottleneck_ae_q4,3,slot_offset_1,3072,0.03216551839674994,95506
20260630,bottleneck_ae_q4,3,slot_offset_2,3072,0.03216551839674994,95506
20260630,bottleneck_ae_q4,3,nuisance,6144,0.06433103679349989,95506
20260630,bottleneck_ae_q4,3,neutral,79988,0.8375180616924591,95506
20260630,bottleneck_ae_q4,3,target,3072,0.03216551839674994,95506
20260630,bottleneck_ae_q8,0,route_slot_offset_3,3072,0.033082415274771425,92859
20260630,bottleneck_ae_q8,0,slot_offset_0,3072,0.033082415274771425,92859
20260630,bottleneck_ae_q8,0,slot_offset_1,6144,0.06616483054954285,92859
20260630,bottleneck_ae_q8,0,nuisance,3072,0.033082415274771425,92859
20260630,bottleneck_ae_q8,0,neutral,77499,0.8345879236261429,92859
20260630,bottleneck_ae_q8,1,route_slot_offset_3,40,0.0003627854668141994,110258
20260630,bottleneck_ae_q8,1,slot_offset_2,6144,0.055723847702661033,110258
20260630,bottleneck_ae_q8,1,nuisance,6144,0.055723847702661033,110258
20260630,bottleneck_ae_q8,1,neutral,97930,0.8881895191278637,110258
20260630,bottleneck_ae_q8,2,route_slot_offset_3,6104,0.06506769001172583,93810
20260630,bottleneck_ae_q8,2,slot_offset_0,6144,0.06549408378637672,93810
20260630,bottleneck_ae_q8,2,slot_offset_1,3072,0.03274704189318836,93810
20260630,bottleneck_ae_q8,2,slot_offset_2,3072,0.03274704189318836,93810
20260630,bottleneck_ae_q8,2,neutral,69270,0.738407419251679,93810
20260630,bottleneck_ae_q8,2,target,6148,0.0655367231638418,93810
20260630,bottleneck_ae_q8,3,route_slot_offset_3,3072,0.0319039557997279,96289
20260630,bottleneck_ae_q8,3,slot_offset_0,3072,0.0319039557997279,96289
20260630,bottleneck_ae_q8,3,slot_offset_1,3072,0.0319039557997279,96289
20260630,bottleneck_ae_q8,3,slot_offset_2,3072,0.0319039557997279,96289
20260630,bottleneck_ae_q8,3,nuisance,3072,0.0319039557997279,96289
20260630,bottleneck_ae_q8,3,neutral,74789,0.7767138510110189,96289
20260630,bottleneck_ae_q8,3,target,6140,0.06376636999034158,96289
20260630,bottleneck_ae_q16,0,slot_offset_0,22,0.0002531441656023105,86907
20260630,bottleneck_ae_q16,0,slot_offset_1,3072,0.03534813076046809,86907
20260630,bottleneck_ae_q16,0,slot_offset_2,3072,0.03534813076046809,86907
20260630,bottleneck_ae_q16,0,nuisance,9178,0.10560714326809117,86907
20260630,bottleneck_ae_q16,0,neutral,65419,0.7527471895244342,86907
20260630,bottleneck_ae_q16,0,target,6144,0.07069626152093618,86907
20260630,bottleneck_ae_q16,1,route_slot_offset_3,3072,0.03173816017852715,96792
20260630,bottleneck_ae_q16,1,slot_offset_0,6145,0.06348665178940409,96792
20260630,bottleneck_ae_q16,1,slot_offset_1,3072,0.03173816017852715,96792
20260630,bottleneck_ae_q16,1,slot_offset_2,3072,0.03173816017852715,96792
20260630,bottleneck_ae_q16,1,nuisance,3110,0.03213075460781883,96792
20260630,bottleneck_ae_q16,1,neutral,75249,0.7774299528886685,96792
20260630,bottleneck_ae_q16,1,target,3072,0.03173816017852715,96792
20260630,bottleneck_ae_q16,2,route_slot_offset_3,9216,0.07979911680664993,115490
20260630,bottleneck_ae_q16,2,slot_offset_0,6121,0.053000259762750024,115490
20260630,bottleneck_ae_q16,2,slot_offset_2,3072,0.026599705602216642,115490
20260630,bottleneck_ae_q16,2,neutral,94009,0.8140012122261667,115490
20260630,bottleneck_ae_q16,2,target,3072,0.026599705602216642,115490
20260630,bottleneck_ae_q16,3,slot_offset_1,6144,0.06534293341274315,94027
20260630,bottleneck_ae_q16,3,slot_offset_2,3072,0.032671466706371576,94027
20260630,bottleneck_ae_q16,3,neutral,84811,0.9019855998808852,94027
20260630,bottleneck_ae_q32,0,route_slot_offset_3,3072,0.03191655151634788,96251
20260630,bottleneck_ae_q32,0,slot_offset_0,6144,0.06383310303269576,96251
20260630,bottleneck_ae_q32,0,slot_offset_1,6144,0.06383310303269576,96251
20260630,bottleneck_ae_q32,0,neutral,77819,0.8085006909019127,96251
20260630,bottleneck_ae_q32,0,target,3072,0.03191655151634788,96251
20260630,bottleneck_ae_q32,1,route_slot_offset_3,3072,0.026892874963888962,114231
20260630,bottleneck_ae_q32,1,slot_offset_1,3072,0.026892874963888962,114231
20260630,bottleneck_ae_q32,1,nuisance,6144,0.053785749927777925,114231
20260630,bottleneck_ae_q32,1,neutral,95799,0.8386427502166662,114231
20260630,bottleneck_ae_q32,1,target,6144,0.053785749927777925,114231
20260630,bottleneck_ae_q32,2,route_slot_offset_3,3072,0.024356402673495762,126127
20260630,bottleneck_ae_q32,2,slot_offset_0,3072,0.024356402673495762,126127
20260630,bottleneck_ae_q32,2,slot_offset_1,3072,0.024356402673495762,126127
20260630,bottleneck_ae_q32,2,slot_offset_2,3072,0.024356402673495762,126127
20260630,bottleneck_ae_q32,2,nuisance,3072,0.024356402673495762,126127
20260630,bottleneck_ae_q32,2,neutral,110767,0.8782179866325212,126127
20260630,bottleneck_ae_q32,3,route_slot_offset_3,3072,0.05426890667231968,56607
20260630,bottleneck_ae_q32,3,slot_offset_0,3072,0.05426890667231968,56607
20260630,bottleneck_ae_q32,3,slot_offset_2,9216,0.16280672001695903,56607
20260630,bottleneck_ae_q32,3,nuisance,3072,0.05426890667231968,56607
20260630,bottleneck_ae_q32,3,neutral,35103,0.6201176532937622,56607
20260630,bottleneck_ae_q32,3,target,3072,0.05426890667231968,56607
20260630,sae_l1_4x,0,route_slot_offset_3,6144,0.0980044982533378,62691
20260630,sae_l1_4x,0,slot_offset_0,9210,0.14691103986218118,62691
20260630,sae_l1_4x,0,slot_offset_2,6144,0.0980044982533378,62691
20260630,sae_l1_4x,0,nuisance,6144,0.0980044982533378,62691
20260630,sae_l1_4x,0,neutral,35049,0.5590754653778054,62691
20260630,sae_l1_4x,1,route_slot_offset_3,6144,0.08929583605842599,68805
20260630,sae_l1_4x,1,slot_offset_1,6144,0.08929583605842599,68805
20260630,sae_l1_4x,1,nuisance,3072,0.044647918029212995,68805
20260630,sae_l1_4x,1,neutral,44229,0.6428166557662961,68805
20260630,sae_l1_4x,1,target,9216,0.13394375408763898,68805
20260630,sae_l1_4x,2,slot_offset_0,3072,0.0221579475047064,138641
20260630,sae_l1_4x,2,slot_offset_1,3072,0.0221579475047064,138641
20260630,sae_l1_4x,2,slot_offset_2,3072,0.0221579475047064,138641
20260630,sae_l1_4x,2,nuisance,3072,0.0221579475047064,138641
20260630,sae_l1_4x,2,neutral,126353,0.9113682099811744,138641
20260630,sae_l1_4x,3,slot_offset_0,6,4.874917735763209e-05,123079
20260630,sae_l1_4x,3,slot_offset_1,3072,0.02495957880710763,123079
20260630,sae_l1_4x,3,slot_offset_2,3072,0.02495957880710763,123079
20260630,sae_l1_4x,3,neutral,113857,0.9250725144013194,123079
20260630,sae_l1_4x,3,target,3072,0.02495957880710763,123079
20260630,sae_topk_4x,0,route_slot_offset_3,3072,0.5,6144
20260630,sae_topk_4x,0,slot_offset_2,3072,0.5,6144
20260630,sae_topk_4x,1,slot_offset_1,3072,0.5,6144
20260630,sae_topk_4x,1,nuisance,3072,0.5,6144
20260630,sae_topk_4x,2,slot_offset_0,3072,0.5,6144
20260630,sae_topk_4x,2,nuisance,3072,0.5,6144
20260630,sae_topk_4x,3,route_slot_offset_3,9216,0.02459016393442623,374784
20260630,sae_topk_4x,3,slot_offset_0,9216,0.02459016393442623,374784
20260630,sae_topk_4x,3,slot_offset_1,9216,0.02459016393442623,374784
20260630,sae_topk_4x,3,slot_offset_2,9216,0.02459016393442623,374784
20260630,sae_topk_4x,3,nuisance,6144,0.01639344262295082,374784
20260630,sae_topk_4x,3,neutral,319488,0.8524590163934426,374784
20260630,sae_topk_4x,3,target,12288,0.03278688524590164,374784
20260630,sae_l1_8x,0,route_slot_offset_3,12288,0.14670662257190273,83759
20260630,sae_l1_8x,0,slot_offset_1,6144,0.07335331128595136,83759
20260630,sae_l1_8x,0,slot_offset_2,3072,0.03667665564297568,83759
20260630,sae_l1_8x,0,neutral,62255,0.7432634104991702,83759
20260630,sae_l1_8x,1,slot_offset_0,6144,0.0460866825689725,133314
20260630,sae_l1_8x,1,slot_offset_1,3072,0.02304334128448625,133314
20260630,sae_l1_8x,1,neutral,121026,0.907826634862055,133314
20260630,sae_l1_8x,1,target,3072,0.02304334128448625,133314
20260630,sae_l1_8x,2,slot_offset_0,3072,0.0347794583823929,88328
20260630,sae_l1_8x,2,slot_offset_2,9216,0.1043383751471787,88328
20260630,sae_l1_8x,2,nuisance,6144,0.0695589167647858,88328
20260630,sae_l1_8x,2,neutral,63752,0.7217643329408568,88328
20260630,sae_l1_8x,2,target,6144,0.0695589167647858,88328
20260630,sae_l1_8x,3,slot_offset_0,3072,0.034982633946364514,87815
20260630,sae_l1_8x,3,slot_offset_1,3072,0.034982633946364514,87815
20260630,sae_l1_8x,3,nuisance,6144,0.06996526789272903,87815
20260630,sae_l1_8x,3,neutral,72455,0.8250868302681774,87815
20260630,sae_l1_8x,3,target,3072,0.034982633946364514,87815
20260630,sae_topk_8x,0,slot_offset_0,3072,1.0,3072
20260630,sae_topk_8x,1,target,6144,1.0,6144
20260630,sae_topk_8x,2,neutral,20236,1.0,20236
20260630,sae_topk_8x,3,route_slot_offset_3,12288,0.033780143169747416,363764
20260630,sae_topk_8x,3,slot_offset_0,9216,0.025335107377310564,363764
20260630,sae_topk_8x,3,slot_offset_1,12288,0.033780143169747416,363764
20260630,sae_topk_8x,3,slot_offset_2,12288,0.033780143169747416,363764
20260630,sae_topk_8x,3,nuisance,12288,0.033780143169747416,363764
20260630,sae_topk_8x,3,neutral,299252,0.8226542483588261,363764
20260630,sae_topk_8x,3,target,6144,0.016890071584873708,363764
