seed,pool,cluster,position,count,fraction,cluster_total
20260623,all_position,0,0,3250,0.033380922545988644,97361
20260623,all_position,0,1,3235,0.03322685674962254,97361
20260623,all_position,0,2,2224,0.022842822074547305,97361
20260623,all_position,0,3,2191,0.02250387732254188,97361
20260623,all_position,0,4,3260,0.033483633076899375,97361
20260623,all_position,0,5,3209,0.032959809369254627,97361
20260623,all_position,0,6,2133,0.021908156243259622,97361
20260623,all_position,0,7,4209,0.043230862460328055,97361
20260623,all_position,0,8,3248,0.03336038043980649,97361
20260623,all_position,0,9,3250,0.033380922545988644,97361
20260623,all_position,0,10,2272,0.02333583262291883,97361
20260623,all_position,0,11,2151,0.022093035198898943,97361
20260623,all_position,0,12,3197,0.03283655673216175,97361
20260623,all_position,0,13,3160,0.03245652776779203,97361
20260623,all_position,0,14,2186,0.02245252205708651,97361
20260623,all_position,0,15,4262,0.04377522827415495,97361
20260623,all_position,0,16,3227,0.03314468832489395,97361
20260623,all_position,0,17,3279,0.03367878308562977,97361
20260623,all_position,0,18,2124,0.02181571676543996,97361
20260623,all_position,0,19,2230,0.022904448393093742,97361
20260623,all_position,0,20,3214,0.033011164634709995,97361
20260623,all_position,0,21,3131,0.0321586672281509,97361
20260623,all_position,0,22,2229,0.02289417734000267,97361
20260623,all_position,0,23,4270,0.043857396698883534,97361
20260623,all_position,0,24,3266,0.033545259395445816,97361
20260623,all_position,0,25,3273,0.03361715676708333,97361
20260623,all_position,0,26,3299,0.03388420414745124,97361
20260623,all_position,0,27,3218,0.03305224884707429,97361
20260623,all_position,0,28,3232,0.03319604359034932,97361
20260623,all_position,0,29,3262,0.03350417518308152,97361
20260623,all_position,0,30,3332,0.034223148899456664,97361
20260623,all_position,0,31,3338,0.034284775218003105,97361
20260623,all_position,1,0,4508,0.035265862988836646,127829
20260623,all_position,1,1,4537,0.03549272856707007,127829
20260623,all_position,1,2,4999,0.03910693191685768,127829
20260623,all_position,1,3,3987,0.031190105531608635,127829
20260623,all_position,1,4,4013,0.031393502256921356,127829
20260623,all_position,1,5,3012,0.02356272833238154,127829
20260623,all_position,1,6,3011,0.023554905381407976,127829
20260623,all_position,1,7,2952,0.023093351273967565,127829
20260623,all_position,1,8,4398,0.03440533838174436,127829
20260623,all_position,1,9,4508,0.035265862988836646,127829
20260623,all_position,1,10,4907,0.038387220427289585,127829
20260623,all_position,1,11,4045,0.03164383668807547,127829
20260623,all_position,1,12,3995,0.03125268913939716,127829
20260623,all_position,1,13,2958,0.023140288979808965,127829
20260623,all_position,1,14,2934,0.022952538156443374,127829
20260623,all_position,1,15,2934,0.022952538156443374,127829
20260623,all_position,1,16,4479,0.03503899741060323,127829
20260623,all_position,1,17,4442,0.034749548224581275,127829
20260623,all_position,1,18,5046,0.03947461061261529,127829
20260623,all_position,1,19,3884,0.030384341581331308,127829
20260623,all_position,1,20,3986,0.031182282580635066,127829
20260623,all_position,1,21,2985,0.02335150865609525,127829
20260623,all_position,1,22,2882,0.022545744705817928,127829
20260623,all_position,1,23,2998,0.023453207018751615,127829
20260623,all_position,1,24,4388,0.034327108872008696,127829
20260623,all_position,1,25,4487,0.03510158101839176,127829
20260623,all_position,1,26,4393,0.03436622362687653,127829
20260623,all_position,1,27,4414,0.034530505597321424,127829
20260623,all_position,1,28,4415,0.034538328548294986,127829
20260623,all_position,1,29,4432,0.03467131871484561,127829
20260623,all_position,1,30,4459,0.0348825383911319,127829
20260623,all_position,1,31,4441,0.03474172527360771,127829
20260623,all_position,2,0,2702,0.030962093780079754,87268
20260623,all_position,2,1,2616,0.029976623733785582,87268
20260623,all_position,2,2,3768,0.043177338772516845,87268
20260623,all_position,2,3,2824,0.03236008617133428,87268
20260623,all_position,2,4,1715,0.019652106155750103,87268
20260623,all_position,2,5,1775,0.02033964339735069,87268
20260623,all_position,2,6,3859,0.044220103588944404,87268
20260623,all_position,2,7,2811,0.03221111976898749,87268
20260623,all_position,2,8,2697,0.030904799009946374,87268
20260623,all_position,2,9,2568,0.029426593940505112,87268
20260623,all_position,2,10,3827,0.04385341706009076,87268
20260623,all_position,2,11,2768,0.0317183847458404,87268
20260623,all_position,2,12,1791,0.02052298666177751,87268
20260623,all_position,2,13,1724,0.01975523674199019,87268
20260623,all_position,2,14,3845,0.04405967823257093,87268
20260623,all_position,2,15,2758,0.03160379520557364,87268
20260623,all_position,2,16,2614,0.029953705825732226,87268
20260623,all_position,2,17,2676,0.030664160975386167,87268
20260623,all_position,2,18,3817,0.04373882751982399,87268
20260623,all_position,2,19,2785,0.0319131869642939,87268
20260623,all_position,2,20,1759,0.02015630013292387,87268
20260623,all_position,2,21,1800,0.020626117248017602,87268
20260623,all_position,2,22,3797,0.04350964843929046,87268
20260623,all_position,2,23,2775,0.03179859742402714,87268
20260623,all_position,2,24,2671,0.030606866205252783,87268
20260623,all_position,2,25,2652,0.030389146078745932,87268
20260623,all_position,2,26,2709,0.03104230645826649,87268
20260623,all_position,2,27,2692,0.03084750423981299,87268
20260623,all_position,2,28,2671,0.030606866205252783,87268
20260623,all_position,2,29,2645,0.030308933400559197,87268
20260623,all_position,2,30,2617,0.029988082687812258,87268
20260623,all_position,2,31,2540,0.02910574322775817,87268
20260623,all_position,3,0,1828,0.022635528368706505,80758
20260623,all_position,3,1,1900,0.023527080908392978,80758
20260623,all_position,3,2,1297,0.016060328388518785,80758
20260623,all_position,3,3,3286,0.040689467297357534,80758
20260623,all_position,3,4,3300,0.0408628247356299,80758
20260623,all_position,3,5,4292,0.053146437504643505,80758
20260623,all_position,3,6,3285,0.04067708462319523,80758
20260623,all_position,3,7,2316,0.028678273359914807,80758
20260623,all_position,3,8,1945,0.02408430124569702,80758
20260623,all_position,3,9,1962,0.024294806706456326,80758
20260623,all_position,3,10,1282,0.015874588276084102,80758
20260623,all_position,3,11,3324,0.041160008915525396,80758
20260623,all_position,3,12,3305,0.04092473810644147,80758
20260623,all_position,3,13,4446,0.05505336932563956,80758
20260623,all_position,3,14,3323,0.04114762624136308,80758
20260623,all_position,3,15,2334,0.028901161494836423,80758
20260623,all_position,3,16,1968,0.0243691027514302,80758
20260623,all_position,3,17,1891,0.023415636840932168,80758
20260623,all_position,3,18,1301,0.016109859085168033,80758
20260623,all_position,3,19,3389,0.04196488273607568,80758
20260623,all_position,3,20,3329,0.041221922286336955,80758
20260623,all_position,3,21,4372,0.054137051437628474,80758
20260623,all_position,3,22,3380,0.04185343866861487,80758
20260623,all_position,3,23,2245,0.02779910349439065,80758
20260623,all_position,3,24,1963,0.024307189380618637,80758
20260623,all_position,3,25,1876,0.023229896728497488,80758
20260623,all_position,3,26,1887,0.02336610614428292,80758
20260623,all_position,3,27,1964,0.02431957205478095,80758
20260623,all_position,3,28,1970,0.02439386809975482,80758
20260623,all_position,3,29,1949,0.02413383194234627,80758
20260623,all_position,3,30,1880,0.023279427425146736,80758
20260623,all_position,3,31,1969,0.02438148542559251,80758
20260623,route_only,0,5,1024,0.3333333333333333,3072
20260623,route_only,0,13,1024,0.3333333333333333,3072
20260623,route_only,0,21,1024,0.3333333333333333,3072
20260623,route_only,1,5,1024,0.3333333333333333,3072
20260623,route_only,1,13,1024,0.3333333333333333,3072
20260623,route_only,1,21,1024,0.3333333333333333,3072
20260623,route_only,2,5,1024,0.3333333333333333,3072
20260623,route_only,2,13,1024,0.3333333333333333,3072
20260623,route_only,2,21,1024,0.3333333333333333,3072
20260623,route_only,3,5,1024,0.3333333333333333,3072
20260623,route_only,3,13,1024,0.3333333333333333,3072
20260623,route_only,3,21,1024,0.3333333333333333,3072
20260623,slot_offset_3,0,5,1024,0.3333333333333333,3072
20260623,slot_offset_3,0,13,1024,0.3333333333333333,3072
20260623,slot_offset_3,0,21,1024,0.3333333333333333,3072
20260623,slot_offset_3,1,5,1024,0.3333333333333333,3072
20260623,slot_offset_3,1,13,1024,0.3333333333333333,3072
20260623,slot_offset_3,1,21,1024,0.3333333333333333,3072
20260623,slot_offset_3,2,5,1024,0.3333333333333333,3072
20260623,slot_offset_3,2,13,1024,0.3333333333333333,3072
20260623,slot_offset_3,2,21,1024,0.3333333333333333,3072
20260623,slot_offset_3,3,5,1024,0.3333333333333333,3072
20260623,slot_offset_3,3,13,1024,0.3333333333333333,3072
20260623,slot_offset_3,3,21,1024,0.3333333333333333,3072
20260623,selector_stability_top1_position,0,11,1024,1.0,1024
20260623,selector_stability_top1_position,1,11,2048,1.0,2048
20260623,selector_stability_top1_position,2,11,8192,1.0,8192
20260623,selector_stability_top1_position,3,11,1024,1.0,1024
20260623,selector_stability_top3_positions,0,11,1075,0.20417853751187084,5265
20260623,selector_stability_top3_positions,0,13,3124,0.5933523266856601,5265
20260623,selector_stability_top3_positions,0,14,1066,0.20246913580246914,5265
20260623,selector_stability_top3_positions,1,11,8141,0.31981928894126893,25455
20260623,selector_stability_top3_positions,1,13,8140,0.31978000392850126,25455
20260623,selector_stability_top3_positions,1,14,9174,0.3604007071302298,25455
20260623,selector_stability_top3_positions,2,11,2048,1.0,2048
20260623,selector_stability_top3_positions,3,11,1024,0.25,4096
20260623,selector_stability_top3_positions,3,13,1024,0.25,4096
20260623,selector_stability_top3_positions,3,14,2048,0.5,4096
20260623,selector_stability_threshold_positions,0,7,1024,0.3333333333333333,3072
20260623,selector_stability_threshold_positions,0,13,1024,0.3333333333333333,3072
20260623,selector_stability_threshold_positions,0,15,1024,0.3333333333333333,3072
20260623,selector_stability_threshold_positions,1,7,2048,0.5,4096
20260623,selector_stability_threshold_positions,1,15,2048,0.5,4096
20260623,selector_stability_threshold_positions,2,7,8153,0.17371942384726838,46932
20260623,selector_stability_threshold_positions,2,11,10208,0.21750617915281684,46932
20260623,selector_stability_threshold_positions,2,13,10214,0.21763402369385493,46932
20260623,selector_stability_threshold_positions,2,14,10206,0.21746356430580413,46932
20260623,selector_stability_threshold_positions,2,15,8151,0.1736768090002557,46932
20260623,selector_stability_threshold_positions,3,7,1063,0.14482288828337875,7340
20260623,selector_stability_threshold_positions,3,11,2080,0.28337874659400547,7340
20260623,selector_stability_threshold_positions,3,13,1050,0.14305177111716622,7340
20260623,selector_stability_threshold_positions,3,14,2082,0.28365122615803817,7340
20260623,selector_stability_threshold_positions,3,15,1065,0.14509536784741145,7340
20260623,pca_q4,0,0,3012,0.034102488621181586,88322
20260623,pca_q4,0,1,2894,0.03276646815063065,88322
20260623,pca_q4,0,2,1982,0.02244061502230475,88322
20260623,pca_q4,0,3,1890,0.021398971943570117,88322
20260623,pca_q4,0,4,2910,0.03294762346867145,88322
20260623,pca_q4,0,5,2959,0.03350241163017142,88322
20260623,pca_q4,0,6,1932,0.021874504653427232,88322
20260623,pca_q4,0,7,3987,0.04514164081429316,88322
20260623,pca_q4,0,8,2933,0.03320803423835511,88322
20260623,pca_q4,0,9,2943,0.033321256312130614,88322
20260623,pca_q4,0,10,1942,0.021987726727202735,88322
20260623,pca_q4,0,11,1930,0.02185186023867213,88322
20260623,pca_q4,0,12,2962,0.03353637825230407,88322
20260623,pca_q4,0,13,2998,0.03394397771789588,88322
20260623,pca_q4,0,14,1923,0.02177260478702928,88322
20260623,pca_q4,0,15,4003,0.04532279613233396,88322
20260623,pca_q4,0,16,2918,0.03303820112769185,88322
20260623,pca_q4,0,17,2941,0.03329861189737551,88322
20260623,pca_q4,0,18,2004,0.022689703584610855,88322
20260623,pca_q4,0,19,1959,0.022180204252621093,88322
20260623,pca_q4,0,20,2972,0.033649600326079575,88322
20260623,pca_q4,0,21,2950,0.03340051176377346,88322
20260623,pca_q4,0,22,2014,0.022802925658386358,88322
20260623,pca_q4,0,23,3941,0.04462081927492584,88322
20260623,pca_q4,0,24,2886,0.032675890491610245,88322
20260623,pca_q4,0,25,3003,0.03400058875478363,88322
20260623,pca_q4,0,26,2940,0.03328728968999796,88322
20260623,pca_q4,0,27,2958,0.03349108942279387,88322
20260623,pca_q4,0,28,2942,0.03330993410475306,88322
20260623,pca_q4,0,29,2869,0.03248341296619189,88322
20260623,pca_q4,0,30,2845,0.03221167998913068,88322
20260623,pca_q4,0,31,2980,0.03374017798509998,88322
20260623,pca_q4,1,0,2962,0.031133067059070842,95140
20260623,pca_q4,1,1,2931,0.030807231448391842,95140
20260623,pca_q4,1,2,2828,0.029724616354845492,95140
20260623,pca_q4,1,3,2894,0.030418330880807233,95140
20260623,pca_q4,1,4,3957,0.04159133907925163,95140
20260623,pca_q4,1,5,2896,0.0304393525331091,95140
20260623,pca_q4,1,6,3885,0.040834559596384275,95140
20260623,pca_q4,1,7,1869,0.01964473407609838,95140
20260623,pca_q4,1,8,2911,0.030597014925373135,95140
20260623,pca_q4,1,9,2791,0.02933571578726088,95140
20260623,pca_q4,1,10,2924,0.030733655665335296,95140
20260623,pca_q4,1,11,2923,0.030723144839184358,95140
20260623,pca_q4,1,12,3926,0.04126550346857263,95140
20260623,pca_q4,1,13,2936,0.03085978557914652,95140
20260623,pca_q4,1,14,3902,0.04101324364095018,95140
20260623,pca_q4,1,15,1840,0.019339920117721253,95140
20260623,pca_q4,1,16,2882,0.030292200966996006,95140
20260623,pca_q4,1,17,2781,0.029230607525751524,95140
20260623,pca_q4,1,18,2866,0.03012402774858104,95140
20260623,pca_q4,1,19,2933,0.030828253100693714,95140
20260623,pca_q4,1,20,4016,0.04221147782215682,95140
20260623,pca_q4,1,21,2904,0.030523439142316585,95140
20260623,pca_q4,1,22,3944,0.04145469833928947,95140
20260623,pca_q4,1,23,1858,0.019529114988438092,95140
20260623,pca_q4,1,24,2847,0.029924322051713265,95140
20260623,pca_q4,1,25,2805,0.029482867353373975,95140
20260623,pca_q4,1,26,2884,0.030313222619297878,95140
20260623,pca_q4,1,27,2877,0.030239646836241328,95140
20260623,pca_q4,1,28,2729,0.02868404456590288,95140
20260623,pca_q4,1,29,2762,0.02903090182888375,95140
20260623,pca_q4,1,30,2804,0.02947235652722304,95140
20260623,pca_q4,1,31,2873,0.030197603531637588,95140
20260623,pca_q4,2,0,1787,0.02571741070143626,69486
20260623,pca_q4,2,1,1805,0.025976455688915753,69486
20260623,pca_q4,2,2,3332,0.04795210546009268,69486
20260623,pca_q4,2,3,2295,0.03302823590363527,69486
20260623,pca_q4,2,4,1224,0.017615059148605474,69486
20260623,pca_q4,2,5,2205,0.031733010966237804,69486
20260623,pca_q4,2,6,3290,0.04734766715597386,69486
20260623,pca_q4,2,7,2256,0.03246697176409637,69486
20260623,pca_q4,2,8,1843,0.026523328440261347,69486
20260623,pca_q4,2,9,1856,0.026710416486774313,69486
20260623,pca_q4,2,10,3281,0.04721814466223412,69486
20260623,pca_q4,2,11,2270,0.032668451198802635,69486
20260623,pca_q4,2,12,1210,0.017413579713899202,69486
20260623,pca_q4,2,13,2236,0.03217914400023026,69486
20260623,pca_q4,2,14,3342,0.04809601934202573,69486
20260623,pca_q4,2,15,2227,0.03204962150649052,69486
20260623,pca_q4,2,16,1865,0.02683993898051406,69486
20260623,pca_q4,2,17,1869,0.02689750453328728,69486
20260623,pca_q4,2,18,3314,0.04769306047261319,69486
20260623,pca_q4,2,19,2271,0.03268284258699594,69486
20260623,pca_q4,2,20,1242,0.017874104136084968,69486
20260623,pca_q4,2,21,2293,0.032999453127248654,69486
20260623,pca_q4,2,22,3278,0.047174970497654206,69486
20260623,pca_q4,2,23,2224,0.0320064473419106,69486
20260623,pca_q4,2,24,1848,0.026595285381227872,69486
20260623,pca_q4,2,25,1775,0.0255447140431166,69486
20260623,pca_q4,2,26,1860,0.026767982039547535,69486
20260623,pca_q4,2,27,1863,0.02681115620412745,69486
20260623,pca_q4,2,28,1863,0.02681115620412745,69486
20260623,pca_q4,2,29,1855,0.02669602509858101,69486
20260623,pca_q4,2,30,1846,0.026566502604841263,69486
20260623,pca_q4,2,31,1761,0.02534323460841033,69486
20260623,pca_q4,3,0,4527,0.032273932757293185,140268
20260623,pca_q4,3,1,4658,0.03320785924088174,140268
20260623,pca_q4,3,2,4146,0.029557703824108137,140268
20260623,pca_q4,3,3,5209,0.0371360538397924,140268
20260623,pca_q4,3,4,4197,0.029921293523825818,140268
20260623,pca_q4,3,5,4228,0.030142299027575783,140268
20260623,pca_q4,3,6,3181,0.022678016368665697,140268
20260623,pca_q4,3,7,4176,0.029771580118059714,140268
20260623,pca_q4,3,8,4601,0.03280149428237374,140268
20260623,pca_q4,3,9,4698,0.033493027632817175,140268
20260623,pca_q4,3,10,4141,0.029522057775116205,140268
20260623,pca_q4,3,11,5165,0.03682236860866341,140268
20260623,pca_q4,3,12,4190,0.02987138905523712,140268
20260623,pca_q4,3,13,4118,0.02935808594975333,140268
20260623,pca_q4,3,14,3121,0.02225026378076254,140268
20260623,pca_q4,3,15,4218,0.030071006929591925,140268
20260623,pca_q4,3,16,4623,0.032958336897938235,140268
20260623,pca_q4,3,17,4697,0.033485898423018794,140268
20260623,pca_q4,3,18,4104,0.029258277012575926,140268
20260623,pca_q4,3,19,5125,0.036537200216727975,140268
20260623,pca_q4,3,20,4058,0.028930333361850174,140268
20260623,pca_q4,3,21,4141,0.029522057775116205,140268
20260623,pca_q4,3,22,3052,0.02175834830467391,140268
20260623,pca_q4,3,23,4265,0.030406079790116062,140268
20260623,pca_q4,3,24,4707,0.03355719052100265,140268
20260623,pca_q4,3,25,4705,0.03354293210140588,140268
20260623,pca_q4,3,26,4604,0.0328228819117689,140268
20260623,pca_q4,3,27,4590,0.0327230729745915,140268
20260623,pca_q4,3,28,4754,0.03389226338152679,140268
20260623,pca_q4,3,29,4802,0.034234465451849314,140268
20260623,pca_q4,3,30,4793,0.034170302563663844,140268
20260623,pca_q4,3,31,4674,0.03332192659765591,140268
20260623,pca_q8,0,0,2864,0.027505930486059756,104123
20260623,pca_q8,0,1,2895,0.027803655292298533,104123
20260623,pca_q8,0,2,1918,0.01842052188277326,104123
20260623,pca_q8,0,3,2895,0.027803655292298533,104123
20260623,pca_q8,0,4,4968,0.04771280120626566,104123
20260623,pca_q8,0,5,2865,0.02751553451206746,104123
20260623,pca_q8,0,6,4998,0.04800092198649674,104123
20260623,pca_q8,0,7,2932,0.028159004254583522,104123
20260623,pca_q8,0,8,3047,0.0292634672454693,104123
20260623,pca_q8,0,9,2981,0.028629601528960942,104123
20260623,pca_q8,0,10,1952,0.01874705876703514,104123
20260623,pca_q8,0,11,2996,0.028773661919076477,104123
20260623,pca_q8,0,12,5019,0.04820260653265849,104123
20260623,pca_q8,0,13,3048,0.029273071271477002,104123
20260623,pca_q8,0,14,5002,0.04803933809052755,104123
20260623,pca_q8,0,15,2985,0.02866801763299175,104123
20260623,pca_q8,0,16,2964,0.028466333086829998,104123
20260623,pca_q8,0,17,2941,0.028245440488652844,104123
20260623,pca_q8,0,18,2027,0.019467360717612823,104123
20260623,pca_q8,0,19,3002,0.02883128607512269,104123
20260623,pca_q8,0,20,5060,0.04859637159897429,104123
20260623,pca_q8,0,21,3033,0.029129010881361467,104123
20260623,pca_q8,0,22,5054,0.048538747442928076,104123
20260623,pca_q8,0,23,3005,0.0288600981531458,104123
20260623,pca_q8,0,24,2920,0.028043755942491092,104123
20260623,pca_q8,0,25,2960,0.02842791698279919,104123
20260623,pca_q8,0,26,2981,0.028629601528960942,104123
20260623,pca_q8,0,27,3020,0.029004158543261334,104123
20260623,pca_q8,0,28,2889,0.027746031136252316,104123
20260623,pca_q8,0,29,2967,0.028495145164853106,104123
20260623,pca_q8,0,30,2929,0.028130192176560414,104123
20260623,pca_q8,0,31,3006,0.0288697021791535,104123
20260623,pca_q8,1,0,1239,0.02623277084965383,47231
20260623,pca_q8,1,1,1310,0.027736020833774428,47231
20260623,pca_q8,1,2,2943,0.0623107704685482,47231
20260623,pca_q8,1,3,939,0.01988101035336961,47231
20260623,pca_q8,1,4,857,0.018144862484385255,47231
20260623,pca_q8,1,5,881,0.018653003324087994,47231
20260623,pca_q8,1,6,1945,0.04118058055090936,47231
20260623,pca_q8,1,7,1911,0.04046071436133048,47231
20260623,pca_q8,1,8,1342,0.02841354195337808,47231
20260623,pca_q8,1,9,1343,0.02843471448836569,47231
20260623,pca_q8,1,10,2982,0.06313649933306514,47231
20260623,pca_q8,1,11,882,0.018674175859075607,47231
20260623,pca_q8,1,12,865,0.018314242764286167,47231
20260623,pca_q8,1,13,847,0.017933137134509114,47231
20260623,pca_q8,1,14,1956,0.041413478435773116,47231
20260623,pca_q8,1,15,1921,0.040672439711206626,47231
20260623,pca_q8,1,16,1361,0.028815820118142745,47231
20260623,pca_q8,1,17,1327,0.028095953928563868,47231
20260623,pca_q8,1,18,2971,0.0629036014482014,47231
20260623,pca_q8,1,19,892,0.01888590120895175,47231
20260623,pca_q8,1,20,925,0.01958459486354301,47231
20260623,pca_q8,1,21,905,0.01916114416379073,47231
20260623,pca_q8,1,22,1897,0.040164298871503884,47231
20260623,pca_q8,1,23,1923,0.04071478478118185,47231
20260623,pca_q8,1,24,1377,0.02915458067794457,47231
20260623,pca_q8,1,25,1313,0.02779953843873727,47231
20260623,pca_q8,1,26,1372,0.0290487180030065,47231
20260623,pca_q8,1,27,1375,0.02911223560796934,47231
20260623,pca_q8,1,28,1438,0.03044610531218903,47231
20260623,pca_q8,1,29,1378,0.029175753212932184,47231
20260623,pca_q8,1,30,1304,0.027608985623848743,47231
20260623,pca_q8,1,31,1310,0.027736020833774428,47231
20260623,pca_q8,2,0,4582,0.03536066800947684,129579
20260623,pca_q8,2,1,4446,0.03431111522700438,129579
20260623,pca_q8,2,2,4058,0.03131680287700939,129579
20260623,pca_q8,2,3,4007,0.030923220583582215,129579
20260623,pca_q8,2,4,3007,0.023205920712461123,129579
20260623,pca_q8,2,5,4049,0.0312473471781693,129579
20260623,pca_q8,2,6,2989,0.023067009314780944,129579
20260623,pca_q8,2,7,5058,0.03903410274813048,129579
20260623,pca_q8,2,8,4252,0.03281395905200688,129579
20260623,pca_q8,2,9,4421,0.03411818273022635,129579
20260623,pca_q8,2,10,3897,0.030074317597758898,129579
20260623,pca_q8,2,11,3886,0.029989427299176565,129579
20260623,pca_q8,2,12,2953,0.022789186519420586,129579
20260623,pca_q8,2,13,3909,0.03016692519621235,129579
20260623,pca_q8,2,14,2941,0.02269657892096713,129579
20260623,pca_q8,2,15,5034,0.03884888755122358,129579
20260623,pca_q8,2,16,4360,0.03364742743808796,129579
20260623,pca_q8,2,17,4475,0.034534916923266885,129579
20260623,pca_q8,2,18,3932,0.030344423093248134,129579
20260623,pca_q8,2,19,3925,0.030290401994150288,129579
20260623,pca_q8,2,20,2869,0.022140933330246415,129579
20260623,pca_q8,2,21,3896,0.030066600297887776,129579
20260623,pca_q8,2,22,2932,0.02262712322212704,129579
20260623,pca_q8,2,23,4933,0.03806944026424035,129579
20260623,pca_q8,2,24,4336,0.03346221224118105,129579
20260623,pca_q8,2,25,4337,0.03346992954105218,129579
20260623,pca_q8,2,26,4301,0.03319210674569182,129579
20260623,pca_q8,2,27,4344,0.03352395064015003,129579
20260623,pca_q8,2,28,4361,0.03365514473795908,129579
20260623,pca_q8,2,29,4396,0.03392525023344832,129579
20260623,pca_q8,2,30,4393,0.03390209833383496,129579
20260623,pca_q8,2,31,4300,0.033184389445820694,129579
20260623,pca_q8,3,0,3603,0.03208856193724785,112283
20260623,pca_q8,3,1,3637,0.03239136823918135,112283
20260623,pca_q8,3,2,3369,0.030004542094529,112283
20260623,pca_q8,3,3,4447,0.039605283079361966,112283
20260623,pca_q8,3,4,3456,0.030779369984770624,112283
20260623,pca_q8,3,5,4493,0.0400149621937426,112283
20260623,pca_q8,3,6,2356,0.02098269551045127,112283
20260623,pca_q8,3,7,2387,0.021258783609272996,112283
20260623,pca_q8,3,8,3647,0.03248042891622062,112283
20260623,pca_q8,3,9,3543,0.03155419787501225,112283
20260623,pca_q8,3,10,3457,0.030788276052474552,112283
20260623,pca_q8,3,11,4524,0.04029105029256432,112283
20260623,pca_q8,3,12,3451,0.03073483964625099,112283
20260623,pca_q8,3,13,4484,0.039934807584407254,112283
20260623,pca_q8,3,14,2389,0.02127659574468085,112283
20260623,pca_q8,3,15,2348,0.020911446968819858,112283
20260623,pca_q8,3,16,3603,0.03208856193724785,112283
20260623,pca_q8,3,17,3545,0.0315720100104201,112283
20260623,pca_q8,3,18,3358,0.02990657534978581,112283
20260623,pca_q8,3,19,4469,0.03980121656884836,112283
20260623,pca_q8,3,20,3434,0.030583436495284236,112283
20260623,pca_q8,3,21,4454,0.039667625553289454,112283
20260623,pca_q8,3,22,2405,0.02141909282794368,112283
20260623,pca_q8,3,23,2427,0.021615026317430064,112283
20260623,pca_q8,3,24,3655,0.032551677457852035,112283
20260623,pca_q8,3,25,3678,0.03275651701504235,112283
20260623,pca_q8,3,26,3634,0.03236465003606957,112283
20260623,pca_q8,3,27,3549,0.03160763428123581,112283
20260623,pca_q8,3,28,3600,0.032061843734136064,112283
20260623,pca_q8,3,29,3547,0.03158982214582795,112283
20260623,pca_q8,3,30,3662,0.03261401993177952,112283
20260623,pca_q8,3,31,3672,0.03270308060881879,112283
20260623,pca_q16,0,0,4610,0.035598730492127355,129499
20260623,pca_q16,0,1,4698,0.03627827241909204,129499
20260623,pca_q16,0,2,3120,0.024092850137838902,129499
20260623,pca_q16,0,3,4148,0.03203113537556274,129499
20260623,pca_q16,0,4,3200,0.02471061552598862,129499
20260623,pca_q16,0,5,4076,0.031475146526228,129499
20260623,pca_q16,0,6,3054,0.023583193692615387,129499
20260623,pca_q16,0,7,4111,0.0317454188835435,129499
20260623,pca_q16,0,8,4485,0.03463347207314342,129499
20260623,pca_q16,0,9,4519,0.03489602236310705,129499
20260623,pca_q16,0,10,3093,0.02388435431933837,129499
20260623,pca_q16,0,11,4093,0.03160642167120982,129499
20260623,pca_q16,0,12,3103,0.023961574992857088,129499
20260623,pca_q16,0,13,4040,0.03119715210156063,129499
20260623,pca_q16,0,14,3113,0.024038795666375803,129499
20260623,pca_q16,0,15,4187,0.03233229600228573,129499
20260623,pca_q16,0,16,4608,0.03558328635742361,129499
20260623,pca_q16,0,17,4703,0.0363168827558514,129499
20260623,pca_q16,0,18,3058,0.023614081962022873,129499
20260623,pca_q16,0,19,4131,0.03189986023058093,129499
20260623,pca_q16,0,20,3021,0.02332836547000363,129499
20260623,pca_q16,0,21,4076,0.031475146526228,129499
20260623,pca_q16,0,22,3097,0.023915242588745857,129499
20260623,pca_q16,0,23,4090,0.0315832554691542,129499
20260623,pca_q16,0,24,4591,0.03545201121244179,129499
20260623,pca_q16,0,25,4593,0.035467455347145536,129499
20260623,pca_q16,0,26,4726,0.03649449030494444,129499
20260623,pca_q16,0,27,4544,0.03508907404690384,129499
20260623,pca_q16,0,28,4571,0.03529756986540437,129499
20260623,pca_q16,0,29,4629,0.03574544977181291,129499
20260623,pca_q16,0,30,4718,0.03643271376612947,129499
20260623,pca_q16,0,31,4693,0.03623966208233268,129499
20260623,pca_q16,1,0,2560,0.025807232073550613,99197
20260623,pca_q16,1,1,2517,0.02537375122231519,99197
20260623,pca_q16,1,2,1610,0.016230329546256438,99197
20260623,pca_q16,1,3,3637,0.036664415254493585,99197
20260623,pca_q16,1,4,3688,0.03717854370595885,99197
20260623,pca_q16,1,5,4664,0.04701755093400002,99197
20260623,pca_q16,1,6,4693,0.04730989848483321,99197
20260623,pca_q16,1,7,2624,0.026452412875389377,99197
20260623,pca_q16,1,8,2615,0.0263616843251308,99197
20260623,pca_q16,1,9,2610,0.026311279574987148,99197
20260623,pca_q16,1,10,1723,0.01736947689950301,99197
20260623,pca_q16,1,11,3759,0.03789429115799873,99197
20260623,pca_q16,1,12,3690,0.03719870560601631,99197
20260623,pca_q16,1,13,4876,0.04915471234009093,99197
20260623,pca_q16,1,14,4694,0.04731997943486194,99197
20260623,pca_q16,1,15,2643,0.02664395092593526,99197
20260623,pca_q16,1,16,2521,0.025414075022430115,99197
20260623,pca_q16,1,17,2451,0.024708408520418966,99197
20260623,pca_q16,1,18,1720,0.017339234049416816,99197
20260623,pca_q16,1,19,3775,0.03805558635845842,99197
20260623,pca_q16,1,20,3774,0.03804550540842969,99197
20260623,pca_q16,1,21,4772,0.04810629353710294,99197
20260623,pca_q16,1,22,4823,0.0486204219885682,99197
20260623,pca_q16,1,23,2662,0.026835488976481144,99197
20260623,pca_q16,1,24,2539,0.025595532122947268,99197
20260623,pca_q16,1,25,2482,0.025020917971309616,99197
20260623,pca_q16,1,26,2474,0.02494027037107977,99197
20260623,pca_q16,1,27,2610,0.026311279574987148,99197
20260623,pca_q16,1,28,2487,0.02507132272145327,99197
20260623,pca_q16,1,29,2521,0.025414075022430115,99197
20260623,pca_q16,1,30,2443,0.024627760920189118,99197
20260623,pca_q16,1,31,2540,0.025605613072975996,99197
20260623,pca_q16,2,0,1724,0.03112531369044395,55389
20260623,pca_q16,2,1,1621,0.02926573868457636,55389
20260623,pca_q16,2,2,3167,0.057177417898860786,55389
20260623,pca_q16,2,3,1151,0.020780299337413564,55389
20260623,pca_q16,2,4,1065,0.01922764447814548,55389
20260623,pca_q16,2,5,1143,0.02063586632724909,55389
20260623,pca_q16,2,6,2173,0.039231616385925004,55389
20260623,pca_q16,2,7,2157,0.03894275036559606,55389
20260623,pca_q16,2,8,1697,0.030637852281138855,55389
20260623,pca_q16,2,9,1629,0.029410171694740833,55389
20260623,pca_q16,2,10,3148,0.05683438949972016,55389
20260623,pca_q16,2,11,1090,0.01967899763490946,55389
20260623,pca_q16,2,12,1111,0.0200581342865912,55389
20260623,pca_q16,2,13,1066,0.01924569860441604,55389
20260623,pca_q16,2,14,2142,0.03867193847153767,55389
20260623,pca_q16,2,15,2120,0.03827474769358537,55389
20260623,pca_q16,2,16,1674,0.030222607376915993,55389
20260623,pca_q16,2,17,1576,0.0284533030024012,55389
20260623,pca_q16,2,18,3191,0.057610716929354204,55389
20260623,pca_q16,2,19,1074,0.019390131614580513,55389
20260623,pca_q16,2,20,1113,0.02009424253913232,55389
20260623,pca_q16,2,21,1094,0.019751214139991695,55389
20260623,pca_q16,2,22,2080,0.037552582642763004,55389
20260623,pca_q16,2,23,2114,0.038166422935962015,55389
20260623,pca_q16,2,24,1641,0.029626821209987542,55389
20260623,pca_q16,2,25,1639,0.029590712957446426,55389
20260623,pca_q16,2,26,1695,0.030601744028597735,55389
20260623,pca_q16,2,27,1696,0.030619798154868295,55389
20260623,pca_q16,2,28,1738,0.03137807145823178,55389
20260623,pca_q16,2,29,1678,0.03029482388199823,55389
20260623,pca_q16,2,30,1589,0.02868800664391847,55389
20260623,pca_q16,2,31,1593,0.028760223149000706,55389
20260623,pca_q16,3,0,3394,0.031100237329448093,109131
20260623,pca_q16,3,1,3452,0.03163170868039329,109131
20260623,pca_q16,3,2,4391,0.0402360465862129,109131
20260623,pca_q16,3,3,3352,0.03071537876497054,109131
20260623,pca_q16,3,4,4335,0.03972290183357616,109131
20260623,pca_q16,3,5,2405,0.02203773446591711,109131
20260623,pca_q16,3,6,2368,0.02169869239721069,109131
20260623,pca_q16,3,7,3396,0.03111856392775655,109131
20260623,pca_q16,3,8,3491,0.03198907734740816,109131
20260623,pca_q16,3,9,3530,0.03234644601442303,109131
20260623,pca_q16,3,10,4324,0.039622105542879656,109131
20260623,pca_q16,3,11,3346,0.030660398970045175,109131
20260623,pca_q16,3,12,4384,0.04017190349213331,109131
20260623,pca_q16,3,13,2306,0.021130567849648587,109131
20260623,pca_q16,3,14,2339,0.021432956721738096,109131
20260623,pca_q16,3,15,3338,0.030587092576811355,109131
20260623,pca_q16,3,16,3485,0.0319340975524828,109131
20260623,pca_q16,3,17,3558,0.0326030183907414,109131
20260623,pca_q16,3,18,4319,0.03957628904710852,109131
20260623,pca_q16,3,19,3308,0.03031219360218453,109131
20260623,pca_q16,3,20,4380,0.0401352502955164,109131
20260623,pca_q16,3,21,2346,0.021497099815817686,109131
20260623,pca_q16,3,22,2288,0.02096562846487249,109131
20260623,pca_q16,3,23,3422,0.031356809705766465,109131
20260623,pca_q16,3,24,3517,0.032227323125418074,109131
20260623,pca_q16,3,25,3574,0.03274963117720904,109131
20260623,pca_q16,3,26,3393,0.031091074030293868,109131
20260623,pca_q16,3,27,3438,0.031503422492234104,109131
20260623,pca_q16,3,28,3492,0.03199824064656239,109131
20260623,pca_q16,3,29,3460,0.03170501507362711,109131
20260623,pca_q16,3,30,3538,0.032419752407656856,109131
20260623,pca_q16,3,31,3462,0.031723341671935565,109131
20260623,pca_q32,0,0,4460,0.03388542774654308,131620
20260623,pca_q32,0,1,4474,0.03399179456009725,131620
20260623,pca_q32,0,2,3028,0.02300562224585929,131620
20260623,pca_q32,0,3,5067,0.038497188877070355,131620
20260623,pca_q32,0,4,3029,0.023013219875398876,131620
20260623,pca_q32,0,5,3018,0.022929645950463456,131620
20260623,pca_q32,0,6,3977,0.030215772678924176,131620
20260623,pca_q32,0,7,5096,0.03871752013371828,131620
20260623,pca_q32,0,8,4382,0.03329281264245555,131620
20260623,pca_q32,0,9,4364,0.033156055310743046,131620
20260623,pca_q32,0,10,2935,0.022299042698678013,131620
20260623,pca_q32,0,11,5021,0.038147697918249505,131620
20260623,pca_q32,0,12,2983,0.022663728916578026,131620
20260623,pca_q32,0,13,2975,0.02260294788026136,131620
20260623,pca_q32,0,14,4080,0.030998328521501292,131620
20260623,pca_q32,0,15,5099,0.03874031302233703,131620
20260623,pca_q32,0,16,4454,0.033839841969305576,131620
20260623,pca_q32,0,17,4451,0.03381704908068683,131620
20260623,pca_q32,0,18,2959,0.02248138580762802,131620
20260623,pca_q32,0,19,5044,0.03832244339765993,131620
20260623,pca_q32,0,20,2977,0.022618143139340526,131620
20260623,pca_q32,0,21,2951,0.022420604771311352,131620
20260623,pca_q32,0,22,3991,0.030322139492478348,131620
20260623,pca_q32,0,23,5033,0.03823886947272451,131620
20260623,pca_q32,0,24,4565,0.03468317884819936,131620
20260623,pca_q32,0,25,4391,0.033361191308311805,131620
20260623,pca_q32,0,26,4493,0.034136149521349336,131620
20260623,pca_q32,0,27,4427,0.03363470597173682,131620
20260623,pca_q32,0,28,4417,0.03355872967634098,131620
20260623,pca_q32,0,29,4498,0.034174137669047255,131620
20260623,pca_q32,0,30,4528,0.03440206655523477,131620
20260623,pca_q32,0,31,4453,0.03383224433976599,131620
20260623,pca_q32,1,0,4130,0.028464698260414083,145092
20260623,pca_q32,1,1,4101,0.028264825076503183,145092
20260623,pca_q32,1,2,5815,0.040078019463512804,145092
20260623,pca_q32,1,3,3745,0.025811209439528023,145092
20260623,pca_q32,1,4,5743,0.03958178259311333,145092
20260623,pca_q32,1,5,4804,0.03311002674165357,145092
20260623,pca_q32,1,6,3827,0.026376368097482977,145092
20260623,pca_q32,1,7,4752,0.032751633446365065,145092
20260623,pca_q32,1,8,4257,0.029340004962368705,145092
20260623,pca_q32,1,9,4251,0.029298651889835416,145092
20260623,pca_q32,1,10,5885,0.04056047197640118,145092
20260623,pca_q32,1,11,3853,0.02655556474512723,145092
20260623,pca_q32,1,12,5813,0.04006423510600171,145092
20260623,pca_q32,1,13,4788,0.0329997518815648,145092
20260623,pca_q32,1,14,3737,0.025756072009483637,145092
20260623,pca_q32,1,15,4727,0.03257932897747636,145092
20260623,pca_q32,1,16,4183,0.028829983734458137,145092
20260623,pca_q32,1,17,4171,0.028747277589391558,145092
20260623,pca_q32,1,18,5791,0.03991260717337965,145092
20260623,pca_q32,1,19,3825,0.02636258373997188,145092
20260623,pca_q32,1,20,5884,0.04055357979764563,145092
20260623,pca_q32,1,21,4849,0.03342017478565324,145092
20260623,pca_q32,1,22,3881,0.026748545750282578,145092
20260623,pca_q32,1,23,4884,0.03366140104209743,145092
20260623,pca_q32,1,24,4194,0.02890579770076917,145092
20260623,pca_q32,1,25,4195,0.028912689879524715,145092
20260623,pca_q32,1,26,4254,0.02931932842610206,145092
20260623,pca_q32,1,27,4148,0.02858875747801395,145092
20260623,pca_q32,1,28,4229,0.029147023957213355,145092
20260623,pca_q32,1,29,4223,0.029105670884680065,145092
20260623,pca_q32,1,30,4047,0.027892647423703582,145092
20260623,pca_q32,1,31,4106,0.028299285970280925,145092
20260623,pca_q32,2,0,3675,0.035287678598863115,104144
20260623,pca_q32,2,1,3703,0.0355565371024735,104144
20260623,pca_q32,2,2,3440,0.033031187586418806,104144
20260623,pca_q32,2,3,2451,0.023534721155323398,104144
20260623,pca_q32,2,4,2491,0.023918804731909663,104144
20260623,pca_q32,2,5,3440,0.033031187586418806,104144
20260623,pca_q32,2,6,3460,0.033223229374711935,104144
20260623,pca_q32,2,7,2440,0.023429098171762176,104144
20260623,pca_q32,2,8,3644,0.03499001382700876,104144
20260623,pca_q32,2,9,3671,0.035249270241204486,104144
20260623,pca_q32,2,10,3467,0.03329044400061453,104144
20260623,pca_q32,2,11,2387,0.022920187432785375,104144
20260623,pca_q32,2,12,2468,0.023697956675372563,104144
20260623,pca_q32,2,13,3499,0.03359771086188355,104144
20260623,pca_q32,2,14,3445,0.03307919803349209,104144
20260623,pca_q32,2,15,2461,0.023630742049469966,104144
20260623,pca_q32,2,16,3651,0.03505722845291135,104144
20260623,pca_q32,2,17,3662,0.035162851436472575,104144
20260623,pca_q32,2,18,3536,0.033952988170225844,104144
20260623,pca_q32,2,19,2395,0.02299700414810263,104144
20260623,pca_q32,2,20,2402,0.023064218774005222,104144
20260623,pca_q32,2,21,3463,0.03325203564295591,104144
20260623,pca_q32,2,22,3391,0.03256068520510063,104144
20260623,pca_q32,2,23,2371,0.022766554002150868,104144
20260623,pca_q32,2,24,3527,0.03386656936549393,104144
20260623,pca_q32,2,25,3702,0.03554693501305884,104144
20260623,pca_q32,2,26,3539,0.03398179443846981,104144
20260623,pca_q32,2,27,3713,0.035652557996620066,104144
20260623,pca_q32,2,28,3642,0.034970809648179446,104144
20260623,pca_q32,2,29,3567,0.0342506529420802,104144
20260623,pca_q32,2,30,3712,0.035642955907205405,104144
20260623,pca_q32,2,31,3729,0.03580619142725457,104144
20260623,pca_q32,3,0,23,0.00186084142394822,12360
20260623,pca_q32,3,1,10,0.0008090614886731392,12360
20260623,pca_q32,3,2,5,0.0004045307443365696,12360
20260623,pca_q32,3,3,1025,0.08292880258899676,12360
20260623,pca_q32,3,4,1025,0.08292880258899676,12360
20260623,pca_q32,3,5,1026,0.08300970873786408,12360
20260623,pca_q32,3,6,1024,0.08284789644012945,12360
20260623,pca_q32,3,8,5,0.0004045307443365696,12360
20260623,pca_q32,3,9,2,0.00016181229773462783,12360
20260623,pca_q32,3,10,1,8.090614886731392e-05,12360
20260623,pca_q32,3,11,1027,0.08309061488673139,12360
20260623,pca_q32,3,12,1024,0.08284789644012945,12360
20260623,pca_q32,3,13,1026,0.08300970873786408,12360
20260623,pca_q32,3,14,1026,0.08300970873786408,12360
20260623,pca_q32,3,15,1,8.090614886731392e-05,12360
20260623,pca_q32,3,17,4,0.00032362459546925567,12360
20260623,pca_q32,3,18,2,0.00016181229773462783,12360
20260623,pca_q32,3,19,1024,0.08284789644012945,12360
20260623,pca_q32,3,20,1025,0.08292880258899676,12360
20260623,pca_q32,3,21,1025,0.08292880258899676,12360
20260623,pca_q32,3,22,1025,0.08292880258899676,12360
20260623,pca_q32,3,24,2,0.00016181229773462783,12360
20260623,pca_q32,3,26,2,0.00016181229773462783,12360
20260623,pca_q32,3,30,1,8.090614886731392e-05,12360
20260623,bottleneck_ae_q4,0,0,3480,0.027691132471831435,125672
20260623,bottleneck_ae_q4,0,1,3528,0.028073079126615316,125672
20260623,bottleneck_ae_q4,0,2,4792,0.03813100770259087,125672
20260623,bottleneck_ae_q4,0,3,4452,0.03542555223120504,125672
20260623,bottleneck_ae_q4,0,4,4698,0.037383028836972435,125672
20260623,bottleneck_ae_q4,0,5,3421,0.027221656375326246,125672
20260623,bottleneck_ae_q4,0,6,4437,0.03530619390158508,125672
20260623,bottleneck_ae_q4,0,7,3357,0.026712394168947738,125672
20260623,bottleneck_ae_q4,0,8,3594,0.028598255776943155,125672
20260623,bottleneck_ae_q4,0,9,3537,0.028144694124387293,125672
20260623,bottleneck_ae_q4,0,10,4407,0.03506747724234515,125672
20260623,bottleneck_ae_q4,0,11,4411,0.03509930613024381,125672
20260623,bottleneck_ae_q4,0,12,5204,0.04140938315615252,125672
20260623,bottleneck_ae_q4,0,13,3418,0.027197784709402255,125672
20260623,bottleneck_ae_q4,0,14,4427,0.03522662168183844,125672
20260623,bottleneck_ae_q4,0,15,3396,0.027022725825959642,125672
20260623,bottleneck_ae_q4,0,16,3586,0.02853459800114584,125672
20260623,bottleneck_ae_q4,0,17,3577,0.02846298300337386,125672
20260623,bottleneck_ae_q4,0,18,4385,0.03489241835890254,125672
20260623,bottleneck_ae_q4,0,19,4450,0.03540963778725571,125672
20260623,bottleneck_ae_q4,0,20,5278,0.041998217582277675,125672
20260623,bottleneck_ae_q4,0,21,3459,0.027524030810363486,125672
20260623,bottleneck_ae_q4,0,22,4375,0.0348128461391559,125672
20260623,bottleneck_ae_q4,0,23,3438,0.027356929148895537,125672
20260623,bottleneck_ae_q4,0,24,3649,0.029035902985549686,125672
20260623,bottleneck_ae_q4,0,25,3629,0.0288767585460564,125672
20260623,bottleneck_ae_q4,0,26,3528,0.028073079126615316,125672
20260623,bottleneck_ae_q4,0,27,3567,0.02838341078362722,125672
20260623,bottleneck_ae_q4,0,28,3591,0.02857438411101916,125672
20260623,bottleneck_ae_q4,0,29,3493,0.027794576357502068,125672
20260623,bottleneck_ae_q4,0,30,3603,0.028669870774715132,125672
20260623,bottleneck_ae_q4,0,31,3505,0.02789006302119804,125672
20260623,bottleneck_ae_q4,1,0,3288,0.03564652695714394,92239
20260623,bottleneck_ae_q4,1,1,3364,0.0364704734439879,92239
20260623,bottleneck_ae_q4,1,2,2242,0.024306421361896813,92239
20260623,bottleneck_ae_q4,1,3,2235,0.024230531553898024,92239
20260623,bottleneck_ae_q4,1,4,2247,0.02436062836761023,92239
20260623,bottleneck_ae_q4,1,5,3194,0.03462743524973168,92239
20260623,bottleneck_ae_q4,1,6,3240,0.035126139702295125,92239
20260623,bottleneck_ae_q4,1,7,2227,0.024143800344756557,92239
20260623,bottleneck_ae_q4,1,8,3203,0.03472500786001583,92239
20260623,bottleneck_ae_q4,1,9,3348,0.03629701102570496,92239
20260623,bottleneck_ae_q4,1,10,2254,0.024436518175609014,92239
20260623,bottleneck_ae_q4,1,11,2215,0.02401370353104435,92239
20260623,bottleneck_ae_q4,1,12,2161,0.023428267869339433,92239
20260623,bottleneck_ae_q4,1,13,3213,0.034833421871442664,92239
20260623,bottleneck_ae_q4,1,14,3263,0.03537549192857685,92239
20260623,bottleneck_ae_q4,1,15,2164,0.023460792072767484,92239
20260623,bottleneck_ae_q4,1,16,3247,0.03520202951029391,92239
20260623,bottleneck_ae_q4,1,17,3228,0.03499604288858292,92239
20260623,bottleneck_ae_q4,1,18,2243,0.024317262763039495,92239
20260623,bottleneck_ae_q4,1,19,2246,0.024349786966467547,92239
20260623,bottleneck_ae_q4,1,20,2200,0.023851082513904096,92239
20260623,bottleneck_ae_q4,1,21,3210,0.03480089766801461,92239
20260623,bottleneck_ae_q4,1,22,3306,0.035841672177712246,92239
20260623,bottleneck_ae_q4,1,23,2194,0.023786034107047997,92239
20260623,bottleneck_ae_q4,1,24,3243,0.03515866390572318,92239
20260623,bottleneck_ae_q4,1,25,3263,0.03537549192857685,92239
20260623,bottleneck_ae_q4,1,26,3367,0.03650299764741595,92239
20260623,bottleneck_ae_q4,1,27,3317,0.035960927590281765,92239
20260623,bottleneck_ae_q4,1,28,3304,0.03581998937542688,92239
20260623,bottleneck_ae_q4,1,29,3372,0.03655720465312937,92239
20260623,bottleneck_ae_q4,1,30,3326,0.03605850020056592,92239
20260623,bottleneck_ae_q4,1,31,3315,0.0359392447879964,92239
20260623,bottleneck_ae_q4,2,0,2215,0.029476737996380283,75144
20260623,bottleneck_ae_q4,2,1,2225,0.029609815820291707,75144
20260623,bottleneck_ae_q4,2,2,1496,0.019908442457148942,75144
20260623,bottleneck_ae_q4,2,3,2456,0.032683913552645584,75144
20260623,bottleneck_ae_q4,2,4,2528,0.03364207388480783,75144
20260623,bottleneck_ae_q4,2,5,1469,0.019549132332588096,75144
20260623,bottleneck_ae_q4,2,6,2476,0.03295006920046843,75144
20260623,bottleneck_ae_q4,2,7,4573,0.06085648887469392,75144
20260623,bottleneck_ae_q4,2,8,2179,0.02899765783029916,75144
20260623,bottleneck_ae_q4,2,9,2153,0.02865165548812946,75144
20260623,bottleneck_ae_q4,2,10,1438,0.019136591078462686,75144
20260623,bottleneck_ae_q4,2,11,2457,0.032697221335036726,75144
20260623,bottleneck_ae_q4,2,12,2485,0.03306983924198872,75144
20260623,bottleneck_ae_q4,2,13,1473,0.019602363462152668,75144
20260623,bottleneck_ae_q4,2,14,2517,0.03349568827850527,75144
20260623,bottleneck_ae_q4,2,15,4547,0.06051048653252422,75144
20260623,bottleneck_ae_q4,2,16,2143,0.028518577664218035,75144
20260623,bottleneck_ae_q4,2,17,2177,0.028971042265516875,75144
20260623,bottleneck_ae_q4,2,18,1415,0.01883051208346641,75144
20260623,bottleneck_ae_q4,2,19,2404,0.03199190886830618,75144
20260623,bottleneck_ae_q4,2,20,2493,0.033176301501117854,75144
20260623,bottleneck_ae_q4,2,21,1423,0.01893697434259555,75144
20260623,bottleneck_ae_q4,2,22,2447,0.032564143511125306,75144
20260623,bottleneck_ae_q4,2,23,4523,0.060191099755136805,75144
20260623,bottleneck_ae_q4,2,24,2258,0.030048972639199405,75144
20260623,bottleneck_ae_q4,2,25,2079,0.027666879591184926,75144
20260623,bottleneck_ae_q4,2,26,2189,0.029130735654210583,75144
20260623,bottleneck_ae_q4,2,27,2141,0.02849196209943575,75144
20260623,bottleneck_ae_q4,2,28,2216,0.029490045778771425,75144
20260623,bottleneck_ae_q4,2,29,2234,0.02972958586181199,75144
20260623,bottleneck_ae_q4,2,30,2159,0.02873150218247631,75144
20260623,bottleneck_ae_q4,2,31,2156,0.028691578835302885,75144
20260623,bottleneck_ae_q4,3,0,3305,0.03299687503119977,100161
20260623,bottleneck_ae_q4,3,1,3171,0.031659028963368974,100161
20260623,bottleneck_ae_q4,3,2,3758,0.037519593454538196,100161
20260623,bottleneck_ae_q4,3,3,3145,0.031399446890506284,100161
20260623,bottleneck_ae_q4,3,4,2815,0.028104751350325974,100161
20260623,bottleneck_ae_q4,3,5,4204,0.04197242439672128,100161
20260623,bottleneck_ae_q4,3,6,2135,0.02131568175237867,100161
20260623,bottleneck_ae_q4,3,7,2131,0.021275746048861333,100161
20260623,bottleneck_ae_q4,3,8,3312,0.03306676251235511,100161
20260623,bottleneck_ae_q4,3,9,3250,0.032447759107836385,100161
20260623,bottleneck_ae_q4,3,10,4189,0.04182266550853127,100161
20260623,bottleneck_ae_q4,3,11,3205,0.03199848244326634,100161
20260623,bottleneck_ae_q4,3,12,2438,0.024340811293816954,100161
20260623,bottleneck_ae_q4,3,13,4184,0.04177274587913459,100161
20260623,bottleneck_ae_q4,3,14,2081,0.02077654975489462,100161
20260623,bottleneck_ae_q4,3,15,2181,0.021774942342828046,100161
20260623,bottleneck_ae_q4,3,16,3312,0.03306676251235511,100161
20260623,bottleneck_ae_q4,3,17,3306,0.033006858957079104,100161
20260623,bottleneck_ae_q4,3,18,4245,0.042381765357773986,100161
20260623,bottleneck_ae_q4,3,19,3188,0.03182875570331766,100161
20260623,bottleneck_ae_q4,3,20,2317,0.02313275626241751,100161
20260623,bottleneck_ae_q4,3,21,4196,0.0418925529896866,100161
20260623,bottleneck_ae_q4,3,22,2160,0.021565279899362026,100161
20260623,bottleneck_ae_q4,3,23,2133,0.021295713900620003,100161
20260623,bottleneck_ae_q4,3,24,3138,0.03132955940935094,100161
20260623,bottleneck_ae_q4,3,25,3317,0.03311668214175178,100161
20260623,bottleneck_ae_q4,3,26,3204,0.031988498517387005,100161
20260623,bottleneck_ae_q4,3,27,3263,0.032577550144267726,100161
20260623,bottleneck_ae_q4,3,28,3177,0.03171893251864498,100161
20260623,bottleneck_ae_q4,3,29,3189,0.03183873962919699,100161
20260623,bottleneck_ae_q4,3,30,3200,0.03194856281386967,100161
20260623,bottleneck_ae_q4,3,31,3312,0.03306676251235511,100161
20260623,bottleneck_ae_q8,0,0,2171,0.03137918075911311,69186
20260623,bottleneck_ae_q8,0,1,1955,0.02825716185355419,69186
20260623,bottleneck_ae_q8,0,2,2304,0.03330153499262856,69186
20260623,bottleneck_ae_q8,0,3,3565,0.05152776573295175,69186
20260623,bottleneck_ae_q8,0,4,1344,0.019425895412366664,69186
20260623,bottleneck_ae_q8,0,5,2313,0.03343161911369352,69186
20260623,bottleneck_ae_q8,0,6,2273,0.032853467464515944,69186
20260623,bottleneck_ae_q8,0,7,2275,0.03288237504697482,69186
20260623,bottleneck_ae_q8,0,8,1884,0.027230942676263983,69186
20260623,bottleneck_ae_q8,0,9,1890,0.02731766542364062,69186
20260623,bottleneck_ae_q8,0,10,2347,0.033923048015494464,69186
20260623,bottleneck_ae_q8,0,11,3397,0.04909952880640592,69186
20260623,bottleneck_ae_q8,0,12,1311,0.01894892030179516,69186
20260623,bottleneck_ae_q8,0,13,2316,0.03347498048738184,69186
20260623,bottleneck_ae_q8,0,14,2379,0.034385569334836524,69186
20260623,bottleneck_ae_q8,0,15,2308,0.033359350157546326,69186
20260623,bottleneck_ae_q8,0,16,1914,0.02766455641314717,69186
20260623,bottleneck_ae_q8,0,17,1983,0.028661868007978493,69186
20260623,bottleneck_ae_q8,0,18,2330,0.03367733356459399,69186
20260623,bottleneck_ae_q8,0,19,3322,0.04801549446419796,69186
20260623,bottleneck_ae_q8,0,20,1342,0.019396987829907786,69186
20260623,bottleneck_ae_q8,0,21,2338,0.03379296389442951,69186
20260623,bottleneck_ae_q8,0,22,2338,0.03379296389442951,69186
20260623,bottleneck_ae_q8,0,23,2285,0.03302691295926922,69186
20260623,bottleneck_ae_q8,0,24,1955,0.02825716185355419,69186
20260623,bottleneck_ae_q8,0,25,1835,0.02652270690602145,69186
20260623,bottleneck_ae_q8,0,26,1943,0.028083716358800914,69186
20260623,bottleneck_ae_q8,0,27,1902,0.027491110918393895,69186
20260623,bottleneck_ae_q8,0,28,1944,0.02809817015003035,69186
20260623,bottleneck_ae_q8,0,29,1962,0.028358338392160263,69186
20260623,bottleneck_ae_q8,0,30,1904,0.027520018500852773,69186
20260623,bottleneck_ae_q8,0,31,1857,0.02684069031306912,69186
20260623,bottleneck_ae_q8,1,0,3341,0.03125994124141544,106878
20260623,bottleneck_ae_q8,1,1,3355,0.03139093171653661,106878
20260623,bottleneck_ae_q8,1,2,3013,0.028191021538576694,106878
20260623,bottleneck_ae_q8,1,3,2161,0.020219315481202867,106878
20260623,bottleneck_ae_q8,1,4,4187,0.03917550852373734,106878
20260623,bottleneck_ae_q8,1,5,3171,0.029669342614944142,106878
20260623,bottleneck_ae_q8,1,6,3218,0.030109096352850914,106878
20260623,bottleneck_ae_q8,1,7,5185,0.048513258107374765,106878
20260623,bottleneck_ae_q8,1,8,3108,0.029079885476898895,106878
20260623,bottleneck_ae_q8,1,9,3270,0.03059563240330096,106878
20260623,bottleneck_ae_q8,1,10,3002,0.028088100450981493,106878
20260623,bottleneck_ae_q8,1,11,2067,0.01933980800538932,106878
20260623,bottleneck_ae_q8,1,12,4158,0.03890417111098636,106878
20260623,bottleneck_ae_q8,1,13,3206,0.029996818802747058,106878
20260623,bottleneck_ae_q8,1,14,3090,0.02891146915174311,106878
20260623,bottleneck_ae_q8,1,15,5303,0.04961732068339602,106878
20260623,bottleneck_ae_q8,1,16,3206,0.029996818802747058,106878
20260623,bottleneck_ae_q8,1,17,3189,0.029837758940099927,106878
20260623,bottleneck_ae_q8,1,18,3033,0.02837815078874979,106878
20260623,bottleneck_ae_q8,1,19,2110,0.019742135893261476,106878
20260623,bottleneck_ae_q8,1,20,4084,0.03821179288534591,106878
20260623,bottleneck_ae_q8,1,21,3069,0.02871498343906136,106878
20260623,bottleneck_ae_q8,1,22,3128,0.02926701472707199,106878
20260623,bottleneck_ae_q8,1,23,5114,0.047848949269260276,106878
20260623,bottleneck_ae_q8,1,24,3139,0.02936993581466719,106878
20260623,bottleneck_ae_q8,1,25,3071,0.02873369636407867,106878
20260623,bottleneck_ae_q8,1,26,3174,0.029697412002470107,106878
20260623,bottleneck_ae_q8,1,27,3170,0.029659986152435487,106878
20260623,bottleneck_ae_q8,1,28,3166,0.029622560302400867,106878
20260623,bottleneck_ae_q8,1,29,3164,0.029603847377383558,106878
20260623,bottleneck_ae_q8,1,30,3062,0.028649488201500775,106878
20260623,bottleneck_ae_q8,1,31,3164,0.029603847377383558,106878
20260623,bottleneck_ae_q8,2,0,2586,0.028595439768228762,90434
20260623,bottleneck_ae_q8,2,1,2753,0.030442090364243536,90434
20260623,bottleneck_ae_q8,2,2,1845,0.02040161886016321,90434
20260623,bottleneck_ae_q8,2,3,2893,0.03199018068425592,90434
20260623,bottleneck_ae_q8,2,4,3893,0.043047968684344386,90434
20260623,bottleneck_ae_q8,2,5,3898,0.043103257624344825,90434
20260623,bottleneck_ae_q8,2,6,2901,0.03207864298825663,90434
20260623,bottleneck_ae_q8,2,7,1869,0.020667005772165337,90434
20260623,bottleneck_ae_q8,2,8,2853,0.03154786916425238,90434
20260623,bottleneck_ae_q8,2,9,2830,0.031293540040250346,90434
20260623,bottleneck_ae_q8,2,10,1833,0.020268925404162152,90434
20260623,bottleneck_ae_q8,2,11,2842,0.03142623349625141,90434
20260623,bottleneck_ae_q8,2,12,3912,0.043258066656346066,90434
20260623,bottleneck_ae_q8,2,13,3889,0.04300373753234403,90434
20260623,bottleneck_ae_q8,2,14,2870,0.03173585156025389,90434
20260623,bottleneck_ae_q8,2,15,1808,0.01999248070415994,90434
20260623,bottleneck_ae_q8,2,16,2746,0.030364685848242916,90434
20260623,bottleneck_ae_q8,2,17,2726,0.03014353008824115,90434
20260623,bottleneck_ae_q8,2,18,1831,0.020246809828161974,90434
20260623,bottleneck_ae_q8,2,19,2891,0.03196806510825574,90434
20260623,bottleneck_ae_q8,2,20,3858,0.04266094610434129,90434
20260623,bottleneck_ae_q8,2,21,3930,0.043457106840347655,90434
20260623,bottleneck_ae_q8,2,22,2845,0.03145940686025168,90434
20260623,bottleneck_ae_q8,2,23,1883,0.020821814804166575,90434
20260623,bottleneck_ae_q8,2,24,2779,0.030729592852245836,90434
20260623,bottleneck_ae_q8,2,25,2924,0.03233297211225866,90434
20260623,bottleneck_ae_q8,2,26,2757,0.03048632151624389,90434
20260623,bottleneck_ae_q8,2,27,2774,0.030674303912245394,90434
20260623,bottleneck_ae_q8,2,28,2738,0.03027622354424221,90434
20260623,bottleneck_ae_q8,2,29,2732,0.03020987681624168,90434
20260623,bottleneck_ae_q8,2,30,2772,0.030652188336245216,90434
20260623,bottleneck_ae_q8,2,31,2773,0.030663246124245307,90434
20260623,bottleneck_ae_q8,3,0,4190,0.03306554712037753,126718
20260623,bottleneck_ae_q8,3,1,4225,0.03334175097460503,126718
20260623,bottleneck_ae_q8,3,2,5126,0.04045202733629003,126718
20260623,bottleneck_ae_q8,3,3,3669,0.028954055461733928,126718
20260623,bottleneck_ae_q8,3,4,2864,0.022601366814501492,126718
20260623,bottleneck_ae_q8,3,5,2906,0.02293281143957449,126718
20260623,bottleneck_ae_q8,3,6,3896,0.030745434744866552,126718
20260623,bottleneck_ae_q8,3,7,2959,0.02335106299026184,126718
20260623,bottleneck_ae_q8,3,8,4443,0.03506210640950773,126718
20260623,bottleneck_ae_q8,3,9,4298,0.03391783329913667,126718
20260623,bottleneck_ae_q8,3,10,5106,0.04029419656244575,126718
20260623,bottleneck_ae_q8,3,11,3982,0.03142410707239698,126718
20260623,bottleneck_ae_q8,3,12,2907,0.022940702978266704,126718
20260623,bottleneck_ae_q8,3,13,2877,0.022703956817500277,126718
20260623,bottleneck_ae_q8,3,14,3949,0.031163686295553907,126718
20260623,bottleneck_ae_q8,3,15,2869,0.02264082450796256,126718
20260623,bottleneck_ae_q8,3,16,4422,0.034896384096971225,126718
20260623,bottleneck_ae_q8,3,17,4390,0.03464385485882037,126718
20260623,bottleneck_ae_q8,3,18,5094,0.04019949809813918,126718
20260623,bottleneck_ae_q8,3,19,3965,0.031289950914629334,126718
20260623,bottleneck_ae_q8,3,20,3004,0.02370618223141148,126718
20260623,bottleneck_ae_q8,3,21,2951,0.023287930680724128,126718
20260623,bottleneck_ae_q8,3,22,3977,0.031384649378935904,126718
20260623,bottleneck_ae_q8,3,23,3006,0.02372196530879591,126718
20260623,bottleneck_ae_q8,3,24,4415,0.03484114332612573,126718
20260623,bottleneck_ae_q8,3,25,4458,0.03518047948989094,126718
20260623,bottleneck_ae_q8,3,26,4414,0.03483325178743352,126718
20260623,bottleneck_ae_q8,3,27,4442,0.03505421487081551,126718
20260623,bottleneck_ae_q8,3,28,4440,0.03503843179343109,126718
20260623,bottleneck_ae_q8,3,29,4430,0.03495951640650894,126718
20260623,bottleneck_ae_q8,3,30,4550,0.03590650104957464,126718
20260623,bottleneck_ae_q8,3,31,4494,0.03546457488281065,126718
20260623,bottleneck_ae_q16,0,0,2471,0.03020967051775781,81795
20260623,bottleneck_ae_q16,0,1,2305,0.028180206614096218,81795
20260623,bottleneck_ae_q16,0,2,1538,0.018803105324286324,81795
20260623,bottleneck_ae_q16,0,3,3545,0.04334005746072498,81795
20260623,bottleneck_ae_q16,0,4,3575,0.04370682804572407,81795
20260623,bottleneck_ae_q16,0,5,2531,0.030943211687755975,81795
20260623,bottleneck_ae_q16,0,6,2492,0.030466409927257167,81795
20260623,bottleneck_ae_q16,0,7,2532,0.03095543737392261,81795
20260623,bottleneck_ae_q16,0,8,2375,0.029036004645760744,81795
20260623,bottleneck_ae_q16,0,9,2335,0.0285469771990953,81795
20260623,bottleneck_ae_q16,0,10,1537,0.01879087963811969,81795
20260623,bottleneck_ae_q16,0,11,3565,0.0435845711840577,81795
20260623,bottleneck_ae_q16,0,12,3583,0.043804633535057154,81795
20260623,bottleneck_ae_q16,0,13,2570,0.031420013448254784,81795
20260623,bottleneck_ae_q16,0,14,2573,0.03145669050675469,81795
20260623,bottleneck_ae_q16,0,15,2578,0.03151781893758787,81795
20260623,bottleneck_ae_q16,0,16,2382,0.029121584448927196,81795
20260623,bottleneck_ae_q16,0,17,2338,0.02858365425759521,81795
20260623,bottleneck_ae_q16,0,18,1526,0.018656397090286693,81795
20260623,bottleneck_ae_q16,0,19,3620,0.04425698392322269,81795
20260623,bottleneck_ae_q16,0,20,3593,0.04392689039672352,81795
20260623,bottleneck_ae_q16,0,21,2601,0.031799009719420505,81795
20260623,bottleneck_ae_q16,0,22,2578,0.03151781893758787,81795
20260623,bottleneck_ae_q16,0,23,2567,0.03138333638975487,81795
20260623,bottleneck_ae_q16,0,24,2348,0.02870591111926157,81795
20260623,bottleneck_ae_q16,0,25,2299,0.0281068524970964,81795
20260623,bottleneck_ae_q16,0,26,2295,0.028057949752429857,81795
20260623,bottleneck_ae_q16,0,27,2298,0.028094626810929762,81795
20260623,bottleneck_ae_q16,0,28,2299,0.0281068524970964,81795
20260623,bottleneck_ae_q16,0,29,2268,0.02772785622593068,81795
20260623,bottleneck_ae_q16,0,30,2314,0.02829023778959594,81795
20260623,bottleneck_ae_q16,0,31,2364,0.028901522097927745,81795
20260623,bottleneck_ae_q16,1,0,2340,0.028407711358228525,82372
20260623,bottleneck_ae_q16,1,1,2448,0.02971883649783907,82372
20260623,bottleneck_ae_q16,1,2,2624,0.031855484873500706,82372
20260623,bottleneck_ae_q16,1,3,1573,0.01909629485747584,82372
20260623,bottleneck_ae_q16,1,4,2550,0.0309571213519157,82372
20260623,bottleneck_ae_q16,1,5,2589,0.03143058320788617,82372
20260623,bottleneck_ae_q16,1,6,3625,0.04400767251007624,82372
20260623,bottleneck_ae_q16,1,7,3574,0.043388530083037925,82372
20260623,bottleneck_ae_q16,1,8,2355,0.028589812072063323,82372
20260623,bottleneck_ae_q16,1,9,2322,0.028189190501626767,82372
20260623,bottleneck_ae_q16,1,10,2579,0.03130918273199631,82372
20260623,bottleneck_ae_q16,1,11,1536,0.01864711309668334,82372
20260623,bottleneck_ae_q16,1,12,2601,0.03157626377895401,82372
20260623,bottleneck_ae_q16,1,13,2585,0.03138202301753023,82372
20260623,bottleneck_ae_q16,1,14,3574,0.043388530083037925,82372
20260623,bottleneck_ae_q16,1,15,3571,0.043352109940270965,82372
20260623,bottleneck_ae_q16,1,16,2371,0.028784052833487107,82372
20260623,bottleneck_ae_q16,1,17,2329,0.028274170834749673,82372
20260623,bottleneck_ae_q16,1,18,2640,0.03204972563492449,82372
20260623,bottleneck_ae_q16,1,19,1552,0.018841353858107125,82372
20260623,bottleneck_ae_q16,1,20,2615,0.031746224445199825,82372
20260623,bottleneck_ae_q16,1,21,2604,0.03161268392172097,82372
20260623,bottleneck_ae_q16,1,22,3578,0.043437090273393875,82372
20260623,bottleneck_ae_q16,1,23,3586,0.043534210654105766,82372
20260623,bottleneck_ae_q16,1,24,2316,0.028116350216092847,82372
20260623,bottleneck_ae_q16,1,25,2366,0.028723352595542175,82372
20260623,bottleneck_ae_q16,1,26,2347,0.02849269169135143,82372
20260623,bottleneck_ae_q16,1,27,2368,0.028747632690720146,82372
20260623,bottleneck_ae_q16,1,28,2366,0.028723352595542175,82372
20260623,bottleneck_ae_q16,1,29,2320,0.028164910406448793,82372
20260623,bottleneck_ae_q16,1,30,2297,0.027885689311902103,82372
20260623,bottleneck_ae_q16,1,31,2271,0.027570048074588453,82372
20260623,bottleneck_ae_q16,2,0,3648,0.03341852859537747,109161
20260623,bottleneck_ae_q16,2,1,3796,0.034774324163391684,109161
20260623,bottleneck_ae_q16,2,2,4583,0.04198385870411594,109161
20260623,bottleneck_ae_q16,2,3,4569,0.04185560777200648,109161
20260623,bottleneck_ae_q16,2,4,2501,0.022911112943267285,109161
20260623,bottleneck_ae_q16,2,5,2507,0.022966077628457048,109161
20260623,bottleneck_ae_q16,2,6,3521,0.03225510942552743,109161
20260623,bottleneck_ae_q16,2,7,2455,0.022489717023479083,109161
20260623,bottleneck_ae_q16,2,8,3632,0.033271956101538096,109161
20260623,bottleneck_ae_q16,2,9,3574,0.03274063081137036,109161
20260623,bottleneck_ae_q16,2,10,4436,0.04063722391696668,109161
20260623,bottleneck_ae_q16,2,11,4423,0.04051813376572219,109161
20260623,bottleneck_ae_q16,2,12,2472,0.022645450298183416,109161
20260623,bottleneck_ae_q16,2,13,2332,0.021362940977088886,109161
20260623,bottleneck_ae_q16,2,14,3457,0.03166881945016993,109161
20260623,bottleneck_ae_q16,2,15,2474,0.022663771859913338,109161
20260623,bottleneck_ae_q16,2,16,3542,0.03244748582369161,109161
20260623,bottleneck_ae_q16,2,17,3477,0.03185203506746915,109161
20260623,bottleneck_ae_q16,2,18,4383,0.040151702531123754,109161
20260623,bottleneck_ae_q16,2,19,4358,0.03992268300949973,109161
20260623,bottleneck_ae_q16,2,20,2378,0.02178433689687709,109161
20260623,bottleneck_ae_q16,2,21,2318,0.021234690044979434,109161
20260623,bottleneck_ae_q16,2,22,3314,0.03035882778648052,109161
20260623,bottleneck_ae_q16,2,23,2384,0.021839301582066855,109161
20260623,bottleneck_ae_q16,2,24,3566,0.032667344564450675,109161
20260623,bottleneck_ae_q16,2,25,3578,0.0327772739348302,109161
20260623,bottleneck_ae_q16,2,26,3568,0.032685666126180596,109161
20260623,bottleneck_ae_q16,2,27,3581,0.03280475627742509,109161
20260623,bottleneck_ae_q16,2,28,3566,0.032667344564450675,109161
20260623,bottleneck_ae_q16,2,29,3519,0.03223678786379751,109161
20260623,bottleneck_ae_q16,2,30,3663,0.033555940308351885,109161
20260623,bottleneck_ae_q16,2,31,3586,0.032850560181749894,109161
20260623,bottleneck_ae_q16,3,0,3829,0.03193814226611504,119888
20260623,bottleneck_ae_q16,3,1,3739,0.03118744161217136,119888
20260623,bottleneck_ae_q16,3,2,3543,0.029552582410249568,119888
20260623,bottleneck_ae_q16,3,3,2601,0.021695248898972373,119888
20260623,bottleneck_ae_q16,3,4,3662,0.030545175497130657,119888
20260623,bottleneck_ae_q16,3,5,4661,0.03887795275590551,119888
20260623,bottleneck_ae_q16,3,6,2650,0.022103963699452823,119888
20260623,bottleneck_ae_q16,3,7,3727,0.031087348191645537,119888
20260623,bottleneck_ae_q16,3,8,3926,0.032747230748698786,119888
20260623,bottleneck_ae_q16,3,9,4057,0.033839917256105696,119888
20260623,bottleneck_ae_q16,3,10,3736,0.031162418257039904,119888
20260623,bottleneck_ae_q16,3,11,2764,0.023054851194448153,119888
20260623,bottleneck_ae_q16,3,12,3632,0.030294941945816094,119888
20260623,bottleneck_ae_q16,3,13,4801,0.04004570932870679,119888
20260623,bottleneck_ae_q16,3,14,2684,0.02238756172427599,119888
20260623,bottleneck_ae_q16,3,15,3665,0.03057019885226211,119888
20260623,bottleneck_ae_q16,3,16,3993,0.03330608567996797,119888
20260623,bottleneck_ae_q16,3,17,4144,0.03456559455491792,119888
20260623,bottleneck_ae_q16,3,18,3739,0.03118744161217136,119888
20260623,bottleneck_ae_q16,3,19,2758,0.02300480448418524,119888
20260623,bottleneck_ae_q16,3,20,3702,0.030878820232216737,119888
20260623,bottleneck_ae_q16,3,21,4765,0.03974542906712932,119888
20260623,bottleneck_ae_q16,3,22,2818,0.02350527158681436,119888
20260623,bottleneck_ae_q16,3,23,3751,0.031287535032697184,119888
20260623,bottleneck_ae_q16,3,24,4058,0.033848258374482854,119888
20260623,bottleneck_ae_q16,3,25,4045,0.03373982383557987,119888
20260623,bottleneck_ae_q16,3,26,4078,0.03401508074202589,119888
20260623,bottleneck_ae_q16,3,27,4041,0.03370645936207127,119888
20260623,bottleneck_ae_q16,3,28,4057,0.033839917256105696,119888
20260623,bottleneck_ae_q16,3,29,4181,0.03487421593487255,119888
20260623,bottleneck_ae_q16,3,30,4014,0.03348124916588816,119888
20260623,bottleneck_ae_q16,3,31,4067,0.03392332843987722,119888
20260623,bottleneck_ae_q32,0,0,3147,0.029648402170636117,106144
20260623,bottleneck_ae_q32,0,1,2942,0.027717063611697318,106144
20260623,bottleneck_ae_q32,0,2,3972,0.03742086222490202,106144
20260623,bottleneck_ae_q32,0,3,3996,0.037646970153753394,106144
20260623,bottleneck_ae_q32,0,4,3015,0.028404808561953574,106144
20260623,bottleneck_ae_q32,0,5,2946,0.02775474826650588,106144
20260623,bottleneck_ae_q32,0,6,4014,0.03781655110039192,106144
20260623,bottleneck_ae_q32,0,7,2986,0.028131594814591498,106144
20260623,bottleneck_ae_q32,0,8,3104,0.029243292131444075,106144
20260623,bottleneck_ae_q32,0,9,2937,0.027669957793186616,106144
20260623,bottleneck_ae_q32,0,10,4145,0.039050723545372326,106144
20260623,bottleneck_ae_q32,0,11,4036,0.03802381670183901,106144
20260623,bottleneck_ae_q32,0,12,3057,0.02880049743744347,106144
20260623,bottleneck_ae_q32,0,13,3053,0.02876281278263491,106144
20260623,bottleneck_ae_q32,0,14,4038,0.038042659029243295,106144
20260623,bottleneck_ae_q32,0,15,3030,0.02854612601748568,106144
20260623,bottleneck_ae_q32,0,16,3054,0.02877223394633705,106144
20260623,bottleneck_ae_q32,0,17,2952,0.027811275248718723,106144
20260623,bottleneck_ae_q32,0,18,4014,0.03781655110039192,106144
20260623,bottleneck_ae_q32,0,19,4078,0.038419505577328913,106144
20260623,bottleneck_ae_q32,0,20,3090,0.02911139583961411,106144
20260623,bottleneck_ae_q32,0,21,3066,0.02888528791076274,106144
20260623,bottleneck_ae_q32,0,22,4130,0.03890940608984022,106144
20260623,bottleneck_ae_q32,0,23,3036,0.02860265299969852,106144
20260623,bottleneck_ae_q32,0,24,3002,0.028282333433825746,106144
20260623,bottleneck_ae_q32,0,25,3070,0.0289229725655713,106144
20260623,bottleneck_ae_q32,0,26,3041,0.028649758818209227,106144
20260623,bottleneck_ae_q32,0,27,3087,0.02908313234850769,106144
20260623,bottleneck_ae_q32,0,28,3015,0.028404808561953574,106144
20260623,bottleneck_ae_q32,0,29,3038,0.028621495327102803,106144
20260623,bottleneck_ae_q32,0,30,3020,0.028451914380464276,106144
20260623,bottleneck_ae_q32,0,31,3033,0.0285743895085921,106144
20260623,bottleneck_ae_q32,1,0,2777,0.03500258391418884,79337
20260623,bottleneck_ae_q32,1,1,2678,0.03375474242787098,79337
20260623,bottleneck_ae_q32,1,2,1752,0.022083012969988783,79337
20260623,bottleneck_ae_q32,1,3,2799,0.03527988202225948,79337
20260623,bottleneck_ae_q32,1,4,2809,0.03540592661683704,79337
20260623,bottleneck_ae_q32,1,5,2770,0.03491435269798455,79337
20260623,bottleneck_ae_q32,1,6,1729,0.02179311040246039,79337
20260623,bottleneck_ae_q32,1,7,2718,0.034258920806181224,79337
20260623,bottleneck_ae_q32,1,8,2493,0.03142291742818609,79337
20260623,bottleneck_ae_q32,1,9,2671,0.03366651121166669,79337
20260623,bottleneck_ae_q32,1,10,1728,0.021780505943002633,79337
20260623,bottleneck_ae_q32,1,11,2730,0.0344101743196743,79337
20260623,bottleneck_ae_q32,1,12,2752,0.034687472427744934,79337
20260623,bottleneck_ae_q32,1,13,2712,0.03418329404943469,79337
20260623,bottleneck_ae_q32,1,14,1734,0.021856132699749172,79337
20260623,bottleneck_ae_q32,1,15,2807,0.035380717697921525,79337
20260623,bottleneck_ae_q32,1,16,2487,0.03134729067143956,79337
20260623,bottleneck_ae_q32,1,17,2548,0.032116162698362684,79337
20260623,bottleneck_ae_q32,1,18,1694,0.021351954321438923,79337
20260623,bottleneck_ae_q32,1,19,2711,0.03417068958997693,79337
20260623,bottleneck_ae_q32,1,20,2735,0.03447319661696308,79337
20260623,bottleneck_ae_q32,1,21,2743,0.03457403229262513,79337
20260623,bottleneck_ae_q32,1,22,1735,0.021868737159206928,79337
20260623,bottleneck_ae_q32,1,23,2702,0.03405724945485713,79337
20260623,bottleneck_ae_q32,1,24,2534,0.031939700265954094,79337
20260623,bottleneck_ae_q32,1,25,2481,0.03127166391469302,79337
20260623,bottleneck_ae_q32,1,26,2552,0.03216658053619371,79337
20260623,bottleneck_ae_q32,1,27,2526,0.031838864590292046,79337
20260623,bottleneck_ae_q32,1,28,2537,0.03197751364432736,79337
20260623,bottleneck_ae_q32,1,29,2532,0.03191449134703858,79337
20260623,bottleneck_ae_q32,1,30,2594,0.032695967833419465,79337
20260623,bottleneck_ae_q32,1,31,2567,0.03235564742806005,79337
20260623,bottleneck_ae_q32,2,0,3035,0.029629412683536395,102432
20260623,bottleneck_ae_q32,2,1,3128,0.030537332083723837,102432
20260623,bottleneck_ae_q32,2,2,3123,0.030488519212746017,102432
20260623,bottleneck_ae_q32,2,3,3021,0.0294927366447985,102432
20260623,bottleneck_ae_q32,2,4,3140,0.030654482974070602,102432
20260623,bottleneck_ae_q32,2,5,4118,0.04020228053733208,102432
20260623,bottleneck_ae_q32,2,6,2121,0.020706419868791,102432
20260623,bottleneck_ae_q32,2,7,4136,0.040378006872852236,102432
20260623,bottleneck_ae_q32,2,8,3109,0.030351843174008124,102432
20260623,bottleneck_ae_q32,2,9,3158,0.030830209309590753,102432
20260623,bottleneck_ae_q32,2,10,3047,0.02974656357388316,102432
20260623,bottleneck_ae_q32,2,11,3142,0.03067400812246173,102432
20260623,bottleneck_ae_q32,2,12,3058,0.029853951890034366,102432
20260623,bottleneck_ae_q32,2,13,4145,0.040465870040612306,102432
20260623,bottleneck_ae_q32,2,14,2083,0.020335442049359574,102432
20260623,bottleneck_ae_q32,2,15,4105,0.040075367072789754,102432
20260623,bottleneck_ae_q32,2,16,3101,0.030273742580443613,102432
20260623,bottleneck_ae_q32,2,17,3182,0.031064511090284287,102432
20260623,bottleneck_ae_q32,2,18,3125,0.030508044361137146,102432
20260623,bottleneck_ae_q32,2,19,3095,0.030215167135270227,102432
20260623,bottleneck_ae_q32,2,20,3059,0.02986371446422993,102432
20260623,bottleneck_ae_q32,2,21,4154,0.04055373320837238,102432
20260623,bottleneck_ae_q32,2,22,2044,0.019954701655732585,102432
20260623,bottleneck_ae_q32,2,23,4112,0.0401437050921587,102432
20260623,bottleneck_ae_q32,2,24,3098,0.03024445485785692,102432
20260623,bottleneck_ae_q32,2,25,3144,0.03069353327085286,102432
20260623,bottleneck_ae_q32,2,26,3103,0.030293267728834738,102432
20260623,bottleneck_ae_q32,2,27,3071,0.029980865354576693,102432
20260623,bottleneck_ae_q32,2,28,3082,0.0300882536707279,102432
20260623,bottleneck_ae_q32,2,29,3158,0.030830209309590753,102432
20260623,bottleneck_ae_q32,2,30,3111,0.03037136832239925,102432
20260623,bottleneck_ae_q32,2,31,3124,0.03049828178694158,102432
20260623,bottleneck_ae_q32,3,0,3329,0.03161353427727605,105303
20260623,bottleneck_ae_q32,3,1,3540,0.03361727586108658,105303
20260623,bottleneck_ae_q32,3,2,3441,0.03267713170564941,105303
20260623,bottleneck_ae_q32,3,3,2472,0.023475114669097748,105303
20260623,bottleneck_ae_q32,3,4,3324,0.03156605224922367,105303
20260623,bottleneck_ae_q32,3,5,2454,0.02330417936810917,105303
20260623,bottleneck_ae_q32,3,6,4424,0.04201209842074775,105303
20260623,bottleneck_ae_q32,3,7,2448,0.02324720093444631,105303
20260623,bottleneck_ae_q32,3,8,3582,0.03401612489672659,105303
20260623,bottleneck_ae_q32,3,9,3522,0.033446340560098,105303
20260623,bottleneck_ae_q32,3,10,3368,0.03198389409608463,105303
20260623,bottleneck_ae_q32,3,11,2380,0.022601445352933916,105303
20260623,bottleneck_ae_q32,3,12,3421,0.03248720359343988,105303
20260623,bottleneck_ae_q32,3,13,2378,0.022582452541712962,105303
20260623,bottleneck_ae_q32,3,14,4433,0.042097566071242036,105303
20260623,bottleneck_ae_q32,3,15,2346,0.022278567562177717,105303
20260623,bottleneck_ae_q32,3,16,3646,0.03462389485579708,105303
20260623,bottleneck_ae_q32,3,17,3606,0.034244038631378024,105303
20260623,bottleneck_ae_q32,3,18,3455,0.03281008138419608,105303
20260623,bottleneck_ae_q32,3,19,2404,0.02282935908758535,105303
20260623,bottleneck_ae_q32,3,20,3404,0.03232576469806178,105303
20260623,bottleneck_ae_q32,3,21,2325,0.02207914304435771,105303
20260623,bottleneck_ae_q32,3,22,4379,0.04158476016827631,105303
20260623,bottleneck_ae_q32,3,23,2438,0.02315223687834155,105303
20260623,bottleneck_ae_q32,3,24,3654,0.03469986610068089,105303
20260623,bottleneck_ae_q32,3,25,3593,0.03412058535844183,105303
20260623,bottleneck_ae_q32,3,26,3592,0.03411108895283135,105303
20260623,bottleneck_ae_q32,3,27,3604,0.03422504582015707,105303
20260623,bottleneck_ae_q32,3,28,3654,0.03469986610068089,105303
20260623,bottleneck_ae_q32,3,29,3560,0.033807203973296104,105303
20260623,bottleneck_ae_q32,3,30,3563,0.03383569319012754,105303
20260623,bottleneck_ae_q32,3,31,3564,0.03384518959573801,105303
20260623,sae_l1_4x,0,0,2491,0.027808477622604015,89577
20260623,sae_l1_4x,0,1,2482,0.02770800540317269,89577
20260623,sae_l1_4x,0,2,3694,0.04123826428659142,89577
20260623,sae_l1_4x,0,3,1631,0.01820779887694386,89577
20260623,sae_l1_4x,0,4,3656,0.040814048248992485,89577
20260623,sae_l1_4x,0,5,4725,0.0527479152014468,89577
20260623,sae_l1_4x,0,6,1685,0.018810632193531823,89577
20260623,sae_l1_4x,0,7,2720,0.030364937428134453,89577
20260623,sae_l1_4x,0,8,2600,0.029025307835716756,89577
20260623,sae_l1_4x,0,9,2501,0.02792011342197216,89577
20260623,sae_l1_4x,0,10,3688,0.04117128280697054,89577
20260623,sae_l1_4x,0,11,1654,0.018464561215490585,89577
20260623,sae_l1_4x,0,12,3656,0.040814048248992485,89577
20260623,sae_l1_4x,0,13,4777,0.053328421358161134,89577
20260623,sae_l1_4x,0,14,1619,0.018073835917702088,89577
20260623,sae_l1_4x,0,15,2704,0.030186320149145428,89577
20260623,sae_l1_4x,0,16,2552,0.02848945599874968,89577
20260623,sae_l1_4x,0,17,2519,0.02812105786083481,89577
20260623,sae_l1_4x,0,18,3715,0.04147269946526452,89577
20260623,sae_l1_4x,0,19,1674,0.018687832814226868,89577
20260623,sae_l1_4x,0,20,3663,0.040892193308550186,89577
20260623,sae_l1_4x,0,21,4755,0.05308282259955122,89577
20260623,sae_l1_4x,0,22,1667,0.018609687754669167,89577
20260623,sae_l1_4x,0,23,2714,0.030297955948513568,89577
20260623,sae_l1_4x,0,24,2564,0.028623418957991448,89577
20260623,sae_l1_4x,0,25,2506,0.02797593132165623,89577
20260623,sae_l1_4x,0,26,2543,0.028388983779318352,89577
20260623,sae_l1_4x,0,27,2450,0.027350770845194636,89577
20260623,sae_l1_4x,0,28,2560,0.028578764638244193,89577
20260623,sae_l1_4x,0,29,2529,0.028232693660202954,89577
20260623,sae_l1_4x,0,30,2484,0.027730332563046318,89577
20260623,sae_l1_4x,0,31,2399,0.026781428268417114,89577
20260623,sae_l1_4x,1,0,2409,0.028106733248550328,85709
20260623,sae_l1_4x,1,1,2483,0.028970119824055816,85709
20260623,sae_l1_4x,1,2,2669,0.03114025364897502,85709
20260623,sae_l1_4x,1,3,2742,0.03199197283832503,85709
20260623,sae_l1_4x,1,4,2735,0.03191030113523667,85709
20260623,sae_l1_4x,1,5,1702,0.01985789123662626,85709
20260623,sae_l1_4x,1,6,4798,0.05598011877399106,85709
20260623,sae_l1_4x,1,7,1690,0.019717882602760504,85709
20260623,sae_l1_4x,1,8,2629,0.030673558202755836,85709
20260623,sae_l1_4x,1,9,2621,0.030580219113512,85709
20260623,sae_l1_4x,1,10,2754,0.03213198147219078,85709
20260623,sae_l1_4x,1,11,2742,0.03199197283832503,85709
20260623,sae_l1_4x,1,12,2859,0.03335705701851614,85709
20260623,sae_l1_4x,1,13,1754,0.020464595316711198,85709
20260623,sae_l1_4x,1,14,4791,0.055898447070902704,85709
20260623,sae_l1_4x,1,15,1722,0.02009123895973585,85709
20260623,sae_l1_4x,1,16,2522,0.02942514788411952,85709
20260623,sae_l1_4x,1,17,2624,0.030615221271978438,85709
20260623,sae_l1_4x,1,18,2826,0.03297203327538532,85709
20260623,sae_l1_4x,1,19,2779,0.03242366612607778,85709
20260623,sae_l1_4x,1,20,2800,0.03266868123534285,85709
20260623,sae_l1_4x,1,21,1724,0.02011457373204681,85709
20260623,sae_l1_4x,1,22,4777,0.05573510366472599,85709
20260623,sae_l1_4x,1,23,1783,0.020802949515220104,85709
20260623,sae_l1_4x,1,24,2547,0.02971683253800651,85709
20260623,sae_l1_4x,1,25,2609,0.030440210479646245,85709
20260623,sae_l1_4x,1,26,2586,0.030171860598070213,85709
20260623,sae_l1_4x,1,27,2616,0.030521882182734602,85709
20260623,sae_l1_4x,1,28,2577,0.030066854122670898,85709
20260623,sae_l1_4x,1,29,2579,0.030090188894981856,85709
20260623,sae_l1_4x,1,30,2615,0.030510214796579123,85709
20260623,sae_l1_4x,1,31,2645,0.03086023638124351,85709
20260623,sae_l1_4x,2,0,3516,0.031681954982068515,110978
20260623,sae_l1_4x,2,1,3534,0.031844149290850436,110978
20260623,sae_l1_4x,2,2,3352,0.030204184613166575,110978
20260623,sae_l1_4x,2,3,5407,0.04872136819910253,110978
20260623,sae_l1_4x,2,4,3367,0.030339346537151507,110978
20260623,sae_l1_4x,2,5,2357,0.02123844365549929,110978
20260623,sae_l1_4x,2,6,2309,0.0208059254987475,110978
20260623,sae_l1_4x,2,7,4340,0.03910685000630756,110978
20260623,sae_l1_4x,2,8,3361,0.030285281767557536,110978
20260623,sae_l1_4x,2,9,3405,0.030681756744580006,110978
20260623,sae_l1_4x,2,10,3308,0.0298077096361441,110978
20260623,sae_l1_4x,2,11,5361,0.04830687163221539,110978
20260623,sae_l1_4x,2,12,3317,0.02988880679053506,110978
20260623,sae_l1_4x,2,13,2268,0.020436482906522013,110978
20260623,sae_l1_4x,2,14,2275,0.020499558471048316,110978
20260623,sae_l1_4x,2,15,4320,0.03892663410766098,110978
20260623,sae_l1_4x,2,16,3397,0.030609670385121374,110978
20260623,sae_l1_4x,2,17,3393,0.03057362720539206,110978
20260623,sae_l1_4x,2,18,3270,0.0294652994287156,110978
20260623,sae_l1_4x,2,19,5370,0.04838796878660635,110978
20260623,sae_l1_4x,2,20,3303,0.029762655661482455,110978
20260623,sae_l1_4x,2,21,2312,0.020832957883544487,110978
20260623,sae_l1_4x,2,22,2343,0.021112292526446683,110978
20260623,sae_l1_4x,2,23,4306,0.03880048297860837,110978
20260623,sae_l1_4x,2,24,3508,0.03160986862260989,110978
20260623,sae_l1_4x,2,25,3438,0.030979112977346863,110978
20260623,sae_l1_4x,2,26,3419,0.030807907873632613,110978
20260623,sae_l1_4x,2,27,3448,0.031069220926670152,110978
20260623,sae_l1_4x,2,28,3375,0.03041143289661014,110978
20260623,sae_l1_4x,2,29,3400,0.030636702769918363,110978
20260623,sae_l1_4x,2,30,3467,0.0312404260303844,110978
20260623,sae_l1_4x,2,31,3432,0.030925048207752888,110978
20260623,sae_l1_4x,3,0,3872,0.03620315655621213,106952
20260623,sae_l1_4x,3,1,3789,0.035427107487471014,106952
20260623,sae_l1_4x,3,2,2573,0.024057521130974643,106952
20260623,sae_l1_4x,3,3,2508,0.023449771860273767,106952
20260623,sae_l1_4x,3,4,2530,0.023655471613434065,106952
20260623,sae_l1_4x,3,5,3504,0.03276236068516718,106952
20260623,sae_l1_4x,3,6,3496,0.03268756077492707,106952
20260623,sae_l1_4x,3,7,3538,0.03308026030368764,106952
20260623,sae_l1_4x,3,8,3698,0.03457625850848979,106952
20260623,sae_l1_4x,3,9,3761,0.03516530780163064,106952
20260623,sae_l1_4x,3,10,2538,0.02373027152367417,106952
20260623,sae_l1_4x,3,11,2531,0.023664821602214076,106952
20260623,sae_l1_4x,3,12,2456,0.022963572443713068,106952
20260623,sae_l1_4x,3,13,3489,0.032622110853466973,106952
20260623,sae_l1_4x,3,14,3603,0.033688009574388514,106952
20260623,sae_l1_4x,3,15,3542,0.03311766025880769,106952
20260623,sae_l1_4x,3,16,3817,0.03568890717331139,106952
20260623,sae_l1_4x,3,17,3752,0.035081157902610516,106952
20260623,sae_l1_4x,3,18,2477,0.02315992220809335,106952
20260623,sae_l1_4x,3,19,2465,0.02304772234273319,106952
20260623,sae_l1_4x,3,20,2522,0.023580671703193955,106952
20260623,sae_l1_4x,3,21,3497,0.032696910763707086,106952
20260623,sae_l1_4x,3,22,3501,0.03273431071882714,106952
20260623,sae_l1_4x,3,23,3485,0.03258471089834692,106952
20260623,sae_l1_4x,3,24,3669,0.0343051088338694,106952
20260623,sae_l1_4x,3,25,3735,0.03492220809335029,106952
20260623,sae_l1_4x,3,26,3740,0.03496895803725036,106952
20260623,sae_l1_4x,3,27,3774,0.03528685765577081,106952
20260623,sae_l1_4x,3,28,3776,0.03530555763333084,106952
20260623,sae_l1_4x,3,29,3780,0.03534295758845089,106952
20260623,sae_l1_4x,3,30,3722,0.034800658239210115,106952
20260623,sae_l1_4x,3,31,3812,0.035642157229411324,106952
20260623,sae_topk_4x,0,0,16,0.004344284550638067,3683
20260623,sae_topk_4x,0,1,25,0.006787944610371979,3683
20260623,sae_topk_4x,0,2,8,0.0021721422753190334,3683
20260623,sae_topk_4x,0,3,1044,0.28346456692913385,3683
20260623,sae_topk_4x,0,4,14,0.0038012489818083084,3683
20260623,sae_topk_4x,0,5,15,0.0040727667662231876,3683
20260623,sae_topk_4x,0,6,20,0.005430355688297583,3683
20260623,sae_topk_4x,0,7,16,0.004344284550638067,3683
20260623,sae_topk_4x,0,8,27,0.007330980179201738,3683
20260623,sae_topk_4x,0,9,22,0.005973391257127342,3683
20260623,sae_topk_4x,0,10,15,0.0040727667662231876,3683
20260623,sae_topk_4x,0,11,1036,0.2812924246538148,3683
20260623,sae_topk_4x,0,12,16,0.004344284550638067,3683
20260623,sae_topk_4x,0,13,11,0.002986695628563671,3683
20260623,sae_topk_4x,0,14,18,0.004887320119467825,3683
20260623,sae_topk_4x,0,15,14,0.0038012489818083084,3683
20260623,sae_topk_4x,0,16,24,0.0065164268259571,3683
20260623,sae_topk_4x,0,17,21,0.005701873472712463,3683
20260623,sae_topk_4x,0,18,15,0.0040727667662231876,3683
20260623,sae_topk_4x,0,19,1043,0.283193049144719,3683
20260623,sae_topk_4x,0,20,13,0.0035297311973934292,3683
20260623,sae_topk_4x,0,21,15,0.0040727667662231876,3683
20260623,sae_topk_4x,0,22,12,0.00325821341297855,3683
20260623,sae_topk_4x,0,23,14,0.0038012489818083084,3683
20260623,sae_topk_4x,0,24,31,0.008417051316861254,3683
20260623,sae_topk_4x,0,25,28,0.007602497963616617,3683
20260623,sae_topk_4x,0,26,26,0.0070594623947868584,3683
20260623,sae_topk_4x,0,27,28,0.007602497963616617,3683
20260623,sae_topk_4x,0,28,29,0.007874015748031496,3683
20260623,sae_topk_4x,0,29,25,0.006787944610371979,3683
20260623,sae_topk_4x,0,30,17,0.004615802335052946,3683
20260623,sae_topk_4x,0,31,25,0.006787944610371979,3683
20260623,sae_topk_4x,1,0,10070,0.031336743966043044,321348
20260623,sae_topk_4x,1,1,10042,0.031249611013605186,321348
20260623,sae_topk_4x,1,2,10764,0.03349639643003846,321348
20260623,sae_topk_4x,1,3,9728,0.030272477189837808,321348
20260623,sae_topk_4x,1,4,9737,0.030300484210264263,321348
20260623,sae_topk_4x,1,5,9779,0.030431183638921045,321348
20260623,sae_topk_4x,1,6,9681,0.03012621830538855,321348
20260623,sae_topk_4x,1,7,10794,0.03358975316479331,321348
20260623,sae_topk_4x,1,8,9940,0.030932198115438715,321348
20260623,sae_topk_4x,1,9,9988,0.031081568891046466,321348
20260623,sae_topk_4x,1,10,10798,0.03360220072942729,321348
20260623,sae_topk_4x,1,11,9728,0.030272477189837808,321348
20260623,sae_topk_4x,1,12,9737,0.030300484210264263,321348
20260623,sae_topk_4x,1,13,9753,0.03035027446880018,321348
20260623,sae_topk_4x,1,14,9761,0.030375169598068137,321348
20260623,sae_topk_4x,1,15,10724,0.03337192078369867,321348
20260623,sae_topk_4x,1,16,10003,0.031128247258423888,321348
20260623,sae_topk_4x,1,17,10004,0.031131359149582385,321348
20260623,sae_topk_4x,1,18,10752,0.03345905373613652,321348
20260623,sae_topk_4x,1,19,9737,0.030300484210264263,321348
20260623,sae_topk_4x,1,20,9704,0.03019779180203393,321348
20260623,sae_topk_4x,1,21,9731,0.030281812863313294,321348
20260623,sae_topk_4x,1,22,9713,0.030225798822460386,321348
20260623,sae_topk_4x,1,23,10780,0.033546186688574384,321348
20260623,sae_topk_4x,1,24,10041,0.031246499122446692,321348
20260623,sae_topk_4x,1,25,9944,0.030944645680072692,321348
20260623,sae_topk_4x,1,26,10022,0.03118737319043529,321348
20260623,sae_topk_4x,1,27,10023,0.031190485081593788,321348
20260623,sae_topk_4x,1,28,10011,0.03115314238769185,321348
20260623,sae_topk_4x,1,29,9976,0.031044226197144528,321348
20260623,sae_topk_4x,1,30,9976,0.031044226197144528,321348
20260623,sae_topk_4x,1,31,9907,0.030829505707208386,321348
20260623,sae_topk_4x,2,1,11,0.0011207335710646969,9815
20260623,sae_topk_4x,2,2,14,0.0014263881813550688,9815
20260623,sae_topk_4x,2,3,13,0.0013245033112582781,9815
20260623,sae_topk_4x,2,4,1037,0.10565461029037188,9815
20260623,sae_topk_4x,2,5,1034,0.10534895568008151,9815
20260623,sae_topk_4x,2,6,1037,0.10565461029037188,9815
20260623,sae_topk_4x,2,7,16,0.00163015792154865,9815
20260623,sae_topk_4x,2,8,35,0.003565970453387672,9815
20260623,sae_topk_4x,2,9,27,0.002750891492613347,9815
20260623,sae_topk_4x,2,10,9,0.0009169638308711156,9815
20260623,sae_topk_4x,2,11,12,0.0012226184411614875,9815
20260623,sae_topk_4x,2,12,1039,0.10585838003056545,9815
20260623,sae_topk_4x,2,13,1048,0.10677534386143658,9815
20260623,sae_topk_4x,2,14,1034,0.10534895568008151,9815
20260623,sae_topk_4x,2,15,13,0.0013245033112582781,9815
20260623,sae_topk_4x,2,16,23,0.0023433520122261844,9815
20260623,sae_topk_4x,2,17,24,0.002445236882322975,9815
20260623,sae_topk_4x,2,18,27,0.002750891492613347,9815
20260623,sae_topk_4x,2,19,19,0.001935812531839022,9815
20260623,sae_topk_4x,2,20,1039,0.10585838003056545,9815
20260623,sae_topk_4x,2,21,1038,0.10575649516046867,9815
20260623,sae_topk_4x,2,22,1043,0.10626591951095263,9815
20260623,sae_topk_4x,2,23,19,0.001935812531839022,9815
20260623,sae_topk_4x,2,24,26,0.0026490066225165563,9815
20260623,sae_topk_4x,2,25,20,0.0020376974019358125,9815
20260623,sae_topk_4x,2,26,22,0.0022414671421293938,9815
20260623,sae_topk_4x,2,27,27,0.002750891492613347,9815
20260623,sae_topk_4x,2,28,33,0.0033622007131940907,9815
20260623,sae_topk_4x,2,29,21,0.002139582272032603,9815
20260623,sae_topk_4x,2,30,29,0.002954661232806928,9815
20260623,sae_topk_4x,2,31,26,0.0026490066225165563,9815
20260623,sae_topk_4x,3,0,2202,0.037724858660270685,58370
20260623,sae_topk_4x,3,1,2210,0.0378619153674833,58370
20260623,sae_topk_4x,3,2,1502,0.02573239677916738,58370
20260623,sae_topk_4x,3,3,1503,0.02574952886756896,58370
20260623,sae_topk_4x,3,4,1500,0.025698132602364226,58370
20260623,sae_topk_4x,3,5,1460,0.025012849066301183,58370
20260623,sae_topk_4x,3,6,1550,0.026554737022443035,58370
20260623,sae_topk_4x,3,7,1462,0.025047113243104335,58370
20260623,sae_topk_4x,3,8,2286,0.03916395408600308,58370
20260623,sae_topk_4x,3,9,2251,0.03856433099194792,58370
20260623,sae_topk_4x,3,10,1466,0.02511564159671064,58370
20260623,sae_topk_4x,3,11,1512,0.025903717663183144,58370
20260623,sae_topk_4x,3,12,1496,0.025629604248757924,58370
20260623,sae_topk_4x,3,13,1476,0.0252869624807264,58370
20260623,sae_topk_4x,3,14,1475,0.025269830392324825,58370
20260623,sae_topk_4x,3,15,1537,0.026332019873222545,58370
20260623,sae_topk_4x,3,16,2238,0.038341613842727426,58370
20260623,sae_topk_4x,3,17,2239,0.03835874593112901,58370
20260623,sae_topk_4x,3,18,1494,0.02559534007195477,58370
20260623,sae_topk_4x,3,19,1489,0.02550967962994689,58370
20260623,sae_topk_4x,3,20,1532,0.026246359431214665,58370
20260623,sae_topk_4x,3,21,1504,0.025766660955970532,58370
20260623,sae_topk_4x,3,22,1520,0.02604077437039575,58370
20260623,sae_topk_4x,3,23,1475,0.025269830392324825,58370
20260623,sae_topk_4x,3,24,2190,0.03751927359945177,58370
20260623,sae_topk_4x,3,25,2296,0.039335274970018846,58370
20260623,sae_topk_4x,3,26,2218,0.03799897207469591,58370
20260623,sae_topk_4x,3,27,2210,0.0378619153674833,58370
20260623,sae_topk_4x,3,28,2215,0.03794757580949118,58370
20260623,sae_topk_4x,3,29,2266,0.03882131231797156,58370
20260623,sae_topk_4x,3,30,2266,0.03882131231797156,58370
20260623,sae_topk_4x,3,31,2330,0.03991776597567243,58370
20260623,sae_l1_8x,0,0,1875,0.025818977981575578,72621
20260623,sae_l1_8x,0,1,2060,0.028366450475757702,72621
20260623,sae_l1_8x,0,2,1379,0.01898899767284945,72621
20260623,sae_l1_8x,0,3,2423,0.03336500461299073,72621
20260623,sae_l1_8x,0,4,3489,0.04804395422811583,72621
20260623,sae_l1_8x,0,5,3419,0.04708004571680368,72621
20260623,sae_l1_8x,0,6,1389,0.019126698888751188,72621
20260623,sae_l1_8x,0,7,2390,0.032910590600515,72621
20260623,sae_l1_8x,0,8,2151,0.0296195315404635,72621
20260623,sae_l1_8x,0,9,2118,0.029165117527987772,72621
20260623,sae_l1_8x,0,10,1360,0.018727365362636153,72621
20260623,sae_l1_8x,0,11,2423,0.03336500461299073,72621
20260623,sae_l1_8x,0,12,3433,0.04727282741906611,72621
20260623,sae_l1_8x,0,13,3478,0.04789248289062392,72621
20260623,sae_l1_8x,0,14,1397,0.019236859861472576,72621
20260623,sae_l1_8x,0,15,2437,0.03355778631525316,72621
20260623,sae_l1_8x,0,16,2085,0.028710703515512043,72621
20260623,sae_l1_8x,0,17,2080,0.028641852907561174,72621
20260623,sae_l1_8x,0,18,1377,0.018961457429669103,72621
20260623,sae_l1_8x,0,19,2438,0.033571556436843335,72621
20260623,sae_l1_8x,0,20,3444,0.04742429875655802,72621
20260623,sae_l1_8x,0,21,3478,0.04789248289062392,72621
20260623,sae_l1_8x,0,22,1416,0.019498492171685877,72621
20260623,sae_l1_8x,0,23,2428,0.033433855220941604,72621
20260623,sae_l1_8x,0,24,2127,0.029289048622299335,72621
20260623,sae_l1_8x,0,25,2142,0.02949560044615194,72621
20260623,sae_l1_8x,0,26,2095,0.028848404731413778,72621
20260623,sae_l1_8x,0,27,2088,0.028752013880282562,72621
20260623,sae_l1_8x,0,28,2060,0.028366450475757702,72621
20260623,sae_l1_8x,0,29,2079,0.028628082785971,72621
20260623,sae_l1_8x,0,30,2025,0.027884496220101623,72621
20260623,sae_l1_8x,0,31,2038,0.02806350780077388,72621
20260623,sae_l1_8x,1,0,2556,0.03337163150198454,76592
20260623,sae_l1_8x,1,1,2481,0.032392416962607064,76592
20260623,sae_l1_8x,1,2,1680,0.02193440568205557,76592
20260623,sae_l1_8x,1,3,1586,0.020707123459369123,76592
20260623,sae_l1_8x,1,4,2703,0.0352908919991644,76592
20260623,sae_l1_8x,1,5,2651,0.03461196991852935,76592
20260623,sae_l1_8x,1,6,2678,0.03496448715270525,76592
20260623,sae_l1_8x,1,7,2688,0.03509504909128891,76592
20260623,sae_l1_8x,1,8,2473,0.03228796741174013,76592
20260623,sae_l1_8x,1,9,2482,0.03240547315646543,76592
20260623,sae_l1_8x,1,10,1703,0.022234698140797995,76592
20260623,sae_l1_8x,1,11,1608,0.020994359724253186,76592
20260623,sae_l1_8x,1,12,2661,0.03474253185711301,76592
20260623,sae_l1_8x,1,13,2727,0.0356042406517652,76592
20260623,sae_l1_8x,1,14,2637,0.03442918320451222,76592
20260623,sae_l1_8x,1,15,2692,0.035147273866722374,76592
20260623,sae_l1_8x,1,16,2438,0.0318310006266973,76592
20260623,sae_l1_8x,1,17,2518,0.03287549613536662,76592
20260623,sae_l1_8x,1,18,1633,0.021320764570712344,76592
20260623,sae_l1_8x,1,19,1668,0.02177773135575517,76592
20260623,sae_l1_8x,1,20,2609,0.03406360977647796,76592
20260623,sae_l1_8x,1,21,2640,0.03446835178608732,76592
20260623,sae_l1_8x,1,22,2694,0.0351733862544391,76592
20260623,sae_l1_8x,1,23,2561,0.03343691247127637,76592
20260623,sae_l1_8x,1,24,2471,0.03226185502402339,76592
20260623,sae_l1_8x,1,25,2496,0.032588259870482555,76592
20260623,sae_l1_8x,1,26,2441,0.0318701692082724,76592
20260623,sae_l1_8x,1,27,2494,0.03256214748276583,76592
20260623,sae_l1_8x,1,28,2433,0.031765719657405475,76592
20260623,sae_l1_8x,1,29,2482,0.03240547315646543,76592
20260623,sae_l1_8x,1,30,2470,0.03224879883016503,76592
20260623,sae_l1_8x,1,31,2538,0.033136620012533945,76592
20260623,sae_l1_8x,2,0,4547,0.030160520031838684,150760
20260623,sae_l1_8x,2,1,4474,0.02967630671265588,150760
20260623,sae_l1_8x,2,2,6040,0.04006367736800212,150760
20260623,sae_l1_8x,2,3,6063,0.04021623772884054,150760
20260623,sae_l1_8x,2,4,3970,0.02633324489254444,150760
20260623,sae_l1_8x,2,5,4008,0.026585301140886176,150760
20260623,sae_l1_8x,2,6,5016,0.033271424781109046,150760
20260623,sae_l1_8x,2,7,4005,0.026565401963385513,150760
20260623,sae_l1_8x,2,8,4399,0.029178827275139294,150760
20260623,sae_l1_8x,2,9,4465,0.029616609180153887,150760
20260623,sae_l1_8x,2,10,6086,0.04036879808967896,150760
20260623,sae_l1_8x,2,11,6104,0.04048819315468294,150760
20260623,sae_l1_8x,2,12,4046,0.026837357389227913,150760
20260623,sae_l1_8x,2,13,3945,0.026167418413372247,150760
20260623,sae_l1_8x,2,14,5098,0.03381533563279385,150760
20260623,sae_l1_8x,2,15,4052,0.026877155744229237,150760
20260623,sae_l1_8x,2,16,4538,0.030100822499336693,150760
20260623,sae_l1_8x,2,17,4478,0.029702838949323428,150760
20260623,sae_l1_8x,2,18,6065,0.04022950384717432,150760
20260623,sae_l1_8x,2,19,6053,0.04014990713717166,150760
20260623,sae_l1_8x,2,20,4047,0.0268439904483948,150760
20260623,sae_l1_8x,2,21,4087,0.02710931281507031,150760
20260623,sae_l1_8x,2,22,5005,0.033198461130273284,150760
20260623,sae_l1_8x,2,23,4123,0.02734810294507827,150760
20260623,sae_l1_8x,2,24,4448,0.029503847174316793,150760
20260623,sae_l1_8x,2,25,4445,0.029483947996816133,150760
20260623,sae_l1_8x,2,26,4489,0.029775802600159194,150760
20260623,sae_l1_8x,2,27,4491,0.02978906871849297,150760
20260623,sae_l1_8x,2,28,4537,0.030094189440169807,150760
20260623,sae_l1_8x,2,29,4543,0.03013398779517113,150760
20260623,sae_l1_8x,2,30,4530,0.03004775802600159,150760
20260623,sae_l1_8x,2,31,4563,0.03026664897850889,150760
20260623,sae_l1_8x,3,0,3310,0.035498643329794195,93243
20260623,sae_l1_8x,3,1,3273,0.03510183070042792,93243
20260623,sae_l1_8x,3,2,3189,0.034200958785109876,93243
20260623,sae_l1_8x,3,3,2216,0.02376585909934258,93243
20260623,sae_l1_8x,3,4,2126,0.02280063919007325,93243
20260623,sae_l1_8x,3,5,2210,0.02370151110539129,93243
20260623,sae_l1_8x,3,6,3205,0.034372553435646644,93243
20260623,sae_l1_8x,3,7,3205,0.034372553435646644,93243
20260623,sae_l1_8x,3,8,3265,0.03501603337515953,93243
20260623,sae_l1_8x,3,9,3223,0.03456559741750051,93243
20260623,sae_l1_8x,3,10,3139,0.03366472550218247,93243
20260623,sae_l1_8x,3,11,2153,0.02309020516285405,93243
20260623,sae_l1_8x,3,12,2148,0.023036581834561306,93243
20260623,sae_l1_8x,3,13,2138,0.022929335177975827,93243
20260623,sae_l1_8x,3,14,3156,0.03384704481837779,93243
20260623,sae_l1_8x,3,15,3107,0.033321536201108934,93243
20260623,sae_l1_8x,3,16,3227,0.0346084960801347,93243
20260623,sae_l1_8x,3,17,3212,0.03444762609525648,93243
20260623,sae_l1_8x,3,18,3213,0.03445835076091503,93243
20260623,sae_l1_8x,3,19,2129,0.022832813187048894,93243
20260623,sae_l1_8x,3,20,2188,0.02346556846090323,93243
20260623,sae_l1_8x,3,21,2083,0.02233947856675568,93243
20260623,sae_l1_8x,3,22,3173,0.0340293641345731,93243
20260623,sae_l1_8x,3,23,3176,0.034061538131548746,93243
20260623,sae_l1_8x,3,24,3242,0.03476936606501292,93243
20260623,sae_l1_8x,3,25,3205,0.034372553435646644,93243
20260623,sae_l1_8x,3,26,3263,0.03499458404384243,93243
20260623,sae_l1_8x,3,27,3215,0.03447980009223212,93243
20260623,sae_l1_8x,3,28,3258,0.034940960715549696,93243
20260623,sae_l1_8x,3,29,3184,0.034147335456817134,93243
20260623,sae_l1_8x,3,30,3263,0.03499458404384243,93243
20260623,sae_l1_8x,3,31,3149,0.03377197215876795,93243
20260623,sae_topk_8x,0,2,1024,0.16666666666666666,6144
20260623,sae_topk_8x,0,4,1024,0.16666666666666666,6144
20260623,sae_topk_8x,0,10,1024,0.16666666666666666,6144
20260623,sae_topk_8x,0,12,1024,0.16666666666666666,6144
20260623,sae_topk_8x,0,18,1024,0.16666666666666666,6144
20260623,sae_topk_8x,0,20,1024,0.16666666666666666,6144
20260623,sae_topk_8x,1,5,1024,0.3333333333333333,3072
20260623,sae_topk_8x,1,13,1024,0.3333333333333333,3072
20260623,sae_topk_8x,1,21,1024,0.3333333333333333,3072
20260623,sae_topk_8x,2,0,11582,0.032190463484863645,359796
20260623,sae_topk_8x,2,1,11639,0.03234888659129062,359796
20260623,sae_topk_8x,2,2,9804,0.02724877430543975,359796
20260623,sae_topk_8x,2,3,11803,0.03280470044136122,359796
20260623,sae_topk_8x,2,4,9765,0.027140379548410767,359796
20260623,sae_topk_8x,2,5,10775,0.029947525820186994,359796
20260623,sae_topk_8x,2,6,11835,0.03289363972917987,359796
20260623,sae_topk_8x,2,7,11831,0.03288252231820254,359796
20260623,sae_topk_8x,2,8,11597,0.03223215377602864,359796
20260623,sae_topk_8x,2,9,11534,0.032057054553135664,359796
20260623,sae_topk_8x,2,10,9768,0.027148717606643766,359796
20260623,sae_topk_8x,2,11,11828,0.03287418425996954,359796
20260623,sae_topk_8x,2,12,9755,0.027112586020967437,359796
20260623,sae_topk_8x,2,13,10825,0.030086493457403638,359796
20260623,sae_topk_8x,2,14,11816,0.032840832027037546,359796
20260623,sae_topk_8x,2,15,11843,0.03291587455113453,359796
20260623,sae_topk_8x,2,16,11620,0.032296078889148296,359796
20260623,sae_topk_8x,2,17,11559,0.032126538371743986,359796
20260623,sae_topk_8x,2,18,9789,0.027207084014274754,359796
20260623,sae_topk_8x,2,19,11847,0.032926991962111865,359796
20260623,sae_topk_8x,2,20,9745,0.027084792493524107,359796
20260623,sae_topk_8x,2,21,10785,0.029975319347630324,359796
20260623,sae_topk_8x,2,22,11837,0.032899198434668535,359796
20260623,sae_topk_8x,2,23,11818,0.03284639073252621,359796
20260623,sae_topk_8x,2,24,11573,0.03216544931016465,359796
20260623,sae_topk_8x,2,25,11660,0.03240725299892161,359796
20260623,sae_topk_8x,2,26,11547,0.03209318613881199,359796
20260623,sae_topk_8x,2,27,11588,0.03220713960132964,359796
20260623,sae_topk_8x,2,28,11620,0.032296078889148296,359796
20260623,sae_topk_8x,2,29,11577,0.03217656672114198,359796
20260623,sae_topk_8x,2,30,11584,0.03219602219035231,359796
20260623,sae_topk_8x,2,31,11647,0.03237112141324528,359796
20260623,sae_topk_8x,3,0,706,0.029168732440918856,24204
20260623,sae_topk_8x,3,1,649,0.026813749793422575,24204
20260623,sae_topk_8x,3,2,1460,0.060320608163939846,24204
20260623,sae_topk_8x,3,3,485,0.02003801024624029,24204
20260623,sae_topk_8x,3,4,1499,0.06193191208064783,24204
20260623,sae_topk_8x,3,5,489,0.020203272186415468,24204
20260623,sae_topk_8x,3,6,453,0.01871591472483887,24204
20260623,sae_topk_8x,3,7,457,0.018881176665014047,24204
20260623,sae_topk_8x,3,8,691,0.02854900016526194,24204
20260623,sae_topk_8x,3,9,754,0.03115187572302099,24204
20260623,sae_topk_8x,3,10,1496,0.061807965625516444,24204
20260623,sae_topk_8x,3,11,460,0.01900512312014543,24204
20260623,sae_topk_8x,3,12,1509,0.06234506693108577,24204
20260623,sae_topk_8x,3,13,439,0.018137497934225748,24204
20260623,sae_topk_8x,3,14,472,0.019500908940670962,24204
20260623,sae_topk_8x,3,15,445,0.018385390844488515,24204
20260623,sae_topk_8x,3,16,668,0.027598744009254668,24204
20260623,sae_topk_8x,3,17,729,0.03011898859692613,24204
20260623,sae_topk_8x,3,18,1475,0.060940340439596764,24204
20260623,sae_topk_8x,3,19,441,0.018220128904313338,24204
20260623,sae_topk_8x,3,20,1519,0.06275822178152371,24204
20260623,sae_topk_8x,3,21,479,0.019790117335977523,24204
20260623,sae_topk_8x,3,22,451,0.01863328375475128,24204
20260623,sae_topk_8x,3,23,470,0.019418277970583375,24204
20260623,sae_topk_8x,3,24,715,0.029540571806313008,24204
20260623,sae_topk_8x,3,25,628,0.025946124607502893,24204
20260623,sae_topk_8x,3,26,741,0.03061477441745166,24204
20260623,sae_topk_8x,3,27,700,0.02892083953065609,24204
20260623,sae_topk_8x,3,28,668,0.027598744009254668,24204
20260623,sae_topk_8x,3,29,711,0.029375309866137827,24204
20260623,sae_topk_8x,3,30,704,0.029086101470831266,24204
20260623,sae_topk_8x,3,31,641,0.02648322591307222,24204
20260625,all_position,0,0,2627,0.026631387934268017,98643
20260625,all_position,0,1,2796,0.028344636720294396,98643
20260625,all_position,0,2,1842,0.0186733980110094,98643
20260625,all_position,0,3,3794,0.038461928367953126,98643
20260625,all_position,0,4,2877,0.02916577962957331,98643
20260625,all_position,0,5,3857,0.03910059507517006,98643
20260625,all_position,0,6,3902,0.03955678558032501,98643
20260625,all_position,0,7,3838,0.038907981306326854,98643
20260625,all_position,0,8,2683,0.027199091674016403,98643
20260625,all_position,0,9,2634,0.026702350901736564,98643
20260625,all_position,0,10,1794,0.018186794805510782,98643
20260625,all_position,0,11,3892,0.0394554099125128,98643
20260625,all_position,0,12,2837,0.028760276958324463,98643
20260625,all_position,0,13,3910,0.03963788611457478,98643
20260625,all_position,0,14,3905,0.03958719828066867,98643
20260625,all_position,0,15,3816,0.03868495483713999,98643
20260625,all_position,0,16,2767,0.028050647283638982,98643
20260625,all_position,0,17,2756,0.02793913404904555,98643
20260625,all_position,0,18,1818,0.01843009640826009,98643
20260625,all_position,0,19,3923,0.03976967448273065,98643
20260625,all_position,0,20,2874,0.029135366929229647,98643
20260625,all_position,0,21,3908,0.03961761098101234,98643
20260625,all_position,0,22,3836,0.038887706172764415,98643
20260625,all_position,0,23,3893,0.03946554747929402,98643
20260625,all_position,0,24,2816,0.028547388055918818,98643
20260625,all_position,0,25,2642,0.026783451435986334,98643
20260625,all_position,0,26,2814,0.028527112922356376,98643
20260625,all_position,0,27,2681,0.02717881654045396,98643
20260625,all_position,0,28,2771,0.028091197550763867,98643
20260625,all_position,0,29,2689,0.02725991707470373,98643
20260625,all_position,0,30,2731,0.02768569487951502,98643
20260625,all_position,0,31,2720,0.027574181644921585,98643
20260625,all_position,1,0,3293,0.03117869282407188,105617
20260625,all_position,1,1,3228,0.03056326159614456,105617
20260625,all_position,1,2,3209,0.030383366314135036,105617
20260625,all_position,1,3,4257,0.04030601134287094,105617
20260625,all_position,1,4,3257,0.03083783860552752,105617
20260625,all_position,1,5,4217,0.0399272844333772,105617
20260625,all_position,1,6,2125,0.020119867066854768,105617
20260625,all_position,1,7,3242,0.03069581601446737,105617
20260625,all_position,1,8,3235,0.030629538805305966,105617
20260625,all_position,1,9,3291,0.031159756478597197,105617
20260625,all_position,1,10,3171,0.030023575750115983,105617
20260625,all_position,1,11,4184,0.03961483473304487,105617
20260625,all_position,1,12,3150,0.029824744122631773,105617
20260625,all_position,1,13,4267,0.040400693070244374,105617
20260625,all_position,1,14,2111,0.01998731264853196,105617
20260625,all_position,1,15,3194,0.030241343723074885,105617
20260625,all_position,1,16,3227,0.030553793423407218,105617
20260625,all_position,1,17,3211,0.030402302659609724,105617
20260625,all_position,1,18,3204,0.030336025450448317,105617
20260625,all_position,1,19,4155,0.03934025772366191,105617
20260625,all_position,1,20,3156,0.029881553159055833,105617
20260625,all_position,1,21,4173,0.039510684832934094,105617
20260625,all_position,1,22,2133,0.020195612448753515,105617
20260625,all_position,1,23,3136,0.029692189704308966,105617
20260625,all_position,1,24,3266,0.03092305216016361,105617
20260625,all_position,1,25,3238,0.030657943323517994,105617
20260625,all_position,1,26,3231,0.03059166611435659,105617
20260625,all_position,1,27,3222,0.0305064525597205,105617
20260625,all_position,1,28,3141,0.029739530567995682,105617
20260625,all_position,1,29,3209,0.030383366314135036,105617
20260625,all_position,1,30,3234,0.03062007063256862,105617
20260625,all_position,1,31,3250,0.030771561396366116,105617
20260625,all_position,2,0,3319,0.03485831915474615,95214
20260625,all_position,2,1,3263,0.03427017035309934,95214
20260625,all_position,2,2,3227,0.03389207469489781,95214
20260625,all_position,2,3,2206,0.02316886172201567,95214
20260625,all_position,2,4,3178,0.033377444493456844,95214
20260625,all_position,2,5,2200,0.023105845778982084,95214
20260625,all_position,2,6,2153,0.022612220891885648,95214
20260625,all_position,2,7,3259,0.034228159724410276,95214
20260625,all_position,2,8,3372,0.035414959984876176,95214
20260625,all_position,2,9,3366,0.03535194404184259,95214
20260625,all_position,2,10,3297,0.03462726069695633,95214
20260625,all_position,2,11,2208,0.0231898670363602,95214
20260625,all_position,2,12,3236,0.03398659860944819,95214
20260625,all_position,2,13,2163,0.022717247463608294,95214
20260625,all_position,2,14,2160,0.0226857394920915,95214
20260625,all_position,2,15,3208,0.03369252420862478,95214
20260625,all_position,2,16,3271,0.03435419161047745,95214
20260625,all_position,2,17,3407,0.035782552985905436,95214
20260625,all_position,2,18,3193,0.03353498435104081,95214
20260625,all_position,2,19,2181,0.022906295292709055,95214
20260625,all_position,2,20,3192,0.03352448169386855,95214
20260625,all_position,2,21,2211,0.023221375007876993,95214
20260625,all_position,2,22,2251,0.023641481294767577,95214
20260625,all_position,2,23,3218,0.03379755078034743,95214
20260625,all_position,2,24,3189,0.03349297372235176,95214
20260625,all_position,2,25,3365,0.035341441384670325,95214
20260625,all_position,2,26,3312,0.0347848005545403,95214
20260625,all_position,2,27,3357,0.0352574201272922,95214
20260625,all_position,2,28,3373,0.03542546264204844,95214
20260625,all_position,2,29,3338,0.03505786964101918,95214
20260625,all_position,2,30,3339,0.035068372298191444,95214
20260625,all_position,2,31,3202,0.0336295082655912,95214
20260625,all_position,3,0,3049,0.03252544217106526,93742
20260625,all_position,3,1,3001,0.03201339847667001,93742
20260625,all_position,3,2,4010,0.04277698363593693,93742
20260625,all_position,3,3,2031,0.02166584881909923,93742
20260625,all_position,3,4,2976,0.03174670905250582,93742
20260625,all_position,3,5,2014,0.021484500010667578,93742
20260625,all_position,3,6,4108,0.04382240617866058,93742
20260625,all_position,3,7,1949,0.02079110750784067,93742
20260625,all_position,3,8,2998,0.0319813957457703,93742
20260625,all_position,3,9,2997,0.03197072816880374,93742
20260625,all_position,3,10,4026,0.04294766486740202,93742
20260625,all_position,3,11,2004,0.0213778242410019,93742
20260625,all_position,3,12,3065,0.03269612340253035,93742
20260625,all_position,3,13,1948,0.0207804399308741,93742
20260625,all_position,3,14,4112,0.04386507648652685,93742
20260625,all_position,3,15,2070,0.022081884320795376,93742
20260625,all_position,3,16,3023,0.0322480851699345,93742
20260625,all_position,3,17,2914,0.03108531928057861,93742
20260625,all_position,3,18,4073,0.043449040984830704,93742
20260625,all_position,3,19,2029,0.021644513665166093,93742
20260625,all_position,3,20,3066,0.032706790979496914,93742
20260625,all_position,3,21,1996,0.021292483625269355,93742
20260625,all_position,3,22,4068,0.043395703099997865,93742
20260625,all_position,3,23,2041,0.021772524588764906,93742
20260625,all_position,3,24,3017,0.0321840797081351,93742
20260625,all_position,3,25,3043,0.03246143670926586,93742
20260625,all_position,3,26,2931,0.03126666808901026,93742
20260625,all_position,3,27,3028,0.03230142305476734,93742
20260625,all_position,3,28,3003,0.03203473363060314,93742
20260625,all_position,3,29,3052,0.032557444901964966,93742
20260625,all_position,3,30,2984,0.031832049668238355,93742
20260625,all_position,3,31,3116,0.03324016982782531,93742
20260625,route_only,0,5,1024,0.3333333333333333,3072
20260625,route_only,0,13,1024,0.3333333333333333,3072
20260625,route_only,0,21,1024,0.3333333333333333,3072
20260625,route_only,1,5,1024,0.3333333333333333,3072
20260625,route_only,1,13,1024,0.3333333333333333,3072
20260625,route_only,1,21,1024,0.3333333333333333,3072
20260625,route_only,2,5,1024,0.3333333333333333,3072
20260625,route_only,2,13,1024,0.3333333333333333,3072
20260625,route_only,2,21,1024,0.3333333333333333,3072
20260625,route_only,3,5,1024,0.3333333333333333,3072
20260625,route_only,3,13,1024,0.3333333333333333,3072
20260625,route_only,3,21,1024,0.3333333333333333,3072
20260625,slot_offset_3,0,5,1024,0.3333333333333333,3072
20260625,slot_offset_3,0,13,1024,0.3333333333333333,3072
20260625,slot_offset_3,0,21,1024,0.3333333333333333,3072
20260625,slot_offset_3,1,5,1024,0.3333333333333333,3072
20260625,slot_offset_3,1,13,1024,0.3333333333333333,3072
20260625,slot_offset_3,1,21,1024,0.3333333333333333,3072
20260625,slot_offset_3,2,5,1024,0.3333333333333333,3072
20260625,slot_offset_3,2,13,1024,0.3333333333333333,3072
20260625,slot_offset_3,2,21,1024,0.3333333333333333,3072
20260625,slot_offset_3,3,5,1024,0.3333333333333333,3072
20260625,slot_offset_3,3,13,1024,0.3333333333333333,3072
20260625,slot_offset_3,3,21,1024,0.3333333333333333,3072
20260625,selector_stability_top1_position,0,3,1024,1.0,1024
20260625,selector_stability_top1_position,1,3,9216,1.0,9216
20260625,selector_stability_top1_position,2,3,1024,1.0,1024
20260625,selector_stability_top1_position,3,3,1024,1.0,1024
20260625,selector_stability_top3_positions,0,3,12288,0.42857142857142855,28672
20260625,selector_stability_top3_positions,0,4,8192,0.2857142857142857,28672
20260625,selector_stability_top3_positions,0,12,8192,0.2857142857142857,28672
20260625,selector_stability_top3_positions,1,4,1024,0.5,2048
20260625,selector_stability_top3_positions,1,12,1024,0.5,2048
20260625,selector_stability_top3_positions,2,4,2048,0.5,4096
20260625,selector_stability_top3_positions,2,12,2048,0.5,4096
20260625,selector_stability_top3_positions,3,4,1024,0.5,2048
20260625,selector_stability_top3_positions,3,12,1024,0.5,2048
20260625,selector_stability_threshold_positions,0,4,1024,0.3333333333333333,3072
20260625,selector_stability_threshold_positions,0,12,1024,0.3333333333333333,3072
20260625,selector_stability_threshold_positions,0,20,1024,0.3333333333333333,3072
20260625,selector_stability_threshold_positions,1,3,11264,0.2,56320
20260625,selector_stability_threshold_positions,1,4,8192,0.14545454545454545,56320
20260625,selector_stability_threshold_positions,1,12,8192,0.14545454545454545,56320
20260625,selector_stability_threshold_positions,1,15,10240,0.18181818181818182,56320
20260625,selector_stability_threshold_positions,1,20,8192,0.14545454545454545,56320
20260625,selector_stability_threshold_positions,1,23,10240,0.18181818181818182,56320
20260625,selector_stability_threshold_positions,2,3,1024,0.16666666666666666,6144
20260625,selector_stability_threshold_positions,2,4,1024,0.16666666666666666,6144
20260625,selector_stability_threshold_positions,2,12,1024,0.16666666666666666,6144
20260625,selector_stability_threshold_positions,2,15,1024,0.16666666666666666,6144
20260625,selector_stability_threshold_positions,2,20,1024,0.16666666666666666,6144
20260625,selector_stability_threshold_positions,2,23,1024,0.16666666666666666,6144
20260625,selector_stability_threshold_positions,3,4,2048,0.25,8192
20260625,selector_stability_threshold_positions,3,12,2048,0.25,8192
20260625,selector_stability_threshold_positions,3,15,1024,0.125,8192
20260625,selector_stability_threshold_positions,3,20,2048,0.25,8192
20260625,selector_stability_threshold_positions,3,23,1024,0.125,8192
20260625,pca_q4,0,0,4291,0.034753662862742875,123469
20260625,pca_q4,0,1,4284,0.03469696846981833,123469
20260625,pca_q4,0,2,3828,0.03100373373073403,123469
20260625,pca_q4,0,3,2812,0.022774947557686546,123469
20260625,pca_q4,0,4,2753,0.022297094817322567,123469
20260625,pca_q4,0,5,3858,0.03124670970041063,123469
20260625,pca_q4,0,6,4811,0.03896524633713726,123469
20260625,pca_q4,0,7,2843,0.023026022726352364,123469
20260625,pca_q4,0,8,4298,0.03481035725566742,123469
20260625,pca_q4,0,9,4290,0.034745563663753656,123469
20260625,pca_q4,0,10,3878,0.03140869368019503,123469
20260625,pca_q4,0,11,2807,0.022734451562740444,123469
20260625,pca_q4,0,12,2822,0.022855939547578745,123469
20260625,pca_q4,0,13,3858,0.03124670970041063,123469
20260625,pca_q4,0,14,4821,0.039046238327029456,123469
20260625,pca_q4,0,15,2915,0.0236091650535762,123469
20260625,pca_q4,0,16,4295,0.034786059658699756,123469
20260625,pca_q4,0,17,4166,0.03374126298909038,123469
20260625,pca_q4,0,18,3873,0.03136819768524893,123469
20260625,pca_q4,0,19,2893,0.023430982675813363,123469
20260625,pca_q4,0,20,2822,0.022855939547578745,123469
20260625,pca_q4,0,21,3905,0.03162737205290397,123469
20260625,pca_q4,0,22,4934,0.039961447812811315,123469
20260625,pca_q4,0,23,2843,0.023026022726352364,123469
20260625,pca_q4,0,24,4209,0.034089528545626836,123469
20260625,pca_q4,0,25,4429,0.03587135232325523,123469
20260625,pca_q4,0,26,4289,0.03473746446476444,123469
20260625,pca_q4,0,27,4323,0.035012837230397914,123469
20260625,pca_q4,0,28,4365,0.03535300358794515,123469
20260625,pca_q4,0,29,4381,0.035482590771772675,123469
20260625,pca_q4,0,30,4272,0.034599778081947696,123469
20260625,pca_q4,0,31,4301,0.03483465485263507,123469
20260625,pca_q4,1,0,3842,0.03425891248907674,112146
20260625,pca_q4,1,1,3710,0.033081875412408826,112146
20260625,pca_q4,1,2,2452,0.021864355393861574,112146
20260625,pca_q4,1,3,3465,0.03089722326253277,112146
20260625,pca_q4,1,4,3167,0.028239972892479447,112146
20260625,pca_q4,1,5,3421,0.030504877570310132,112146
20260625,pca_q4,1,6,2407,0.02146309275408842,112146
20260625,pca_q4,1,7,5555,0.04953364364310809,112146
20260625,pca_q4,1,8,3667,0.0326984466677367,112146
20260625,pca_q4,1,9,3690,0.032903536461398535,112146
20260625,pca_q4,1,10,2419,0.021570096124694595,112146
20260625,pca_q4,1,11,3543,0.031592745171472904,112146
20260625,pca_q4,1,12,2589,0.023085977208282062,112146
20260625,pca_q4,1,13,3437,0.030647548731118364,112146
20260625,pca_q4,1,14,2501,0.022301285823836784,112146
20260625,pca_q4,1,15,5488,0.04893620815722362,112146
20260625,pca_q4,1,16,3696,0.032957038146701624,112146
20260625,pca_q4,1,17,3715,0.033126460150161394,112146
20260625,pca_q4,1,18,2487,0.022176448558129582,112146
20260625,pca_q4,1,19,3481,0.031039894423341003,112146
20260625,pca_q4,1,20,2522,0.02248854172239759,112146
20260625,pca_q4,1,21,3524,0.03142332316801313,112146
20260625,pca_q4,1,22,2488,0.022185365505680097,112146
20260625,pca_q4,1,23,5537,0.04937313858719883,112146
20260625,pca_q4,1,24,3749,0.03342963636687889,112146
20260625,pca_q4,1,25,3526,0.03144115706311416,112146
20260625,pca_q4,1,26,3697,0.03296595509425214,112146
20260625,pca_q4,1,27,3582,0.031940506125942965,112146
20260625,pca_q4,1,28,3705,0.03303729067465625,112146
20260625,pca_q4,1,29,3644,0.03249335687407487,112146
20260625,pca_q4,1,30,3696,0.032957038146701624,112146
20260625,pca_q4,1,31,3744,0.03338505162912632,112146
20260625,pca_q4,2,0,2094,0.02819784274383593,74261
20260625,pca_q4,2,1,2074,0.027928522373789743,74261
20260625,pca_q4,2,2,2467,0.03322066764519734,74261
20260625,pca_q4,2,3,2408,0.03242617255356109,74261
20260625,pca_q4,2,4,4817,0.06486581112562449,74261
20260625,pca_q4,2,5,1451,0.01953919284685097,74261
20260625,pca_q4,2,6,2433,0.032762823016118825,74261
20260625,pca_q4,2,7,1378,0.018556173496182382,74261
20260625,pca_q4,2,8,2039,0.02745721172620891,74261
20260625,pca_q4,2,9,2022,0.027228289411669652,74261
20260625,pca_q4,2,10,2400,0.032318444405542615,74261
20260625,pca_q4,2,11,2386,0.03212992014651028,74261
20260625,pca_q4,2,12,5336,0.07185467472832308,74261
20260625,pca_q4,2,13,1435,0.01932373655081402,74261
20260625,pca_q4,2,14,2413,0.03249350264607263,74261
20260625,pca_q4,2,15,1346,0.018125260904108483,74261
20260625,pca_q4,2,16,2067,0.027834260244273577,74261
20260625,pca_q4,2,17,2118,0.028521027187891356,74261
20260625,pca_q4,2,18,2345,0.03157781338791559,74261
20260625,pca_q4,2,19,2421,0.032601230794091114,74261
20260625,pca_q4,2,20,5400,0.07271649991247088,74261
20260625,pca_q4,2,21,1354,0.018232989052126957,74261
20260625,pca_q4,2,22,2350,0.03164514348042714,74261
20260625,pca_q4,2,23,1346,0.018125260904108483,74261
20260625,pca_q4,2,24,2075,0.02794198839229205,74261
20260625,pca_q4,2,25,2045,0.02753800783722277,74261
20260625,pca_q4,2,26,2050,0.027605337929734314,74261
20260625,pca_q4,2,27,2065,0.027807328207268958,74261
20260625,pca_q4,2,28,2011,0.02708016320814425,74261
20260625,pca_q4,2,29,2035,0.027403347652199674,74261
20260625,pca_q4,2,30,2053,0.027645735985241244,74261
20260625,pca_q4,2,31,2027,0.0272956195041812,74261
20260625,pca_q4,3,0,2061,0.024730021598272138,83340
20260625,pca_q4,3,1,2220,0.02663786897048236,83340
20260625,pca_q4,3,2,3541,0.04248860091192705,83340
20260625,pca_q4,3,3,3603,0.043232541396688265,83340
20260625,pca_q4,3,4,1551,0.018610511159107272,83340
20260625,pca_q4,3,5,3558,0.04269258459323254,83340
20260625,pca_q4,3,6,2637,0.0316414686825054,83340
20260625,pca_q4,3,7,2512,0.03014158867290617,83340
20260625,pca_q4,3,8,2284,0.02740580753539717,83340
20260625,pca_q4,3,9,2286,0.027429805615550754,83340
20260625,pca_q4,3,10,3591,0.043088552915766735,83340
20260625,pca_q4,3,11,3552,0.04262059035277178,83340
20260625,pca_q4,3,12,1541,0.018490520758339332,83340
20260625,pca_q4,3,13,3558,0.04269258459323254,83340
20260625,pca_q4,3,14,2553,0.030633549316054717,83340
20260625,pca_q4,3,15,2539,0.0304655627549796,83340
20260625,pca_q4,3,16,2230,0.0267578593712503,83340
20260625,pca_q4,3,17,2289,0.02746580273578114,83340
20260625,pca_q4,3,18,3583,0.042992560595152385,83340
20260625,pca_q4,3,19,3493,0.04191264698824094,83340
20260625,pca_q4,3,20,1544,0.018526517878569713,83340
20260625,pca_q4,3,21,3505,0.04205663546916247,83340
20260625,pca_q4,3,22,2516,0.030189584833213344,83340
20260625,pca_q4,3,23,2562,0.030741540676745862,83340
20260625,pca_q4,3,24,2255,0.027057835373170146,83340
20260625,pca_q4,3,25,2288,0.027453803695704344,83340
20260625,pca_q4,3,26,2252,0.027021838252939766,83340
20260625,pca_q4,3,27,2318,0.02781377489800816,83340
20260625,pca_q4,3,28,2207,0.026481881449484043,83340
20260625,pca_q4,3,29,2228,0.026733861291096714,83340
20260625,pca_q4,3,30,2267,0.027201823854091672,83340
20260625,pca_q4,3,31,2216,0.026589872810175184,83340
20260625,pca_q8,0,0,1989,0.02833656257123319,70192
20260625,pca_q8,0,1,1949,0.02776669705949396,70192
20260625,pca_q8,0,2,1259,0.01793651698199225,70192
20260625,pca_q8,0,3,4371,0.06227205379530431,70192
20260625,pca_q8,0,4,3278,0.04670047868702986,70192
20260625,pca_q8,0,5,2321,0.03306644631866879,70192
20260625,pca_q8,0,6,1304,0.018577615682698882,70192
20260625,pca_q8,0,7,2342,0.03336562571233189,70192
20260625,pca_q8,0,8,1857,0.026456006382493732,70192
20260625,pca_q8,0,9,1829,0.02605710052427627,70192
20260625,pca_q8,0,10,1249,0.01779405060405744,70192
20260625,pca_q8,0,11,4329,0.06167369500797812,70192
20260625,pca_q8,0,12,3252,0.04633006610439936,70192
20260625,pca_q8,0,13,2251,0.03206918167312514,70192
20260625,pca_q8,0,14,1283,0.018278436289035787,70192
20260625,pca_q8,0,15,2231,0.03178424891725553,70192
20260625,pca_q8,0,16,1832,0.026099840437656712,70192
20260625,pca_q8,0,17,1923,0.027396284476863462,70192
20260625,pca_q8,0,18,1206,0.01718144517893777,70192
20260625,pca_q8,0,19,4366,0.0622008206063369,70192
20260625,pca_q8,0,20,3261,0.04645828584454069,70192
20260625,pca_q8,0,21,2225,0.03169876909049464,70192
20260625,pca_q8,0,22,1172,0.016697059493959426,70192
20260625,pca_q8,0,23,2253,0.0320976749487121,70192
20260625,pca_q8,0,24,1920,0.027353544563483018,70192
20260625,pca_q8,0,25,1797,0.025601208114884887,70192
20260625,pca_q8,0,26,1854,0.026413266469113288,70192
20260625,pca_q8,0,27,1848,0.026327786642352406,70192
20260625,pca_q8,0,28,1863,0.026541486209254617,70192
20260625,pca_q8,0,29,1856,0.02644175974470025,70192
20260625,pca_q8,0,30,1831,0.026085593799863232,70192
20260625,pca_q8,0,31,1891,0.026940392067472077,70192
20260625,pca_q8,1,0,3527,0.03222122745793061,109462
20260625,pca_q8,1,1,3421,0.03125285487201038,109462
20260625,pca_q8,1,2,5370,0.04905812062633608,109462
20260625,pca_q8,1,3,2392,0.021852332316237597,109462
20260625,pca_q8,1,4,2327,0.02125851893807897,109462
20260625,pca_q8,1,5,2363,0.021587400193674517,109462
20260625,pca_q8,1,6,4396,0.04016005554438983,109462
20260625,pca_q8,1,7,3288,0.03003782134439349,109462
20260625,pca_q8,1,8,3566,0.032577515484825785,109462
20260625,pca_q8,1,9,3610,0.03297948146388701,109462
20260625,pca_q8,1,10,5381,0.04915861212110139,109462
20260625,pca_q8,1,11,2247,0.020527671703422193,109462
20260625,pca_q8,1,12,2381,0.02175184082147229,109462
20260625,pca_q8,1,13,2304,0.021048400358115144,109462
20260625,pca_q8,1,14,4347,0.03971241161316256,109462
20260625,pca_q8,1,15,3408,0.03113409219637865,109462
20260625,pca_q8,1,16,3561,0.03253183753265974,109462
20260625,pca_q8,1,17,3468,0.03168222762237123,109462
20260625,pca_q8,1,18,5403,0.049359595110632,109462
20260625,pca_q8,1,19,2357,0.02153258665107526,109462
20260625,pca_q8,1,20,2299,0.021002722405949095,109462
20260625,pca_q8,1,21,2348,0.021450366337176372,109462
20260625,pca_q8,1,22,4397,0.04016919113482304,109462
20260625,pca_q8,1,23,3340,0.03051287204692039,109462
20260625,pca_q8,1,24,3415,0.03119804132941112,109462
20260625,pca_q8,1,25,3518,0.03213900714403172,109462
20260625,pca_q8,1,26,3500,0.03197456651623395,109462
20260625,pca_q8,1,27,3574,0.03265060020829146,109462
20260625,pca_q8,1,28,3519,0.03214814273446493,109462
20260625,pca_q8,1,29,3554,0.03246788839962727,109462
20260625,pca_q8,1,30,3423,0.031271126052876796,109462
20260625,pca_q8,1,31,3458,0.031590871718039135,109462
20260625,pca_q8,2,0,1441,0.02878143287994088,50067
20260625,pca_q8,2,1,1472,0.02940060319172309,50067
20260625,pca_q8,2,2,1938,0.03870813110432021,50067
20260625,pca_q8,2,3,928,0.01853516288173847,50067
20260625,pca_q8,2,4,3005,0.06001957377114666,50067
20260625,pca_q8,2,5,919,0.01835540375896299,50067
20260625,pca_q8,2,6,2925,0.058421714902031276,50067
20260625,pca_q8,2,7,895,0.017876046098228373,50067
20260625,pca_q8,2,8,1320,0.026364671340403857,50067
20260625,pca_q8,2,9,1273,0.02542592925479857,50067
20260625,pca_q8,2,10,1957,0.039087622585735116,50067
20260625,pca_q8,2,11,877,0.017516527852677412,50067
20260625,pca_q8,2,12,2952,0.05896099227035772,50067
20260625,pca_q8,2,13,930,0.018575109353466356,50067
20260625,pca_q8,2,14,2924,0.05840174166616734,50067
20260625,pca_q8,2,15,871,0.017396688437493757,50067
20260625,pca_q8,2,16,1304,0.02604509956658078,50067
20260625,pca_q8,2,17,1332,0.026604350170771167,50067
20260625,pca_q8,2,18,1906,0.03806898755667406,50067
20260625,pca_q8,2,19,888,0.01773623344718078,50067
20260625,pca_q8,2,20,2981,0.05954021611041205,50067
20260625,pca_q8,2,21,909,0.018155671400323568,50067
20260625,pca_q8,2,22,2895,0.05782251782611301,50067
20260625,pca_q8,2,23,890,0.017776179918908664,50067
20260625,pca_q8,2,24,1281,0.025585715141710107,50067
20260625,pca_q8,2,25,1331,0.026584376934907224,50067
20260625,pca_q8,2,26,1294,0.02584536720794136,50067
20260625,pca_q8,2,27,1291,0.025785447500349532,50067
20260625,pca_q8,2,28,1292,0.025805420736213475,50067
20260625,pca_q8,2,29,1289,0.025745501028621647,50067
20260625,pca_q8,2,30,1293,0.025825393972077417,50067
20260625,pca_q8,2,31,1264,0.02524617013202309,50067
20260625,pca_q8,3,0,5331,0.032606501727881584,163495
20260625,pca_q8,3,1,5446,0.03330988715251231,163495
20260625,pca_q8,3,2,3721,0.02275910578305147,163495
20260625,pca_q8,3,3,4597,0.028117067800238538,163495
20260625,pca_q8,3,4,3678,0.022496100798189547,163495
20260625,pca_q8,3,5,6685,0.04088810055353375,163495
20260625,pca_q8,3,6,3663,0.022404354873237713,163495
20260625,pca_q8,3,7,5763,0.03524878436649439,163495
20260625,pca_q8,3,8,5545,0.03391541025719441,163495
20260625,pca_q8,3,9,5576,0.034105018502094867,163495
20260625,pca_q8,3,10,3701,0.022636777883115692,163495
20260625,pca_q8,3,11,4835,0.029572769809474295,163495
20260625,pca_q8,3,12,3703,0.02264901067310927,163495
20260625,pca_q8,3,13,6803,0.041609835163154835,163495
20260625,pca_q8,3,14,3734,0.022838618918009725,163495
20260625,pca_q8,3,15,5778,0.03534053029144622,163495
20260625,pca_q8,3,16,5591,0.0341967644270467,163495
20260625,pca_q8,3,17,5565,0.03403773815713019,163495
20260625,pca_q8,3,18,3773,0.02307715832288449,163495
20260625,pca_q8,3,19,4677,0.02860637939998165,163495
20260625,pca_q8,3,20,3747,0.02291813205296798,163495
20260625,pca_q8,3,21,6806,0.041628184348145206,163495
20260625,pca_q8,3,22,3824,0.023389094467720726,163495
20260625,pca_q8,3,23,5805,0.03550567295635952,163495
20260625,pca_q8,3,24,5672,0.0346921924217866,163495
20260625,pca_q8,3,25,5642,0.03450870057188293,163495
20260625,pca_q8,3,26,5640,0.034496467781889355,163495
20260625,pca_q8,3,27,5575,0.034098902107098074,163495
20260625,pca_q8,3,28,5614,0.03433744151197284,163495
20260625,pca_q8,3,29,5589,0.03418453163705312,163495
20260625,pca_q8,3,30,5741,0.03511422367656503,163495
20260625,pca_q8,3,31,5675,0.034710541606776966,163495
20260625,pca_q16,0,0,1378,0.023950638741635527,57535
20260625,pca_q16,0,1,1352,0.023498739897453724,57535
20260625,pca_q16,0,2,1890,0.03284956982706179,57535
20260625,pca_q16,0,3,1871,0.03251933605631355,57535
20260625,pca_q16,0,4,4971,0.08639958286260536,57535
20260625,pca_q16,0,5,872,0.015155992004866604,57535
20260625,pca_q16,0,6,2853,0.049587207786564697,57535
20260625,pca_q16,0,7,838,0.014565047362475015,57535
20260625,pca_q16,0,8,1251,0.021743286695055184,57535
20260625,pca_q16,0,9,1234,0.02144781437385939,57535
20260625,pca_q16,0,10,1837,0.03192839141392196,57535
20260625,pca_q16,0,11,1798,0.03125054314764926,57535
20260625,pca_q16,0,12,4952,0.08606934909185714,57535
20260625,pca_q16,0,13,856,0.014877900408447033,57535
20260625,pca_q16,0,14,2870,0.049882680107760494,57535
20260625,pca_q16,0,15,822,0.014286955766055445,57535
20260625,pca_q16,0,16,1241,0.02156947944729295,57535
20260625,pca_q16,0,17,1260,0.021899713218041194,57535
20260625,pca_q16,0,18,1873,0.03255409750586599,57535
20260625,pca_q16,0,19,1900,0.03302337707482402,57535
20260625,pca_q16,0,20,4955,0.0861214912661858,57535
20260625,pca_q16,0,21,848,0.014738854610237247,57535
20260625,pca_q16,0,22,2872,0.04991744155731294,57535
20260625,pca_q16,0,23,854,0.014843138958894586,57535
20260625,pca_q16,0,24,1261,0.021917093942817416,57535
20260625,pca_q16,0,25,1245,0.021639002346397845,57535
20260625,pca_q16,0,26,1273,0.022125662640132094,57535
20260625,pca_q16,0,27,1238,0.021517337272964284,57535
20260625,pca_q16,0,28,1265,0.021986616841922307,57535
20260625,pca_q16,0,29,1256,0.0218301903189363,57535
20260625,pca_q16,0,30,1298,0.02256018075953767,57535
20260625,pca_q16,0,31,1251,0.021743286695055184,57535
20260625,pca_q16,1,0,3422,0.033404267780793036,102442
20260625,pca_q16,1,1,3371,0.032906425099080455,102442
20260625,pca_q16,1,2,3324,0.03244762890220808,102442
20260625,pca_q16,1,3,3254,0.03176431541750454,102442
20260625,pca_q16,1,4,2201,0.021485328283321295,102442
20260625,pca_q16,1,5,3267,0.031891216493235196,102442
20260625,pca_q16,1,6,2294,0.022393159055855996,102442
20260625,pca_q16,1,7,4300,0.04197497120321743,102442
20260625,pca_q16,1,8,3321,0.03241834403857793,102442
20260625,pca_q16,1,9,3291,0.03212549540227641,102442
20260625,pca_q16,1,10,3225,0.031481228402413075,102442
20260625,pca_q16,1,11,3247,0.031695984069034185,102442
20260625,pca_q16,1,12,2193,0.02140723531364089,102442
20260625,pca_q16,1,13,3298,0.032193826750746765,102442
20260625,pca_q16,1,14,2239,0.021856269889303215,102442
20260625,pca_q16,1,15,4245,0.04143808203666465,102442
20260625,pca_q16,1,16,3353,0.03273071591729954,102442
20260625,pca_q16,1,17,3411,0.03329688994748248,102442
20260625,pca_q16,1,18,3283,0.032047402432596,102442
20260625,pca_q16,1,19,3135,0.03060268249350852,102442
20260625,pca_q16,1,20,2270,0.02215888014681478,102442
20260625,pca_q16,1,21,3263,0.03185217000839499,102442
20260625,pca_q16,1,22,2226,0.02172936881357256,102442
20260625,pca_q16,1,23,4310,0.042072587415317934,102442
20260625,pca_q16,1,24,3312,0.032330489447687474,102442
20260625,pca_q16,1,25,3305,0.03226215809921712,102442
20260625,pca_q16,1,26,3398,0.03316998887175182,102442
20260625,pca_q16,1,27,3351,0.032711192674879444,102442
20260625,pca_q16,1,28,3385,0.033043087796021164,102442
20260625,pca_q16,1,29,3277,0.0319888327053357,102442
20260625,pca_q16,1,30,3292,0.03213525702348646,102442
20260625,pca_q16,1,31,3379,0.03298451806876086,102442
20260625,pca_q16,2,0,3446,0.033885638428634644,101695
20260625,pca_q16,2,1,3524,0.03465263778946851,101695
20260625,pca_q16,2,2,3387,0.033305472245439796,101695
20260625,pca_q16,2,3,2372,0.023324647229460642,101695
20260625,pca_q16,2,4,2330,0.02291164757362702,101695
20260625,pca_q16,2,5,3399,0.033423472147106545,101695
20260625,pca_q16,2,6,3412,0.03355130537391219,101695
20260625,pca_q16,2,7,2366,0.023265647278627268,101695
20260625,pca_q16,2,8,3554,0.03494763754363538,101695
20260625,pca_q16,2,9,3579,0.03519347067210778,101695
20260625,pca_q16,2,10,3385,0.033285805595162005,101695
20260625,pca_q16,2,11,2394,0.023540980382516348,101695
20260625,pca_q16,2,12,2398,0.02358031368307193,101695
20260625,pca_q16,2,13,3383,0.03326613894488421,101695
20260625,pca_q16,2,14,3324,0.032685972761689365,101695
20260625,pca_q16,2,15,2409,0.023688480259599784,101695
20260625,pca_q16,2,16,3574,0.0351443040464133,101695
20260625,pca_q16,2,17,3493,0.034347804710162744,101695
20260625,pca_q16,2,18,3345,0.032892472589606175,101695
20260625,pca_q16,2,19,2415,0.02374748021043316,101695
20260625,pca_q16,2,20,2289,0.022508481242932296,101695
20260625,pca_q16,2,21,3407,0.03350213874821771,101695
20260625,pca_q16,2,22,3370,0.03313830571807857,101695
20260625,pca_q16,2,23,2406,0.023658980284183097,101695
20260625,pca_q16,2,24,3606,0.035458970450857955,101695
20260625,pca_q16,2,25,3612,0.03551797040169133,101695
20260625,pca_q16,2,26,3516,0.034573971188357346,101695
20260625,pca_q16,2,27,3642,0.0358129701558582,101695
20260625,pca_q16,2,28,3613,0.035527803726830225,101695
20260625,pca_q16,2,29,3606,0.035458970450857955,101695
20260625,pca_q16,2,30,3578,0.03518363734696888,101695
20260625,pca_q16,2,31,3561,0.035016470819607654,101695
20260625,pca_q16,3,0,4042,0.0307273611871313,131544
20260625,pca_q16,3,1,4041,0.03071975916803503,131544
20260625,pca_q16,3,2,3687,0.02802864440795475,131544
20260625,pca_q16,3,3,4791,0.036421273490239006,131544
20260625,pca_q16,3,4,2786,0.021179225202213707,131544
20260625,pca_q16,3,5,4750,0.036109590707291854,131544
20260625,pca_q16,3,6,3729,0.028347929209998176,131544
20260625,pca_q16,3,7,4784,0.036368059356565105,131544
20260625,pca_q16,3,8,4162,0.031639603478683935,131544
20260625,pca_q16,3,9,4184,0.03180684789880192,131544
20260625,pca_q16,3,10,3841,0.029199355348780636,131544
20260625,pca_q16,3,11,4849,0.03686219059782278,131544
20260625,pca_q16,3,12,2745,0.02086754241926656,131544
20260625,pca_q16,3,13,4751,0.03611719272638813,131544
20260625,pca_q16,3,14,3855,0.029305783616128445,131544
20260625,pca_q16,3,15,4812,0.03658091589126072,131544
20260625,pca_q16,3,16,4120,0.031320318676640514,131544
20260625,pca_q16,3,17,4124,0.0313507267530256,131544
20260625,pca_q16,3,18,3787,0.02878884631758195,131544
20260625,pca_q16,3,19,4838,0.03677856838776379,131544
20260625,pca_q16,3,20,2774,0.021088000973058445,131544
20260625,pca_q16,3,21,4770,0.036261631089217296,131544
20260625,pca_q16,3,22,3820,0.029039712947758926,131544
20260625,pca_q16,3,23,4718,0.035866326096211154,131544
20260625,pca_q16,3,24,4109,0.031236696466581525,131544
20260625,pca_q16,3,25,4126,0.03136593079121815,131544
20260625,pca_q16,3,26,4101,0.031175880313811348,131544
20260625,pca_q16,3,27,4057,0.030841391473575383,131544
20260625,pca_q16,3,28,4025,0.03059812686249468,131544
20260625,pca_q16,3,29,4149,0.0315407772304324,131544
20260625,pca_q16,3,30,4120,0.031320318676640514,131544
20260625,pca_q16,3,31,4097,0.03114547223742626,131544
20260625,pca_q32,0,0,2832,0.029405962183434227,96307
20260625,pca_q32,0,1,2737,0.02841953336725264,96307
20260625,pca_q32,0,2,1804,0.01873176404622717,96307
20260625,pca_q32,0,3,3921,0.04071355145524209,96307
20260625,pca_q32,0,4,2829,0.029374811799765334,96307
20260625,pca_q32,0,5,3815,0.0396129045656079,96307
20260625,pca_q32,0,6,2852,0.02961363140789351,96307
20260625,pca_q32,0,7,3857,0.04004900993697239,96307
20260625,pca_q32,0,8,2744,0.02849221759581339,96307
20260625,pca_q32,0,9,2762,0.028679119897826743,96307
20260625,pca_q32,0,10,1769,0.018368342903423426,96307
20260625,pca_q32,0,11,3924,0.040744701838910984,96307
20260625,pca_q32,0,12,2859,0.029686315636454255,96307
20260625,pca_q32,0,13,3881,0.040298213006323524,96307
20260625,pca_q32,0,14,2916,0.030278172926163208,96307
20260625,pca_q32,0,15,3829,0.0397582730227294,96307
20260625,pca_q32,0,16,2770,0.028762187587610455,96307
20260625,pca_q32,0,17,2788,0.028949089889623806,96307
20260625,pca_q32,0,18,1893,0.01965589209507097,96307
20260625,pca_q32,0,19,3886,0.04035013031243835,96307
20260625,pca_q32,0,20,2912,0.03023663908127135,96307
20260625,pca_q32,0,21,3922,0.04072393491646505,96307
20260625,pca_q32,0,22,2877,0.02987321793846761,96307
20260625,pca_q32,0,23,3869,0.04017361147164796,96307
20260625,pca_q32,0,24,2751,0.02856490182437414,96307
20260625,pca_q32,0,25,2656,0.02757847300819255,96307
20260625,pca_q32,0,26,2749,0.028544134901928208,96307
20260625,pca_q32,0,27,2685,0.02787959338365851,96307
20260625,pca_q32,0,28,2797,0.029042541040630483,96307
20260625,pca_q32,0,29,2797,0.029042541040630483,96307
20260625,pca_q32,0,30,2764,0.02869988682027267,96307
20260625,pca_q32,0,31,2860,0.02969669909767722,96307
20260625,pca_q32,1,0,2562,0.028705882352941175,89250
20260625,pca_q32,1,1,2538,0.028436974789915966,89250
20260625,pca_q32,1,2,5769,0.06463865546218488,89250
20260625,pca_q32,1,3,2752,0.030834733893557422,89250
20260625,pca_q32,1,4,1648,0.01846498599439776,89250
20260625,pca_q32,1,5,1612,0.018061624649859945,89250
20260625,pca_q32,1,6,3730,0.041792717086834734,89250
20260625,pca_q32,1,7,2619,0.02934453781512605,89250
20260625,pca_q32,1,8,2475,0.02773109243697479,89250
20260625,pca_q32,1,9,2509,0.02811204481792717,89250
20260625,pca_q32,1,10,5736,0.06426890756302521,89250
20260625,pca_q32,1,11,2669,0.029904761904761906,89250
20260625,pca_q32,1,12,1652,0.01850980392156863,89250
20260625,pca_q32,1,13,1615,0.018095238095238095,89250
20260625,pca_q32,1,14,3656,0.040963585434173666,89250
20260625,pca_q32,1,15,2710,0.030364145658263304,89250
20260625,pca_q32,1,16,2455,0.027507002801120447,89250
20260625,pca_q32,1,17,2433,0.027260504201680674,89250
20260625,pca_q32,1,18,5757,0.06450420168067227,89250
20260625,pca_q32,1,19,2735,0.030644257703081233,89250
20260625,pca_q32,1,20,1683,0.018857142857142857,89250
20260625,pca_q32,1,21,1656,0.018554621848739496,89250
20260625,pca_q32,1,22,3696,0.041411764705882356,89250
20260625,pca_q32,1,23,2663,0.0298375350140056,89250
20260625,pca_q32,1,24,2474,0.027719887955182074,89250
20260625,pca_q32,1,25,2485,0.02784313725490196,89250
20260625,pca_q32,1,26,2519,0.028224089635854342,89250
20260625,pca_q32,1,27,2574,0.028840336134453783,89250
20260625,pca_q32,1,28,2490,0.027899159663865546,89250
20260625,pca_q32,1,29,2485,0.02784313725490196,89250
20260625,pca_q32,1,30,2445,0.027394957983193278,89250
20260625,pca_q32,1,31,2448,0.027428571428571427,89250
20260625,pca_q32,2,0,2016,0.03014308996576008,66881
20260625,pca_q32,2,1,2025,0.030277657331678653,66881
20260625,pca_q32,2,2,1398,0.02090279750601815,66881
20260625,pca_q32,2,3,2441,0.03649766002302597,66881
20260625,pca_q32,2,4,4477,0.0669397885797162,66881
20260625,pca_q32,2,5,1457,0.02178496134926212,66881
20260625,pca_q32,2,6,1384,0.02069347049236704,66881
20260625,pca_q32,2,7,1412,0.021112124519669262,66881
20260625,pca_q32,2,8,2158,0.032266263961364214,66881
20260625,pca_q32,2,9,2108,0.031518667484038816,66881
20260625,pca_q32,2,10,1421,0.021246691885587834,66881
20260625,pca_q32,2,11,2394,0.0357949193343401,66881
20260625,pca_q32,2,12,4547,0.06798642364797178,66881
20260625,pca_q32,2,13,1409,0.02106726873102974,66881
20260625,pca_q32,2,14,1453,0.02172515363107609,66881
20260625,pca_q32,2,15,1360,0.020334624183250848,66881
20260625,pca_q32,2,16,2121,0.03171304256814342,66881
20260625,pca_q32,2,17,2139,0.03198217729998056,66881
20260625,pca_q32,2,18,1362,0.020364528042343864,66881
20260625,pca_q32,2,19,2444,0.036542515811665496,66881
20260625,pca_q32,2,20,4430,0.06623704789103034,66881
20260625,pca_q32,2,21,1377,0.020588806985541483,66881
20260625,pca_q32,2,22,1397,0.020887845576471643,66881
20260625,pca_q32,2,23,1413,0.02112707644921577,66881
20260625,pca_q32,2,24,2149,0.032131696595445645,66881
20260625,pca_q32,2,25,2109,0.031533619413585325,66881
20260625,pca_q32,2,26,2033,0.030397272768050716,66881
20260625,pca_q32,2,27,2064,0.030860782583992465,66881
20260625,pca_q32,2,28,2127,0.03180275414542247,66881
20260625,pca_q32,2,29,2133,0.03189246572270151,66881
20260625,pca_q32,2,30,2047,0.03060659978170183,66881
20260625,pca_q32,2,31,2076,0.03104020573855056,66881
20260625,pca_q32,3,0,4878,0.03465030047308528,140778
20260625,pca_q32,3,1,4988,0.03543167256247425,140778
20260625,pca_q32,3,2,3317,0.02356192018639276,140778
20260625,pca_q32,3,3,3174,0.022546136470187102,140778
20260625,pca_q32,3,4,3334,0.02368267769111651,140778
20260625,pca_q32,3,5,5404,0.03838667973689071,140778
20260625,pca_q32,3,6,4322,0.030700819730355596,140778
20260625,pca_q32,3,7,4400,0.03125488357555868,140778
20260625,pca_q32,3,8,4911,0.034884712099901974,140778
20260625,pca_q32,3,9,4909,0.03487050533464035,140778
20260625,pca_q32,3,10,3362,0.023881572404779155,140778
20260625,pca_q32,3,11,3301,0.02344826606429982,140778
20260625,pca_q32,3,12,3230,0.022943925897512395,140778
20260625,pca_q32,3,13,5383,0.038237508701643726,140778
20260625,pca_q32,3,14,4263,0.030281720155137876,140778
20260625,pca_q32,3,15,4389,0.031176746366619785,140778
20260625,pca_q32,3,16,4942,0.035104916961457046,140778
20260625,pca_q32,3,17,4928,0.03500546960462572,140778
20260625,pca_q32,3,18,3276,0.0232706814985296,140778
20260625,pca_q32,3,19,3223,0.022894202219096733,140778
20260625,pca_q32,3,20,3263,0.023178337524329084,140778
20260625,pca_q32,3,21,5333,0.037882339570103285,140778
20260625,pca_q32,3,22,4318,0.030672406199832362,140778
20260625,pca_q32,3,23,4343,0.03084999076560258,140778
20260625,pca_q32,3,24,4914,0.0349060222477944,140778
20260625,pca_q32,3,25,5038,0.03578684169401469,140778
20260625,pca_q32,3,26,4987,0.03542456917984344,140778
20260625,pca_q32,3,27,4965,0.03526829476196565,140778
20260625,pca_q32,3,28,4874,0.03462188694256205,140778
20260625,pca_q32,3,29,4873,0.034614783559931236,140778
20260625,pca_q32,3,30,5032,0.03574422139822984,140778
20260625,pca_q32,3,31,4904,0.03483498842148631,140778
20260625,bottleneck_ae_q4,0,0,3791,0.0321186806855826,118031
20260625,bottleneck_ae_q4,0,1,3927,0.0332709203514331,118031
20260625,bottleneck_ae_q4,0,2,4589,0.03887961637197008,118031
20260625,bottleneck_ae_q4,0,3,3570,0.030246291228575545,118031
20260625,bottleneck_ae_q4,0,4,2668,0.02260423109183181,118031
20260625,bottleneck_ae_q4,0,5,4594,0.03892197812439105,118031
20260625,bottleneck_ae_q4,0,6,2601,0.02203658360939075,118031
20260625,bottleneck_ae_q4,0,7,4640,0.03931170624666401,118031
20260625,bottleneck_ae_q4,0,8,3623,0.03069532580423787,118031
20260625,bottleneck_ae_q4,0,9,3702,0.03136464149248926,118031
20260625,bottleneck_ae_q4,0,10,4496,0.038091687776939956,118031
20260625,bottleneck_ae_q4,0,11,3511,0.029746422550008048,118031
20260625,bottleneck_ae_q4,0,12,2374,0.020113360049478526,118031
20260625,bottleneck_ae_q4,0,13,4482,0.03797307487016123,118031
20260625,bottleneck_ae_q4,0,14,2491,0.021104625056129322,118031
20260625,bottleneck_ae_q4,0,15,4557,0.03860850115647584,118031
20260625,bottleneck_ae_q4,0,16,3683,0.03120366683328956,118031
20260625,bottleneck_ae_q4,0,17,3734,0.0316357567079835,118031
20260625,bottleneck_ae_q4,0,18,4442,0.03763418085079344,118031
20260625,bottleneck_ae_q4,0,19,3378,0.028619599935610137,118031
20260625,bottleneck_ae_q4,0,20,2443,0.02069795223288797,118031
20260625,bottleneck_ae_q4,0,21,4405,0.037320703882878226,118031
20260625,bottleneck_ae_q4,0,22,2424,0.02053697757368827,118031
20260625,bottleneck_ae_q4,0,23,4491,0.038049326024518985,118031
20260625,bottleneck_ae_q4,0,24,3628,0.030737687556658844,118031
20260625,bottleneck_ae_q4,0,25,3592,0.03043268293922783,118031
20260625,bottleneck_ae_q4,0,26,3788,0.032093263634130016,118031
20260625,bottleneck_ae_q4,0,27,3622,0.030686853453753674,118031
20260625,bottleneck_ae_q4,0,28,3665,0.031051164524574053,118031
20260625,bottleneck_ae_q4,0,29,3680,0.031178249781836975,118031
20260625,bottleneck_ae_q4,0,30,3711,0.03144089264684701,118031
20260625,bottleneck_ae_q4,0,31,3729,0.03159339495556252,118031
20260625,bottleneck_ae_q4,1,0,3714,0.03412411106415039,108838
20260625,bottleneck_ae_q4,1,1,3577,0.032865359525165845,108838
20260625,bottleneck_ae_q4,1,2,3301,0.030329480512321063,108838
20260625,bottleneck_ae_q4,1,3,3412,0.03134934489792168,108838
20260625,bottleneck_ae_q4,1,4,4376,0.04020654550800272,108838
20260625,bottleneck_ae_q4,1,5,2372,0.021793858762564546,108838
20260625,bottleneck_ae_q4,1,6,2314,0.02126095665116963,108838
20260625,bottleneck_ae_q4,1,7,3351,0.030788878884213236,108838
20260625,bottleneck_ae_q4,1,8,3685,0.03385766000845293,108838
20260625,bottleneck_ae_q4,1,9,3610,0.033168562450614676,108838
20260625,bottleneck_ae_q4,1,10,3400,0.03123908928866756,108838
20260625,bottleneck_ae_q4,1,11,3388,0.03112883367941344,108838
20260625,bottleneck_ae_q4,1,12,4482,0.04118047005641412,108838
20260625,bottleneck_ae_q4,1,13,2415,0.02218894136239181,108838
20260625,bottleneck_ae_q4,1,14,2399,0.02204193388338632,108838
20260625,bottleneck_ae_q4,1,15,3371,0.030972638232970102,108838
20260625,bottleneck_ae_q4,1,16,3596,0.03303993090648487,108838
20260625,bottleneck_ae_q4,1,17,3546,0.0325805325345927,108838
20260625,bottleneck_ae_q4,1,18,3476,0.03193737481394366,108838
20260625,bottleneck_ae_q4,1,19,3508,0.032231389771954645,108838
20260625,bottleneck_ae_q4,1,20,4485,0.04120803395872765,108838
20260625,bottleneck_ae_q4,1,21,2467,0.02266671566915967,108838
20260625,bottleneck_ae_q4,1,22,2450,0.02251052022271633,108838
20260625,bottleneck_ae_q4,1,23,3469,0.03187305904187875,108838
20260625,bottleneck_ae_q4,1,24,3617,0.03323287822267958,108838
20260625,bottleneck_ae_q4,1,25,3546,0.0325805325345927,108838
20260625,bottleneck_ae_q4,1,26,3598,0.03305830684136055,108838
20260625,bottleneck_ae_q4,1,27,3627,0.033324757897058015,108838
20260625,bottleneck_ae_q4,1,28,3583,0.03292048732979291,108838
20260625,bottleneck_ae_q4,1,29,3538,0.03250702879508995,108838
20260625,bottleneck_ae_q4,1,30,3648,0.03351770521325272,108838
20260625,bottleneck_ae_q4,1,31,3517,0.03231408147889524,108838
20260625,bottleneck_ae_q4,2,0,1675,0.025065469509913955,66825
20260625,bottleneck_ae_q4,2,1,1708,0.02555929667040778,66825
20260625,bottleneck_ae_q4,2,2,1191,0.01782267115600449,66825
20260625,bottleneck_ae_q4,2,3,3194,0.047796483352038906,66825
20260625,bottleneck_ae_q4,2,4,3162,0.04731762065095398,66825
20260625,bottleneck_ae_q4,2,5,2188,0.03274223718668163,66825
20260625,bottleneck_ae_q4,2,6,2235,0.033445566778900114,66825
20260625,bottleneck_ae_q4,2,7,2221,0.03323606434717546,66825
20260625,bottleneck_ae_q4,2,8,1698,0.025409652076318744,66825
20260625,bottleneck_ae_q4,2,9,1736,0.02597830153385709,66825
20260625,bottleneck_ae_q4,2,10,1152,0.017239057239057238,66825
20260625,bottleneck_ae_q4,2,11,3229,0.04832023943135054,66825
20260625,bottleneck_ae_q4,2,12,3222,0.04821548821548822,66825
20260625,bottleneck_ae_q4,2,13,2166,0.032413019079685745,66825
20260625,bottleneck_ae_q4,2,14,2197,0.03287691732136177,66825
20260625,bottleneck_ae_q4,2,15,2177,0.03257762813318369,66825
20260625,bottleneck_ae_q4,2,16,1757,0.02629255518144407,66825
20260625,bottleneck_ae_q4,2,17,1790,0.0267863823419379,66825
20260625,bottleneck_ae_q4,2,18,1145,0.017134306023194913,66825
20260625,bottleneck_ae_q4,2,19,3224,0.04824541713430602,66825
20260625,bottleneck_ae_q4,2,20,3216,0.04812570145903479,66825
20260625,bottleneck_ae_q4,2,21,2182,0.03265245043022821,66825
20260625,bottleneck_ae_q4,2,22,2147,0.03212869435091657,66825
20260625,bottleneck_ae_q4,2,23,2169,0.032457912457912456,66825
20260625,bottleneck_ae_q4,2,24,1734,0.02594837261503928,66825
20260625,bottleneck_ae_q4,2,25,1777,0.02659184436962215,66825
20260625,bottleneck_ae_q4,2,26,1702,0.025469509913954358,66825
20260625,bottleneck_ae_q4,2,27,1750,0.026187803965581742,66825
20260625,bottleneck_ae_q4,2,28,1741,0.02605312383090161,66825
20260625,bottleneck_ae_q4,2,29,1839,0.027519640852974186,66825
20260625,bottleneck_ae_q4,2,30,1716,0.02567901234567901,66825
20260625,bottleneck_ae_q4,2,31,1785,0.02671156004489338,66825
20260625,bottleneck_ae_q4,3,0,3108,0.031229275938988364,99522
20260625,bottleneck_ae_q4,3,1,3076,0.030907738992383593,99522
20260625,bottleneck_ae_q4,3,2,3207,0.032224030867546875,99522
20260625,bottleneck_ae_q4,3,3,2112,0.021221438475914872,99522
20260625,bottleneck_ae_q4,3,4,2082,0.0209199975884729,99522
20260625,bottleneck_ae_q4,3,5,3134,0.03149052470810474,99522
20260625,bottleneck_ae_q4,3,6,5138,0.05162677598922851,99522
20260625,bottleneck_ae_q4,3,7,2076,0.020859709410984507,99522
20260625,bottleneck_ae_q4,3,8,3282,0.03297763308615181,99522
20260625,bottleneck_ae_q4,3,9,3240,0.032555615843733045,99522
20260625,bottleneck_ae_q4,3,10,3240,0.032555615843733045,99522
20260625,bottleneck_ae_q4,3,11,2160,0.02170374389582203,99522
20260625,bottleneck_ae_q4,3,12,2210,0.022206145374891982,99522
20260625,bottleneck_ae_q4,3,13,3225,0.032404895400012054,99522
20260625,bottleneck_ae_q4,3,14,5201,0.052259801852856655,99522
20260625,bottleneck_ae_q4,3,15,2183,0.021934848576194207,99522
20260625,bottleneck_ae_q4,3,16,3252,0.03267619219870983,99522
20260625,bottleneck_ae_q4,3,17,3218,0.032334559192942265,99522
20260625,bottleneck_ae_q4,3,18,3225,0.032404895400012054,99522
20260625,bottleneck_ae_q4,3,19,2178,0.021884608428287215,99522
20260625,bottleneck_ae_q4,3,20,2144,0.021542975422519643,99522
20260625,bottleneck_ae_q4,3,21,3234,0.03249532766624465,99522
20260625,bottleneck_ae_q4,3,22,5267,0.052922971805228994,99522
20260625,bottleneck_ae_q4,3,23,2159,0.02169369586624063,99522
20260625,bottleneck_ae_q4,3,24,3309,0.03324892988484958,99522
20260625,bottleneck_ae_q4,3,25,3373,0.03389200377805912,99522
20260625,bottleneck_ae_q4,3,26,3200,0.03215369466047708,99522
20260625,bottleneck_ae_q4,3,27,3289,0.033047969293221596,99522
20260625,bottleneck_ae_q4,3,28,3299,0.03314844958903559,99522
20260625,bottleneck_ae_q4,3,29,3231,0.03246518357750045,99522
20260625,bottleneck_ae_q4,3,30,3213,0.032284319045035266,99522
20260625,bottleneck_ae_q4,3,31,3257,0.032726432346616825,99522
20260625,bottleneck_ae_q8,0,0,3102,0.03262824625805977,95071
20260625,bottleneck_ae_q8,0,1,2945,0.03097684888136235,95071
20260625,bottleneck_ae_q8,0,2,2961,0.031145144155420686,95071
20260625,bottleneck_ae_q8,0,3,5041,0.05302352978300428,95071
20260625,bottleneck_ae_q8,0,4,2018,0.021226241440607547,95071
20260625,bottleneck_ae_q8,0,5,3060,0.03218647116365664,95071
20260625,bottleneck_ae_q8,0,6,3087,0.03247046943863008,95071
20260625,bottleneck_ae_q8,0,7,1955,0.02056357879900285,95071
20260625,bottleneck_ae_q8,0,8,3044,0.0320181758895983,95071
20260625,bottleneck_ae_q8,0,9,2951,0.031039959609134225,95071
20260625,bottleneck_ae_q8,0,10,2988,0.03142914243039412,95071
20260625,bottleneck_ae_q8,0,11,5014,0.05273953150803084,95071
20260625,bottleneck_ae_q8,0,12,1950,0.02051098652585962,95071
20260625,bottleneck_ae_q8,0,13,2972,0.03126084715633579,95071
20260625,bottleneck_ae_q8,0,14,2963,0.031166181064677976,95071
20260625,bottleneck_ae_q8,0,15,1948,0.02048994961660233,95071
20260625,bottleneck_ae_q8,0,16,2948,0.031008404245248287,95071
20260625,bottleneck_ae_q8,0,17,2950,0.03102944115450558,95071
20260625,bottleneck_ae_q8,0,18,3029,0.03186039907016861,95071
20260625,bottleneck_ae_q8,0,19,5120,0.05385448769866731,95071
20260625,bottleneck_ae_q8,0,20,1880,0.019774694701854403,95071
20260625,bottleneck_ae_q8,0,21,3017,0.03173417761462486,95071
20260625,bottleneck_ae_q8,0,22,2978,0.03132395788410767,95071
20260625,bottleneck_ae_q8,0,23,1942,0.020426838888830453,95071
20260625,bottleneck_ae_q8,0,24,2940,0.03092425660821912,95071
20260625,bottleneck_ae_q8,0,25,2860,0.030082780237927445,95071
20260625,bottleneck_ae_q8,0,26,2846,0.0299355218731264,95071
20260625,bottleneck_ae_q8,0,27,2919,0.030703369061017557,95071
20260625,bottleneck_ae_q8,0,28,2919,0.030703369061017557,95071
20260625,bottleneck_ae_q8,0,29,2897,0.030471963059187344,95071
20260625,bottleneck_ae_q8,0,30,2882,0.030314186239757655,95071
20260625,bottleneck_ae_q8,0,31,2945,0.03097684888136235,95071
20260625,bottleneck_ae_q8,1,0,3012,0.029870284422230158,100836
20260625,bottleneck_ae_q8,1,1,3096,0.03070332024277044,100836
20260625,bottleneck_ae_q8,1,2,3063,0.030376056170415326,100836
20260625,bottleneck_ae_q8,1,3,3135,0.03109008687373557,100836
20260625,bottleneck_ae_q8,1,4,3024,0.029989289539450195,100836
20260625,bottleneck_ae_q8,1,5,4122,0.0408782577650839,100836
20260625,bottleneck_ae_q8,1,6,3021,0.029959538260145187,100836
20260625,bottleneck_ae_q8,1,7,3018,0.029929786980840176,100836
20260625,bottleneck_ae_q8,1,8,3045,0.030197548494585266,100836
20260625,bottleneck_ae_q8,1,9,3004,0.029790947677416794,100836
20260625,bottleneck_ae_q8,1,10,3064,0.030385973263516997,100836
20260625,bottleneck_ae_q8,1,11,3063,0.030376056170415326,100836
20260625,bottleneck_ae_q8,1,12,3060,0.03034630489111032,100836
20260625,bottleneck_ae_q8,1,13,4162,0.0412749414891507,100836
20260625,bottleneck_ae_q8,1,14,3102,0.03076282280138046,100836
20260625,bottleneck_ae_q8,1,15,3047,0.030217382680788607,100836
20260625,bottleneck_ae_q8,1,16,3097,0.03071323733587211,100836
20260625,bottleneck_ae_q8,1,17,3072,0.03046531000833036,100836
20260625,bottleneck_ae_q8,1,18,3041,0.030157880122178588,100836
20260625,bottleneck_ae_q8,1,19,2983,0.029582688722281723,100836
20260625,bottleneck_ae_q8,1,20,3110,0.03084215954619382,100836
20260625,bottleneck_ae_q8,1,21,4066,0.04032290055139038,100836
20260625,bottleneck_ae_q8,1,22,3089,0.03063390059105875,100836
20260625,bottleneck_ae_q8,1,23,3073,0.030475227101432027,100836
20260625,bottleneck_ae_q8,1,24,3064,0.030385973263516997,100836
20260625,bottleneck_ae_q8,1,25,3007,0.029820698956721806,100836
20260625,bottleneck_ae_q8,1,26,3046,0.030207465587686937,100836
20260625,bottleneck_ae_q8,1,27,2982,0.029572771629180056,100836
20260625,bottleneck_ae_q8,1,28,3087,0.03061406640485541,100836
20260625,bottleneck_ae_q8,1,29,3046,0.030207465587686937,100836
20260625,bottleneck_ae_q8,1,30,3048,0.030227299773890277,100836
20260625,bottleneck_ae_q8,1,31,2987,0.029622357094688405,100836
20260625,bottleneck_ae_q8,2,0,4133,0.03552304743568807,116347
20260625,bottleneck_ae_q8,2,1,3961,0.03404471107978719,116347
20260625,bottleneck_ae_q8,2,2,3656,0.031423242541707135,116347
20260625,bottleneck_ae_q8,2,3,2576,0.022140665423259733,116347
20260625,bottleneck_ae_q8,2,4,4683,0.04025028578304554,116347
20260625,bottleneck_ae_q8,2,5,2515,0.02161637171564372,116347
20260625,bottleneck_ae_q8,2,6,2551,0.0219257909529253,116347
20260625,bottleneck_ae_q8,2,7,4690,0.04031045063473918,116347
20260625,bottleneck_ae_q8,2,8,3799,0.032652324512020076,116347
20260625,bottleneck_ae_q8,2,9,3833,0.0329445537916749,116347
20260625,bottleneck_ae_q8,2,10,3607,0.03100208857985165,116347
20260625,bottleneck_ae_q8,2,11,2587,0.02223521019020688,116347
20260625,bottleneck_ae_q8,2,12,4631,0.03980334688474993,116347
20260625,bottleneck_ae_q8,2,13,2573,0.0221148804868196,116347
20260625,bottleneck_ae_q8,2,14,2589,0.022252400147833636,116347
20260625,bottleneck_ae_q8,2,15,4583,0.03939078790170782,116347
20260625,bottleneck_ae_q8,2,16,3883,0.033374302732343764,116347
20260625,bottleneck_ae_q8,2,17,3864,0.0332109981348896,116347
20260625,bottleneck_ae_q8,2,18,3507,0.030142590698513928,116347
20260625,bottleneck_ae_q8,2,19,2595,0.0223039700207139,116347
20260625,bottleneck_ae_q8,2,20,4644,0.03991508160932383,116347
20260625,bottleneck_ae_q8,2,21,2546,0.021882816058858414,116347
20260625,bottleneck_ae_q8,2,22,2549,0.021908600995298545,116347
20260625,bottleneck_ae_q8,2,23,4653,0.03999243641864423,116347
20260625,bottleneck_ae_q8,2,24,3925,0.03373529184250561,116347
20260625,bottleneck_ae_q8,2,25,3897,0.033494632435731045,116347
20260625,bottleneck_ae_q8,2,26,3961,0.03404471107978719,116347
20260625,bottleneck_ae_q8,2,27,3850,0.03309066843150232,116347
20260625,bottleneck_ae_q8,2,28,3892,0.03345165754166416,116347
20260625,bottleneck_ae_q8,2,29,3837,0.032978933706928414,116347
20260625,bottleneck_ae_q8,2,30,3846,0.03305628851624881,116347
20260625,bottleneck_ae_q8,2,31,3931,0.03378686171538587,116347
20260625,bottleneck_ae_q8,3,0,2041,0.02520935747634693,80962
20260625,bottleneck_ae_q8,3,1,2286,0.02823546849139102,80962
20260625,bottleneck_ae_q8,3,2,2608,0.032212642968306116,80962
20260625,bottleneck_ae_q8,3,3,1536,0.018971863343296855,80962
20260625,bottleneck_ae_q8,3,4,2563,0.03165682665942047,80962
20260625,bottleneck_ae_q8,3,5,2591,0.03200266791828265,80962
20260625,bottleneck_ae_q8,3,6,3629,0.04482349744324498,80962
20260625,bottleneck_ae_q8,3,7,2625,0.03242261801832959,80962
20260625,bottleneck_ae_q8,3,8,2400,0.029643536473901336,80962
20260625,bottleneck_ae_q8,3,9,2500,0.030878683826980557,80962
20260625,bottleneck_ae_q8,3,10,2629,0.032472023912452755,80962
20260625,bottleneck_ae_q8,3,11,1624,0.020058793014006572,80962
20260625,bottleneck_ae_q8,3,12,2647,0.03269435043600701,80962
20260625,bottleneck_ae_q8,3,13,2581,0.031879153182974726,80962
20260625,bottleneck_ae_q8,3,14,3634,0.04488525481089894,80962
20260625,bottleneck_ae_q8,3,15,2710,0.03347249326844692,80962
20260625,bottleneck_ae_q8,3,16,2360,0.029149477532669648,80962
20260625,bottleneck_ae_q8,3,17,2402,0.02966823942096292,80962
20260625,bottleneck_ae_q8,3,18,2711,0.033484844741977715,80962
20260625,bottleneck_ae_q8,3,19,1590,0.019638842913959634,80962
20260625,bottleneck_ae_q8,3,20,2654,0.03278081075072256,80962
20260625,bottleneck_ae_q8,3,21,2659,0.03284256811837652,80962
20260625,bottleneck_ae_q8,3,22,3672,0.04535461080506904,80962
20260625,bottleneck_ae_q8,3,23,2620,0.03236086065067562,80962
20260625,bottleneck_ae_q8,3,24,2359,0.029137126059138856,80962
20260625,bottleneck_ae_q8,3,25,2524,0.031175119191719572,80962
20260625,bottleneck_ae_q8,3,26,2435,0.030075838047479063,80962
20260625,bottleneck_ae_q8,3,27,2537,0.03133568834761987,80962
20260625,bottleneck_ae_q8,3,28,2390,0.029520021738593413,80962
20260625,bottleneck_ae_q8,3,29,2508,0.030977495615226898,80962
20260625,bottleneck_ae_q8,3,30,2512,0.031026901509350065,80962
20260625,bottleneck_ae_q8,3,31,2425,0.029952323312171143,80962
20260625,bottleneck_ae_q16,0,0,2683,0.029231674365902554,91784
20260625,bottleneck_ae_q16,0,1,2661,0.028991981173189227,91784
20260625,bottleneck_ae_q16,0,2,1837,0.0200143815915628,91784
20260625,bottleneck_ae_q16,0,3,2862,0.03118190534297917,91784
20260625,bottleneck_ae_q16,0,4,1878,0.020461082541619453,91784
20260625,bottleneck_ae_q16,0,5,3894,0.04242569511025887,91784
20260625,bottleneck_ae_q16,0,6,2892,0.03150875969667916,91784
20260625,bottleneck_ae_q16,0,7,3919,0.042698073738342196,91784
20260625,bottleneck_ae_q16,0,8,2884,0.03142159853569249,91784
20260625,bottleneck_ae_q16,0,9,2893,0.03151965484180249,91784
20260625,bottleneck_ae_q16,0,10,1893,0.02062450971846945,91784
20260625,bottleneck_ae_q16,0,11,2910,0.03170487230889915,91784
20260625,bottleneck_ae_q16,0,12,1869,0.02036302623550946,91784
20260625,bottleneck_ae_q16,0,13,3916,0.042665388302972194,91784
20260625,bottleneck_ae_q16,0,14,2893,0.03151965484180249,91784
20260625,bottleneck_ae_q16,0,15,3907,0.0425673319968622,91784
20260625,bottleneck_ae_q16,0,16,2878,0.031356227664952496,91784
20260625,bottleneck_ae_q16,0,17,2855,0.03110563932711584,91784
20260625,bottleneck_ae_q16,0,18,1910,0.02080972718556611,91784
20260625,bottleneck_ae_q16,0,19,2920,0.03181382376013248,91784
20260625,bottleneck_ae_q16,0,20,1878,0.020461082541619453,91784
20260625,bottleneck_ae_q16,0,21,3850,0.04194630872483222,91784
20260625,bottleneck_ae_q16,0,22,2970,0.03235858101629914,91784
20260625,bottleneck_ae_q16,0,23,3909,0.042589122287108865,91784
20260625,bottleneck_ae_q16,0,24,2909,0.031693977163775824,91784
20260625,bottleneck_ae_q16,0,25,2879,0.03136712281007583,91784
20260625,bottleneck_ae_q16,0,26,2913,0.03173755774426915,91784
20260625,bottleneck_ae_q16,0,27,2821,0.030735204392922513,91784
20260625,bottleneck_ae_q16,0,28,2813,0.03064804323193585,91784
20260625,bottleneck_ae_q16,0,29,2836,0.03089863156977251,91784
20260625,bottleneck_ae_q16,0,30,2882,0.03139980824544583,91784
20260625,bottleneck_ae_q16,0,31,2770,0.03017955199163253,91784
20260625,bottleneck_ae_q16,1,0,2790,0.02996069672043126,93122
20260625,bottleneck_ae_q16,1,1,2964,0.03182921329009257,93122
20260625,bottleneck_ae_q16,1,2,2912,0.03127080603938919,93122
20260625,bottleneck_ae_q16,1,3,2982,0.03202250810764374,93122
20260625,bottleneck_ae_q16,1,4,3973,0.04266446167393312,93122
20260625,bottleneck_ae_q16,1,5,2981,0.03201176950666867,93122
20260625,bottleneck_ae_q16,1,6,1957,0.021015442108202144,93122
20260625,bottleneck_ae_q16,1,7,3000,0.03221580292519491,93122
20260625,bottleneck_ae_q16,1,8,2827,0.030358024956508665,93122
20260625,bottleneck_ae_q16,1,9,2822,0.030304331951633342,93122
20260625,bottleneck_ae_q16,1,10,2917,0.031324499044264514,93122
20260625,bottleneck_ae_q16,1,11,2941,0.03158222546766607,93122
20260625,bottleneck_ae_q16,1,12,3976,0.04269667747685831,93122
20260625,bottleneck_ae_q16,1,13,2958,0.031764781684242176,93122
20260625,bottleneck_ae_q16,1,14,1935,0.020779192886750713,93122
20260625,bottleneck_ae_q16,1,15,2898,0.031120465625738277,93122
20260625,bottleneck_ae_q16,1,16,2871,0.030830523399411523,93122
20260625,bottleneck_ae_q16,1,17,2851,0.030615751379910225,93122
20260625,bottleneck_ae_q16,1,18,2991,0.03211915551641932,93122
20260625,bottleneck_ae_q16,1,19,2873,0.030852000601361656,93122
20260625,bottleneck_ae_q16,1,20,4024,0.04321213032366143,93122
20260625,bottleneck_ae_q16,1,21,2995,0.03216210992031958,93122
20260625,bottleneck_ae_q16,1,22,1833,0.01968385558729409,93122
20260625,bottleneck_ae_q16,1,23,2965,0.031839951891067635,93122
20260625,bottleneck_ae_q16,1,24,2876,0.03088421640428685,93122
20260625,bottleneck_ae_q16,1,25,2767,0.02971370889800477,93122
20260625,bottleneck_ae_q16,1,26,2864,0.03075535319258607,93122
20260625,bottleneck_ae_q16,1,27,2840,0.03049762676918451,93122
20260625,bottleneck_ae_q16,1,28,2877,0.030894955005261914,93122
20260625,bottleneck_ae_q16,1,29,2857,0.030680182985760616,93122
20260625,bottleneck_ae_q16,1,30,2885,0.030980863813062434,93122
20260625,bottleneck_ae_q16,1,31,2920,0.03135671484718971,93122
20260625,bottleneck_ae_q16,2,0,2908,0.03291827031922119,88340
20260625,bottleneck_ae_q16,2,1,2643,0.029918496717228887,88340
20260625,bottleneck_ae_q16,2,2,3729,0.04221190853520489,88340
20260625,bottleneck_ae_q16,2,3,2816,0.03187683948381254,88340
20260625,bottleneck_ae_q16,2,4,3786,0.04285714285714286,88340
20260625,bottleneck_ae_q16,2,5,1783,0.020183382386235002,88340
20260625,bottleneck_ae_q16,2,6,3784,0.042834503056373104,88340
20260625,bottleneck_ae_q16,2,7,1700,0.019243830654290243,88340
20260625,bottleneck_ae_q16,2,8,2560,0.028978944985284128,88340
20260625,bottleneck_ae_q16,2,9,2605,0.02948834050260358,88340
20260625,bottleneck_ae_q16,2,10,3709,0.04198551052750736,88340
20260625,bottleneck_ae_q16,2,11,2682,0.030359972832239075,88340
20260625,bottleneck_ae_q16,2,12,3746,0.04240434684174779,88340
20260625,bottleneck_ae_q16,2,13,1648,0.018655195834276658,88340
20260625,bottleneck_ae_q16,2,14,3747,0.04241566674213267,88340
20260625,bottleneck_ae_q16,2,15,1780,0.02014942268508037,88340
20260625,bottleneck_ae_q16,2,16,2578,0.029182703192211907,88340
20260625,bottleneck_ae_q16,2,17,2521,0.028537468870273943,88340
20260625,bottleneck_ae_q16,2,18,3738,0.04231378763866878,88340
20260625,bottleneck_ae_q16,2,19,2751,0.031141045958795563,88340
20260625,bottleneck_ae_q16,2,20,3724,0.042155309033280505,88340
20260625,bottleneck_ae_q16,2,21,1678,0.018994792845822957,88340
20260625,bottleneck_ae_q16,2,22,3683,0.041691193117500566,88340
20260625,bottleneck_ae_q16,2,23,1684,0.019062712248132215,88340
20260625,bottleneck_ae_q16,2,24,2485,0.028129952456418382,88340
20260625,bottleneck_ae_q16,2,25,2628,0.02974869821145574,88340
20260625,bottleneck_ae_q16,2,26,2508,0.028390310165270546,88340
20260625,bottleneck_ae_q16,2,27,2585,0.029261942494906046,88340
20260625,bottleneck_ae_q16,2,28,2544,0.028797826579126103,88340
20260625,bottleneck_ae_q16,2,29,2577,0.029171383291827033,88340
20260625,bottleneck_ae_q16,2,30,2439,0.027609237038714058,88340
20260625,bottleneck_ae_q16,2,31,2591,0.029329861897215304,88340
20260625,bottleneck_ae_q16,3,0,3907,0.03256647495207135,119970
20260625,bottleneck_ae_q16,3,1,4020,0.03350837709427357,119970
20260625,bottleneck_ae_q16,3,2,3810,0.03175793948487122,119970
20260625,bottleneck_ae_q16,3,3,3628,0.030240893556722513,119970
20260625,bottleneck_ae_q16,3,4,2651,0.022097190964407768,119970
20260625,bottleneck_ae_q16,3,5,3630,0.030257564391097773,119970
20260625,bottleneck_ae_q16,3,6,3655,0.03046594982078853,119970
20260625,bottleneck_ae_q16,3,7,3669,0.030582645661415355,119970
20260625,bottleneck_ae_q16,3,8,4017,0.03348337084271068,119970
20260625,bottleneck_ae_q16,3,9,3968,0.03307493540051679,119970
20260625,bottleneck_ae_q16,3,10,3769,0.03141618738017838,119970
20260625,bottleneck_ae_q16,3,11,3755,0.031299491539551555,119970
20260625,bottleneck_ae_q16,3,12,2697,0.02248062015503876,119970
20260625,bottleneck_ae_q16,3,13,3766,0.03139118112861549,119970
20260625,bottleneck_ae_q16,3,14,3713,0.030949404017671083,119970
20260625,bottleneck_ae_q16,3,15,3703,0.03086604984579478,119970
20260625,bottleneck_ae_q16,3,16,3961,0.033016587480203384,119970
20260625,bottleneck_ae_q16,3,17,4061,0.033850129198966405,119970
20260625,bottleneck_ae_q16,3,18,3649,0.030415937317662747,119970
20260625,bottleneck_ae_q16,3,19,3744,0.031207801950487623,119970
20260625,bottleneck_ae_q16,3,20,2662,0.0221888805534717,119970
20260625,bottleneck_ae_q16,3,21,3765,0.031382845711427854,119970
20260625,bottleneck_ae_q16,3,22,3802,0.03169125614737017,119970
20260625,bottleneck_ae_q16,3,23,3730,0.031091106109860798,119970
20260625,bottleneck_ae_q16,3,24,4018,0.03349170625989831,119970
20260625,bottleneck_ae_q16,3,25,4014,0.03345836459114779,119970
20260625,bottleneck_ae_q16,3,26,4003,0.03336667500208385,119970
20260625,bottleneck_ae_q16,3,27,4042,0.03369175627240143,119970
20260625,bottleneck_ae_q16,3,28,4054,0.033791781278652996,119970
20260625,bottleneck_ae_q16,3,29,4018,0.03349170625989831,119970
20260625,bottleneck_ae_q16,3,30,4082,0.03402517295990665,119970
20260625,bottleneck_ae_q16,3,31,4007,0.03340001667083437,119970
20260625,bottleneck_ae_q32,0,0,3102,0.02882390655925069,107619
20260625,bottleneck_ae_q32,0,1,3116,0.028953995112387217,107619
20260625,bottleneck_ae_q32,0,2,2126,0.019754875997732742,107619
20260625,bottleneck_ae_q32,0,3,4118,0.038264618701158715,107619
20260625,bottleneck_ae_q32,0,4,3125,0.029037623467974987,107619
20260625,bottleneck_ae_q32,0,5,5109,0.047473029855322944,107619
20260625,bottleneck_ae_q32,0,6,2100,0.01951328297047919,107619
20260625,bottleneck_ae_q32,0,7,4133,0.038403999293804995,107619
20260625,bottleneck_ae_q32,0,8,3186,0.029604437878069857,107619
20260625,bottleneck_ae_q32,0,9,3314,0.03079381893531811,107619
20260625,bottleneck_ae_q32,0,10,2211,0.020544699356061662,107619
20260625,bottleneck_ae_q32,0,11,4167,0.038719928637136566,107619
20260625,bottleneck_ae_q32,0,12,3178,0.02953010156199184,107619
20260625,bottleneck_ae_q32,0,13,5246,0.048746039268158965,107619
20260625,bottleneck_ae_q32,0,14,2126,0.019754875997732742,107619
20260625,bottleneck_ae_q32,0,15,4184,0.03887789330880235,107619
20260625,bottleneck_ae_q32,0,16,3197,0.02970665031267713,107619
20260625,bottleneck_ae_q32,0,17,3225,0.029966827418950185,107619
20260625,bottleneck_ae_q32,0,18,2201,0.020451778960964142,107619
20260625,bottleneck_ae_q32,0,19,4103,0.038125238108512434,107619
20260625,bottleneck_ae_q32,0,20,3203,0.029762402549735643,107619
20260625,bottleneck_ae_q32,0,21,5128,0.047649578606008235,107619
20260625,bottleneck_ae_q32,0,22,2180,0.02025664613125935,107619
20260625,bottleneck_ae_q32,0,23,4196,0.03898939778291937,107619
20260625,bottleneck_ae_q32,0,24,3186,0.029604437878069857,107619
20260625,bottleneck_ae_q32,0,25,3171,0.029465057285423576,107619
20260625,bottleneck_ae_q32,0,26,3221,0.02992965926091118,107619
20260625,bottleneck_ae_q32,0,27,3210,0.029827446826303904,107619
20260625,bottleneck_ae_q32,0,28,3246,0.030161960248654977,107619
20260625,bottleneck_ae_q32,0,29,3164,0.029400013008855315,107619
20260625,bottleneck_ae_q32,0,30,3255,0.030245588604242746,107619
20260625,bottleneck_ae_q32,0,31,3192,0.029660190115128368,107619
20260625,bottleneck_ae_q32,1,0,3099,0.032796080132919896,94493
20260625,bottleneck_ae_q32,1,1,2982,0.03155789317727239,94493
20260625,bottleneck_ae_q32,1,2,3986,0.04218301884795699,94493
20260625,bottleneck_ae_q32,1,3,3029,0.032055284518429934,94493
20260625,bottleneck_ae_q32,1,4,1893,0.02003322997470712,94493
20260625,bottleneck_ae_q32,1,5,3032,0.03208703290190808,94493
20260625,bottleneck_ae_q32,1,6,4028,0.04262749621665097,94493
20260625,bottleneck_ae_q32,1,7,1955,0.020689363233255372,94493
20260625,bottleneck_ae_q32,1,8,2996,0.03170605230017038,94493
20260625,bottleneck_ae_q32,1,9,2943,0.031145164192056554,94493
20260625,bottleneck_ae_q32,1,10,3996,0.04228884679288413,94493
20260625,bottleneck_ae_q32,1,11,2976,0.03149439641031611,94493
20260625,bottleneck_ae_q32,1,12,1967,0.020816356767167938,94493
20260625,bottleneck_ae_q32,1,13,2906,0.030753600795826147,94493
20260625,bottleneck_ae_q32,1,14,4007,0.04240525753230398,94493
20260625,bottleneck_ae_q32,1,15,1988,0.021038595451514926,94493
20260625,bottleneck_ae_q32,1,16,2885,0.03053136211147916,94493
20260625,bottleneck_ae_q32,1,17,2910,0.030795931973797,94493
20260625,bottleneck_ae_q32,1,18,3993,0.04225709840940599,94493
20260625,bottleneck_ae_q32,1,19,2988,0.031621389944228674,94493
20260625,bottleneck_ae_q32,1,20,1919,0.020308382631517678,94493
20260625,bottleneck_ae_q32,1,21,2914,0.030838263151767856,94493
20260625,bottleneck_ae_q32,1,22,4029,0.042638079011143686,94493
20260625,bottleneck_ae_q32,1,23,1886,0.019959150413258124,94493
20260625,bottleneck_ae_q32,1,24,2905,0.030743018001333434,94493
20260625,bottleneck_ae_q32,1,25,2978,0.031515561999301535,94493
20260625,bottleneck_ae_q32,1,26,2856,0.030224461071190457,94493
20260625,bottleneck_ae_q32,1,27,2891,0.030594858878435438,94493
20260625,bottleneck_ae_q32,1,28,2857,0.03023504386568317,94493
20260625,bottleneck_ae_q32,1,29,2905,0.030743018001333434,94493
20260625,bottleneck_ae_q32,1,30,2873,0.030404368577566593,94493
20260625,bottleneck_ae_q32,1,31,2921,0.030912342713216853,94493
20260625,bottleneck_ae_q32,2,0,4533,0.03632648154826301,124785
20260625,bottleneck_ae_q32,2,1,4478,0.03588572344432424,124785
20260625,bottleneck_ae_q32,2,2,4002,0.03207116239932684,124785
20260625,bottleneck_ae_q32,2,3,2988,0.023945185719437434,124785
20260625,bottleneck_ae_q32,2,4,2972,0.023816965180109787,124785
20260625,bottleneck_ae_q32,2,5,2976,0.0238490203149417,124785
20260625,bottleneck_ae_q32,2,6,3993,0.03199903834595504,124785
20260625,bottleneck_ae_q32,2,7,3993,0.03199903834595504,124785
20260625,bottleneck_ae_q32,2,8,4400,0.03526064831510198,124785
20260625,bottleneck_ae_q32,2,9,4330,0.034699683455543535,124785
20260625,bottleneck_ae_q32,2,10,3965,0.03177465240213167,124785
20260625,bottleneck_ae_q32,2,11,2991,0.023969227070561365,124785
20260625,bottleneck_ae_q32,2,12,2968,0.023784910045277878,124785
20260625,bottleneck_ae_q32,2,13,3006,0.02408943382618103,124785
20260625,bottleneck_ae_q32,2,14,4011,0.03214328645269864,124785
20260625,bottleneck_ae_q32,2,15,3944,0.03160636294426413,124785
20260625,bottleneck_ae_q32,2,16,4479,0.03589373722803221,124785
20260625,bottleneck_ae_q32,2,17,4394,0.03521256561285411,124785
20260625,bottleneck_ae_q32,2,18,3967,0.031790679969547625,124785
20260625,bottleneck_ae_q32,2,19,2981,0.023889089233481587,124785
20260625,bottleneck_ae_q32,2,20,2922,0.023416275994710904,124785
20260625,bottleneck_ae_q32,2,21,3060,0.02452217814641183,124785
20260625,bottleneck_ae_q32,2,22,3900,0.031253756461113114,124785
20260625,bottleneck_ae_q32,2,23,3955,0.03169451456505189,124785
20260625,bottleneck_ae_q32,2,24,4441,0.035589213447129064,124785
20260625,bottleneck_ae_q32,2,25,4393,0.035204551829146134,124785
20260625,bottleneck_ae_q32,2,26,4472,0.03583764074207637,124785
20260625,bottleneck_ae_q32,2,27,4412,0.03535681371959771,124785
20260625,bottleneck_ae_q32,2,28,4451,0.03566935128420884,124785
20260625,bottleneck_ae_q32,2,29,4466,0.03578955803982851,124785
20260625,bottleneck_ae_q32,2,30,4445,0.03562126858196097,124785
20260625,bottleneck_ae_q32,2,31,4497,0.03603798533477581,124785
20260625,bottleneck_ae_q32,3,0,1554,0.023432198917354,66319
20260625,bottleneck_ae_q32,3,1,1712,0.025814623260302476,66319
20260625,bottleneck_ae_q32,3,2,2174,0.03278095266816448,66319
20260625,bottleneck_ae_q32,3,3,2153,0.03246430133144348,66319
20260625,bottleneck_ae_q32,3,4,4298,0.06480797358223134,66319
20260625,bottleneck_ae_q32,3,5,1171,0.01765708168096624,66319
20260625,bottleneck_ae_q32,3,6,2167,0.03267540222259081,66319
20260625,bottleneck_ae_q32,3,7,2207,0.033278547625868904,66319
20260625,bottleneck_ae_q32,3,8,1706,0.025724151449810762,66319
20260625,bottleneck_ae_q32,3,9,1701,0.025648758274401003,66319
20260625,bottleneck_ae_q32,3,10,2116,0.03190639183341124,66319
20260625,bottleneck_ae_q32,3,11,2154,0.03247937996652543,66319
20260625,bottleneck_ae_q32,3,12,4175,0.0629533014671512,66319
20260625,bottleneck_ae_q32,3,13,1130,0.01703885764260619,66319
20260625,bottleneck_ae_q32,3,14,2144,0.032328593615705906,66319
20260625,bottleneck_ae_q32,3,15,2172,0.032750795398000576,66319
20260625,bottleneck_ae_q32,3,16,1727,0.02604080278653176,66319
20260625,bottleneck_ae_q32,3,17,1759,0.026523319109154238,66319
20260625,bottleneck_ae_q32,3,18,2127,0.032072256819312715,66319
20260625,bottleneck_ae_q32,3,19,2216,0.033414255341606476,66319
20260625,bottleneck_ae_q32,3,20,4244,0.0639937272878059,66319
20260625,bottleneck_ae_q32,3,21,1186,0.017883261207195526,66319
20260625,bottleneck_ae_q32,3,22,2179,0.03285634584357424,66319
20260625,bottleneck_ae_q32,3,23,2251,0.03394200756947481,66319
20260625,bottleneck_ae_q32,3,24,1756,0.026478083203908383,66319
20260625,bottleneck_ae_q32,3,25,1746,0.02632729685308886,66319
20260625,bottleneck_ae_q32,3,26,1739,0.026221746407515192,66319
20260625,bottleneck_ae_q32,3,27,1775,0.026764577270465478,66319
20260625,bottleneck_ae_q32,3,28,1734,0.02614635323210543,66319
20260625,bottleneck_ae_q32,3,29,1753,0.026432847298662524,66319
20260625,bottleneck_ae_q32,3,30,1715,0.025859859165548334,66319
20260625,bottleneck_ae_q32,3,31,1678,0.025301949667516095,66319
20260625,sae_l1_4x,0,0,2141,0.02883851241227893,74241
20260625,sae_l1_4x,0,1,2119,0.028542180196926226,74241
20260625,sae_l1_4x,0,2,3469,0.046726202502660255,74241
20260625,sae_l1_4x,0,3,2494,0.03359329750407457,74241
20260625,sae_l1_4x,0,4,2487,0.0334990099810078,74241
20260625,sae_l1_4x,0,5,2480,0.03340472245794103,74241
20260625,sae_l1_4x,0,6,2401,0.03234062041190178,74241
20260625,sae_l1_4x,0,7,1452,0.019557926213278377,74241
20260625,sae_l1_4x,0,8,2099,0.028272787273878316,74241
20260625,sae_l1_4x,0,9,2141,0.02883851241227893,74241
20260625,sae_l1_4x,0,10,3529,0.04753438127180399,74241
20260625,sae_l1_4x,0,11,2512,0.03383575113481769,74241
20260625,sae_l1_4x,0,12,2507,0.03376840290405571,74241
20260625,sae_l1_4x,0,13,2462,0.03316226882719791,74241
20260625,sae_l1_4x,0,14,2446,0.03294675448875958,74241
20260625,sae_l1_4x,0,15,1428,0.019234654705620885,74241
20260625,sae_l1_4x,0,16,2095,0.028218908689268733,74241
20260625,sae_l1_4x,0,17,2118,0.02852871055077383,74241
20260625,sae_l1_4x,0,18,3488,0.046982125779555774,74241
20260625,sae_l1_4x,0,19,2418,0.03256960439649251,74241
20260625,sae_l1_4x,0,20,2448,0.03297369378106437,74241
20260625,sae_l1_4x,0,21,2460,0.03313532953489312,74241
20260625,sae_l1_4x,0,22,2453,0.03304104201182635,74241
20260625,sae_l1_4x,0,23,1400,0.018857504613353806,74241
20260625,sae_l1_4x,0,24,2170,0.0292291321506984,74241
20260625,sae_l1_4x,0,25,2228,0.030010371627537346,74241
20260625,sae_l1_4x,0,26,2139,0.02881157311997414,74241
20260625,sae_l1_4x,0,27,2161,0.029107905335326843,74241
20260625,sae_l1_4x,0,28,2098,0.02825931762772592,74241
20260625,sae_l1_4x,0,29,2162,0.029121374981479237,74241
20260625,sae_l1_4x,0,30,2110,0.028420953381554665,74241
20260625,sae_l1_4x,0,31,2126,0.028636467719992995,74241
20260625,sae_l1_4x,1,0,4507,0.03349086747811613,134574
20260625,sae_l1_4x,1,1,4348,0.03230936139224516,134574
20260625,sae_l1_4x,1,2,3949,0.02934444989373876,134574
20260625,sae_l1_4x,1,3,2856,0.021222524410361585,134574
20260625,sae_l1_4x,1,4,3883,0.028854013405264018,134574
20260625,sae_l1_4x,1,5,4897,0.0363889012736487,134574
20260625,sae_l1_4x,1,6,4991,0.03708740172693091,134574
20260625,sae_l1_4x,1,7,3848,0.028593933449254684,134574
20260625,sae_l1_4x,1,8,4331,0.03218303684218348,134574
20260625,sae_l1_4x,1,9,4343,0.032272207112815254,134574
20260625,sae_l1_4x,1,10,3889,0.028898598540579905,134574
20260625,sae_l1_4x,1,11,2834,0.021059045580870003,134574
20260625,sae_l1_4x,1,12,3833,0.028482470610964972,134574
20260625,sae_l1_4x,1,13,4994,0.03710969429458885,134574
20260625,sae_l1_4x,1,14,4963,0.03687933776212344,134574
20260625,sae_l1_4x,1,15,3932,0.029218125343677084,134574
20260625,sae_l1_4x,1,16,4407,0.03274778188951803,134574
20260625,sae_l1_4x,1,17,4373,0.032495132789394685,134574
20260625,sae_l1_4x,1,18,3900,0.028980337955325695,134574
20260625,sae_l1_4x,1,19,2924,0.02172782261060829,134574
20260625,sae_l1_4x,1,20,3984,0.029604529849748092,134574
20260625,sae_l1_4x,1,21,4898,0.03639633212953468,134574
20260625,sae_l1_4x,1,22,4982,0.03702052402395708,134574
20260625,sae_l1_4x,1,23,3880,0.028831720837606076,134574
20260625,sae_l1_4x,1,24,4370,0.03247284022173674,134574
20260625,sae_l1_4x,1,25,4367,0.032450547654078794,134574
20260625,sae_l1_4x,1,26,4344,0.03227963796870124,134574
20260625,sae_l1_4x,1,27,4335,0.032212760265727405,134574
20260625,sae_l1_4x,1,28,4332,0.032190467698069464,134574
20260625,sae_l1_4x,1,29,4369,0.03246540936585076,134574
20260625,sae_l1_4x,1,30,4358,0.03238366995110497,134574
20260625,sae_l1_4x,1,31,4353,0.03234651567167506,134574
20260625,sae_l1_4x,2,0,3579,0.03378454916175804,105936
20260625,sae_l1_4x,2,1,3672,0.03466243769823289,105936
20260625,sae_l1_4x,2,2,2446,0.02308941247545688,105936
20260625,sae_l1_4x,2,3,3410,0.03218924633741127,105936
20260625,sae_l1_4x,2,4,3453,0.03259515178975986,105936
20260625,sae_l1_4x,2,5,3443,0.0325007551729346,105936
20260625,sae_l1_4x,2,6,2387,0.022532472436187886,105936
20260625,sae_l1_4x,2,7,3476,0.032812264008457936,105936
20260625,sae_l1_4x,2,8,3607,0.03404885968886875,105936
20260625,sae_l1_4x,2,9,3558,0.03358631626642501,105936
20260625,sae_l1_4x,2,10,2373,0.022400317172632533,105936
20260625,sae_l1_4x,2,11,3443,0.0325007551729346,105936
20260625,sae_l1_4x,2,12,3431,0.0323874792327443,105936
20260625,sae_l1_4x,2,13,3444,0.032510194834617125,105936
20260625,sae_l1_4x,2,14,2348,0.0221643256305694,105936
20260625,sae_l1_4x,2,15,3378,0.03188717716357046,105936
20260625,sae_l1_4x,2,16,3598,0.03396390273372602,105936
20260625,sae_l1_4x,2,17,3633,0.03429429089261441,105936
20260625,sae_l1_4x,2,18,2377,0.022438075819362635,105936
20260625,sae_l1_4x,2,19,3349,0.031613426974777224,105936
20260625,sae_l1_4x,2,20,3380,0.03190605648693551,105936
20260625,sae_l1_4x,2,21,3484,0.03288778130191814,105936
20260625,sae_l1_4x,2,22,2347,0.022154885968886876,105936
20260625,sae_l1_4x,2,23,3482,0.03286890197855309,105936
20260625,sae_l1_4x,2,24,3546,0.03347304032623471,105936
20260625,sae_l1_4x,2,25,3527,0.03329368675426673,105936
20260625,sae_l1_4x,2,26,3585,0.0338411871318532,105936
20260625,sae_l1_4x,2,27,3611,0.03408661833559885,105936
20260625,sae_l1_4x,2,28,3647,0.034426446156169764,105936
20260625,sae_l1_4x,2,29,3573,0.03372791119166289,105936
20260625,sae_l1_4x,2,30,3699,0.03491730856366108,105936
20260625,sae_l1_4x,2,31,3650,0.03445476514121734,105936
20260625,sae_l1_4x,3,0,2061,0.026266488243165742,78465
20260625,sae_l1_4x,3,1,2149,0.027388007391830754,78465
20260625,sae_l1_4x,3,2,2424,0.030892754731408907,78465
20260625,sae_l1_4x,3,3,3528,0.044962722232842665,78465
20260625,sae_l1_4x,3,4,2465,0.03141528069840056,78465
20260625,sae_l1_4x,3,5,1468,0.01870897852545721,78465
20260625,sae_l1_4x,3,6,2509,0.03197604027273306,78465
20260625,sae_l1_4x,3,7,3512,0.04475880966035812,78465
20260625,sae_l1_4x,3,8,2251,0.028687950041419743,78465
20260625,sae_l1_4x,3,9,2246,0.02862422736251832,78465
20260625,sae_l1_4x,3,10,2497,0.031823105843369656,78465
20260625,sae_l1_4x,3,11,3499,0.04459313069521443,78465
20260625,sae_l1_4x,3,12,2517,0.03207799655897534,78465
20260625,sae_l1_4x,3,13,1388,0.017689415663034475,78465
20260625,sae_l1_4x,3,14,2531,0.032256420059899316,78465
20260625,sae_l1_4x,3,15,3550,0.04524310202000892,78465
20260625,sae_l1_4x,3,16,2188,0.027885044287261837,78465
20260625,sae_l1_4x,3,17,2164,0.027579175428535014,78465
20260625,sae_l1_4x,3,18,2523,0.03215446377365704,78465
20260625,sae_l1_4x,3,19,3597,0.04584209520168228,78465
20260625,sae_l1_4x,3,20,2476,0.031555470591983686,78465
20260625,sae_l1_4x,3,21,1446,0.018428598738290957,78465
20260625,sae_l1_4x,3,22,2506,0.03193780666539221,78465
20260625,sae_l1_4x,3,23,3526,0.0449372331612821,78465
20260625,sae_l1_4x,3,24,2202,0.028063467788185817,78465
20260625,sae_l1_4x,3,25,2166,0.027604664500095584,78465
20260625,sae_l1_4x,3,26,2220,0.02829286943223093,78465
20260625,sae_l1_4x,3,27,2181,0.027795832536799847,78465
20260625,sae_l1_4x,3,28,2211,0.028178168610208373,78465
20260625,sae_l1_4x,3,29,2184,0.0278340661441407,78465
20260625,sae_l1_4x,3,30,2121,0.027031160389982795,78465
20260625,sae_l1_4x,3,31,2159,0.027515452749633594,78465
20260625,sae_topk_4x,0,3,1024,0.3333333333333333,3072
20260625,sae_topk_4x,0,11,1024,0.3333333333333333,3072
20260625,sae_topk_4x,0,19,1024,0.3333333333333333,3072
20260625,sae_topk_4x,1,0,12265,0.03225009137306769,380309
20260625,sae_topk_4x,1,1,12266,0.032252720813864516,380309
20260625,sae_topk_4x,1,2,11251,0.02958383840508639,380309
20260625,sae_topk_4x,1,3,10230,0.02689917935152731,380309
20260625,sae_topk_4x,1,4,12279,0.03228690354422325,380309
20260625,sae_topk_4x,1,5,12275,0.03227638578103595,380309
20260625,sae_topk_4x,1,6,12270,0.032263238577051816,380309
20260625,sae_topk_4x,1,7,11246,0.029570691201102263,380309
20260625,sae_topk_4x,1,8,12263,0.032244832491474036,380309
20260625,sae_topk_4x,1,9,12258,0.03223168528748991,380309
20260625,sae_topk_4x,1,10,11249,0.02957857952349274,380309
20260625,sae_topk_4x,1,11,10222,0.026878143825152703,380309
20260625,sae_topk_4x,1,12,12273,0.032271126899442296,380309
20260625,sae_topk_4x,1,13,12257,0.03222905584669308,380309
20260625,sae_topk_4x,1,14,12278,0.03228427410342642,380309
20260625,sae_topk_4x,1,15,11244,0.02956543231950861,380309
20260625,sae_topk_4x,1,16,12269,0.032260609136254996,380309
20260625,sae_topk_4x,1,17,12268,0.03225797969545817,380309
20260625,sae_topk_4x,1,18,11244,0.02956543231950861,380309
20260625,sae_topk_4x,1,19,10220,0.026872884943559053,380309
20260625,sae_topk_4x,1,20,12272,0.03226849745864547,380309
20260625,sae_topk_4x,1,21,12270,0.032263238577051816,380309
20260625,sae_topk_4x,1,22,12273,0.032271126899442296,380309
20260625,sae_topk_4x,1,23,11249,0.02957857952349274,380309
20260625,sae_topk_4x,1,24,12257,0.03222905584669308,380309
20260625,sae_topk_4x,1,25,12271,0.03226586801784864,380309
20260625,sae_topk_4x,1,26,12262,0.03224220305067721,380309
20260625,sae_topk_4x,1,27,12274,0.03227375634023912,380309
20260625,sae_topk_4x,1,28,12269,0.032260609136254996,380309
20260625,sae_topk_4x,1,29,12266,0.032252720813864516,380309
20260625,sae_topk_4x,1,30,12255,0.03222379696509943,380309
20260625,sae_topk_4x,1,31,12264,0.03224746193227086,380309
20260625,sae_topk_4x,2,0,23,0.0034008576075706047,6763
20260625,sae_topk_4x,2,1,22,0.0032529942333284047,6763
20260625,sae_topk_4x,2,2,13,0.0019222238651486027,6763
20260625,sae_topk_4x,2,3,1034,0.15289072896643502,6763
20260625,sae_topk_4x,2,4,9,0.001330770368179802,6763
20260625,sae_topk_4x,2,5,13,0.0019222238651486027,6763
20260625,sae_topk_4x,2,6,18,0.002661540736359604,6763
20260625,sae_topk_4x,2,7,1042,0.15407363596037263,6763
20260625,sae_topk_4x,2,8,25,0.003696584356055005,6763
20260625,sae_topk_4x,2,9,30,0.004435901227266006,6763
20260625,sae_topk_4x,2,10,15,0.002217950613633003,6763
20260625,sae_topk_4x,2,11,1042,0.15407363596037263,6763
20260625,sae_topk_4x,2,12,15,0.002217950613633003,6763
20260625,sae_topk_4x,2,13,31,0.004583764601508207,6763
20260625,sae_topk_4x,2,14,10,0.0014786337424220022,6763
20260625,sae_topk_4x,2,15,1044,0.154369362708857,6763
20260625,sae_topk_4x,2,16,19,0.002809404110601804,6763
20260625,sae_topk_4x,2,17,20,0.0029572674848440043,6763
20260625,sae_topk_4x,2,18,20,0.0029572674848440043,6763
20260625,sae_topk_4x,2,19,1044,0.154369362708857,6763
20260625,sae_topk_4x,2,20,16,0.002365813987875203,6763
20260625,sae_topk_4x,2,21,18,0.002661540736359604,6763
20260625,sae_topk_4x,2,22,15,0.002217950613633003,6763
20260625,sae_topk_4x,2,23,1039,0.15363004583764603,6763
20260625,sae_topk_4x,2,24,31,0.004583764601508207,6763
20260625,sae_topk_4x,2,25,17,0.0025136773621174035,6763
20260625,sae_topk_4x,2,26,26,0.0038444477302972055,6763
20260625,sae_topk_4x,2,27,14,0.0020700872393908027,6763
20260625,sae_topk_4x,2,28,19,0.002809404110601804,6763
20260625,sae_topk_4x,2,29,22,0.0032529942333284047,6763
20260625,sae_topk_4x,2,30,33,0.004879491349992607,6763
20260625,sae_topk_4x,2,31,24,0.003548720981812805,6763
20260625,sae_topk_4x,3,2,1024,0.3333333333333333,3072
20260625,sae_topk_4x,3,10,1024,0.3333333333333333,3072
20260625,sae_topk_4x,3,18,1024,0.3333333333333333,3072
20260625,sae_l1_8x,0,0,1974,0.025973000710507618,76002
20260625,sae_l1_8x,0,1,1973,0.025959843162022052,76002
20260625,sae_l1_8x,0,2,2310,0.03039393700165785,76002
20260625,sae_l1_8x,0,3,4389,0.05774848030314992,76002
20260625,sae_l1_8x,0,4,2407,0.03167021920475777,76002
20260625,sae_l1_8x,0,5,3361,0.044222520459987896,76002
20260625,sae_l1_8x,0,6,1370,0.01802584142522565,76002
20260625,sae_l1_8x,0,7,2339,0.03077550590773927,76002
20260625,sae_l1_8x,0,8,1962,0.025815110128680825,76002
20260625,sae_l1_8x,0,9,1969,0.02590721296807979,76002
20260625,sae_l1_8x,0,10,2292,0.03015710112891766,76002
20260625,sae_l1_8x,0,11,4419,0.0581432067577169,76002
20260625,sae_l1_8x,0,12,2324,0.030578142680455778,76002
20260625,sae_l1_8x,0,13,3351,0.04409094497513223,76002
20260625,sae_l1_8x,0,14,1356,0.017841635746427727,76002
20260625,sae_l1_8x,0,15,2311,0.030407094550143416,76002
20260625,sae_l1_8x,0,16,1998,0.026288781874161206,76002
20260625,sae_l1_8x,0,17,1947,0.025617746901397332,76002
20260625,sae_l1_8x,0,18,2346,0.030867608747138234,76002
20260625,sae_l1_8x,0,19,4397,0.057853740691034446,76002
20260625,sae_l1_8x,0,20,2367,0.031143917265335122,76002
20260625,sae_l1_8x,0,21,3353,0.04411726007210336,76002
20260625,sae_l1_8x,0,22,1314,0.017289018710033948,76002
20260625,sae_l1_8x,0,23,2365,0.03111760216836399,76002
20260625,sae_l1_8x,0,24,2076,0.02731507065603537,76002
20260625,sae_l1_8x,0,25,1869,0.02459145811952317,76002
20260625,sae_l1_8x,0,26,1951,0.025670377095339595,76002
20260625,sae_l1_8x,0,27,1946,0.025604589352911766,76002
20260625,sae_l1_8x,0,28,2029,0.026696665877213758,76002
20260625,sae_l1_8x,0,29,1961,0.02580195258019526,76002
20260625,sae_l1_8x,0,30,1943,0.025565116707455066,76002
20260625,sae_l1_8x,0,31,2033,0.02674929607115602,76002
20260625,sae_l1_8x,1,0,3483,0.03146995310678822,110677
20260625,sae_l1_8x,1,1,3522,0.03182232984269541,110677
20260625,sae_l1_8x,1,2,4420,0.03993603006948147,110677
20260625,sae_l1_8x,1,3,2374,0.02144980438573507,110677
20260625,sae_l1_8x,1,4,3389,0.030620634820242687,110677
20260625,sae_l1_8x,1,5,3318,0.02997912845487319,110677
20260625,sae_l1_8x,1,6,2345,0.02118778065903485,110677
20260625,sae_l1_8x,1,7,4433,0.04005348898145053,110677
20260625,sae_l1_8x,1,8,3509,0.031704870930726346,110677
20260625,sae_l1_8x,1,9,3627,0.032771036439368614,110677
20260625,sae_l1_8x,1,10,4416,0.03989988886579868,110677
20260625,sae_l1_8x,1,11,2400,0.021684722209673192,110677
20260625,sae_l1_8x,1,12,3386,0.030593528917480597,110677
20260625,sae_l1_8x,1,13,3383,0.030566423014718506,110677
20260625,sae_l1_8x,1,14,2349,0.021223921862717637,110677
20260625,sae_l1_8x,1,15,4427,0.03999927717592634,110677
20260625,sae_l1_8x,1,16,3507,0.031686800328884955,110677
20260625,sae_l1_8x,1,17,3639,0.03287946005041698,110677
20260625,sae_l1_8x,1,18,4418,0.03991795946764007,110677
20260625,sae_l1_8x,1,19,2366,0.02137752197836949,110677
20260625,sae_l1_8x,1,20,3384,0.030575458315639202,110677
20260625,sae_l1_8x,1,21,3376,0.030503175908273623,110677
20260625,sae_l1_8x,1,22,2398,0.021666651607831797,110677
20260625,sae_l1_8x,1,23,4379,0.03956558273173288,110677
20260625,sae_l1_8x,1,24,3616,0.03267164812924094,110677
20260625,sae_l1_8x,1,25,3595,0.03248190680990631,110677
20260625,sae_l1_8x,1,26,3614,0.03265357752739955,110677
20260625,sae_l1_8x,1,27,3551,0.03208435356939563,110677
20260625,sae_l1_8x,1,28,3468,0.031334423592977764,110677
20260625,sae_l1_8x,1,29,3533,0.03192171815282308,110677
20260625,sae_l1_8x,1,30,3491,0.0315422355141538,110677
20260625,sae_l1_8x,1,31,3561,0.0321747065786026,110677
20260625,sae_l1_8x,2,0,3547,0.034985796575396515,101384
20260625,sae_l1_8x,2,1,3557,0.035084431468476285,101384
20260625,sae_l1_8x,2,2,2459,0.024254320208316894,101384
20260625,sae_l1_8x,2,3,2356,0.023238380809595203,101384
20260625,sae_l1_8x,2,4,2263,0.022321076303953285,101384
20260625,sae_l1_8x,2,5,3466,0.03418685394145033,101384
20260625,sae_l1_8x,2,6,4418,0.04357689576264499,101384
20260625,sae_l1_8x,2,7,2397,0.023642783871222282,101384
20260625,sae_l1_8x,2,8,3529,0.03480825376785292,101384
20260625,sae_l1_8x,2,9,3553,0.03504497751124438,101384
20260625,sae_l1_8x,2,10,2351,0.023189063363055314,101384
20260625,sae_l1_8x,2,11,2301,0.022695888897656436,101384
20260625,sae_l1_8x,2,12,2390,0.02357373944606644,101384
20260625,sae_l1_8x,2,13,3369,0.0332300954785765,101384
20260625,sae_l1_8x,2,14,4414,0.04353744180541308,101384
20260625,sae_l1_8x,2,15,2373,0.02340606012783082,101384
20260625,sae_l1_8x,2,16,3592,0.035429653594255504,101384
20260625,sae_l1_8x,2,17,3499,0.034512349088613586,101384
20260625,sae_l1_8x,2,18,2365,0.023327152213367,101384
20260625,sae_l1_8x,2,19,2328,0.02296220310897183,101384
20260625,sae_l1_8x,2,20,2308,0.022764933322812278,101384
20260625,sae_l1_8x,2,21,3408,0.033614771561587625,101384
20260625,sae_l1_8x,2,22,4408,0.043478260869565216,101384
20260625,sae_l1_8x,2,23,2409,0.023761145742918016,101384
20260625,sae_l1_8x,2,24,3453,0.03405862858044662,101384
20260625,sae_l1_8x,2,25,3596,0.03546910755148741,101384
20260625,sae_l1_8x,2,26,3506,0.03458139351376943,101384
20260625,sae_l1_8x,2,27,3604,0.03554801546595124,101384
20260625,sae_l1_8x,2,28,3509,0.03461098398169336,101384
20260625,sae_l1_8x,2,29,3565,0.03516333938294011,101384
20260625,sae_l1_8x,2,30,3580,0.03531129172255977,101384
20260625,sae_l1_8x,2,31,3511,0.03463071096030932,101384
20260625,sae_l1_8x,3,0,3284,0.031230682909664964,105153
20260625,sae_l1_8x,3,1,3236,0.030774205205747814,105153
20260625,sae_l1_8x,3,2,3099,0.029471341759150952,105153
20260625,sae_l1_8x,3,3,3169,0.030137038410696794,105153
20260625,sae_l1_8x,3,4,4229,0.04021758770553384,105153
20260625,sae_l1_8x,3,5,2143,0.020379827489467726,105153
20260625,sae_l1_8x,3,6,4155,0.03951385124532823,105153
20260625,sae_l1_8x,3,7,3119,0.029661540802449763,105153
20260625,sae_l1_8x,3,8,3288,0.031268722718324725,105153
20260625,sae_l1_8x,3,9,3139,0.029851739845748577,105153
20260625,sae_l1_8x,3,10,3229,0.03070763554059323,105153
20260625,sae_l1_8x,3,11,3168,0.030127528458531852,105153
20260625,sae_l1_8x,3,12,4188,0.039827679666771275,105153
20260625,sae_l1_8x,3,13,2185,0.020779245480395232,105153
20260625,sae_l1_8x,3,14,4169,0.039646990575637406,105153
20260625,sae_l1_8x,3,15,3177,0.03021311802801632,105153
20260625,sae_l1_8x,3,16,3191,0.03034625735832549,105153
20260625,sae_l1_8x,3,17,3203,0.030460376784304775,105153
20260625,sae_l1_8x,3,18,3159,0.03004193888904739,105153
20260625,sae_l1_8x,3,19,3197,0.03040331707131513,105153
20260625,sae_l1_8x,3,20,4229,0.04021758770553384,105153
20260625,sae_l1_8x,3,21,2151,0.02045590710678725,105153
20260625,sae_l1_8x,3,22,4168,0.039637480623472464,105153
20260625,sae_l1_8x,3,23,3135,0.029813700037088813,105153
20260625,sae_l1_8x,3,24,3143,0.02988977965440834,105153
20260625,sae_l1_8x,3,25,3228,0.030698125588428292,105153
20260625,sae_l1_8x,3,26,3217,0.030593516114613944,105153
20260625,sae_l1_8x,3,27,3187,0.030308217549665725,105153
20260625,sae_l1_8x,3,28,3282,0.031211663005335084,105153
20260625,sae_l1_8x,3,29,3229,0.03070763554059323,105153
20260625,sae_l1_8x,3,30,3274,0.03113558338801556,105153
20260625,sae_l1_8x,3,31,3183,0.030270177741005964,105153
20260625,sae_topk_8x,0,0,11174,0.03115963246468956,358605
20260625,sae_topk_8x,0,1,11192,0.031209826968391405,358605
20260625,sae_topk_8x,0,2,11557,0.03222765996012326,358605
20260625,sae_topk_8x,0,3,11543,0.032188619790577376,358605
20260625,sae_topk_8x,0,4,10540,0.029391670500969032,358605
20260625,sae_topk_8x,0,5,11501,0.03207149928193974,358605
20260625,sae_topk_8x,0,6,10562,0.029453019338826842,358605
20260625,sae_topk_8x,0,7,11502,0.03207428786547873,358605
20260625,sae_topk_8x,0,8,11170,0.031148478130533595,358605
20260625,sae_topk_8x,0,9,11250,0.03137156481365291,358605
20260625,sae_topk_8x,0,10,11571,0.03226670012966913,358605
20260625,sae_topk_8x,0,11,11537,0.03217188828934343,358605
20260625,sae_topk_8x,0,12,10549,0.029416767752819956,358605
20260625,sae_topk_8x,0,13,11568,0.03225833437905216,358605
20260625,sae_topk_8x,0,14,10546,0.02940840200220298,358605
20260625,sae_topk_8x,0,15,11571,0.03226670012966913,358605
20260625,sae_topk_8x,0,16,11205,0.031246078554398295,358605
20260625,sae_topk_8x,0,17,11223,0.031296273058100135,358605
20260625,sae_topk_8x,0,18,11539,0.03217746545642141,358605
20260625,sae_topk_8x,0,19,11591,0.03232247180044896,358605
20260625,sae_topk_8x,0,20,10580,0.029503213842528686,358605
20260625,sae_topk_8x,0,21,11572,0.03226948871320812,358605
20260625,sae_topk_8x,0,22,10539,0.02938888191743004,358605
20260625,sae_topk_8x,0,23,11547,0.03219977412473334,358605
20260625,sae_topk_8x,0,24,11181,0.0311791525494625,358605
20260625,sae_topk_8x,0,25,11171,0.031151266714072586,358605
20260625,sae_topk_8x,0,26,11238,0.03133810181118501,358605
20260625,sae_topk_8x,0,27,11172,0.031154055297611578,358605
20260625,sae_topk_8x,0,28,11120,0.03100904895358403,358605
20260625,sae_topk_8x,0,29,11199,0.031229347053164346,358605
20260625,sae_topk_8x,0,30,11208,0.03125444430501527,358605
20260625,sae_topk_8x,0,31,11187,0.031195884050696447,358605
20260625,sae_topk_8x,1,0,399,0.030612244897959183,13034
20260625,sae_topk_8x,1,1,374,0.02869418444069357,13034
20260625,sae_topk_8x,1,2,247,0.018950437317784258,13034
20260625,sae_topk_8x,1,3,271,0.020791775356759246,13034
20260625,sae_topk_8x,1,4,1281,0.09828141783029001,13034
20260625,sae_topk_8x,1,5,271,0.020791775356759246,13034
20260625,sae_topk_8x,1,6,253,0.019410771827528005,13034
20260625,sae_topk_8x,1,7,279,0.02140555470308424,13034
20260625,sae_topk_8x,1,8,392,0.03007518796992481,13034
20260625,sae_topk_8x,1,9,356,0.02731318091146233,13034
20260625,sae_topk_8x,1,10,262,0.020101273592143625,13034
20260625,sae_topk_8x,1,11,273,0.020945220193340493,13034
20260625,sae_topk_8x,1,12,1275,0.09782108332054626,13034
20260625,sae_topk_8x,1,13,271,0.020791775356759246,13034
20260625,sae_topk_8x,1,14,248,0.01902715973607488,13034
20260625,sae_topk_8x,1,15,233,0.017876323461715513,13034
20260625,sae_topk_8x,1,16,377,0.028924351695565443,13034
20260625,sae_topk_8x,1,17,376,0.02884762927727482,13034
20260625,sae_topk_8x,1,18,247,0.018950437317784258,13034
20260625,sae_topk_8x,1,19,233,0.017876323461715513,13034
20260625,sae_topk_8x,1,20,1267,0.09720730397422127,13034
20260625,sae_topk_8x,1,21,270,0.02071505293846862,13034
20260625,sae_topk_8x,1,22,232,0.01779960104342489,13034
20260625,sae_topk_8x,1,23,258,0.019794383918981126,13034
20260625,sae_topk_8x,1,24,404,0.030995856989412308,13034
20260625,sae_topk_8x,1,25,365,0.02800368267607795,13034
20260625,sae_topk_8x,1,26,359,0.027543348166334202,13034
20260625,sae_topk_8x,1,27,396,0.03038207764308731,13034
20260625,sae_topk_8x,1,28,393,0.030151910388215436,13034
20260625,sae_topk_8x,1,29,386,0.029614853460181063,13034
20260625,sae_topk_8x,1,30,401,0.030765689734540434,13034
20260625,sae_topk_8x,1,31,385,0.02953813104189044,13034
20260625,sae_topk_8x,2,0,715,0.03863820589029992,18505
20260625,sae_topk_8x,2,1,722,0.03901648203188327,18505
20260625,sae_topk_8x,2,2,484,0.026155093218049177,18505
20260625,sae_topk_8x,2,3,474,0.02561469873007295,18505
20260625,sae_topk_8x,2,4,467,0.0252364225884896,18505
20260625,sae_topk_8x,2,5,516,0.027884355579573087,18505
20260625,sae_topk_8x,2,6,449,0.024263712510132398,18505
20260625,sae_topk_8x,2,7,507,0.02739800054039449,18505
20260625,sae_topk_8x,2,8,726,0.03923263982707376,18505
20260625,sae_topk_8x,2,9,682,0.036854904079978386,18505
20260625,sae_topk_8x,2,10,455,0.02458794920291813,18505
20260625,sae_topk_8x,2,11,478,0.025830856525263443,18505
20260625,sae_topk_8x,2,12,464,0.02507430424209673,18505
20260625,sae_topk_8x,2,13,449,0.024263712510132398,18505
20260625,sae_topk_8x,2,14,470,0.025398540934882464,18505
20260625,sae_topk_8x,2,15,484,0.026155093218049177,18505
20260625,sae_topk_8x,2,16,706,0.03815185085112132,18505
20260625,sae_topk_8x,2,17,689,0.03723318022156174,18505
20260625,sae_topk_8x,2,18,502,0.027127803296406378,18505
20260625,sae_topk_8x,2,19,464,0.02507430424209673,18505
20260625,sae_topk_8x,2,20,441,0.02383139691975142,18505
20260625,sae_topk_8x,2,21,446,0.02410159416373953,18505
20260625,sae_topk_8x,2,22,493,0.026641448257227775,18505
20260625,sae_topk_8x,2,23,483,0.026101053769251554,18505
20260625,sae_topk_8x,2,24,703,0.03798973250472845,18505
20260625,sae_topk_8x,2,25,752,0.040637665495811943,18505
20260625,sae_topk_8x,2,26,691,0.037341259119156985,18505
20260625,sae_topk_8x,2,27,720,0.03890840313428803,18505
20260625,sae_topk_8x,2,28,775,0.041880572818157255,18505
20260625,sae_topk_8x,2,29,703,0.03798973250472845,18505
20260625,sae_topk_8x,2,30,679,0.03669278573358552,18505
20260625,sae_topk_8x,2,31,716,0.03869224533909754,18505
20260625,sae_topk_8x,3,6,1024,0.3333333333333333,3072
20260625,sae_topk_8x,3,14,1024,0.3333333333333333,3072
20260625,sae_topk_8x,3,22,1024,0.3333333333333333,3072
20260627,all_position,0,0,4529,0.03395027023785429,133401
20260627,all_position,0,1,4534,0.03398775121625775,133401
20260627,all_position,0,2,4038,0.030269638158634492,133401
20260627,all_position,0,3,4034,0.030239653375911724,133401
20260627,all_position,0,4,4053,0.030382081093844875,133401
20260627,all_position,0,5,4016,0.03010472185365927,133401
20260627,all_position,0,6,4085,0.030621959355627018,133401
20260627,all_position,0,7,2942,0.022053807692596007,133401
20260627,all_position,0,8,4420,0.03313318490865885,133401
20260627,all_position,0,9,4544,0.03406271317306467,133401
20260627,all_position,0,10,4116,0.030854341421728472,133401
20260627,all_position,0,11,4021,0.030142202832062728,133401
20260627,all_position,0,12,4015,0.030097225657978576,133401
20260627,all_position,0,13,4046,0.03032960772408003,133401
20260627,all_position,0,14,4091,0.030666936529711173,133401
20260627,all_position,0,15,3095,0.02320072563174189,133401
20260627,all_position,0,16,4595,0.03444501915277996,133401
20260627,all_position,0,17,4601,0.034489996326864114,133401
20260627,all_position,0,18,4053,0.030382081093844875,133401
20260627,all_position,0,19,4028,0.030194676201827572,133401
20260627,all_position,0,20,4067,0.030487027833374564,133401
20260627,all_position,0,21,4008,0.03004475228821373,133401
20260627,all_position,0,22,4074,0.030539501203139408,133401
20260627,all_position,0,23,3056,0.022908374000194902,133401
20260627,all_position,0,24,4492,0.033672910997668684,133401
20260627,all_position,0,25,4488,0.03364292621494591,133401
20260627,all_position,0,26,4503,0.0337553691501563,133401
20260627,all_position,0,27,4605,0.034519981109586886,133401
20260627,all_position,0,28,4529,0.03395027023785429,133401
20260627,all_position,0,29,4638,0.03476735556704972,133401
20260627,all_position,0,30,4576,0.03430259143484682,133401
20260627,all_position,0,31,4509,0.03380034632424045,133401
20260627,all_position,1,0,3400,0.03552657701430467,95703
20260627,all_position,1,1,3263,0.03409506494049298,95703
20260627,all_position,1,2,2146,0.02242353949196995,95703
20260627,all_position,1,3,2127,0.02222500862041942,95703
20260627,all_position,1,4,3213,0.03357261527851792,95703
20260627,all_position,1,5,3245,0.033906983062181956,95703
20260627,all_position,1,6,4208,0.04396936355182178,95703
20260627,all_position,1,7,2127,0.02222500862041942,95703
20260627,all_position,1,8,3291,0.03438763675119902,95703
20260627,all_position,1,9,3170,0.033123308569219356,95703
20260627,all_position,1,10,2102,0.02196378378943189,95703
20260627,all_position,1,11,2125,0.02220411063394042,95703
20260627,all_position,1,12,3172,0.03314420655569836,95703
20260627,all_position,1,13,3184,0.033269594474572374,95703
20260627,all_position,1,14,4206,0.04394846556534278,95703
20260627,all_position,1,15,2079,0.021723456944923357,95703
20260627,all_position,1,16,3134,0.03274714481259731,95703
20260627,all_position,1,17,3104,0.032433675015412264,95703
20260627,all_position,1,18,2136,0.022319049559574936,95703
20260627,all_position,1,19,2165,0.022622070363520475,95703
20260627,all_position,1,20,3147,0.032882981724710825,95703
20260627,all_position,1,21,3181,0.03323824749485387,95703
20260627,all_position,1,22,4205,0.04393801657210328,95703
20260627,all_position,1,23,2188,0.022862397208029007,95703
20260627,all_position,1,24,3200,0.0334367783664044,95703
20260627,all_position,1,25,3141,0.03282028776527381,95703
20260627,all_position,1,26,3224,0.03368755420415243,95703
20260627,all_position,1,27,3127,0.032674001859920795,95703
20260627,all_position,1,28,3175,0.03317555353541686,95703
20260627,all_position,1,29,3118,0.03257996092076528,95703
20260627,all_position,1,30,3154,0.03295612467738734,95703
20260627,all_position,1,31,3246,0.03391743205542146,95703
20260627,all_position,2,0,2196,0.02740273029024932,80138
20260627,all_position,2,1,2223,0.02773964910529337,80138
20260627,all_position,2,2,2539,0.03168284708877187,80138
20260627,all_position,2,3,4573,0.057064064488756894,80138
20260627,all_position,2,4,2494,0.03112131573036512,80138
20260627,all_position,2,5,2504,0.03124610047667773,80138
20260627,all_position,2,6,1467,0.018305922284059997,80138
20260627,all_position,2,7,2534,0.031620454715615566,80138
20260627,all_position,2,8,2318,0.02892510419526317,80138
20260627,all_position,2,9,2308,0.02880031944895056,80138
20260627,all_position,2,10,2512,0.03134592827372782,80138
20260627,all_position,2,11,4591,0.057288677032119595,80138
20260627,all_position,2,12,2494,0.03112131573036512,80138
20260627,all_position,2,13,2558,0.03191993810676583,80138
20260627,all_position,2,14,1449,0.018081309740697295,80138
20260627,all_position,2,15,2553,0.03185754573360952,80138
20260627,all_position,2,16,2316,0.028900147246000648,80138
20260627,all_position,2,17,2285,0.028513314532431555,80138
20260627,all_position,2,18,2557,0.031907459632134566,80138
20260627,all_position,2,19,4595,0.05733859093064464,80138
20260627,all_position,2,20,2529,0.03155806234245926,80138
20260627,all_position,2,21,2538,0.03167036861414061,80138
20260627,all_position,2,22,1524,0.019017195338041876,80138
20260627,all_position,2,23,2492,0.031096358781102597,80138
20260627,all_position,2,24,2266,0.028276223514437596,80138
20260627,all_position,2,25,2240,0.027951783174024806,80138
20260627,all_position,2,26,2163,0.026990940627417706,80138
20260627,all_position,2,27,2277,0.028413486735381466,80138
20260627,all_position,2,28,2264,0.028251266565175074,80138
20260627,all_position,2,29,2265,0.028263745039806335,80138
20260627,all_position,2,30,2271,0.028338615887593902,80138
20260627,all_position,2,31,2243,0.02798921859791859,80138
20260627,all_position,3,0,2163,0.02575797270583752,83974
20260627,all_position,3,1,2268,0.027008359730392742,83974
20260627,all_position,3,2,3565,0.04245361659561293,83974
20260627,all_position,3,3,1554,0.01850572796341725,83974
20260627,all_position,3,4,2528,0.030104556172148522,83974
20260627,all_position,3,5,2523,0.030045013932883988,83974
20260627,all_position,3,6,2528,0.030104556172148522,83974
20260627,all_position,3,7,4685,0.0557910781908686,83974
20260627,all_position,3,8,2259,0.02690118369971658,83974
20260627,all_position,3,9,2266,0.026984542834686927,83974
20260627,all_position,3,10,3558,0.04237025746064258,83974
20260627,all_position,3,11,1551,0.01847000261985853,83974
20260627,all_position,3,12,2607,0.031045323552528162,83974
20260627,all_position,3,13,2500,0.02977111963226713,83974
20260627,all_position,3,14,2542,0.030271274442089217,83974
20260627,all_position,3,15,4561,0.05431443065710815,83974
20260627,all_position,3,16,2243,0.02671064853407007,83974
20260627,all_position,3,17,2298,0.027365613165979946,83974
20260627,all_position,3,18,3542,0.04217972229499607,83974
20260627,all_position,3,19,1500,0.017862671779360278,83974
20260627,all_position,3,20,2545,0.03030699978564794,83974
20260627,all_position,3,21,2561,0.03049753495129445,83974
20260627,all_position,3,22,2485,0.029592492914473526,83974
20260627,all_position,3,23,4552,0.05420725462643199,83974
20260627,all_position,3,24,2330,0.027746683497272967,83974
20260627,all_position,3,25,2419,0.028806535356181676,83974
20260627,all_position,3,26,2398,0.028556457951270632,83974
20260627,all_position,3,27,2279,0.027139352656774716,83974
20260627,all_position,3,28,2320,0.027627599018743898,83974
20260627,all_position,3,29,2267,0.026996451282539833,83974
20260627,all_position,3,30,2287,0.02723462023959797,83974
20260627,all_position,3,31,2290,0.02727034558315669,83974
20260627,route_only,0,5,1024,0.3333333333333333,3072
20260627,route_only,0,13,1024,0.3333333333333333,3072
20260627,route_only,0,21,1024,0.3333333333333333,3072
20260627,route_only,1,5,1024,0.3333333333333333,3072
20260627,route_only,1,13,1024,0.3333333333333333,3072
20260627,route_only,1,21,1024,0.3333333333333333,3072
20260627,route_only,2,5,1024,0.3333333333333333,3072
20260627,route_only,2,13,1024,0.3333333333333333,3072
20260627,route_only,2,21,1024,0.3333333333333333,3072
20260627,route_only,3,5,1024,0.3333333333333333,3072
20260627,route_only,3,13,1024,0.3333333333333333,3072
20260627,route_only,3,21,1024,0.3333333333333333,3072
20260627,slot_offset_3,0,5,1024,0.3333333333333333,3072
20260627,slot_offset_3,0,13,1024,0.3333333333333333,3072
20260627,slot_offset_3,0,21,1024,0.3333333333333333,3072
20260627,slot_offset_3,1,5,1024,0.3333333333333333,3072
20260627,slot_offset_3,1,13,1024,0.3333333333333333,3072
20260627,slot_offset_3,1,21,1024,0.3333333333333333,3072
20260627,slot_offset_3,2,5,1024,0.3333333333333333,3072
20260627,slot_offset_3,2,13,1024,0.3333333333333333,3072
20260627,slot_offset_3,2,21,1024,0.3333333333333333,3072
20260627,slot_offset_3,3,5,1024,0.3333333333333333,3072
20260627,slot_offset_3,3,13,1024,0.3333333333333333,3072
20260627,slot_offset_3,3,21,1024,0.3333333333333333,3072
20260627,selector_stability_top1_position,0,2,2048,1.0,2048
20260627,selector_stability_top1_position,1,2,1024,1.0,1024
20260627,selector_stability_top1_position,2,2,8192,1.0,8192
20260627,selector_stability_top1_position,3,2,1024,1.0,1024
20260627,selector_stability_top3_positions,0,2,8192,0.3076923076923077,26624
20260627,selector_stability_top3_positions,0,10,8192,0.3076923076923077,26624
20260627,selector_stability_top3_positions,0,11,10240,0.38461538461538464,26624
20260627,selector_stability_top3_positions,1,2,2048,0.5,4096
20260627,selector_stability_top3_positions,1,10,2048,0.5,4096
20260627,selector_stability_top3_positions,2,2,1024,0.25,4096
20260627,selector_stability_top3_positions,2,10,1024,0.25,4096
20260627,selector_stability_top3_positions,2,11,2048,0.5,4096
20260627,selector_stability_top3_positions,3,2,1024,0.5,2048
20260627,selector_stability_top3_positions,3,10,1024,0.5,2048
20260627,selector_stability_threshold_positions,0,2,2048,0.2,10240
20260627,selector_stability_threshold_positions,0,10,2048,0.2,10240
20260627,selector_stability_threshold_positions,0,11,2048,0.2,10240
20260627,selector_stability_threshold_positions,0,18,2048,0.2,10240
20260627,selector_stability_threshold_positions,0,19,2048,0.2,10240
20260627,selector_stability_threshold_positions,1,2,1024,0.3333333333333333,3072
20260627,selector_stability_threshold_positions,1,10,1024,0.3333333333333333,3072
20260627,selector_stability_threshold_positions,1,18,1024,0.3333333333333333,3072
20260627,selector_stability_threshold_positions,2,2,1024,0.3333333333333333,3072
20260627,selector_stability_threshold_positions,2,10,1024,0.3333333333333333,3072
20260627,selector_stability_threshold_positions,2,18,1024,0.3333333333333333,3072
20260627,selector_stability_threshold_positions,3,2,8192,0.14285714285714285,57344
20260627,selector_stability_threshold_positions,3,10,8192,0.14285714285714285,57344
20260627,selector_stability_threshold_positions,3,11,10240,0.17857142857142858,57344
20260627,selector_stability_threshold_positions,3,15,12288,0.21428571428571427,57344
20260627,selector_stability_threshold_positions,3,18,8192,0.14285714285714285,57344
20260627,selector_stability_threshold_positions,3,19,10240,0.17857142857142858,57344
20260627,pca_q4,0,0,2984,0.028935476989314042,103126
20260627,pca_q4,0,1,3014,0.02922638325931385,103126
20260627,pca_q4,0,2,4067,0.03943719333630704,103126
20260627,pca_q4,0,3,2030,0.01968465760332021,103126
20260627,pca_q4,0,4,3063,0.029701530166980197,103126
20260627,pca_q4,0,5,3052,0.029594864534646936,103126
20260627,pca_q4,0,6,2071,0.02008222950565328,103126
20260627,pca_q4,0,7,5164,0.05007466594263328,103126
20260627,pca_q4,0,8,3149,0.030535461474312978,103126
20260627,pca_q4,0,9,3205,0.031078486511645947,103126
20260627,pca_q4,0,10,4153,0.04027112464363982,103126
20260627,pca_q4,0,11,2162,0.020964645191319357,103126
20260627,pca_q4,0,12,3130,0.03035122083664643,103126
20260627,pca_q4,0,13,3104,0.030099102069313266,103126
20260627,pca_q4,0,14,2041,0.019791323235653472,103126
20260627,pca_q4,0,15,5192,0.05034617846129977,103126
20260627,pca_q4,0,16,3119,0.03024455520431317,103126
20260627,pca_q4,0,17,3166,0.0307003083606462,103126
20260627,pca_q4,0,18,4202,0.04074627155130617,103126
20260627,pca_q4,0,19,2077,0.02014041075965324,103126
20260627,pca_q4,0,20,3104,0.030099102069313266,103126
20260627,pca_q4,0,21,3176,0.030797277117312803,103126
20260627,pca_q4,0,22,2044,0.019820413862653454,103126
20260627,pca_q4,0,23,5125,0.049696487791633534,103126
20260627,pca_q4,0,24,3212,0.03114636464131257,103126
20260627,pca_q4,0,25,3203,0.03105909276031263,103126
20260627,pca_q4,0,26,3250,0.031514845916645655,103126
20260627,pca_q4,0,27,3204,0.031068789635979286,103126
20260627,pca_q4,0,28,3191,0.030942730252312704,103126
20260627,pca_q4,0,29,3238,0.03139848340864573,103126
20260627,pca_q4,0,30,3096,0.030021527063979987,103126
20260627,pca_q4,0,31,3138,0.030428795841979713,103126
20260627,pca_q4,1,0,3956,0.03521139296840231,112350
20260627,pca_q4,1,1,3896,0.03467734757454383,112350
20260627,pca_q4,1,2,3565,0.0317311971517579,112350
20260627,pca_q4,1,3,4621,0.041130396083667115,112350
20260627,pca_q4,1,4,3535,0.03146417445482866,112350
20260627,pca_q4,1,5,2562,0.02280373831775701,112350
20260627,pca_q4,1,6,3578,0.0318469069870939,112350
20260627,pca_q4,1,7,2415,0.02149532710280374,112350
20260627,pca_q4,1,8,3679,0.03274588340008901,112350
20260627,pca_q4,1,9,3734,0.033235425011125946,112350
20260627,pca_q4,1,10,3476,0.03093902981753449,112350
20260627,pca_q4,1,11,4494,0.04,112350
20260627,pca_q4,1,12,3510,0.03124165554072096,112350
20260627,pca_q4,1,13,2427,0.021602136181575433,112350
20260627,pca_q4,1,14,3478,0.030956831330663105,112350
20260627,pca_q4,1,15,2480,0.022073876279483755,112350
20260627,pca_q4,1,16,3683,0.03278148642634624,112350
20260627,pca_q4,1,17,3726,0.033164218958611484,112350
20260627,pca_q4,1,18,3456,0.030761014686248332,112350
20260627,pca_q4,1,19,4481,0.039884290164663994,112350
20260627,pca_q4,1,20,3454,0.030743213173119715,112350
20260627,pca_q4,1,21,2461,0.021904761904761906,112350
20260627,pca_q4,1,22,3522,0.03134846461949266,112350
20260627,pca_q4,1,23,2467,0.02195816644414775,112350
20260627,pca_q4,1,24,3742,0.03330663106364041,112350
20260627,pca_q4,1,25,3702,0.03295060080106809,112350
20260627,pca_q4,1,26,3680,0.03275478415665332,112350
20260627,pca_q4,1,27,3752,0.03339563862928349,112350
20260627,pca_q4,1,28,3692,0.032861593235425014,112350
20260627,pca_q4,1,29,3733,0.033226524254561636,112350
20260627,pca_q4,1,30,3721,0.03311971517578994,112350
20260627,pca_q4,1,31,3672,0.032683578104138855,112350
20260627,pca_q4,2,0,3497,0.03358011887957441,104139
20260627,pca_q4,2,1,3535,0.03394501579619547,104139
20260627,pca_q4,2,2,2336,0.02243155782175746,104139
20260627,pca_q4,2,3,3280,0.031496365434659446,104139
20260627,pca_q4,2,4,2341,0.022479570573944438,104139
20260627,pca_q4,2,5,4390,0.0421551964201692,104139
20260627,pca_q4,2,6,4308,0.04136778728430271,104139
20260627,pca_q4,2,7,2353,0.022594801179193193,104139
20260627,pca_q4,2,8,3438,0.03301356840376804,104139
20260627,pca_q4,2,9,3333,0.032005300607841444,104139
20260627,pca_q4,2,10,2289,0.021980237951199837,104139
20260627,pca_q4,2,11,3279,0.03148676288422205,104139
20260627,pca_q4,2,12,2255,0.02165375123632837,104139
20260627,pca_q4,2,13,4375,0.04201115816360825,104139
20260627,pca_q4,2,14,4354,0.04180950460442293,104139
20260627,pca_q4,2,15,2263,0.02173057163982754,104139
20260627,pca_q4,2,16,3390,0.03255264598277303,104139
20260627,pca_q4,2,17,3340,0.03207251846090321,104139
20260627,pca_q4,2,18,2244,0.021548123181517012,104139
20260627,pca_q4,2,19,3302,0.03170762154428216,104139
20260627,pca_q4,2,20,2325,0.0223259297669461,104139
20260627,pca_q4,2,21,4306,0.04134858218342792,104139
20260627,pca_q4,2,22,4326,0.041540633192175845,104139
20260627,pca_q4,2,23,2331,0.02238354506957048,104139
20260627,pca_q4,2,24,3293,0.031621198590345595,104139
20260627,pca_q4,2,25,3325,0.031928480204342274,104139
20260627,pca_q4,2,26,3363,0.03229337712096333,104139
20260627,pca_q4,2,27,3305,0.03173642919559435,104139
20260627,pca_q4,2,28,3402,0.032667876588021776,104139
20260627,pca_q4,2,29,3338,0.032053313360028424,104139
20260627,pca_q4,2,30,3401,0.03265827403758438,104139
20260627,pca_q4,2,31,3522,0.033820182640509316,104139
20260627,pca_q4,3,0,1851,0.025149114821809485,73601
20260627,pca_q4,3,1,1843,0.02504042064645861,73601
20260627,pca_q4,3,2,2320,0.03152131085175473,73601
20260627,pca_q4,3,3,2357,0.03202402141275255,73601
20260627,pca_q4,3,4,3349,0.045502099156261466,73601
20260627,pca_q4,3,5,2284,0.03103218706267578,73601
20260627,pca_q4,3,6,2331,0.03167076534286219,73601
20260627,pca_q4,3,7,2356,0.03201043464083368,73601
20260627,pca_q4,3,8,2022,0.02747245281993451,73601
20260627,pca_q4,3,9,2016,0.027390932188421355,73601
20260627,pca_q4,3,10,2370,0.032200649447697724,73601
20260627,pca_q4,3,11,2353,0.03196967432507711,73601
20260627,pca_q4,3,12,3393,0.046099917120691294,73601
20260627,pca_q4,3,13,2382,0.032363690710724036,73601
20260627,pca_q4,3,14,2415,0.03281205418404641,73601
20260627,pca_q4,3,15,2353,0.03196967432507711,73601
20260627,pca_q4,3,16,2096,0.028477873941930135,73601
20260627,pca_q4,3,17,2056,0.027934403065175743,73601
20260627,pca_q4,3,18,2386,0.032418037798399475,73601
20260627,pca_q4,3,19,2428,0.03298868221899159,73601
20260627,pca_q4,3,20,3405,0.04626295838371761,73601
20260627,pca_q4,3,21,2345,0.03186098014972623,73601
20260627,pca_q4,3,22,2396,0.03255390551758808,73601
20260627,pca_q4,3,23,2365,0.03213271558810342,73601
20260627,pca_q4,3,24,2041,0.027730601486392847,73601
20260627,pca_q4,3,25,2058,0.027961576609013463,73601
20260627,pca_q4,3,26,1995,0.0271056099781253,73601
20260627,pca_q4,3,27,2027,0.02754038667952881,73601
20260627,pca_q4,3,28,2003,0.027214304153476174,73601
20260627,pca_q4,3,29,1979,0.02688822162742354,73601
20260627,pca_q4,3,30,2070,0.02812461787203978,73601
20260627,pca_q4,3,31,1956,0.026575725873289765,73601
20260627,pca_q8,0,0,3755,0.034104739241793976,110102
20260627,pca_q8,0,1,3775,0.03428638898475959,110102
20260627,pca_q8,0,2,2537,0.023042269895188098,110102
20260627,pca_q8,0,3,3474,0.0315525603531271,110102
20260627,pca_q8,0,4,2541,0.02307859984378122,110102
20260627,pca_q8,0,5,4549,0.041316234037528834,110102
20260627,pca_q8,0,6,4463,0.0405351401427767,110102
20260627,pca_q8,0,7,2494,0.02265172294781203,110102
20260627,pca_q8,0,8,3685,0.03346896514141433,110102
20260627,pca_q8,0,9,3632,0.03298759332255545,110102
20260627,pca_q8,0,10,2450,0.02225209351328768,110102
20260627,pca_q8,0,11,3440,0.031243755790085558,110102
20260627,pca_q8,0,12,2438,0.02214310366750831,110102
20260627,pca_q8,0,13,4529,0.04113458429456322,110102
20260627,pca_q8,0,14,4509,0.04095293455159761,110102
20260627,pca_q8,0,15,2375,0.021570906977166626,110102
20260627,pca_q8,0,16,3589,0.03259704637517938,110102
20260627,pca_q8,0,17,3564,0.032369984196472364,110102
20260627,pca_q8,0,18,2353,0.021371092259904453,110102
20260627,pca_q8,0,19,3445,0.03128916822582696,110102
20260627,pca_q8,0,20,2424,0.02201594884743238,110102
20260627,pca_q8,0,21,4462,0.04052605765562842,110102
20260627,pca_q8,0,22,4437,0.0402989954769214,110102
20260627,pca_q8,0,23,2475,0.022479155691994695,110102
20260627,pca_q8,0,24,3530,0.03206117963343082,110102
20260627,pca_q8,0,25,3604,0.03273328368240359,110102
20260627,pca_q8,0,26,3532,0.03207934460772738,110102
20260627,pca_q8,0,27,3548,0.032224664402099874,110102
20260627,pca_q8,0,28,3660,0.033241902962707306,110102
20260627,pca_q8,0,29,3519,0.03196127227479973,110102
20260627,pca_q8,0,30,3580,0.03251530399084485,110102
20260627,pca_q8,0,31,3734,0.03391400701168008,110102
20260627,pca_q8,1,0,4133,0.033774617961918774,122370
20260627,pca_q8,1,1,4077,0.03331698945820054,122370
20260627,pca_q8,1,2,3707,0.030293372558633652,122370
20260627,pca_q8,1,3,4804,0.039257988068971156,122370
20260627,pca_q8,1,4,4712,0.03850616981286263,122370
20260627,pca_q8,1,5,2757,0.022530031870556508,122370
20260627,pca_q8,1,6,3744,0.030595734248590342,122370
20260627,pca_q8,1,7,2635,0.021533055487456074,122370
20260627,pca_q8,1,8,3978,0.032507967639127236,122370
20260627,pca_q8,1,9,4016,0.03281850126665032,122370
20260627,pca_q8,1,10,3640,0.029745852741685053,122370
20260627,pca_q8,1,11,4709,0.038481654000163436,122370
20260627,pca_q8,1,12,4709,0.038481654000163436,122370
20260627,pca_q8,1,13,2602,0.021263381547764974,122370
20260627,pca_q8,1,14,3649,0.029819400179782626,122370
20260627,pca_q8,1,15,2680,0.02190079267794394,122370
20260627,pca_q8,1,16,4018,0.032834845141783114,122370
20260627,pca_q8,1,17,3989,0.0325978589523576,122370
20260627,pca_q8,1,18,3676,0.030040042494075346,122370
20260627,pca_q8,1,19,4669,0.03815477649750756,122370
20260627,pca_q8,1,20,4668,0.038146604559941164,122370
20260627,pca_q8,1,21,2653,0.021680150363651222,122370
20260627,pca_q8,1,22,3702,0.030252512870801666,122370
20260627,pca_q8,1,23,2658,0.021721010051483206,122370
20260627,pca_q8,1,24,4023,0.032875704829615104,122370
20260627,pca_q8,1,25,3947,0.03225463757456893,122370
20260627,pca_q8,1,26,4014,0.03280215739151753,122370
20260627,pca_q8,1,27,4024,0.0328838767671815,122370
20260627,pca_q8,1,28,3927,0.03209119882324099,122370
20260627,pca_q8,1,29,4021,0.03285936095448231,122370
20260627,pca_q8,1,30,3920,0.03203399526027621,122370
20260627,pca_q8,1,31,3909,0.031944103947045846,122370
20260627,pca_q8,2,0,2399,0.0289657337422424,82822
20260627,pca_q8,2,1,2461,0.02971432711115404,82822
20260627,pca_q8,2,2,4640,0.05602376180241965,82822
20260627,pca_q8,2,3,1635,0.019741131583395716,82822
20260627,pca_q8,2,4,1594,0.019246094032986404,82822
20260627,pca_q8,2,5,1653,0.019958465142112,82822
20260627,pca_q8,2,6,2705,0.03266040424041921,82822
20260627,pca_q8,2,7,3693,0.044589601796624086,82822
20260627,pca_q8,2,8,2423,0.029255511820530777,82822
20260627,pca_q8,2,9,2471,0.02983506797710753,82822
20260627,pca_q8,2,10,4743,0.0572673927217406,82822
20260627,pca_q8,2,11,1686,0.02035690999975852,82822
20260627,pca_q8,2,12,1657,0.020006761488493396,82822
20260627,pca_q8,2,13,1647,0.019886020622539906,82822
20260627,pca_q8,2,14,2651,0.032008403564270364,82822
20260627,pca_q8,2,15,3700,0.04467412040279153,82822
20260627,pca_q8,2,16,2419,0.02920721547414938,82822
20260627,pca_q8,2,17,2533,0.030583661346019173,82822
20260627,pca_q8,2,18,4750,0.057351911327908046,82822
20260627,pca_q8,2,19,1661,0.020055057834874792,82822
20260627,pca_q8,2,20,1648,0.019898094709135256,82822
20260627,pca_q8,2,21,1681,0.020296539566781773,82822
20260627,pca_q8,2,22,2685,0.03241892250851223,82822
20260627,pca_q8,2,23,3679,0.044420564584289196,82822
20260627,pca_q8,2,24,2528,0.030523290913042428,82822
20260627,pca_q8,2,25,2498,0.030161068315181956,82822
20260627,pca_q8,2,26,2549,0.03077684673154476,82822
20260627,pca_q8,2,27,2524,0.030474994566661032,82822
20260627,pca_q8,2,28,2502,0.03020936466156335,82822
20260627,pca_q8,2,29,2477,0.029907512496679625,82822
20260627,pca_q8,2,30,2487,0.030028253362633116,82822
20260627,pca_q8,2,31,2443,0.029496993552437758,82822
20260627,pca_q8,3,0,2001,0.02567952567952568,77922
20260627,pca_q8,3,1,1975,0.025345858679192014,77922
20260627,pca_q8,3,2,1404,0.018018018018018018,77922
20260627,pca_q8,3,3,2375,0.030479197145863814,77922
20260627,pca_q8,3,4,3441,0.04415954415954416,77922
20260627,pca_q8,3,5,3329,0.04272220938887605,77922
20260627,pca_q8,3,6,1376,0.017658684325350994,77922
20260627,pca_q8,3,7,3466,0.04448037781371115,77922
20260627,pca_q8,3,8,2202,0.02825902825902826,77922
20260627,pca_q8,3,9,2169,0.027835527835527837,77922
20260627,pca_q8,3,10,1455,0.018672518672518672,77922
20260627,pca_q8,3,11,2453,0.03148019814686481,77922
20260627,pca_q8,3,12,3484,0.044711378044711377,77922
20260627,pca_q8,3,13,3510,0.04504504504504504,77922
20260627,pca_q8,3,14,1479,0.01898051898051898,77922
20260627,pca_q8,3,15,3533,0.045340212006878676,77922
20260627,pca_q8,3,16,2262,0.02902902902902903,77922
20260627,pca_q8,3,17,2202,0.02825902825902826,77922
20260627,pca_q8,3,18,1509,0.019365519365519366,77922
20260627,pca_q8,3,19,2513,0.032250198916865584,77922
20260627,pca_q8,3,20,3548,0.045532712199378864,77922
20260627,pca_q8,3,21,3492,0.044814044814044815,77922
20260627,pca_q8,3,22,1464,0.01878801878801879,77922
20260627,pca_q8,3,23,3476,0.044608711275377945,77922
20260627,pca_q8,3,24,2207,0.028323194989861657,77922
20260627,pca_q8,3,25,2239,0.0287338620671954,77922
20260627,pca_q8,3,26,2193,0.028143528143528145,77922
20260627,pca_q8,3,27,2192,0.028130694797361463,77922
20260627,pca_q8,3,28,2199,0.02822052822052822,77922
20260627,pca_q8,3,29,2271,0.029144529144529144,77922
20260627,pca_q8,3,30,2301,0.02952952952952953,77922
20260627,pca_q8,3,31,2202,0.02825902825902826,77922
20260627,pca_q16,0,0,3207,0.03344840893209149,95879
20260627,pca_q16,0,1,2960,0.030872245225753294,95879
20260627,pca_q16,0,2,2985,0.031132990540159992,95879
20260627,pca_q16,0,3,2944,0.030705368224533004,95879
20260627,pca_q16,0,4,3009,0.031383306041990425,95879
20260627,pca_q16,0,5,1978,0.020630169275858114,95879
20260627,pca_q16,0,6,4951,0.05163800206510289,95879
20260627,pca_q16,0,7,2015,0.02101607234118003,95879
20260627,pca_q16,0,8,2983,0.031112130915007457,95879
20260627,pca_q16,0,9,2996,0.031247718478498943,95879
20260627,pca_q16,0,10,3055,0.03186307742049875,95879
20260627,pca_q16,0,11,3001,0.03129986754138028,95879
20260627,pca_q16,0,12,3022,0.03151889360548191,95879
20260627,pca_q16,0,13,2054,0.021422835031654482,95879
20260627,pca_q16,0,14,5061,0.05278528144849237,95879
20260627,pca_q16,0,15,1957,0.020411143211756484,95879
20260627,pca_q16,0,16,2994,0.031226858853346404,95879
20260627,pca_q16,0,17,2963,0.030903534663482096,95879
20260627,pca_q16,0,18,3001,0.03129986754138028,95879
20260627,pca_q16,0,19,3022,0.03151889360548191,95879
20260627,pca_q16,0,20,3051,0.03182135817019368,95879
20260627,pca_q16,0,21,1959,0.020432002836909022,95879
20260627,pca_q16,0,22,5137,0.05357794720428874,95879
20260627,pca_q16,0,23,2077,0.021662720720908645,95879
20260627,pca_q16,0,24,2945,0.030715798037109273,95879
20260627,pca_q16,0,25,2943,0.030694938411956738,95879
20260627,pca_q16,0,26,2960,0.030872245225753294,95879
20260627,pca_q16,0,27,2915,0.030402903659821234,95879
20260627,pca_q16,0,28,2918,0.030434193097550036,95879
20260627,pca_q16,0,29,2925,0.03050720178558391,95879
20260627,pca_q16,0,30,2994,0.031226858853346404,95879
20260627,pca_q16,0,31,2897,0.03021516703344841,95879
20260627,pca_q16,1,0,1659,0.025189796538111146,65860
20260627,pca_q16,1,1,1592,0.024172487093835408,65860
20260627,pca_q16,1,2,1080,0.016398420892802915,65860
20260627,pca_q16,1,3,3092,0.04694807166717279,65860
20260627,pca_q16,1,4,3135,0.04760097175827513,65860
20260627,pca_q16,1,5,3037,0.04611296689948376,65860
20260627,pca_q16,1,6,1000,0.015183723048891588,65860
20260627,pca_q16,1,7,3085,0.04684178560583055,65860
20260627,pca_q16,1,8,1648,0.025022775584573338,65860
20260627,pca_q16,1,9,1625,0.024673549954448832,65860
20260627,pca_q16,1,10,1063,0.01614029760097176,65860
20260627,pca_q16,1,11,3047,0.04626480412997267,65860
20260627,pca_q16,1,12,3111,0.04723656240510173,65860
20260627,pca_q16,1,13,3122,0.04740358335863954,65860
20260627,pca_q16,1,14,1063,0.01614029760097176,65860
20260627,pca_q16,1,15,3135,0.04760097175827513,65860
20260627,pca_q16,1,16,1591,0.024157303370786518,65860
20260627,pca_q16,1,17,1606,0.02438505921651989,65860
20260627,pca_q16,1,18,1096,0.01664136046158518,65860
20260627,pca_q16,1,19,3129,0.04750986941998178,65860
20260627,pca_q16,1,20,3122,0.04740358335863954,65860
20260627,pca_q16,1,21,3128,0.04749468569693289,65860
20260627,pca_q16,1,22,1070,0.016246583662314,65860
20260627,pca_q16,1,23,3034,0.046067415730337076,65860
20260627,pca_q16,1,24,1562,0.02371697540236866,65860
20260627,pca_q16,1,25,1580,0.02399028241724871,65860
20260627,pca_q16,1,26,1538,0.023352566049195264,65860
20260627,pca_q16,1,27,1548,0.02350440327968418,65860
20260627,pca_q16,1,28,1562,0.02371697540236866,65860
20260627,pca_q16,1,29,1580,0.02399028241724871,65860
20260627,pca_q16,1,30,1570,0.023838445186759795,65860
20260627,pca_q16,1,31,1650,0.025053143030671122,65860
20260627,pca_q16,2,0,3692,0.03133646811183351,117818
20260627,pca_q16,2,1,3794,0.03220221018859597,117818
20260627,pca_q16,2,2,4613,0.0391536098049534,117818
20260627,pca_q16,2,3,2583,0.02192364494389652,117818
20260627,pca_q16,2,4,2558,0.021711453258415524,117818
20260627,pca_q16,2,5,4626,0.03926394948140352,117818
20260627,pca_q16,2,6,3617,0.030699893055390517,117818
20260627,pca_q16,2,7,3664,0.03109881342409479,117818
20260627,pca_q16,2,8,3723,0.03159958580182994,117818
20260627,pca_q16,2,9,3779,0.03207489517730737,117818
20260627,pca_q16,2,10,4555,0.03866132509463749,117818
20260627,pca_q16,2,11,2622,0.022254663973246873,117818
20260627,pca_q16,2,12,2510,0.02130404522229201,117818
20260627,pca_q16,2,13,4567,0.03876317710366837,117818
20260627,pca_q16,2,14,3583,0.030411312363136364,117818
20260627,pca_q16,2,15,3519,0.02986810164830501,117818
20260627,pca_q16,2,16,3760,0.031913629496341814,117818
20260627,pca_q16,2,17,3799,0.03224464852569217,117818
20260627,pca_q16,2,18,4592,0.03897536878914937,117818
20260627,pca_q16,2,19,2541,0.021567162912288444,117818
20260627,pca_q16,2,20,2564,0.02176237926293096,117818
20260627,pca_q16,2,21,4605,0.039085708465599486,117818
20260627,pca_q16,2,22,3471,0.0294606936121815,117818
20260627,pca_q16,2,23,3531,0.02996995365733589,117818
20260627,pca_q16,2,24,3849,0.03266903189665416,117818
20260627,pca_q16,2,25,3899,0.03309341526761615,117818
20260627,pca_q16,2,26,3885,0.032974587923746794,117818
20260627,pca_q16,2,27,3890,0.033017026260843,117818
20260627,pca_q16,2,28,3848,0.03266054422923492,117818
20260627,pca_q16,2,29,3939,0.03343292196438575,117818
20260627,pca_q16,2,30,3853,0.03270298256633112,117818
20260627,pca_q16,2,31,3787,0.03214279651666129,117818
20260627,pca_q16,3,0,3730,0.03281746276141793,113659
20260627,pca_q16,3,1,3942,0.034682691207911384,113659
20260627,pca_q16,3,2,3610,0.031761673074723516,113659
20260627,pca_q16,3,3,3669,0.0322807696706816,113659
20260627,pca_q16,3,4,3586,0.03155051513738463,113659
20260627,pca_q16,3,5,2647,0.02328896083900087,113659
20260627,pca_q16,3,6,2720,0.023931232898406637,113659
20260627,pca_q16,3,7,3524,0.031005023799259186,113659
20260627,pca_q16,3,8,3934,0.03461230522879842,113659
20260627,pca_q16,3,9,3888,0.0342075858488989,113659
20260627,pca_q16,3,10,3615,0.03180566431166912,113659
20260627,pca_q16,3,11,3618,0.03183205905383647,113659
20260627,pca_q16,3,12,3645,0.03206961173334272,113659
20260627,pca_q16,3,13,2545,0.022391539605310623,113659
20260627,pca_q16,3,14,2581,0.022708276511318945,113659
20260627,pca_q16,3,15,3677,0.03235115564979456,113659
20260627,pca_q16,3,16,3943,0.034691489455300505,113659
20260627,pca_q16,3,17,3920,0.03448912976535074,113659
20260627,pca_q16,3,18,3599,0.03166489235344319,113659
20260627,pca_q16,3,19,3596,0.03163849761127584,113659
20260627,pca_q16,3,20,3551,0.03124257647876543,113659
20260627,pca_q16,3,21,2596,0.022840250222155748,113659
20260627,pca_q16,3,22,2610,0.022963425685603427,113659
20260627,pca_q16,3,23,3646,0.03207840998073184,113659
20260627,pca_q16,3,24,3932,0.03459470873402018,113659
20260627,pca_q16,3,25,3866,0.03401402440633826,113659
20260627,pca_q16,3,26,3905,0.03435715605451394,113659
20260627,pca_q16,3,27,3935,0.03462110347618754,113659
20260627,pca_q16,3,28,3960,0.034841059660915545,113659
20260627,pca_q16,3,29,3844,0.033820462963777616,113659
20260627,pca_q16,3,30,3871,0.03405801564328386,113659
20260627,pca_q16,3,31,3954,0.03478827017658082,113659
20260627,pca_q32,0,0,1694,0.028132057924804037,60216
20260627,pca_q32,0,1,1587,0.026355121562375447,60216
20260627,pca_q32,0,2,2091,0.034724990035870866,60216
20260627,pca_q32,0,3,4145,0.06883552544174305,60216
20260627,pca_q32,0,4,1113,0.01848345954563571,60216
20260627,pca_q32,0,5,1078,0.017902218679420753,60216
20260627,pca_q32,0,6,3115,0.051730437093131396,60216
20260627,pca_q32,0,7,1103,0.01831739072671715,60216
20260627,pca_q32,0,8,1545,0.025657632522917497,60216
20260627,pca_q32,0,9,1631,0.02708582436561711,60216
20260627,pca_q32,0,10,2114,0.03510694831938355,60216
20260627,pca_q32,0,11,4163,0.06913444931579647,60216
20260627,pca_q32,0,12,1052,0.017470439750232495,60216
20260627,pca_q32,0,13,1134,0.018832204065364688,60216
20260627,pca_q32,0,14,3131,0.05199614720340109,60216
20260627,pca_q32,0,15,1052,0.017470439750232495,60216
20260627,pca_q32,0,16,1592,0.02643815597183473,60216
20260627,pca_q32,0,17,1640,0.027235286302643817,60216
20260627,pca_q32,0,18,2064,0.03427660422479075,60216
20260627,pca_q32,0,19,4196,0.06968247641822771,60216
20260627,pca_q32,0,20,1060,0.017603294805367344,60216
20260627,pca_q32,0,21,1100,0.018267570081041584,60216
20260627,pca_q32,0,22,3082,0.051182409990700145,60216
20260627,pca_q32,0,23,1084,0.01800185997077189,60216
20260627,pca_q32,0,24,1529,0.025391922412647802,60216
20260627,pca_q32,0,25,1605,0.026654045436428856,60216
20260627,pca_q32,0,26,1609,0.02672047296399628,60216
20260627,pca_q32,0,27,1561,0.025923342633187192,60216
20260627,pca_q32,0,28,1577,0.026189052743456887,60216
20260627,pca_q32,0,29,1561,0.025923342633187192,60216
20260627,pca_q32,0,30,1618,0.026869934901022983,60216
20260627,pca_q32,0,31,1590,0.026404942208051015,60216
20260627,pca_q32,1,0,2377,0.030214437340315998,78671
20260627,pca_q32,1,1,2363,0.030036481041298572,78671
20260627,pca_q32,1,2,1630,0.020719197671314717,78671
20260627,pca_q32,1,3,2554,0.0324643134064649,78671
20260627,pca_q32,1,4,2640,0.03355747352900052,78671
20260627,pca_q32,1,5,2667,0.03390067496281984,78671
20260627,pca_q32,1,6,2624,0.033354094901552035,78671
20260627,pca_q32,1,7,2651,0.03369729633537136,78671
20260627,pca_q32,1,8,2433,0.030926262536385706,78671
20260627,pca_q32,1,9,2431,0.030900840207954645,78671
20260627,pca_q32,1,10,1619,0.02057937486494388,78671
20260627,pca_q32,1,11,2718,0.0345489443378119,78671
20260627,pca_q32,1,12,2744,0.034879434607415695,78671
20260627,pca_q32,1,13,2627,0.03339222839419863,78671
20260627,pca_q32,1,14,2657,0.03377356332066454,78671
20260627,pca_q32,1,15,2628,0.03340493955841416,78671
20260627,pca_q32,1,16,2393,0.030417815967764487,78671
20260627,pca_q32,1,17,2428,0.030862706715308056,78671
20260627,pca_q32,1,18,1614,0.020515819043866228,78671
20260627,pca_q32,1,19,2639,0.03354476236478499,78671
20260627,pca_q32,1,20,2666,0.033887963798604315,78671
20260627,pca_q32,1,21,2626,0.03337951722998309,78671
20260627,pca_q32,1,22,2677,0.03402778660497515,78671
20260627,pca_q32,1,23,2669,0.03392609729125091,78671
20260627,pca_q32,1,24,2370,0.030125459190807287,78671
20260627,pca_q32,1,25,2417,0.03072288390893722,78671
20260627,pca_q32,1,26,2448,0.031116929999618664,78671
20260627,pca_q32,1,27,2437,0.03097710719324783,78671
20260627,pca_q32,1,28,2414,0.030684750416290627,78671
20260627,pca_q32,1,29,2479,0.03151097609030011,78671
20260627,pca_q32,1,30,2506,0.03185417752411943,78671
20260627,pca_q32,1,31,2525,0.03209568964421451,78671
20260627,pca_q32,2,0,5499,0.03635846711274497,151244
20260627,pca_q32,2,1,5589,0.03695353204094047,151244
20260627,pca_q32,2,2,4570,0.03021607468726032,151244
20260627,pca_q32,2,3,3665,0.02423236624262781,151244
20260627,pca_q32,2,4,4611,0.03048715982121605,151244
20260627,pca_q32,2,5,4623,0.030566501811642114,151244
20260627,pca_q32,2,6,4661,0.030817751447991325,151244
20260627,pca_q32,2,7,3582,0.023683584142180848,151244
20260627,pca_q32,2,8,5314,0.03513527809367644,151244
20260627,pca_q32,2,9,5249,0.034705508978868586,151244
20260627,pca_q32,2,10,4629,0.03060617280685515,151244
20260627,pca_q32,2,11,3446,0.022784374917352093,151244
20260627,pca_q32,2,12,4519,0.02987887122794954,151244
20260627,pca_q32,2,13,4562,0.030163180026976277,151244
20260627,pca_q32,2,14,4592,0.030361535003041444,151244
20260627,pca_q32,2,15,3547,0.023452170003438154,151244
20260627,pca_q32,2,16,5354,0.035399751395096664,151244
20260627,pca_q32,2,17,5323,0.03519478458649599,151244
20260627,pca_q32,2,18,4591,0.030354923170505938,151244
20260627,pca_q32,2,19,3498,0.02312819020919838,151244
20260627,pca_q32,2,20,4555,0.03011689719922774,151244
20260627,pca_q32,2,21,4573,0.03023591018486684,151244
20260627,pca_q32,2,22,4621,0.030553278146571102,151244
20260627,pca_q32,2,23,3545,0.023438946338367142,151244
20260627,pca_q32,2,24,5377,0.03555182354341329,151244
20260627,pca_q32,2,25,5321,0.035181560921424986,151244
20260627,pca_q32,2,26,5292,0.034989817777895324,151244
20260627,pca_q32,2,27,5391,0.03564438919891037,151244
20260627,pca_q32,2,28,5307,0.0350889952659279,151244
20260627,pca_q32,2,29,5300,0.035042712438179364,151244
20260627,pca_q32,2,30,5259,0.03477162730422364,151244
20260627,pca_q32,2,31,5279,0.03490386395493375,151244
20260627,pca_q32,3,0,2718,0.02636659067759616,103085
20260627,pca_q32,3,1,2749,0.026667313382160353,103085
20260627,pca_q32,3,2,3997,0.03877382742397051,103085
20260627,pca_q32,3,3,1924,0.01866420914779066,103085
20260627,pca_q32,3,4,3924,0.03806567395838386,103085
20260627,pca_q32,3,5,3920,0.03802687102876267,103085
20260627,pca_q32,3,6,1888,0.01831498278119998,103085
20260627,pca_q32,3,7,4952,0.04803802687102876,103085
20260627,pca_q32,3,8,2996,0.029063394286268612,103085
20260627,pca_q32,3,9,2977,0.028879080370567977,103085
20260627,pca_q32,3,10,3926,0.03808507542319445,103085
20260627,pca_q32,3,11,1961,0.019023136246786632,103085
20260627,pca_q32,3,12,3973,0.03854100984624339,103085
20260627,pca_q32,3,13,3965,0.038463403987001016,103085
20260627,pca_q32,3,14,1908,0.018508997429305913,103085
20260627,pca_q32,3,15,5061,0.04909540670320609,103085
20260627,pca_q32,3,16,2949,0.028607459863219675,103085
20260627,pca_q32,3,17,2897,0.02810302177814425,103085
20260627,pca_q32,3,18,4019,0.03898724353688703,103085
20260627,pca_q32,3,19,1955,0.018964931852354854,103085
20260627,pca_q32,3,20,4007,0.038870834748023476,103085
20260627,pca_q32,3,21,3989,0.038696221564728135,103085
20260627,pca_q32,3,22,1908,0.018508997429305913,103085
20260627,pca_q32,3,23,4990,0.04840665470243003,103085
20260627,pca_q32,3,24,3012,0.02921860600475336,103085
20260627,pca_q32,3,25,2945,0.028568656933598488,103085
20260627,pca_q32,3,26,2939,0.028510452539166706,103085
20260627,pca_q32,3,27,2899,0.028122423242954844,103085
20260627,pca_q32,3,28,2990,0.029005189891836834,103085
20260627,pca_q32,3,29,2948,0.028597759130814377,103085
20260627,pca_q32,3,30,2905,0.028180627637386622,103085
20260627,pca_q32,3,31,2894,0.02807391958092836,103085
20260627,bottleneck_ae_q4,0,0,2246,0.02744714652327997,81830
20260627,bottleneck_ae_q4,0,1,2244,0.027422705609189784,81830
20260627,bottleneck_ae_q4,0,2,2499,0.03053892215568862,81830
20260627,bottleneck_ae_q4,0,3,3546,0.0433337406819015,81830
20260627,bottleneck_ae_q4,0,4,3680,0.04497128192594403,81830
20260627,bottleneck_ae_q4,0,5,2559,0.031272149578394234,81830
20260627,bottleneck_ae_q4,0,6,1550,0.018941708419894905,81830
20260627,bottleneck_ae_q4,0,7,2525,0.030856654038861054,81830
20260627,bottleneck_ae_q4,0,8,2438,0.02979347427593792,81830
20260627,bottleneck_ae_q4,0,9,2394,0.029255774165953808,81830
20260627,bottleneck_ae_q4,0,10,2548,0.031137724550898204,81830
20260627,bottleneck_ae_q4,0,11,3592,0.0438958817059758,81830
20260627,bottleneck_ae_q4,0,12,3744,0.04575339117683001,81830
20260627,bottleneck_ae_q4,0,13,2528,0.030893315409996333,81830
20260627,bottleneck_ae_q4,0,14,1536,0.018770622021263596,81830
20260627,bottleneck_ae_q4,0,15,2564,0.031333251863619696,81830
20260627,bottleneck_ae_q4,0,16,2359,0.028828058169375535,81830
20260627,bottleneck_ae_q4,0,17,2281,0.027874862519858244,81830
20260627,bottleneck_ae_q4,0,18,2566,0.03135769277770989,81830
20260627,bottleneck_ae_q4,0,19,3570,0.04362703165098375,81830
20260627,bottleneck_ae_q4,0,20,3610,0.044115849932787485,81830
20260627,bottleneck_ae_q4,0,21,2584,0.03157766100452157,81830
20260627,bottleneck_ae_q4,0,22,1531,0.018709519736038127,81830
20260627,bottleneck_ae_q4,0,23,2616,0.03196871562996456,81830
20260627,bottleneck_ae_q4,0,24,2275,0.027801539777587682,81830
20260627,bottleneck_ae_q4,0,25,2399,0.029316876451179273,81830
20260627,bottleneck_ae_q4,0,26,2278,0.02783820114872296,81830
20260627,bottleneck_ae_q4,0,27,2265,0.027679335207136748,81830
20260627,bottleneck_ae_q4,0,28,2271,0.027752657949407306,81830
20260627,bottleneck_ae_q4,0,29,2375,0.02902358548209703,81830
20260627,bottleneck_ae_q4,0,30,2364,0.028889160454601003,81830
20260627,bottleneck_ae_q4,0,31,2293,0.028021508004399363,81830
20260627,bottleneck_ae_q4,1,0,3671,0.03138465221257096,116968
20260627,bottleneck_ae_q4,1,1,3724,0.031837767594555776,116968
20260627,bottleneck_ae_q4,1,2,4458,0.03811298816770399,116968
20260627,bottleneck_ae_q4,1,3,3568,0.030504069489091033,116968
20260627,bottleneck_ae_q4,1,4,3872,0.0331030709253813,116968
20260627,bottleneck_ae_q4,1,5,2461,0.0210399425483893,116968
20260627,bottleneck_ae_q4,1,6,3506,0.029974009985637096,116968
20260627,bottleneck_ae_q4,1,7,3539,0.03025613843102387,116968
20260627,bottleneck_ae_q4,1,8,3771,0.03223958689556118,116968
20260627,bottleneck_ae_q4,1,9,3748,0.03204295191847343,116968
20260627,bottleneck_ae_q4,1,10,4609,0.03940393953901922,116968
20260627,bottleneck_ae_q4,1,11,3491,0.029845769783188564,116968
20260627,bottleneck_ae_q4,1,12,4151,0.035488338690924014,116968
20260627,bottleneck_ae_q4,1,13,2436,0.02082620887764175,116968
20260627,bottleneck_ae_q4,1,14,3534,0.03021339169687436,116968
20260627,bottleneck_ae_q4,1,15,3516,0.03005950345393612,116968
20260627,bottleneck_ae_q4,1,16,3671,0.03138465221257096,116968
20260627,bottleneck_ae_q4,1,17,3816,0.03262430750290678,116968
20260627,bottleneck_ae_q4,1,18,4575,0.03911326174680255,116968
20260627,bottleneck_ae_q4,1,19,3425,0.02928151289241502,116968
20260627,bottleneck_ae_q4,1,20,4282,0.0366083031256412,116968
20260627,bottleneck_ae_q4,1,21,2491,0.02129642295328637,116968
20260627,bottleneck_ae_q4,1,22,3518,0.030076602147595922,116968
20260627,bottleneck_ae_q4,1,23,3451,0.029503795909992477,116968
20260627,bottleneck_ae_q4,1,24,3736,0.0319403597565146,116968
20260627,bottleneck_ae_q4,1,25,3728,0.03187196498187538,116968
20260627,bottleneck_ae_q4,1,26,3761,0.03215409342726216,116968
20260627,bottleneck_ae_q4,1,27,3812,0.03259011011558717,116968
20260627,bottleneck_ae_q4,1,28,3678,0.03144449764038028,116968
20260627,bottleneck_ae_q4,1,29,3678,0.03144449764038028,116968
20260627,bottleneck_ae_q4,1,30,3668,0.031359004172081255,116968
20260627,bottleneck_ae_q4,1,31,3623,0.030974283564735656,116968
20260627,bottleneck_ae_q4,2,0,2711,0.03376972807334421,80279
20260627,bottleneck_ae_q4,2,1,2587,0.03222511491174529,80279
20260627,bottleneck_ae_q4,2,2,2753,0.034292903499047074,80279
20260627,bottleneck_ae_q4,2,3,1706,0.021250887529740033,80279
20260627,bottleneck_ae_q4,2,4,1692,0.02107649572117241,80279
20260627,bottleneck_ae_q4,2,5,3711,0.04622628582817424,80279
20260627,bottleneck_ae_q4,2,6,2714,0.0338070977466087,80279
20260627,bottleneck_ae_q4,2,7,2207,0.027491622964909878,80279
20260627,bottleneck_ae_q4,2,8,2504,0.031191220618094397,80279
20260627,bottleneck_ae_q4,2,9,2482,0.030917176347488137,80279
20260627,bottleneck_ae_q4,2,10,2671,0.03327146576315101,80279
20260627,bottleneck_ae_q4,2,11,1728,0.021524931800346293,80279
20260627,bottleneck_ae_q4,2,12,1691,0.02106403916341758,80279
20260627,bottleneck_ae_q4,2,13,3837,0.047795812105282824,80279
20260627,bottleneck_ae_q4,2,14,2721,0.03389429365089251,80279
20260627,bottleneck_ae_q4,2,15,2227,0.027740754120006476,80279
20260627,bottleneck_ae_q4,2,16,2516,0.031340699311152354,80279
20260627,bottleneck_ae_q4,2,17,2513,0.031303329637887865,80279
20260627,bottleneck_ae_q4,2,18,2716,0.033832010862118365,80279
20260627,bottleneck_ae_q4,2,19,1749,0.021786519513197725,80279
20260627,bottleneck_ae_q4,2,20,1719,0.021412822780552822,80279
20260627,bottleneck_ae_q4,2,21,3730,0.046462960425516016,80279
20260627,bottleneck_ae_q4,2,22,2709,0.03374481495783455,80279
20260627,bottleneck_ae_q4,2,23,2234,0.02782795002429029,80279
20260627,bottleneck_ae_q4,2,24,2583,0.032175288680725965,80279
20260627,bottleneck_ae_q4,2,25,2449,0.030506109941578746,80279
20260627,bottleneck_ae_q4,2,26,2563,0.03192615752562937,80279
20260627,bottleneck_ae_q4,2,27,2518,0.03136561242666202,80279
20260627,bottleneck_ae_q4,2,28,2611,0.03252407229786121,80279
20260627,bottleneck_ae_q4,2,29,2567,0.03197598375664869,80279
20260627,bottleneck_ae_q4,2,30,2602,0.03241196327806774,80279
20260627,bottleneck_ae_q4,2,31,2558,0.031863874736855216,80279
20260627,bottleneck_ae_q4,3,0,3660,0.03206616493924075,114139
20260627,bottleneck_ae_q4,3,1,3733,0.03270573598857533,114139
20260627,bottleneck_ae_q4,3,2,2578,0.022586495413487066,114139
20260627,bottleneck_ae_q4,3,3,3468,0.030384005467018284,114139
20260627,bottleneck_ae_q4,3,4,3044,0.026669236632527005,114139
20260627,bottleneck_ae_q4,3,5,3557,0.031163756472371407,114139
20260627,bottleneck_ae_q4,3,6,4518,0.03958331508073489,114139
20260627,bottleneck_ae_q4,3,7,4017,0.0351939302079044,114139
20260627,bottleneck_ae_q4,3,8,3575,0.031321458922892266,114139
20260627,bottleneck_ae_q4,3,9,3664,0.03210120992824538,114139
20260627,bottleneck_ae_q4,3,10,2460,0.02155266823785034,114139
20260627,bottleneck_ae_q4,3,11,3477,0.030462856692278713,114139
20260627,bottleneck_ae_q4,3,12,2702,0.02367289007263074,114139
20260627,bottleneck_ae_q4,3,13,3487,0.0305504691647903,114139
20260627,bottleneck_ae_q4,3,14,4497,0.03939932888846056,114139
20260627,bottleneck_ae_q4,3,15,3981,0.03487852530686268,114139
20260627,bottleneck_ae_q4,3,16,3742,0.03278458721383576,114139
20260627,bottleneck_ae_q4,3,17,3678,0.03222386738976161,114139
20260627,bottleneck_ae_q4,3,18,2431,0.02129859206756674,114139
20260627,bottleneck_ae_q4,3,19,3544,0.031049860258106344,114139
20260627,bottleneck_ae_q4,3,20,2677,0.02345385889135177,114139
20260627,bottleneck_ae_q4,3,21,3483,0.030515424175785663,114139
20260627,bottleneck_ae_q4,3,22,4530,0.0396884500477488,114139
20260627,bottleneck_ae_q4,3,23,3987,0.034931092790369635,114139
20260627,bottleneck_ae_q4,3,24,3694,0.03236404734578015,114139
20260627,bottleneck_ae_q4,3,25,3712,0.032521749796301,114139
20260627,bottleneck_ae_q4,3,26,3686,0.032293957367770874,114139
20260627,bottleneck_ae_q4,3,27,3693,0.03235528609852899,114139
20260627,bottleneck_ae_q4,3,28,3728,0.03266192975231954,114139
20260627,bottleneck_ae_q4,3,29,3668,0.03213625491725002,114139
20260627,bottleneck_ae_q4,3,30,3654,0.032013597455733796,114139
20260627,bottleneck_ae_q4,3,31,3814,0.03341539701591919,114139
20260627,bottleneck_ae_q8,0,0,2831,0.02754828978737897,102765
20260627,bottleneck_ae_q8,0,1,2655,0.025835644431469858,102765
20260627,bottleneck_ae_q8,0,2,3936,0.03830097795942198,102765
20260627,bottleneck_ae_q8,0,3,2806,0.0273050162993237,102765
20260627,bottleneck_ae_q8,0,4,3827,0.037240305551501,102765
20260627,bottleneck_ae_q8,0,5,3833,0.03729869118863426,102765
20260627,bottleneck_ae_q8,0,6,3805,0.037026224882012355,102765
20260627,bottleneck_ae_q8,0,7,2875,0.02797645112635625,102765
20260627,bottleneck_ae_q8,0,8,2772,0.02697416435556853,102765
20260627,bottleneck_ae_q8,0,9,2778,0.027032549992701795,102765
20260627,bottleneck_ae_q8,0,10,3817,0.03714299615627889,102765
20260627,bottleneck_ae_q8,0,11,2855,0.027781832335912034,102765
20260627,bottleneck_ae_q8,0,12,3832,0.03728896024911205,102765
20260627,bottleneck_ae_q8,0,13,3876,0.03771712158808933,102765
20260627,bottleneck_ae_q8,0,14,3924,0.03818420668515545,102765
20260627,bottleneck_ae_q8,0,15,2875,0.02797645112635625,102765
20260627,bottleneck_ae_q8,0,16,2811,0.027353670996934754,102765
20260627,bottleneck_ae_q8,0,17,2809,0.02733420911789033,102765
20260627,bottleneck_ae_q8,0,18,3892,0.037872816620444706,102765
20260627,bottleneck_ae_q8,0,19,2879,0.028015374884445093,102765
20260627,bottleneck_ae_q8,0,20,3920,0.03814528292706661,102765
20260627,bottleneck_ae_q8,0,21,3882,0.0377755072252226,102765
20260627,bottleneck_ae_q8,0,22,3918,0.03812582104802219,102765
20260627,bottleneck_ae_q8,0,23,2865,0.027879141731134142,102765
20260627,bottleneck_ae_q8,0,24,2792,0.02716878314601275,102765
20260627,bottleneck_ae_q8,0,25,2844,0.027674792001167712,102765
20260627,bottleneck_ae_q8,0,26,2835,0.027587213545467816,102765
20260627,bottleneck_ae_q8,0,27,2831,0.02754828978737897,102765
20260627,bottleneck_ae_q8,0,28,2849,0.027723446698778766,102765
20260627,bottleneck_ae_q8,0,29,2744,0.026701698048946627,102765
20260627,bottleneck_ae_q8,0,30,2799,0.027236899722668222,102765
20260627,bottleneck_ae_q8,0,31,2798,0.027227168783146013,102765
20260627,bottleneck_ae_q8,1,0,3383,0.03259183614485689,103799
20260627,bottleneck_ae_q8,1,1,3409,0.03284232025356699,103799
20260627,bottleneck_ae_q8,1,2,3298,0.031772945789458475,103799
20260627,bottleneck_ae_q8,1,3,4327,0.04168633609186986,103799
20260627,bottleneck_ae_q8,1,4,2297,0.022129307604119502,103799
20260627,bottleneck_ae_q8,1,5,2203,0.021223711211090665,103799
20260627,bottleneck_ae_q8,1,6,3318,0.03196562587308163,103799
20260627,bottleneck_ae_q8,1,7,3279,0.031589899710016474,103799
20260627,bottleneck_ae_q8,1,8,3423,0.0329771963121032,103799
20260627,bottleneck_ae_q8,1,9,3383,0.03259183614485689,103799
20260627,bottleneck_ae_q8,1,10,3291,0.03170550776019037,103799
20260627,bottleneck_ae_q8,1,11,4380,0.04219693831347123,103799
20260627,bottleneck_ae_q8,1,12,2338,0.02252430177554697,103799
20260627,bottleneck_ae_q8,1,13,2283,0.021994431545583292,103799
20260627,bottleneck_ae_q8,1,14,3273,0.031532095684929526,103799
20260627,bottleneck_ae_q8,1,15,3304,0.03183074981454542,103799
20260627,bottleneck_ae_q8,1,16,3424,0.032986830316284355,103799
20260627,bottleneck_ae_q8,1,17,3477,0.03349743253788572,103799
20260627,bottleneck_ae_q8,1,18,3251,0.031320147592944055,103799
20260627,bottleneck_ae_q8,1,19,4331,0.0417248721085945,103799
20260627,bottleneck_ae_q8,1,20,2239,0.021570535361612346,103799
20260627,bottleneck_ae_q8,1,21,2335,0.022495399763003496,103799
20260627,bottleneck_ae_q8,1,22,3252,0.03132978159712521,103799
20260627,bottleneck_ae_q8,1,23,3247,0.03128161157621943,103799
20260627,bottleneck_ae_q8,1,24,3396,0.032717078199211935,103799
20260627,bottleneck_ae_q8,1,25,3469,0.03342036050443646,103799
20260627,bottleneck_ae_q8,1,26,3377,0.03253403211976994,103799
20260627,bottleneck_ae_q8,1,27,3419,0.03293866029537857,103799
20260627,bottleneck_ae_q8,1,28,3295,0.031744043776915,103799
20260627,bottleneck_ae_q8,1,29,3333,0.032110135935799,103799
20260627,bottleneck_ae_q8,1,30,3460,0.033333654466806036,103799
20260627,bottleneck_ae_q8,1,31,3305,0.03184038381872658,103799
20260627,bottleneck_ae_q8,2,0,3160,0.034433160441093145,91772
20260627,bottleneck_ae_q8,2,1,3116,0.0339537113716602,91772
20260627,bottleneck_ae_q8,2,2,3039,0.033114675500152554,91772
20260627,bottleneck_ae_q8,2,3,3067,0.03341977945342806,91772
20260627,bottleneck_ae_q8,2,4,3101,0.03379026282526261,91772
20260627,bottleneck_ae_q8,2,5,3097,0.03374667654622325,91772
20260627,bottleneck_ae_q8,2,6,2082,0.022686658239986054,91772
20260627,bottleneck_ae_q8,2,7,2049,0.022327071437911346,91772
20260627,bottleneck_ae_q8,2,8,2970,0.03236281218672362,91772
20260627,bottleneck_ae_q8,2,9,3007,0.03276598526783769,91772
20260627,bottleneck_ae_q8,2,10,3139,0.03420433247613651,91772
20260627,bottleneck_ae_q8,2,11,3085,0.03361591770910517,91772
20260627,bottleneck_ae_q8,2,12,3051,0.033245434337270625,91772
20260627,bottleneck_ae_q8,2,13,3100,0.03377936625550277,91772
20260627,bottleneck_ae_q8,2,14,2025,0.022065553763675194,91772
20260627,bottleneck_ae_q8,2,15,1979,0.021564311554722573,91772
20260627,bottleneck_ae_q8,2,16,3067,0.03341977945342806,91772
20260627,bottleneck_ae_q8,2,17,2958,0.03223205334960554,91772
20260627,bottleneck_ae_q8,2,18,3066,0.03340888288366822,91772
20260627,bottleneck_ae_q8,2,19,3055,0.033289020616309985,91772
20260627,bottleneck_ae_q8,2,20,3087,0.03363771084862485,91772
20260627,bottleneck_ae_q8,2,21,3028,0.032994813232794316,91772
20260627,bottleneck_ae_q8,2,22,2066,0.02251231312382862,91772
20260627,bottleneck_ae_q8,2,23,2053,0.022370657716950702,91772
20260627,bottleneck_ae_q8,2,24,3037,0.033092882360632875,91772
20260627,bottleneck_ae_q8,2,25,2954,0.03218846707056618,91772
20260627,bottleneck_ae_q8,2,26,3072,0.03347426230222726,91772
20260627,bottleneck_ae_q8,2,27,2994,0.03262432986095977,91772
20260627,bottleneck_ae_q8,2,28,3012,0.032820468116636886,91772
20260627,bottleneck_ae_q8,2,29,3155,0.034378677592293946,91772
20260627,bottleneck_ae_q8,2,30,3075,0.033506952011506774,91772
20260627,bottleneck_ae_q8,2,31,3026,0.03297302009327464,91772
20260627,bottleneck_ae_q8,3,0,2914,0.03071247892074199,94880
20260627,bottleneck_ae_q8,3,1,3108,0.03275716694772344,94880
20260627,bottleneck_ae_q8,3,2,2015,0.021237352445193928,94880
20260627,bottleneck_ae_q8,3,3,2088,0.022006745362563238,94880
20260627,bottleneck_ae_q8,3,4,3063,0.032282883642495784,94880
20260627,bottleneck_ae_q8,3,5,3155,0.033252529510961214,94880
20260627,bottleneck_ae_q8,3,6,3083,0.03249367622259697,94880
20260627,bottleneck_ae_q8,3,7,4085,0.043054384485666106,94880
20260627,bottleneck_ae_q8,3,8,3123,0.03291526138279933,94880
20260627,bottleneck_ae_q8,3,9,3120,0.03288364249578415,94880
20260627,bottleneck_ae_q8,3,10,2041,0.021511382799325462,94880
20260627,bottleneck_ae_q8,3,11,1968,0.020741989881956156,94880
20260627,bottleneck_ae_q8,3,12,3067,0.03232504215851602,94880
20260627,bottleneck_ae_q8,3,13,3029,0.03192453625632378,94880
20260627,bottleneck_ae_q8,3,14,3066,0.03231450252951096,94880
20260627,bottleneck_ae_q8,3,15,4130,0.04352866779089376,94880
20260627,bottleneck_ae_q8,3,16,2986,0.03147133220910624,94880
20260627,bottleneck_ae_q8,3,17,3044,0.03208263069139966,94880
20260627,bottleneck_ae_q8,3,18,2079,0.021911888701517706,94880
20260627,bottleneck_ae_q8,3,19,2023,0.021321669477234403,94880
20260627,bottleneck_ae_q8,3,20,3042,0.03206155143338955,94880
20260627,bottleneck_ae_q8,3,21,3043,0.0320720910623946,94880
20260627,bottleneck_ae_q8,3,22,3052,0.032166947723440135,94880
20260627,bottleneck_ae_q8,3,23,4123,0.043454890387858346,94880
20260627,bottleneck_ae_q8,3,24,3063,0.032282883642495784,94880
20260627,bottleneck_ae_q8,3,25,3021,0.0318402192242833,94880
20260627,bottleneck_ae_q8,3,26,3004,0.0316610455311973,94880
20260627,bottleneck_ae_q8,3,27,3044,0.03208263069139966,94880
20260627,bottleneck_ae_q8,3,28,3132,0.033010118043844856,94880
20260627,bottleneck_ae_q8,3,29,3056,0.03220910623946037,94880
20260627,bottleneck_ae_q8,3,30,2954,0.03113406408094435,94880
20260627,bottleneck_ae_q8,3,31,3159,0.03329468802698145,94880
20260627,bottleneck_ae_q16,0,0,3474,0.03143493132091862,110514
20260627,bottleneck_ae_q16,0,1,3429,0.031027743091373038,110514
20260627,bottleneck_ae_q16,0,2,2332,0.021101398917784172,110514
20260627,bottleneck_ae_q16,0,3,3372,0.03051197133394864,110514
20260627,bottleneck_ae_q16,0,4,2374,0.021481441265360043,110514
20260627,bottleneck_ae_q16,0,5,4318,0.03907197278172901,110514
20260627,bottleneck_ae_q16,0,6,3365,0.030448630942685996,110514
20260627,bottleneck_ae_q16,0,7,4442,0.04019400256981016,110514
20260627,bottleneck_ae_q16,0,8,3624,0.032792225419403874,110514
20260627,bottleneck_ae_q16,0,9,3628,0.03282841992869682,110514
20260627,bottleneck_ae_q16,0,10,2333,0.021110447545107408,110514
20260627,bottleneck_ae_q16,0,11,3382,0.03060245760718099,110514
20260627,bottleneck_ae_q16,0,12,2336,0.021137593427077113,110514
20260627,bottleneck_ae_q16,0,13,4434,0.04012161355122428,110514
20260627,bottleneck_ae_q16,0,14,3419,0.030937256818140687,110514
20260627,bottleneck_ae_q16,0,15,4461,0.040365926488951626,110514
20260627,bottleneck_ae_q16,0,16,3638,0.032918906201929166,110514
20260627,bottleneck_ae_q16,0,17,3538,0.03201404346960566,110514
20260627,bottleneck_ae_q16,0,18,2376,0.021499538520006516,110514
20260627,bottleneck_ae_q16,0,19,3421,0.03095535407278716,110514
20260627,bottleneck_ae_q16,0,20,2363,0.02138190636480446,110514
20260627,bottleneck_ae_q16,0,21,4373,0.03956964728450694,110514
20260627,bottleneck_ae_q16,0,22,3326,0.030095734477079826,110514
20260627,bottleneck_ae_q16,0,23,4375,0.03958774453915341,110514
20260627,bottleneck_ae_q16,0,24,3623,0.03278317679208064,110514
20260627,bottleneck_ae_q16,0,25,3640,0.03293700345657564,110514
20260627,bottleneck_ae_q16,0,26,3550,0.03212262699748448,110514
20260627,bottleneck_ae_q16,0,27,3517,0.031824022295817725,110514
20260627,bottleneck_ae_q16,0,28,3579,0.0323850371898583,110514
20260627,bottleneck_ae_q16,0,29,3428,0.031018694464049805,110514
20260627,bottleneck_ae_q16,0,30,3488,0.03156161210344391,110514
20260627,bottleneck_ae_q16,0,31,3556,0.032176918761423895,110514
20260627,bottleneck_ae_q16,1,0,2797,0.029688362416677282,94212
20260627,bottleneck_ae_q16,1,1,2901,0.030792255763596996,94212
20260627,bottleneck_ae_q16,1,2,3941,0.04183118923279412,94212
20260627,bottleneck_ae_q16,1,3,2893,0.030707340890757016,94212
20260627,bottleneck_ae_q16,1,4,4945,0.05248800577421135,94212
20260627,bottleneck_ae_q16,1,5,2925,0.031047000382116927,94212
20260627,bottleneck_ae_q16,1,6,1855,0.01968963613976988,94212
20260627,bottleneck_ae_q16,1,7,1853,0.019668407421559887,94212
20260627,bottleneck_ae_q16,1,8,2758,0.029274402411582388,94212
20260627,bottleneck_ae_q16,1,9,2686,0.028510168556022588,94212
20260627,bottleneck_ae_q16,1,10,3954,0.04196917590115909,94212
20260627,bottleneck_ae_q16,1,11,2857,0.030325223962977117,94212
20260627,bottleneck_ae_q16,1,12,4948,0.05251984885152634,94212
20260627,bottleneck_ae_q16,1,13,2907,0.03085594191822698,94212
20260627,bottleneck_ae_q16,1,14,1824,0.019360591007514968,94212
20260627,bottleneck_ae_q16,1,15,1842,0.019551649471404916,94212
20260627,bottleneck_ae_q16,1,16,2746,0.029147030102322422,94212
20260627,bottleneck_ae_q16,1,17,2846,0.030208466012822146,94212
20260627,bottleneck_ae_q16,1,18,3887,0.04125801384112427,94212
20260627,bottleneck_ae_q16,1,19,2894,0.030717955249862015,94212
20260627,bottleneck_ae_q16,1,20,4927,0.052296947310321404,94212
20260627,bottleneck_ae_q16,1,21,2865,0.030410138835817092,94212
20260627,bottleneck_ae_q16,1,22,1880,0.019954995117394812,94212
20260627,bottleneck_ae_q16,1,23,1884,0.019997452553814802,94212
20260627,bottleneck_ae_q16,1,24,2775,0.02945484651636734,94212
20260627,bottleneck_ae_q16,1,25,2665,0.028287267014817645,94212
20260627,bottleneck_ae_q16,1,26,2750,0.029189487538742412,94212
20260627,bottleneck_ae_q16,1,27,2847,0.030219080371927144,94212
20260627,bottleneck_ae_q16,1,28,2837,0.030112936780877172,94212
20260627,bottleneck_ae_q16,1,29,2905,0.030834713200016982,94212
20260627,bottleneck_ae_q16,1,30,2782,0.029529147030102322,94212
20260627,bottleneck_ae_q16,1,31,2836,0.030102322421772174,94212
20260627,bottleneck_ae_q16,2,0,3276,0.03565054629347495,91892
20260627,bottleneck_ae_q16,2,1,3225,0.035095546946415354,91892
20260627,bottleneck_ae_q16,2,2,3153,0.03431201845644887,91892
20260627,bottleneck_ae_q16,2,3,2127,0.023146737474426502,91892
20260627,bottleneck_ae_q16,2,4,2083,0.022667914508335874,91892
20260627,bottleneck_ae_q16,2,5,3194,0.034758194402124236,91892
20260627,bottleneck_ae_q16,2,6,2115,0.02301614939276542,91892
20260627,bottleneck_ae_q16,2,7,3140,0.03417054803464937,91892
20260627,bottleneck_ae_q16,2,8,3170,0.03449701823880207,91892
20260627,bottleneck_ae_q16,2,9,3201,0.0348343707830932,91892
20260627,bottleneck_ae_q16,2,10,3097,0.03370260740869717,91892
20260627,bottleneck_ae_q16,2,11,2175,0.02366908980107082,91892
20260627,bottleneck_ae_q16,2,12,2108,0.022939973011796455,91892
20260627,bottleneck_ae_q16,2,13,3095,0.03368084272842032,91892
20260627,bottleneck_ae_q16,2,14,2104,0.022896443651242764,91892
20260627,bottleneck_ae_q16,2,15,3122,0.03397466591215775,91892
20260627,bottleneck_ae_q16,2,16,3154,0.0343229007965873,91892
20260627,bottleneck_ae_q16,2,17,3177,0.034573194619771035,91892
20260627,bottleneck_ae_q16,2,18,3173,0.03452966525921734,91892
20260627,bottleneck_ae_q16,2,19,2025,0.02203673878030732,91892
20260627,bottleneck_ae_q16,2,20,2142,0.02330997257650285,91892
20260627,bottleneck_ae_q16,2,21,3197,0.034790841422539506,91892
20260627,bottleneck_ae_q16,2,22,2100,0.02285291429068907,91892
20260627,bottleneck_ae_q16,2,23,3169,0.03448613589866365,91892
20260627,bottleneck_ae_q16,2,24,3125,0.034007312932573024,91892
20260627,bottleneck_ae_q16,2,25,3226,0.03510642928655378,91892
20260627,bottleneck_ae_q16,2,26,3235,0.03520437034779959,91892
20260627,bottleneck_ae_q16,2,27,3206,0.03488878248378531,91892
20260627,bottleneck_ae_q16,2,28,3131,0.03407260697340356,91892
20260627,bottleneck_ae_q16,2,29,3172,0.03451878291907892,91892
20260627,bottleneck_ae_q16,2,30,3155,0.03433378313672572,91892
20260627,bottleneck_ae_q16,2,31,3120,0.033952901231880904,91892
20260627,bottleneck_ae_q16,3,0,2741,0.028375328681753246,96598
20260627,bottleneck_ae_q16,3,1,2733,0.028292511232116607,96598
20260627,bottleneck_ae_q16,3,2,2862,0.029627942607507403,96598
20260627,bottleneck_ae_q16,3,3,3896,0.04033209797304292,96598
20260627,bottleneck_ae_q16,3,4,2886,0.029876394956417317,96598
20260627,bottleneck_ae_q16,3,5,1851,0.019161887409677218,96598
20260627,bottleneck_ae_q16,3,6,4953,0.051274353506283774,96598
20260627,bottleneck_ae_q16,3,7,2853,0.029534772976666183,96598
20260627,bottleneck_ae_q16,3,8,2736,0.028323567775730345,96598
20260627,bottleneck_ae_q16,3,9,2773,0.0287065984802998,96598
20260627,bottleneck_ae_q16,3,10,2904,0.030062734218099754,96598
20260627,bottleneck_ae_q16,3,11,3874,0.040104349986542165,96598
20260627,bottleneck_ae_q16,3,12,2896,0.029979916768463115,96598
20260627,bottleneck_ae_q16,3,13,1852,0.0191722395908818,96598
20260627,bottleneck_ae_q16,3,14,4941,0.05115012733182882,96598
20260627,bottleneck_ae_q16,3,15,2863,0.02963829478871198,96598
20260627,bottleneck_ae_q16,3,16,2750,0.028468498312594463,96598
20260627,bottleneck_ae_q16,3,17,2727,0.02823039814488913,96598
20260627,bottleneck_ae_q16,3,18,2852,0.029524420795461605,96598
20260627,bottleneck_ae_q16,3,19,3948,0.04087041139568107,96598
20260627,bottleneck_ae_q16,3,20,2856,0.02956582952027992,96598
20260627,bottleneck_ae_q16,3,21,1853,0.01918259177208638,96598
20260627,bottleneck_ae_q16,3,22,4982,0.051574566761216585,96598
20260627,bottleneck_ae_q16,3,23,2860,0.02960723824509824,96598
20260627,bottleneck_ae_q16,3,24,2765,0.02862378103066316,96598
20260627,bottleneck_ae_q16,3,25,2757,0.02854096358102652,96598
20260627,bottleneck_ae_q16,3,26,2753,0.0284995548562082,96598
20260627,bottleneck_ae_q16,3,27,2718,0.02813722851404791,96598
20260627,bottleneck_ae_q16,3,28,2741,0.028375328681753246,96598
20260627,bottleneck_ae_q16,3,29,2783,0.028810120292345597,96598
20260627,bottleneck_ae_q16,3,30,2863,0.02963829478871198,96598
20260627,bottleneck_ae_q16,3,31,2776,0.02873765502391354,96598
20260627,bottleneck_ae_q32,0,0,2688,0.03027913578299953,88774
20260627,bottleneck_ae_q32,0,1,2492,0.02807128213215581,88774
20260627,bottleneck_ae_q32,0,2,5759,0.06487259783269876,88774
20260627,bottleneck_ae_q32,0,3,3665,0.04128461035888886,88774
20260627,bottleneck_ae_q32,0,4,2589,0.02916394439813459,88774
20260627,bottleneck_ae_q32,0,5,1656,0.01865411043774078,88774
20260627,bottleneck_ae_q32,0,6,2638,0.02971590781084552,88774
20260627,bottleneck_ae_q32,0,7,1562,0.01759524185009124,88774
20260627,bottleneck_ae_q32,0,8,2520,0.028386689796562056,88774
20260627,bottleneck_ae_q32,0,9,2463,0.027744609908306486,88774
20260627,bottleneck_ae_q32,0,10,5720,0.06443328001441864,88774
20260627,bottleneck_ae_q32,0,11,3693,0.04160001802329511,88774
20260627,bottleneck_ae_q32,0,12,2676,0.030143961069682566,88774
20260627,bottleneck_ae_q32,0,13,1636,0.018428819248879177,88774
20260627,bottleneck_ae_q32,0,14,2689,0.030290400342442608,88774
20260627,bottleneck_ae_q32,0,15,1641,0.018485142046094576,88774
20260627,bottleneck_ae_q32,0,16,2496,0.028116340369928133,88774
20260627,bottleneck_ae_q32,0,17,2502,0.028183927726586615,88774
20260627,bottleneck_ae_q32,0,18,5688,0.06407281411224007,88774
20260627,bottleneck_ae_q32,0,19,3681,0.04146484330997815,88774
20260627,bottleneck_ae_q32,0,20,2621,0.029524410300313154,88774
20260627,bottleneck_ae_q32,0,21,1724,0.019420100479870233,88774
20260627,bottleneck_ae_q32,0,22,2700,0.030414310496316488,88774
20260627,bottleneck_ae_q32,0,23,1648,0.01856399396219614,88774
20260627,bottleneck_ae_q32,0,24,2476,0.027891049181066527,88774
20260627,bottleneck_ae_q32,0,25,2415,0.027203911055038638,88774
20260627,bottleneck_ae_q32,0,26,2410,0.027147588257823235,88774
20260627,bottleneck_ae_q32,0,27,2469,0.027812197264964967,88774
20260627,bottleneck_ae_q32,0,28,2505,0.028217721404915852,88774
20260627,bottleneck_ae_q32,0,29,2448,0.027575641516660282,88774
20260627,bottleneck_ae_q32,0,30,2428,0.02735035032779868,88774
20260627,bottleneck_ae_q32,0,31,2476,0.027891049181066527,88774
20260627,bottleneck_ae_q32,1,0,2481,0.029129975343430786,85170
20260627,bottleneck_ae_q32,1,1,2290,0.026887401667253726,85170
20260627,bottleneck_ae_q32,1,2,1559,0.018304567335916403,85170
20260627,bottleneck_ae_q32,1,3,2582,0.030315838910414464,85170
20260627,bottleneck_ae_q32,1,4,3596,0.04222143947399319,85170
20260627,bottleneck_ae_q32,1,5,3548,0.04165786074909005,85170
20260627,bottleneck_ae_q32,1,6,2512,0.029493953269930727,85170
20260627,bottleneck_ae_q32,1,7,3618,0.042479746389573796,85170
20260627,bottleneck_ae_q32,1,8,2376,0.027897146882705177,85170
20260627,bottleneck_ae_q32,1,9,2363,0.027744510978043913,85170
20260627,bottleneck_ae_q32,1,10,1543,0.018116707760948692,85170
20260627,bottleneck_ae_q32,1,11,2633,0.030914641305624047,85170
20260627,bottleneck_ae_q32,1,12,3606,0.04233885170834801,85170
20260627,bottleneck_ae_q32,1,13,3579,0.04202183867559,85170
20260627,bottleneck_ae_q32,1,14,2595,0.03046847481507573,85170
20260627,bottleneck_ae_q32,1,15,3615,0.042444522719267345,85170
20260627,bottleneck_ae_q32,1,16,2379,0.027932370553011624,85170
20260627,bottleneck_ae_q32,1,17,2231,0.02619466948456029,85170
20260627,bottleneck_ae_q32,1,18,1551,0.018210637548432548,85170
20260627,bottleneck_ae_q32,1,19,2529,0.02969355406833392,85170
20260627,bottleneck_ae_q32,1,20,3664,0.043019842667605966,85170
20260627,bottleneck_ae_q32,1,21,3587,0.042115768463073855,85170
20260627,bottleneck_ae_q32,1,22,2540,0.02982270752612422,85170
20260627,bottleneck_ae_q32,1,23,3558,0.041775272983444876,85170
20260627,bottleneck_ae_q32,1,24,2363,0.027744510978043913,85170
20260627,bottleneck_ae_q32,1,25,2374,0.027873664435834215,85170
20260627,bottleneck_ae_q32,1,26,2322,0.02726312081718915,85170
20260627,bottleneck_ae_q32,1,27,2333,0.027392274274979454,85170
20260627,bottleneck_ae_q32,1,28,2304,0.027051778795350475,85170
20260627,bottleneck_ae_q32,1,29,2336,0.0274274979452859,85170
20260627,bottleneck_ae_q32,1,30,2310,0.02712222613596337,85170
20260627,bottleneck_ae_q32,1,31,2293,0.026922625337560173,85170
20260627,bottleneck_ae_q32,2,0,2700,0.02965957400063713,91033
20260627,bottleneck_ae_q32,2,1,2946,0.032361890742917405,91033
20260627,bottleneck_ae_q32,2,2,1976,0.021706414157503323,91033
20260627,bottleneck_ae_q32,2,3,2000,0.021970054815286764,91033
20260627,bottleneck_ae_q32,2,4,3067,0.033691079059242256,91033
20260627,bottleneck_ae_q32,2,5,2969,0.0326145463732932,91033
20260627,bottleneck_ae_q32,2,6,2969,0.0326145463732932,91033
20260627,bottleneck_ae_q32,2,7,4042,0.04440148078169455,91033
20260627,bottleneck_ae_q32,2,8,2880,0.031636878934012944,91033
20260627,bottleneck_ae_q32,2,9,2905,0.03191150461920402,91033
20260627,bottleneck_ae_q32,2,10,1897,0.020838596992299497,91033
20260627,bottleneck_ae_q32,2,11,1906,0.020937462238968287,91033
20260627,bottleneck_ae_q32,2,12,2911,0.031977414783649884,91033
20260627,bottleneck_ae_q32,2,13,2899,0.031845594454758167,91033
20260627,bottleneck_ae_q32,2,14,2963,0.03254863620884734,91033
20260627,bottleneck_ae_q32,2,15,4022,0.04418178023354168,91033
20260627,bottleneck_ae_q32,2,16,2921,0.03208726505772632,91033
20260627,bottleneck_ae_q32,2,17,2904,0.031900519591796385,91033
20260627,bottleneck_ae_q32,2,18,1956,0.021486713609350457,91033
20260627,bottleneck_ae_q32,2,19,1998,0.021948084760471477,91033
20260627,bottleneck_ae_q32,2,20,2972,0.032647501455516134,91033
20260627,bottleneck_ae_q32,2,21,2997,0.03292212714070722,91033
20260627,bottleneck_ae_q32,2,22,2981,0.03274636670218492,91033
20260627,bottleneck_ae_q32,2,23,4032,0.04429163050761812,91033
20260627,bottleneck_ae_q32,2,24,2920,0.03207628003031868,91033
20260627,bottleneck_ae_q32,2,25,2925,0.032131205167356895,91033
20260627,bottleneck_ae_q32,2,26,2948,0.03238386079773269,91033
20260627,bottleneck_ae_q32,2,27,2901,0.031867564509573454,91033
20260627,bottleneck_ae_q32,2,28,2854,0.031351268221414215,91033
20260627,bottleneck_ae_q32,2,29,2863,0.031450133468083,91033
20260627,bottleneck_ae_q32,2,30,2907,0.03193347467401931,91033
20260627,bottleneck_ae_q32,2,31,2902,0.0318785495369811,91033
20260627,bottleneck_ae_q32,3,0,4419,0.03445909590686141,128239
20260627,bottleneck_ae_q32,3,1,4560,0.03555860541644897,128239
20260627,bottleneck_ae_q32,3,2,2994,0.023347031714221103,128239
20260627,bottleneck_ae_q32,3,3,4041,0.03151147466839261,128239
20260627,bottleneck_ae_q32,3,4,3036,0.023674545185162082,128239
20260627,bottleneck_ae_q32,3,5,4115,0.032088522212431476,128239
20260627,bottleneck_ae_q32,3,6,4169,0.03250961096078416,128239
20260627,bottleneck_ae_q32,3,7,3066,0.02390848337869135,128239
20260627,bottleneck_ae_q32,3,8,4512,0.035184304306802146,128239
20260627,bottleneck_ae_q32,3,9,4557,0.03553521159709605,128239
20260627,bottleneck_ae_q32,3,10,3128,0.024391955645318507,128239
20260627,bottleneck_ae_q32,3,11,4056,0.03162844376515724,128239
20260627,bottleneck_ae_q32,3,12,3095,0.02413462363243631,128239
20260627,bottleneck_ae_q32,3,13,4174,0.032548600659705704,128239
20260627,bottleneck_ae_q32,3,14,4041,0.03151147466839261,128239
20260627,bottleneck_ae_q32,3,15,3010,0.023471798750770045,128239
20260627,bottleneck_ae_q32,3,16,4492,0.035028345511115964,128239
20260627,bottleneck_ae_q32,3,17,4651,0.03626821793682109,128239
20260627,bottleneck_ae_q32,3,18,3093,0.024119027752867693,128239
20260627,bottleneck_ae_q32,3,19,4080,0.03181559431998066,128239
20260627,bottleneck_ae_q32,3,20,3031,0.023635555486240536,128239
20260627,bottleneck_ae_q32,3,21,3980,0.031035800341549763,128239
20260627,bottleneck_ae_q32,3,22,4067,0.03171422110278464,128239
20260627,bottleneck_ae_q32,3,23,3050,0.023783716342142405,128239
20260627,bottleneck_ae_q32,3,24,4529,0.0353168692831354,128239
20260627,bottleneck_ae_q32,3,25,4574,0.0356677765734293,128239
20260627,bottleneck_ae_q32,3,26,4608,0.035932906526095806,128239
20260627,bottleneck_ae_q32,3,27,4585,0.035753553911056696,128239
20260627,bottleneck_ae_q32,3,28,4625,0.03606547150242906,128239
20260627,bottleneck_ae_q32,3,29,4641,0.036190238538978,128239
20260627,bottleneck_ae_q32,3,30,4643,0.03620583441854662,128239
20260627,bottleneck_ae_q32,3,31,4617,0.03600308798415459,128239
20260627,sae_l1_4x,0,0,1963,0.02400342382000489,81780
20260627,sae_l1_4x,0,1,1992,0.024358033749082905,81780
20260627,sae_l1_4x,0,2,1370,0.016752262166788948,81780
20260627,sae_l1_4x,0,3,4381,0.053570555147957936,81780
20260627,sae_l1_4x,0,4,3421,0.041831743702616775,81780
20260627,sae_l1_4x,0,5,1323,0.016177549523110787,81780
20260627,sae_l1_4x,0,6,3373,0.04124480313034972,81780
20260627,sae_l1_4x,0,7,3443,0.04210075813157251,81780
20260627,sae_l1_4x,0,8,2077,0.025397407679139155,81780
20260627,sae_l1_4x,0,9,2111,0.025813157251161654,81780
20260627,sae_l1_4x,0,10,1393,0.017033504524333578,81780
20260627,sae_l1_4x,0,11,4489,0.054891171435558814,81780
20260627,sae_l1_4x,0,12,3406,0.04164832477378332,81780
20260627,sae_l1_4x,0,13,1402,0.017143555881633653,81780
20260627,sae_l1_4x,0,14,3481,0.0425654194179506,81780
20260627,sae_l1_4x,0,15,3513,0.0429567131327953,81780
20260627,sae_l1_4x,0,16,2091,0.025568598679383714,81780
20260627,sae_l1_4x,0,17,2097,0.025641966250917095,81780
20260627,sae_l1_4x,0,18,1380,0.016874541452677916,81780
20260627,sae_l1_4x,0,19,4507,0.05511127415015896,81780
20260627,sae_l1_4x,0,20,3406,0.04164832477378332,81780
20260627,sae_l1_4x,0,21,1366,0.016703350452433357,81780
20260627,sae_l1_4x,0,22,3438,0.04203961848862803,81780
20260627,sae_l1_4x,0,23,3420,0.04181951577402788,81780
20260627,sae_l1_4x,0,24,2176,0.02660797260943996,81780
20260627,sae_l1_4x,0,25,2085,0.02549523110785033,81780
20260627,sae_l1_4x,0,26,2101,0.025690877965272682,81780
20260627,sae_l1_4x,0,27,2046,0.025018341892883347,81780
20260627,sae_l1_4x,0,28,2134,0.026094399608706284,81780
20260627,sae_l1_4x,0,29,2134,0.026094399608706284,81780
20260627,sae_l1_4x,0,30,2159,0.02640009782342871,81780
20260627,sae_l1_4x,0,31,2102,0.02570310589386158,81780
20260627,sae_l1_4x,1,2,2048,0.2222222222222222,9216
20260627,sae_l1_4x,1,3,1024,0.1111111111111111,9216
20260627,sae_l1_4x,1,10,2048,0.2222222222222222,9216
20260627,sae_l1_4x,1,11,1024,0.1111111111111111,9216
20260627,sae_l1_4x,1,18,2048,0.2222222222222222,9216
20260627,sae_l1_4x,1,19,1024,0.1111111111111111,9216
20260627,sae_l1_4x,2,0,3802,0.033160350617068596,114655
20260627,sae_l1_4x,2,1,3737,0.032593432471327025,114655
20260627,sae_l1_4x,2,2,4518,0.03940517203785269,114655
20260627,sae_l1_4x,2,3,2512,0.02190920587850508,114655
20260627,sae_l1_4x,2,4,3445,0.030046661724303345,114655
20260627,sae_l1_4x,2,5,3504,0.030561248964284155,114655
20260627,sae_l1_4x,2,6,3500,0.030526361693776982,114655
20260627,sae_l1_4x,2,7,3507,0.030587414417164536,114655
20260627,sae_l1_4x,2,8,3699,0.03226200340150887,114655
20260627,sae_l1_4x,2,9,3671,0.03201779250795866,114655
20260627,sae_l1_4x,2,10,4527,0.03948366839649383,114655
20260627,sae_l1_4x,2,11,2498,0.02178710043172997,114655
20260627,sae_l1_4x,2,12,3510,0.030613579870044916,114655
20260627,sae_l1_4x,2,13,3417,0.02980245083075313,114655
20260627,sae_l1_4x,2,14,3473,0.03029087261785356,114655
20260627,sae_l1_4x,2,15,3444,0.030037939906676553,114655
20260627,sae_l1_4x,2,16,3660,0.03192185251406393,114655
20260627,sae_l1_4x,2,17,3753,0.03273298155335572,114655
20260627,sae_l1_4x,2,18,4542,0.039614495660895734,114655
20260627,sae_l1_4x,2,19,2449,0.021359731368017096,114655
20260627,sae_l1_4x,2,20,3556,0.031014783480877415,114655
20260627,sae_l1_4x,2,21,3535,0.030831625310714754,114655
20260627,sae_l1_4x,2,22,3428,0.029898390824647857,114655
20260627,sae_l1_4x,2,23,3476,0.03031703807073394,114655
20260627,sae_l1_4x,2,24,3680,0.0320962888665998,114655
20260627,sae_l1_4x,2,25,3797,0.03311674152893463,114655
20260627,sae_l1_4x,2,26,3724,0.03248004884217871,114655
20260627,sae_l1_4x,2,27,3771,0.032889974270638,114655
20260627,sae_l1_4x,2,28,3606,0.031450874362217086,114655
20260627,sae_l1_4x,2,29,3666,0.03197418341982469,114655
20260627,sae_l1_4x,2,30,3624,0.03160786707949937,114655
20260627,sae_l1_4x,2,31,3624,0.03160786707949937,114655
20260627,sae_l1_4x,3,0,6523,0.034777277210567004,187565
20260627,sae_l1_4x,3,1,6559,0.03496921067363314,187565
20260627,sae_l1_4x,3,2,4352,0.023202623090661904,187565
20260627,sae_l1_4x,3,3,4371,0.023303921307280144,187565
20260627,sae_l1_4x,3,4,5422,0.028907312131794313,187565
20260627,sae_l1_4x,3,5,7461,0.03977821022045691,187565
20260627,sae_l1_4x,3,6,5415,0.028869991736198117,187565
20260627,sae_l1_4x,3,7,5338,0.028459467384639992,187565
20260627,sae_l1_4x,3,8,6512,0.034718630874630126,187565
20260627,sae_l1_4x,3,9,6506,0.03468664196411911,187565
20260627,sae_l1_4x,3,10,4320,0.023032015567936447,187565
20260627,sae_l1_4x,3,11,4277,0.02280276170927412,187565
20260627,sae_l1_4x,3,12,5372,0.028640737877535787,187565
20260627,sae_l1_4x,3,13,7469,0.03982086210113827,187565
20260627,sae_l1_4x,3,14,5334,0.02843814144429931,187565
20260627,sae_l1_4x,3,15,5331,0.028422146989043797,187565
20260627,sae_l1_4x,3,16,6537,0.03485191800175939,187565
20260627,sae_l1_4x,3,17,6438,0.03432410097832751,187565
20260627,sae_l1_4x,3,18,4318,0.02302135259776611,187565
20260627,sae_l1_4x,3,19,4308,0.022968037746914402,187565
20260627,sae_l1_4x,3,20,5326,0.028395489563617947,187565
20260627,sae_l1_4x,3,21,7387,0.03938368032415429,187565
20260627,sae_l1_4x,3,22,5422,0.028907312131794313,187565
20260627,sae_l1_4x,3,23,5392,0.028747367579239198,187565
20260627,sae_l1_4x,3,24,6432,0.03429211206781649,187565
20260627,sae_l1_4x,3,25,6406,0.034153493455602056,187565
20260627,sae_l1_4x,3,26,6463,0.034457388105456774,187565
20260627,sae_l1_4x,3,27,6471,0.03450003998613814,187565
20260627,sae_l1_4x,3,28,6548,0.034910564337696265,187565
20260627,sae_l1_4x,3,29,6488,0.034590675232586035,187565
20260627,sae_l1_4x,3,30,6505,0.03468131047903394,187565
20260627,sae_l1_4x,3,31,6562,0.034985205128888655,187565
20260627,sae_topk_4x,0,7,1024,0.3333333333333333,3072
20260627,sae_topk_4x,0,15,1024,0.3333333333333333,3072
20260627,sae_topk_4x,0,23,1024,0.3333333333333333,3072
20260627,sae_topk_4x,1,0,34,0.002517026946994374,13508
20260627,sae_topk_4x,1,1,57,0.004219721646431744,13508
20260627,sae_topk_4x,1,2,46,0.003405389398874741,13508
20260627,sae_topk_4x,1,3,2070,0.15324252294936333,13508
20260627,sae_topk_4x,1,4,32,0.0023689665383476457,13508
20260627,sae_topk_4x,1,5,22,0.0016286644951140066,13508
20260627,sae_topk_4x,1,6,2082,0.1541308854012437,13508
20260627,sae_topk_4x,1,7,26,0.0019247853124074624,13508
20260627,sae_topk_4x,1,8,60,0.004441812259401836,13508
20260627,sae_topk_4x,1,9,38,0.0028131477642878294,13508
20260627,sae_topk_4x,1,10,29,0.002146875925377554,13508
20260627,sae_topk_4x,1,11,2079,0.15390879478827363,13508
20260627,sae_topk_4x,1,12,29,0.002146875925377554,13508
20260627,sae_topk_4x,1,13,40,0.002961208172934557,13508
20260627,sae_topk_4x,1,14,2078,0.15383476458395026,13508
20260627,sae_topk_4x,1,15,32,0.0023689665383476457,13508
20260627,sae_topk_4x,1,16,44,0.003257328990228013,13508
20260627,sae_topk_4x,1,17,39,0.0028871779686111933,13508
20260627,sae_topk_4x,1,18,37,0.0027391175599644655,13508
20260627,sae_topk_4x,1,19,2085,0.1543529760142138,13508
20260627,sae_topk_4x,1,20,23,0.0017026946994373705,13508
20260627,sae_topk_4x,1,21,27,0.0019988155167308262,13508
20260627,sae_topk_4x,1,22,2077,0.1537607343796269,13508
20260627,sae_topk_4x,1,23,38,0.0028131477642878294,13508
20260627,sae_topk_4x,1,24,50,0.0037015102161681965,13508
20260627,sae_topk_4x,1,25,44,0.003257328990228013,13508
20260627,sae_topk_4x,1,26,47,0.003479419603198105,13508
20260627,sae_topk_4x,1,27,47,0.003479419603198105,13508
20260627,sae_topk_4x,1,28,39,0.0028871779686111933,13508
20260627,sae_topk_4x,1,29,41,0.003035238377257921,13508
20260627,sae_topk_4x,1,30,57,0.004219721646431744,13508
20260627,sae_topk_4x,1,31,59,0.004367782055078472,13508
20260627,sae_topk_4x,2,0,12254,0.03280294675075757,373564
20260627,sae_topk_4x,2,1,12231,0.03274137764880984,373564
20260627,sae_topk_4x,2,2,12242,0.03277082374104571,373564
20260627,sae_topk_4x,2,3,10218,0.0273527427696459,373564
20260627,sae_topk_4x,2,4,11232,0.03006713709029778,373564
20260627,sae_topk_4x,2,5,12266,0.032835069760469425,373564
20260627,sae_topk_4x,2,6,10206,0.02732061975993404,373564
20260627,sae_topk_4x,2,7,11238,0.03008319859515371,373564
20260627,sae_topk_4x,2,8,12228,0.032733346896381875,373564
20260627,sae_topk_4x,2,9,12250,0.032792239080853616,373564
20260627,sae_topk_4x,2,10,12259,0.03281633133813751,373564
20260627,sae_topk_4x,2,11,10209,0.027328650512362006,373564
20260627,sae_topk_4x,2,12,11235,0.030075167842725743,373564
20260627,sae_topk_4x,2,13,12248,0.03278688524590164,373564
20260627,sae_topk_4x,2,14,10210,0.027331327429837994,373564
20260627,sae_topk_4x,2,15,11232,0.03006713709029778,373564
20260627,sae_topk_4x,2,16,12244,0.03277617757599769,373564
20260627,sae_topk_4x,2,17,12249,0.032789562163377625,373564
20260627,sae_topk_4x,2,18,12251,0.0327949159983296,373564
20260627,sae_topk_4x,2,19,10203,0.027312589007506077,373564
20260627,sae_topk_4x,2,20,11241,0.030091229347581672,373564
20260627,sae_topk_4x,2,21,12261,0.03282168517308948,373564
20260627,sae_topk_4x,2,22,10211,0.02733400434731398,373564
20260627,sae_topk_4x,2,23,11226,0.03005107558544185,373564
20260627,sae_topk_4x,2,24,12238,0.03276011607114176,373564
20260627,sae_topk_4x,2,25,12244,0.03277617757599769,373564
20260627,sae_topk_4x,2,26,12241,0.032768146823569724,373564
20260627,sae_topk_4x,2,27,12241,0.032768146823569724,373564
20260627,sae_topk_4x,2,28,12249,0.032789562163377625,373564
20260627,sae_topk_4x,2,29,12247,0.03278420832842565,373564
20260627,sae_topk_4x,2,30,12231,0.03274137764880984,373564
20260627,sae_topk_4x,2,31,12229,0.032736023813857866,373564
20260627,sae_topk_4x,3,4,1024,0.3333333333333333,3072
20260627,sae_topk_4x,3,12,1024,0.3333333333333333,3072
20260627,sae_topk_4x,3,20,1024,0.3333333333333333,3072
20260627,sae_l1_8x,0,0,1618,0.026109829108102438,61969
20260627,sae_l1_8x,0,1,1673,0.02699736965256822,61969
20260627,sae_l1_8x,0,2,3170,0.05115460956284594,61969
20260627,sae_l1_8x,0,3,2126,0.03430747631880456,61969
20260627,sae_l1_8x,0,4,1139,0.018380157820845906,61969
20260627,sae_l1_8x,0,5,1145,0.018476980425696718,61969
20260627,sae_l1_8x,0,6,2152,0.03472704093982475,61969
20260627,sae_l1_8x,0,7,3182,0.051348254772547564,61969
20260627,sae_l1_8x,0,8,1671,0.02696509545095128,61969
20260627,sae_l1_8x,0,9,1643,0.026513256628314157,61969
20260627,sae_l1_8x,0,10,3133,0.0505575368329326,61969
20260627,sae_l1_8x,0,11,2168,0.03498523455276025,61969
20260627,sae_l1_8x,0,12,1075,0.017347383369103908,61969
20260627,sae_l1_8x,0,13,1139,0.018380157820845906,61969
20260627,sae_l1_8x,0,14,2155,0.034775452242250156,61969
20260627,sae_l1_8x,0,15,3170,0.05115460956284594,61969
20260627,sae_l1_8x,0,16,1675,0.027029643854185156,61969
20260627,sae_l1_8x,0,17,1657,0.02673917603963272,61969
20260627,sae_l1_8x,0,18,3138,0.05063822233697494,61969
20260627,sae_l1_8x,0,19,2117,0.03416224241152834,61969
20260627,sae_l1_8x,0,20,1140,0.018396294921654375,61969
20260627,sae_l1_8x,0,21,1163,0.018767448240249156,61969
20260627,sae_l1_8x,0,22,2137,0.03448498442769772,61969
20260627,sae_l1_8x,0,23,3132,0.050541399732124126,61969
20260627,sae_l1_8x,0,24,1741,0.028094692507544095,61969
20260627,sae_l1_8x,0,25,1693,0.027320111668737594,61969
20260627,sae_l1_8x,0,26,1675,0.027029643854185156,61969
20260627,sae_l1_8x,0,27,1686,0.027207151963078314,61969
20260627,sae_l1_8x,0,28,1676,0.027045780954993624,61969
20260627,sae_l1_8x,0,29,1726,0.027852635995417062,61969
20260627,sae_l1_8x,0,30,1684,0.027174877761461377,61969
20260627,sae_l1_8x,0,31,1570,0.025335248269295937,61969
20260627,sae_l1_8x,1,0,3060,0.026965816861566662,113477
20260627,sae_l1_8x,1,1,3023,0.026639759598861442,113477
20260627,sae_l1_8x,1,2,3149,0.027750116763749482,113477
20260627,sae_l1_8x,1,3,3107,0.027379997708786803,113477
20260627,sae_l1_8x,1,4,3113,0.027432871859495757,113477
20260627,sae_l1_8x,1,5,5126,0.04517214942234991,113477
20260627,sae_l1_8x,1,6,4135,0.03643910219692096,113477
20260627,sae_l1_8x,1,7,4241,0.03737321219277916,113477
20260627,sae_l1_8x,1,8,3138,0.027653180820783066,113477
20260627,sae_l1_8x,1,9,3191,0.02812023581871216,113477
20260627,sae_l1_8x,1,10,3184,0.028058549309551716,113477
20260627,sae_l1_8x,1,11,3184,0.028058549309551716,113477
20260627,sae_l1_8x,1,12,3139,0.027661993179234557,113477
20260627,sae_l1_8x,1,13,5169,0.04555108083576408,113477
20260627,sae_l1_8x,1,14,4152,0.03658891229059633,113477
20260627,sae_l1_8x,1,15,4216,0.03715290323149185,113477
20260627,sae_l1_8x,1,16,3189,0.02810261110180918,113477
20260627,sae_l1_8x,1,17,3229,0.028455105439868872,113477
20260627,sae_l1_8x,1,18,3165,0.02789111449897336,113477
20260627,sae_l1_8x,1,19,3141,0.027679617896137543,113477
20260627,sae_l1_8x,1,20,3129,0.027573869594719636,113477
20260627,sae_l1_8x,1,21,5254,0.04630013130414093,113477
20260627,sae_l1_8x,1,22,4189,0.03691496955330155,113477
20260627,sae_l1_8x,1,23,4135,0.03643910219692096,113477
20260627,sae_l1_8x,1,24,3163,0.027873489782070375,113477
20260627,sae_l1_8x,1,25,3213,0.028314107704644993,113477
20260627,sae_l1_8x,1,26,3219,0.028366981855353947,113477
20260627,sae_l1_8x,1,27,3226,0.028428668364514395,113477
20260627,sae_l1_8x,1,28,3291,0.0290014716638614,113477
20260627,sae_l1_8x,1,29,3239,0.028543229024383797,113477
20260627,sae_l1_8x,1,30,3145,0.027714867329943514,113477
20260627,sae_l1_8x,1,31,3223,0.028402231289159918,113477
20260627,sae_l1_8x,2,0,3797,0.03341047277974782,113647
20260627,sae_l1_8x,2,1,3832,0.03371844395364594,113647
20260627,sae_l1_8x,2,2,3531,0.03106989185812208,113647
20260627,sae_l1_8x,2,3,3534,0.031096289387313347,113647
20260627,sae_l1_8x,2,4,4586,0.04035302295705122,113647
20260627,sae_l1_8x,2,5,3605,0.03172103091150668,113647
20260627,sae_l1_8x,2,6,2515,0.02212992863867942,113647
20260627,sae_l1_8x,2,7,2478,0.021804359111987116,113647
20260627,sae_l1_8x,2,8,3756,0.03304970654746716,113647
20260627,sae_l1_8x,2,9,3816,0.03357765713129251,113647
20260627,sae_l1_8x,2,10,3522,0.030990699270548278,113647
20260627,sae_l1_8x,2,11,3449,0.030348359393560762,113647
20260627,sae_l1_8x,2,12,4556,0.040089047665138544,113647
20260627,sae_l1_8x,2,13,3627,0.03191461279224265,113647
20260627,sae_l1_8x,2,14,2479,0.021813158288384208,113647
20260627,sae_l1_8x,2,15,2503,0.02202433852191435,113647
20260627,sae_l1_8x,2,16,3749,0.032988112312687536,113647
20260627,sae_l1_8x,2,17,3714,0.032680141138789406,113647
20260627,sae_l1_8x,2,18,3529,0.031052293505327903,113647
20260627,sae_l1_8x,2,19,3567,0.03138666220841729,113647
20260627,sae_l1_8x,2,20,4536,0.03991306413719676,113647
20260627,sae_l1_8x,2,21,3438,0.03025156845319278,113647
20260627,sae_l1_8x,2,22,2559,0.022517092400151345,113647
20260627,sae_l1_8x,2,23,2578,0.022684276751696042,113647
20260627,sae_l1_8x,2,24,3859,0.03395602171636735,113647
20260627,sae_l1_8x,2,25,3707,0.03261854690400978,113647
20260627,sae_l1_8x,2,26,3803,0.03346326783813035,113647
20260627,sae_l1_8x,2,27,3812,0.033542460425704156,113647
20260627,sae_l1_8x,2,28,3759,0.033076104076658425,113647
20260627,sae_l1_8x,2,29,3805,0.03348086619092453,113647
20260627,sae_l1_8x,2,30,3817,0.033586456307689604,113647
20260627,sae_l1_8x,2,31,3829,0.03369204642445467,113647
20260627,sae_l1_8x,3,0,3813,0.03662015116736936,104123
20260627,sae_l1_8x,3,1,3760,0.036111137788961134,104123
20260627,sae_l1_8x,3,2,2438,0.02341461540677852,104123
20260627,sae_l1_8x,3,3,3521,0.03381577557312025,104123
20260627,sae_l1_8x,3,4,3450,0.03313388972657338,104123
20260627,sae_l1_8x,3,5,2412,0.023164910730578258,104123
20260627,sae_l1_8x,3,6,3486,0.033479634662850664,104123
20260627,sae_l1_8x,3,7,2387,0.0229248100803857,104123
20260627,sae_l1_8x,3,8,3723,0.03575578882667614,104123
20260627,sae_l1_8x,3,9,3638,0.034939446616021434,104123
20260627,sae_l1_8x,3,10,2449,0.023520259692863248,104123
20260627,sae_l1_8x,3,11,3487,0.03348923868885837,104123
20260627,sae_l1_8x,3,12,3518,0.03378696349509715,104123
20260627,sae_l1_8x,3,13,2353,0.022598273196123814,104123
20260627,sae_l1_8x,3,14,3502,0.03363329907897391,104123
20260627,sae_l1_8x,3,15,2399,0.02304005839247813,104123
20260627,sae_l1_8x,3,16,3675,0.03529479557830643,104123
20260627,sae_l1_8x,3,17,3688,0.03541964791640656,104123
20260627,sae_l1_8x,3,18,2456,0.023587487874917164,104123
20260627,sae_l1_8x,3,19,3463,0.03325874206467351,104123
20260627,sae_l1_8x,3,20,3483,0.03345082258482756,104123
20260627,sae_l1_8x,3,21,2433,0.02336659527674001,104123
20260627,sae_l1_8x,3,22,3403,0.03268250050421136,104123
20260627,sae_l1_8x,3,23,2443,0.023462635536817034,104123
20260627,sae_l1_8x,3,24,3525,0.03385419167715106,104123
20260627,sae_l1_8x,3,25,3675,0.03529479557830643,104123
20260627,sae_l1_8x,3,26,3591,0.03448805739365942,104123
20260627,sae_l1_8x,3,27,3564,0.034228748691451455,104123
20260627,sae_l1_8x,3,28,3562,0.03420954063943605,104123
20260627,sae_l1_8x,3,29,3518,0.03378696349509715,104123
20260627,sae_l1_8x,3,30,3642,0.034977862720052245,104123
20260627,sae_l1_8x,3,31,3666,0.035208359344237106,104123
20260627,sae_topk_8x,0,0,893,0.038359106529209624,23280
20260627,sae_topk_8x,0,1,877,0.03767182130584192,23280
20260627,sae_topk_8x,0,2,622,0.026718213058419243,23280
20260627,sae_topk_8x,0,3,587,0.025214776632302406,23280
20260627,sae_topk_8x,0,4,591,0.02538659793814433,23280
20260627,sae_topk_8x,0,5,568,0.024398625429553265,23280
20260627,sae_topk_8x,0,6,611,0.026245704467353952,23280
20260627,sae_topk_8x,0,7,551,0.023668384879725085,23280
20260627,sae_topk_8x,0,8,899,0.03861683848797251,23280
20260627,sae_topk_8x,0,9,850,0.03651202749140894,23280
20260627,sae_topk_8x,0,10,589,0.025300687285223368,23280
20260627,sae_topk_8x,0,11,637,0.02736254295532646,23280
20260627,sae_topk_8x,0,12,659,0.028307560137457045,23280
20260627,sae_topk_8x,0,13,563,0.02418384879725086,23280
20260627,sae_topk_8x,0,14,545,0.0234106529209622,23280
20260627,sae_topk_8x,0,15,590,0.02534364261168385,23280
20260627,sae_topk_8x,0,16,898,0.03857388316151203,23280
20260627,sae_topk_8x,0,17,898,0.03857388316151203,23280
20260627,sae_topk_8x,0,18,565,0.024269759450171822,23280
20260627,sae_topk_8x,0,19,589,0.025300687285223368,23280
20260627,sae_topk_8x,0,20,616,0.026460481099656357,23280
20260627,sae_topk_8x,0,21,573,0.02461340206185567,23280
20260627,sae_topk_8x,0,22,602,0.02585910652920962,23280
20260627,sae_topk_8x,0,23,620,0.02663230240549828,23280
20260627,sae_topk_8x,0,24,904,0.038831615120274915,23280
20260627,sae_topk_8x,0,25,857,0.0368127147766323,23280
20260627,sae_topk_8x,0,26,919,0.03947594501718213,23280
20260627,sae_topk_8x,0,27,938,0.040292096219931274,23280
20260627,sae_topk_8x,0,28,915,0.039304123711340205,23280
20260627,sae_topk_8x,0,29,891,0.03827319587628866,23280
20260627,sae_topk_8x,0,30,942,0.0404639175257732,23280
20260627,sae_topk_8x,0,31,921,0.03956185567010309,23280
20260627,sae_topk_8x,1,0,10839,0.03126324988967439,346701
20260627,sae_topk_8x,1,1,10887,0.031401697716476155,346701
20260627,sae_topk_8x,1,2,11313,0.03263042217934185,346701
20260627,sae_topk_8x,1,3,11329,0.032676571454942446,346701
20260627,sae_topk_8x,1,4,10278,0.029645140913928718,346701
20260627,sae_topk_8x,1,5,11383,0.032832325260094435,346701
20260627,sae_topk_8x,1,6,9248,0.026674281297140764,346701
20260627,sae_topk_8x,1,7,11377,0.03281501928174421,346701
20260627,sae_topk_8x,1,8,10888,0.031404582046201196,346701
20260627,sae_topk_8x,1,9,10904,0.03145073132180178,346701
20260627,sae_topk_8x,1,10,11330,0.03267945578466748,346701
20260627,sae_topk_8x,1,11,11300,0.032592925892916375,346701
20260627,sae_topk_8x,1,12,10259,0.029590338649153017,346701
20260627,sae_topk_8x,1,13,11392,0.032858284227619765,346701
20260627,sae_topk_8x,1,14,9351,0.02697136725881956,346701
20260627,sae_topk_8x,1,15,11358,0.03276021701696851,346701
20260627,sae_topk_8x,1,16,10840,0.03126613421939942,346701
20260627,sae_topk_8x,1,17,10857,0.03131516782472505,346701
20260627,sae_topk_8x,1,18,11372,0.03280059763311903,346701
20260627,sae_topk_8x,1,19,11339,0.03270541475219281,346701
20260627,sae_topk_8x,1,20,10290,0.02967975287062916,346701
20260627,sae_topk_8x,1,21,11360,0.032765985676418585,346701
20260627,sae_topk_8x,1,22,9272,0.026743505210541647,346701
20260627,sae_topk_8x,1,23,11315,0.03263619083879193,346701
20260627,sae_topk_8x,1,24,10828,0.031231522262698982,346701
20260627,sae_topk_8x,1,25,10873,0.03136131710032564,346701
20260627,sae_topk_8x,1,26,10879,0.03137862307867586,346701
20260627,sae_topk_8x,1,27,10796,0.031139223711497802,346701
20260627,sae_topk_8x,1,28,10817,0.031199794635723577,346701
20260627,sae_topk_8x,1,29,10820,0.03120844762489869,346701
20260627,sae_topk_8x,1,30,10765,0.03104980949002166,346701
20260627,sae_topk_8x,1,31,10842,0.0312719028788495,346701
20260627,sae_topk_8x,2,0,556,0.039660460803195664,14019
20260627,sae_topk_8x,2,1,524,0.037377844354090875,14019
20260627,sae_topk_8x,2,2,353,0.025180112704187175,14019
20260627,sae_topk_8x,2,3,372,0.02653541622084314,14019
20260627,sae_topk_8x,2,4,395,0.028176046793637208,14019
20260627,sae_topk_8x,2,5,337,0.02403880447963478,14019
20260627,sae_topk_8x,2,6,381,0.02717740209715386,14019
20260627,sae_topk_8x,2,7,360,0.025679435052428846,14019
20260627,sae_topk_8x,2,8,501,0.03573721378129681,14019
20260627,sae_topk_8x,2,9,534,0.03809116199443612,14019
20260627,sae_topk_8x,2,10,369,0.026321420928739566,14019
20260627,sae_topk_8x,2,11,351,0.025037449176118127,14019
20260627,sae_topk_8x,2,12,346,0.024680790355945503,14019
20260627,sae_topk_8x,2,13,333,0.023753477423496684,14019
20260627,sae_topk_8x,2,14,344,0.024538126827876452,14019
20260627,sae_topk_8x,2,15,340,0.024252799771738356,14019
20260627,sae_topk_8x,2,16,550,0.03923247021898851,14019
20260627,sae_topk_8x,2,17,533,0.0380198302304016,14019
20260627,sae_topk_8x,2,18,351,0.025037449176118127,14019
20260627,sae_topk_8x,2,19,360,0.025679435052428846,14019
20260627,sae_topk_8x,2,20,358,0.0255367715243598,14019
20260627,sae_topk_8x,2,21,355,0.025322776232256223,14019
20260627,sae_topk_8x,2,22,366,0.026107425636635994,14019
20260627,sae_topk_8x,2,23,353,0.025180112704187175,14019
20260627,sae_topk_8x,2,24,556,0.039660460803195664,14019
20260627,sae_topk_8x,2,25,558,0.03980312433126471,14019
20260627,sae_topk_8x,2,26,490,0.03495256437691704,14019
20260627,sae_topk_8x,2,27,554,0.039517797275126616,14019
20260627,sae_topk_8x,2,28,556,0.039660460803195664,14019
20260627,sae_topk_8x,2,29,577,0.04115842784792068,14019
20260627,sae_topk_8x,2,30,581,0.04144375490405878,14019
20260627,sae_topk_8x,2,31,525,0.0374491761181254,14019
20260627,sae_topk_8x,3,4,1024,0.1111111111111111,9216
20260627,sae_topk_8x,3,6,2048,0.2222222222222222,9216
20260627,sae_topk_8x,3,12,1024,0.1111111111111111,9216
20260627,sae_topk_8x,3,14,2048,0.2222222222222222,9216
20260627,sae_topk_8x,3,20,1024,0.1111111111111111,9216
20260627,sae_topk_8x,3,22,2048,0.2222222222222222,9216
20260629,all_position,0,0,2476,0.029766055156163592,83182
20260629,all_position,0,1,2454,0.029501574859945662,83182
20260629,all_position,0,2,3677,0.044204274963333415,83182
20260629,all_position,0,3,1660,0.01995624053280758,83182
20260629,all_position,0,4,3648,0.0438556418455916,83182
20260629,all_position,0,5,2685,0.032278617970233944,83182
20260629,all_position,0,6,1681,0.020208698997379242,83182
20260629,all_position,0,7,2696,0.03241085811834291,83182
20260629,all_position,0,8,2461,0.02958572768146955,83182
20260629,all_position,0,9,2529,0.030403212233415883,83182
20260629,all_position,0,10,3741,0.04497367218869467,83182
20260629,all_position,0,11,1638,0.019691760236589646,83182
20260629,all_position,0,12,3691,0.04437258060638119,83182
20260629,all_position,0,13,2645,0.03179774470438316,83182
20260629,all_position,0,14,1655,0.019896131374576232,83182
20260629,all_position,0,15,2652,0.031881897525907046,83182
20260629,all_position,0,16,2474,0.029742011492871055,83182
20260629,all_position,0,17,2527,0.030379168570123342,83182
20260629,all_position,0,18,3738,0.04493760669375586,83182
20260629,all_position,0,19,1642,0.019739847563174727,83182
20260629,all_position,0,20,3688,0.044336515111442376,83182
20260629,all_position,0,21,2651,0.03186987569426078,83182
20260629,all_position,0,22,1664,0.020004327859392657,83182
20260629,all_position,0,23,2734,0.03286768772090116,83182
20260629,all_position,0,24,2500,0.030054579115674065,83182
20260629,all_position,0,25,2501,0.030066600947320332,83182
20260629,all_position,0,26,2493,0.029970426294150178,83182
20260629,all_position,0,27,2530,0.030415234065062153,83182
20260629,all_position,0,28,2505,0.030114688273905413,83182
20260629,all_position,0,29,2541,0.030547474213171118,83182
20260629,all_position,0,30,2544,0.030583539708109928,83182
20260629,all_position,0,31,2461,0.02958572768146955,83182
20260629,all_position,1,0,3452,0.03251389281341245,106170
20260629,all_position,1,1,3506,0.033022511067156445,106170
20260629,all_position,1,2,2310,0.02175755863238203,106170
20260629,all_position,1,3,3453,0.032523311669963265,106170
20260629,all_position,1,4,3420,0.03221248940378638,106170
20260629,all_position,1,5,2366,0.022285014599227652,106170
20260629,all_position,1,6,5374,0.050616935104078366,106170
20260629,all_position,1,7,2294,0.021606856927568995,106170
20260629,all_position,1,8,3404,0.032061787698973346,106170
20260629,all_position,1,9,3480,0.032777620796835265,106170
20260629,all_position,1,10,2310,0.02175755863238203,106170
20260629,all_position,1,11,3390,0.031929923707261935,106170
20260629,all_position,1,12,3352,0.03157200715833098,106170
20260629,all_position,1,13,2331,0.021955354619949137,106170
20260629,all_position,1,14,5354,0.05042855797306207,106170
20260629,all_position,1,15,2474,0.023302251106715646,106170
20260629,all_position,1,16,3549,0.03342752189884148,106170
20260629,all_position,1,17,3515,0.03310728077611378,106170
20260629,all_position,1,18,2314,0.021795234058585286,106170
20260629,all_position,1,19,3359,0.03163793915418668,106170
20260629,all_position,1,20,3349,0.03154375058867853,106170
20260629,all_position,1,21,2326,0.021908260337195066,106170
20260629,all_position,1,22,5413,0.05098427050956014,106170
20260629,all_position,1,23,2294,0.021606856927568995,106170
20260629,all_position,1,24,3538,0.03332391447678252,106170
20260629,all_position,1,25,3485,0.03282471507958934,106170
20260629,all_position,1,26,3440,0.032400866534802675,106170
20260629,all_position,1,27,3455,0.0325421493830649,106170
20260629,all_position,1,28,3505,0.03301309221060563,106170
20260629,all_position,1,29,3366,0.03170387115004238,106170
20260629,all_position,1,30,3490,0.032871809362343414,106170
20260629,all_position,1,31,3502,0.03298483564095319,106170
20260629,all_position,2,0,3430,0.03357577062756346,102157
20260629,all_position,2,1,3329,0.032587096332116254,102157
20260629,all_position,2,2,3256,0.03187250996015936,102157
20260629,all_position,2,3,2156,0.021104770108754174,102157
20260629,all_position,2,4,2217,0.02170189022778664,102157
20260629,all_position,2,5,3231,0.031627788599900154,102157
20260629,all_position,2,6,2269,0.022210910657125795,102157
20260629,all_position,2,7,5283,0.051714517849976015,102157
20260629,all_position,2,8,3402,0.03330168270407314,102157
20260629,all_position,2,9,3301,0.032313008408625936,102157
20260629,all_position,2,10,3268,0.03198997621308378,102157
20260629,all_position,2,11,2251,0.022034711277739167,102157
20260629,all_position,2,12,2192,0.021457168867527434,102157
20260629,all_position,2,13,3210,0.031422222657282416,102157
20260629,all_position,2,14,2295,0.022465420871795375,102157
20260629,all_position,2,15,5288,0.051763462122027856,102157
20260629,all_position,2,16,3335,0.03264582945857846,102157
20260629,all_position,2,17,3278,0.032087864757187466,102157
20260629,all_position,2,18,3295,0.03225427528216373,102157
20260629,all_position,2,19,2233,0.021858511898352535,102157
20260629,all_position,2,20,2243,0.02195640044245622,102157
20260629,all_position,2,21,3255,0.031862721105748996,102157
20260629,all_position,2,22,2181,0.021349491469013382,102157
20260629,all_position,2,23,5297,0.051851561811721174,102157
20260629,all_position,2,24,3242,0.0317354659984142,102157
20260629,all_position,2,25,3306,0.03236195268067778,102157
20260629,all_position,2,26,3364,0.032929706236479145,102157
20260629,all_position,2,27,3400,0.03328210499525241,102157
20260629,all_position,2,28,3321,0.03250878549683331,102157
20260629,all_position,2,29,3381,0.03309611676145541,102157
20260629,all_position,2,30,3304,0.032342374971857046,102157
20260629,all_position,2,31,3344,0.03273392914827178,102157
20260629,all_position,3,0,2930,0.028808243287089384,101707
20260629,all_position,3,1,2999,0.029486662668252922,101707
20260629,all_position,3,2,3045,0.02993894225569528,101707
20260629,all_position,3,3,5019,0.04934763585593912,101707
20260629,all_position,3,4,3003,0.029525991328030517,101707
20260629,all_position,3,5,4006,0.039387652767262825,101707
20260629,all_position,3,6,2964,0.029142536895198953,101707
20260629,all_position,3,7,2015,0.019811812362964202,101707
20260629,all_position,3,8,3021,0.0297029702970297,101707
20260629,all_position,3,9,2978,0.029280187204420542,101707
20260629,all_position,3,10,2969,0.02919169771992095,101707
20260629,all_position,3,11,5009,0.04924931420649513,101707
20260629,all_position,3,12,3053,0.030017599575250475,101707
20260629,all_position,3,13,4102,0.04033154060192514,101707
20260629,all_position,3,14,2984,0.029339180194086937,101707
20260629,all_position,3,15,1874,0.018425477105803927,101707
20260629,all_position,3,16,2930,0.028808243287089384,101707
20260629,all_position,3,17,2968,0.02918186555497655,101707
20260629,all_position,3,18,2941,0.028916397101477774,101707
20260629,all_position,3,19,5054,0.04969176162899309,101707
20260629,all_position,3,20,3008,0.029575152152752516,101707
20260629,all_position,3,21,4056,0.03987926101448278,101707
20260629,all_position,3,22,3030,0.029791459781529295,101707
20260629,all_position,3,23,1963,0.01930053978585545,101707
20260629,all_position,3,24,3008,0.029575152152752516,101707
20260629,all_position,3,25,2996,0.029457166173419726,101707
20260629,all_position,3,26,2991,0.02940800534869773,101707
20260629,all_position,3,27,2903,0.02854277483359061,101707
20260629,all_position,3,28,2957,0.02907371174058816,101707
20260629,all_position,3,29,3000,0.029496494833197322,101707
20260629,all_position,3,30,2950,0.029004886585977368,101707
20260629,all_position,3,31,2981,0.029309683699253738,101707
20260629,route_only,0,5,1024,0.3333333333333333,3072
20260629,route_only,0,13,1024,0.3333333333333333,3072
20260629,route_only,0,21,1024,0.3333333333333333,3072
20260629,route_only,1,5,1024,0.3333333333333333,3072
20260629,route_only,1,13,1024,0.3333333333333333,3072
20260629,route_only,1,21,1024,0.3333333333333333,3072
20260629,route_only,2,5,1024,0.3333333333333333,3072
20260629,route_only,2,13,1024,0.3333333333333333,3072
20260629,route_only,2,21,1024,0.3333333333333333,3072
20260629,route_only,3,5,1024,0.3333333333333333,3072
20260629,route_only,3,13,1024,0.3333333333333333,3072
20260629,route_only,3,21,1024,0.3333333333333333,3072
20260629,slot_offset_3,0,5,1024,0.3333333333333333,3072
20260629,slot_offset_3,0,13,1024,0.3333333333333333,3072
20260629,slot_offset_3,0,21,1024,0.3333333333333333,3072
20260629,slot_offset_3,1,5,1024,0.3333333333333333,3072
20260629,slot_offset_3,1,13,1024,0.3333333333333333,3072
20260629,slot_offset_3,1,21,1024,0.3333333333333333,3072
20260629,slot_offset_3,2,5,1024,0.3333333333333333,3072
20260629,slot_offset_3,2,13,1024,0.3333333333333333,3072
20260629,slot_offset_3,2,21,1024,0.3333333333333333,3072
20260629,slot_offset_3,3,5,1024,0.3333333333333333,3072
20260629,slot_offset_3,3,13,1024,0.3333333333333333,3072
20260629,slot_offset_3,3,21,1024,0.3333333333333333,3072
20260629,selector_stability_top1_position,0,6,1024,1.0,1024
20260629,selector_stability_top1_position,1,6,8192,1.0,8192
20260629,selector_stability_top1_position,2,6,2048,1.0,2048
20260629,selector_stability_top1_position,3,6,1024,1.0,1024
20260629,selector_stability_top3_positions,0,12,3072,1.0,3072
20260629,selector_stability_top3_positions,1,6,3079,0.7457011382901428,4129
20260629,selector_stability_top3_positions,1,11,1041,0.2521191571809155,4129
20260629,selector_stability_top3_positions,1,12,9,0.0021797045289416324,4129
20260629,selector_stability_top3_positions,2,6,8166,0.3200219461535447,25517
20260629,selector_stability_top3_positions,2,11,8162,0.31986518791393975,25517
20260629,selector_stability_top3_positions,2,12,9189,0.36011286593251557,25517
20260629,selector_stability_top3_positions,3,6,1043,0.2515677761698022,4146
20260629,selector_stability_top3_positions,3,11,3085,0.7440906898215147,4146
20260629,selector_stability_top3_positions,3,12,18,0.004341534008683068,4146
20260629,selector_stability_threshold_positions,0,6,2048,0.5,4096
20260629,selector_stability_threshold_positions,0,14,2048,0.5,4096
20260629,selector_stability_threshold_positions,1,6,1026,0.14309623430962343,7170
20260629,selector_stability_threshold_positions,1,11,2048,0.28563458856345886,7170
20260629,selector_stability_threshold_positions,1,12,1024,0.14281729428172943,7170
20260629,selector_stability_threshold_positions,1,14,1024,0.14281729428172943,7170
20260629,selector_stability_threshold_positions,1,19,2048,0.28563458856345886,7170
20260629,selector_stability_threshold_positions,2,6,1062,0.14474580891372496,7337
20260629,selector_stability_threshold_positions,2,7,1047,0.14270137658443505,7337
20260629,selector_stability_threshold_positions,2,11,2077,0.28308572986234154,7337
20260629,selector_stability_threshold_positions,2,12,23,0.003134796238244514,7337
20260629,selector_stability_threshold_positions,2,14,1048,0.1428376720730544,7337
20260629,selector_stability_threshold_positions,2,19,2080,0.28349461632819956,7337
20260629,selector_stability_threshold_positions,3,6,8152,0.14788208616780046,55125
20260629,selector_stability_threshold_positions,3,7,11241,0.20391836734693877,55125
20260629,selector_stability_threshold_positions,3,11,8163,0.14808163265306123,55125
20260629,selector_stability_threshold_positions,3,12,11241,0.20391836734693877,55125
20260629,selector_stability_threshold_positions,3,14,8168,0.14817233560090703,55125
20260629,selector_stability_threshold_positions,3,19,8160,0.14802721088435375,55125
20260629,pca_q4,0,0,3138,0.029870068059587834,105055
20260629,pca_q4,0,1,3177,0.030241302175051162,105055
20260629,pca_q4,0,2,3142,0.02990814335348151,105055
20260629,pca_q4,0,3,4168,0.03967445623720908,105055
20260629,pca_q4,0,4,3105,0.029555946884965018,105055
20260629,pca_q4,0,5,3139,0.029879586883061252,105055
20260629,pca_q4,0,6,2189,0.020836704583313503,105055
20260629,pca_q4,0,7,4213,0.04010280329351292,105055
20260629,pca_q4,0,8,3246,0.030898100994717053,105055
20260629,pca_q4,0,9,3263,0.031059920993765172,105055
20260629,pca_q4,0,10,3219,0.030641092760934747,105055
20260629,pca_q4,0,11,4188,0.039864832706677455,105055
20260629,pca_q4,0,12,3186,0.03032697158631193,105055
20260629,pca_q4,0,13,3137,0.029860549236114416,105055
20260629,pca_q4,0,14,2128,0.020256056351434962,105055
20260629,pca_q4,0,15,4162,0.03961734329636857,105055
20260629,pca_q4,0,16,3237,0.030812431583456285,105055
20260629,pca_q4,0,17,3219,0.030641092760934747,105055
20260629,pca_q4,0,18,3168,0.030155632763790397,105055
20260629,pca_q4,0,19,4190,0.03988387035362429,105055
20260629,pca_q4,0,20,3138,0.029870068059587834,105055
20260629,pca_q4,0,21,3174,0.03021274570463091,105055
20260629,pca_q4,0,22,2189,0.020836704583313503,105055
20260629,pca_q4,0,23,4230,0.04026462329256104,105055
20260629,pca_q4,0,24,3217,0.03062205511398791,105055
20260629,pca_q4,0,25,3243,0.030869544524296796,105055
20260629,pca_q4,0,26,3223,0.030679168054828423,105055
20260629,pca_q4,0,27,3181,0.030279377468944838,105055
20260629,pca_q4,0,28,3218,0.03063157393746133,105055
20260629,pca_q4,0,29,3257,0.031002808052924657,105055
20260629,pca_q4,0,30,3203,0.03048879158536005,105055
20260629,pca_q4,0,31,3168,0.030155632763790397,105055
20260629,pca_q4,1,0,3554,0.03469855992189407,102425
20260629,pca_q4,1,1,3406,0.033253600195264826,102425
20260629,pca_q4,1,2,2257,0.022035635831095923,102425
20260629,pca_q4,1,3,3351,0.032716621918476935,102425
20260629,pca_q4,1,4,3304,0.03225774957285819,102425
20260629,pca_q4,1,5,3275,0.031974615572370024,102425
20260629,pca_q4,1,6,3193,0.031174029777886258,102425
20260629,pca_q4,1,7,3233,0.031564559433732,102425
20260629,pca_q4,1,8,3290,0.03212106419331218,102425
20260629,pca_q4,1,9,3392,0.033116914815718816,102425
20260629,pca_q4,1,10,2222,0.0216939223822309,102425
20260629,pca_q4,1,11,3262,0.03184769343422016,102425
20260629,pca_q4,1,12,3179,0.031037344398340248,102425
20260629,pca_q4,1,13,3257,0.031798877227239446,102425
20260629,pca_q4,1,14,3288,0.03210153771051989,102425
20260629,pca_q4,1,15,3337,0.032579936538930925,102425
20260629,pca_q4,1,16,3376,0.03296070295338052,102425
20260629,pca_q4,1,17,3364,0.0328435440566268,102425
20260629,pca_q4,1,18,2160,0.021088601415670004,102425
20260629,pca_q4,1,19,3224,0.03147669026116671,102425
20260629,pca_q4,1,20,3275,0.031974615572370024,102425
20260629,pca_q4,1,21,3221,0.031447400536978275,102425
20260629,pca_q4,1,22,3231,0.03154503295093971,102425
20260629,pca_q4,1,23,3217,0.0314083475713937,102425
20260629,pca_q4,1,24,3316,0.03237490846961191,102425
20260629,pca_q4,1,25,3324,0.032453014400781056,102425
20260629,pca_q4,1,26,3321,0.03242372467659263,102425
20260629,pca_q4,1,27,3376,0.03296070295338052,102425
20260629,pca_q4,1,28,3358,0.032784964608249936,102425
20260629,pca_q4,1,29,3211,0.03134976812301684,102425
20260629,pca_q4,1,30,3339,0.03259946302172321,102425
20260629,pca_q4,1,31,3312,0.03233585550402734,102425
20260629,pca_q4,2,0,4664,0.0330956182366507,140925
20260629,pca_q4,2,1,4700,0.03335107326592159,140925
20260629,pca_q4,2,2,5177,0.036735852403760864,140925
20260629,pca_q4,2,3,3077,0.021834309029625687,140925
20260629,pca_q4,2,4,5173,0.036707468511619656,140925
20260629,pca_q4,2,5,4245,0.030122405534858968,140925
20260629,pca_q4,2,6,3153,0.022373602980308674,140925
20260629,pca_q4,2,7,4161,0.02952634379989356,140925
20260629,pca_q4,2,8,4759,0.033769735675004436,140925
20260629,pca_q4,2,9,4658,0.033053042398438884,140925
20260629,pca_q4,2,10,5142,0.03648749334752528,140925
20260629,pca_q4,2,11,3166,0.02246585062976761,140925
20260629,pca_q4,2,12,5234,0.03714032286677311,140925
20260629,pca_q4,2,13,4125,0.02927088877062267,140925
20260629,pca_q4,2,14,3121,0.022146531843178996,140925
20260629,pca_q4,2,15,4135,0.029341848500975695,140925
20260629,pca_q4,2,16,4722,0.03350718467269825,140925
20260629,pca_q4,2,17,4725,0.03352847259180415,140925
20260629,pca_q4,2,18,5261,0.037331914138726274,140925
20260629,pca_q4,2,19,3131,0.02221749157353202,140925
20260629,pca_q4,2,20,5160,0.03661522086216072,140925
20260629,pca_q4,2,21,4149,0.02944119212346993,140925
20260629,pca_q4,2,22,3092,0.021940748625155226,140925
20260629,pca_q4,2,23,4206,0.02984566258648217,140925
20260629,pca_q4,2,24,4717,0.03347170480752173,140925
20260629,pca_q4,2,25,4689,0.033273017562533265,140925
20260629,pca_q4,2,26,4698,0.033336881319850985,140925
20260629,pca_q4,2,27,4747,0.033684583998580805,140925
20260629,pca_q4,2,28,4682,0.033223345751286146,140925
20260629,pca_q4,2,29,4789,0.03398261486606351,140925
20260629,pca_q4,2,30,4723,0.033514280645733543,140925
20260629,pca_q4,2,31,4744,0.0336632960794749,140925
20260629,pca_q4,3,0,932,0.020798464662694426,44811
20260629,pca_q4,3,1,1005,0.022427528954944098,44811
20260629,pca_q4,3,2,1712,0.03820490504563612,44811
20260629,pca_q4,3,3,1692,0.03775858606145813,44811
20260629,pca_q4,3,4,706,0.015755060141483118,44811
20260629,pca_q4,3,5,1629,0.03635268126129745,44811
20260629,pca_q4,3,6,3753,0.0837517573810002,44811
20260629,pca_q4,3,7,681,0.015197161411260629,44811
20260629,pca_q4,3,8,993,0.022159737564437305,44811
20260629,pca_q4,3,9,975,0.02175805047867711,44811
20260629,pca_q4,3,10,1705,0.03804869340117382,44811
20260629,pca_q4,3,11,1672,0.03731226707728013,44811
20260629,pca_q4,3,12,689,0.015375689004931825,44811
20260629,pca_q4,3,13,1769,0.03947691415054339,44811
20260629,pca_q4,3,14,3751,0.0837071254825824,44811
20260629,pca_q4,3,15,654,0.014594630782620339,44811
20260629,pca_q4,3,16,953,0.02126709959608132,44811
20260629,pca_q4,3,17,980,0.021869630224721607,44811
20260629,pca_q4,3,18,1699,0.03791479770592042,44811
20260629,pca_q4,3,19,1743,0.038896699471112,44811
20260629,pca_q4,3,20,715,0.015955903684363216,44811
20260629,pca_q4,3,21,1744,0.038919015420320904,44811
20260629,pca_q4,3,22,3776,0.08426502421280489,44811
20260629,pca_q4,3,23,635,0.014170627747651246,44811
20260629,pca_q4,3,24,1038,0.023163955278837786,44811
20260629,pca_q4,3,25,1032,0.023030059583584388,44811
20260629,pca_q4,3,26,1046,0.023342482872508983,44811
20260629,pca_q4,3,27,984,0.021958894021557207,44811
20260629,pca_q4,3,28,1030,0.02298542768516659,44811
20260629,pca_q4,3,29,1031,0.023007743634375487,44811
20260629,pca_q4,3,30,1023,0.02282921604070429,44811
20260629,pca_q4,3,31,1064,0.023744169958269175,44811
20260629,pca_q8,0,0,2814,0.02822269248899275,99707
20260629,pca_q8,0,1,2980,0.029887570581804686,99707
20260629,pca_q8,0,2,3988,0.03999719177189164,99707
20260629,pca_q8,0,3,4975,0.049896195853851785,99707
20260629,pca_q8,0,4,1930,0.01935671517546411,99707
20260629,pca_q8,0,5,2883,0.028914720129980843,99707
20260629,pca_q8,0,6,2975,0.029837423651298305,99707
20260629,pca_q8,0,7,2959,0.029676953473677877,99707
20260629,pca_q8,0,8,2980,0.029887570581804686,99707
20260629,pca_q8,0,9,2900,0.02908521969370255,99707
20260629,pca_q8,0,10,3959,0.03970633957495462,99707
20260629,pca_q8,0,11,5023,0.05037760638671307,99707
20260629,pca_q8,0,12,1974,0.019798008163920286,99707
20260629,pca_q8,0,13,3014,0.030228569709248098,99707
20260629,pca_q8,0,14,2931,0.029396130662842128,99707
20260629,pca_q8,0,15,2963,0.029717071018082984,99707
20260629,pca_q8,0,16,2887,0.02895483767438595,99707
20260629,pca_q8,0,17,2906,0.029145396010310208,99707
20260629,pca_q8,0,18,3947,0.039585986941739294,99707
20260629,pca_q8,0,19,4991,0.05005666603147221,99707
20260629,pca_q8,0,20,1853,0.0185844524456658,99707
20260629,pca_q8,0,21,2921,0.02929583680182936,99707
20260629,pca_q8,0,22,2979,0.029877541195703412,99707
20260629,pca_q8,0,23,2967,0.02975718856248809,99707
20260629,pca_q8,0,24,2837,0.028453368369322114,99707
20260629,pca_q8,0,25,2932,0.029406160048943406,99707
20260629,pca_q8,0,26,2867,0.028754249952360415,99707
20260629,pca_q8,0,27,2894,0.029025043377094887,99707
20260629,pca_q8,0,28,2868,0.028764279338461693,99707
20260629,pca_q8,0,29,2844,0.02852357407203105,99707
20260629,pca_q8,0,30,2867,0.028754249952360415,99707
20260629,pca_q8,0,31,2899,0.02907519030760127,99707
20260629,pca_q8,1,0,2784,0.03385214007782101,82240
20260629,pca_q8,1,1,2550,0.0310068093385214,82240
20260629,pca_q8,1,2,2733,0.033232003891050584,82240
20260629,pca_q8,1,3,2783,0.03383998054474708,82240
20260629,pca_q8,1,4,3720,0.045233463035019454,82240
20260629,pca_q8,1,5,2651,0.03223492217898833,82240
20260629,pca_q8,1,6,1654,0.020111867704280157,82240
20260629,pca_q8,1,7,2743,0.03335359922178988,82240
20260629,pca_q8,1,8,2352,0.028599221789883267,82240
20260629,pca_q8,1,9,2452,0.029815175097276266,82240
20260629,pca_q8,1,10,2687,0.03267266536964981,82240
20260629,pca_q8,1,11,2683,0.03262402723735409,82240
20260629,pca_q8,1,12,3612,0.043920233463035016,82240
20260629,pca_q8,1,13,2597,0.03157830739299611,82240
20260629,pca_q8,1,14,1604,0.019503891050583658,82240
20260629,pca_q8,1,15,2598,0.03159046692607004,82240
20260629,pca_q8,1,16,2369,0.028805933852140076,82240
20260629,pca_q8,1,17,2497,0.030362354085603113,82240
20260629,pca_q8,1,18,2632,0.032003891050583655,82240
20260629,pca_q8,1,19,2660,0.0323443579766537,82240
20260629,pca_q8,1,20,3653,0.04441877431906615,82240
20260629,pca_q8,1,21,2634,0.032028210116731515,82240
20260629,pca_q8,1,22,1632,0.019844357976653695,82240
20260629,pca_q8,1,23,2590,0.0314931906614786,82240
20260629,pca_q8,1,24,2434,0.029596303501945524,82240
20260629,pca_q8,1,25,2431,0.029559824902723734,82240
20260629,pca_q8,1,26,2412,0.029328793774319066,82240
20260629,pca_q8,1,27,2378,0.02891536964980545,82240
20260629,pca_q8,1,28,2457,0.029875972762645916,82240
20260629,pca_q8,1,29,2404,0.029231517509727627,82240
20260629,pca_q8,1,30,2459,0.029900291828793776,82240
20260629,pca_q8,1,31,2395,0.029122081712062257,82240
20260629,pca_q8,2,0,4712,0.03530460713135082,133467
20260629,pca_q8,2,1,4709,0.03528212966501083,133467
20260629,pca_q8,2,2,4201,0.031475945364771815,133467
20260629,pca_q8,2,3,3125,0.023414027437493913,133467
20260629,pca_q8,2,4,4207,0.031520900297451804,133467
20260629,pca_q8,2,5,4322,0.03238253650715158,133467
20260629,pca_q8,2,6,3205,0.024013426539893756,133467
20260629,pca_q8,2,7,3105,0.02326417766189395,133467
20260629,pca_q8,2,8,4776,0.035784126413270695,133467
20260629,pca_q8,2,9,4816,0.03608382596447062,133467
20260629,pca_q8,2,10,4190,0.03139352798819184,133467
20260629,pca_q8,2,11,3139,0.023518922280413884,133467
20260629,pca_q8,2,12,4222,0.031633287629151775,133467
20260629,pca_q8,2,13,4193,0.03141600545453183,133467
20260629,pca_q8,2,14,3189,0.023893546719413787,133467
20260629,pca_q8,2,15,3210,0.024050888983793747,133467
20260629,pca_q8,2,16,4871,0.03649591284737051,133467
20260629,pca_q8,2,17,4740,0.03551439681719076,133467
20260629,pca_q8,2,18,4301,0.03222519424277162,133467
20260629,pca_q8,2,19,3195,0.023938501652093776,133467
20260629,pca_q8,2,20,4240,0.03176815242719174,133467
20260629,pca_q8,2,21,4204,0.03149842283111181,133467
20260629,pca_q8,2,22,3123,0.023399042459933916,133467
20260629,pca_q8,2,23,3241,0.024283156135973687,133467
20260629,pca_q8,2,24,4864,0.03644346542591052,133467
20260629,pca_q8,2,25,4712,0.03530460713135082,133467
20260629,pca_q8,2,26,4772,0.03575415645815071,133467
20260629,pca_q8,2,27,4783,0.035836573834730684,133467
20260629,pca_q8,2,28,4699,0.03520720477721084,133467
20260629,pca_q8,2,29,4867,0.03646594289225052,133467
20260629,pca_q8,2,30,4792,0.03590400623375067,133467
20260629,pca_q8,2,31,4742,0.035529381794750764,133467
20260629,pca_q8,3,0,1978,0.025423510963728437,77802
20260629,pca_q8,3,1,2049,0.026336083905298065,77802
20260629,pca_q8,3,2,1366,0.01755738927019871,77802
20260629,pca_q8,3,3,1405,0.0180586617310609,77802
20260629,pca_q8,3,4,2431,0.03124598339374309,77802
20260629,pca_q8,3,5,2432,0.0312588365337652,77802
20260629,pca_q8,3,6,4454,0.05724788565846636,77802
20260629,pca_q8,3,7,3481,0.04474178041695586,77802
20260629,pca_q8,3,8,2180,0.028019845248194133,77802
20260629,pca_q8,3,9,2120,0.02724865684686769,77802
20260629,pca_q8,3,10,1452,0.018662759312099948,77802
20260629,pca_q8,3,11,1443,0.01854708105190098,77802
20260629,pca_q8,3,12,2480,0.03187578725482636,77802
20260629,pca_q8,3,13,2484,0.031927199814914785,77802
20260629,pca_q8,3,14,4564,0.05866173106089818,77802
20260629,pca_q8,3,15,3517,0.04520449345775173,77802
20260629,pca_q8,3,16,2161,0.027775635587774093,77802
20260629,pca_q8,3,17,2145,0.027569985347420375,77802
20260629,pca_q8,3,18,1408,0.018097221151127222,77802
20260629,pca_q8,3,19,1442,0.01853422791187887,77802
20260629,pca_q8,3,20,2542,0.03267268193619701,77802
20260629,pca_q8,3,21,2529,0.032505591115909616,77802
20260629,pca_q8,3,22,4554,0.058533199660677104,77802
20260629,pca_q8,3,23,3490,0.04485745867715483,77802
20260629,pca_q8,3,24,2153,0.027672810467597234,77802
20260629,pca_q8,3,25,2213,0.028443998868923678,77802
20260629,pca_q8,3,26,2237,0.028752474229454254,77802
20260629,pca_q8,3,27,2233,0.028701061669365827,77802
20260629,pca_q8,3,28,2264,0.029099509010051157,77802
20260629,pca_q8,3,29,2173,0.027929873268039383,77802
20260629,pca_q8,3,30,2170,0.02789131384797306,77802
20260629,pca_q8,3,31,2252,0.028945271329785867,77802
20260629,pca_q16,0,0,1556,0.02404983075472573,64699
20260629,pca_q16,0,1,1684,0.02602822300190111,64699
20260629,pca_q16,0,2,1130,0.017465494057095163,64699
20260629,pca_q16,0,3,1141,0.0176355121408368,64699
20260629,pca_q16,0,4,3168,0.04896520811759069,64699
20260629,pca_q16,0,5,2151,0.033246263466205045,64699
20260629,pca_q16,0,6,2217,0.03426637196865485,64699
20260629,pca_q16,0,7,3251,0.050248071840368475,64699
20260629,pca_q16,0,8,1787,0.02762021051330005,64699
20260629,pca_q16,0,9,1798,0.027790228597041687,64699
20260629,pca_q16,0,10,1230,0.01901111300020093,64699
20260629,pca_q16,0,11,1268,0.01959844819858112,64699
20260629,pca_q16,0,12,3261,0.05040263373467905,64699
20260629,pca_q16,0,13,2179,0.03367903677027466,64699
20260629,pca_q16,0,14,2196,0.033941791990602634,64699
20260629,pca_q16,0,15,3187,0.04925887571678079,64699
20260629,pca_q16,0,16,1790,0.027666579081593225,64699
20260629,pca_q16,0,17,1807,0.027929334301921203,64699
20260629,pca_q16,0,18,1192,0.01842377780182074,64699
20260629,pca_q16,0,19,1218,0.01882563872702824,64699
20260629,pca_q16,0,20,3273,0.05058810800785175,64699
20260629,pca_q16,0,21,2216,0.03425091577922379,64699
20260629,pca_q16,0,22,2225,0.034390021484103306,64699
20260629,pca_q16,0,23,3236,0.05001622899890261,64699
20260629,pca_q16,0,24,1830,0.02828482665883553,64699
20260629,pca_q16,0,25,1831,0.02830028284826659,64699
20260629,pca_q16,0,26,1819,0.028114808575093898,64699
20260629,pca_q16,0,27,1800,0.0278211409759038,64699
20260629,pca_q16,0,28,1849,0.028578494258025628,64699
20260629,pca_q16,0,29,1808,0.02794479049135226,64699
20260629,pca_q16,0,30,1823,0.028176633332818127,64699
20260629,pca_q16,0,31,1778,0.02748110480842053,64699
20260629,pca_q16,1,0,4160,0.03279463933780055,126850
20260629,pca_q16,1,1,4128,0.03254237288135593,126850
20260629,pca_q16,1,2,3779,0.0297910918407568,126850
20260629,pca_q16,1,3,2754,0.021710681907765077,126850
20260629,pca_q16,1,4,3665,0.02889239258967284,126850
20260629,pca_q16,1,5,3836,0.030240441466298777,126850
20260629,pca_q16,1,6,5788,0.045628695309420576,126850
20260629,pca_q16,1,7,3675,0.028971225857311787,126850
20260629,pca_q16,1,8,3984,0.031407173827355146,126850
20260629,pca_q16,1,9,3981,0.03138352384706346,126850
20260629,pca_q16,1,10,3720,0.02932597556168703,126850
20260629,pca_q16,1,11,2646,0.020859282617264486,126850
20260629,pca_q16,1,12,3678,0.02899487583760347,126850
20260629,pca_q16,1,13,3725,0.029365392195506504,126850
20260629,pca_q16,1,14,5727,0.04514781237682302,126850
20260629,pca_q16,1,15,3699,0.02916042569964525,126850
20260629,pca_q16,1,16,3998,0.03151754040204967,126850
20260629,pca_q16,1,17,4102,0.03233740638549468,126850
20260629,pca_q16,1,18,3733,0.02942845880961766,126850
20260629,pca_q16,1,19,2707,0.021340165549862043,126850
20260629,pca_q16,1,20,3737,0.029459992116673234,126850
20260629,pca_q16,1,21,3666,0.028900275916436735,126850
20260629,pca_q16,1,22,5738,0.04523452897122586,126850
20260629,pca_q16,1,23,3689,0.029081592432006306,126850
20260629,pca_q16,1,24,4043,0.03187229010642491,126850
20260629,pca_q16,1,25,4099,0.032313756405202995,126850
20260629,pca_q16,1,26,4083,0.032187623176980686,126850
20260629,pca_q16,1,27,4063,0.0320299566417028,126850
20260629,pca_q16,1,28,4052,0.03194324004729996,126850
20260629,pca_q16,1,29,4047,0.03190382341348049,126850
20260629,pca_q16,1,30,4094,0.032274339771383526,126850
20260629,pca_q16,1,31,4054,0.03195900670082775,126850
20260629,pca_q16,2,0,4401,0.03385228374075043,130006
20260629,pca_q16,2,1,4416,0.03396766303093703,130006
20260629,pca_q16,2,2,4946,0.038044397950863805,130006
20260629,pca_q16,2,3,3976,0.0305832038521299,130006
20260629,pca_q16,2,4,4092,0.03147547036290633,130006
20260629,pca_q16,2,5,3941,0.030313985508361153,130006
20260629,pca_q16,2,6,2948,0.022675876498007785,130006
20260629,pca_q16,2,7,2966,0.02281433164623171,130006
20260629,pca_q16,2,8,4352,0.033475378059474176,130006
20260629,pca_q16,2,9,4512,0.034706090488131315,130006
20260629,pca_q16,2,10,4944,0.03802901404550559,130006
20260629,pca_q16,2,11,3913,0.030098610833346154,130006
20260629,pca_q16,2,12,3965,0.030498592372659724,130006
20260629,pca_q16,2,13,3967,0.030513976278017937,130006
20260629,pca_q16,2,14,2972,0.022860483362306356,130006
20260629,pca_q16,2,15,3039,0.023375844191806532,130006
20260629,pca_q16,2,16,4517,0.034744550251526854,130006
20260629,pca_q16,2,17,4385,0.033729212497884714,130006
20260629,pca_q16,2,18,4951,0.038082857714259344,130006
20260629,pca_q16,2,19,3944,0.030337061366398473,130006
20260629,pca_q16,2,20,3909,0.030067843022629725,130006
20260629,pca_q16,2,21,3933,0.030252449886928295,130006
20260629,pca_q16,2,22,2913,0.022406658154239034,130006
20260629,pca_q16,2,23,2926,0.022506653539067428,130006
20260629,pca_q16,2,24,4415,0.033959971078257926,130006
20260629,pca_q16,2,25,4371,0.03362152516037721,130006
20260629,pca_q16,2,26,4392,0.033783056166638466,130006
20260629,pca_q16,2,27,4464,0.034336876759534174,130006
20260629,pca_q16,2,28,4370,0.033613833207698104,130006
20260629,pca_q16,2,29,4430,0.034075350368444536,130006
20260629,pca_q16,2,30,4381,0.03369844468716828,130006
20260629,pca_q16,2,31,4355,0.0334984539175115,130006
20260629,pca_q16,3,0,2171,0.030295418707525713,71661
20260629,pca_q16,3,1,2060,0.0287464590223413,71661
20260629,pca_q16,3,2,2433,0.03395152174823125,71661
20260629,pca_q16,3,3,4417,0.06163743179693278,71661
20260629,pca_q16,3,4,1363,0.01902010856672388,71661
20260629,pca_q16,3,5,2360,0.032932836549866736,71661
20260629,pca_q16,3,6,1335,0.018629379997488173,71661
20260629,pca_q16,3,7,2396,0.03343520185316978,71661
20260629,pca_q16,3,8,2165,0.030211691156975203,71661
20260629,pca_q16,3,9,1997,0.02786731974156096,71661
20260629,pca_q16,3,10,2394,0.03340729266965295,71661
20260629,pca_q16,3,11,4461,0.06225143383430318,71661
20260629,pca_q16,3,12,1384,0.01931315499365066,71661
20260629,pca_q16,3,13,2417,0.033728248280096566,71661
20260629,pca_q16,3,14,1393,0.019438746319476424,71661
20260629,pca_q16,3,15,2363,0.032974700325141985,71661
20260629,pca_q16,3,16,1983,0.027671955456943106,71661
20260629,pca_q16,3,17,1994,0.027825455966285707,71661
20260629,pca_q16,3,18,2412,0.033658475321304476,71661
20260629,pca_q16,3,19,4419,0.061665340980449616,71661
20260629,pca_q16,3,20,1369,0.01910383611727439,71661
20260629,pca_q16,3,21,2473,0.03450970541856798,71661
20260629,pca_q16,3,22,1412,0.019703883562886368,71661
20260629,pca_q16,3,23,2437,0.03400734011526493,71661
20260629,pca_q16,3,24,2000,0.027909183516836213,71661
20260629,pca_q16,3,25,1987,0.02772777382397678,71661
20260629,pca_q16,3,26,1994,0.027825455966285707,71661
20260629,pca_q16,3,27,1961,0.02736495443825791,71661
20260629,pca_q16,3,28,2017,0.028146411576729324,71661
20260629,pca_q16,3,29,2003,0.02795104729211147,71661
20260629,pca_q16,3,30,1990,0.027769637599252033,71661
20260629,pca_q16,3,31,2101,0.029318597284436445,71661
20260629,pca_q32,0,0,2276,0.02812341682215275,80929
20260629,pca_q32,0,1,2274,0.028098703802098137,80929
20260629,pca_q32,0,2,2520,0.031138405268815877,80929
20260629,pca_q32,0,3,2484,0.03069357090783279,80929
20260629,pca_q32,0,4,3527,0.04358141086631492,80929
20260629,pca_q32,0,5,1465,0.018102287190006054,80929
20260629,pca_q32,0,6,1565,0.019337938192736843,80929
20260629,pca_q32,0,7,4626,0.057161215386326285,80929
20260629,pca_q32,0,8,2324,0.02871652930346353,80929
20260629,pca_q32,0,9,2278,0.028148129842207367,80929
20260629,pca_q32,0,10,2601,0.032139282581027814,80929
20260629,pca_q32,0,11,2521,0.031150761778843183,80929
20260629,pca_q32,0,12,3557,0.04395210616713415,80929
20260629,pca_q32,0,13,1527,0.018868390811699144,80929
20260629,pca_q32,0,14,1512,0.018683043161289527,80929
20260629,pca_q32,0,15,4631,0.05722299793646283,80929
20260629,pca_q32,0,16,2286,0.02824698192242583,80929
20260629,pca_q32,0,17,2249,0.02778979105141544,80929
20260629,pca_q32,0,18,2550,0.031509100569635115,80929
20260629,pca_q32,0,19,2552,0.03153381358968973,80929
20260629,pca_q32,0,20,3566,0.04406331475737993,80929
20260629,pca_q32,0,21,1547,0.019115521012245302,80929
20260629,pca_q32,0,22,1489,0.018398843430661446,80929
20260629,pca_q32,0,23,4611,0.05697586773591667,80929
20260629,pca_q32,0,24,2252,0.027826860581497363,80929
20260629,pca_q32,0,25,2311,0.028555894673108526,80929
20260629,pca_q32,0,26,2337,0.028877163933818534,80929
20260629,pca_q32,0,27,2302,0.028444686082862755,80929
20260629,pca_q32,0,28,2332,0.028815381383681993,80929
20260629,pca_q32,0,29,2358,0.029136650644391998,80929
20260629,pca_q32,0,30,2247,0.027765078031360822,80929
20260629,pca_q32,0,31,2252,0.027826860581497363,80929
20260629,pca_q32,1,0,2474,0.02941561143808335,84105
20260629,pca_q32,1,1,2502,0.02974852862493312,84105
20260629,pca_q32,1,2,2681,0.03187682064086558,84105
20260629,pca_q32,1,3,2698,0.03207894893288152,84105
20260629,pca_q32,1,4,1683,0.020010700909577316,84105
20260629,pca_q32,1,5,3707,0.044075857559003624,84105
20260629,pca_q32,1,6,3703,0.04402829796088223,84105
20260629,pca_q32,1,7,1682,0.019998811010046965,84105
20260629,pca_q32,1,8,2495,0.029665299328220675,84105
20260629,pca_q32,1,9,2548,0.03029546400332917,84105
20260629,pca_q32,1,10,2635,0.031329885262469534,84105
20260629,pca_q32,1,11,2748,0.03267344390939896,84105
20260629,pca_q32,1,12,1689,0.02008204030675941,84105
20260629,pca_q32,1,13,3763,0.04474169193270317,84105
20260629,pca_q32,1,14,3776,0.044896260626597705,84105
20260629,pca_q32,1,15,1685,0.020034480708638013,84105
20260629,pca_q32,1,16,2514,0.029891207419297308,84105
20260629,pca_q32,1,17,2507,0.029807978122584865,84105
20260629,pca_q32,1,18,2707,0.032185958028654656,84105
20260629,pca_q32,1,19,2726,0.032411866119731285,84105
20260629,pca_q32,1,20,1683,0.020010700909577316,84105
20260629,pca_q32,1,21,3762,0.04472980203317282,84105
20260629,pca_q32,1,22,3770,0.04482492122941561,84105
20260629,pca_q32,1,23,1699,0.020200939302062897,84105
20260629,pca_q32,1,24,2514,0.029891207419297308,84105
20260629,pca_q32,1,25,2619,0.03113964686998395,84105
20260629,pca_q32,1,26,2588,0.03077105998454313,84105
20260629,pca_q32,1,27,2522,0.0299863266155401,84105
20260629,pca_q32,1,28,2524,0.030010106414600796,84105
20260629,pca_q32,1,29,2445,0.029070804351703228,84105
20260629,pca_q32,1,30,2537,0.030164675108495333,84105
20260629,pca_q32,1,31,2519,0.02995065691694905,84105
20260629,pca_q32,2,0,3467,0.0311044920736029,111463
20260629,pca_q32,2,1,3520,0.03157998618375604,111463
20260629,pca_q32,2,2,3439,0.030853287638050293,111463
20260629,pca_q32,2,3,4468,0.04008505064460852,111463
20260629,pca_q32,2,4,2448,0.021962444936884887,111463
20260629,pca_q32,2,5,3417,0.03065591272440182,111463
20260629,pca_q32,2,6,4405,0.03951984066461516,111463
20260629,pca_q32,2,7,2347,0.021056314651498705,111463
20260629,pca_q32,2,8,3534,0.03170558840153235,111463
20260629,pca_q32,2,9,3510,0.03149027031391583,111463
20260629,pca_q32,2,10,3403,0.030530310506625517,111463
20260629,pca_q32,2,11,4455,0.039968420013816244,111463
20260629,pca_q32,2,12,2408,0.021603581457524022,111463
20260629,pca_q32,2,13,3411,0.03060208320249769,111463
20260629,pca_q32,2,14,4362,0.039134062424302236,111463
20260629,pca_q32,2,15,2359,0.021163973695306964,111463
20260629,pca_q32,2,16,3587,0.03218108251168549,111463
20260629,pca_q32,2,17,3604,0.03233359949041386,111463
20260629,pca_q32,2,18,3390,0.030413679875833235,111463
20260629,pca_q32,2,19,4461,0.040022249535720374,111463
20260629,pca_q32,2,20,2432,0.02181889954514054,111463
20260629,pca_q32,2,21,3346,0.030018930048536285,111463
20260629,pca_q32,2,22,4448,0.039905618904928095,111463
20260629,pca_q32,2,23,2389,0.02143312130482761,111463
20260629,pca_q32,2,24,3673,0.03295263899231135,111463
20260629,pca_q32,2,25,3516,0.03154409983581996,111463
20260629,pca_q32,2,26,3500,0.031400554444075614,111463
20260629,pca_q32,2,27,3575,0.032073423467877234,111463
20260629,pca_q32,2,28,3643,0.032683491382790704,111463
20260629,pca_q32,2,29,3580,0.03211828140279734,111463
20260629,pca_q32,2,30,3679,0.03300646851421548,111463
20260629,pca_q32,2,31,3687,0.03307824121008765,111463
20260629,pca_q32,3,0,4071,0.034878640152845725,116719
20260629,pca_q32,3,1,3992,0.03420180090645054,116719
20260629,pca_q32,3,2,3648,0.03125455152974237,116719
20260629,pca_q32,3,3,2638,0.022601290278360848,116719
20260629,pca_q32,3,4,4630,0.03966792038999649,116719
20260629,pca_q32,3,5,3699,0.031691498385010154,116719
20260629,pca_q32,3,6,2615,0.022404235814220477,116719
20260629,pca_q32,3,7,3633,0.03112603774878126,116719
20260629,pca_q32,3,8,3935,0.03371344853879831,116719
20260629,pca_q32,3,9,3952,0.033859097490554234,116719
20260629,pca_q32,3,10,3649,0.03126311911513978,116719
20260629,pca_q32,3,11,2564,0.0219672889589527,116719
20260629,pca_q32,3,12,4634,0.039702190731586116,116719
20260629,pca_q32,3,13,3587,0.030731928820500517,116719
20260629,pca_q32,3,14,2638,0.022601290278360848,116719
20260629,pca_q32,3,15,3613,0.030954686040833113,116719
20260629,pca_q32,3,16,3901,0.03342215063528646,116719
20260629,pca_q32,3,17,3928,0.03365347544101646,116719
20260629,pca_q32,3,18,3641,0.03119457843196052,116719
20260629,pca_q32,3,19,2549,0.021838775177991588,116719
20260629,pca_q32,3,20,4607,0.039470865925856115,116719
20260629,pca_q32,3,21,3633,0.03112603774878126,116719
20260629,pca_q32,3,22,2581,0.022112937910708626,116719
20260629,pca_q32,3,23,3589,0.030749063991295334,116719
20260629,pca_q32,3,24,3849,0.03297663619462127,116719
20260629,pca_q32,3,25,3842,0.03291666309683942,116719
20260629,pca_q32,3,26,3863,0.033096582390184974,116719
20260629,pca_q32,3,27,3889,0.03331933961051757,116719
20260629,pca_q32,3,28,3789,0.032462581070776826,116719
20260629,pca_q32,3,29,3905,0.03345642097687609,116719
20260629,pca_q32,3,30,3825,0.03277101414508349,116719
20260629,pca_q32,3,31,3830,0.03281385207207053,116719
20260629,bottleneck_ae_q4,0,0,3294,0.030909551558145426,106569
20260629,bottleneck_ae_q4,0,1,3306,0.031022154660360894,106569
20260629,bottleneck_ae_q4,0,2,4257,0.03994595051093658,106569
20260629,bottleneck_ae_q4,0,3,3189,0.0299242744137601,106569
20260629,bottleneck_ae_q4,0,4,3211,0.030130713434488452,106569
20260629,bottleneck_ae_q4,0,5,3123,0.029304957351575036,106569
20260629,bottleneck_ae_q4,0,6,3156,0.029614615882667568,106569
20260629,bottleneck_ae_q4,0,7,3102,0.02910790192269797,106569
20260629,bottleneck_ae_q4,0,8,3251,0.030506057108540006,106569
20260629,bottleneck_ae_q4,0,9,3293,0.030900167966294138,106569
20260629,bottleneck_ae_q4,0,10,4228,0.0396738263472492,106569
20260629,bottleneck_ae_q4,0,11,3210,0.030121329842637164,106569
20260629,bottleneck_ae_q4,0,12,3208,0.030102562658934587,106569
20260629,bottleneck_ae_q4,0,13,3123,0.029304957351575036,106569
20260629,bottleneck_ae_q4,0,14,3223,0.03024331653670392,106569
20260629,bottleneck_ae_q4,0,15,3208,0.030102562658934587,106569
20260629,bottleneck_ae_q4,0,16,3275,0.03073126331297094,106569
20260629,bottleneck_ae_q4,0,17,3306,0.031022154660360894,106569
20260629,bottleneck_ae_q4,0,18,4222,0.039617524796141466,106569
20260629,bottleneck_ae_q4,0,19,3216,0.030177631393744898,106569
20260629,bottleneck_ae_q4,0,20,3226,0.030271467312257785,106569
20260629,bottleneck_ae_q4,0,21,3199,0.030018110332272988,106569
20260629,bottleneck_ae_q4,0,22,3276,0.030740646904822228,106569
20260629,bottleneck_ae_q4,0,23,3219,0.030205782169298763,106569
20260629,bottleneck_ae_q4,0,24,3215,0.03016824780189361,106569
20260629,bottleneck_ae_q4,0,25,3344,0.03137873115070987,106569
20260629,bottleneck_ae_q4,0,26,3224,0.03025270012855521,106569
20260629,bottleneck_ae_q4,0,27,3300,0.03096585310925316,106569
20260629,bottleneck_ae_q4,0,28,3256,0.030552975067796452,106569
20260629,bottleneck_ae_q4,0,29,3211,0.030130713434488452,106569
20260629,bottleneck_ae_q4,0,30,3301,0.03097523670110445,106569
20260629,bottleneck_ae_q4,0,31,3397,0.03187606151882818,106569
20260629,bottleneck_ae_q4,1,0,2653,0.03310456700773646,80140
20260629,bottleneck_ae_q4,1,1,2616,0.032642874968804594,80140
20260629,bottleneck_ae_q4,1,2,1745,0.021774394809084104,80140
20260629,bottleneck_ae_q4,1,3,2794,0.03486398802096331,80140
20260629,bottleneck_ae_q4,1,4,2769,0.034552033940603945,80140
20260629,bottleneck_ae_q4,1,5,2789,0.03480159720489144,80140
20260629,bottleneck_ae_q4,1,6,2779,0.03467681557274769,80140
20260629,bottleneck_ae_q4,1,7,1756,0.021911654604442225,80140
20260629,bottleneck_ae_q4,1,8,2561,0.03195657599201398,80140
20260629,bottleneck_ae_q4,1,9,2657,0.03315447966059396,80140
20260629,bottleneck_ae_q4,1,10,1712,0.021362615423009733,80140
20260629,bottleneck_ae_q4,1,11,2731,0.0340778637384577,80140
20260629,bottleneck_ae_q4,1,12,2724,0.033990516595957074,80140
20260629,bottleneck_ae_q4,1,13,2712,0.03384077863738458,80140
20260629,bottleneck_ae_q4,1,14,2717,0.03390316945345645,80140
20260629,bottleneck_ae_q4,1,15,1784,0.02226104317444472,80140
20260629,bottleneck_ae_q4,1,16,2564,0.0319940104816571,80140
20260629,bottleneck_ae_q4,1,17,2621,0.03270526578487647,80140
20260629,bottleneck_ae_q4,1,18,1757,0.0219241327676566,80140
20260629,bottleneck_ae_q4,1,19,2800,0.03493885700024956,80140
20260629,bottleneck_ae_q4,1,20,2733,0.03410282006488645,80140
20260629,bottleneck_ae_q4,1,21,2714,0.03386573496381333,80140
20260629,bottleneck_ae_q4,1,22,2818,0.03516346393810831,80140
20260629,bottleneck_ae_q4,1,23,1691,0.02110057399550786,80140
20260629,bottleneck_ae_q4,1,24,2706,0.03376590965809833,80140
20260629,bottleneck_ae_q4,1,25,2616,0.032642874968804594,80140
20260629,bottleneck_ae_q4,1,26,2550,0.03181931619665585,80140
20260629,bottleneck_ae_q4,1,27,2622,0.03271774394809084,80140
20260629,bottleneck_ae_q4,1,28,2645,0.033004741702021466,80140
20260629,bottleneck_ae_q4,1,29,2617,0.03265535313201897,80140
20260629,bottleneck_ae_q4,1,30,2562,0.03196905415522835,80140
20260629,bottleneck_ae_q4,1,31,2625,0.03275517843773396,80140
20260629,bottleneck_ae_q4,2,0,2826,0.030284520173605528,93315
20260629,bottleneck_ae_q4,2,1,2907,0.031152547821893587,93315
20260629,bottleneck_ae_q4,2,2,2947,0.03158120345067781,93315
20260629,bottleneck_ae_q4,2,3,2955,0.03166693457643466,93315
20260629,bottleneck_ae_q4,2,4,3039,0.03256711139688153,93315
20260629,bottleneck_ae_q4,2,5,2162,0.023168836735787388,93315
20260629,bottleneck_ae_q4,2,6,1969,0.0211005733269035,93315
20260629,bottleneck_ae_q4,2,7,3901,0.04180464019718159,93315
20260629,bottleneck_ae_q4,2,8,3000,0.03214917215881691,93315
20260629,bottleneck_ae_q4,2,9,3047,0.03265284252263838,93315
20260629,bottleneck_ae_q4,2,10,3040,0.032577827787601134,93315
20260629,bottleneck_ae_q4,2,11,3070,0.032899319509189305,93315
20260629,bottleneck_ae_q4,2,12,3007,0.03222418689385415,93315
20260629,bottleneck_ae_q4,2,13,2084,0.022332958259658146,93315
20260629,bottleneck_ae_q4,2,14,2041,0.021872153458715106,93315
20260629,bottleneck_ae_q4,2,15,3969,0.04253335476611477,93315
20260629,bottleneck_ae_q4,2,16,3049,0.032674275304077585,93315
20260629,bottleneck_ae_q4,2,17,2995,0.032095590205218884,93315
20260629,bottleneck_ae_q4,2,18,3087,0.0330814981514226,93315
20260629,bottleneck_ae_q4,2,19,3017,0.03233135080105021,93315
20260629,bottleneck_ae_q4,2,20,3027,0.03243851470824626,93315
20260629,bottleneck_ae_q4,2,21,2013,0.02157209451856615,93315
20260629,bottleneck_ae_q4,2,22,2017,0.02161496008144457,93315
20260629,bottleneck_ae_q4,2,23,4037,0.043262069335047955,93315
20260629,bottleneck_ae_q4,2,24,2979,0.031924127953705195,93315
20260629,bottleneck_ae_q4,2,25,2988,0.032020575470181646,93315
20260629,bottleneck_ae_q4,2,26,3135,0.03359588490596367,93315
20260629,bottleneck_ae_q4,2,27,2948,0.03159191984139742,93315
20260629,bottleneck_ae_q4,2,28,2976,0.03189197878154638,93315
20260629,bottleneck_ae_q4,2,29,3081,0.03301719980710497,93315
20260629,bottleneck_ae_q4,2,30,3061,0.032802871992712854,93315
20260629,bottleneck_ae_q4,2,31,2941,0.031516905106360175,93315
20260629,bottleneck_ae_q4,3,0,3515,0.03105343133790374,113192
20260629,bottleneck_ae_q4,3,1,3459,0.030558696727683934,113192
20260629,bottleneck_ae_q4,3,2,3339,0.029498551134355785,113192
20260629,bottleneck_ae_q4,3,3,3350,0.02959573114707753,113192
20260629,bottleneck_ae_q4,3,4,3269,0.02888013287158103,113192
20260629,bottleneck_ae_q4,3,5,4214,0.037228779419040216,113192
20260629,bottleneck_ae_q4,3,6,4384,0.03873065234292176,113192
20260629,bottleneck_ae_q4,3,7,3529,0.03117711499045869,113192
20260629,bottleneck_ae_q4,3,8,3476,0.03070888402007209,113192
20260629,bottleneck_ae_q4,3,9,3291,0.029074492897024524,113192
20260629,bottleneck_ae_q4,3,10,3308,0.02922468018941268,113192
20260629,bottleneck_ae_q4,3,11,3277,0.028950809244469574,113192
20260629,bottleneck_ae_q4,3,12,3349,0.029586896600466463,113192
20260629,bottleneck_ae_q4,3,13,4369,0.03859813414375574,113192
20260629,bottleneck_ae_q4,3,14,4307,0.03805039225386953,113192
20260629,bottleneck_ae_q4,3,15,3327,0.02939253657502297,113192
20260629,bottleneck_ae_q4,3,16,3400,0.030037458477630927,113192
20260629,bottleneck_ae_q4,3,17,3366,0.029737083892854618,113192
20260629,bottleneck_ae_q4,3,18,3222,0.028464909180860837,113192
20260629,bottleneck_ae_q4,3,19,3255,0.02875644921902608,113192
20260629,bottleneck_ae_q4,3,20,3302,0.02917167290974627,113192
20260629,bottleneck_ae_q4,3,21,4362,0.038536292317478266,113192
20260629,bottleneck_ae_q4,3,22,4177,0.0369019011944307,113192
20260629,bottleneck_ae_q4,3,23,3341,0.02951622022757792,113192
20260629,bottleneck_ae_q4,3,24,3388,0.029931443918298113,113192
20260629,bottleneck_ae_q4,3,25,3340,0.029507385680966853,113192
20260629,bottleneck_ae_q4,3,26,3379,0.0298519329987985,113192
20260629,bottleneck_ae_q4,3,27,3418,0.03019648031663015,113192
20260629,bottleneck_ae_q4,3,28,3411,0.030134638490352673,113192
20260629,bottleneck_ae_q4,3,29,3379,0.0298519329987985,113192
20260629,bottleneck_ae_q4,3,30,3364,0.02971941479963248,113192
20260629,bottleneck_ae_q4,3,31,3325,0.029374867481800834,113192
20260629,bottleneck_ae_q8,0,0,2595,0.027455087919761315,94518
20260629,bottleneck_ae_q8,0,1,2682,0.028375547514759094,94518
20260629,bottleneck_ae_q8,0,2,3789,0.04008760236145496,94518
20260629,bottleneck_ae_q8,0,3,1728,0.018282231955817938,94518
20260629,bottleneck_ae_q8,0,4,1850,0.01957299138788379,94518
20260629,bottleneck_ae_q8,0,5,2786,0.029475867030618507,94518
20260629,bottleneck_ae_q8,0,6,4852,0.05133413741297954,94518
20260629,bottleneck_ae_q8,0,7,3763,0.039812522482490106,94518
20260629,bottleneck_ae_q8,0,8,2597,0.02747624791045092,94518
20260629,bottleneck_ae_q8,0,9,2647,0.028005247677691022,94518
20260629,bottleneck_ae_q8,0,10,3886,0.04111386190990076,94518
20260629,bottleneck_ae_q8,0,11,1769,0.018716011764954823,94518
20260629,bottleneck_ae_q8,0,12,1824,0.019297911508918936,94518
20260629,bottleneck_ae_q8,0,13,2771,0.029317167100446476,94518
20260629,bottleneck_ae_q8,0,14,4940,0.052265177003322116,94518
20260629,bottleneck_ae_q8,0,15,3818,0.04039442222645422,94518
20260629,bottleneck_ae_q8,0,16,2687,0.028428447491483103,94518
20260629,bottleneck_ae_q8,0,17,2676,0.02831206754269028,94518
20260629,bottleneck_ae_q8,0,18,3846,0.04069066209610868,94518
20260629,bottleneck_ae_q8,0,19,1832,0.01938255147167735,94518
20260629,bottleneck_ae_q8,0,20,1827,0.019329651494953342,94518
20260629,bottleneck_ae_q8,0,21,2783,0.0294441270445841,94518
20260629,bottleneck_ae_q8,0,22,4910,0.05194777714297806,94518
20260629,bottleneck_ae_q8,0,23,3831,0.040531962165936644,94518
20260629,bottleneck_ae_q8,0,24,2663,0.028174527603207853,94518
20260629,bottleneck_ae_q8,0,25,2664,0.028185107598552656,94518
20260629,bottleneck_ae_q8,0,26,2758,0.02917962716096405,94518
20260629,bottleneck_ae_q8,0,27,2770,0.029306587105101672,94518
20260629,bottleneck_ae_q8,0,28,2730,0.02888338729130959,94518
20260629,bottleneck_ae_q8,0,29,2774,0.029348907086480882,94518
20260629,bottleneck_ae_q8,0,30,2710,0.02867178738441355,94518
20260629,bottleneck_ae_q8,0,31,2760,0.029200787151653654,94518
20260629,bottleneck_ae_q8,1,0,3347,0.03415480381652125,97995
20260629,bottleneck_ae_q8,1,1,3354,0.03422623603245063,97995
20260629,bottleneck_ae_q8,1,2,3332,0.034001734782386855,97995
20260629,bottleneck_ae_q8,1,3,3252,0.03318536660033675,97995
20260629,bottleneck_ae_q8,1,4,3196,0.03261390887290168,97995
20260629,bottleneck_ae_q8,1,5,3224,0.03289963773661921,97995
20260629,bottleneck_ae_q8,1,6,2184,0.022286851369967855,97995
20260629,bottleneck_ae_q8,1,7,2228,0.022735853870095413,97995
20260629,bottleneck_ae_q8,1,8,3435,0.03505280881677637,97995
20260629,bottleneck_ae_q8,1,9,3271,0.03337925404357365,97995
20260629,bottleneck_ae_q8,1,10,3220,0.03285881932751671,97995
20260629,bottleneck_ae_q8,1,11,3192,0.03257309046379917,97995
20260629,bottleneck_ae_q8,1,12,3224,0.03289963773661921,97995
20260629,bottleneck_ae_q8,1,13,3193,0.0325832950660748,97995
20260629,bottleneck_ae_q8,1,14,2154,0.021980713301699067,97995
20260629,bottleneck_ae_q8,1,15,2177,0.02221541915403847,97995
20260629,bottleneck_ae_q8,1,16,3334,0.03402214398693811,97995
20260629,bottleneck_ae_q8,1,17,3245,0.033113934384407365,97995
20260629,bottleneck_ae_q8,1,18,3154,0.032185315577325374,97995
20260629,bottleneck_ae_q8,1,19,3258,0.03324659421399051,97995
20260629,bottleneck_ae_q8,1,20,3203,0.03268534108883106,97995
20260629,bottleneck_ae_q8,1,21,3207,0.03272615949793357,97995
20260629,bottleneck_ae_q8,1,22,2156,0.022001122506250317,97995
20260629,bottleneck_ae_q8,1,23,2172,0.02216439614266034,97995
20260629,bottleneck_ae_q8,1,24,3298,0.033654778305015565,97995
20260629,bottleneck_ae_q8,1,25,3350,0.03418541762334813,97995
20260629,bottleneck_ae_q8,1,26,3291,0.033583346089086176,97995
20260629,bottleneck_ae_q8,1,27,3208,0.03273636410020919,97995
20260629,bottleneck_ae_q8,1,28,3321,0.03388948415735497,97995
20260629,bottleneck_ae_q8,1,29,3355,0.034236440634726265,97995
20260629,bottleneck_ae_q8,1,30,3267,0.03333843563447115,97995
20260629,bottleneck_ae_q8,1,31,3193,0.0325832950660748,97995
20260629,bottleneck_ae_q8,2,0,3592,0.034832866244508875,103121
20260629,bottleneck_ae_q8,2,1,3512,0.03405707857759331,103121
20260629,bottleneck_ae_q8,2,2,2327,0.022565723761406503,103121
20260629,bottleneck_ae_q8,2,3,2444,0.023700313224270516,103121
20260629,bottleneck_ae_q8,2,4,4448,0.04313379428050543,103121
20260629,bottleneck_ae_q8,2,5,3426,0.03322310683565908,103121
20260629,bottleneck_ae_q8,2,6,2384,0.023118472474083843,103121
20260629,bottleneck_ae_q8,2,7,2410,0.0233706034658314,103121
20260629,bottleneck_ae_q8,2,8,3611,0.035017115815401324,103121
20260629,bottleneck_ae_q8,2,9,3662,0.035511680453059996,103121
20260629,bottleneck_ae_q8,2,10,2425,0.02351606365337807,103121
20260629,bottleneck_ae_q8,2,11,2486,0.02410760174940119,103121
20260629,bottleneck_ae_q8,2,12,4443,0.043085307551323206,103121
20260629,bottleneck_ae_q8,2,13,3469,0.0336400927066262,103121
20260629,bottleneck_ae_q8,2,14,2361,0.022895433519845618,103121
20260629,bottleneck_ae_q8,2,15,2466,0.0239136548326723,103121
20260629,bottleneck_ae_q8,2,16,3592,0.034832866244508875,103121
20260629,bottleneck_ae_q8,2,17,3660,0.03549228576138711,103121
20260629,bottleneck_ae_q8,2,18,2447,0.02372940526177985,103121
20260629,bottleneck_ae_q8,2,19,2365,0.022934222903191397,103121
20260629,bottleneck_ae_q8,2,20,4504,0.04367684564734632,103121
20260629,bottleneck_ae_q8,2,21,3486,0.033804947585845756,103121
20260629,bottleneck_ae_q8,2,22,2322,0.02251723703222428,103121
20260629,bottleneck_ae_q8,2,23,2429,0.02355485303672385,103121
20260629,bottleneck_ae_q8,2,24,3691,0.03579290348231689,103121
20260629,bottleneck_ae_q8,2,25,3591,0.03482316889867244,103121
20260629,bottleneck_ae_q8,2,26,3530,0.034231630802649314,103121
20260629,bottleneck_ae_q8,2,27,3715,0.03602563978239156,103121
20260629,bottleneck_ae_q8,2,28,3528,0.03421223611097642,103121
20260629,bottleneck_ae_q8,2,29,3521,0.034144354690121316,103121
20260629,bottleneck_ae_q8,2,30,3669,0.03557956187391511,103121
20260629,bottleneck_ae_q8,2,31,3605,0.03495893174038266,103121
20260629,bottleneck_ae_q8,3,0,2754,0.02822241806890615,97582
20260629,bottleneck_ae_q8,3,1,2740,0.02807894898649341,97582
20260629,bottleneck_ae_q8,3,2,2840,0.02910372814658441,97582
20260629,bottleneck_ae_q8,3,3,4864,0.04984525834682626,97582
20260629,bottleneck_ae_q8,3,4,2794,0.028632329732942552,97582
20260629,bottleneck_ae_q8,3,5,2852,0.02922670164579533,97582
20260629,bottleneck_ae_q8,3,6,2868,0.02939066631140989,97582
20260629,bottleneck_ae_q8,3,7,3887,0.039833165952737185,97582
20260629,bottleneck_ae_q8,3,8,2645,0.02710540878440696,97582
20260629,bottleneck_ae_q8,3,9,2708,0.02775101965526429,97582
20260629,bottleneck_ae_q8,3,10,2757,0.02825316144370888,97582
20260629,bottleneck_ae_q8,3,11,4841,0.04960955914000533,97582
20260629,bottleneck_ae_q8,3,12,2797,0.028663073107745282,97582
20260629,bottleneck_ae_q8,3,13,2855,0.02925744502059806,97582
20260629,bottleneck_ae_q8,3,14,2833,0.029031993605378042,97582
20260629,bottleneck_ae_q8,3,15,3827,0.039218298456682586,97582
20260629,bottleneck_ae_q8,3,16,2675,0.02741284253243426,97582
20260629,bottleneck_ae_q8,3,17,2707,0.02774077186366338,97582
20260629,bottleneck_ae_q8,3,18,2841,0.02911397593818532,97582
20260629,bottleneck_ae_q8,3,19,4833,0.04952757680719805,97582
20260629,bottleneck_ae_q8,3,20,2754,0.02822241806890615,97582
20260629,bottleneck_ae_q8,3,21,2812,0.02881678998175893,97582
20260629,bottleneck_ae_q8,3,22,2900,0.029718595642639012,97582
20260629,bottleneck_ae_q8,3,23,3856,0.039515484413108974,97582
20260629,bottleneck_ae_q8,3,24,2636,0.02701317865999877,97582
20260629,bottleneck_ae_q8,3,25,2683,0.02749482486524154,97582
20260629,bottleneck_ae_q8,3,26,2709,0.0277612674468652,97582
20260629,bottleneck_ae_q8,3,27,2595,0.02659301920436146,97582
20260629,bottleneck_ae_q8,3,28,2709,0.0277612674468652,97582
20260629,bottleneck_ae_q8,3,29,2638,0.02703367424320059,97582
20260629,bottleneck_ae_q8,3,30,2642,0.02707466540960423,97582
20260629,bottleneck_ae_q8,3,31,2730,0.027976471070484312,97582
20260629,bottleneck_ae_q16,0,0,3013,0.03537381421996807,85176
20260629,bottleneck_ae_q16,0,1,2944,0.034563726871419176,85176
20260629,bottleneck_ae_q16,0,2,3018,0.03543251620174697,85176
20260629,bottleneck_ae_q16,0,3,1862,0.021860618014464168,85176
20260629,bottleneck_ae_q16,0,4,2916,0.03423499577345731,85176
20260629,bottleneck_ae_q16,0,5,1938,0.02275288813750352,85176
20260629,bottleneck_ae_q16,0,6,2973,0.03490419836573683,85176
20260629,bottleneck_ae_q16,0,7,1867,0.021919319996243074,85176
20260629,bottleneck_ae_q16,0,8,2966,0.03482201559124636,85176
20260629,bottleneck_ae_q16,0,9,2959,0.03473983281675589,85176
20260629,bottleneck_ae_q16,0,10,2928,0.034375880529726684,85176
20260629,bottleneck_ae_q16,0,11,1899,0.022295012679628065,85176
20260629,bottleneck_ae_q16,0,12,2956,0.03470461162768855,85176
20260629,bottleneck_ae_q16,0,13,1880,0.022071945148868226,85176
20260629,bottleneck_ae_q16,0,14,2972,0.03489245796938105,85176
20260629,bottleneck_ae_q16,0,15,1932,0.022682445759368838,85176
20260629,bottleneck_ae_q16,0,16,2865,0.033636235559312486,85176
20260629,bottleneck_ae_q16,0,17,2876,0.033765379919226075,85176
20260629,bottleneck_ae_q16,0,18,3005,0.03527989104912182,85176
20260629,bottleneck_ae_q16,0,19,2049,0.02405607213299521,85176
20260629,bottleneck_ae_q16,0,20,2959,0.03473983281675589,85176
20260629,bottleneck_ae_q16,0,21,1947,0.022858551704705552,85176
20260629,bottleneck_ae_q16,0,22,2981,0.03499812153658308,85176
20260629,bottleneck_ae_q16,0,23,1958,0.022987696064619142,85176
20260629,bottleneck_ae_q16,0,24,2937,0.03448154409692871,85176
20260629,bottleneck_ae_q16,0,25,2907,0.03412933220625528,85176
20260629,bottleneck_ae_q16,0,26,2940,0.03451676528599606,85176
20260629,bottleneck_ae_q16,0,27,2943,0.0345519864750634,85176
20260629,bottleneck_ae_q16,0,28,2917,0.034246736169813094,85176
20260629,bottleneck_ae_q16,0,29,2915,0.03422325537710153,85176
20260629,bottleneck_ae_q16,0,30,2965,0.03481027519489058,85176
20260629,bottleneck_ae_q16,0,31,2989,0.035092044707429326,85176
20260629,bottleneck_ae_q16,1,0,2641,0.026694833877472634,98933
20260629,bottleneck_ae_q16,1,1,2777,0.028069501581878646,98933
20260629,bottleneck_ae_q16,1,2,2862,0.028928668897132404,98933
20260629,bottleneck_ae_q16,1,3,3950,0.0399260105323805,98933
20260629,bottleneck_ae_q16,1,4,3816,0.03857155852950987,98933
20260629,bottleneck_ae_q16,1,5,2826,0.028564786269495518,98933
20260629,bottleneck_ae_q16,1,6,3935,0.039774392770865134,98933
20260629,bottleneck_ae_q16,1,7,2919,0.029504816390890806,98933
20260629,bottleneck_ae_q16,1,8,2684,0.02712947146048336,98933
20260629,bottleneck_ae_q16,1,9,2714,0.027432706983514094,98933
20260629,bottleneck_ae_q16,1,10,2868,0.02898931600173855,98933
20260629,bottleneck_ae_q16,1,11,3907,0.039491372949369774,98933
20260629,bottleneck_ae_q16,1,12,3857,0.038985980410985215,98933
20260629,bottleneck_ae_q16,1,13,2894,0.029252120121698522,98933
20260629,bottleneck_ae_q16,1,14,3893,0.0393498630386221,98933
20260629,bottleneck_ae_q16,1,15,2781,0.02810993298494941,98933
20260629,bottleneck_ae_q16,1,16,2778,0.028079609432646337,98933
20260629,bottleneck_ae_q16,1,17,2761,0.027907775969595584,98933
20260629,bottleneck_ae_q16,1,18,2829,0.02859510982179859,98933
20260629,bottleneck_ae_q16,1,19,3844,0.038854578351005226,98933
20260629,bottleneck_ae_q16,1,20,3833,0.03874339199256062,98933
20260629,bottleneck_ae_q16,1,21,2784,0.028140256537252484,98933
20260629,bottleneck_ae_q16,1,22,3910,0.03952169650167285,98933
20260629,bottleneck_ae_q16,1,23,2799,0.028291874298767852,98933
20260629,bottleneck_ae_q16,1,24,2708,0.027372059878907947,98933
20260629,bottleneck_ae_q16,1,25,2744,0.027735942506544833,98933
20260629,bottleneck_ae_q16,1,26,2834,0.028645649075637047,98933
20260629,bottleneck_ae_q16,1,27,2737,0.027665187551170995,98933
20260629,bottleneck_ae_q16,1,28,2775,0.028049285880343264,98933
20260629,bottleneck_ae_q16,1,29,2772,0.02801896232804019,98933
20260629,bottleneck_ae_q16,1,30,2750,0.02779658961115098,98933
20260629,bottleneck_ae_q16,1,31,2751,0.02780669746191867,98933
20260629,bottleneck_ae_q16,2,0,3578,0.031172949755617317,114779
20260629,bottleneck_ae_q16,2,1,3591,0.031286210892236384,114779
20260629,bottleneck_ae_q16,2,2,4475,0.03898796818233301,114779
20260629,bottleneck_ae_q16,2,3,3524,0.030702480418891957,114779
20260629,bottleneck_ae_q16,2,4,2530,0.02204235966509553,114779
20260629,bottleneck_ae_q16,2,5,4439,0.03867432195784943,114779
20260629,bottleneck_ae_q16,2,6,2393,0.020848761533033045,114779
20260629,bottleneck_ae_q16,2,7,3504,0.030528232516401084,114779
20260629,bottleneck_ae_q16,2,8,3691,0.03215745040469075,114779
20260629,bottleneck_ae_q16,2,9,3713,0.03234912309743072,114779
20260629,bottleneck_ae_q16,2,10,4502,0.039223202850695686,114779
20260629,bottleneck_ae_q16,2,11,3486,0.0303714094041593,114779
20260629,bottleneck_ae_q16,2,12,2468,0.021502191167373823,114779
20260629,bottleneck_ae_q16,2,13,4528,0.03944972512393382,114779
20260629,bottleneck_ae_q16,2,14,2455,0.021388930030754753,114779
20260629,bottleneck_ae_q16,2,15,3533,0.03078089197501285,114779
20260629,bottleneck_ae_q16,2,16,3693,0.03217487519493984,114779
20260629,bottleneck_ae_q16,2,17,3732,0.03251465860479705,114779
20260629,bottleneck_ae_q16,2,18,4542,0.03957169865567743,114779
20260629,bottleneck_ae_q16,2,19,3490,0.030406258984657472,114779
20260629,bottleneck_ae_q16,2,20,2563,0.022329868704205474,114779
20260629,bottleneck_ae_q16,2,21,4610,0.0401641415241464,114779
20260629,bottleneck_ae_q16,2,22,2481,0.02161545230399289,114779
20260629,bottleneck_ae_q16,2,23,3491,0.030414971379782017,114779
20260629,bottleneck_ae_q16,2,24,3779,0.032924141175650595,114779
20260629,bottleneck_ae_q16,2,25,3794,0.03305482710251875,114779
20260629,bottleneck_ae_q16,2,26,3679,0.03205290166319623,114779
20260629,bottleneck_ae_q16,2,27,3667,0.03194835292170171,114779
20260629,bottleneck_ae_q16,2,28,3696,0.03220101238031347,114779
20260629,bottleneck_ae_q16,2,29,3759,0.032749893273159726,114779
20260629,bottleneck_ae_q16,2,30,3721,0.032418822258427064,114779
20260629,bottleneck_ae_q16,2,31,3672,0.031991914897324426,114779
20260629,bottleneck_ae_q16,3,0,3056,0.032397591383258414,94328
20260629,bottleneck_ae_q16,3,1,2976,0.03154948689678568,94328
20260629,bottleneck_ae_q16,3,2,1933,0.02049232465439742,94328
20260629,bottleneck_ae_q16,3,3,2952,0.031295055550843866,94328
20260629,bottleneck_ae_q16,3,4,3026,0.03207955220083114,94328
20260629,bottleneck_ae_q16,3,5,3085,0.032705029259604786,94328
20260629,bottleneck_ae_q16,3,6,2987,0.03166610126367569,94328
20260629,bottleneck_ae_q16,3,7,3998,0.04238402171147485,94328
20260629,bottleneck_ae_q16,3,8,2947,0.031242049020439318,94328
20260629,bottleneck_ae_q16,3,9,2902,0.030764990246798407,94328
20260629,bottleneck_ae_q16,3,10,1990,0.021096599101009243,94328
20260629,bottleneck_ae_q16,3,11,2996,0.03176151301840387,94328
20260629,bottleneck_ae_q16,3,12,3007,0.031878127385293865,94328
20260629,bottleneck_ae_q16,3,13,2986,0.03165549995759478,94328
20260629,bottleneck_ae_q16,3,14,2968,0.03146467644813841,94328
20260629,bottleneck_ae_q16,3,15,4042,0.04285047917903486,94328
20260629,bottleneck_ae_q16,3,16,2952,0.031295055550843866,94328
20260629,bottleneck_ae_q16,3,17,2919,0.03094521245017386,94328
20260629,bottleneck_ae_q16,3,18,1912,0.02026969722669833,94328
20260629,bottleneck_ae_q16,3,19,2905,0.030796794165041132,94328
20260629,bottleneck_ae_q16,3,20,2933,0.03109363073530659,94328
20260629,bottleneck_ae_q16,3,21,2947,0.031242049020439318,94328
20260629,bottleneck_ae_q16,3,22,2916,0.030913408531931134,94328
20260629,bottleneck_ae_q16,3,23,4040,0.04282927656687304,94328
20260629,bottleneck_ae_q16,3,24,2864,0.030362140615723857,94328
20260629,bottleneck_ae_q16,3,25,2843,0.030139513188024766,94328
20260629,bottleneck_ae_q16,3,26,2835,0.030054702739377492,94328
20260629,bottleneck_ae_q16,3,27,2941,0.031178441183953864,94328
20260629,bottleneck_ae_q16,3,28,2900,0.030743787634636588,94328
20260629,bottleneck_ae_q16,3,29,2842,0.030128911881943856,94328
20260629,bottleneck_ae_q16,3,30,2852,0.03023492494275295,94328
20260629,bottleneck_ae_q16,3,31,2876,0.030489356288694768,94328
20260629,bottleneck_ae_q32,0,0,3454,0.03193151457441596,108169
20260629,bottleneck_ae_q32,0,1,3445,0.031848311438582216,108169
20260629,bottleneck_ae_q32,0,2,3341,0.03088685298005898,108169
20260629,bottleneck_ae_q32,0,3,3282,0.030341410200704452,108169
20260629,bottleneck_ae_q32,0,4,3381,0.03125664469487561,108169
20260629,bottleneck_ae_q32,0,5,3289,0.030406123750797362,108169
20260629,bottleneck_ae_q32,0,6,4350,0.04021484898630846,108169
20260629,bottleneck_ae_q32,0,7,2288,0.02115208608751121,108169
20260629,bottleneck_ae_q32,0,8,3406,0.031487764516636006,108169
20260629,bottleneck_ae_q32,0,9,3364,0.031099483216078545,108169
20260629,bottleneck_ae_q32,0,10,3279,0.030313675822093204,108169
20260629,bottleneck_ae_q32,0,11,3306,0.03056328522959443,108169
20260629,bottleneck_ae_q32,0,12,3279,0.030313675822093204,108169
20260629,bottleneck_ae_q32,0,13,3363,0.031090238423208127,108169
20260629,bottleneck_ae_q32,0,14,4299,0.03974336454991726,108169
20260629,bottleneck_ae_q32,0,15,2285,0.021124351708899963,108169
20260629,bottleneck_ae_q32,0,16,3453,0.03192226978154555,108169
20260629,bottleneck_ae_q32,0,17,3408,0.031506254102376834,108169
20260629,bottleneck_ae_q32,0,18,3274,0.03026745185774113,108169
20260629,bottleneck_ae_q32,0,19,3356,0.031025524873115218,108169
20260629,bottleneck_ae_q32,0,20,3394,0.031376827002191014,108169
20260629,bottleneck_ae_q32,0,21,3375,0.031201175937653116,108169
20260629,bottleneck_ae_q32,0,22,4362,0.04032578650075345,108169
20260629,bottleneck_ae_q32,0,23,2271,0.020994924608714143,108169
20260629,bottleneck_ae_q32,0,24,3497,0.03232904066784384,108169
20260629,bottleneck_ae_q32,0,25,3497,0.03232904066784384,108169
20260629,bottleneck_ae_q32,0,26,3463,0.032014717710249704,108169
20260629,bottleneck_ae_q32,0,27,3478,0.03215338960330594,108169
20260629,bottleneck_ae_q32,0,28,3526,0.03259713966108589,108169
20260629,bottleneck_ae_q32,0,29,3475,0.03212565522469469,108169
20260629,bottleneck_ae_q32,0,30,3427,0.031681905166914735,108169
20260629,bottleneck_ae_q32,0,31,3502,0.032375264632195914,108169
20260629,bottleneck_ae_q32,1,0,2621,0.028282544889502763,92672
20260629,bottleneck_ae_q32,1,1,2645,0.02854152279005525,92672
20260629,bottleneck_ae_q32,1,2,2742,0.029588225138121548,92672
20260629,bottleneck_ae_q32,1,3,3767,0.04064873964088398,92672
20260629,bottleneck_ae_q32,1,4,3820,0.04122064917127072,92672
20260629,bottleneck_ae_q32,1,5,1737,0.01874352555248619,92672
20260629,bottleneck_ae_q32,1,6,2763,0.02981483080110497,92672
20260629,bottleneck_ae_q32,1,7,3816,0.0411774861878453,92672
20260629,bottleneck_ae_q32,1,8,2647,0.028563104281767955,92672
20260629,bottleneck_ae_q32,1,9,2650,0.028595476519337016,92672
20260629,bottleneck_ae_q32,1,10,2781,0.030009064226519336,92672
20260629,bottleneck_ae_q32,1,11,3808,0.041091160220994474,92672
20260629,bottleneck_ae_q32,1,12,3766,0.04063794889502762,92672
20260629,bottleneck_ae_q32,1,13,1770,0.019099620165745856,92672
20260629,bottleneck_ae_q32,1,14,2773,0.02992273825966851,92672
20260629,bottleneck_ae_q32,1,15,3747,0.040432924723756904,92672
20260629,bottleneck_ae_q32,1,16,2596,0.028012776243093923,92672
20260629,bottleneck_ae_q32,1,17,2685,0.02897315262430939,92672
20260629,bottleneck_ae_q32,1,18,2779,0.02998748273480663,92672
20260629,bottleneck_ae_q32,1,19,3785,0.04084297306629834,92672
20260629,bottleneck_ae_q32,1,20,3804,0.04104799723756906,92672
20260629,bottleneck_ae_q32,1,21,1662,0.01793421961325967,92672
20260629,bottleneck_ae_q32,1,22,2791,0.03011697168508287,92672
20260629,bottleneck_ae_q32,1,23,3830,0.04132855662983426,92672
20260629,bottleneck_ae_q32,1,24,2621,0.028282544889502763,92672
20260629,bottleneck_ae_q32,1,25,2614,0.02820700966850829,92672
20260629,bottleneck_ae_q32,1,26,2647,0.028563104281767955,92672
20260629,bottleneck_ae_q32,1,27,2538,0.027386912983425413,92672
20260629,bottleneck_ae_q32,1,28,2592,0.02796961325966851,92672
20260629,bottleneck_ae_q32,1,29,2628,0.028358080110497237,92672
20260629,bottleneck_ae_q32,1,30,2584,0.02788328729281768,92672
20260629,bottleneck_ae_q32,1,31,2663,0.028735756215469612,92672
20260629,bottleneck_ae_q32,2,0,2617,0.03516622322556371,74418
20260629,bottleneck_ae_q32,2,1,2723,0.03659060979870461,74418
20260629,bottleneck_ae_q32,2,2,1712,0.0230051869171437,74418
20260629,bottleneck_ae_q32,2,3,2851,0.038310623773818164,74418
20260629,bottleneck_ae_q32,2,4,1773,0.02382488107715875,74418
20260629,bottleneck_ae_q32,2,5,2796,0.03757155526888656,74418
20260629,bottleneck_ae_q32,2,6,1754,0.023569566502727835,74418
20260629,bottleneck_ae_q32,2,7,1771,0.023798005858797603,74418
20260629,bottleneck_ae_q32,2,8,2675,0.03594560455803703,74418
20260629,bottleneck_ae_q32,2,9,2751,0.0369668628557607,74418
20260629,bottleneck_ae_q32,2,10,1766,0.02373081781289473,74418
20260629,bottleneck_ae_q32,2,11,2770,0.03722217743019162,74418
20260629,bottleneck_ae_q32,2,12,1767,0.023744255422075304,74418
20260629,bottleneck_ae_q32,2,13,2782,0.037383428740358514,74418
20260629,bottleneck_ae_q32,2,14,1776,0.023865193904700474,74418
20260629,bottleneck_ae_q32,2,15,1803,0.02422800935257599,74418
20260629,bottleneck_ae_q32,2,16,2635,0.03540810019081405,74418
20260629,bottleneck_ae_q32,2,17,2612,0.035099035179660835,74418
20260629,bottleneck_ae_q32,2,18,1710,0.022978311698782554,74418
20260629,bottleneck_ae_q32,2,19,2751,0.0369668628557607,74418
20260629,bottleneck_ae_q32,2,20,1694,0.022763309951893358,74418
20260629,bottleneck_ae_q32,2,21,2773,0.037262490257733344,74418
20260629,bottleneck_ae_q32,2,22,1727,0.023206751054852322,74418
20260629,bottleneck_ae_q32,2,23,1692,0.02273643473353221,74418
20260629,bottleneck_ae_q32,2,24,2531,0.03401058883603429,74418
20260629,bottleneck_ae_q32,2,25,2588,0.03477653255932704,74418
20260629,bottleneck_ae_q32,2,26,2556,0.03434652906554866,74418
20260629,bottleneck_ae_q32,2,27,2647,0.03556935150098094,74418
20260629,bottleneck_ae_q32,2,28,2600,0.03493778386949394,74418
20260629,bottleneck_ae_q32,2,29,2592,0.034830282996049344,74418
20260629,bottleneck_ae_q32,2,30,2691,0.03616060630492623,74418
20260629,bottleneck_ae_q32,2,31,2532,0.03402402644521487,74418
20260629,bottleneck_ae_q32,3,0,3596,0.030485685461651278,117957
20260629,bottleneck_ae_q32,3,1,3475,0.0294598879252609,117957
20260629,bottleneck_ae_q32,3,2,4493,0.03809015149588409,117957
20260629,bottleneck_ae_q32,3,3,2388,0.02024466542892749,117957
20260629,bottleneck_ae_q32,3,4,3314,0.028094983765270396,117957
20260629,bottleneck_ae_q32,3,5,4466,0.03786125452495401,117957
20260629,bottleneck_ae_q32,3,6,3421,0.029002093983400732,117957
20260629,bottleneck_ae_q32,3,7,4413,0.03741193824868384,117957
20260629,bottleneck_ae_q32,3,8,3560,0.030180489500411165,117957
20260629,bottleneck_ae_q32,3,9,3523,0.02986681587358105,117957
20260629,bottleneck_ae_q32,3,10,4462,0.037827343862593996,117957
20260629,bottleneck_ae_q32,3,11,2404,0.02038030807836754,117957
20260629,bottleneck_ae_q32,3,12,3476,0.029468365590850903,117957
20260629,bottleneck_ae_q32,3,13,4373,0.037072831625083714,117957
20260629,bottleneck_ae_q32,3,14,3440,0.02916316962961079,117957
20260629,bottleneck_ae_q32,3,15,4453,0.037751044872283965,117957
20260629,bottleneck_ae_q32,3,16,3604,0.030553506786371306,117957
20260629,bottleneck_ae_q32,3,17,3583,0.03037547580898124,117957
20260629,bottleneck_ae_q32,3,18,4525,0.03836143679476419,117957
20260629,bottleneck_ae_q32,3,19,2396,0.020312486753647517,117957
20260629,bottleneck_ae_q32,3,20,3396,0.028790152343650652,117957
20260629,bottleneck_ae_q32,3,21,4478,0.037962986512034044,117957
20260629,bottleneck_ae_q32,3,22,3408,0.02889188433073069,117957
20260629,bottleneck_ae_q32,3,23,4495,0.0381071068270641,117957
20260629,bottleneck_ae_q32,3,24,3639,0.030850225082021416,117957
20260629,bottleneck_ae_q32,3,25,3589,0.030426341802521257,117957
20260629,bottleneck_ae_q32,3,26,3622,0.03070610476699136,117957
20260629,bottleneck_ae_q32,3,27,3625,0.03073153776376137,117957
20260629,bottleneck_ae_q32,3,28,3570,0.0302652661563112,117957
20260629,bottleneck_ae_q32,3,29,3593,0.03046025246488127,117957
20260629,bottleneck_ae_q32,3,30,3586,0.030400908805751248,117957
20260629,bottleneck_ae_q32,3,31,3591,0.030443297133701263,117957
20260629,sae_l1_4x,0,0,3309,0.03461224660571954,95602
20260629,sae_l1_4x,0,1,3208,0.033555783351812724,95602
20260629,sae_l1_4x,0,2,2177,0.02277149013618962,95602
20260629,sae_l1_4x,0,3,3224,0.03372314386728311,95602
20260629,sae_l1_4x,0,4,2146,0.022447229137465743,95602
20260629,sae_l1_4x,0,5,3140,0.03284450116106358,95602
20260629,sae_l1_4x,0,6,3218,0.03366038367398171,95602
20260629,sae_l1_4x,0,7,3162,0.03307462186983536,95602
20260629,sae_l1_4x,0,8,3208,0.033555783351812724,95602
20260629,sae_l1_4x,0,9,3217,0.03364992364176482,95602
20260629,sae_l1_4x,0,10,2142,0.022405389008598148,95602
20260629,sae_l1_4x,0,11,3219,0.03367084370619861,95602
20260629,sae_l1_4x,0,12,2099,0.021955607623271478,95602
20260629,sae_l1_4x,0,13,3162,0.03307462186983536,95602
20260629,sae_l1_4x,0,14,3159,0.03304324177318466,95602
20260629,sae_l1_4x,0,15,3217,0.03364992364176482,95602
20260629,sae_l1_4x,0,16,3225,0.03373360389950001,95602
20260629,sae_l1_4x,0,17,3204,0.033513943222945125,95602
20260629,sae_l1_4x,0,18,2176,0.02276103010397272,95602
20260629,sae_l1_4x,0,19,3163,0.03308508190205226,95602
20260629,sae_l1_4x,0,20,2107,0.022039287881006675,95602
20260629,sae_l1_4x,0,21,3014,0.031526537101734274,95602
20260629,sae_l1_4x,0,22,3139,0.03283404112884668,95602
20260629,sae_l1_4x,0,23,3149,0.03293864145101567,95602
20260629,sae_l1_4x,0,24,3141,0.03285496119328048,95602
20260629,sae_l1_4x,0,25,3213,0.03360808351289722,95602
20260629,sae_l1_4x,0,26,3213,0.03360808351289722,95602
20260629,sae_l1_4x,0,27,3208,0.033555783351812724,95602
20260629,sae_l1_4x,0,28,3130,0.03273990083889458,95602
20260629,sae_l1_4x,0,29,3100,0.032426099872387606,95602
20260629,sae_l1_4x,0,30,3206,0.033534863287378924,95602
20260629,sae_l1_4x,0,31,3207,0.033545323319595824,95602
20260629,sae_l1_4x,1,0,2410,0.02749603532270762,87649
20260629,sae_l1_4x,1,1,2403,0.027416171319695603,87649
20260629,sae_l1_4x,1,2,3614,0.041232643840774,87649
20260629,sae_l1_4x,1,3,3644,0.04157491813939691,87649
20260629,sae_l1_4x,1,4,3585,0.04090177868543851,87649
20260629,sae_l1_4x,1,5,2586,0.029504044541295394,87649
20260629,sae_l1_4x,1,6,1587,0.018106310397152277,87649
20260629,sae_l1_4x,1,7,2647,0.030200002281828658,87649
20260629,sae_l1_4x,1,8,2425,0.027667172472019077,87649
20260629,sae_l1_4x,1,9,2434,0.027769854761605952,87649
20260629,sae_l1_4x,1,10,3695,0.04215678444705587,87649
20260629,sae_l1_4x,1,11,3643,0.041563508996109486,87649
20260629,sae_l1_4x,1,12,3663,0.04179169186185809,87649
20260629,sae_l1_4x,1,13,2620,0.029891955413068032,87649
20260629,sae_l1_4x,1,14,1637,0.018676767561523804,87649
20260629,sae_l1_4x,1,15,2582,0.02945840796814567,87649
20260629,sae_l1_4x,1,16,2407,0.027461807892845327,87649
20260629,sae_l1_4x,1,17,2382,0.027176579310659563,87649
20260629,sae_l1_4x,1,18,3702,0.04223664845006789,87649
20260629,sae_l1_4x,1,19,3649,0.041631963855834064,87649
20260629,sae_l1_4x,1,20,3714,0.04237355816951705,87649
20260629,sae_l1_4x,1,21,2731,0.031158370317972823,87649
20260629,sae_l1_4x,1,22,1617,0.018448584695775195,87649
20260629,sae_l1_4x,1,23,2660,0.030348321144565253,87649
20260629,sae_l1_4x,1,24,2446,0.027906764481055116,87649
20260629,sae_l1_4x,1,25,2444,0.027883946194480258,87649
20260629,sae_l1_4x,1,26,2438,0.027815491334755672,87649
20260629,sae_l1_4x,1,27,2424,0.027655763328731646,87649
20260629,sae_l1_4x,1,28,2444,0.027883946194480258,87649
20260629,sae_l1_4x,1,29,2529,0.028853723373911854,87649
20260629,sae_l1_4x,1,30,2450,0.02795240105420484,87649
20260629,sae_l1_4x,1,31,2437,0.02780408219146824,87649
20260629,sae_l1_4x,2,0,2478,0.024781982558604688,99992
20260629,sae_l1_4x,2,1,2555,0.025552044163533082,99992
20260629,sae_l1_4x,2,2,3783,0.03783302664213137,99992
20260629,sae_l1_4x,2,3,2634,0.02634210736858949,99992
20260629,sae_l1_4x,2,4,2779,0.02779222337787023,99992
20260629,sae_l1_4x,2,5,3723,0.037232978638291066,99992
20260629,sae_l1_4x,2,6,4760,0.047603808304664375,99992
20260629,sae_l1_4x,2,7,3805,0.03805304424353948,99992
20260629,sae_l1_4x,2,8,2557,0.025572045763661094,99992
20260629,sae_l1_4x,2,9,2444,0.024441955356428513,99992
20260629,sae_l1_4x,2,10,3748,0.03748299863989119,99992
20260629,sae_l1_4x,2,11,2723,0.027232178574285944,99992
20260629,sae_l1_4x,2,12,2759,0.027592207376590128,99992
20260629,sae_l1_4x,2,13,3796,0.037963037042963436,99992
20260629,sae_l1_4x,2,14,4748,0.04748379870389631,99992
20260629,sae_l1_4x,2,15,3728,0.03728298263861109,99992
20260629,sae_l1_4x,2,16,2507,0.025072005760460838,99992
20260629,sae_l1_4x,2,17,2528,0.025282022561804944,99992
20260629,sae_l1_4x,2,18,3727,0.03727298183854708,99992
20260629,sae_l1_4x,2,19,2752,0.02752220177614209,99992
20260629,sae_l1_4x,2,20,2784,0.027842227378190254,99992
20260629,sae_l1_4x,2,21,3732,0.03732298583886711,99992
20260629,sae_l1_4x,2,22,4786,0.047863829106328505,99992
20260629,sae_l1_4x,2,23,3708,0.03708296663733099,99992
20260629,sae_l1_4x,2,24,2561,0.025612048963917115,99992
20260629,sae_l1_4x,2,25,2574,0.02574205936474918,99992
20260629,sae_l1_4x,2,26,2585,0.025852068165453237,99992
20260629,sae_l1_4x,2,27,2512,0.025122009760780863,99992
20260629,sae_l1_4x,2,28,2538,0.025382030562444997,99992
20260629,sae_l1_4x,2,29,2574,0.02574205936474918,99992
20260629,sae_l1_4x,2,30,2533,0.02533202656212497,99992
20260629,sae_l1_4x,2,31,2571,0.025712056964557164,99992
20260629,sae_l1_4x,3,0,4091,0.03720004000982059,109973
20260629,sae_l1_4x,3,1,4122,0.03748192738217562,109973
20260629,sae_l1_4x,3,2,2714,0.024678784792630918,109973
20260629,sae_l1_4x,3,3,2786,0.025333490947778092,109973
20260629,sae_l1_4x,3,4,3778,0.03435388686313914,109973
20260629,sae_l1_4x,3,5,2839,0.02581542742309476,109973
20260629,sae_l1_4x,3,6,2723,0.024760623062024315,109973
20260629,sae_l1_4x,3,7,2674,0.02431505915088249,109973
20260629,sae_l1_4x,3,8,4098,0.03726369199712657,109973
20260629,sae_l1_4x,3,9,4193,0.03812754039627909,109973
20260629,sae_l1_4x,3,10,2703,0.0245787602411501,109973
20260629,sae_l1_4x,3,11,2703,0.0245787602411501,109973
20260629,sae_l1_4x,3,12,3767,0.03425386231165831,109973
20260629,sae_l1_4x,3,13,2710,0.024642412228456076,109973
20260629,sae_l1_4x,3,14,2744,0.024951579023942242,109973
20260629,sae_l1_4x,3,15,2761,0.025106162421685323,109973
20260629,sae_l1_4x,3,16,4149,0.037727442190355814,109973
20260629,sae_l1_4x,3,17,4174,0.03795477071644858,109973
20260629,sae_l1_4x,3,18,2683,0.024396897420275884,109973
20260629,sae_l1_4x,3,19,2724,0.024769716203068025,109973
20260629,sae_l1_4x,3,20,3683,0.03349003846398661,109973
20260629,sae_l1_4x,3,21,2811,0.025560819473870858,109973
20260629,sae_l1_4x,3,22,2746,0.02496976530602966,109973
20260629,sae_l1_4x,3,23,2771,0.02519709383212243,109973
20260629,sae_l1_4x,3,24,4140,0.03764560392096242,109973
20260629,sae_l1_4x,3,25,4057,0.03689087321433443,109973
20260629,sae_l1_4x,3,26,4052,0.03684540750911587,109973
20260629,sae_l1_4x,3,27,4144,0.03768197648513726,109973
20260629,sae_l1_4x,3,28,4176,0.037972956998536006,109973
20260629,sae_l1_4x,3,29,4085,0.03714548116355833,109973
20260629,sae_l1_4x,3,30,4099,0.03727278513817028,109973
20260629,sae_l1_4x,3,31,4073,0.0370363634710338,109973
20260629,sae_topk_4x,0,5,1024,0.3333333333333333,3072
20260629,sae_topk_4x,0,13,1024,0.3333333333333333,3072
20260629,sae_topk_4x,0,21,1024,0.3333333333333333,3072
20260629,sae_topk_4x,1,6,1024,0.16666666666666666,6144
20260629,sae_topk_4x,1,7,1024,0.16666666666666666,6144
20260629,sae_topk_4x,1,14,1024,0.16666666666666666,6144
20260629,sae_topk_4x,1,15,1024,0.16666666666666666,6144
20260629,sae_topk_4x,1,22,1024,0.16666666666666666,6144
20260629,sae_topk_4x,1,23,1024,0.16666666666666666,6144
20260629,sae_topk_4x,2,0,11809,0.03220343605126807,366700
20260629,sae_topk_4x,2,1,11729,0.031985274065994,366700
20260629,sae_topk_4x,2,2,10898,0.02971911644395964,366700
20260629,sae_topk_4x,2,3,11910,0.032478865557676574,366700
20260629,sae_topk_4x,2,4,11923,0.03251431688028361,366700
20260629,sae_topk_4x,2,5,10940,0.029833651486228525,366700
20260629,sae_topk_4x,2,6,10901,0.029727297518407417,366700
20260629,sae_topk_4x,2,7,10875,0.029656394873193347,366700
20260629,sae_topk_4x,2,8,11748,0.032037087537496595,366700
20260629,sae_topk_4x,2,9,11712,0.03193891464412326,366700
20260629,sae_topk_4x,2,10,10900,0.029724570493591493,366700
20260629,sae_topk_4x,2,11,11947,0.03257976547586583,366700
20260629,sae_topk_4x,2,12,11930,0.032533406053995094,366700
20260629,sae_topk_4x,2,13,10910,0.02975184074175075,366700
20260629,sae_topk_4x,2,14,10901,0.029727297518407417,366700
20260629,sae_topk_4x,2,15,10907,0.029743659667302972,366700
20260629,sae_topk_4x,2,16,11754,0.03205344968639215,366700
20260629,sae_topk_4x,2,17,11703,0.03191437142077993,366700
20260629,sae_topk_4x,2,18,10915,0.02976547586583038,366700
20260629,sae_topk_4x,2,19,11901,0.03245432233433324,366700
20260629,sae_topk_4x,2,20,11901,0.03245432233433324,366700
20260629,sae_topk_4x,2,21,10882,0.029675484046904826,366700
20260629,sae_topk_4x,2,22,10912,0.029757294791382602,366700
20260629,sae_topk_4x,2,23,10886,0.02968639214616853,366700
20260629,sae_topk_4x,2,24,11730,0.031988001090809924,366700
20260629,sae_topk_4x,2,25,11742,0.03202072538860103,366700
20260629,sae_topk_4x,2,26,11740,0.032015271338969184,366700
20260629,sae_topk_4x,2,27,11751,0.03204526861194437,366700
20260629,sae_topk_4x,2,28,11742,0.03202072538860103,366700
20260629,sae_topk_4x,2,29,11733,0.0319961821652577,366700
20260629,sae_topk_4x,2,30,11737,0.03200709026452141,366700
20260629,sae_topk_4x,2,31,11731,0.03199072811562585,366700
20260629,sae_topk_4x,3,0,479,0.0276878612716763,17300
20260629,sae_topk_4x,3,1,559,0.0323121387283237,17300
20260629,sae_topk_4x,3,2,1390,0.08034682080924856,17300
20260629,sae_topk_4x,3,3,378,0.02184971098265896,17300
20260629,sae_topk_4x,3,4,365,0.021098265895953757,17300
20260629,sae_topk_4x,3,5,324,0.018728323699421966,17300
20260629,sae_topk_4x,3,6,363,0.020982658959537572,17300
20260629,sae_topk_4x,3,7,389,0.022485549132947976,17300
20260629,sae_topk_4x,3,8,540,0.03121387283236994,17300
20260629,sae_topk_4x,3,9,576,0.03329479768786127,17300
20260629,sae_topk_4x,3,10,1388,0.08023121387283237,17300
20260629,sae_topk_4x,3,11,341,0.019710982658959538,17300
20260629,sae_topk_4x,3,12,358,0.02069364161849711,17300
20260629,sae_topk_4x,3,13,354,0.02046242774566474,17300
20260629,sae_topk_4x,3,14,363,0.020982658959537572,17300
20260629,sae_topk_4x,3,15,357,0.020635838150289017,17300
20260629,sae_topk_4x,3,16,534,0.030867052023121386,17300
20260629,sae_topk_4x,3,17,585,0.0338150289017341,17300
20260629,sae_topk_4x,3,18,1373,0.07936416184971098,17300
20260629,sae_topk_4x,3,19,387,0.02236994219653179,17300
20260629,sae_topk_4x,3,20,387,0.02236994219653179,17300
20260629,sae_topk_4x,3,21,382,0.02208092485549133,17300
20260629,sae_topk_4x,3,22,352,0.020346820809248555,17300
20260629,sae_topk_4x,3,23,378,0.02184971098265896,17300
20260629,sae_topk_4x,3,24,558,0.032254335260115605,17300
20260629,sae_topk_4x,3,25,546,0.031560693641618495,17300
20260629,sae_topk_4x,3,26,548,0.03167630057803468,17300
20260629,sae_topk_4x,3,27,537,0.031040462427745663,17300
20260629,sae_topk_4x,3,28,546,0.031560693641618495,17300
20260629,sae_topk_4x,3,29,555,0.03208092485549133,17300
20260629,sae_topk_4x,3,30,551,0.03184971098265896,17300
20260629,sae_topk_4x,3,31,557,0.03219653179190751,17300
20260629,sae_l1_8x,0,0,3749,0.03358927723473072,111613
20260629,sae_l1_8x,0,1,3748,0.033580317704926844,111613
20260629,sae_l1_8x,0,2,4595,0.04116903944880972,111613
20260629,sae_l1_8x,0,3,2509,0.022479460277924614,111613
20260629,sae_l1_8x,0,4,3525,0.03158234255866252,111613
20260629,sae_l1_8x,0,5,2537,0.02273032711243314,111613
20260629,sae_l1_8x,0,6,2535,0.022712408052825386,111613
20260629,sae_l1_8x,0,7,3546,0.03177049268454391,111613
20260629,sae_l1_8x,0,8,3821,0.034234363380609784,111613
20260629,sae_l1_8x,0,9,3816,0.034189565731590404,111613
20260629,sae_l1_8x,0,10,4614,0.04133927051508337,111613
20260629,sae_l1_8x,0,11,2506,0.022452581688512985,111613
20260629,sae_l1_8x,0,12,3530,0.0316271402076819,111613
20260629,sae_l1_8x,0,13,2517,0.02255113651635562,111613
20260629,sae_l1_8x,0,14,2507,0.022461541218316863,111613
20260629,sae_l1_8x,0,15,3620,0.03243349789003073,111613
20260629,sae_l1_8x,0,16,3893,0.03487944952648885,111613
20260629,sae_l1_8x,0,17,3775,0.033822225009631494,111613
20260629,sae_l1_8x,0,18,4606,0.04126759427665236,111613
20260629,sae_l1_8x,0,19,2525,0.022622812754786628,111613
20260629,sae_l1_8x,0,20,3533,0.03165401879709353,111613
20260629,sae_l1_8x,0,21,2562,0.022954315357530036,111613
20260629,sae_l1_8x,0,22,2523,0.022604893695178877,111613
20260629,sae_l1_8x,0,23,3659,0.03278291955238189,111613
20260629,sae_l1_8x,0,24,3842,0.03442251350649118,111613
20260629,sae_l1_8x,0,25,3874,0.034709218460215206,111613
20260629,sae_l1_8x,0,26,3843,0.034431473036295054,111613
20260629,sae_l1_8x,0,27,3935,0.03525574977825164,111613
20260629,sae_l1_8x,0,28,3812,0.0341537276123749,111613
20260629,sae_l1_8x,0,29,3836,0.03436875632766792,111613
20260629,sae_l1_8x,0,30,3802,0.034064132314336144,111613
20260629,sae_l1_8x,0,31,3918,0.03510343777158575,111613
20260629,sae_l1_8x,1,0,2150,0.025704174836210607,83644
20260629,sae_l1_8x,1,1,2206,0.02637367892496772,83644
20260629,sae_l1_8x,1,2,2465,0.02947013533546937,83644
20260629,sae_l1_8x,1,3,3558,0.04253742049638946,83644
20260629,sae_l1_8x,1,4,1493,0.0178494572234709,83644
20260629,sae_l1_8x,1,5,2477,0.029613600497345894,83644
20260629,sae_l1_8x,1,6,3599,0.04302759313280092,83644
20260629,sae_l1_8x,1,7,3529,0.04219071302185452,83644
20260629,sae_l1_8x,1,8,2290,0.02737793505810339,83644
20260629,sae_l1_8x,1,9,2179,0.02605088231074554,83644
20260629,sae_l1_8x,1,10,2521,0.030139639424226483,83644
20260629,sae_l1_8x,1,11,3578,0.042776529099517,83644
20260629,sae_l1_8x,1,12,1596,0.019080866529577734,83644
20260629,sae_l1_8x,1,13,2521,0.030139639424226483,83644
20260629,sae_l1_8x,1,14,3576,0.042752618239204246,83644
20260629,sae_l1_8x,1,15,3525,0.042142891301229016,83644
20260629,sae_l1_8x,1,16,2292,0.027401845918416146,83644
20260629,sae_l1_8x,1,17,2265,0.027079049304193966,83644
20260629,sae_l1_8x,1,18,2580,0.030845009803452728,83644
20260629,sae_l1_8x,1,19,3560,0.04256133135670222,83644
20260629,sae_l1_8x,1,20,1561,0.01866242647410454,83644
20260629,sae_l1_8x,1,21,2544,0.030414614317823156,83644
20260629,sae_l1_8x,1,22,3669,0.04386447324374731,83644
20260629,sae_l1_8x,1,23,3561,0.042573286786858594,83644
20260629,sae_l1_8x,1,24,2339,0.027963751135765866,83644
20260629,sae_l1_8x,1,25,2282,0.027282291616852375,83644
20260629,sae_l1_8x,1,26,2242,0.026804074410597293,83644
20260629,sae_l1_8x,1,27,2267,0.02710296016450672,83644
20260629,sae_l1_8x,1,28,2323,0.027772464253263834,83644
20260629,sae_l1_8x,1,29,2331,0.027868107694514848,83644
20260629,sae_l1_8x,1,30,2271,0.027150781885132227,83644
20260629,sae_l1_8x,1,31,2294,0.0274257567787289,83644
20260629,sae_l1_8x,2,0,3563,0.0327120822622108,108920
20260629,sae_l1_8x,2,1,3552,0.03261109070877708,108920
20260629,sae_l1_8x,2,2,2365,0.021713183988248255,108920
20260629,sae_l1_8x,2,3,3397,0.03118802791039295,108920
20260629,sae_l1_8x,2,4,3352,0.030774880646345943,108920
20260629,sae_l1_8x,2,5,4422,0.04059860448035255,108920
20260629,sae_l1_8x,2,6,4386,0.040268086669114946,108920
20260629,sae_l1_8x,2,7,2380,0.021850899742930592,108920
20260629,sae_l1_8x,2,8,3462,0.03178479618068307,108920
20260629,sae_l1_8x,2,9,3563,0.0327120822622108,108920
20260629,sae_l1_8x,2,10,2251,0.020666544252662504,108920
20260629,sae_l1_8x,2,11,3313,0.03041681968417187,108920
20260629,sae_l1_8x,2,12,3299,0.03028828497980169,108920
20260629,sae_l1_8x,2,13,4408,0.04047006977598237,108920
20260629,sae_l1_8x,2,14,4326,0.0397172236503856,108920
20260629,sae_l1_8x,2,15,2351,0.021584649283878075,108920
20260629,sae_l1_8x,2,16,3399,0.03120639001101726,108920
20260629,sae_l1_8x,2,17,3481,0.03195923613661403,108920
20260629,sae_l1_8x,2,18,2277,0.020905251560778552,108920
20260629,sae_l1_8x,2,19,3411,0.03131656261476313,108920
20260629,sae_l1_8x,2,20,3331,0.030582078589790673,108920
20260629,sae_l1_8x,2,21,4370,0.04012118986412046,108920
20260629,sae_l1_8x,2,22,4329,0.03974476680132207,108920
20260629,sae_l1_8x,2,23,2243,0.02059309585016526,108920
20260629,sae_l1_8x,2,24,3466,0.031821520381931694,108920
20260629,sae_l1_8x,2,25,3479,0.03194087403598972,108920
20260629,sae_l1_8x,2,26,3504,0.03217040029379361,108920
20260629,sae_l1_8x,2,27,3414,0.0313441057656996,108920
20260629,sae_l1_8x,2,28,3465,0.03181233933161954,108920
20260629,sae_l1_8x,2,29,3425,0.03144509731913331,108920
20260629,sae_l1_8x,2,30,3485,0.03199596033786265,108920
20260629,sae_l1_8x,2,31,3451,0.03168380462724936,108920
20260629,sae_l1_8x,3,0,2826,0.03173890093105269,89039
20260629,sae_l1_8x,3,1,2782,0.03124473545300374,89039
20260629,sae_l1_8x,3,2,2863,0.03215444917395748,89039
20260629,sae_l1_8x,3,3,2824,0.03171643886386864,89039
20260629,sae_l1_8x,3,4,3918,0.044003189613540133,89039
20260629,sae_l1_8x,3,5,2852,0.032030907804445244,89039
20260629,sae_l1_8x,3,6,1768,0.019856467390693966,89039
20260629,sae_l1_8x,3,7,2833,0.03181751816619684,89039
20260629,sae_l1_8x,3,8,2715,0.0304922562023383,89039
20260629,sae_l1_8x,3,9,2730,0.030660721706218624,89039
20260629,sae_l1_8x,3,10,2902,0.032592459484046314,89039
20260629,sae_l1_8x,3,11,2891,0.03246891811453408,89039
20260629,sae_l1_8x,3,12,3863,0.04338548276597895,89039
20260629,sae_l1_8x,3,13,2842,0.03191859746852503,89039
20260629,sae_l1_8x,3,14,1879,0.021103112119408348,89039
20260629,sae_l1_8x,3,15,2792,0.031357045788923954,89039
20260629,sae_l1_8x,3,16,2704,0.030368714832826067,89039
20260629,sae_l1_8x,3,17,2767,0.03107626994912342,89039
20260629,sae_l1_8x,3,18,2825,0.03172766989746066,89039
20260629,sae_l1_8x,3,19,2792,0.031357045788923954,89039
20260629,sae_l1_8x,3,20,3863,0.04338548276597895,89039
20260629,sae_l1_8x,3,21,2812,0.031581666460764386,89039
20260629,sae_l1_8x,3,22,1767,0.019845236357101944,89039
20260629,sae_l1_8x,3,23,2825,0.03172766989746066,89039
20260629,sae_l1_8x,3,24,2641,0.02966115971652871,89039
20260629,sae_l1_8x,3,25,2653,0.02979593211963297,89039
20260629,sae_l1_8x,3,26,2699,0.030312559664865957,89039
20260629,sae_l1_8x,3,27,2672,0.030009321757881378,89039
20260629,sae_l1_8x,3,28,2688,0.030189018295353722,89039
20260629,sae_l1_8x,3,29,2696,0.030278866564089894,89039
20260629,sae_l1_8x,3,30,2730,0.030660721706218624,89039
20260629,sae_l1_8x,3,31,2625,0.02948146317905637,89039
20260629,sae_topk_8x,0,0,11780,0.03181676997663709,370245
20260629,sae_topk_8x,0,1,11730,0.03168172426366325,370245
20260629,sae_topk_8x,0,2,10925,0.0295074882847844,370245
20260629,sae_topk_8x,0,3,10899,0.029437264514038,370245
20260629,sae_topk_8x,0,4,11925,0.03220840254426123,370245
20260629,sae_topk_8x,0,5,11921,0.032197598887223323,370245
20260629,sae_topk_8x,0,6,10911,0.029469675485151725,370245
20260629,sae_topk_8x,0,7,11946,0.03226512174371025,370245
20260629,sae_topk_8x,0,8,11752,0.03174114437737174,370245
20260629,sae_topk_8x,0,9,11752,0.03174114437737174,370245
20260629,sae_topk_8x,0,10,10913,0.02947507731367068,370245
20260629,sae_topk_8x,0,11,10923,0.029502086456265446,370245
20260629,sae_topk_8x,0,12,11945,0.03226242082945077,370245
20260629,sae_topk_8x,0,13,11952,0.032281327229267104,370245
20260629,sae_topk_8x,0,14,10929,0.029518291941822306,370245
20260629,sae_topk_8x,0,15,11933,0.032230009858337044,370245
20260629,sae_topk_8x,0,16,11755,0.03174924712015017,370245
20260629,sae_topk_8x,0,17,11773,0.031797863576820753,370245
20260629,sae_topk_8x,0,18,10894,0.02942375994274062,370245
20260629,sae_topk_8x,0,19,10882,0.029391348971626895,370245
20260629,sae_topk_8x,0,20,11918,0.03218949614444489,370245
20260629,sae_topk_8x,0,21,11940,0.03224891625815338,370245
20260629,sae_topk_8x,0,22,10919,0.02949128279922754,370245
20260629,sae_topk_8x,0,23,11949,0.03227322448648868,370245
20260629,sae_topk_8x,0,24,11739,0.03170603249199854,370245
20260629,sae_topk_8x,0,25,11772,0.03179516266256128,370245
20260629,sae_topk_8x,0,26,11758,0.0317573498629286,370245
20260629,sae_topk_8x,0,27,11747,0.031727639806074355,370245
20260629,sae_topk_8x,0,28,11790,0.03184377911923186,370245
20260629,sae_topk_8x,0,29,11746,0.03172493889181488,370245
20260629,sae_topk_8x,0,30,11754,0.031746546205890694,370245
20260629,sae_topk_8x,0,31,11773,0.031797863576820753,370245
20260629,sae_topk_8x,1,2,1024,0.16666666666666666,6144
20260629,sae_topk_8x,1,6,1024,0.16666666666666666,6144
20260629,sae_topk_8x,1,10,1024,0.16666666666666666,6144
20260629,sae_topk_8x,1,14,1024,0.16666666666666666,6144
20260629,sae_topk_8x,1,18,1024,0.16666666666666666,6144
20260629,sae_topk_8x,1,22,1024,0.16666666666666666,6144
20260629,sae_topk_8x,2,3,1024,0.3333333333333333,3072
20260629,sae_topk_8x,2,11,1024,0.3333333333333333,3072
20260629,sae_topk_8x,2,19,1024,0.3333333333333333,3072
20260629,sae_topk_8x,3,0,508,0.03693202471828426,13755
20260629,sae_topk_8x,3,1,558,0.040567066521264995,13755
20260629,sae_topk_8x,3,2,339,0.024645583424209378,13755
20260629,sae_topk_8x,3,3,365,0.026535805161759362,13755
20260629,sae_topk_8x,3,4,363,0.02639040348964013,13755
20260629,sae_topk_8x,3,5,367,0.02668120683387859,13755
20260629,sae_topk_8x,3,6,353,0.025663395129043982,13755
20260629,sae_topk_8x,3,7,342,0.024863685932388222,13755
20260629,sae_topk_8x,3,8,536,0.038967648127953475,13755
20260629,sae_topk_8x,3,9,536,0.038967648127953475,13755
20260629,sae_topk_8x,3,10,351,0.025517993456924754,13755
20260629,sae_topk_8x,3,11,341,0.024790985096328606,13755
20260629,sae_topk_8x,3,12,343,0.024936386768447838,13755
20260629,sae_topk_8x,3,13,336,0.024427480916030534,13755
20260629,sae_topk_8x,3,14,335,0.024354780079970918,13755
20260629,sae_topk_8x,3,15,355,0.025808796801163214,13755
20260629,sae_topk_8x,3,16,533,0.03874954561977463,13755
20260629,sae_topk_8x,3,17,515,0.03744093057070156,13755
20260629,sae_topk_8x,3,18,370,0.026899309342057434,13755
20260629,sae_topk_8x,3,19,382,0.02777171937477281,13755
20260629,sae_topk_8x,3,20,370,0.026899309342057434,13755
20260629,sae_topk_8x,3,21,348,0.02529989094874591,13755
20260629,sae_topk_8x,3,22,345,0.025081788440567066,13755
20260629,sae_topk_8x,3,23,339,0.024645583424209378,13755
20260629,sae_topk_8x,3,24,549,0.03991275899672846,13755
20260629,sae_topk_8x,3,25,516,0.03751363140676118,13755
20260629,sae_topk_8x,3,26,530,0.03853144311159579,13755
20260629,sae_topk_8x,3,27,541,0.039331152308251544,13755
20260629,sae_topk_8x,3,28,498,0.036205016357688115,13755
20260629,sae_topk_8x,3,29,542,0.03940385314431116,13755
20260629,sae_topk_8x,3,30,534,0.03882224645583424,13755
20260629,sae_topk_8x,3,31,515,0.03744093057070156,13755
20260624,all_position,0,0,3115,0.03153536212516957,98778
20260624,all_position,0,1,3084,0.031221527060681528,98778
20260624,all_position,0,2,2966,0.030026929073275425,98778
20260624,all_position,0,3,4011,0.04060620786004981,98778
20260624,all_position,0,4,2969,0.030057300208548462,98778
20260624,all_position,0,5,1984,0.02008544412723481,98778
20260624,all_position,0,6,3032,0.03069509404928223,98778
20260624,all_position,0,7,3995,0.04044422847192695,98778
20260624,all_position,0,8,2984,0.030209155884913644,98778
20260624,all_position,0,9,3025,0.030624228066978478,98778
20260624,all_position,0,10,3092,0.03130251675474296,98778
20260624,all_position,0,11,4005,0.04054546558950373,98778
20260624,all_position,0,12,2975,0.030118042479094536,98778
20260624,all_position,0,13,1938,0.019619753386381583,98778
20260624,all_position,0,14,3022,0.03059385693170544,98778
20260624,all_position,0,15,4025,0.04074793982465731,98778
20260624,all_position,0,16,2945,0.02981433112636417,98778
20260624,all_position,0,17,2952,0.02988519710866792,98778
20260624,all_position,0,18,2986,0.030229403308429003,98778
20260624,all_position,0,19,4072,0.04122375427726822,98778
20260624,all_position,0,20,3010,0.030472372390613293,98778
20260624,all_position,0,21,2017,0.02041952661523821,98778
20260624,all_position,0,22,3038,0.0307558363198283,98778
20260624,all_position,0,23,4024,0.04073781611289963,98778
20260624,all_position,0,24,2937,0.02973334143230274,98778
20260624,all_position,0,25,2923,0.029591609467695235,98778
20260624,all_position,0,26,2914,0.029500496061876127,98778
20260624,all_position,0,27,2980,0.03016866103788293,98778
20260624,all_position,0,28,2965,0.030016805361517747,98778
20260624,all_position,0,29,2926,0.02962198060296827,98778
20260624,all_position,0,30,2909,0.02944987750308773,98778
20260624,all_position,0,31,2958,0.029945939379213995,98778
20260624,all_position,1,0,3109,0.029403976015283637,105734
20260624,all_position,1,1,3086,0.029186449013562335,105734
20260624,all_position,1,2,3110,0.02941343371101065,105734
20260624,all_position,1,3,3094,0.029262110579378442,105734
20260624,all_position,1,4,2078,0.01965309172073316,105734
20260624,all_position,1,5,4091,0.03869143321921047,105734
20260624,all_position,1,6,4071,0.03850227930467021,105734
20260624,all_position,1,7,4162,0.0393629296158284,105734
20260624,all_position,1,8,3079,0.029120245143473243,105734
20260624,all_position,1,9,3042,0.02877031040157376,105734
20260624,all_position,1,10,3058,0.02892163353320597,105734
20260624,all_position,1,11,3078,0.02911078744774623,105734
20260624,all_position,1,12,2143,0.02026784194298901,105734
20260624,all_position,1,13,4174,0.039476421964552554,105734
20260624,all_position,1,14,4107,0.03884275635084268,105734
20260624,all_position,1,15,4168,0.03941967579019048,105734
20260624,all_position,1,16,3105,0.029366145232375584,105734
20260624,all_position,1,17,3212,0.03037811867516598,105734
20260624,all_position,1,18,3169,0.029971437758904422,105734
20260624,all_position,1,19,3090,0.02922427979647039,105734
20260624,all_position,1,20,2147,0.02030567272589706,105734
20260624,all_position,1,21,4126,0.039022452569655926,105734
20260624,all_position,1,22,4095,0.03872926400211853,105734
20260624,all_position,1,23,4142,0.03917377570128814,105734
20260624,all_position,1,24,3067,0.029006752794749086,105734
20260624,all_position,1,25,3190,0.030170049369171694,105734
20260624,all_position,1,26,3127,0.02957421453836987,105734
20260624,all_position,1,27,3044,0.028789225793027787,105734
20260624,all_position,1,28,3101,0.02932831444946753,105734
20260624,all_position,1,29,3132,0.029621503017004936,105734
20260624,all_position,1,30,3192,0.03018896476062572,105734
20260624,all_position,1,31,3145,0.029744453061456108,105734
20260624,all_position,2,0,3921,0.03358889793121172,116735
20260624,all_position,2,1,4020,0.03443697263031653,116735
20260624,all_position,2,2,4823,0.04131580074527776,116735
20260624,all_position,2,3,2755,0.02360046258619951,116735
20260624,all_position,2,4,2827,0.024217244185548464,116735
20260624,all_position,2,5,2766,0.023694693108322267,116735
20260624,all_position,2,6,3817,0.032697991176596566,116735
20260624,all_position,2,7,2803,0.024011650319098812,116735
20260624,all_position,2,8,4158,0.03561913736240202,116735
20260624,all_position,2,9,4154,0.035584871717993745,116735
20260624,all_position,2,10,4768,0.040844648134663986,116735
20260624,all_position,2,11,2812,0.024088748019017434,116735
20260624,all_position,2,12,2710,0.023214974086606416,116735
20260624,all_position,2,13,2795,0.02394311903028226,116735
20260624,all_position,2,14,3746,0.03208977598834968,116735
20260624,all_position,2,15,2743,0.023497665652974686,116735
20260624,all_position,2,16,4186,0.03585899687325995,116735
20260624,all_position,2,17,4103,0.035147984751788236,116735
20260624,all_position,2,18,4749,0.04068188632372467,116735
20260624,all_position,2,19,2726,0.023352036664239517,116735
20260624,all_position,2,20,2730,0.023386302308647793,116735
20260624,all_position,2,21,2769,0.023720392341628475,116735
20260624,all_position,2,22,3800,0.032552362187861394,116735
20260624,all_position,2,23,2772,0.02374609157493468,116735
20260624,all_position,2,24,4169,0.035713367884524776,116735
20260624,all_position,2,25,4127,0.03535357861823789,116735
20260624,all_position,2,26,4196,0.03594466098428063,116735
20260624,all_position,2,27,4126,0.03534501220713582,116735
20260624,all_position,2,28,4200,0.03597892662868891,116735
20260624,all_position,2,29,4210,0.0360645907397096,116735
20260624,all_position,2,30,4095,0.035079453462971685,116735
20260624,all_position,2,31,4159,0.03562770377350409,116735
20260624,all_position,3,0,2143,0.02977670941655435,71969
20260624,all_position,3,1,2098,0.029151440203420916,71969
20260624,all_position,3,2,1389,0.019299976378718615,71969
20260624,all_position,3,3,2428,0.03373674776639942,71969
20260624,all_position,3,4,4414,0.06133196237268824,71969
20260624,all_position,3,5,3447,0.04789562172602092,71969
20260624,all_position,3,6,1368,0.019008184079256345,71969
20260624,all_position,3,7,1328,0.01845238922313774,71969
20260624,all_position,3,8,2067,0.028720699189929,71969
20260624,all_position,3,9,2067,0.028720699189929,71969
20260624,all_position,3,10,1370,0.019035973822062277,71969
20260624,all_position,3,11,2393,0.03325042726729564,71969
20260624,all_position,3,12,4460,0.06197112645722464,71969
20260624,all_position,3,13,3381,0.046978560213425224,71969
20260624,all_position,3,14,1413,0.019633453292389778,71969
20260624,all_position,3,15,1352,0.018785866136808903,71969
20260624,all_position,3,16,2052,0.02851227611888452,71969
20260624,all_position,3,17,2021,0.0280815351053926,71969
20260624,all_position,3,18,1384,0.019230502021703788,71969
20260624,all_position,3,19,2400,0.0333476913671164,71969
20260624,all_position,3,20,4401,0.06115132904444969,71969
20260624,all_position,3,21,3376,0.0469090858564104,71969
20260624,all_position,3,22,1355,0.0188275507510178,71969
20260624,all_position,3,23,1350,0.018758076394002975,71969
20260624,all_position,3,24,2115,0.029387653017271326,71969
20260624,all_position,3,25,2048,0.02845669663327266,71969
20260624,all_position,3,26,2051,0.028498381247481556,71969
20260624,all_position,3,27,2138,0.029707235059539525,71969
20260624,all_position,3,28,2022,0.028095429976795566,71969
20260624,all_position,3,29,2020,0.028067640233989635,71969
20260624,all_position,3,30,2092,0.029068070975003125,71969
20260624,all_position,3,31,2026,0.028151009462407426,71969
20260624,route_only,0,5,1024,0.3333333333333333,3072
20260624,route_only,0,13,1024,0.3333333333333333,3072
20260624,route_only,0,21,1024,0.3333333333333333,3072
20260624,route_only,1,5,1024,0.3333333333333333,3072
20260624,route_only,1,13,1024,0.3333333333333333,3072
20260624,route_only,1,21,1024,0.3333333333333333,3072
20260624,route_only,2,5,1024,0.3333333333333333,3072
20260624,route_only,2,13,1024,0.3333333333333333,3072
20260624,route_only,2,21,1024,0.3333333333333333,3072
20260624,route_only,3,5,1024,0.3333333333333333,3072
20260624,route_only,3,13,1024,0.3333333333333333,3072
20260624,route_only,3,21,1024,0.3333333333333333,3072
20260624,slot_offset_3,0,5,1024,0.3333333333333333,3072
20260624,slot_offset_3,0,13,1024,0.3333333333333333,3072
20260624,slot_offset_3,0,21,1024,0.3333333333333333,3072
20260624,slot_offset_3,1,5,1024,0.3333333333333333,3072
20260624,slot_offset_3,1,13,1024,0.3333333333333333,3072
20260624,slot_offset_3,1,21,1024,0.3333333333333333,3072
20260624,slot_offset_3,2,5,1024,0.3333333333333333,3072
20260624,slot_offset_3,2,13,1024,0.3333333333333333,3072
20260624,slot_offset_3,2,21,1024,0.3333333333333333,3072
20260624,slot_offset_3,3,5,1024,0.3333333333333333,3072
20260624,slot_offset_3,3,13,1024,0.3333333333333333,3072
20260624,slot_offset_3,3,21,1024,0.3333333333333333,3072
20260624,selector_stability_top1_position,0,6,1024,1.0,1024
20260624,selector_stability_top1_position,1,6,2048,1.0,2048
20260624,selector_stability_top1_position,2,6,8192,1.0,8192
20260624,selector_stability_top1_position,3,6,1024,1.0,1024
20260624,selector_stability_top3_positions,0,6,8165,0.31961950990370314,25546
20260624,selector_stability_top3_positions,0,18,9205,0.36033038440460347,25546
20260624,selector_stability_top3_positions,0,22,8176,0.3200501056916934,25546
20260624,selector_stability_top3_positions,1,6,1051,0.2031310398144569,5174
20260624,selector_stability_top3_positions,1,18,3083,0.595863935059915,5174
20260624,selector_stability_top3_positions,1,22,1040,0.20100502512562815,5174
20260624,selector_stability_top3_positions,2,6,1024,0.5,2048
20260624,selector_stability_top3_positions,2,22,1024,0.5,2048
20260624,selector_stability_top3_positions,3,6,2048,0.5,4096
20260624,selector_stability_top3_positions,3,22,2048,0.5,4096
20260624,selector_stability_threshold_positions,0,6,1024,0.16666666666666666,6144
20260624,selector_stability_threshold_positions,0,7,2048,0.3333333333333333,6144
20260624,selector_stability_threshold_positions,0,22,1024,0.16666666666666666,6144
20260624,selector_stability_threshold_positions,0,23,2048,0.3333333333333333,6144
20260624,selector_stability_threshold_positions,1,6,2071,0.3309892919929679,6257
20260624,selector_stability_threshold_positions,1,7,13,0.002077673006233019,6257
20260624,selector_stability_threshold_positions,1,13,2063,0.32971072398913215,6257
20260624,selector_stability_threshold_positions,1,18,21,0.003356241010068723,6257
20260624,selector_stability_threshold_positions,1,22,2067,0.33035000799105,6257
20260624,selector_stability_threshold_positions,1,23,22,0.003516062010548186,6257
20260624,selector_stability_threshold_positions,2,6,8169,0.14534035512222895,56206
20260624,selector_stability_threshold_positions,2,7,9202,0.16371917588869517,56206
20260624,selector_stability_threshold_positions,2,13,10225,0.18192007970679286,56206
20260624,selector_stability_threshold_positions,2,18,11243,0.20003202505070633,56206
20260624,selector_stability_threshold_positions,2,22,8173,0.14541152190157636,56206
20260624,selector_stability_threshold_positions,2,23,9194,0.16357684233000036,56206
20260624,selector_stability_threshold_positions,3,6,1024,0.19996094512790472,5121
20260624,selector_stability_threshold_positions,3,7,1025,0.20015621948838117,5121
20260624,selector_stability_threshold_positions,3,18,1024,0.19996094512790472,5121
20260624,selector_stability_threshold_positions,3,22,1024,0.19996094512790472,5121
20260624,selector_stability_threshold_positions,3,23,1024,0.19996094512790472,5121
20260624,pca_q4,0,0,2499,0.03211421815564922,77816
20260624,pca_q4,0,1,2324,0.02986532332682225,77816
20260624,pca_q4,0,2,3613,0.04643004009458209,77816
20260624,pca_q4,0,3,2565,0.032962372776806824,77816
20260624,pca_q4,0,4,2554,0.03282101367328056,77816
20260624,pca_q4,0,5,1526,0.019610362907371236,77816
20260624,pca_q4,0,6,2566,0.032975223604400125,77816
20260624,pca_q4,0,7,2541,0.0326539529145677,77816
20260624,pca_q4,0,8,2361,0.030340803947774237,77816
20260624,pca_q4,0,9,2283,0.02933843939549707,77816
20260624,pca_q4,0,10,3497,0.04493934409375964,77816
20260624,pca_q4,0,11,2526,0.032461190500668244,77816
20260624,pca_q4,0,12,2548,0.03274390870772078,77816
20260624,pca_q4,0,13,1536,0.019738871183304203,77816
20260624,pca_q4,0,14,2531,0.03252544463863473,77816
20260624,pca_q4,0,15,2562,0.032923820294026934,77816
20260624,pca_q4,0,16,2264,0.029094273671224427,77816
20260624,pca_q4,0,17,2333,0.02998098077516192,77816
20260624,pca_q4,0,18,3517,0.04519636064562558,77816
20260624,pca_q4,0,19,2538,0.03261540043178781,77816
20260624,pca_q4,0,20,2500,0.032127068983242524,77816
20260624,pca_q4,0,21,1498,0.019250539734758917,77816
20260624,pca_q4,0,22,2544,0.03269250539734759,77816
20260624,pca_q4,0,23,2582,0.033180836845892875,77816
20260624,pca_q4,0,24,2226,0.02860594222267914,77816
20260624,pca_q4,0,25,2215,0.028464583119152873,77816
20260624,pca_q4,0,26,2329,0.02992957746478873,77816
20260624,pca_q4,0,27,2252,0.02894006374010486,77816
20260624,pca_q4,0,28,2232,0.028683047188238924,77816
20260624,pca_q4,0,29,2295,0.029492649326616636,77816
20260624,pca_q4,0,30,2247,0.028875809602138376,77816
20260624,pca_q4,0,31,2212,0.028426030636372984,77816
20260624,pca_q4,1,0,4375,0.03373637050631545,129682
20260624,pca_q4,1,1,4483,0.03456917690967135,129682
20260624,pca_q4,1,2,3032,0.023380268657176788,129682
20260624,pca_q4,1,3,4011,0.030929504480190002,129682
20260624,pca_q4,1,4,4028,0.031060594377014545,129682
20260624,pca_q4,1,5,4029,0.03106830554741599,129682
20260624,pca_q4,1,6,4056,0.03127650714825496,129682
20260624,pca_q4,1,7,3059,0.023588470258015762,129682
20260624,pca_q4,1,8,4511,0.03478508968091177,129682
20260624,pca_q4,1,9,4634,0.035733563640289324,129682
20260624,pca_q4,1,10,3079,0.02374269366604463,129682
20260624,pca_q4,1,11,4015,0.030960349161795776,129682
20260624,pca_q4,1,12,4075,0.03142301938588239,129682
20260624,pca_q4,1,13,4002,0.03086010394657701,129682
20260624,pca_q4,1,14,4083,0.03148470874909394,129682
20260624,pca_q4,1,15,3077,0.023727271325241744,129682
20260624,pca_q4,1,16,4619,0.03561789608426767,129682
20260624,pca_q4,1,17,4501,0.034707977976897335,129682
20260624,pca_q4,1,18,3009,0.023202911737943584,129682
20260624,pca_q4,1,19,3971,0.030621057664132263,129682
20260624,pca_q4,1,20,3992,0.030782992242562576,129682
20260624,pca_q4,1,21,4036,0.031122283740226093,129682
20260624,pca_q4,1,22,4019,0.03099119384340155,129682
20260624,pca_q4,1,23,2955,0.022786508536265633,129682
20260624,pca_q4,1,24,4554,0.03511667000817384,129682
20260624,pca_q4,1,25,4552,0.03510124766737095,129682
20260624,pca_q4,1,26,4437,0.034214463071204945,129682
20260624,pca_q4,1,27,4531,0.03493931308894064,129682
20260624,pca_q4,1,28,4497,0.03467713329529156,129682
20260624,pca_q4,1,29,4478,0.034530621057664135,129682
20260624,pca_q4,1,30,4467,0.03444579818324826,129682
20260624,pca_q4,1,31,4515,0.034815934362517544,129682
20260624,pca_q4,2,0,2565,0.02782629449223793,92179
20260624,pca_q4,2,1,2523,0.02737065926078608,92179
20260624,pca_q4,2,2,3665,0.03975959817311969,92179
20260624,pca_q4,2,3,2686,0.029138957897134922,92179
20260624,pca_q4,2,4,1621,0.017585350242463035,92179
20260624,pca_q4,2,5,3658,0.03968365896787772,92179
20260624,pca_q4,2,6,3629,0.03936905368901811,92179
20260624,pca_q4,2,7,3638,0.039466689810043504,92179
20260624,pca_q4,2,8,2516,0.027294720055544106,92179
20260624,pca_q4,2,9,2453,0.026611267208366332,92179
20260624,pca_q4,2,10,3728,0.040443051020297466,92179
20260624,pca_q4,2,11,2687,0.029149806355026633,92179
20260624,pca_q4,2,12,1653,0.017932500894997774,92179
20260624,pca_q4,2,13,3706,0.04020438494667983,92179
20260624,pca_q4,2,14,3653,0.03962941667841916,92179
20260624,pca_q4,2,15,3672,0.039835537378361666,92179
20260624,pca_q4,2,16,2454,0.02662211566625804,92179
20260624,pca_q4,2,17,2414,0.026188177350589613,92179
20260624,pca_q4,2,18,3758,0.04076850475704879,92179
20260624,pca_q4,2,19,2753,0.029865804575879538,92179
20260624,pca_q4,2,20,1725,0.018713589863200947,92179
20260624,pca_q4,2,21,3712,0.040269475694030096,92179
20260624,pca_q4,2,22,3712,0.040269475694030096,92179
20260624,pca_q4,2,23,3709,0.04023693032035496,92179
20260624,pca_q4,2,24,2468,0.02677399407674199,92179
20260624,pca_q4,2,25,2454,0.02662211566625804,92179
20260624,pca_q4,2,26,2493,0.02704520552403476,92179
20260624,pca_q4,2,27,2432,0.026383449592640405,92179
20260624,pca_q4,2,28,2525,0.0273923561765695,92179
20260624,pca_q4,2,29,2511,0.02724047776608555,92179
20260624,pca_q4,2,30,2489,0.027001811692467917,92179
20260624,pca_q4,2,31,2517,0.027305568513435814,92179
20260624,pca_q4,3,0,2849,0.030457883877313206,93539
20260624,pca_q4,3,1,2958,0.03162317322186468,93539
20260624,pca_q4,3,2,1978,0.02114625984883311,93539
20260624,pca_q4,3,3,3026,0.03235014272121789,93539
20260624,pca_q4,3,4,4085,0.04367162360085098,93539
20260624,pca_q4,3,5,3075,0.03287398838986946,93539
20260624,pca_q4,3,6,2037,0.021777012796801335,93539
20260624,pca_q4,3,7,3050,0.03260672019157784,93539
20260624,pca_q4,3,8,2900,0.031003111001828114,93539
20260624,pca_q4,3,9,2918,0.031195544104598082,93539
20260624,pca_q4,3,10,1984,0.021210404216423097,93539
20260624,pca_q4,3,11,3060,0.03271362747089449,93539
20260624,pca_q4,3,12,4012,0.042891200461839446,93539
20260624,pca_q4,3,13,3044,0.032542575823987854,93539
20260624,pca_q4,3,14,2021,0.021605961149894697,93539
20260624,pca_q4,3,15,2977,0.03182629705256631,93539
20260624,pca_q4,3,16,2951,0.03154833812634302,93539
20260624,pca_q4,3,17,3040,0.03249981291226119,93539
20260624,pca_q4,3,18,2004,0.021424218775056392,93539
20260624,pca_q4,3,19,3026,0.03235014272121789,93539
20260624,pca_q4,3,20,4071,0.043521953409807676,93539
20260624,pca_q4,3,21,3042,0.03252119436812453,93539
20260624,pca_q4,3,22,2013,0.02152043532644138,93539
20260624,pca_q4,3,23,3042,0.03252119436812453,93539
20260624,pca_q4,3,24,3040,0.03249981291226119,93539
20260624,pca_q4,3,25,3067,0.03278846256641615,93539
20260624,pca_q4,3,26,3029,0.032382214905012884,93539
20260624,pca_q4,3,27,3073,0.032852606934006136,93539
20260624,pca_q4,3,28,3034,0.032435668544671205,93539
20260624,pca_q4,3,29,3004,0.03211494670672126,93539
20260624,pca_q4,3,30,3085,0.03298089566918611,93539
20260624,pca_q4,3,31,3044,0.032542575823987854,93539
20260624,pca_q8,0,0,2911,0.03069056404849763,94850
20260624,pca_q8,0,1,2813,0.029657353716394306,94850
20260624,pca_q8,0,2,2893,0.030500790722192937,94850
20260624,pca_q8,0,3,1811,0.019093305218766475,94850
20260624,pca_q8,0,4,3874,0.04084343700579863,94850
20260624,pca_q8,0,5,1765,0.01860832894043226,94850
20260624,pca_q8,0,6,4902,0.05168160253031102,94850
20260624,pca_q8,0,7,3880,0.04090669478123353,94850
20260624,pca_q8,0,8,2686,0.028318397469688984,94850
20260624,pca_q8,0,9,2683,0.028286768581971534,94850
20260624,pca_q8,0,10,2791,0.029425408539799684,94850
20260624,pca_q8,0,11,1707,0.017996837111228254,94850
20260624,pca_q8,0,12,3876,0.04086452293094359,94850
20260624,pca_q8,0,13,1756,0.018513442277279916,94850
20260624,pca_q8,0,14,4847,0.05110173958882446,94850
20260624,pca_q8,0,15,3860,0.04069583552978387,94850
20260624,pca_q8,0,16,2704,0.028508170795993673,94850
20260624,pca_q8,0,17,2704,0.028508170795993673,94850
20260624,pca_q8,0,18,2768,0.029182920400632577,94850
20260624,pca_q8,0,19,1829,0.019283078545071164,94850
20260624,pca_q8,0,20,3875,0.04085397996837111,94850
20260624,pca_q8,0,21,1779,0.018755930416447023,94850
20260624,pca_q8,0,22,4893,0.05158671586715867,94850
20260624,pca_q8,0,23,3845,0.04053769109119663,94850
20260624,pca_q8,0,24,2667,0.02811808118081181,94850
20260624,pca_q8,0,25,2701,0.028476541908276226,94850
20260624,pca_q8,0,26,2628,0.027706905640484978,94850
20260624,pca_q8,0,27,2599,0.027401159725882973,94850
20260624,pca_q8,0,28,2718,0.028655772272008436,94850
20260624,pca_q8,0,29,2779,0.02929889298892989,94850
20260624,pca_q8,0,30,2643,0.02786505007907222,94850
20260624,pca_q8,0,31,2663,0.028075909330521877,94850
20260624,pca_q8,1,0,2593,0.030480063945834118,85072
20260624,pca_q8,1,1,2689,0.031608519842016174,85072
20260624,pca_q8,1,2,1727,0.020300451382358472,85072
20260624,pca_q8,1,3,2809,0.033019089712243745,85072
20260624,pca_q8,1,4,2863,0.03365384615384615,85072
20260624,pca_q8,1,5,3851,0.0452675380853865,85072
20260624,pca_q8,1,6,1782,0.020946962572879445,85072
20260624,pca_q8,1,7,2839,0.03337173217980064,85072
20260624,pca_q8,1,8,2637,0.030997272898250893,85072
20260624,pca_q8,1,9,2593,0.030480063945834118,85072
20260624,pca_q8,1,10,1756,0.020641339100996803,85072
20260624,pca_q8,1,11,2791,0.03280750423170961,85072
20260624,pca_q8,1,12,2782,0.03270171149144254,85072
20260624,pca_q8,1,13,3855,0.04531455708106075,85072
20260624,pca_q8,1,14,1792,0.021064510062065073,85072
20260624,pca_q8,1,15,2817,0.03311312770359225,85072
20260624,pca_q8,1,16,2588,0.0304212902012413,85072
20260624,pca_q8,1,17,2719,0.03196116230957307,85072
20260624,pca_q8,1,18,1794,0.0210880195599022,85072
20260624,pca_q8,1,19,2781,0.03268995674252398,85072
20260624,pca_q8,1,20,2805,0.0329720707165695,85072
20260624,pca_q8,1,21,3846,0.04520876434079368,85072
20260624,pca_q8,1,22,1759,0.02067660334775249,85072
20260624,pca_q8,1,23,2782,0.03270171149144254,85072
20260624,pca_q8,1,24,2744,0.03225503103253714,85072
20260624,pca_q8,1,25,2779,0.032666447244686855,85072
20260624,pca_q8,1,26,2759,0.03243135226631559,85072
20260624,pca_q8,1,27,2759,0.03243135226631559,85072
20260624,pca_q8,1,28,2745,0.032266785781455705,85072
20260624,pca_q8,1,29,2615,0.030738668422042505,85072
20260624,pca_q8,1,30,2724,0.032019936054165886,85072
20260624,pca_q8,1,31,2697,0.03170255783336468,85072
20260624,pca_q8,2,0,3953,0.036394939878836984,108614
20260624,pca_q8,2,1,3811,0.03508755777339938,108614
20260624,pca_q8,2,2,2548,0.023459222567993078,108614
20260624,pca_q8,2,3,3616,0.03329220910748154,108614
20260624,pca_q8,2,4,3564,0.032813449463236784,108614
20260624,pca_q8,2,5,3575,0.03291472554182702,108614
20260624,pca_q8,2,6,2563,0.023597326311525217,108614
20260624,pca_q8,2,7,2560,0.023569705562818788,108614
20260624,pca_q8,2,8,3781,0.03481135028633509,108614
20260624,pca_q8,2,9,3967,0.03652383670613365,108614
20260624,pca_q8,2,10,2583,0.02378146463623474,108614
20260624,pca_q8,2,11,3575,0.03291472554182702,108614
20260624,pca_q8,2,12,3555,0.032730587217117496,108614
20260624,pca_q8,2,13,3558,0.032758207965823925,108614
20260624,pca_q8,2,14,2567,0.02363415397646712,108614
20260624,pca_q8,2,15,2607,0.024002430625886164,108614
20260624,pca_q8,2,16,3903,0.035934594067063175,108614
20260624,pca_q8,2,17,3761,0.034627211961625576,108614
20260624,pca_q8,2,18,2581,0.02376305080376379,108614
20260624,pca_q8,2,19,3492,0.0321505514942825,108614
20260624,pca_q8,2,20,3549,0.032675345719704645,108614
20260624,pca_q8,2,21,3547,0.03265693188723369,108614
20260624,pca_q8,2,22,2556,0.023532877897876885,108614
20260624,pca_q8,2,23,2508,0.023090945918574034,108614
20260624,pca_q8,2,24,3833,0.03529010993057985,108614
20260624,pca_q8,2,25,3691,0.033982727825142243,108614
20260624,pca_q8,2,26,3781,0.03481135028633509,108614
20260624,pca_q8,2,27,3932,0.036201594637891986,108614
20260624,pca_q8,2,28,3723,0.034277349144677484,108614
20260624,pca_q8,2,29,3800,0.03498628169480914,108614
20260624,pca_q8,2,30,3743,0.034461487469387,108614
20260624,pca_q8,2,31,3831,0.0352716960981089,108614
20260624,pca_q8,3,0,2831,0.02704432556362247,104680
20260624,pca_q8,3,1,2975,0.02841994650363011,104680
20260624,pca_q8,3,2,5120,0.04891096675582728,104680
20260624,pca_q8,3,3,4052,0.038708444784103936,104680
20260624,pca_q8,3,4,1987,0.018981658387466564,104680
20260624,pca_q8,3,5,3097,0.029585403133358806,104680
20260624,pca_q8,3,6,3041,0.029050439434466946,104680
20260624,pca_q8,3,7,3009,0.028744745892243028,104680
20260624,pca_q8,3,8,3184,0.030416507451280092,104680
20260624,pca_q8,3,9,3045,0.029088651127244937,104680
20260624,pca_q8,3,10,5158,0.04927397783721819,104680
20260624,pca_q8,3,11,4215,0.04026557126480703,104680
20260624,pca_q8,3,12,2075,0.019822315628582346,104680
20260624,pca_q8,3,13,3119,0.029795567443637754,104680
20260624,pca_q8,3,14,3082,0.029442109285441345,104680
20260624,pca_q8,3,15,3004,0.028696981276270538,104680
20260624,pca_q8,3,16,3093,0.02954719144058082,104680
20260624,pca_q8,3,17,3104,0.02965227359572029,104680
20260624,pca_q8,3,18,5145,0.04914978983568972,104680
20260624,pca_q8,3,19,4186,0.039988536492166604,104680
20260624,pca_q8,3,20,2059,0.019669468857470385,104680
20260624,pca_q8,3,21,3116,0.029766908674054262,104680
20260624,pca_q8,3,22,3080,0.02942300343905235,104680
20260624,pca_q8,3,23,3153,0.03012036683225067,104680
20260624,pca_q8,3,24,3044,0.02907909820405044,104680
20260624,pca_q8,3,25,3117,0.029776461597248758,104680
20260624,pca_q8,3,26,3120,0.02980512036683225,104680
20260624,pca_q8,3,27,2998,0.028639663737103555,104680
20260624,pca_q8,3,28,3102,0.029633167749331297,104680
20260624,pca_q8,3,29,3094,0.029556744363775315,104680
20260624,pca_q8,3,30,3178,0.030359189912113105,104680
20260624,pca_q8,3,31,3097,0.029585403133358806,104680
20260624,pca_q16,0,0,4173,0.03236966420254893,128917
20260624,pca_q16,0,1,4230,0.032811809148521914,128917
20260624,pca_q16,0,2,3874,0.03005034246840991,128917
20260624,pca_q16,0,3,3902,0.030267536476958044,128917
20260624,pca_q16,0,4,3922,0.030422675054492424,128917
20260624,pca_q16,0,5,3878,0.030081370183916784,128917
20260624,pca_q16,0,6,4866,0.03774521591411528,128917
20260624,pca_q16,0,7,2866,0.022231358160677023,128917
20260624,pca_q16,0,8,4182,0.0324394765624394,128917
20260624,pca_q16,0,9,4332,0.03360301589394727,128917
20260624,pca_q16,0,10,3894,0.03020548104594429,128917
20260624,pca_q16,0,11,3919,0.03039940426786227,128917
20260624,pca_q16,0,12,3846,0.02983314845986177,128917
20260624,pca_q16,0,13,3836,0.02975557917109458,128917
20260624,pca_q16,0,14,4898,0.03799343763817029,128917
20260624,pca_q16,0,15,2896,0.022464066026978598,128917
20260624,pca_q16,0,16,4162,0.032284337984905015,128917
20260624,pca_q16,0,17,4254,0.032997975441563174,128917
20260624,pca_q16,0,18,3801,0.02948408666040941,128917
20260624,pca_q16,0,19,3746,0.029057455572189857,128917
20260624,pca_q16,0,20,3815,0.02959268366468348,128917
20260624,pca_q16,0,21,3854,0.029895203890875525,128917
20260624,pca_q16,0,22,4854,0.03765213276759465,128917
20260624,pca_q16,0,23,2832,0.021967622578868574,128917
20260624,pca_q16,0,24,4238,0.03287386457953567,128917
20260624,pca_q16,0,25,4272,0.03313760016134412,128917
20260624,pca_q16,0,26,4251,0.03297470465493302,128917
20260624,pca_q16,0,27,4225,0.03277302450413832,128917
20260624,pca_q16,0,28,4262,0.03306003087257693,128917
20260624,pca_q16,0,29,4284,0.03323068330786475,128917
20260624,pca_q16,0,30,4347,0.033719369827098056,128917
20260624,pca_q16,0,31,4206,0.032625642855480655,128917
20260624,pca_q16,1,0,2068,0.03130108373191257,66068
20260624,pca_q16,1,1,1871,0.02831930738027487,66068
20260624,pca_q16,1,2,1238,0.018738269661560815,66068
20260624,pca_q16,1,3,2268,0.03432826784525035,66068
20260624,pca_q16,1,4,3290,0.04979717866440637,66068
20260624,pca_q16,1,5,3311,0.05011503299630683,66068
20260624,pca_q16,1,6,1167,0.017663619301325907,66068
20260624,pca_q16,1,7,2245,0.0339801416722165,66068
20260624,pca_q16,1,8,1812,0.027426288066840224,66068
20260624,pca_q16,1,9,1744,0.02639704546830538,66068
20260624,pca_q16,1,10,1262,0.019101531755161348,66068
20260624,pca_q16,1,11,2276,0.03444935520978386,66068
20260624,pca_q16,1,12,3245,0.04911606223890537,66068
20260624,pca_q16,1,13,3277,0.049600411697039416,66068
20260624,pca_q16,1,14,1217,0.01842041532966035,66068
20260624,pca_q16,1,15,2233,0.033798510625416237,66068
20260624,pca_q16,1,16,1819,0.027532239510807046,66068
20260624,pca_q16,1,17,1780,0.02694193860870618,66068
20260624,pca_q16,1,18,1208,0.01828419204456015,66068
20260624,pca_q16,1,19,2239,0.03388932614881637,66068
20260624,pca_q16,1,20,3284,0.04970636314100624,66068
20260624,pca_q16,1,21,3240,0.049040382636071925,66068
20260624,pca_q16,1,22,1176,0.017799842586426105,66068
20260624,pca_q16,1,23,2233,0.033798510625416237,66068
20260624,pca_q16,1,24,1875,0.028379851062541622,66068
20260624,pca_q16,1,25,1869,0.02828903553914149,66068
20260624,pca_q16,1,26,1803,0.027290064781740026,66068
20260624,pca_q16,1,27,1831,0.027713870557607313,66068
20260624,pca_q16,1,28,1789,0.027078161893806383,66068
20260624,pca_q16,1,29,1749,0.026472725071138827,66068
20260624,pca_q16,1,30,1829,0.027683598716473936,66068
20260624,pca_q16,1,31,1820,0.027547375431373738,66068
20260624,pca_q16,2,0,2213,0.027196087106129873,81372
20260624,pca_q16,2,1,2198,0.027011748513002014,81372
20260624,pca_q16,2,2,4471,0.054945189991643315,81372
20260624,pca_q16,2,3,2501,0.030735388094184732,81372
20260624,pca_q16,2,4,1444,0.017745661898441723,81372
20260624,pca_q16,2,5,1460,0.01794228973111144,81372
20260624,pca_q16,2,6,2501,0.030735388094184732,81372
20260624,pca_q16,2,7,4491,0.05519097478248046,81372
20260624,pca_q16,2,8,2186,0.02686427763849973,81372
20260624,pca_q16,2,9,2207,0.02712235166887873,81372
20260624,pca_q16,2,10,4506,0.05537531337560832,81372
20260624,pca_q16,2,11,2445,0.03004719067984073,81372
20260624,pca_q16,2,12,1434,0.017622769503023154,81372
20260624,pca_q16,2,13,1431,0.017585901784397583,81372
20260624,pca_q16,2,14,2442,0.03001032296121516,81372
20260624,pca_q16,2,15,4537,0.05575627980140589,81372
20260624,pca_q16,2,16,2148,0.026397286535909156,81372
20260624,pca_q16,2,17,2179,0.02677825296170673,81372
20260624,pca_q16,2,18,4514,0.055473627291943176,81372
20260624,pca_q16,2,19,2527,0.031054908322273016,81372
20260624,pca_q16,2,20,1486,0.018261809959199723,81372
20260624,pca_q16,2,21,1483,0.018224942240574152,81372
20260624,pca_q16,2,22,2466,0.030305264710219732,81372
20260624,pca_q16,2,23,4579,0.05627242786216389,81372
20260624,pca_q16,2,24,2164,0.026593914368578872,81372
20260624,pca_q16,2,25,2133,0.0262129479427813,81372
20260624,pca_q16,2,26,2262,0.027798259843680874,81372
20260624,pca_q16,2,27,2142,0.026323551098658016,81372
20260624,pca_q16,2,28,2245,0.0275893427714693,81372
20260624,pca_q16,2,29,2208,0.027134640908420587,81372
20260624,pca_q16,2,30,2155,0.026483311212702157,81372
20260624,pca_q16,2,31,2214,0.02720837634567173,81372
20260624,pca_q16,3,0,3834,0.03280876954278233,116859
20260624,pca_q16,3,1,3989,0.03413515433128814,116859
20260624,pca_q16,3,2,2705,0.02314755388973036,116859
20260624,pca_q16,3,3,3617,0.0309518308388742,116859
20260624,pca_q16,3,4,3632,0.031080190657116695,116859
20260624,pca_q16,3,5,3639,0.03114009190562986,116859
20260624,pca_q16,3,6,3754,0.032124183845489006,116859
20260624,pca_q16,3,7,2686,0.022984964786623194,116859
20260624,pca_q16,3,8,4108,0.03515347555601195,116859
20260624,pca_q16,3,9,4005,0.0342720714707468,116859
20260624,pca_q16,3,10,2626,0.022471525513653206,116859
20260624,pca_q16,3,11,3648,0.03121710779657536,116859
20260624,pca_q16,3,12,3763,0.0322011997364345,116859
20260624,pca_q16,3,13,3744,0.032038610633327344,116859
20260624,pca_q16,3,14,3731,0.031927365457517176,116859
20260624,pca_q16,3,15,2622,0.02243729622878854,116859
20260624,pca_q16,3,16,4159,0.035589898938036435,116859
20260624,pca_q16,3,17,4075,0.03487108395587845,116859
20260624,pca_q16,3,18,2765,0.023660993162700348,116859
20260624,pca_q16,3,19,3776,0.03231244491224467,116859
20260624,pca_q16,3,20,3703,0.03168776046346452,116859
20260624,pca_q16,3,21,3711,0.031756219033193846,116859
20260624,pca_q16,3,22,3792,0.03244936205170333,116859
20260624,pca_q16,3,23,2644,0.0226255572955442,116859
20260624,pca_q16,3,24,4011,0.034323415398043795,116859
20260624,pca_q16,3,25,4014,0.034349087361692295,116859
20260624,pca_q16,3,26,3972,0.033989679870613305,116859
20260624,pca_q16,3,27,4090,0.034999443774120946,116859
20260624,pca_q16,3,28,3992,0.034160826294936636,116859
20260624,pca_q16,3,29,4047,0.03463147896182579,116859
20260624,pca_q16,3,30,3957,0.0338613200523708,116859
20260624,pca_q16,3,31,4048,0.03464003628304196,116859
20260624,pca_q32,0,0,2443,0.03122842899143551,78230
20260624,pca_q32,0,1,2497,0.03191870126549917,78230
20260624,pca_q32,0,2,1638,0.020938258979930974,78230
20260624,pca_q32,0,3,2601,0.03324811453406622,78230
20260624,pca_q32,0,4,1517,0.019391537773232777,78230
20260624,pca_q32,0,5,4672,0.059721334526396525,78230
20260624,pca_q32,0,6,2663,0.03404064936725042,78230
20260624,pca_q32,0,7,1552,0.019838936469385147,78230
20260624,pca_q32,0,8,2375,0.030359197238910902,78230
20260624,pca_q32,0,9,2395,0.03061485363671226,78230
20260624,pca_q32,0,10,1617,0.02066981976223955,78230
20260624,pca_q32,0,11,2620,0.0334909881119775,78230
20260624,pca_q32,0,12,1644,0.021014955899271378,78230
20260624,pca_q32,0,13,4704,0.06013038476287869,78230
20260624,pca_q32,0,14,2667,0.034091780646810683,78230
20260624,pca_q32,0,15,1565,0.020005113127956026,78230
20260624,pca_q32,0,16,2393,0.030589287996932123,78230
20260624,pca_q32,0,17,2410,0.030806595935063276,78230
20260624,pca_q32,0,18,1663,0.021257829477182667,78230
20260624,pca_q32,0,19,2676,0.0342068260258213,78230
20260624,pca_q32,0,20,1739,0.022229323788827814,78230
20260624,pca_q32,0,21,4652,0.05946567812859517,78230
20260624,pca_q32,0,22,2613,0.03340150837274703,78230
20260624,pca_q32,0,23,1644,0.021014955899271378,78230
20260624,pca_q32,0,24,2407,0.03076824747539307,78230
20260624,pca_q32,0,25,2449,0.031305125910775916,78230
20260624,pca_q32,0,26,2397,0.030640419276492394,78230
20260624,pca_q32,0,27,2436,0.031138949252205037,78230
20260624,pca_q32,0,28,2367,0.030256934679790362,78230
20260624,pca_q32,0,29,2326,0.029732839064297585,78230
20260624,pca_q32,0,30,2449,0.031305125910775916,78230
20260624,pca_q32,0,31,2439,0.03117729771187524,78230
20260624,pca_q32,1,0,2523,0.028016212314696573,90055
20260624,pca_q32,1,1,2488,0.027627560934984176,90055
20260624,pca_q32,1,2,2718,0.030181555715951363,90055
20260624,pca_q32,1,3,1730,0.0192104824829271,90055
20260624,pca_q32,1,4,2719,0.030192660041086002,90055
20260624,pca_q32,1,5,1629,0.018088945644328464,90055
20260624,pca_q32,1,6,4686,0.05203486758092277,90055
20260624,pca_q32,1,7,5759,0.06394980845039143,90055
20260624,pca_q32,1,8,2443,0.02712786630392538,90055
20260624,pca_q32,1,9,2398,0.02662817167286658,90055
20260624,pca_q32,1,10,2583,0.02868247182277497,90055
20260624,pca_q32,1,11,1544,0.01714507800788407,90055
20260624,pca_q32,1,12,2648,0.02940425295652657,90055
20260624,pca_q32,1,13,1624,0.018033424018655268,90055
20260624,pca_q32,1,14,4615,0.05124646049636333,90055
20260624,pca_q32,1,15,5653,0.06277274998611959,90055
20260624,pca_q32,1,16,2321,0.025773138637499304,90055
20260624,pca_q32,1,17,2319,0.025750929987230026,90055
20260624,pca_q32,1,18,2544,0.028249403142524013,90055
20260624,pca_q32,1,19,1614,0.017922380767308867,90055
20260624,pca_q32,1,20,2619,0.029082227527622007,90055
20260624,pca_q32,1,21,1604,0.017811337515962467,90055
20260624,pca_q32,1,22,4686,0.05203486758092277,90055
20260624,pca_q32,1,23,5697,0.06326134029204375,90055
20260624,pca_q32,1,24,2302,0.025562156459941147,90055
20260624,pca_q32,1,25,2340,0.025984120815057465,90055
20260624,pca_q32,1,26,2346,0.026050746765865305,90055
20260624,pca_q32,1,27,2381,0.026439398145577702,90055
20260624,pca_q32,1,28,2395,0.026594858697462663,90055
20260624,pca_q32,1,29,2420,0.02687246682582866,90055
20260624,pca_q32,1,30,2298,0.025517739159402586,90055
20260624,pca_q32,1,31,2409,0.02675031924934762,90055
20260624,pca_q32,2,0,5488,0.035540588673380176,154415
20260624,pca_q32,2,1,5419,0.03509374089304795,154415
20260624,pca_q32,2,2,3663,0.023721788686332287,154415
20260624,pca_q32,2,3,3633,0.023527507042709582,154415
20260624,pca_q32,2,4,5721,0.037049509438849854,154415
20260624,pca_q32,2,5,4769,0.030884305281222678,154415
20260624,pca_q32,2,6,3689,0.023890166110805296,154415
20260624,pca_q32,2,7,3758,0.02433701389113752,154415
20260624,pca_q32,2,8,5596,0.03624000259042191,154415
20260624,pca_q32,2,9,5586,0.03617524204254768,154415
20260624,pca_q32,2,10,3723,0.024110351973577696,154415
20260624,pca_q32,2,11,3769,0.024408250493799178,154415
20260624,pca_q32,2,12,5800,0.03756111776705631,154415
20260624,pca_q32,2,13,4708,0.030489265939189845,154415
20260624,pca_q32,2,14,3763,0.024369394165074637,154415
20260624,pca_q32,2,15,3795,0.024576627918272188,154415
20260624,pca_q32,2,16,5708,0.03696532072661335,154415
20260624,pca_q32,2,17,5661,0.036660946151604444,154415
20260624,pca_q32,2,18,3802,0.02462196030178415,154415
20260624,pca_q32,2,19,3659,0.02369588446718259,154415
20260624,pca_q32,2,20,5701,0.03691998834310138,154415
20260624,pca_q32,2,21,4763,0.030845448952498137,154415
20260624,pca_q32,2,22,3716,0.024065019590065732,154415
20260624,pca_q32,2,23,3679,0.023825405562931064,154415
20260624,pca_q32,2,24,5651,0.03659618560373021,154415
20260624,pca_q32,2,25,5606,0.03630476313829615,154415
20260624,pca_q32,2,26,5624,0.036421332124469775,154415
20260624,pca_q32,2,27,5628,0.03644723634361947,154415
20260624,pca_q32,2,28,5586,0.03617524204254768,154415
20260624,pca_q32,2,29,5613,0.036350095521808116,154415
20260624,pca_q32,2,30,5549,0.03593562801541301,154415
20260624,pca_q32,2,31,5589,0.03619467020690995,154415
20260624,pca_q32,3,0,1834,0.026008281808383913,70516
20260624,pca_q32,3,1,1884,0.026717340745362753,70516
20260624,pca_q32,3,2,4269,0.060539452039253504,70516
20260624,pca_q32,3,3,4324,0.06131941686993023,70516
20260624,pca_q32,3,4,2331,0.0330563276419536,70516
20260624,pca_q32,3,5,1218,0.017272675704804584,70516
20260624,pca_q32,3,6,1250,0.01772647342447104,70516
20260624,pca_q32,3,7,1219,0.01728685688354416,70516
20260624,pca_q32,3,8,1874,0.026575528957966985,70516
20260624,pca_q32,3,9,1909,0.027071870213852177,70516
20260624,pca_q32,3,10,4365,0.061900845198252875,70516
20260624,pca_q32,3,11,4355,0.06175903341085711,70516
20260624,pca_q32,3,12,2196,0.031141868512110725,70516
20260624,pca_q32,3,13,1252,0.017754835781950196,70516
20260624,pca_q32,3,14,1243,0.017627205173294004,70516
20260624,pca_q32,3,15,1275,0.01808100289296046,70516
20260624,pca_q32,3,16,1866,0.02646207952805037,70516
20260624,pca_q32,3,17,1898,0.02691587724771683,70516
20260624,pca_q32,3,18,4279,0.06068126382664927,70516
20260624,pca_q32,3,19,4339,0.06153213455102388,70516
20260624,pca_q32,3,20,2229,0.03160984741051676,70516
20260624,pca_q32,3,21,1269,0.017995915820523,70516
20260624,pca_q32,3,22,1273,0.01805264053548131,70516
20260624,pca_q32,3,23,1268,0.017981734641783424,70516
20260624,pca_q32,3,24,1928,0.027341312609904134,70516
20260624,pca_q32,3,25,1893,0.026844971354018945,70516
20260624,pca_q32,3,26,1921,0.027242044358727097,70516
20260624,pca_q32,3,27,1843,0.026135912417040105,70516
20260624,pca_q32,3,28,1940,0.027511486754779057,70516
20260624,pca_q32,3,29,1929,0.02735549378864371,70516
20260624,pca_q32,3,30,1992,0.02824890804923705,70516
20260624,pca_q32,3,31,1851,0.02624936184695672,70516
20260624,bottleneck_ae_q4,0,0,3492,0.031217035275607444,111862
20260624,bottleneck_ae_q4,0,1,3505,0.031333249897194757,111862
20260624,bottleneck_ae_q4,0,2,3317,0.029652607677316693,111862
20260624,bottleneck_ae_q4,0,3,4465,0.03991525272210402,111862
20260624,bottleneck_ae_q4,0,4,4463,0.039897373549552126,111862
20260624,bottleneck_ae_q4,0,5,3416,0.030537626718635462,111862
20260624,bottleneck_ae_q4,0,6,2398,0.021437127889721262,111862
20260624,bottleneck_ae_q4,0,7,2381,0.021285154923030163,111862
20260624,bottleneck_ae_q4,0,8,3618,0.03234342314637679,111862
20260624,bottleneck_ae_q4,0,9,3623,0.03238812107775652,111862
20260624,bottleneck_ae_q4,0,10,3393,0.03033201623428868,111862
20260624,bottleneck_ae_q4,0,11,4400,0.03933417961416746,111862
20260624,bottleneck_ae_q4,0,12,4455,0.03982585685934455,111862
20260624,bottleneck_ae_q4,0,13,3400,0.030394593338220307,111862
20260624,bottleneck_ae_q4,0,14,2398,0.021437127889721262,111862
20260624,bottleneck_ae_q4,0,15,2427,0.02169637589172373,111862
20260624,bottleneck_ae_q4,0,16,3638,0.03252221487189573,111862
20260624,bottleneck_ae_q4,0,17,3702,0.03309434839355634,111862
20260624,bottleneck_ae_q4,0,18,3444,0.030787935134361982,111862
20260624,bottleneck_ae_q4,0,19,4439,0.039682823478929395,111862
20260624,bottleneck_ae_q4,0,20,4396,0.03929842126906367,111862
20260624,bottleneck_ae_q4,0,21,3395,0.03034989540684057,111862
20260624,bottleneck_ae_q4,0,22,2385,0.02132091326813395,111862
20260624,bottleneck_ae_q4,0,23,2415,0.021589100856412365,111862
20260624,bottleneck_ae_q4,0,24,3586,0.03205735638554648,111862
20260624,bottleneck_ae_q4,0,25,3598,0.03216463142085784,111862
20260624,bottleneck_ae_q4,0,26,3538,0.03162825624430101,111862
20260624,bottleneck_ae_q4,0,27,3556,0.031789168797268064,111862
20260624,bottleneck_ae_q4,0,28,3624,0.032397060664032466,111862
20260624,bottleneck_ae_q4,0,29,3667,0.032781462873898194,111862
20260624,bottleneck_ae_q4,0,30,3647,0.03260267114837925,111862
20260624,bottleneck_ae_q4,0,31,3681,0.03290661708176146,111862
20260624,bottleneck_ae_q4,1,0,2245,0.02782425481811985,80685
20260624,bottleneck_ae_q4,1,1,2238,0.02773749767614798,80685
20260624,bottleneck_ae_q4,1,2,3436,0.04258536283076161,80685
20260624,bottleneck_ae_q4,1,3,1444,0.01789675900105348,80685
20260624,bottleneck_ae_q4,1,4,2452,0.03038978744500217,80685
20260624,bottleneck_ae_q4,1,5,1476,0.01829336307863915,80685
20260624,bottleneck_ae_q4,1,6,4479,0.055512176984569624,80685
20260624,bottleneck_ae_q4,1,7,3516,0.043576873024725786,80685
20260624,bottleneck_ae_q4,1,8,2155,0.026708805849910144,80685
20260624,bottleneck_ae_q4,1,9,2150,0.02664683646278738,80685
20260624,bottleneck_ae_q4,1,10,3421,0.04239945466939332,80685
20260624,bottleneck_ae_q4,1,11,1487,0.018429695730309226,80685
20260624,bottleneck_ae_q4,1,12,2478,0.03071202825804053,80685
20260624,bottleneck_ae_q4,1,13,1463,0.018132242672119974,80685
20260624,bottleneck_ae_q4,1,14,4583,0.05680114023672306,80685
20260624,bottleneck_ae_q4,1,15,3477,0.043093511805168246,80685
20260624,bottleneck_ae_q4,1,16,2085,0.025841234430191484,80685
20260624,bottleneck_ae_q4,1,17,2106,0.02610150585610708,80685
20260624,bottleneck_ae_q4,1,18,3391,0.04202763834665675,80685
20260624,bottleneck_ae_q4,1,19,1470,0.01821899981409184,80685
20260624,bottleneck_ae_q4,1,20,2477,0.030699634380615976,80685
20260624,bottleneck_ae_q4,1,21,1478,0.018318150833488256,80685
20260624,bottleneck_ae_q4,1,22,4580,0.056763958604449403,80685
20260624,bottleneck_ae_q4,1,23,3442,0.042659726095308916,80685
20260624,bottleneck_ae_q4,1,24,2153,0.02668401809506104,80685
20260624,bottleneck_ae_q4,1,25,2174,0.026944289520976637,80685
20260624,bottleneck_ae_q4,1,26,2148,0.02662204870793828,80685
20260624,bottleneck_ae_q4,1,27,2117,0.026237838507777157,80685
20260624,bottleneck_ae_q4,1,28,2182,0.027043440540373057,80685
20260624,bottleneck_ae_q4,1,29,2093,0.025940385449587905,80685
20260624,bottleneck_ae_q4,1,30,2141,0.02653529156596641,80685
20260624,bottleneck_ae_q4,1,31,2148,0.02662204870793828,80685
20260624,bottleneck_ae_q4,2,0,4380,0.034057773803506865,128605
20260624,bottleneck_ae_q4,2,1,4403,0.03423661599471249,128605
20260624,bottleneck_ae_q4,2,2,3075,0.02391042338944831,128605
20260624,bottleneck_ae_q4,2,3,4974,0.03867656778507834,128605
20260624,bottleneck_ae_q4,2,4,2952,0.022954006453870378,128605
20260624,bottleneck_ae_q4,2,5,4035,0.031375140935422416,128605
20260624,bottleneck_ae_q4,2,6,3992,0.031040783795342326,128605
20260624,bottleneck_ae_q4,2,7,2950,0.022938454958982932,128605
20260624,bottleneck_ae_q4,2,8,4493,0.034936433264647564,128605
20260624,bottleneck_ae_q4,2,9,4449,0.03459430037712375,128605
20260624,bottleneck_ae_q4,2,10,3074,0.023902647642004587,128605
20260624,bottleneck_ae_q4,2,11,5065,0.03938416080245714,128605
20260624,bottleneck_ae_q4,2,12,3008,0.023389448310718867,128605
20260624,bottleneck_ae_q4,2,13,4020,0.031258504723766574,128605
20260624,bottleneck_ae_q4,2,14,3941,0.030644220675712455,128605
20260624,bottleneck_ae_q4,2,15,2998,0.023311690836281637,128605
20260624,bottleneck_ae_q4,2,16,4455,0.03464095486178609,128605
20260624,bottleneck_ae_q4,2,17,4472,0.034773142568329383,128605
20260624,bottleneck_ae_q4,2,18,2985,0.023210606119513238,128605
20260624,bottleneck_ae_q4,2,19,5010,0.03895649469305237,128605
20260624,bottleneck_ae_q4,2,20,2996,0.02329613934139419,128605
20260624,bottleneck_ae_q4,2,21,4027,0.03131293495587263,128605
20260624,bottleneck_ae_q4,2,22,3999,0.031095214027448387,128605
20260624,bottleneck_ae_q4,2,23,3008,0.023389448310718867,128605
20260624,bottleneck_ae_q4,2,24,4533,0.035247463162396485,128605
20260624,bottleneck_ae_q4,2,25,4558,0.035441856848489564,128605
20260624,bottleneck_ae_q4,2,26,4518,0.03513082695074064,128605
20260624,bottleneck_ae_q4,2,27,4517,0.035123051203296916,128605
20260624,bottleneck_ae_q4,2,28,4421,0.034376579448699505,128605
20260624,bottleneck_ae_q4,2,29,4497,0.034967536254422456,128605
20260624,bottleneck_ae_q4,2,30,4403,0.03423661599471249,128605
20260624,bottleneck_ae_q4,2,31,4397,0.03418996151005015,128605
20260624,bottleneck_ae_q4,3,0,2171,0.030125999111900535,72064
20260624,bottleneck_ae_q4,3,1,2142,0.029723579040852575,72064
20260624,bottleneck_ae_q4,3,2,2460,0.03413632326820604,72064
20260624,bottleneck_ae_q4,3,3,1405,0.01949655861456483,72064
20260624,bottleneck_ae_q4,3,4,2421,0.033595137655417405,72064
20260624,bottleneck_ae_q4,3,5,3361,0.046639098579040854,72064
20260624,bottleneck_ae_q4,3,6,1419,0.019690830373001775,72064
20260624,bottleneck_ae_q4,3,7,3441,0.04774922291296625,72064
20260624,bottleneck_ae_q4,3,8,2022,0.028058392539964477,72064
20260624,bottleneck_ae_q4,3,9,2066,0.028668960923623445,72064
20260624,bottleneck_ae_q4,3,10,2400,0.03330373001776199,72064
20260624,bottleneck_ae_q4,3,11,1336,0.018539076376554175,72064
20260624,bottleneck_ae_q4,3,12,2347,0.03256827264653641,72064
20260624,bottleneck_ae_q4,3,13,3405,0.047249666962699825,72064
20260624,bottleneck_ae_q4,3,14,1366,0.0189553730017762,72064
20260624,bottleneck_ae_q4,3,15,3386,0.04698601243339254,72064
20260624,bottleneck_ae_q4,3,16,2110,0.029279529307282417,72064
20260624,bottleneck_ae_q4,3,17,2008,0.02786412078152753,72064
20260624,bottleneck_ae_q4,3,18,2468,0.03424733570159858,72064
20260624,bottleneck_ae_q4,3,19,1369,0.0189970026642984,72064
20260624,bottleneck_ae_q4,3,20,2419,0.03356738454706927,72064
20260624,bottleneck_ae_q4,3,21,3388,0.04701376554174067,72064
20260624,bottleneck_ae_q4,3,22,1324,0.018372557726465365,72064
20260624,bottleneck_ae_q4,3,23,3423,0.047499444937833035,72064
20260624,bottleneck_ae_q4,3,24,2016,0.02797513321492007,72064
20260624,bottleneck_ae_q4,3,25,1958,0.027170293072824158,72064
20260624,bottleneck_ae_q4,3,26,2084,0.028918738898756662,72064
20260624,bottleneck_ae_q4,3,27,2098,0.029113010657193607,72064
20260624,bottleneck_ae_q4,3,28,2061,0.02859957815275311,72064
20260624,bottleneck_ae_q4,3,29,2031,0.028183281527531082,72064
20260624,bottleneck_ae_q4,3,30,2097,0.02909913410301954,72064
20260624,bottleneck_ae_q4,3,31,2062,0.028613454706927176,72064
20260624,bottleneck_ae_q8,0,0,3345,0.03231166021077442,103523
20260624,bottleneck_ae_q8,0,1,3317,0.03204118891454073,103523
20260624,bottleneck_ae_q8,0,2,2181,0.02106778203877399,103523
20260624,bottleneck_ae_q8,0,3,2247,0.0217053215227534,103523
20260624,bottleneck_ae_q8,0,4,2202,0.021270635510949258,103523
20260624,bottleneck_ae_q8,0,5,2260,0.021830897481719038,103523
20260624,bottleneck_ae_q8,0,6,4275,0.04129517112139331,103523
20260624,bottleneck_ae_q8,0,7,5243,0.05064575021975793,103523
20260624,bottleneck_ae_q8,0,8,3403,0.0328719221815442,103523
20260624,bottleneck_ae_q8,0,9,3437,0.03320035161268511,103523
20260624,bottleneck_ae_q8,0,10,2271,0.021937154062382273,103523
20260624,bottleneck_ae_q8,0,11,2321,0.02242013851994243,103523
20260624,bottleneck_ae_q8,0,12,2282,0.022043410643045505,103523
20260624,bottleneck_ae_q8,0,13,2208,0.021328593645856476,103523
20260624,bottleneck_ae_q8,0,14,4299,0.04152700366102219,103523
20260624,bottleneck_ae_q8,0,15,5283,0.05103213778580605,103523
20260624,bottleneck_ae_q8,0,16,3457,0.033393545395709164,103523
20260624,bottleneck_ae_q8,0,17,3372,0.0325724718178569,103523
20260624,bottleneck_ae_q8,0,18,2291,0.022130347845406333,103523
20260624,bottleneck_ae_q8,0,19,2249,0.021724640901055803,103523
20260624,bottleneck_ae_q8,0,20,2267,0.02189851530577746,103523
20260624,bottleneck_ae_q8,0,21,2276,0.021985452508138287,103523
20260624,bottleneck_ae_q8,0,22,4303,0.041565642417627,103523
20260624,bottleneck_ae_q8,0,23,5384,0.052007766390077564,103523
20260624,bottleneck_ae_q8,0,24,3438,0.033210011301836304,103523
20260624,bottleneck_ae_q8,0,25,3455,0.033374226017406756,103523
20260624,bottleneck_ae_q8,0,26,3319,0.03206050829284313,103523
20260624,bottleneck_ae_q8,0,27,3382,0.032669068709368934,103523
20260624,bottleneck_ae_q8,0,28,3418,0.03301681751881225,103523
20260624,bottleneck_ae_q8,0,29,3437,0.03320035161268511,103523
20260624,bottleneck_ae_q8,0,30,3465,0.03347082290891879,103523
20260624,bottleneck_ae_q8,0,31,3436,0.0331906919235339,103523
20260624,bottleneck_ae_q8,1,0,3556,0.03005332860052568,118323
20260624,bottleneck_ae_q8,1,1,3648,0.030830861286478536,118323
20260624,bottleneck_ae_q8,1,2,3567,0.030146294465150478,118323
20260624,bottleneck_ae_q8,1,3,4498,0.03801458718930385,118323
20260624,bottleneck_ae_q8,1,4,4546,0.03842025641675752,118323
20260624,bottleneck_ae_q8,1,5,3567,0.030146294465150478,118323
20260624,bottleneck_ae_q8,1,6,3527,0.02980823677560576,118323
20260624,bottleneck_ae_q8,1,7,2580,0.021804720975634493,118323
20260624,bottleneck_ae_q8,1,8,3777,0.03192109733526026,118323
20260624,bottleneck_ae_q8,1,9,3733,0.03154923387676107,118323
20260624,bottleneck_ae_q8,1,10,3534,0.029867396871276083,118323
20260624,bottleneck_ae_q8,1,11,4524,0.038234324687507926,118323
20260624,bottleneck_ae_q8,1,12,4486,0.03791316988244044,118323
20260624,bottleneck_ae_q8,1,13,3511,0.029673013699787868,118323
20260624,bottleneck_ae_q8,1,14,3589,0.030332226194400073,118323
20260624,bottleneck_ae_q8,1,15,2533,0.021407503190419445,118323
20260624,bottleneck_ae_q8,1,16,3668,0.030999890131250898,118323
20260624,bottleneck_ae_q8,1,17,3755,0.03173516560601067,118323
20260624,bottleneck_ae_q8,1,18,3464,0.02927579591457282,118323
20260624,bottleneck_ae_q8,1,19,4511,0.03812445593840589,118323
20260624,bottleneck_ae_q8,1,20,4505,0.03807374728497418,118323
20260624,bottleneck_ae_q8,1,21,3483,0.029436373317106565,118323
20260624,bottleneck_ae_q8,1,22,3513,0.029689916584265105,118323
20260624,bottleneck_ae_q8,1,23,2424,0.02048629598641008,118323
20260624,bottleneck_ae_q8,1,24,3705,0.03131259349407976,118323
20260624,bottleneck_ae_q8,1,25,3750,0.03169290839481757,118323
20260624,bottleneck_ae_q8,1,26,3759,0.031768971374965135,118323
20260624,bottleneck_ae_q8,1,27,3772,0.03187884012406717,118323
20260624,bottleneck_ae_q8,1,28,3730,0.031523879550045215,118323
20260624,bottleneck_ae_q8,1,29,3703,0.03129569060960253,118323
20260624,bottleneck_ae_q8,1,30,3628,0.03066183244170618,118323
20260624,bottleneck_ae_q8,1,31,3777,0.03192109733526026,118323
20260624,bottleneck_ae_q8,2,0,2218,0.0314962866190483,70421
20260624,bottleneck_ae_q8,2,1,2217,0.031482086309481544,70421
20260624,bottleneck_ae_q8,2,2,3462,0.0491614717200835,70421
20260624,bottleneck_ae_q8,2,3,3415,0.04849405717044632,70421
20260624,bottleneck_ae_q8,2,4,1482,0.02104485877792136,70421
20260624,bottleneck_ae_q8,2,5,1397,0.019837832464747733,70421
20260624,bottleneck_ae_q8,2,6,1370,0.01945442410644552,70421
20260624,bottleneck_ae_q8,2,7,2411,0.034236946365430766,70421
20260624,bottleneck_ae_q8,2,8,2095,0.029749648542338223,70421
20260624,bottleneck_ae_q8,2,9,2058,0.029224237088368528,70421
20260624,bottleneck_ae_q8,2,10,3473,0.049317675125317734,70421
20260624,bottleneck_ae_q8,2,11,3414,0.048479856860879564,70421
20260624,bottleneck_ae_q8,2,12,1414,0.020079237727382456,70421
20260624,bottleneck_ae_q8,2,13,1457,0.020689851038752646,70421
20260624,bottleneck_ae_q8,2,14,1388,0.019710029678646993,70421
20260624,bottleneck_ae_q8,2,15,2476,0.03515996648726942,70421
20260624,bottleneck_ae_q8,2,16,2164,0.030729469902443872,70421
20260624,bottleneck_ae_q8,2,17,2157,0.030630067735476635,70421
20260624,bottleneck_ae_q8,2,18,3473,0.049317675125317734,70421
20260624,bottleneck_ae_q8,2,19,3426,0.04865026057568055,70421
20260624,bottleneck_ae_q8,2,20,1392,0.01976683091691399,70421
20260624,bottleneck_ae_q8,2,21,1444,0.020505247014384914,70421
20260624,bottleneck_ae_q8,2,22,1383,0.019639028130813252,70421
20260624,bottleneck_ae_q8,2,23,2419,0.034350548841964756,70421
20260624,bottleneck_ae_q8,2,24,2094,0.029735448232771473,70421
20260624,bottleneck_ae_q8,2,25,2038,0.028940230897033556,70421
20260624,bottleneck_ae_q8,2,26,2180,0.03095667485551185,70421
20260624,bottleneck_ae_q8,2,27,2118,0.03007625566237344,70421
20260624,bottleneck_ae_q8,2,28,2104,0.02987745132843896,70421
20260624,bottleneck_ae_q8,2,29,2092,0.029707047613637978,70421
20260624,bottleneck_ae_q8,2,30,2144,0.030445463711108903,70421
20260624,bottleneck_ae_q8,2,31,2046,0.029053833373567543,70421
20260624,bottleneck_ae_q8,3,0,3169,0.03139208907468127,100949
20260624,bottleneck_ae_q8,3,1,3106,0.030768011570198813,100949
20260624,bottleneck_ae_q8,3,2,3078,0.03049064379042883,100949
20260624,bottleneck_ae_q8,3,3,2128,0.021079951262518697,100949
20260624,bottleneck_ae_q8,3,4,4058,0.04019851608237823,100949
20260624,bottleneck_ae_q8,3,5,5064,0.05016394416982833,100949
20260624,bottleneck_ae_q8,3,6,3116,0.030867071491545234,100949
20260624,bottleneck_ae_q8,3,7,2054,0.02034690784455517,100949
20260624,bottleneck_ae_q8,3,8,3013,0.029846754301677086,100949
20260624,bottleneck_ae_q8,3,9,3060,0.03031233593200527,100949
20260624,bottleneck_ae_q8,3,10,3010,0.029817036325273157,100949
20260624,bottleneck_ae_q8,3,11,2029,0.020099258041189116,100949
20260624,bottleneck_ae_q8,3,12,4106,0.04067400370484106,100949
20260624,bottleneck_ae_q8,3,13,5112,0.050639431792291155,100949
20260624,bottleneck_ae_q8,3,14,3012,0.029836848309542443,100949
20260624,bottleneck_ae_q8,3,15,1996,0.01977236030074592,100949
20260624,bottleneck_ae_q8,3,16,2999,0.029708070411792093,100949
20260624,bottleneck_ae_q8,3,17,3004,0.029757600372465304,100949
20260624,bottleneck_ae_q8,3,18,3060,0.03031233593200527,100949
20260624,bottleneck_ae_q8,3,19,2102,0.020822395467017998,100949
20260624,bottleneck_ae_q8,3,20,4124,0.04085231156326462,100949
20260624,bottleneck_ae_q8,3,21,5085,0.05037197000465582,100949
20260624,bottleneck_ae_q8,3,22,3089,0.030599609703909895,100949
20260624,bottleneck_ae_q8,3,23,2061,0.020416249789497666,100949
20260624,bottleneck_ae_q8,3,24,3051,0.03022318200279349,100949
20260624,bottleneck_ae_q8,3,25,3045,0.030163746049985635,100949
20260624,bottleneck_ae_q8,3,26,3030,0.030015156167966003,100949
20260624,bottleneck_ae_q8,3,27,3016,0.02987647227808101,100949
20260624,bottleneck_ae_q8,3,28,3036,0.030074592120773857,100949
20260624,bottleneck_ae_q8,3,29,3056,0.0302727119634667,100949
20260624,bottleneck_ae_q8,3,30,3051,0.03022318200279349,100949
20260624,bottleneck_ae_q8,3,31,3029,0.03000525017583136,100949
20260624,bottleneck_ae_q16,0,0,2984,0.03205431186353285,93092
20260624,bottleneck_ae_q16,0,1,2920,0.03136681992007906,93092
20260624,bottleneck_ae_q16,0,2,2000,0.021484123232930863,93092
20260624,bottleneck_ae_q16,0,3,4012,0.04309715120525932,93092
20260624,bottleneck_ae_q16,0,4,2992,0.03214024835646457,93092
20260624,bottleneck_ae_q16,0,5,1981,0.02128002406221802,93092
20260624,bottleneck_ae_q16,0,6,3041,0.03266660937567138,93092
20260624,bottleneck_ae_q16,0,7,3043,0.03268809349890431,93092
20260624,bottleneck_ae_q16,0,8,2984,0.03205431186353285,93092
20260624,bottleneck_ae_q16,0,9,2976,0.031968375370601126,93092
20260624,bottleneck_ae_q16,0,10,1913,0.020549563872298372,93092
20260624,bottleneck_ae_q16,0,11,3971,0.04265672667898423,93092
20260624,bottleneck_ae_q16,0,12,3080,0.03308554977871353,93092
20260624,bottleneck_ae_q16,0,13,2050,0.022021226313754135,93092
20260624,bottleneck_ae_q16,0,14,3012,0.03235508958879388,93092
20260624,bottleneck_ae_q16,0,15,3006,0.032290637219095086,93092
20260624,bottleneck_ae_q16,0,16,3043,0.03268809349890431,93092
20260624,bottleneck_ae_q16,0,17,3035,0.03260215700597258,93092
20260624,bottleneck_ae_q16,0,18,2022,0.021720448588493105,93092
20260624,bottleneck_ae_q16,0,19,4049,0.04349460748506853,93092
20260624,bottleneck_ae_q16,0,20,3009,0.03232286340394448,93092
20260624,bottleneck_ae_q16,0,21,2049,0.02201048425213767,93092
20260624,bottleneck_ae_q16,0,22,3034,0.03259141494435612,93092
20260624,bottleneck_ae_q16,0,23,2986,0.03207579598676578,93092
20260624,bottleneck_ae_q16,0,24,2972,0.03192540712413527,93092
20260624,bottleneck_ae_q16,0,25,2978,0.03198985949383406,93092
20260624,bottleneck_ae_q16,0,26,2996,0.032183216602930435,93092
20260624,bottleneck_ae_q16,0,27,3006,0.032290637219095086,93092
20260624,bottleneck_ae_q16,0,28,2983,0.03204356980191638,93092
20260624,bottleneck_ae_q16,0,29,3008,0.03231212134232802,93092
20260624,bottleneck_ae_q16,0,30,2930,0.03147424053624372,93092
20260624,bottleneck_ae_q16,0,31,3027,0.032516220513040865,93092
20260624,bottleneck_ae_q16,1,0,2717,0.03198389622008499,84949
20260624,bottleneck_ae_q16,1,1,2787,0.032807920046145335,84949
20260624,bottleneck_ae_q16,1,2,1777,0.02091843341298897,84949
20260624,bottleneck_ae_q16,1,3,2815,0.03313752957656947,84949
20260624,bottleneck_ae_q16,1,4,3856,0.04539194104698113,84949
20260624,bottleneck_ae_q16,1,5,1727,0.02032984496580301,84949
20260624,bottleneck_ae_q16,1,6,3741,0.04403818761845343,84949
20260624,bottleneck_ae_q16,1,7,2812,0.03310221426973831,84949
20260624,bottleneck_ae_q16,1,8,2531,0.029794347196553227,84949
20260624,bottleneck_ae_q16,1,9,2489,0.029299932900917022,84949
20260624,bottleneck_ae_q16,1,10,1700,0.020012007204322592,84949
20260624,bottleneck_ae_q16,1,11,2705,0.03184263499276036,84949
20260624,bottleneck_ae_q16,1,12,3718,0.043767436932747886,84949
20260624,bottleneck_ae_q16,1,13,1644,0.01935278814347432,84949
20260624,bottleneck_ae_q16,1,14,3704,0.043602632167535814,84949
20260624,bottleneck_ae_q16,1,15,2754,0.0324194516710026,84949
20260624,bottleneck_ae_q16,1,16,2560,0.030135728495921082,84949
20260624,bottleneck_ae_q16,1,17,2524,0.02971194481394719,84949
20260624,bottleneck_ae_q16,1,18,1588,0.018693569082626045,84949
20260624,bottleneck_ae_q16,1,19,2704,0.03183086322381664,84949
20260624,bottleneck_ae_q16,1,20,3736,0.04397932877373483,84949
20260624,bottleneck_ae_q16,1,21,1623,0.019105580995656218,84949
20260624,bottleneck_ae_q16,1,22,3764,0.04430893830415897,84949
20260624,bottleneck_ae_q16,1,23,2619,0.030830262863600515,84949
20260624,bottleneck_ae_q16,1,24,2583,0.030406479181626624,84949
20260624,bottleneck_ae_q16,1,25,2595,0.03054774040895125,84949
20260624,bottleneck_ae_q16,1,26,2436,0.028676029146899904,84949
20260624,bottleneck_ae_q16,1,27,2566,0.030206359109583397,84949
20260624,bottleneck_ae_q16,1,28,2575,0.03031230503007687,84949
20260624,bottleneck_ae_q16,1,29,2551,0.03002978257542761,84949
20260624,bottleneck_ae_q16,1,30,2516,0.029617770662397437,84949
20260624,bottleneck_ae_q16,1,31,2532,0.029806118965496946,84949
20260624,bottleneck_ae_q16,2,0,3135,0.028487051340299864,110050
20260624,bottleneck_ae_q16,2,1,3259,0.029613811903680145,110050
20260624,bottleneck_ae_q16,2,2,3277,0.029777373920945024,110050
20260624,bottleneck_ae_q16,2,3,2213,0.020109041344843252,110050
20260624,bottleneck_ae_q16,2,4,2171,0.01972739663789187,110050
20260624,bottleneck_ae_q16,2,5,5326,0.04839618355293049,110050
20260624,bottleneck_ae_q16,2,6,3259,0.029613811903680145,110050
20260624,bottleneck_ae_q16,2,7,4249,0.038609722853248526,110050
20260624,bottleneck_ae_q16,2,8,3432,0.031185824625170378,110050
20260624,bottleneck_ae_q16,2,9,3349,0.030431621990004543,110050
20260624,bottleneck_ae_q16,2,10,3324,0.0302044525215811,110050
20260624,bottleneck_ae_q16,2,11,2325,0.02112676056338028,110050
20260624,bottleneck_ae_q16,2,12,2260,0.02053611994547933,110050
20260624,bottleneck_ae_q16,2,13,5361,0.048714220808723306,110050
20260624,bottleneck_ae_q16,2,14,3340,0.030349840981372105,110050
20260624,bottleneck_ae_q16,2,15,4268,0.038782371649250344,110050
20260624,bottleneck_ae_q16,2,16,3423,0.031104043616537937,110050
20260624,bottleneck_ae_q16,2,17,3383,0.030740572467060426,110050
20260624,bottleneck_ae_q16,2,18,3375,0.030667878237164926,110050
20260624,bottleneck_ae_q16,2,19,2319,0.021072239890958654,110050
20260624,bottleneck_ae_q16,2,20,2392,0.02173557473875511,110050
20260624,bottleneck_ae_q16,2,21,5313,0.0482780554293503,110050
20260624,bottleneck_ae_q16,2,22,3303,0.030013630168105408,110050
20260624,bottleneck_ae_q16,2,23,4425,0.04020899591094957,110050
20260624,bottleneck_ae_q16,2,24,3447,0.03132212630622444,110050
20260624,bottleneck_ae_q16,2,25,3402,0.030913221263062243,110050
20260624,bottleneck_ae_q16,2,26,3472,0.031549295774647886,110050
20260624,bottleneck_ae_q16,2,27,3478,0.03160381644706951,110050
20260624,bottleneck_ae_q16,2,28,3415,0.031031349386642437,110050
20260624,bottleneck_ae_q16,2,29,3421,0.03108587005906406,110050
20260624,bottleneck_ae_q16,2,30,3480,0.03162199000454339,110050
20260624,bottleneck_ae_q16,2,31,3454,0.03138573375738301,110050
20260624,bottleneck_ae_q16,3,0,3452,0.032837098692033294,105125
20260624,bottleneck_ae_q16,3,1,3322,0.03160047562425684,105125
20260624,bottleneck_ae_q16,3,2,5234,0.04978834720570749,105125
20260624,bottleneck_ae_q16,3,3,3248,0.03089655172413793,105125
20260624,bottleneck_ae_q16,3,4,3269,0.031096313912009513,105125
20260624,bottleneck_ae_q16,3,5,3254,0.030953626634958382,105125
20260624,bottleneck_ae_q16,3,6,2247,0.021374554102259215,105125
20260624,bottleneck_ae_q16,3,7,2184,0.02077526753864447,105125
20260624,bottleneck_ae_q16,3,8,3341,0.031781212841854936,105125
20260624,bottleneck_ae_q16,3,9,3474,0.03304637336504162,105125
20260624,bottleneck_ae_q16,3,10,5351,0.050901307966706305,105125
20260624,bottleneck_ae_q16,3,11,3287,0.03126753864447087,105125
20260624,bottleneck_ae_q16,3,12,3230,0.030725326991676575,105125
20260624,bottleneck_ae_q16,3,13,3233,0.0307538644470868,105125
20260624,bottleneck_ae_q16,3,14,2232,0.021231866825208084,105125
20260624,bottleneck_ae_q16,3,15,2260,0.02149821640903686,105125
20260624,bottleneck_ae_q16,3,16,3262,0.03102972651605232,105125
20260624,bottleneck_ae_q16,3,17,3346,0.03182877526753865,105125
20260624,bottleneck_ae_q16,3,18,5303,0.05044470868014269,105125
20260624,bottleneck_ae_q16,3,19,3216,0.030592152199762187,105125
20260624,bottleneck_ae_q16,3,20,3151,0.029973840665873958,105125
20260624,bottleneck_ae_q16,3,21,3303,0.03141973840665874,105125
20260624,bottleneck_ae_q16,3,22,2187,0.0208038049940547,105125
20260624,bottleneck_ae_q16,3,23,2258,0.021479191438763378,105125
20260624,bottleneck_ae_q16,3,24,3286,0.031258026159334124,105125
20260624,bottleneck_ae_q16,3,25,3313,0.03151486325802616,105125
20260624,bottleneck_ae_q16,3,26,3384,0.03219024970273484,105125
20260624,bottleneck_ae_q16,3,27,3238,0.030801426872770512,105125
20260624,bottleneck_ae_q16,3,28,3315,0.031533888228299646,105125
20260624,bottleneck_ae_q16,3,29,3308,0.03146730083234245,105125
20260624,bottleneck_ae_q16,3,30,3362,0.031980975029726515,105125
20260624,bottleneck_ae_q16,3,31,3275,0.031153388822829964,105125
20260624,bottleneck_ae_q32,0,0,2958,0.031782187792115696,93071
20260624,bottleneck_ae_q32,0,1,3107,0.033383116115653644,93071
20260624,bottleneck_ae_q32,0,2,2083,0.022380763073352603,93071
20260624,bottleneck_ae_q32,0,3,2115,0.02272458660592451,93071
20260624,bottleneck_ae_q32,0,4,4132,0.04439621364334755,93071
20260624,bottleneck_ae_q32,0,5,3235,0.03475841024594127,93071
20260624,bottleneck_ae_q32,0,6,2150,0.023100643594675032,93071
20260624,bottleneck_ae_q32,0,7,2156,0.023165110507032266,93071
20260624,bottleneck_ae_q32,0,8,3244,0.03485511061447712,93071
20260624,bottleneck_ae_q32,0,9,3242,0.03483362164369137,93071
20260624,bottleneck_ae_q32,0,10,2166,0.023272555360960987,93071
20260624,bottleneck_ae_q32,0,11,2198,0.023616378893532894,93071
20260624,bottleneck_ae_q32,0,12,4204,0.04516981659163434,93071
20260624,bottleneck_ae_q32,0,13,3131,0.03364098376508257,93071
20260624,bottleneck_ae_q32,0,14,2167,0.02328329984635386,93071
20260624,bottleneck_ae_q32,0,15,2217,0.023820524115997464,93071
20260624,bottleneck_ae_q32,0,16,3331,0.035789880843656995,93071
20260624,bottleneck_ae_q32,0,17,3186,0.03423193046169054,93071
20260624,bottleneck_ae_q32,0,18,2200,0.023637867864318637,93071
20260624,bottleneck_ae_q32,0,19,2145,0.023046921167710673,93071
20260624,bottleneck_ae_q32,0,20,4147,0.044557380924240636,93071
20260624,bottleneck_ae_q32,0,21,3167,0.03402778523922597,93071
20260624,bottleneck_ae_q32,0,22,2217,0.023820524115997464,93071
20260624,bottleneck_ae_q32,0,23,2144,0.0230361766823178,93071
20260624,bottleneck_ae_q32,0,24,3213,0.034522031567298085,93071
20260624,bottleneck_ae_q32,0,25,3267,0.03510223377851318,93071
20260624,bottleneck_ae_q32,0,26,3186,0.03423193046169054,93071
20260624,bottleneck_ae_q32,0,27,3295,0.0354030793695136,93071
20260624,bottleneck_ae_q32,0,28,3312,0.035585735621192424,93071
20260624,bottleneck_ae_q32,0,29,3176,0.034124485607761816,93071
20260624,bottleneck_ae_q32,0,30,3301,0.03546754628187083,93071
20260624,bottleneck_ae_q32,0,31,3279,0.03523116760322764,93071
20260624,bottleneck_ae_q32,1,0,3222,0.031182858138319492,103326
20260624,bottleneck_ae_q32,1,1,3263,0.031579660492034915,103326
20260624,bottleneck_ae_q32,1,2,4227,0.040909354857441495,103326
20260624,bottleneck_ae_q32,1,3,3135,0.030340862899947738,103326
20260624,bottleneck_ae_q32,1,4,2143,0.02074018156127209,103326
20260624,bottleneck_ae_q32,1,5,2094,0.020265954358051216,103326
20260624,bottleneck_ae_q32,1,6,3160,0.030582815554652264,103326
20260624,bottleneck_ae_q32,1,7,4170,0.04035770280471517,103326
20260624,bottleneck_ae_q32,1,8,3342,0.03234423088090123,103326
20260624,bottleneck_ae_q32,1,9,3310,0.03203453148287943,103326
20260624,bottleneck_ae_q32,1,10,4280,0.041422294485415095,103326
20260624,bottleneck_ae_q32,1,11,3206,0.031028008439308596,103326
20260624,bottleneck_ae_q32,1,12,2167,0.020972456109788436,103326
20260624,bottleneck_ae_q32,1,13,2126,0.020575653756073013,103326
20260624,bottleneck_ae_q32,1,14,3245,0.03140545458064766,103326
20260624,bottleneck_ae_q32,1,15,4160,0.04026092174283336,103326
20260624,bottleneck_ae_q32,1,16,3285,0.031792578828174906,103326
20260624,bottleneck_ae_q32,1,17,3213,0.031095755182625865,103326
20260624,bottleneck_ae_q32,1,18,4220,0.040841608114124225,103326
20260624,bottleneck_ae_q32,1,19,3209,0.03105704275787314,103326
20260624,bottleneck_ae_q32,1,20,2155,0.02085631883553026,103326
20260624,bottleneck_ae_q32,1,21,2204,0.021330546038751137,103326
20260624,bottleneck_ae_q32,1,22,3197,0.030940905483614965,103326
20260624,bottleneck_ae_q32,1,23,4206,0.040706114627489694,103326
20260624,bottleneck_ae_q32,1,24,3326,0.032189381181890325,103326
20260624,bottleneck_ae_q32,1,25,3295,0.031889359890056715,103326
20260624,bottleneck_ae_q32,1,26,3288,0.031821613146739446,103326
20260624,bottleneck_ae_q32,1,27,3233,0.03128931730638949,103326
20260624,bottleneck_ae_q32,1,28,3248,0.0314344888992122,103326
20260624,bottleneck_ae_q32,1,29,3335,0.03227648413758396,103326
20260624,bottleneck_ae_q32,1,30,3290,0.03184096935911581,103326
20260624,bottleneck_ae_q32,1,31,3372,0.03263457406654666,103326
20260624,bottleneck_ae_q32,2,0,3783,0.03534985422740525,107016
20260624,bottleneck_ae_q32,2,1,3649,0.034097705016072365,107016
20260624,bottleneck_ae_q32,2,2,3590,0.03354638558720192,107016
20260624,bottleneck_ae_q32,2,3,2442,0.022819017716976902,107016
20260624,bottleneck_ae_q32,2,4,2517,0.023519847499439337,107016
20260624,bottleneck_ae_q32,2,5,2454,0.02293115048217089,107016
20260624,bottleneck_ae_q32,2,6,4500,0.04204978694774613,107016
20260624,bottleneck_ae_q32,2,7,3527,0.03295768856993347,107016
20260624,bottleneck_ae_q32,2,8,3551,0.033181954100321445,107016
20260624,bottleneck_ae_q32,2,9,3613,0.033761306720490394,107016
20260624,bottleneck_ae_q32,2,10,3412,0.03188308290349107,107016
20260624,bottleneck_ae_q32,2,11,2372,0.022164909920011962,107016
20260624,bottleneck_ae_q32,2,12,2411,0.022529341406892427,107016
20260624,bottleneck_ae_q32,2,13,2488,0.02324885998355386,107016
20260624,bottleneck_ae_q32,2,14,4489,0.04194699857965164,107016
20260624,bottleneck_ae_q32,2,15,3463,0.032359647155565524,107016
20260624,bottleneck_ae_q32,2,16,3574,0.03339687523360993,107016
20260624,bottleneck_ae_q32,2,17,3744,0.03498542274052478,107016
20260624,bottleneck_ae_q32,2,18,3369,0.03148127382821261,107016
20260624,bottleneck_ae_q32,2,19,2398,0.022407864244598938,107016
20260624,bottleneck_ae_q32,2,20,2435,0.022753606937280405,107016
20260624,bottleneck_ae_q32,2,21,2411,0.022529341406892427,107016
20260624,bottleneck_ae_q32,2,22,4476,0.04182552141735815,107016
20260624,bottleneck_ae_q32,2,23,3446,0.032200792404874036,107016
20260624,bottleneck_ae_q32,2,24,3648,0.034088360618972864,107016
20260624,bottleneck_ae_q32,2,25,3556,0.03322867608581894,107016
20260624,bottleneck_ae_q32,2,26,3707,0.03463968004784331,107016
20260624,bottleneck_ae_q32,2,27,3594,0.03358376317559991,107016
20260624,bottleneck_ae_q32,2,28,3630,0.03392016147118188,107016
20260624,bottleneck_ae_q32,2,29,3717,0.0347331240188383,107016
20260624,bottleneck_ae_q32,2,30,3505,0.032752111833744484,107016
20260624,bottleneck_ae_q32,2,31,3545,0.03312588771772445,107016
20260624,bottleneck_ae_q32,3,0,2325,0.0258900036747102,89803
20260624,bottleneck_ae_q32,3,1,2269,0.025266416489426857,89803
20260624,bottleneck_ae_q32,3,2,2388,0.02659153925815396,89803
20260624,bottleneck_ae_q32,3,3,4596,0.05117869113504003,89803
20260624,bottleneck_ae_q32,3,4,3496,0.03892965713840295,89803
20260624,bottleneck_ae_q32,3,5,4505,0.0501653619589546,89803
20260624,bottleneck_ae_q32,3,6,2478,0.0275937329487879,89803
20260624,bottleneck_ae_q32,3,7,2435,0.027114907074373907,89803
20260624,bottleneck_ae_q32,3,8,2151,0.023952429206151243,89803
20260624,bottleneck_ae_q32,3,9,2123,0.02364063561350957,89803
20260624,bottleneck_ae_q32,3,10,2430,0.027059229647116465,89803
20260624,bottleneck_ae_q32,3,11,4512,0.05024331035711502,89803
20260624,bottleneck_ae_q32,3,12,3506,0.03904101199291783,89803
20260624,bottleneck_ae_q32,3,13,4543,0.050588510406111155,89803
20260624,bottleneck_ae_q32,3,14,2387,0.02658040377270247,89803
20260624,bottleneck_ae_q32,3,15,2448,0.027259668385243255,89803
20260624,bottleneck_ae_q32,3,16,2098,0.023362248477222364,89803
20260624,bottleneck_ae_q32,3,17,2145,0.023885616293442314,89803
20260624,bottleneck_ae_q32,3,18,2499,0.027827578143269156,89803
20260624,bottleneck_ae_q32,3,19,4536,0.05051056200795074,89803
20260624,bottleneck_ae_q32,3,20,3551,0.0395421088382348,89803
20260624,bottleneck_ae_q32,3,21,4506,0.05017649744440609,89803
20260624,bottleneck_ae_q32,3,22,2398,0.02670289411266884,89803
20260624,bottleneck_ae_q32,3,23,2492,0.027749629745108736,89803
20260624,bottleneck_ae_q32,3,24,2101,0.02339565493357683,89803
20260624,bottleneck_ae_q32,3,25,2170,0.02416400342972952,89803
20260624,bottleneck_ae_q32,3,26,2107,0.023462467846285757,89803
20260624,bottleneck_ae_q32,3,27,2166,0.024119461487923564,89803
20260624,bottleneck_ae_q32,3,28,2098,0.023362248477222364,89803
20260624,bottleneck_ae_q32,3,29,2060,0.02293910003006581,89803
20260624,bottleneck_ae_q32,3,30,2192,0.02440898410966226,89803
20260624,bottleneck_ae_q32,3,31,2092,0.023295435564513436,89803
20260624,sae_l1_4x,0,0,3739,0.03247435663600754,115137
20260624,sae_l1_4x,0,1,3764,0.03269148926930526,115137
20260624,sae_l1_4x,0,2,2480,0.02153955722313418,115137
20260624,sae_l1_4x,0,3,3496,0.030363827440353666,115137
20260624,sae_l1_4x,0,4,3437,0.029851394425771036,115137
20260624,sae_l1_4x,0,5,4555,0.039561565786845235,115137
20260624,sae_l1_4x,0,6,3542,0.03076335148562148,115137
20260624,sae_l1_4x,0,7,3442,0.02989482095243058,115137
20260624,sae_l1_4x,0,8,3752,0.03258726560532235,115137
20260624,sae_l1_4x,0,9,3689,0.03204009136941209,115137
20260624,sae_l1_4x,0,10,2509,0.02179143107775954,115137
20260624,sae_l1_4x,0,11,3544,0.030780722096285296,115137
20260624,sae_l1_4x,0,12,3509,0.03047673640966848,115137
20260624,sae_l1_4x,0,13,4506,0.0391359858255817,115137
20260624,sae_l1_4x,0,14,3544,0.030780722096285296,115137
20260624,sae_l1_4x,0,15,3439,0.029868765036434857,115137
20260624,sae_l1_4x,0,16,3716,0.03227459461337363,115137
20260624,sae_l1_4x,0,17,3682,0.03197929423208873,115137
20260624,sae_l1_4x,0,18,2571,0.022329920008337893,115137
20260624,sae_l1_4x,0,19,3525,0.030615701294979026,115137
20260624,sae_l1_4x,0,20,3552,0.030850204538940565,115137
20260624,sae_l1_4x,0,21,4479,0.038901482581620156,115137
20260624,sae_l1_4x,0,22,3484,0.03025960377637076,115137
20260624,sae_l1_4x,0,23,3520,0.03057227476831948,115137
20260624,sae_l1_4x,0,24,3731,0.032404874193352265,115137
20260624,sae_l1_4x,0,25,3781,0.032839139459947715,115137
20260624,sae_l1_4x,0,26,3616,0.03140606408018274,115137
20260624,sae_l1_4x,0,27,3731,0.032404874193352265,115137
20260624,sae_l1_4x,0,28,3677,0.03193586770542919,115137
20260624,sae_l1_4x,0,29,3690,0.032048776674744,115137
20260624,sae_l1_4x,0,30,3684,0.03199666484275255,115137
20260624,sae_l1_4x,0,31,3751,0.032578580299990445,115137
20260624,sae_l1_4x,1,0,2476,0.028139881121503823,87989
20260624,sae_l1_4x,1,1,2470,0.02807169077952926,87989
20260624,sae_l1_4x,1,2,2765,0.031424382593278705,87989
20260624,sae_l1_4x,1,3,2765,0.031424382593278705,87989
20260624,sae_l1_4x,1,4,3746,0.04257350350612008,87989
20260624,sae_l1_4x,1,5,3753,0.042653058905090406,87989
20260624,sae_l1_4x,1,6,1694,0.019252406550818852,87989
20260624,sae_l1_4x,1,7,2761,0.031378922365295665,87989
20260624,sae_l1_4x,1,8,2605,0.02960597347395697,87989
20260624,sae_l1_4x,1,9,2579,0.02931048199206719,87989
20260624,sae_l1_4x,1,10,2715,0.030856129743490664,87989
20260624,sae_l1_4x,1,11,2671,0.030356067235677187,87989
20260624,sae_l1_4x,1,12,3732,0.042414392708179434,87989
20260624,sae_l1_4x,1,13,3685,0.041880235029378675,87989
20260624,sae_l1_4x,1,14,1688,0.019184216208844286,87989
20260624,sae_l1_4x,1,15,2775,0.03153803316323631,87989
20260624,sae_l1_4x,1,16,2575,0.029265021764084145,87989
20260624,sae_l1_4x,1,17,2525,0.028696768914296105,87989
20260624,sae_l1_4x,1,18,2799,0.03181079453113457,87989
20260624,sae_l1_4x,1,19,2718,0.030890224914477946,87989
20260624,sae_l1_4x,1,20,3760,0.04273261430406074,87989
20260624,sae_l1_4x,1,21,3788,0.04305083589994204,87989
20260624,sae_l1_4x,1,22,1749,0.019877484685585697,87989
20260624,sae_l1_4x,1,23,2753,0.03128800190932957,87989
20260624,sae_l1_4x,1,24,2559,0.029083180852151974,87989
20260624,sae_l1_4x,1,25,2499,0.028401277432406325,87989
20260624,sae_l1_4x,1,26,2600,0.029549148188978167,87989
20260624,sae_l1_4x,1,27,2622,0.029799179442884904,87989
20260624,sae_l1_4x,1,28,2581,0.02933321210605871,87989
20260624,sae_l1_4x,1,29,2566,0.029162736251122298,87989
20260624,sae_l1_4x,1,30,2493,0.02833308709043176,87989
20260624,sae_l1_4x,1,31,2522,0.028662673743308824,87989
20260624,sae_l1_4x,2,0,2908,0.033526637997625,86737
20260624,sae_l1_4x,2,1,2943,0.03393015668054002,86737
20260624,sae_l1_4x,2,2,2907,0.03351510889239886,86737
20260624,sae_l1_4x,2,3,1882,0.021697776035601878,86737
20260624,sae_l1_4x,2,4,2962,0.03414920967983675,86737
20260624,sae_l1_4x,2,5,1881,0.021686246930375734,86737
20260624,sae_l1_4x,2,6,2935,0.033837923838730875,86737
20260624,sae_l1_4x,2,7,3010,0.03470260673069163,86737
20260624,sae_l1_4x,2,8,2844,0.032788775263151826,86737
20260624,sae_l1_4x,2,9,2880,0.03320382305129299,86737
20260624,sae_l1_4x,2,10,2974,0.03428755894255047,86737
20260624,sae_l1_4x,2,11,1923,0.022170469349873757,86737
20260624,sae_l1_4x,2,12,2966,0.03419532610074132,86737
20260624,sae_l1_4x,2,13,1922,0.022158940244647613,86737
20260624,sae_l1_4x,2,14,2919,0.03365345815511258,86737
20260624,sae_l1_4x,2,15,2937,0.03386098204918316,86737
20260624,sae_l1_4x,2,16,2851,0.03286947899973483,86737
20260624,sae_l1_4x,2,17,2927,0.03374569099692173,86737
20260624,sae_l1_4x,2,18,2844,0.032788775263151826,86737
20260624,sae_l1_4x,2,19,1938,0.02234340592826591,86737
20260624,sae_l1_4x,2,20,2923,0.033699574576017154,86737
20260624,sae_l1_4x,2,21,1927,0.02221658577077833,86737
20260624,sae_l1_4x,2,22,2881,0.033215352156519135,86737
20260624,sae_l1_4x,2,23,2892,0.03334217231400671,86737
20260624,sae_l1_4x,2,24,2837,0.03270807152656882,86737
20260624,sae_l1_4x,2,25,2850,0.03285794989450869,86737
20260624,sae_l1_4x,2,26,2851,0.03286947899973483,86737
20260624,sae_l1_4x,2,27,2794,0.03221232000184466,86737
20260624,sae_l1_4x,2,28,2832,0.032650426000438104,86737
20260624,sae_l1_4x,2,29,2886,0.03327299768264985,86737
20260624,sae_l1_4x,2,30,2873,0.03312311931470999,86737
20260624,sae_l1_4x,2,31,2838,0.032719600631794965,86737
20260624,sae_l1_4x,3,0,3165,0.03062320397085716,103353
20260624,sae_l1_4x,3,1,3111,0.03010072276566718,103353
20260624,sae_l1_4x,3,2,4136,0.04001819008640291,103353
20260624,sae_l1_4x,3,3,4145,0.04010527028726791,103353
20260624,sae_l1_4x,3,4,2143,0.020734763383743093,103353
20260624,sae_l1_4x,3,5,2099,0.020309037957291998,103353
20260624,sae_l1_4x,3,6,4117,0.03983435410679903,103353
20260624,sae_l1_4x,3,7,3075,0.029752401962207194,103353
20260624,sae_l1_4x,3,8,3087,0.029868508896693857,103353
20260624,sae_l1_4x,3,9,3140,0.030381314524009946,103353
20260624,sae_l1_4x,3,10,4090,0.03957311350420404,103353
20260624,sae_l1_4x,3,11,4150,0.04015364817663735,103353
20260624,sae_l1_4x,3,12,2081,0.020134877555562005,103353
20260624,sae_l1_4x,3,13,2175,0.021044381875707528,103353
20260624,sae_l1_4x,3,14,4137,0.040027865664276796,103353
20260624,sae_l1_4x,3,15,3137,0.03035228779038828,103353
20260624,sae_l1_4x,3,16,3146,0.03043936799125328,103353
20260624,sae_l1_4x,3,17,3154,0.030516772614244386,103353
20260624,sae_l1_4x,3,18,4074,0.03941830425822182,103353
20260624,sae_l1_4x,3,19,4107,0.03973759832806014,103353
20260624,sae_l1_4x,3,20,2053,0.019863961375093126,103353
20260624,sae_l1_4x,3,21,2094,0.020260660067922556,103353
20260624,sae_l1_4x,3,22,4174,0.040385862045610676,103353
20260624,sae_l1_4x,3,23,3123,0.030216829700153842,103353
20260624,sae_l1_4x,3,24,3161,0.030584501659361607,103353
20260624,sae_l1_4x,3,25,3158,0.03055547492573994,103353
20260624,sae_l1_4x,3,26,3221,0.031165036331794918,103353
20260624,sae_l1_4x,3,27,3141,0.030390990101883834,103353
20260624,sae_l1_4x,3,28,3198,0.03094249804069548,103353
20260624,sae_l1_4x,3,29,3146,0.03043936799125328,103353
20260624,sae_l1_4x,3,30,3238,0.03132952115565102,103353
20260624,sae_l1_4x,3,31,3177,0.030739310905343823,103353
20260624,sae_topk_4x,0,0,12288,0.032,384000
20260624,sae_topk_4x,0,1,12288,0.032,384000
20260624,sae_topk_4x,0,2,11264,0.029333333333333333,384000
20260624,sae_topk_4x,0,3,12288,0.032,384000
20260624,sae_topk_4x,0,4,11264,0.029333333333333333,384000
20260624,sae_topk_4x,0,5,11264,0.029333333333333333,384000
20260624,sae_topk_4x,0,6,12288,0.032,384000
20260624,sae_topk_4x,0,7,12288,0.032,384000
20260624,sae_topk_4x,0,8,12288,0.032,384000
20260624,sae_topk_4x,0,9,12288,0.032,384000
20260624,sae_topk_4x,0,10,11264,0.029333333333333333,384000
20260624,sae_topk_4x,0,11,12288,0.032,384000
20260624,sae_topk_4x,0,12,11264,0.029333333333333333,384000
20260624,sae_topk_4x,0,13,11264,0.029333333333333333,384000
20260624,sae_topk_4x,0,14,12288,0.032,384000
20260624,sae_topk_4x,0,15,12288,0.032,384000
20260624,sae_topk_4x,0,16,12288,0.032,384000
20260624,sae_topk_4x,0,17,12288,0.032,384000
20260624,sae_topk_4x,0,18,11264,0.029333333333333333,384000
20260624,sae_topk_4x,0,19,12288,0.032,384000
20260624,sae_topk_4x,0,20,11264,0.029333333333333333,384000
20260624,sae_topk_4x,0,21,11264,0.029333333333333333,384000
20260624,sae_topk_4x,0,22,12288,0.032,384000
20260624,sae_topk_4x,0,23,12288,0.032,384000
20260624,sae_topk_4x,0,24,12288,0.032,384000
20260624,sae_topk_4x,0,25,12288,0.032,384000
20260624,sae_topk_4x,0,26,12288,0.032,384000
20260624,sae_topk_4x,0,27,12288,0.032,384000
20260624,sae_topk_4x,0,28,12288,0.032,384000
20260624,sae_topk_4x,0,29,12288,0.032,384000
20260624,sae_topk_4x,0,30,12288,0.032,384000
20260624,sae_topk_4x,0,31,12288,0.032,384000
20260624,sae_topk_4x,1,4,1024,0.3333333333333333,3072
20260624,sae_topk_4x,1,12,1024,0.3333333333333333,3072
20260624,sae_topk_4x,1,20,1024,0.3333333333333333,3072
20260624,sae_topk_4x,2,5,1024,0.3333333333333333,3072
20260624,sae_topk_4x,2,13,1024,0.3333333333333333,3072
20260624,sae_topk_4x,2,21,1024,0.3333333333333333,3072
20260624,sae_topk_4x,3,2,1024,0.3333333333333333,3072
20260624,sae_topk_4x,3,10,1024,0.3333333333333333,3072
20260624,sae_topk_4x,3,18,1024,0.3333333333333333,3072
20260624,sae_l1_8x,0,0,3658,0.030439449793214782,120173
20260624,sae_l1_8x,0,1,3697,0.030763981926056602,120173
20260624,sae_l1_8x,0,2,5498,0.04575070939395705,120173
20260624,sae_l1_8x,0,3,3391,0.028217652883759246,120173
20260624,sae_l1_8x,0,4,3321,0.02763515931199188,120173
20260624,sae_l1_8x,0,5,2400,0.019971208174881214,120173
20260624,sae_l1_8x,0,6,3324,0.02766012332221048,120173
20260624,sae_l1_8x,0,7,5489,0.045675817363301244,120173
20260624,sae_l1_8x,0,8,3598,0.02994016958884275,120173
20260624,sae_l1_8x,0,9,3602,0.029973454935800888,120173
20260624,sae_l1_8x,0,10,5448,0.04533464255698035,120173
20260624,sae_l1_8x,0,11,3370,0.028042904812229038,120173
20260624,sae_l1_8x,0,12,3418,0.028442328975726662,120173
20260624,sae_l1_8x,0,13,2320,0.019305501235718506,120173
20260624,sae_l1_8x,0,14,3409,0.028367436945070858,120173
20260624,sae_l1_8x,0,15,5513,0.04587552944505005,120173
20260624,sae_l1_8x,0,16,3543,0.02948249606816839,120173
20260624,sae_l1_8x,0,17,3485,0.02899985853727543,120173
20260624,sae_l1_8x,0,18,5444,0.045301357210022215,120173
20260624,sae_l1_8x,0,19,3367,0.028017940802010435,120173
20260624,sae_l1_8x,0,20,3366,0.0280096194652709,120173
20260624,sae_l1_8x,0,21,2351,0.019563462674644056,120173
20260624,sae_l1_8x,0,22,3425,0.028500578332903398,120173
20260624,sae_l1_8x,0,23,5388,0.04483536235260832,120173
20260624,sae_l1_8x,0,24,3532,0.02939096136403352,120173
20260624,sae_l1_8x,0,25,3573,0.029732136170354407,120173
20260624,sae_l1_8x,0,26,3509,0.02919957061902424,120173
20260624,sae_l1_8x,0,27,3580,0.029790385527531143,120173
20260624,sae_l1_8x,0,28,3545,0.02949913874164746,120173
20260624,sae_l1_8x,0,29,3469,0.028866717149442885,120173
20260624,sae_l1_8x,0,30,3624,0.03015652434407063,120173
20260624,sae_l1_8x,0,31,3516,0.02925781997620098,120173
20260624,sae_l1_8x,1,0,2364,0.028609810115092765,82629
20260624,sae_l1_8x,1,1,2230,0.026988103450362462,82629
20260624,sae_l1_8x,1,2,2446,0.029602197775599366,82629
20260624,sae_l1_8x,1,3,3588,0.043423011291435214,82629
20260624,sae_l1_8x,1,4,2500,0.030255721356908592,82629
20260624,sae_l1_8x,1,5,3548,0.04293891974972467,82629
20260624,sae_l1_8x,1,6,2565,0.031042370112188213,82629
20260624,sae_l1_8x,1,7,2446,0.029602197775599366,82629
20260624,sae_l1_8x,1,8,2245,0.027169637778503914,82629
20260624,sae_l1_8x,1,9,2249,0.027218046932674968,82629
20260624,sae_l1_8x,1,10,2501,0.030267823645451355,82629
20260624,sae_l1_8x,1,11,3605,0.04362875019666219,82629
20260624,sae_l1_8x,1,12,2453,0.02968691379539871,82629
20260624,sae_l1_8x,1,13,3542,0.042866306018468095,82629
20260624,sae_l1_8x,1,14,2464,0.02982003896936911,82629
20260624,sae_l1_8x,1,15,2471,0.02990475498916845,82629
20260624,sae_l1_8x,1,16,2160,0.02614094325236902,82629
20260624,sae_l1_8x,1,17,2304,0.027883672802526956,82629
20260624,sae_l1_8x,1,18,2480,0.030013675586053324,82629
20260624,sae_l1_8x,1,19,3512,0.04250323736218519,82629
20260624,sae_l1_8x,1,20,2539,0.030727710610076366,82629
20260624,sae_l1_8x,1,21,3504,0.042406419053843084,82629
20260624,sae_l1_8x,1,22,2552,0.03088504036113229,82629
20260624,sae_l1_8x,1,23,2538,0.030715608321533604,82629
20260624,sae_l1_8x,1,24,2249,0.027218046932674968,82629
20260624,sae_l1_8x,1,25,2149,0.026007818078398626,82629
20260624,sae_l1_8x,1,26,2234,0.027036512604533516,82629
20260624,sae_l1_8x,1,27,2183,0.02641929588885258,82629
20260624,sae_l1_8x,1,28,2232,0.02701230802744799,82629
20260624,sae_l1_8x,1,29,2294,0.027762649917099324,82629
20260624,sae_l1_8x,1,30,2255,0.02729066066393155,82629
20260624,sae_l1_8x,1,31,2227,0.026951796584734174,82629
20260624,sae_l1_8x,2,0,4971,0.03683231700540148,134963
20260624,sae_l1_8x,2,1,5015,0.03715833228366293,134963
20260624,sae_l1_8x,2,2,3381,0.025051310359135468,134963
20260624,sae_l1_8x,2,3,3323,0.02462156294688174,134963
20260624,sae_l1_8x,2,4,3474,0.025740388106369895,134963
20260624,sae_l1_8x,2,5,4343,0.03217918985203352,134963
20260624,sae_l1_8x,2,6,3427,0.025392144513681526,134963
20260624,sae_l1_8x,2,7,3420,0.025340278446685387,134963
20260624,sae_l1_8x,2,8,5019,0.03718797003623215,134963
20260624,sae_l1_8x,2,9,5023,0.03721760778880138,134963
20260624,sae_l1_8x,2,10,3334,0.0247030667664471,134963
20260624,sae_l1_8x,2,11,3351,0.0248290272148663,134963
20260624,sae_l1_8x,2,12,3414,0.025295821817831556,134963
20260624,sae_l1_8x,2,13,4451,0.03297940917140253,134963
20260624,sae_l1_8x,2,14,3409,0.025258774627120024,134963
20260624,sae_l1_8x,2,15,3316,0.024569696879885597,134963
20260624,sae_l1_8x,2,16,5181,0.03838829901528567,134963
20260624,sae_l1_8x,2,17,5105,0.03782518171647044,134963
20260624,sae_l1_8x,2,18,3377,0.025021672606566243,134963
20260624,sae_l1_8x,2,19,3448,0.025547742714669947,134963
20260624,sae_l1_8x,2,20,3397,0.025169861369412357,134963
20260624,sae_l1_8x,2,21,4478,0.03317946400124479,134963
20260624,sae_l1_8x,2,22,3320,0.02459933463245482,134963
20260624,sae_l1_8x,2,23,3415,0.02530323125597386,134963
20260624,sae_l1_8x,2,24,4958,0.0367359943095515,134963
20260624,sae_l1_8x,2,25,5124,0.03796596104117425,134963
20260624,sae_l1_8x,2,26,5092,0.03772885902062047,134963
20260624,sae_l1_8x,2,27,5082,0.03765476463919741,134963
20260624,sae_l1_8x,2,28,5128,0.03799559879374347,134963
20260624,sae_l1_8x,2,29,5091,0.03772144958247816,134963
20260624,sae_l1_8x,2,30,4975,0.0368619547579707,134963
20260624,sae_l1_8x,2,31,5121,0.03794373272674733,134963
20260624,sae_l1_8x,3,0,1295,0.023353952137923573,55451
20260624,sae_l1_8x,3,1,1346,0.02427368307154064,55451
20260624,sae_l1_8x,3,2,963,0.017366684099475213,55451
20260624,sae_l1_8x,3,3,1986,0.03581540459144109,55451
20260624,sae_l1_8x,3,4,2993,0.05397558204540946,55451
20260624,sae_l1_8x,3,5,1997,0.03601377793006438,55451
20260624,sae_l1_8x,3,6,2972,0.053596869308037726,55451
20260624,sae_l1_8x,3,7,933,0.01682566590322988,55451
20260624,sae_l1_8x,3,8,1426,0.025716398261528196,55451
20260624,sae_l1_8x,3,9,1414,0.025499990983030064,55451
20260624,sae_l1_8x,3,10,1005,0.01812410957421868,55451
20260624,sae_l1_8x,3,11,1962,0.03538259003444483,55451
20260624,sae_l1_8x,3,12,3003,0.05415592144415791,55451
20260624,sae_l1_8x,3,13,1975,0.0356170312528178,55451
20260624,sae_l1_8x,3,14,3006,0.054210023263782436,55451
20260624,sae_l1_8x,3,15,988,0.017817532596346324,55451
20260624,sae_l1_8x,3,16,1404,0.025319651584281618,55451
20260624,sae_l1_8x,3,17,1394,0.025139312185533173,55451
20260624,sae_l1_8x,3,18,987,0.01779949865647148,55451
20260624,sae_l1_8x,3,19,1961,0.03536455609456998,55451
20260624,sae_l1_8x,3,20,2986,0.05384934446628555,55451
20260624,sae_l1_8x,3,21,1955,0.03525635245532091,55451
20260624,sae_l1_8x,3,22,2991,0.05393951416565977,55451
20260624,sae_l1_8x,3,23,947,0.0170781410614777,55451
20260624,sae_l1_8x,3,24,1549,0.027934572866134065,55451
20260624,sae_l1_8x,3,25,1442,0.026004941299525706,55451
20260624,sae_l1_8x,3,26,1453,0.026203314638148997,55451
20260624,sae_l1_8x,3,27,1443,0.026022975239400552,55451
20260624,sae_l1_8x,3,28,1383,0.024940938846909885,55451
20260624,sae_l1_8x,3,29,1434,0.02586066978052695,55451
20260624,sae_l1_8x,3,30,1434,0.02586066978052695,55451
20260624,sae_l1_8x,3,31,1424,0.025680330381778506,55451
20260624,sae_topk_8x,0,0,779,0.03401895279269837,22899
20260624,sae_topk_8x,0,1,727,0.03174811127123455,22899
20260624,sae_topk_8x,0,2,532,0.023232455565745228,22899
20260624,sae_topk_8x,0,3,1530,0.066815144766147,22899
20260624,sae_topk_8x,0,4,496,0.021660334512424124,22899
20260624,sae_topk_8x,0,5,530,0.02314511550722739,22899
20260624,sae_topk_8x,0,6,527,0.02301410541945063,22899
20260624,sae_topk_8x,0,7,519,0.022664745185379274,22899
20260624,sae_topk_8x,0,8,777,0.03393161273418053,22899
20260624,sae_topk_8x,0,9,766,0.03345124241233242,22899
20260624,sae_topk_8x,0,10,506,0.022097034805013318,22899
20260624,sae_topk_8x,0,11,1512,0.06602908423948645,22899
20260624,sae_topk_8x,0,12,514,0.022446395039084677,22899
20260624,sae_topk_8x,0,13,538,0.023494475741298745,22899
20260624,sae_topk_8x,0,14,504,0.02200969474649548,22899
20260624,sae_topk_8x,0,15,502,0.02192235468797764,22899
20260624,sae_topk_8x,0,16,797,0.034805013319358924,22899
20260624,sae_topk_8x,0,17,796,0.03476134329010001,22899
20260624,sae_topk_8x,0,18,506,0.022097034805013318,22899
20260624,sae_topk_8x,0,19,1520,0.0663784444735578,22899
20260624,sae_topk_8x,0,20,491,0.021441984366129527,22899
20260624,sae_topk_8x,0,21,480,0.02096161404428141,22899
20260624,sae_topk_8x,0,22,532,0.023232455565745228,22899
20260624,sae_topk_8x,0,23,479,0.02091794401502249,22899
20260624,sae_topk_8x,0,24,749,0.03270885191493078,22899
20260624,sae_topk_8x,0,25,769,0.033582252500109176,22899
20260624,sae_topk_8x,0,26,714,0.031180400890868598,22899
20260624,sae_topk_8x,0,27,740,0.032315821651600504,22899
20260624,sae_topk_8x,0,28,772,0.033713262587885935,22899
20260624,sae_topk_8x,0,29,687,0.030001310100877768,22899
20260624,sae_topk_8x,0,30,819,0.035765753963055154,22899
20260624,sae_topk_8x,0,31,789,0.034455653085287564,22899
20260624,sae_topk_8x,1,0,568,0.0303127334827623,18738
20260624,sae_topk_8x,1,1,616,0.03287437293200982,18738
20260624,sae_topk_8x,1,2,427,0.022787917600597715,18738
20260624,sae_topk_8x,1,3,415,0.022147507738285836,18738
20260624,sae_topk_8x,1,4,421,0.022467712669441777,18738
20260624,sae_topk_8x,1,5,1431,0.07636887608069164,18738
20260624,sae_topk_8x,1,6,399,0.021293627921869996,18738
20260624,sae_topk_8x,1,7,432,0.023054755043227664,18738
20260624,sae_topk_8x,1,8,625,0.03335468032874373,18738
20260624,sae_topk_8x,1,9,595,0.03175365567296403,18738
20260624,sae_topk_8x,1,10,387,0.020653218059558116,18738
20260624,sae_topk_8x,1,11,425,0.022681182623545737,18738
20260624,sae_topk_8x,1,12,417,0.022254242715337817,18738
20260624,sae_topk_8x,1,13,1412,0.07535489379869784,18738
20260624,sae_topk_8x,1,14,434,0.023161490020279646,18738
20260624,sae_topk_8x,1,15,394,0.021026790479240047,18738
20260624,sae_topk_8x,1,16,600,0.03202049311559398,18738
20260624,sae_topk_8x,1,17,578,0.030846408368022202,18738
20260624,sae_topk_8x,1,18,381,0.020333013128402178,18738
20260624,sae_topk_8x,1,19,392,0.020920055502188065,18738
20260624,sae_topk_8x,1,20,358,0.019105560892304408,18738
20260624,sae_topk_8x,1,21,1419,0.07572846621837977,18738
20260624,sae_topk_8x,1,22,389,0.020759953036610098,18738
20260624,sae_topk_8x,1,23,404,0.021560465364499945,18738
20260624,sae_topk_8x,1,24,591,0.03154018571886007,18738
20260624,sae_topk_8x,1,25,587,0.03132671576475611,18738
20260624,sae_topk_8x,1,26,616,0.03287437293200982,18738
20260624,sae_topk_8x,1,27,599,0.03196712562706799,18738
20260624,sae_topk_8x,1,28,584,0.03116661329917814,18738
20260624,sae_topk_8x,1,29,626,0.03340804781726972,18738
20260624,sae_topk_8x,1,30,595,0.03175365567296403,18738
20260624,sae_topk_8x,1,31,621,0.03314121037463977,18738
20260624,sae_topk_8x,2,0,10941,0.03167310782057406,345435
20260624,sae_topk_8x,2,1,10945,0.0316846874231042,345435
20260624,sae_topk_8x,2,2,11329,0.032796329265997945,345435
20260624,sae_topk_8x,2,3,10343,0.029941957242317657,345435
20260624,sae_topk_8x,2,4,11371,0.03291791509256445,345435
20260624,sae_topk_8x,2,5,10327,0.029895638832197084,345435
20260624,sae_topk_8x,2,6,9314,0.026963104491438333,345435
20260624,sae_topk_8x,2,7,11337,0.03281948847105823,345435
20260624,sae_topk_8x,2,8,10886,0.03151388828578459,345435
20260624,sae_topk_8x,2,9,10927,0.03163257921171856,345435
20260624,sae_topk_8x,2,10,11395,0.032987392707745304,345435
20260624,sae_topk_8x,2,11,10351,0.029965116447377944,345435
20260624,sae_topk_8x,2,12,11357,0.03287738648370895,345435
20260624,sae_topk_8x,2,13,10338,0.02992748273915498,345435
20260624,sae_topk_8x,2,14,9302,0.0269283656838479,345435
20260624,sae_topk_8x,2,15,11392,0.0329787080058477,345435
20260624,sae_topk_8x,2,16,10891,0.03152836278894727,345435
20260624,sae_topk_8x,2,17,10914,0.03159494550349559,345435
20260624,sae_topk_8x,2,18,11401,0.03300476211154052,345435
20260624,sae_topk_8x,2,19,10376,0.030037488963191337,345435
20260624,sae_topk_8x,2,20,11439,0.03311476833557688,345435
20260624,sae_topk_8x,2,21,10389,0.030075122671414305,345435
20260624,sae_topk_8x,2,22,9319,0.02697757899460101,345435
20260624,sae_topk_8x,2,23,11405,0.03301634171407066,345435
20260624,sae_topk_8x,2,24,10948,0.03169337212500181,345435
20260624,sae_topk_8x,2,25,10932,0.03164705371488124,345435
20260624,sae_topk_8x,2,26,10958,0.03172232113132717,345435
20260624,sae_topk_8x,2,27,10949,0.03169626702563434,345435
20260624,sae_topk_8x,2,28,10932,0.03164705371488124,345435
20260624,sae_topk_8x,2,29,10975,0.03177153444208027,345435
20260624,sae_topk_8x,2,30,10874,0.03147914947819416,345435
20260624,sae_topk_8x,2,31,10878,0.031490729080724304,345435
20260624,sae_topk_8x,3,6,2048,0.3333333333333333,6144
20260624,sae_topk_8x,3,14,2048,0.3333333333333333,6144
20260624,sae_topk_8x,3,22,2048,0.3333333333333333,6144
20260626,all_position,0,0,3846,0.03393719060771043,113327
20260626,all_position,0,1,3890,0.03432544759854227,113327
20260626,all_position,0,2,3645,0.032163562081410434,113327
20260626,all_position,0,3,2650,0.02338365967509949,113327
20260626,all_position,0,4,2541,0.022421841220538793,113327
20260626,all_position,0,5,2614,0.023065994864418893,113327
20260626,all_position,0,6,4625,0.04081110414993779,113327
20260626,all_position,0,7,3670,0.03238416264438307,113327
20260626,all_position,0,8,3951,0.0348637129721955,113327
20260626,all_position,0,9,3882,0.03425485541839103,113327
20260626,all_position,0,10,3699,0.03264005929743133,113327
20260626,all_position,0,11,2637,0.02326894738235372,113327
20260626,all_position,0,12,2590,0.022854218323965163,113327
20260626,all_position,0,13,2597,0.0229159864815975,113327
20260626,all_position,0,14,4594,0.040537559451851723,113327
20260626,all_position,0,15,3625,0.031987081631032324,113327
20260626,all_position,0,16,3857,0.03403425485541839,113327
20260626,all_position,0,17,3919,0.03458134425159053,113327
20260626,all_position,0,18,3558,0.031395872122265654,113327
20260626,all_position,0,19,2529,0.02231595295031193,113327
20260626,all_position,0,20,2562,0.02260714569343581,113327
20260626,all_position,0,21,2582,0.02278362614381392,113327
20260626,all_position,0,22,4560,0.04023754268620894,113327
20260626,all_position,0,23,3531,0.031157623514255207,113327
20260626,all_position,0,24,3860,0.034060726922975106,113327
20260626,all_position,0,25,3818,0.03369011797718108,113327
20260626,all_position,0,26,3817,0.03368129395466217,113327
20260626,all_position,0,27,3957,0.034916657107308936,113327
20260626,all_position,0,28,3966,0.03499607330997909,113327
20260626,all_position,0,29,3916,0.034554872184033816,113327
20260626,all_position,0,30,3883,0.03426367944090993,113327
20260626,all_position,0,31,3956,0.034907833084790035,113327
20260626,all_position,1,0,2708,0.029464246855551202,91908
20260626,all_position,1,1,2705,0.02943160551856204,91908
20260626,all_position,1,2,2792,0.030378204291247768,91908
20260626,all_position,1,3,1764,0.019193106149627888,91908
20260626,all_position,1,4,4926,0.05359707533620577,91908
20260626,all_position,1,5,2817,0.03065021543282413,91908
20260626,all_position,1,6,2816,0.030639334987161076,91908
20260626,all_position,1,7,2814,0.030617574095834967,91908
20260626,all_position,1,8,2703,0.02940984462723593,91908
20260626,all_position,1,9,2706,0.029442485964225093,91908
20260626,all_position,1,10,2843,0.030933107020063542,91908
20260626,all_position,1,11,1765,0.019203986595290944,91908
20260626,all_position,1,12,4883,0.053129216172694435,91908
20260626,all_position,1,13,2804,0.03050876963920442,91908
20260626,all_position,1,14,2788,0.030334682508595553,91908
20260626,all_position,1,15,2797,0.030432606519563043,91908
20260626,all_position,1,16,2702,0.029398964181572878,91908
20260626,all_position,1,17,2771,0.03014971493232363,91908
20260626,all_position,1,18,2832,0.030813422117769943,91908
20260626,all_position,1,19,1898,0.02065108586847717,91908
20260626,all_position,1,20,4876,0.05305305305305305,91908
20260626,all_position,1,21,2824,0.03072637855246551,91908
20260626,all_position,1,22,2872,0.03124863994429212,91908
20260626,all_position,1,23,2900,0.03155329242285764,91908
20260626,all_position,1,24,2716,0.02955129042085564,91908
20260626,all_position,1,25,2756,0.02998650824737781,91908
20260626,all_position,1,26,2690,0.029268398833616226,91908
20260626,all_position,1,27,2741,0.029823301562431997,91908
20260626,all_position,1,28,2655,0.028887583235409322,91908
20260626,all_position,1,29,2675,0.02910519214867041,91908
20260626,all_position,1,30,2704,0.029420725072898987,91908
20260626,all_position,1,31,2665,0.028996387692039865,91908
20260626,all_position,2,0,2753,0.030987247166349628,88843
20260626,all_position,2,1,2694,0.030323154328422048,88843
20260626,all_position,2,2,2863,0.03222538635570613,88843
20260626,all_position,2,3,2834,0.03189896784214851,88843
20260626,all_position,2,4,2814,0.031673851625901875,88843
20260626,all_position,2,5,3837,0.04318854608691737,88843
20260626,all_position,2,6,2878,0.03239422351789111,88843
20260626,all_position,2,7,1773,0.0199565525702644,88843
20260626,all_position,2,8,2654,0.029872921895928772,88843
20260626,all_position,2,9,2729,0.030717107706853663,88843
20260626,all_position,2,10,2829,0.03184268878808685,88843
20260626,all_position,2,11,2779,0.03127989824747026,88843
20260626,all_position,2,12,2765,0.03112231689609761,88843
20260626,all_position,2,13,3858,0.04342491811397634,88843
20260626,all_position,2,14,2944,0.03313710703150501,88843
20260626,all_position,2,15,1870,0.02104836621906059,88843
20260626,all_position,2,16,2798,0.03149375865290456,88843
20260626,all_position,2,17,2719,0.030604549598730345,88843
20260626,all_position,2,18,2801,0.03152752608534156,88843
20260626,all_position,2,19,2831,0.03186520040971151,88843
20260626,all_position,2,20,2797,0.03148250284209223,88843
20260626,all_position,2,21,3889,0.04377384824915863,88843
20260626,all_position,2,22,2853,0.03211282824758281,88843
20260626,all_position,2,23,1775,0.01997906419188906,88843
20260626,all_position,2,24,2673,0.03008678230136308,88843
20260626,all_position,2,25,2696,0.030345665950046712,88843
20260626,all_position,2,26,2698,0.030368177571671377,88843
20260626,all_position,2,27,2645,0.029771619598617786,88843
20260626,all_position,2,28,2707,0.030469479868982362,88843
20260626,all_position,2,29,2695,0.03033441013923438,88843
20260626,all_position,2,30,2715,0.030559526355481016,88843
20260626,all_position,2,31,2677,0.030131805544612405,88843
20260626,all_position,3,0,2981,0.030069196473602452,99138
20260626,all_position,3,1,2999,0.030250761564687607,99138
20260626,all_position,3,2,2988,0.03013980512013557,99138
20260626,all_position,3,3,5040,0.05083822550384313,99138
20260626,all_position,3,4,2007,0.020244507655994674,99138
20260626,all_position,3,5,3020,0.030462587504286955,99138
20260626,all_position,3,6,1969,0.019861203574814905,99138
20260626,all_position,3,7,4031,0.04066049345356977,99138
20260626,all_position,3,8,2980,0.030059109524097724,99138
20260626,all_position,3,9,2971,0.029968326978555147,99138
20260626,all_position,3,10,2917,0.029423631705299682,99138
20260626,all_position,3,11,5107,0.05151405112066009,99138
20260626,all_position,3,12,2050,0.0206782464846981,99138
20260626,all_position,3,13,3029,0.03055337004982953,99138
20260626,all_position,3,14,1962,0.01979059492828179,99138
20260626,all_position,3,15,3996,0.04030745022090419,99138
20260626,all_position,3,16,2931,0.029564848998365915,99138
20260626,all_position,3,17,2879,0.029040327624119913,99138
20260626,all_position,3,18,3097,0.031239282616151224,99138
20260626,all_position,3,19,5030,0.05073735600879582,99138
20260626,all_position,3,20,2053,0.02070850733321229,99138
20260626,all_position,3,21,2993,0.030190239867659223,99138
20260626,all_position,3,22,2003,0.020204159857975752,99138
20260626,all_position,3,23,4082,0.04117492787831104,99138
20260626,all_position,3,24,3039,0.030654239544876838,99138
20260626,all_position,3,25,3018,0.030442413605277493,99138
20260626,all_position,3,26,3083,0.031098065323084994,99138
20260626,all_position,3,27,2945,0.029706066291432145,99138
20260626,all_position,3,28,2960,0.029857370534003107,99138
20260626,all_position,3,29,3002,0.0302810224132018,99138
20260626,all_position,3,30,2986,0.030119631221126108,99138
20260626,all_position,3,31,2990,0.03015997901914503,99138
20260626,route_only,0,5,1024,0.3333333333333333,3072
20260626,route_only,0,13,1024,0.3333333333333333,3072
20260626,route_only,0,21,1024,0.3333333333333333,3072
20260626,route_only,1,5,1024,0.3333333333333333,3072
20260626,route_only,1,13,1024,0.3333333333333333,3072
20260626,route_only,1,21,1024,0.3333333333333333,3072
20260626,route_only,2,5,1024,0.3333333333333333,3072
20260626,route_only,2,13,1024,0.3333333333333333,3072
20260626,route_only,2,21,1024,0.3333333333333333,3072
20260626,route_only,3,5,1024,0.3333333333333333,3072
20260626,route_only,3,13,1024,0.3333333333333333,3072
20260626,route_only,3,21,1024,0.3333333333333333,3072
20260626,slot_offset_3,0,5,1024,0.3333333333333333,3072
20260626,slot_offset_3,0,13,1024,0.3333333333333333,3072
20260626,slot_offset_3,0,21,1024,0.3333333333333333,3072
20260626,slot_offset_3,1,5,1024,0.3333333333333333,3072
20260626,slot_offset_3,1,13,1024,0.3333333333333333,3072
20260626,slot_offset_3,1,21,1024,0.3333333333333333,3072
20260626,slot_offset_3,2,5,1024,0.3333333333333333,3072
20260626,slot_offset_3,2,13,1024,0.3333333333333333,3072
20260626,slot_offset_3,2,21,1024,0.3333333333333333,3072
20260626,slot_offset_3,3,5,1024,0.3333333333333333,3072
20260626,slot_offset_3,3,13,1024,0.3333333333333333,3072
20260626,slot_offset_3,3,21,1024,0.3333333333333333,3072
20260626,selector_stability_top1_position,0,3,1024,1.0,1024
20260626,selector_stability_top1_position,1,3,8192,1.0,8192
20260626,selector_stability_top1_position,2,3,2048,1.0,2048
20260626,selector_stability_top1_position,3,3,1024,1.0,1024
20260626,selector_stability_top3_positions,0,3,1024,0.3333333333333333,3072
20260626,selector_stability_top3_positions,0,19,1024,0.3333333333333333,3072
20260626,selector_stability_top3_positions,0,20,1024,0.3333333333333333,3072
20260626,selector_stability_top3_positions,1,3,8192,0.3076923076923077,26624
20260626,selector_stability_top3_positions,1,19,8192,0.3076923076923077,26624
20260626,selector_stability_top3_positions,1,20,10240,0.38461538461538464,26624
20260626,selector_stability_top3_positions,2,3,2048,0.5,4096
20260626,selector_stability_top3_positions,2,19,2048,0.5,4096
20260626,selector_stability_top3_positions,3,3,1024,0.3333333333333333,3072
20260626,selector_stability_top3_positions,3,19,1024,0.3333333333333333,3072
20260626,selector_stability_top3_positions,3,20,1024,0.3333333333333333,3072
20260626,selector_stability_threshold_positions,0,3,1024,0.2,5120
20260626,selector_stability_threshold_positions,0,11,1024,0.2,5120
20260626,selector_stability_threshold_positions,0,19,1024,0.2,5120
20260626,selector_stability_threshold_positions,0,20,2048,0.4,5120
20260626,selector_stability_threshold_positions,1,3,2048,0.3333333333333333,6144
20260626,selector_stability_threshold_positions,1,11,2048,0.3333333333333333,6144
20260626,selector_stability_threshold_positions,1,19,2048,0.3333333333333333,6144
20260626,selector_stability_threshold_positions,2,3,8192,0.13793103448275862,59392
20260626,selector_stability_threshold_positions,2,7,12288,0.20689655172413793,59392
20260626,selector_stability_threshold_positions,2,11,8192,0.13793103448275862,59392
20260626,selector_stability_threshold_positions,2,19,8192,0.13793103448275862,59392
20260626,selector_stability_threshold_positions,2,20,10240,0.1724137931034483,59392
20260626,selector_stability_threshold_positions,2,22,12288,0.20689655172413793,59392
20260626,selector_stability_threshold_positions,3,3,1024,0.3333333333333333,3072
20260626,selector_stability_threshold_positions,3,11,1024,0.3333333333333333,3072
20260626,selector_stability_threshold_positions,3,19,1024,0.3333333333333333,3072
20260626,pca_q4,0,0,2365,0.03035670735620676,77907
20260626,pca_q4,0,1,2245,0.028816409308534536,77907
20260626,pca_q4,0,2,1469,0.018855815266920817,77907
20260626,pca_q4,0,3,2566,0.03293670658605773,77907
20260626,pca_q4,0,4,2486,0.03190984122094292,77907
20260626,pca_q4,0,5,4594,0.05896774359171833,77907
20260626,pca_q4,0,6,2610,0.03350148253687089,77907
20260626,pca_q4,0,7,1490,0.019125367425263454,77907
20260626,pca_q4,0,8,2178,0.027956409565250875,77907
20260626,pca_q4,0,9,2345,0.030099991014928055,77907
20260626,pca_q4,0,10,1591,0.02042178494872091,77907
20260626,pca_q4,0,11,2554,0.032782676781290515,77907
20260626,pca_q4,0,12,2580,0.03311640802495283,77907
20260626,pca_q4,0,13,4608,0.05914744503061342,77907
20260626,pca_q4,0,14,2492,0.03198685612332653,77907
20260626,pca_q4,0,15,1534,0.019690143376076604,77907
20260626,pca_q4,0,16,2284,0.029317006174028007,77907
20260626,pca_q4,0,17,2291,0.029406856893475553,77907
20260626,pca_q4,0,18,1535,0.01970297919314054,77907
20260626,pca_q4,0,19,2555,0.03279551259835445,77907
20260626,pca_q4,0,20,2495,0.03202536357451834,77907
20260626,pca_q4,0,21,4600,0.05904475849410194,77907
20260626,pca_q4,0,22,2546,0.03267999024477903,77907
20260626,pca_q4,0,23,1502,0.01927939723003068,77907
20260626,pca_q4,0,24,2323,0.02981760303952148,77907
20260626,pca_q4,0,25,2335,0.029971632844288703,77907
20260626,pca_q4,0,26,2302,0.02954805088117884,77907
20260626,pca_q4,0,27,2280,0.029265662905772268,77907
20260626,pca_q4,0,28,2323,0.02981760303952148,77907
20260626,pca_q4,0,29,2228,0.028598200418447635,77907
20260626,pca_q4,0,30,2346,0.03011282683199199,77907
20260626,pca_q4,0,31,2255,0.028944767479173888,77907
20260626,pca_q4,1,0,2394,0.029545706986560036,81027
20260626,pca_q4,1,1,2321,0.02864477273007763,81027
20260626,pca_q4,1,2,3528,0.04354104187493058,81027
20260626,pca_q4,1,3,1569,0.019363915731793108,81027
20260626,pca_q4,1,4,4575,0.05646266059461661,81027
20260626,pca_q4,1,5,1508,0.018611080257198216,81027
20260626,pca_q4,1,6,3537,0.043652115961346216,81027
20260626,pca_q4,1,7,2500,0.03085391289323312,81027
20260626,pca_q4,1,8,2202,0.02717612647635973,81027
20260626,pca_q4,1,9,2137,0.02637392474113567,81027
20260626,pca_q4,1,10,3489,0.04305972083379614,81027
20260626,pca_q4,1,11,1411,0.017413948436940774,81027
20260626,pca_q4,1,12,4492,0.05543831068656127,81027
20260626,pca_q4,1,13,1457,0.01798166043417626,81027
20260626,pca_q4,1,14,3490,0.043072062398953434,81027
20260626,pca_q4,1,15,2453,0.030273859330840338,81027
20260626,pca_q4,1,16,2173,0.026818221086798228,81027
20260626,pca_q4,1,17,2145,0.026472657262394016,81027
20260626,pca_q4,1,18,3392,0.0418625890135387,81027
20260626,pca_q4,1,19,1419,0.01751268095819912,81027
20260626,pca_q4,1,20,4479,0.055277870339516456,81027
20260626,pca_q4,1,21,1374,0.016957310526120924,81027
20260626,pca_q4,1,22,3500,0.04319547805052637,81027
20260626,pca_q4,1,23,2517,0.031063719500907104,81027
20260626,pca_q4,1,24,2139,0.026398607871450257,81027
20260626,pca_q4,1,25,2138,0.026386266306292965,81027
20260626,pca_q4,1,26,2094,0.02584323743937206,81027
20260626,pca_q4,1,27,2205,0.027213151171831613,81027
20260626,pca_q4,1,28,2127,0.026250509089562737,81027
20260626,pca_q4,1,29,2078,0.02564577239685537,81027
20260626,pca_q4,1,30,2085,0.025732163352956423,81027
20260626,pca_q4,1,31,2099,0.025904945265158526,81027
20260626,pca_q4,2,0,4207,0.032294713247203864,130269
20260626,pca_q4,2,1,4418,0.03391443858477458,130269
20260626,pca_q4,2,2,3953,0.030344901703398354,130269
20260626,pca_q4,2,3,3933,0.03019137323538217,130269
20260626,pca_q4,2,4,3015,0.02314441655343942,130269
20260626,pca_q4,2,5,2963,0.02274524253659735,130269
20260626,pca_q4,2,6,2905,0.022300009979350423,130269
20260626,pca_q4,2,7,5061,0.03885037883149483,130269
20260626,pca_q4,2,8,4593,0.03525781267991617,130269
20260626,pca_q4,2,9,4497,0.0345208760334385,130269
20260626,pca_q4,2,10,4063,0.03118930827748735,130269
20260626,pca_q4,2,11,4133,0.03172665791554399,130269
20260626,pca_q4,2,12,3048,0.023397738525666123,130269
20260626,pca_q4,2,13,3113,0.023896706046718712,130269
20260626,pca_q4,2,14,3014,0.02313674013003861,130269
20260626,pca_q4,2,15,5035,0.03865079182307379,130269
20260626,pca_q4,2,16,4507,0.03459764026744659,130269
20260626,pca_q4,2,17,4570,0.035081254941697566,130269
20260626,pca_q4,2,18,4120,0.03162686441133347,130269
20260626,pca_q4,2,19,4063,0.03118930827748735,130269
20260626,pca_q4,2,20,3094,0.02375085400210334,130269
20260626,pca_q4,2,21,3038,0.023320974291658032,130269
20260626,pca_q4,2,22,3002,0.023044623049228902,130269
20260626,pca_q4,2,23,5076,0.03896552518250697,130269
20260626,pca_q4,2,24,4622,0.03548042895853964,130269
20260626,pca_q4,2,25,4553,0.03495075574388381,130269
20260626,pca_q4,2,26,4539,0.03484328581627248,130269
20260626,pca_q4,2,27,4591,0.03524245983311455,130269
20260626,pca_q4,2,28,4574,0.0351119606353008,130269
20260626,pca_q4,2,29,4698,0.03606383713700113,130269
20260626,pca_q4,2,30,4622,0.03548042895853964,130269
20260626,pca_q4,2,31,4649,0.035687692390361486,130269
20260626,pca_q4,3,0,3322,0.031938315402882334,104013
20260626,pca_q4,3,1,3304,0.031765260111716806,104013
20260626,pca_q4,3,2,3338,0.0320921423283628,104013
20260626,pca_q4,3,3,4220,0.04057185159547364,104013
20260626,pca_q4,3,4,2212,0.02126657244767481,104013
20260626,pca_q4,3,5,3223,0.030986511301471932,104013
20260626,pca_q4,3,6,3236,0.031111495678424812,104013
20260626,pca_q4,3,7,3237,0.031121109861267343,104013
20260626,pca_q4,3,8,3315,0.031871016122984624,104013
20260626,pca_q4,3,9,3309,0.03181333102592945,104013
20260626,pca_q4,3,10,3145,0.030236605039754647,104013
20260626,pca_q4,3,11,4190,0.040283426110197765,104013
20260626,pca_q4,3,12,2168,0.02084354840260352,104013
20260626,pca_q4,3,13,3110,0.02990010864026612,104013
20260626,pca_q4,3,14,3292,0.03164988991760645,104013
20260626,pca_q4,3,15,3266,0.03139992116370069,104013
20260626,pca_q4,3,16,3324,0.03195754376856739,104013
20260626,pca_q4,3,17,3282,0.03155374808918116,104013
20260626,pca_q4,3,18,3241,0.03115956659263746,104013
20260626,pca_q4,3,19,4251,0.04086989126359205,104013
20260626,pca_q4,3,20,2220,0.021343485910415044,104013
20260626,pca_q4,3,21,3276,0.031496062992125984,104013
20260626,pca_q4,3,22,3240,0.03114995240979493,104013
20260626,pca_q4,3,23,3193,0.03069808581619605,104013
20260626,pca_q4,3,24,3204,0.030803841827463874,104013
20260626,pca_q4,3,25,3262,0.03136146443233057,104013
20260626,pca_q4,3,26,3353,0.03223635507100074,104013
20260626,pca_q4,3,27,3212,0.03088075529020411,104013
20260626,pca_q4,3,28,3264,0.031380692798015634,104013
20260626,pca_q4,3,29,3284,0.03157297645486622,104013
20260626,pca_q4,3,30,3235,0.03110188149558228,104013
20260626,pca_q4,3,31,3285,0.03158259063770875,104013
20260626,pca_q8,0,0,2108,0.02693069306930693,78275
20260626,pca_q8,0,1,2076,0.02652187799425104,78275
20260626,pca_q8,0,2,3387,0.04327052060044714,78275
20260626,pca_q8,0,3,2454,0.03135100606834877,78275
20260626,pca_q8,0,4,3502,0.044739699776429255,78275
20260626,pca_q8,0,5,2426,0.030993292877674865,78275
20260626,pca_q8,0,6,2384,0.030456723091664004,78275
20260626,pca_q8,0,7,2431,0.031057170233152347,78275
20260626,pca_q8,0,8,2100,0.02682848930054296,78275
20260626,pca_q8,0,9,2066,0.026394123283296073,78275
20260626,pca_q8,0,10,3451,0.04408815075055893,78275
20260626,pca_q8,0,11,2391,0.03054615138933248,78275
20260626,pca_q8,0,12,3344,0.042721175343340786,78275
20260626,pca_q8,0,13,2372,0.030303417438518044,78275
20260626,pca_q8,0,14,2371,0.03029064196742255,78275
20260626,pca_q8,0,15,2381,0.030418396678377514,78275
20260626,pca_q8,0,16,2086,0.026649632705206004,78275
20260626,pca_q8,0,17,2064,0.026368572341105078,78275
20260626,pca_q8,0,18,3383,0.043219418716065154,78275
20260626,pca_q8,0,19,2406,0.03073778345576493,78275
20260626,pca_q8,0,20,3391,0.043321622484829125,78275
20260626,pca_q8,0,21,2415,0.0308527626956244,78275
20260626,pca_q8,0,22,2423,0.030954966464388375,78275
20260626,pca_q8,0,23,2453,0.031338230597253276,78275
20260626,pca_q8,0,24,2036,0.026010859150431172,78275
20260626,pca_q8,0,25,2132,0.02723730437559885,78275
20260626,pca_q8,0,26,2000,0.025550942190993294,78275
20260626,pca_q8,0,27,2104,0.026879591184924945,78275
20260626,pca_q8,0,28,2045,0.026125838390290642,78275
20260626,pca_q8,0,29,2055,0.026253593101245608,78275
20260626,pca_q8,0,30,1988,0.025397636537847334,78275
20260626,pca_q8,0,31,2050,0.026189715745768127,78275
20260626,pca_q8,1,0,2729,0.031698279767228464,86093
20260626,pca_q8,1,1,2647,0.030745821379206208,86093
20260626,pca_q8,1,2,1753,0.02036170188052455,86093
20260626,pca_q8,1,3,1777,0.02064047018921399,86093
20260626,pca_q8,1,4,2758,0.03203512480689487,86093
20260626,pca_q8,1,5,4855,0.056392505778634736,86093
20260626,pca_q8,1,6,2882,0.033475427735123645,86093
20260626,pca_q8,1,7,1748,0.02030362514954758,86093
20260626,pca_q8,1,8,2598,0.03017666941563193,86093
20260626,pca_q8,1,9,2778,0.03226743173080274,86093
20260626,pca_q8,1,10,1816,0.02109346869083433,86093
20260626,pca_q8,1,11,1842,0.021395467691914558,86093
20260626,pca_q8,1,12,2931,0.03404457969869792,86093
20260626,pca_q8,1,13,4910,0.05703134981938136,86093
20260626,pca_q8,1,14,2871,0.03334765892697432,86093
20260626,pca_q8,1,15,1820,0.021139930075615904,86093
20260626,pca_q8,1,16,2790,0.032406815885147454,86093
20260626,pca_q8,1,17,2763,0.03209320153787184,86093
20260626,pca_q8,1,18,1783,0.02071016226638635,86093
20260626,pca_q8,1,19,1811,0.021035391959857364,86093
20260626,pca_q8,1,20,2774,0.032220970346021165,86093
20260626,pca_q8,1,21,4899,0.05690358101123204,86093
20260626,pca_q8,1,22,2864,0.033266351503606566,86093
20260626,pca_q8,1,23,1743,0.020245548418570614,86093
20260626,pca_q8,1,24,2743,0.03186089461396397,86093
20260626,pca_q8,1,25,2714,0.03152404957429756,86093
20260626,pca_q8,1,26,2756,0.032011894114504086,86093
20260626,pca_q8,1,27,2720,0.03159374165146992,86093
20260626,pca_q8,1,28,2808,0.03261589211666454,86093
20260626,pca_q8,1,29,2724,0.031640203036251494,86093
20260626,pca_q8,1,30,2782,0.03231389311558431,86093
20260626,pca_q8,1,31,2704,0.031407896112343625,86093
20260626,pca_q8,2,0,3831,0.032033379600983326,119594
20260626,pca_q8,2,1,3952,0.033045136043614226,119594
20260626,pca_q8,2,2,3751,0.03136444972155794,119594
20260626,pca_q8,2,3,4626,0.03868087027777313,119594
20260626,pca_q8,2,4,3625,0.03031088516146295,119594
20260626,pca_q8,2,5,2706,0.02262655317156379,119594
20260626,pca_q8,2,6,4709,0.03937488502767698,119594
20260626,pca_q8,2,7,2646,0.022124855761994747,119594
20260626,pca_q8,2,8,3892,0.032543438634045185,119594
20260626,pca_q8,2,9,3842,0.03212535745940432,119594
20260626,pca_q8,2,10,3596,0.030068398080171248,119594
20260626,pca_q8,2,11,4549,0.03803702526882619,119594
20260626,pca_q8,2,12,3614,0.03021890730304196,119594
20260626,pca_q8,2,13,2634,0.022024516280080942,119594
20260626,pca_q8,2,14,4632,0.03873104001873004,119594
20260626,pca_q8,2,15,2533,0.021179992307306387,119594
20260626,pca_q8,2,16,3958,0.033095305784571136,119594
20260626,pca_q8,2,17,3908,0.032677224609930264,119594
20260626,pca_q8,2,18,3607,0.03016037593859224,119594
20260626,pca_q8,2,19,4606,0.038513637807916785,119594
20260626,pca_q8,2,20,3649,0.030511564125290568,119594
20260626,pca_q8,2,21,2610,0.021823837316253324,119594
20260626,pca_q8,2,22,4622,0.038647423783801864,119594
20260626,pca_q8,2,23,2540,0.021238523671756108,119594
20260626,pca_q8,2,24,3839,0.032100272588925866,119594
20260626,pca_q8,2,25,3859,0.03226750505878221,119594
20260626,pca_q8,2,26,3901,0.03261869324548054,119594
20260626,pca_q8,2,27,3847,0.032167165576868405,119594
20260626,pca_q8,2,28,3847,0.032167165576868405,119594
20260626,pca_q8,2,29,3857,0.03225078181179658,119594
20260626,pca_q8,2,30,3877,0.032418014281652925,119594
20260626,pca_q8,2,31,3929,0.03285281870327943,119594
20260626,pca_q8,3,0,3620,0.033133798304867554,109254
20260626,pca_q8,3,1,3613,0.033069727424167535,109254
20260626,pca_q8,3,2,3397,0.031092683105424058,109254
20260626,pca_q8,3,3,3431,0.03140388452596701,109254
20260626,pca_q8,3,4,2403,0.021994618046021198,109254
20260626,pca_q8,3,5,2301,0.021061013784392332,109254
20260626,pca_q8,3,6,2313,0.02117084957987808,109254
20260626,pca_q8,3,7,5463,0.050002745894887145,109254
20260626,pca_q8,3,8,3698,0.033847730975524924,109254
20260626,pca_q8,3,9,3602,0.03296904461163893,109254
20260626,pca_q8,3,10,3425,0.03134896662822414,109254
20260626,pca_q8,3,11,3506,0.03209035824775294,109254
20260626,pca_q8,3,12,2399,0.021958006114192616,109254
20260626,pca_q8,3,13,2372,0.02171087557434968,109254
20260626,pca_q8,3,14,2414,0.022095300858549802,109254
20260626,pca_q8,3,15,5554,0.0508356673439874,109254
20260626,pca_q8,3,16,3454,0.03161440313398137,109254
20260626,pca_q8,3,17,3553,0.032520548446738795,109254
20260626,pca_q8,3,18,3515,0.03217273509436725,109254
20260626,pca_q8,3,19,3465,0.031715085946509965,109254
20260626,pca_q8,3,20,2474,0.022644479835978545,109254
20260626,pca_q8,3,21,2364,0.021637651710692516,109254
20260626,pca_q8,3,22,2379,0.0217749464550497,109254
20260626,pca_q8,3,23,5552,0.05081736137807311,109254
20260626,pca_q8,3,24,3670,0.03359144745272484,109254
20260626,pca_q8,3,25,3583,0.03279513793545316,109254
20260626,pca_q8,3,26,3631,0.03323448111739616,109254
20260626,pca_q8,3,27,3617,0.03310633935599612,109254
20260626,pca_q8,3,28,3588,0.03284090285023889,109254
20260626,pca_q8,3,29,3652,0.03342669375949622,109254
20260626,pca_q8,3,30,3641,0.03332601094696762,109254
20260626,pca_q8,3,31,3605,0.03299650356051037,109254
20260626,pca_q16,0,0,3013,0.03285821782610118,91697
20260626,pca_q16,0,1,2978,0.03247652594959486,91697
20260626,pca_q16,0,2,3926,0.042814923061823176,91697
20260626,pca_q16,0,3,2909,0.031724047678768116,91697
20260626,pca_q16,0,4,1920,0.02093852579691811,91697
20260626,pca_q16,0,5,1917,0.020905809350360426,91697
20260626,pca_q16,0,6,3882,0.04233508184564381,91697
20260626,pca_q16,0,7,2908,0.03171314219658222,91697
20260626,pca_q16,0,8,2821,0.03076436524640937,91697
20260626,pca_q16,0,9,2864,0.031233300980402848,91697
20260626,pca_q16,0,10,3939,0.04295669433023981,91697
20260626,pca_q16,0,11,2906,0.031691331232210435,91697
20260626,pca_q16,0,12,1895,0.020665888742270738,91697
20260626,pca_q16,0,13,1822,0.019869788542700415,91697
20260626,pca_q16,0,14,3905,0.04258590793591939,91697
20260626,pca_q16,0,15,2895,0.03157137092816559,91697
20260626,pca_q16,0,16,2706,0.029510234795031464,91697
20260626,pca_q16,0,17,2731,0.029782871849678833,91697
20260626,pca_q16,0,18,3896,0.04248775859624633,91697
20260626,pca_q16,0,19,2927,0.03192034635811422,91697
20260626,pca_q16,0,20,1875,0.020447779098552842,91697
20260626,pca_q16,0,21,1834,0.020000654328931153,91697
20260626,pca_q16,0,22,3880,0.042313270881272014,91697
20260626,pca_q16,0,23,2907,0.03170223671439633,91697
20260626,pca_q16,0,24,2759,0.030088225350883888,91697
20260626,pca_q16,0,25,2757,0.0300664143865121,91697
20260626,pca_q16,0,26,2819,0.03074255428203758,91697
20260626,pca_q16,0,27,2847,0.031047907783242637,91697
20260626,pca_q16,0,28,2814,0.030688026871108106,91697
20260626,pca_q16,0,29,2830,0.030862514586082423,91697
20260626,pca_q16,0,30,2825,0.03080798717515295,91697
20260626,pca_q16,0,31,2790,0.03042629529864663,91697
20260626,pca_q16,1,0,2749,0.028621702101076566,96046
20260626,pca_q16,1,1,2748,0.028611290423338816,96046
20260626,pca_q16,1,2,2837,0.029537929741998627,96046
20260626,pca_q16,1,3,2923,0.03043333402744518,96046
20260626,pca_q16,1,4,3932,0.0409387168648356,96046
20260626,pca_q16,1,5,3906,0.040668013243654086,96046
20260626,pca_q16,1,6,2902,0.03021468879495242,96046
20260626,pca_q16,1,7,2832,0.02948587135330987,96046
20260626,pca_q16,1,8,2764,0.02877787726714283,96046
20260626,pca_q16,1,9,2806,0.029215167732128355,96046
20260626,pca_q16,1,10,2781,0.028954875788684588,96046
20260626,pca_q16,1,11,2862,0.029798221685442394,96046
20260626,pca_q16,1,12,3825,0.03982466734689628,96046
20260626,pca_q16,1,13,3823,0.03980384399142078,96046
20260626,pca_q16,1,14,2879,0.029975220206984152,96046
20260626,pca_q16,1,15,2874,0.0299231618182954,96046
20260626,pca_q16,1,16,2721,0.02833017512441955,96046
20260626,pca_q16,1,17,2790,0.029048580888324346,96046
20260626,pca_q16,1,18,2870,0.029881515107344398,96046
20260626,pca_q16,1,19,2885,0.030037690273410658,96046
20260626,pca_q16,1,20,3886,0.04045977968889907,96046
20260626,pca_q16,1,21,3875,0.04034525123378381,96046
20260626,pca_q16,1,22,2852,0.029694104908064886,96046
20260626,pca_q16,1,23,2870,0.029881515107344398,96046
20260626,pca_q16,1,24,2733,0.028455115257272557,96046
20260626,pca_q16,1,25,2698,0.028090706536451283,96046
20260626,pca_q16,1,26,2714,0.028257293380255295,96046
20260626,pca_q16,1,27,2729,0.028413468546321555,96046
20260626,pca_q16,1,28,2741,0.02853840867917456,96046
20260626,pca_q16,1,29,2749,0.028621702101076566,96046
20260626,pca_q16,1,30,2744,0.028569643712387814,96046
20260626,pca_q16,1,31,2746,0.028590467067863317,96046
20260626,pca_q16,2,0,5291,0.03390949350457916,156033
20260626,pca_q16,2,1,5358,0.03433888985022399,156033
20260626,pca_q16,2,2,4654,0.029827023770612627,156033
20260626,pca_q16,2,3,3557,0.02279645972326367,156033
20260626,pca_q16,2,4,4612,0.029557849941999448,156033
20260626,pca_q16,2,5,4590,0.029416854127011595,156033
20260626,pca_q16,2,6,3576,0.022918228836207727,156033
20260626,pca_q16,2,7,5669,0.036332057962097764,156033
20260626,pca_q16,2,8,5491,0.03519127364083239,156033
20260626,pca_q16,2,9,5279,0.03383258669640397,156033
20260626,pca_q16,2,10,4674,0.02995520178423795,156033
20260626,pca_q16,2,11,3562,0.022828504226669998,156033
20260626,pca_q16,2,12,4643,0.0297565258631187,156033
20260626,pca_q16,2,13,4681,0.030000064089006812,156033
20260626,pca_q16,2,14,3562,0.022828504226669998,156033
20260626,pca_q16,2,15,5629,0.03607570193484712,156033
20260626,pca_q16,2,16,5482,0.03513359353470099,156033
20260626,pca_q16,2,17,5401,0.034614472579518434,156033
20260626,pca_q16,2,18,4688,0.030044926393775675,156033
20260626,pca_q16,2,19,3574,0.022905411034845193,156033
20260626,pca_q16,2,20,4615,0.029577076644043247,156033
20260626,pca_q16,2,21,4641,0.029743708061756167,156033
20260626,pca_q16,2,22,3631,0.023270718373677363,156033
20260626,pca_q16,2,23,5700,0.03653073388321701,156033
20260626,pca_q16,2,24,5474,0.03508232232925086,156033
20260626,pca_q16,2,25,5506,0.03528740715105138,156033
20260626,pca_q16,2,26,5476,0.0350951401306134,156033
20260626,pca_q16,2,27,5428,0.03478751289791262,156033
20260626,pca_q16,2,28,5403,0.03462729038088097,156033
20260626,pca_q16,2,29,5354,0.034313254247498925,156033
20260626,pca_q16,2,30,5374,0.03444143226112425,156033
20260626,pca_q16,2,31,5458,0.034979779918350606,156033
20260626,pca_q16,3,0,1235,0.024979773462783173,49440
20260626,pca_q16,3,1,1204,0.024352750809061487,49440
20260626,pca_q16,3,2,871,0.017617313915857604,49440
20260626,pca_q16,3,3,2899,0.05863673139158576,49440
20260626,pca_q16,3,4,1824,0.036893203883495145,49440
20260626,pca_q16,3,5,1875,0.037924757281553395,49440
20260626,pca_q16,3,6,1928,0.03899676375404531,49440
20260626,pca_q16,3,7,879,0.017779126213592233,49440
20260626,pca_q16,3,8,1212,0.024514563106796117,49440
20260626,pca_q16,3,9,1339,0.027083333333333334,49440
20260626,pca_q16,3,10,894,0.01808252427184466,49440
20260626,pca_q16,3,11,2958,0.05983009708737864,49440
20260626,pca_q16,3,12,1925,0.03893608414239482,49440
20260626,pca_q16,3,13,1962,0.039684466019417476,49440
20260626,pca_q16,3,14,1942,0.039279935275080904,49440
20260626,pca_q16,3,15,890,0.018001618122977348,49440
20260626,pca_q16,3,16,1379,0.027892394822006474,49440
20260626,pca_q16,3,17,1366,0.027629449838187704,49440
20260626,pca_q16,3,18,834,0.016868932038834952,49440
20260626,pca_q16,3,19,2902,0.05869741100323624,49440
20260626,pca_q16,3,20,1912,0.03867313915857605,49440
20260626,pca_q16,3,21,1938,0.03919902912621359,49440
20260626,pca_q16,3,22,1925,0.03893608414239482,49440
20260626,pca_q16,3,23,811,0.016403721682847896,49440
20260626,pca_q16,3,24,1322,0.02673948220064725,49440
20260626,pca_q16,3,25,1327,0.026840614886731392,49440
20260626,pca_q16,3,26,1279,0.025869741100323626,49440
20260626,pca_q16,3,27,1284,0.025970873786407767,49440
20260626,pca_q16,3,28,1330,0.026901294498381877,49440
20260626,pca_q16,3,29,1355,0.02740695792880259,49440
20260626,pca_q16,3,30,1345,0.027204692556634304,49440
20260626,pca_q16,3,31,1294,0.026173139158576053,49440
20260626,pca_q32,0,0,3391,0.037551354883005,90303
20260626,pca_q32,0,1,3344,0.037030884909692925,90303
20260626,pca_q32,0,2,3262,0.03612283091370165,90303
20260626,pca_q32,0,3,2168,0.024008061747671727,90303
20260626,pca_q32,0,4,2182,0.024163095356743408,90303
20260626,pca_q32,0,5,2176,0.024096652381426973,90303
20260626,pca_q32,0,6,3255,0.03604531410916581,90303
20260626,pca_q32,0,7,2156,0.023875175797038857,90303
20260626,pca_q32,0,8,3183,0.035247998405368595,90303
20260626,pca_q32,0,9,3292,0.03645504579028382,90303
20260626,pca_q32,0,10,3125,0.034605716310643055,90303
20260626,pca_q32,0,11,2079,0.023022490947144612,90303
20260626,pca_q32,0,12,2118,0.02345437028670144,90303
20260626,pca_q32,0,13,2128,0.023565108578895495,90303
20260626,pca_q32,0,14,3274,0.03625571686433452,90303
20260626,pca_q32,0,15,2143,0.02373121601718658,90303
20260626,pca_q32,0,16,3307,0.036621153228574906,90303
20260626,pca_q32,0,17,3213,0.03558021328195077,90303
20260626,pca_q32,0,18,3098,0.0343067229217191,90303
20260626,pca_q32,0,19,2153,0.02384195430938064,90303
20260626,pca_q32,0,20,2151,0.02381980665094183,90303
20260626,pca_q32,0,21,2127,0.02355403474967609,90303
20260626,pca_q32,0,22,3223,0.03569095157414482,90303
20260626,pca_q32,0,23,2142,0.023720142187967176,90303
20260626,pca_q32,0,24,3157,0.034960078845664044,90303
20260626,pca_q32,0,25,3145,0.034827192895031174,90303
20260626,pca_q32,0,26,3208,0.03552484413585374,90303
20260626,pca_q32,0,27,3206,0.03550269647741493,90303
20260626,pca_q32,0,28,3252,0.03601209262150759,90303
20260626,pca_q32,0,29,3241,0.03589028050009413,90303
20260626,pca_q32,0,30,3251,0.03600101879228818,90303
20260626,pca_q32,0,31,3153,0.034915783528786416,90303
20260626,pca_q32,1,0,1897,0.02295220810647308,82650
20260626,pca_q32,1,1,1777,0.021500302480338778,82650
20260626,pca_q32,1,2,3227,0.03904416212946159,82650
20260626,pca_q32,1,3,3252,0.039346642468239566,82650
20260626,pca_q32,1,4,5292,0.06402903811252268,82650
20260626,pca_q32,1,5,2193,0.026533575317604356,82650
20260626,pca_q32,1,6,4207,0.05090139140955838,82650
20260626,pca_q32,1,7,1185,0.014337568058076225,82650
20260626,pca_q32,1,8,1793,0.021693889897156683,82650
20260626,pca_q32,1,9,1737,0.02101633393829401,82650
20260626,pca_q32,1,10,3267,0.03952813067150635,82650
20260626,pca_q32,1,11,3218,0.03893526920750151,82650
20260626,pca_q32,1,12,5267,0.06372655777374471,82650
20260626,pca_q32,1,13,2206,0.026690865093768903,82650
20260626,pca_q32,1,14,4210,0.05093768905021174,82650
20260626,pca_q32,1,15,1140,0.013793103448275862,82650
20260626,pca_q32,1,16,1804,0.021826981246218995,82650
20260626,pca_q32,1,17,1746,0.021125226860254084,82650
20260626,pca_q32,1,18,3192,0.038620689655172416,82650
20260626,pca_q32,1,19,3203,0.038753781004234725,82650
20260626,pca_q32,1,20,5253,0.06355716878402903,82650
20260626,pca_q32,1,21,2212,0.02676346037507562,82650
20260626,pca_q32,1,22,4282,0.051808832425892314,82650
20260626,pca_q32,1,23,1168,0.014131881427707198,82650
20260626,pca_q32,1,24,1731,0.020943738656987294,82650
20260626,pca_q32,1,25,1769,0.021403508771929824,82650
20260626,pca_q32,1,26,1761,0.02130671506352087,82650
20260626,pca_q32,1,27,1778,0.021512401693889897,82650
20260626,pca_q32,1,28,1766,0.021367211131276466,82650
20260626,pca_q32,1,29,1657,0.020048396854204478,82650
20260626,pca_q32,1,30,1703,0.020604960677555958,82650
20260626,pca_q32,1,31,1757,0.021258318209316396,82650
20260626,pca_q32,2,0,4662,0.033996441384942976,137132
20260626,pca_q32,2,1,4864,0.03546947466674445,137132
20260626,pca_q32,2,2,3249,0.023692500656301956,137132
20260626,pca_q32,2,3,4246,0.03096286789370825,137132
20260626,pca_q32,2,4,3208,0.023393518653560073,137132
20260626,pca_q32,2,5,4320,0.0315024939474375,137132
20260626,pca_q32,2,6,3303,0.024086281830644925,137132
20260626,pca_q32,2,7,4291,0.031291018872327395,137132
20260626,pca_q32,2,8,4915,0.03584137910917948,137132
20260626,pca_q32,2,9,4925,0.03591430154887262,137132
20260626,pca_q32,2,10,3293,0.024013359390951783,137132
20260626,pca_q32,2,11,4325,0.031538955167284076,137132
20260626,pca_q32,2,12,3351,0.02443630954117201,137132
20260626,pca_q32,2,13,4354,0.03175043024239419,137132
20260626,pca_q32,2,14,3275,0.023882098999504126,137132
20260626,pca_q32,2,15,4323,0.03152437067934545,137132
20260626,pca_q32,2,16,4842,0.035309045299419535,137132
20260626,pca_q32,2,17,4957,0.03614765335589067,137132
20260626,pca_q32,2,18,3346,0.024399848321325437,137132
20260626,pca_q32,2,19,4292,0.031298311116296704,137132
20260626,pca_q32,2,20,3334,0.02431234139369367,137132
20260626,pca_q32,2,21,4348,0.0317066767785783,137132
20260626,pca_q32,2,22,3196,0.0233060117259283,137132
20260626,pca_q32,2,23,4274,0.03116705072484905,137132
20260626,pca_q32,2,24,5000,0.036461219846571184,137132
20260626,pca_q32,2,25,4992,0.03640288189481667,137132
20260626,pca_q32,2,26,4932,0.03596534725665782,137132
20260626,pca_q32,2,27,4891,0.035666365253915935,137132
20260626,pca_q32,2,28,4900,0.035731995449639765,137132
20260626,pca_q32,2,29,4955,0.03613306886795205,137132
20260626,pca_q32,2,30,4950,0.036096607648105475,137132
20260626,pca_q32,2,31,5019,0.03659977248198816,137132
20260626,pca_q32,3,0,2338,0.028124285765839457,83131
20260626,pca_q32,3,1,2303,0.027703263523835873,83131
20260626,pca_q32,3,2,2550,0.030674477631689744,83131
20260626,pca_q32,3,3,2622,0.031540580529525686,83131
20260626,pca_q32,3,4,1606,0.019318906304507343,83131
20260626,pca_q32,3,5,3599,0.043293115684882894,83131
20260626,pca_q32,3,6,1523,0.018320482130613127,83131
20260626,pca_q32,3,7,4656,0.056007987393391155,83131
20260626,pca_q32,3,8,2397,0.028834008973788357,83131
20260626,pca_q32,3,9,2334,0.028076168938181906,83131
20260626,pca_q32,3,10,2603,0.03131202559815231,83131
20260626,pca_q32,3,11,2666,0.032069865633758764,83131
20260626,pca_q32,3,12,1552,0.018669329131130386,83131
20260626,pca_q32,3,13,3600,0.043305144891797286,83131
20260626,pca_q32,3,14,1529,0.01839265737209946,83131
20260626,pca_q32,3,15,4682,0.056320746773165245,83131
20260626,pca_q32,3,16,2335,0.028088198145096294,83131
20260626,pca_q32,3,17,2372,0.028533278800928655,83131
20260626,pca_q32,3,18,2652,0.03190145673695733,83131
20260626,pca_q32,3,19,2640,0.031757106253984674,83131
20260626,pca_q32,3,20,1550,0.01864527071730161,83131
20260626,pca_q32,3,21,3601,0.04331717409871167,83131
20260626,pca_q32,3,22,1587,0.01909035137313397,83131
20260626,pca_q32,3,23,4704,0.05658538932528179,83131
20260626,pca_q32,3,24,2400,0.028870096594531523,83131
20260626,pca_q32,3,25,2382,0.028653570870072535,83131
20260626,pca_q32,3,26,2387,0.028713716904644478,83131
20260626,pca_q32,3,27,2413,0.029026476284418568,83131
20260626,pca_q32,3,28,2370,0.028509220387099878,83131
20260626,pca_q32,3,29,2435,0.029291118836535106,83131
20260626,pca_q32,3,30,2384,0.028677629283901312,83131
20260626,pca_q32,3,31,2359,0.02837689911104161,83131
20260626,bottleneck_ae_q4,0,0,3465,0.03289817232375979,105325
20260626,bottleneck_ae_q4,0,1,3390,0.03218609067173036,105325
20260626,bottleneck_ae_q4,0,2,3275,0.03109423213861856,105325
20260626,bottleneck_ae_q4,0,3,4135,0.03925943508188939,105325
20260626,bottleneck_ae_q4,0,4,2220,0.02107761690007121,105325
20260626,bottleneck_ae_q4,0,5,2248,0.021343460716828862,105325
20260626,bottleneck_ae_q4,0,6,4393,0.04170899596487064,105325
20260626,bottleneck_ae_q4,0,7,3013,0.02860669356752908,105325
20260626,bottleneck_ae_q4,0,8,3374,0.03203417991929741,105325
20260626,bottleneck_ae_q4,0,9,3409,0.03236648469024448,105325
20260626,bottleneck_ae_q4,0,10,3242,0.03078091621172561,105325
20260626,bottleneck_ae_q4,0,11,4064,0.03858533111796819,105325
20260626,bottleneck_ae_q4,0,12,2298,0.02181818181818182,105325
20260626,bottleneck_ae_q4,0,13,2214,0.021020650367908855,105325
20260626,bottleneck_ae_q4,0,14,4215,0.04001898884405412,105325
20260626,bottleneck_ae_q4,0,15,3043,0.02889152622834085,105325
20260626,bottleneck_ae_q4,0,16,3418,0.032451934488488016,105325
20260626,bottleneck_ae_q4,0,17,3399,0.03227154046997389,105325
20260626,bottleneck_ae_q4,0,18,3318,0.031502492285782106,105325
20260626,bottleneck_ae_q4,0,19,4209,0.03996202231189176,105325
20260626,bottleneck_ae_q4,0,20,2225,0.021125089010206502,105325
20260626,bottleneck_ae_q4,0,21,2277,0.021618798955613576,105325
20260626,bottleneck_ae_q4,0,22,4196,0.039838594825539995,105325
20260626,bottleneck_ae_q4,0,23,3026,0.028730121053880845,105325
20260626,bottleneck_ae_q4,0,24,3377,0.03206266318537859,105325
20260626,bottleneck_ae_q4,0,25,3443,0.03268929503916449,105325
20260626,bottleneck_ae_q4,0,26,3441,0.032670306195110375,105325
20260626,bottleneck_ae_q4,0,27,3443,0.03268929503916449,105325
20260626,bottleneck_ae_q4,0,28,3372,0.032015191075243296,105325
20260626,bottleneck_ae_q4,0,29,3386,0.03214811298362212,105325
20260626,bottleneck_ae_q4,0,30,3413,0.03240446237835272,105325
20260626,bottleneck_ae_q4,0,31,3384,0.032129124139568005,105325
20260626,bottleneck_ae_q4,1,0,3035,0.029285473054470015,103635
20260626,bottleneck_ae_q4,1,1,2923,0.02820475708013702,103635
20260626,bottleneck_ae_q4,1,2,2019,0.01948183528730641,103635
20260626,bottleneck_ae_q4,1,3,3684,0.03554783615573889,103635
20260626,bottleneck_ae_q4,1,4,3906,0.03768996960486322,103635
20260626,bottleneck_ae_q4,1,5,5028,0.04851642784773484,103635
20260626,bottleneck_ae_q4,1,6,2904,0.028021421334491245,103635
20260626,bottleneck_ae_q4,1,7,3235,0.031215323008636078,103635
20260626,bottleneck_ae_q4,1,8,2986,0.02881265981569933,103635
20260626,bottleneck_ae_q4,1,9,2901,0.027992473585178753,103635
20260626,bottleneck_ae_q4,1,10,1961,0.018922178800598252,103635
20260626,bottleneck_ae_q4,1,11,4210,0.04062334153519564,103635
20260626,bottleneck_ae_q4,1,12,3913,0.03775751435325903,103635
20260626,bottleneck_ae_q4,1,13,4994,0.048188353355526604,103635
20260626,bottleneck_ae_q4,1,14,3005,0.028995995561345106,103635
20260626,bottleneck_ae_q4,1,15,3238,0.03124427075794857,103635
20260626,bottleneck_ae_q4,1,16,2848,0.027481063347324745,103635
20260626,bottleneck_ae_q4,1,17,2871,0.027702996092053844,103635
20260626,bottleneck_ae_q4,1,18,1961,0.018922178800598252,103635
20260626,bottleneck_ae_q4,1,19,4130,0.03985140155352921,103635
20260626,bottleneck_ae_q4,1,20,3953,0.038143484344092246,103635
20260626,bottleneck_ae_q4,1,21,4941,0.0476769431176726,103635
20260626,bottleneck_ae_q4,1,22,2941,0.028378443576011964,103635
20260626,bottleneck_ae_q4,1,23,3184,0.030723211270323732,103635
20260626,bottleneck_ae_q4,1,24,2896,0.027944227336324602,103635
20260626,bottleneck_ae_q4,1,25,2844,0.027442466348241424,103635
20260626,bottleneck_ae_q4,1,26,2783,0.026853862112220774,103635
20260626,bottleneck_ae_q4,1,27,2882,0.027809137839532976,103635
20260626,bottleneck_ae_q4,1,28,2799,0.02700825010855406,103635
20260626,bottleneck_ae_q4,1,29,2898,0.02796352583586626,103635
20260626,bottleneck_ae_q4,1,30,2846,0.027461764847783086,103635
20260626,bottleneck_ae_q4,1,31,2916,0.028137212331741206,103635
20260626,bottleneck_ae_q4,2,0,2597,0.030402360075391297,85421
20260626,bottleneck_ae_q4,2,1,2777,0.03250957024619239,85421
20260626,bottleneck_ae_q4,2,2,3735,0.04372461104412264,85421
20260626,bottleneck_ae_q4,2,3,2252,0.02636354058135587,85421
20260626,bottleneck_ae_q4,2,4,2935,0.0343592325072289,85421
20260626,bottleneck_ae_q4,2,5,2813,0.032931012280352605,85421
20260626,bottleneck_ae_q4,2,6,1821,0.021317942894604373,85421
20260626,bottleneck_ae_q4,2,7,2811,0.03290759883401037,85421
20260626,bottleneck_ae_q4,2,8,2703,0.03164327273152972,85421
20260626,bottleneck_ae_q4,2,9,2652,0.03104622984980274,85421
20260626,bottleneck_ae_q4,2,10,3834,0.04488357663806324,85421
20260626,bottleneck_ae_q4,2,11,1795,0.021013568092155325,85421
20260626,bottleneck_ae_q4,2,12,2791,0.03267346437058803,85421
20260626,bottleneck_ae_q4,2,13,2825,0.033071492958406015,85421
20260626,bottleneck_ae_q4,2,14,1870,0.021891572329989114,85421
20260626,bottleneck_ae_q4,2,15,2801,0.0327905316022992,85421
20260626,bottleneck_ae_q4,2,16,2691,0.03150279205347631,85421
20260626,bottleneck_ae_q4,2,17,2663,0.03117500380468503,85421
20260626,bottleneck_ae_q4,2,18,3741,0.04379485138314934,85421
20260626,bottleneck_ae_q4,2,19,1691,0.019796068882359137,85421
20260626,bottleneck_ae_q4,2,20,2832,0.03315344002060383,85421
20260626,bottleneck_ae_q4,2,21,2806,0.03284906521815479,85421
20260626,bottleneck_ae_q4,2,22,1852,0.021680851312909005,85421
20260626,bottleneck_ae_q4,2,23,2830,0.033130026574261597,85421
20260626,bottleneck_ae_q4,2,24,2659,0.031128176912000562,85421
20260626,bottleneck_ae_q4,2,25,2708,0.0317018063473853,85421
20260626,bottleneck_ae_q4,2,26,2719,0.03183058030226759,85421
20260626,bottleneck_ae_q4,2,27,2649,0.03101110968028939,85421
20260626,bottleneck_ae_q4,2,28,2687,0.03145596516079184,85421
20260626,bottleneck_ae_q4,2,29,2590,0.03032041301319348,85421
20260626,bottleneck_ae_q4,2,30,2659,0.031128176912000562,85421
20260626,bottleneck_ae_q4,2,31,2632,0.030812095386380398,85421
20260626,bottleneck_ae_q4,3,0,3191,0.03228613345474781,98835
20260626,bottleneck_ae_q4,3,1,3198,0.03235695856730915,98835
20260626,bottleneck_ae_q4,3,2,3259,0.03297414883391511,98835
20260626,bottleneck_ae_q4,3,3,2217,0.02243132493549856,98835
20260626,bottleneck_ae_q4,3,4,3227,0.03265037689077756,98835
20260626,bottleneck_ae_q4,3,5,2199,0.022249203217483686,98835
20260626,bottleneck_ae_q4,3,6,3170,0.032073658117063794,98835
20260626,bottleneck_ae_q4,3,7,3229,0.03267061263722366,98835
20260626,bottleneck_ae_q4,3,8,3225,0.032630141144331465,98835
20260626,bottleneck_ae_q4,3,9,3326,0.03365204633985936,98835
20260626,bottleneck_ae_q4,3,10,3251,0.03289320584813072,98835
20260626,bottleneck_ae_q4,3,11,2219,0.022451560681944656,98835
20260626,bottleneck_ae_q4,3,12,3286,0.03324733141093742,98835
20260626,bottleneck_ae_q4,3,13,2255,0.022815804117974403,98835
20260626,bottleneck_ae_q4,3,14,3198,0.03235695856730915,98835
20260626,bottleneck_ae_q4,3,15,3206,0.03243790155309354,98835
20260626,bottleneck_ae_q4,3,16,3331,0.03370263570597461,98835
20260626,bottleneck_ae_q4,3,17,3355,0.03394546466332777,98835
20260626,bottleneck_ae_q4,3,18,3268,0.03306520969292255,98835
20260626,bottleneck_ae_q4,3,19,2258,0.022846157737643546,98835
20260626,bottleneck_ae_q4,3,20,3278,0.033166388425153036,98835
20260626,bottleneck_ae_q4,3,21,2264,0.022906864976981838,98835
20260626,bottleneck_ae_q4,3,22,3299,0.03337886376283705,98835
20260626,bottleneck_ae_q4,3,23,3248,0.032862852228461574,98835
20260626,bottleneck_ae_q4,3,24,3356,0.033955582536550816,98835
20260626,bottleneck_ae_q4,3,25,3293,0.03331815652349876,98835
20260626,bottleneck_ae_q4,3,26,3345,0.033844285931097284,98835
20260626,bottleneck_ae_q4,3,27,3314,0.033530631861182776,98835
20260626,bottleneck_ae_q4,3,28,3430,0.03470430515505641,98835
20260626,bottleneck_ae_q4,3,29,3414,0.03454241918348763,98835
20260626,bottleneck_ae_q4,3,30,3370,0.03409723276167349,98835
20260626,bottleneck_ae_q4,3,31,3356,0.033955582536550816,98835
20260626,bottleneck_ae_q8,0,0,3337,0.03389916598096283,98439
20260626,bottleneck_ae_q8,0,1,3347,0.03400075173457674,98439
20260626,bottleneck_ae_q8,0,2,3309,0.033614725870843874,98439
20260626,bottleneck_ae_q8,0,3,2216,0.02251140300084316,98439
20260626,bottleneck_ae_q8,0,4,4327,0.043956155588740234,98439
20260626,bottleneck_ae_q8,0,5,2336,0.02373043204421012,98439
20260626,bottleneck_ae_q8,0,6,2343,0.02380154207173986,98439
20260626,bottleneck_ae_q8,0,7,2316,0.023527260536982293,98439
20260626,bottleneck_ae_q8,0,8,3446,0.035006450695354484,98439
20260626,bottleneck_ae_q8,0,9,3395,0.034488363351923526,98439
20260626,bottleneck_ae_q8,0,10,3308,0.03360456729548248,98439
20260626,bottleneck_ae_q8,0,11,2306,0.02342567478336838,98439
20260626,bottleneck_ae_q8,0,12,4339,0.04407805849307693,98439
20260626,bottleneck_ae_q8,0,13,2332,0.023689797742764553,98439
20260626,bottleneck_ae_q8,0,14,2285,0.023212344700779163,98439
20260626,bottleneck_ae_q8,0,15,2277,0.02313107609788803,98439
20260626,bottleneck_ae_q8,0,16,3364,0.03417344751572039,98439
20260626,bottleneck_ae_q8,0,17,3401,0.034549314804091874,98439
20260626,bottleneck_ae_q8,0,18,3356,0.034092178912829264,98439
20260626,bottleneck_ae_q8,0,19,2332,0.023689797742764553,98439
20260626,bottleneck_ae_q8,0,20,4339,0.04407805849307693,98439
20260626,bottleneck_ae_q8,0,21,2304,0.023405357632645597,98439
20260626,bottleneck_ae_q8,0,22,2288,0.023242820426863337,98439
20260626,bottleneck_ae_q8,0,23,2278,0.023141234673249425,98439
20260626,bottleneck_ae_q8,0,24,3414,0.034681376283789964,98439
20260626,bottleneck_ae_q8,0,25,3417,0.03471185200987414,98439
20260626,bottleneck_ae_q8,0,26,3436,0.03490486494174057,98439
20260626,bottleneck_ae_q8,0,27,3453,0.035077560722884225,98439
20260626,bottleneck_ae_q8,0,28,3415,0.03469153485915135,98439
20260626,bottleneck_ae_q8,0,29,3446,0.035006450695354484,98439
20260626,bottleneck_ae_q8,0,30,3409,0.034630583406983,98439
20260626,bottleneck_ae_q8,0,31,3568,0.03624579688944422,98439
20260626,bottleneck_ae_q8,1,0,3190,0.03102750651674902,102812
20260626,bottleneck_ae_q8,1,1,2968,0.028868225498968992,102812
20260626,bottleneck_ae_q8,1,2,4078,0.03966463058786912,102812
20260626,bottleneck_ae_q8,1,3,3827,0.03722328132902774,102812
20260626,bottleneck_ae_q8,1,4,1971,0.01917091390110104,102812
20260626,bottleneck_ae_q8,1,5,2016,0.019608605999299693,102812
20260626,bottleneck_ae_q8,1,6,2008,0.019530794070731043,102812
20260626,bottleneck_ae_q8,1,7,6078,0.059117612730031514,102812
20260626,bottleneck_ae_q8,1,8,3097,0.030122942847138467,102812
20260626,bottleneck_ae_q8,1,9,2969,0.028877951990040073,102812
20260626,bottleneck_ae_q8,1,10,4068,0.03956736567715831,102812
20260626,bottleneck_ae_q8,1,11,4049,0.039382562346807766,102812
20260626,bottleneck_ae_q8,1,12,2041,0.019851768276076723,102812
20260626,bottleneck_ae_q8,1,13,2043,0.019871221258218885,102812
20260626,bottleneck_ae_q8,1,14,2032,0.019764229856436992,102812
20260626,bottleneck_ae_q8,1,15,6104,0.059370501497879626,102812
20260626,bottleneck_ae_q8,1,16,3032,0.02949072092751819,102812
20260626,bottleneck_ae_q8,1,17,3057,0.02973388320429522,102812
20260626,bottleneck_ae_q8,1,18,4064,0.039528459712873984,102812
20260626,bottleneck_ae_q8,1,19,4015,0.039051861650391005,102812
20260626,bottleneck_ae_q8,1,20,2039,0.01983231529393456,102812
20260626,bottleneck_ae_q8,1,21,1958,0.019044469517176983,102812
20260626,bottleneck_ae_q8,1,22,2023,0.01967669143679726,102812
20260626,bottleneck_ae_q8,1,23,6097,0.05930241606038206,102812
20260626,bottleneck_ae_q8,1,24,3072,0.029879780570361437,102812
20260626,bottleneck_ae_q8,1,25,2971,0.028897404972182236,102812
20260626,bottleneck_ae_q8,1,26,2996,0.029140567248959266,102812
20260626,bottleneck_ae_q8,1,27,2962,0.028809866552542505,102812
20260626,bottleneck_ae_q8,1,28,3037,0.029539353382873595,102812
20260626,bottleneck_ae_q8,1,29,2971,0.028897404972182236,102812
20260626,bottleneck_ae_q8,1,30,3022,0.029393456016807377,102812
20260626,bottleneck_ae_q8,1,31,2957,0.0287612340971871,102812
20260626,bottleneck_ae_q8,2,0,3271,0.029550731315102403,110691
20260626,bottleneck_ae_q8,2,1,3398,0.030698069400402924,110691
20260626,bottleneck_ae_q8,2,2,3242,0.029288740728695195,110691
20260626,bottleneck_ae_q8,2,3,3346,0.03022829317650035,110691
20260626,bottleneck_ae_q8,2,4,3259,0.02944232141727873,110691
20260626,bottleneck_ae_q8,2,5,5217,0.0471312030788411,110691
20260626,bottleneck_ae_q8,2,6,4254,0.03843130877849148,110691
20260626,bottleneck_ae_q8,2,7,2246,0.02029071920933048,110691
20260626,bottleneck_ae_q8,2,8,3228,0.02916226251456758,110691
20260626,bottleneck_ae_q8,2,9,3374,0.03048124960475558,110691
20260626,bottleneck_ae_q8,2,10,3248,0.029342945677607032,110691
20260626,bottleneck_ae_q8,2,11,3246,0.029324877361303087,110691
20260626,bottleneck_ae_q8,2,12,3227,0.02915322835641561,110691
20260626,bottleneck_ae_q8,2,13,5224,0.047194442185904906,110691
20260626,bottleneck_ae_q8,2,14,4227,0.03818738650838822,110691
20260626,bottleneck_ae_q8,2,15,2189,0.01977577219466804,110691
20260626,bottleneck_ae_q8,2,16,3379,0.030526420395515445,110691
20260626,bottleneck_ae_q8,2,17,3267,0.02951459468249451,110691
20260626,bottleneck_ae_q8,2,18,3189,0.028809930346640648,110691
20260626,bottleneck_ae_q8,2,19,3165,0.028593110550993305,110691
20260626,bottleneck_ae_q8,2,20,3204,0.028945442718920238,110691
20260626,bottleneck_ae_q8,2,21,5329,0.04814302879186203,110691
20260626,bottleneck_ae_q8,2,22,4287,0.03872943599750657,110691
20260626,bottleneck_ae_q8,2,23,2237,0.020209411785962725,110691
20260626,bottleneck_ae_q8,2,24,3268,0.029523628840646483,110691
20260626,bottleneck_ae_q8,2,25,3350,0.030264429809108238,110691
20260626,bottleneck_ae_q8,2,26,3348,0.030246361492804293,110691
20260626,bottleneck_ae_q8,2,27,3375,0.030490283762907553,110691
20260626,bottleneck_ae_q8,2,28,3310,0.029903063483029332,110691
20260626,bottleneck_ae_q8,2,29,3292,0.029740448636293826,110691
20260626,bottleneck_ae_q8,2,30,3281,0.029641072896622128,110691
20260626,bottleneck_ae_q8,2,31,3214,0.029035784300439963,110691
20260626,bottleneck_ae_q8,3,0,2490,0.030637104116937767,81274
20260626,bottleneck_ae_q8,3,1,2575,0.031682949036592266,81274
20260626,bottleneck_ae_q8,3,2,1659,0.020412432020080223,81274
20260626,bottleneck_ae_q8,3,3,2899,0.03566946378915766,81274
20260626,bottleneck_ae_q8,3,4,2731,0.03360238206560524,81274
20260626,bottleneck_ae_q8,3,5,2719,0.033454733371065776,81274
20260626,bottleneck_ae_q8,3,6,3683,0.04531584516573566,81274
20260626,bottleneck_ae_q8,3,7,1648,0.020277087383419053,81274
20260626,bottleneck_ae_q8,3,8,2517,0.03096931367965155,81274
20260626,bottleneck_ae_q8,3,9,2550,0.03137534758963506,81274
20260626,bottleneck_ae_q8,3,10,1664,0.020473952309471664,81274
20260626,bottleneck_ae_q8,3,11,2687,0.033061003518960554,81274
20260626,bottleneck_ae_q8,3,12,2681,0.03298717917169083,81274
20260626,bottleneck_ae_q8,3,13,2689,0.03308561163471713,81274
20260626,bottleneck_ae_q8,3,14,3744,0.04606639269631124,81274
20260626,bottleneck_ae_q8,3,15,1718,0.02113837143489923,81274
20260626,bottleneck_ae_q8,3,16,2513,0.030920097448138395,81274
20260626,bottleneck_ae_q8,3,17,2563,0.03153530034205281,81274
20260626,bottleneck_ae_q8,3,18,1679,0.020658513177645988,81274
20260626,bottleneck_ae_q8,3,19,2776,0.03415606467012821,81274
20260626,bottleneck_ae_q8,3,20,2706,0.03329478061864803,81274
20260626,bottleneck_ae_q8,3,21,2697,0.033184044097743434,81274
20260626,bottleneck_ae_q8,3,22,3690,0.04540197357088368,81274
20260626,bottleneck_ae_q8,3,23,1676,0.020621601004011125,81274
20260626,bottleneck_ae_q8,3,24,2534,0.03117848266358245,81274
20260626,bottleneck_ae_q8,3,25,2550,0.03137534758963506,81274
20260626,bottleneck_ae_q8,3,26,2508,0.030858577158746955,81274
20260626,bottleneck_ae_q8,3,27,2498,0.03073553657996407,81274
20260626,bottleneck_ae_q8,3,28,2526,0.031080050200556143,81274
20260626,bottleneck_ae_q8,3,29,2579,0.03173216526810542,81274
20260626,bottleneck_ae_q8,3,30,2576,0.031695253094470556,81274
20260626,bottleneck_ae_q8,3,31,2549,0.03136304353175677,81274
20260626,bottleneck_ae_q16,0,0,2551,0.03032680670970196,84117
20260626,bottleneck_ae_q16,0,1,2611,0.031040098909851755,84117
20260626,bottleneck_ae_q16,0,2,2744,0.03262122995351713,84117
20260626,bottleneck_ae_q16,0,3,2815,0.03346529239036104,84117
20260626,bottleneck_ae_q16,0,4,1704,0.020257498484254073,84117
20260626,bottleneck_ae_q16,0,5,1748,0.020780579431030587,84117
20260626,bottleneck_ae_q16,0,6,2793,0.033203751916972786,84117
20260626,bottleneck_ae_q16,0,7,3841,0.04566258901292248,84117
20260626,bottleneck_ae_q16,0,8,2697,0.03206248439673312,84117
20260626,bottleneck_ae_q16,0,9,2600,0.030909328673157627,84117
20260626,bottleneck_ae_q16,0,10,2854,0.03392893232045841,84117
20260626,bottleneck_ae_q16,0,11,2845,0.03382193849043594,84117
20260626,bottleneck_ae_q16,0,12,1746,0.02075680302435893,84117
20260626,bottleneck_ae_q16,0,13,1792,0.021303660377807104,84117
20260626,bottleneck_ae_q16,0,14,2765,0.03287088222356955,84117
20260626,bottleneck_ae_q16,0,15,3793,0.04509195525280264,84117
20260626,bottleneck_ae_q16,0,16,2594,0.030837999453142646,84117
20260626,bottleneck_ae_q16,0,17,2675,0.031800943923344864,84117
20260626,bottleneck_ae_q16,0,18,2771,0.03294221144358453,84117
20260626,bottleneck_ae_q16,0,19,2769,0.03291843503691287,84117
20260626,bottleneck_ae_q16,0,20,1734,0.02061414458432897,84117
20260626,bottleneck_ae_q16,0,21,1725,0.0205071507543065,84117
20260626,bottleneck_ae_q16,0,22,2792,0.03319186371363696,84117
20260626,bottleneck_ae_q16,0,23,3822,0.04543671314954171,84117
20260626,bottleneck_ae_q16,0,24,2728,0.032431018700143845,84117
20260626,bottleneck_ae_q16,0,25,2670,0.03174150290666571,84117
20260626,bottleneck_ae_q16,0,26,2656,0.0315750680599641,84117
20260626,bottleneck_ae_q16,0,27,2589,0.0307785584364635,84117
20260626,bottleneck_ae_q16,0,28,2617,0.031111428129866732,84117
20260626,bottleneck_ae_q16,0,29,2703,0.0321338136167481,84117
20260626,bottleneck_ae_q16,0,30,2697,0.03206248439673312,84117
20260626,bottleneck_ae_q16,0,31,2676,0.03181283212668069,84117
20260626,bottleneck_ae_q16,1,0,3739,0.029984442412869492,124698
20260626,bottleneck_ae_q16,1,1,3785,0.030353333654108326,124698
20260626,bottleneck_ae_q16,1,2,3677,0.029487241174678023,124698
20260626,bottleneck_ae_q16,1,3,3698,0.02965564804567836,124698
20260626,bottleneck_ae_q16,1,4,3661,0.029358931177725384,124698
20260626,bottleneck_ae_q16,1,5,4690,0.037610867856741885,124698
20260626,bottleneck_ae_q16,1,6,4735,0.03797173972317118,124698
20260626,bottleneck_ae_q16,1,7,2652,0.02126738199489968,124698
20260626,bottleneck_ae_q16,1,8,3935,0.0315562398755393,124698
20260626,bottleneck_ae_q16,1,9,4112,0.03297566921682785,124698
20260626,bottleneck_ae_q16,1,10,3675,0.02947120242505894,124698
20260626,bottleneck_ae_q16,1,11,3636,0.029158446807486887,124698
20260626,bottleneck_ae_q16,1,12,3666,0.029399028051773083,124698
20260626,bottleneck_ae_q16,1,13,4688,0.03759482910712281,124698
20260626,bottleneck_ae_q16,1,14,4809,0.03856517345907713,124698
20260626,bottleneck_ae_q16,1,15,2664,0.021363614492614157,124698
20260626,bottleneck_ae_q16,1,16,4003,0.03210155736258801,124698
20260626,bottleneck_ae_q16,1,17,4035,0.03235817735649329,124698
20260626,bottleneck_ae_q16,1,18,3636,0.029158446807486887,124698
20260626,bottleneck_ae_q16,1,19,3680,0.02951129929910664,124698
20260626,bottleneck_ae_q16,1,20,3639,0.029182504931915508,124698
20260626,bottleneck_ae_q16,1,21,4732,0.03794768159874256,124698
20260626,bottleneck_ae_q16,1,22,4709,0.037763235978123144,124698
20260626,bottleneck_ae_q16,1,23,2581,0.020698006383422347,124698
20260626,bottleneck_ae_q16,1,24,3864,0.030986864264061973,124698
20260626,bottleneck_ae_q16,1,25,3979,0.03190909236715905,124698
20260626,bottleneck_ae_q16,1,26,3973,0.03186097611830182,124698
20260626,bottleneck_ae_q16,1,27,3974,0.031868995493111354,124698
20260626,bottleneck_ae_q16,1,28,4066,0.03260677797558902,124698
20260626,bottleneck_ae_q16,1,29,3967,0.03181285986944458,124698
20260626,bottleneck_ae_q16,1,30,4038,0.03238223548092191,124698
20260626,bottleneck_ae_q16,1,31,4000,0.03207749923815939,124698
20260626,bottleneck_ae_q16,2,0,2314,0.027171743265775816,85162
20260626,bottleneck_ae_q16,2,1,2286,0.026842958126864096,85162
20260626,bottleneck_ae_q16,2,2,2483,0.02915619642563585,85162
20260626,bottleneck_ae_q16,2,3,3502,0.04112162701674456,85162
20260626,bottleneck_ae_q16,2,4,4570,0.05366243160094878,85162
20260626,bottleneck_ae_q16,2,5,2527,0.029672858786782837,85162
20260626,bottleneck_ae_q16,2,6,2472,0.029027030835349098,85162
20260626,bottleneck_ae_q16,2,7,2388,0.028040675418613936,85162
20260626,bottleneck_ae_q16,2,8,2175,0.025539559897606912,85162
20260626,bottleneck_ae_q16,2,9,2205,0.025891829689298044,85162
20260626,bottleneck_ae_q16,2,10,2424,0.02846339916864329,85162
20260626,bottleneck_ae_q16,2,11,3496,0.04105117305840633,85162
20260626,bottleneck_ae_q16,2,12,4549,0.05341584274676499,85162
20260626,bottleneck_ae_q16,2,13,2505,0.029414527606209342,85162
20260626,bottleneck_ae_q16,2,14,2499,0.029344073647871116,85162
20260626,bottleneck_ae_q16,2,15,2520,0.02959066250205491,85162
20260626,bottleneck_ae_q16,2,16,2289,0.02687818510603321,85162
20260626,bottleneck_ae_q16,2,17,2163,0.025398651980930463,85162
20260626,bottleneck_ae_q16,2,18,2514,0.029520208543716682,85162
20260626,bottleneck_ae_q16,2,19,3475,0.04080458420422254,85162
20260626,bottleneck_ae_q16,2,20,4605,0.05407341302458843,85162
20260626,bottleneck_ae_q16,2,21,2568,0.030154294168760715,85162
20260626,bottleneck_ae_q16,2,22,2475,0.02906225781451821,85162
20260626,bottleneck_ae_q16,2,23,2534,0.02975505507151077,85162
20260626,bottleneck_ae_q16,2,24,2253,0.02645546135600385,85162
20260626,bottleneck_ae_q16,2,25,2208,0.025927056668467157,85162
20260626,bottleneck_ae_q16,2,26,2229,0.02617364552265095,85162
20260626,bottleneck_ae_q16,2,27,2197,0.02579789107818041,85162
20260626,bottleneck_ae_q16,2,28,2180,0.025598271529555437,85162
20260626,bottleneck_ae_q16,2,29,2181,0.02561001385594514,85162
20260626,bottleneck_ae_q16,2,30,2181,0.02561001385594514,85162
20260626,bottleneck_ae_q16,2,31,2195,0.025774406425401,85162
20260626,bottleneck_ae_q16,3,0,3684,0.037122502242062094,99239
20260626,bottleneck_ae_q16,3,1,3606,0.036336520924233416,99239
20260626,bottleneck_ae_q16,3,2,3384,0.03409949717349026,99239
20260626,bottleneck_ae_q16,3,3,2273,0.02290430173621258,99239
20260626,bottleneck_ae_q16,3,4,2353,0.023710436421165066,99239
20260626,bottleneck_ae_q16,3,5,3323,0.03348481947621399,99239
20260626,bottleneck_ae_q16,3,6,2288,0.02305545198964117,99239
20260626,bottleneck_ae_q16,3,7,3407,0.0343312608954141,99239
20260626,bottleneck_ae_q16,3,8,3481,0.03507693547899515,99239
20260626,bottleneck_ae_q16,3,9,3371,0.03396850028718548,99239
20260626,bottleneck_ae_q16,3,10,3335,0.03360573967895686,99239
20260626,bottleneck_ae_q16,3,11,2311,0.02328721571156501,99239
20260626,bottleneck_ae_q16,3,12,2327,0.023448442648555508,99239
20260626,bottleneck_ae_q16,3,13,3303,0.033283285804975866,99239
20260626,bottleneck_ae_q16,3,14,2215,0.022319854089622025,99239
20260626,bottleneck_ae_q16,3,15,3311,0.033363899273471116,99239
20260626,bottleneck_ae_q16,3,16,3402,0.03428087747760457,99239
20260626,bottleneck_ae_q16,3,17,3415,0.03441187436390935,99239
20260626,bottleneck_ae_q16,3,18,3367,0.03392819355293786,99239
20260626,bottleneck_ae_q16,3,19,2364,0.023821279940346034,99239
20260626,bottleneck_ae_q16,3,20,2310,0.023277139028003102,99239
20260626,bottleneck_ae_q16,3,21,3263,0.032880218462499625,99239
20260626,bottleneck_ae_q16,3,22,2312,0.023297292395126915,99239
20260626,bottleneck_ae_q16,3,23,3351,0.03376696661594736,99239
20260626,bottleneck_ae_q16,3,24,3443,0.03469402150364272,99239
20260626,bottleneck_ae_q16,3,25,3431,0.03457310130089985,99239
20260626,bottleneck_ae_q16,3,26,3430,0.03456302461733794,99239
20260626,bottleneck_ae_q16,3,27,3528,0.03555053960640474,99239
20260626,bottleneck_ae_q16,3,28,3425,0.03451264119952841,99239
20260626,bottleneck_ae_q16,3,29,3437,0.034633561402271286,99239
20260626,bottleneck_ae_q16,3,30,3372,0.03397857697074739,99239
20260626,bottleneck_ae_q16,3,31,3417,0.03443202773103316,99239
20260626,bottleneck_ae_q32,0,0,4659,0.03327334276042336,140022
20260626,bottleneck_ae_q32,0,1,4537,0.03240205110625473,140022
20260626,bottleneck_ae_q32,0,2,5152,0.03679421805144906,140022
20260626,bottleneck_ae_q32,0,3,4069,0.0290597191869849,140022
20260626,bottleneck_ae_q32,0,4,4056,0.02896687663367185,140022
20260626,bottleneck_ae_q32,0,5,3150,0.022496464841239235,140022
20260626,bottleneck_ae_q32,0,6,4097,0.029259687763351472,140022
20260626,bottleneck_ae_q32,0,7,5121,0.03657282427047178,140022
20260626,bottleneck_ae_q32,0,8,4549,0.03248775192469755,140022
20260626,bottleneck_ae_q32,0,9,4485,0.032030680893002525,140022
20260626,bottleneck_ae_q32,0,10,5075,0.03624430446644099,140022
20260626,bottleneck_ae_q32,0,11,4036,0.02882404193626716,140022
20260626,bottleneck_ae_q32,0,12,4095,0.029245404293611003,140022
20260626,bottleneck_ae_q32,0,13,2969,0.021203810829726756,140022
20260626,bottleneck_ae_q32,0,14,4043,0.0288740340803588,140022
20260626,bottleneck_ae_q32,0,15,5065,0.03617288711773864,140022
20260626,bottleneck_ae_q32,0,16,4518,0.032266358143720274,140022
20260626,bottleneck_ae_q32,0,17,4603,0.03287340560769022,140022
20260626,bottleneck_ae_q32,0,18,4993,0.035658682207081745,140022
20260626,bottleneck_ae_q32,0,19,4005,0.028602648155289883,140022
20260626,bottleneck_ae_q32,0,20,4113,0.029373955521275228,140022
20260626,bottleneck_ae_q32,0,21,3005,0.021460913285055207,140022
20260626,bottleneck_ae_q32,0,22,4017,0.028688348973732698,140022
20260626,bottleneck_ae_q32,0,23,5102,0.036437131307937326,140022
20260626,bottleneck_ae_q32,0,24,4540,0.03242347631086544,140022
20260626,bottleneck_ae_q32,0,25,4516,0.0322520746739798,140022
20260626,bottleneck_ae_q32,0,26,4494,0.03209495650683464,140022
20260626,bottleneck_ae_q32,0,27,4580,0.03270914570567482,140022
20260626,bottleneck_ae_q32,0,28,4530,0.03235205896216309,140022
20260626,bottleneck_ae_q32,0,29,4604,0.032880547342560455,140022
20260626,bottleneck_ae_q32,0,30,4588,0.0327662795846367,140022
20260626,bottleneck_ae_q32,0,31,4656,0.03325191755581266,140022
20260626,bottleneck_ae_q32,1,0,2387,0.026055538575732437,91612
20260626,bottleneck_ae_q32,1,1,2380,0.02597912937169803,91612
20260626,bottleneck_ae_q32,1,2,2613,0.028522464305986116,91612
20260626,bottleneck_ae_q32,1,3,3679,0.04015849452036851,91612
20260626,bottleneck_ae_q32,1,4,3598,0.03927433087368467,91612
20260626,bottleneck_ae_q32,1,5,4615,0.05037549665982622,91612
20260626,bottleneck_ae_q32,1,6,2570,0.028053093481203335,91612
20260626,bottleneck_ae_q32,1,7,2549,0.027823865869100118,91612
20260626,bottleneck_ae_q32,1,8,2347,0.025618914552678687,91612
20260626,bottleneck_ae_q32,1,9,2372,0.02589180456708728,91612
20260626,bottleneck_ae_q32,1,10,2600,0.028380561498493648,91612
20260626,bottleneck_ae_q32,1,11,3630,0.03962363009212767,91612
20260626,bottleneck_ae_q32,1,12,3588,0.03916517486792123,91612
20260626,bottleneck_ae_q32,1,13,4599,0.05020084705060472,91612
20260626,bottleneck_ae_q32,1,14,2574,0.02809675588350871,91612
20260626,bottleneck_ae_q32,1,15,2635,0.028762607518665675,91612
20260626,bottleneck_ae_q32,1,16,2384,0.026022791774003406,91612
20260626,bottleneck_ae_q32,1,17,2281,0.024898484914640005,91612
20260626,bottleneck_ae_q32,1,18,2604,0.02842422390079902,91612
20260626,bottleneck_ae_q32,1,19,3639,0.039721870497314765,91612
20260626,bottleneck_ae_q32,1,20,3626,0.0395799676898223,91612
20260626,bottleneck_ae_q32,1,21,4593,0.05013535344714666,91612
20260626,bottleneck_ae_q32,1,22,2613,0.028522464305986116,91612
20260626,bottleneck_ae_q32,1,23,2579,0.02815133388639043,91612
20260626,bottleneck_ae_q32,1,24,2310,0.02521503733135397,91612
20260626,bottleneck_ae_q32,1,25,2366,0.02582631096362922,91612
20260626,bottleneck_ae_q32,1,26,2394,0.026131947779766844,91612
20260626,bottleneck_ae_q32,1,27,2270,0.02477841330830022,91612
20260626,bottleneck_ae_q32,1,28,2337,0.02550975854691525,91612
20260626,bottleneck_ae_q32,1,29,2295,0.025051303322708815,91612
20260626,bottleneck_ae_q32,1,30,2327,0.025400602541151816,91612
20260626,bottleneck_ae_q32,1,31,2258,0.0246474261013841,91612
20260626,bottleneck_ae_q32,2,0,4340,0.03679400444240975,117954
20260626,bottleneck_ae_q32,2,1,4390,0.03721789850280618,117954
20260626,bottleneck_ae_q32,2,2,2830,0.023992403818437695,117954
20260626,bottleneck_ae_q32,2,3,2889,0.024492598809705477,117954
20260626,bottleneck_ae_q32,2,4,2905,0.024628244909032336,117954
20260626,bottleneck_ae_q32,2,5,2863,0.02427217389829934,117954
20260626,bottleneck_ae_q32,2,6,3988,0.03380979025721892,117954
20260626,bottleneck_ae_q32,2,7,2962,0.02511148413788426,117954
20260626,bottleneck_ae_q32,2,8,4467,0.03787069535581668,117954
20260626,bottleneck_ae_q32,2,9,4490,0.03806568662359903,117954
20260626,bottleneck_ae_q32,2,10,2952,0.025026705325804977,117954
20260626,bottleneck_ae_q32,2,11,2919,0.024746935245943333,117954
20260626,bottleneck_ae_q32,2,12,2960,0.025094528375468404,117954
20260626,bottleneck_ae_q32,2,13,3016,0.0255692897231124,117954
20260626,bottleneck_ae_q32,2,14,4018,0.03406412669345677,117954
20260626,bottleneck_ae_q32,2,15,2911,0.024679112196279905,117954
20260626,bottleneck_ae_q32,2,16,4315,0.03658205741221154,117954
20260626,bottleneck_ae_q32,2,17,4420,0.03747223493904404,117954
20260626,bottleneck_ae_q32,2,18,3027,0.025662546416399614,117954
20260626,bottleneck_ae_q32,2,19,2966,0.025145395662715973,117954
20260626,bottleneck_ae_q32,2,20,2888,0.02448412092849755,117954
20260626,bottleneck_ae_q32,2,21,2995,0.0253912542177459,117954
20260626,bottleneck_ae_q32,2,22,3955,0.033530020177357275,117954
20260626,bottleneck_ae_q32,2,23,2946,0.024975838038557404,117954
20260626,bottleneck_ae_q32,2,24,4481,0.037989385692727674,117954
20260626,bottleneck_ae_q32,2,25,4413,0.037412889770588535,117954
20260626,bottleneck_ae_q32,2,26,4382,0.03715007545314275,117954
20260626,bottleneck_ae_q32,2,27,4496,0.038116553910846604,117954
20260626,bottleneck_ae_q32,2,28,4461,0.0378198280685691,117954
20260626,bottleneck_ae_q32,2,29,4438,0.037624836800786744,117954
20260626,bottleneck_ae_q32,2,30,4432,0.037573969513539175,117954
20260626,bottleneck_ae_q32,2,31,4439,0.03763331468199468,117954
20260626,bottleneck_ae_q32,3,0,902,0.020674796002567157,43628
20260626,bottleneck_ae_q32,3,1,981,0.022485559732282022,43628
20260626,bottleneck_ae_q32,3,2,1693,0.03880535435958559,43628
20260626,bottleneck_ae_q32,3,3,1651,0.037842669845053634,43628
20260626,bottleneck_ae_q32,3,4,1729,0.039630512514898686,43628
20260626,bottleneck_ae_q32,3,5,1660,0.03804895938388191,43628
20260626,bottleneck_ae_q32,3,6,1633,0.03743009076739708,43628
20260626,bottleneck_ae_q32,3,7,1656,0.037957275144402676,43628
20260626,bottleneck_ae_q32,3,8,925,0.02120198037957275,43628
20260626,bottleneck_ae_q32,3,9,941,0.021568717337489687,43628
20260626,bottleneck_ae_q32,3,10,1661,0.03807188044375172,43628
20260626,bottleneck_ae_q32,3,11,1703,0.03903456495828367,43628
20260626,bottleneck_ae_q32,3,12,1645,0.037705143485834786,43628
20260626,bottleneck_ae_q32,3,13,1704,0.03905748601815348,43628
20260626,bottleneck_ae_q32,3,14,1653,0.03788851196479325,43628
20260626,bottleneck_ae_q32,3,15,1677,0.03843861740166865,43628
20260626,bottleneck_ae_q32,3,16,1071,0.024548455120564774,43628
20260626,bottleneck_ae_q32,3,17,984,0.022554322911891446,43628
20260626,bottleneck_ae_q32,3,18,1664,0.03814064362336114,43628
20260626,bottleneck_ae_q32,3,19,1678,0.038461538461538464,43628
20260626,bottleneck_ae_q32,3,20,1661,0.03807188044375172,43628
20260626,bottleneck_ae_q32,3,21,1695,0.0388511964793252,43628
20260626,bottleneck_ae_q32,3,22,1703,0.03903456495828367,43628
20260626,bottleneck_ae_q32,3,23,1661,0.03807188044375172,43628
20260626,bottleneck_ae_q32,3,24,957,0.02193545429540662,43628
20260626,bottleneck_ae_q32,3,25,993,0.02276061245071972,43628
20260626,bottleneck_ae_q32,3,26,1018,0.02333363894746493,43628
20260626,bottleneck_ae_q32,3,27,942,0.021591638397359492,43628
20260626,bottleneck_ae_q32,3,28,960,0.022004217475016043,43628
20260626,bottleneck_ae_q32,3,29,951,0.021797927936187768,43628
20260626,bottleneck_ae_q32,3,30,941,0.021568717337489687,43628
20260626,bottleneck_ae_q32,3,31,935,0.021431190978270835,43628
20260626,sae_l1_4x,0,0,2804,0.032013517833493176,87588
20260626,sae_l1_4x,0,1,2739,0.03127140704206056,87588
20260626,sae_l1_4x,0,2,2894,0.03304105585239987,87588
20260626,sae_l1_4x,0,3,3808,0.043476275288852353,87588
20260626,sae_l1_4x,0,4,1741,0.019877152121295153,87588
20260626,sae_l1_4x,0,5,2808,0.032059186189889025,87588
20260626,sae_l1_4x,0,6,2769,0.031613919715029457,87588
20260626,sae_l1_4x,0,7,2764,0.03155683426953464,87588
20260626,sae_l1_4x,0,8,2585,0.029513175320820203,87588
20260626,sae_l1_4x,0,9,2634,0.030072612686669407,87588
20260626,sae_l1_4x,0,10,2693,0.03074622094350824,87588
20260626,sae_l1_4x,0,11,3825,0.04367036580353473,87588
20260626,sae_l1_4x,0,12,1755,0.020036991368680642,87588
20260626,sae_l1_4x,0,13,2782,0.03176234187331598,87588
20260626,sae_l1_4x,0,14,2827,0.03227611088276933,87588
20260626,sae_l1_4x,0,15,2787,0.031819427318810795,87588
20260626,sae_l1_4x,0,16,2775,0.031682422249623234,87588
20260626,sae_l1_4x,0,17,2609,0.029787185459195325,87588
20260626,sae_l1_4x,0,18,2815,0.03213910581358177,87588
20260626,sae_l1_4x,0,19,3841,0.043853039229118145,87588
20260626,sae_l1_4x,0,20,1818,0.020756267981915332,87588
20260626,sae_l1_4x,0,21,2820,0.032196191259076586,87588
20260626,sae_l1_4x,0,22,2782,0.03176234187331598,87588
20260626,sae_l1_4x,0,23,2811,0.03209343745718592,87588
20260626,sae_l1_4x,0,24,2667,0.030449376626935195,87588
20260626,sae_l1_4x,0,25,2615,0.029855687993789102,87588
20260626,sae_l1_4x,0,26,2690,0.030711969676211353,87588
20260626,sae_l1_4x,0,27,2606,0.029752934191898433,87588
20260626,sae_l1_4x,0,28,2612,0.029821436726492213,87588
20260626,sae_l1_4x,0,29,2675,0.030540713339726903,87588
20260626,sae_l1_4x,0,30,2599,0.029673014568205692,87588
20260626,sae_l1_4x,0,31,2638,0.03011828104306526,87588
20260626,sae_l1_4x,1,0,2477,0.027025552621816832,91654
20260626,sae_l1_4x,1,1,2596,0.028323913849913805,91654
20260626,sae_l1_4x,1,2,2764,0.03015689440722718,91654
20260626,sae_l1_4x,1,3,2794,0.030484212363890283,91654
20260626,sae_l1_4x,1,4,4811,0.05249088965020621,91654
20260626,sae_l1_4x,1,5,3762,0.04104567176555306,91654
20260626,sae_l1_4x,1,6,2770,0.030222357998559803,91654
20260626,sae_l1_4x,1,7,1751,0.019104458070569753,91654
20260626,sae_l1_4x,1,8,2551,0.027832936914919153,91654
20260626,sae_l1_4x,1,9,2637,0.02877124839068671,91654
20260626,sae_l1_4x,1,10,2807,0.03062605014511096,91654
20260626,sae_l1_4x,1,11,2751,0.030015056626006502,91654
20260626,sae_l1_4x,1,12,4869,0.05312370436642154,91654
20260626,sae_l1_4x,1,13,3761,0.04103476116699762,91654
20260626,sae_l1_4x,1,14,2701,0.029469526698234664,91654
20260626,sae_l1_4x,1,15,1755,0.019148100464791498,91654
20260626,sae_l1_4x,1,16,2636,0.028760337792131278,91654
20260626,sae_l1_4x,1,17,2532,0.027625635542365853,91654
20260626,sae_l1_4x,1,18,2701,0.029469526698234664,91654
20260626,sae_l1_4x,1,19,2713,0.029600453880899907,91654
20260626,sae_l1_4x,1,20,4761,0.05194535972243437,91654
20260626,sae_l1_4x,1,21,3741,0.04081654919588889,91654
20260626,sae_l1_4x,1,22,2776,0.030287821589892423,91654
20260626,sae_l1_4x,1,23,1710,0.018657123529796843,91654
20260626,sae_l1_4x,1,24,2520,0.027494708359700613,91654
20260626,sae_l1_4x,1,25,2650,0.028913086171907392,91654
20260626,sae_l1_4x,1,26,2556,0.027887489907696336,91654
20260626,sae_l1_4x,1,27,2602,0.028389377441246425,91654
20260626,sae_l1_4x,1,28,2580,0.02814934427302682,91654
20260626,sae_l1_4x,1,29,2452,0.026752787657930915,91654
20260626,sae_l1_4x,1,30,2590,0.028258450258581185,91654
20260626,sae_l1_4x,1,31,2577,0.028116612477360508,91654
20260626,sae_l1_4x,2,0,2914,0.030855569673867007,94440
20260626,sae_l1_4x,2,1,2901,0.030717916137229986,94440
20260626,sae_l1_4x,2,2,3968,0.042016094875052944,94440
20260626,sae_l1_4x,2,3,2972,0.03146971622193986,94440
20260626,sae_l1_4x,2,4,2011,0.02129394324438797,94440
20260626,sae_l1_4x,2,5,1943,0.02057390936044049,94440
20260626,sae_l1_4x,2,6,2901,0.030717916137229986,94440
20260626,sae_l1_4x,2,7,3952,0.041846675137653534,94440
20260626,sae_l1_4x,2,8,2953,0.03126853028377806,94440
20260626,sae_l1_4x,2,9,2930,0.031024989411266413,94440
20260626,sae_l1_4x,2,10,4033,0.042704362558238035,94440
20260626,sae_l1_4x,2,11,2943,0.03116264294790343,94440
20260626,sae_l1_4x,2,12,1915,0.02027742481999153,94440
20260626,sae_l1_4x,2,13,1935,0.020489199491740787,94440
20260626,sae_l1_4x,2,14,2970,0.03144853875476493,94440
20260626,sae_l1_4x,2,15,4022,0.04258788648877594,94440
20260626,sae_l1_4x,2,16,2824,0.02990258365099534,94440
20260626,sae_l1_4x,2,17,2963,0.03137441761965269,94440
20260626,sae_l1_4x,2,18,4014,0.04250317662007624,94440
20260626,sae_l1_4x,2,19,2992,0.031681490893689115,94440
20260626,sae_l1_4x,2,20,1956,0.02071156289707751,94440
20260626,sae_l1_4x,2,21,1948,0.020626853028377808,94440
20260626,sae_l1_4x,2,22,2928,0.031003811944091488,94440
20260626,sae_l1_4x,2,23,4022,0.04258788648877594,94440
20260626,sae_l1_4x,2,24,2927,0.030993223210504024,94440
20260626,sae_l1_4x,2,25,2942,0.031152054214315966,94440
20260626,sae_l1_4x,2,26,2892,0.03062261753494282,94440
20260626,sae_l1_4x,2,27,2929,0.03101440067767895,94440
20260626,sae_l1_4x,2,28,2895,0.03065438373570521,94440
20260626,sae_l1_4x,2,29,3023,0.03200974163490047,94440
20260626,sae_l1_4x,2,30,2934,0.031067344345616265,94440
20260626,sae_l1_4x,2,31,2988,0.03163913595933926,94440
20260626,sae_l1_4x,3,0,4093,0.03424130372948282,119534
20260626,sae_l1_4x,3,1,4052,0.03389830508474576,119534
20260626,sae_l1_4x,3,2,2662,0.022269814446099018,119534
20260626,sae_l1_4x,3,3,2714,0.022704837117472853,119534
20260626,sae_l1_4x,3,4,3725,0.031162681747452608,119534
20260626,sae_l1_4x,3,5,3775,0.03158097277761976,119534
20260626,sae_l1_4x,3,6,3848,0.0321916776816638,119534
20260626,sae_l1_4x,3,7,3821,0.03196580052537353,119534
20260626,sae_l1_4x,3,8,4199,0.03512808071343718,119534
20260626,sae_l1_4x,3,9,4087,0.03419110880586277,119534
20260626,sae_l1_4x,3,10,2755,0.023047835762209916,119534
20260626,sae_l1_4x,3,11,2769,0.023164957250656718,119534
20260626,sae_l1_4x,3,12,3749,0.03136346144193284,119534
20260626,sae_l1_4x,3,13,3810,0.03187377649873676,119534
20260626,sae_l1_4x,3,14,3790,0.0317064600866699,119534
20260626,sae_l1_4x,3,15,3724,0.031154315926849266,119534
20260626,sae_l1_4x,3,16,4053,0.03390667090534911,119534
20260626,sae_l1_4x,3,17,4184,0.035002593404387036,119534
20260626,sae_l1_4x,3,18,2758,0.023072933224019945,119534
20260626,sae_l1_4x,3,19,2742,0.022939080094366456,119534
20260626,sae_l1_4x,3,20,3753,0.03139692472434621,119534
20260626,sae_l1_4x,3,21,3779,0.03161443606003313,119534
20260626,sae_l1_4x,3,22,3802,0.03180684993391002,119534
20260626,sae_l1_4x,3,23,3745,0.031329998159519465,119534
20260626,sae_l1_4x,3,24,4174,0.03491893519835361,119534
20260626,sae_l1_4x,3,25,4081,0.03414091388224271,119534
20260626,sae_l1_4x,3,26,4150,0.034718155503873374,119534
20260626,sae_l1_4x,3,27,4151,0.03472652132447672,119534
20260626,sae_l1_4x,3,28,4201,0.03514481235464387,119534
20260626,sae_l1_4x,3,29,4138,0.034617765656633256,119534
20260626,sae_l1_4x,3,30,4165,0.03484364281292352,119534
20260626,sae_l1_4x,3,31,4085,0.03417437716465608,119534
20260626,sae_topk_4x,0,4,1024,0.1111111111111111,9216
20260626,sae_topk_4x,0,6,1024,0.1111111111111111,9216
20260626,sae_topk_4x,0,7,1024,0.1111111111111111,9216
20260626,sae_topk_4x,0,12,1024,0.1111111111111111,9216
20260626,sae_topk_4x,0,14,1024,0.1111111111111111,9216
20260626,sae_topk_4x,0,15,1024,0.1111111111111111,9216
20260626,sae_topk_4x,0,20,1024,0.1111111111111111,9216
20260626,sae_topk_4x,0,22,1024,0.1111111111111111,9216
20260626,sae_topk_4x,0,23,1024,0.1111111111111111,9216
20260626,sae_topk_4x,1,4,1024,0.16666666666666666,6144
20260626,sae_topk_4x,1,5,1024,0.16666666666666666,6144
20260626,sae_topk_4x,1,12,1024,0.16666666666666666,6144
20260626,sae_topk_4x,1,13,1024,0.16666666666666666,6144
20260626,sae_topk_4x,1,20,1024,0.16666666666666666,6144
20260626,sae_topk_4x,1,21,1024,0.16666666666666666,6144
20260626,sae_topk_4x,2,3,1024,0.16666666666666666,6144
20260626,sae_topk_4x,2,7,1024,0.16666666666666666,6144
20260626,sae_topk_4x,2,11,1024,0.16666666666666666,6144
20260626,sae_topk_4x,2,15,1024,0.16666666666666666,6144
20260626,sae_topk_4x,2,19,1024,0.16666666666666666,6144
20260626,sae_topk_4x,2,23,1024,0.16666666666666666,6144
20260626,sae_topk_4x,3,0,12288,0.03305785123966942,371712
20260626,sae_topk_4x,3,1,12288,0.03305785123966942,371712
20260626,sae_topk_4x,3,2,12288,0.03305785123966942,371712
20260626,sae_topk_4x,3,3,11264,0.030303030303030304,371712
20260626,sae_topk_4x,3,4,10240,0.027548209366391185,371712
20260626,sae_topk_4x,3,5,11264,0.030303030303030304,371712
20260626,sae_topk_4x,3,6,11264,0.030303030303030304,371712
20260626,sae_topk_4x,3,7,10240,0.027548209366391185,371712
20260626,sae_topk_4x,3,8,12288,0.03305785123966942,371712
20260626,sae_topk_4x,3,9,12288,0.03305785123966942,371712
20260626,sae_topk_4x,3,10,12288,0.03305785123966942,371712
20260626,sae_topk_4x,3,11,11264,0.030303030303030304,371712
20260626,sae_topk_4x,3,12,10240,0.027548209366391185,371712
20260626,sae_topk_4x,3,13,11264,0.030303030303030304,371712
20260626,sae_topk_4x,3,14,11264,0.030303030303030304,371712
20260626,sae_topk_4x,3,15,10240,0.027548209366391185,371712
20260626,sae_topk_4x,3,16,12288,0.03305785123966942,371712
20260626,sae_topk_4x,3,17,12288,0.03305785123966942,371712
20260626,sae_topk_4x,3,18,12288,0.03305785123966942,371712
20260626,sae_topk_4x,3,19,11264,0.030303030303030304,371712
20260626,sae_topk_4x,3,20,10240,0.027548209366391185,371712
20260626,sae_topk_4x,3,21,11264,0.030303030303030304,371712
20260626,sae_topk_4x,3,22,11264,0.030303030303030304,371712
20260626,sae_topk_4x,3,23,10240,0.027548209366391185,371712
20260626,sae_topk_4x,3,24,12288,0.03305785123966942,371712
20260626,sae_topk_4x,3,25,12288,0.03305785123966942,371712
20260626,sae_topk_4x,3,26,12288,0.03305785123966942,371712
20260626,sae_topk_4x,3,27,12288,0.03305785123966942,371712
20260626,sae_topk_4x,3,28,12288,0.03305785123966942,371712
20260626,sae_topk_4x,3,29,12288,0.03305785123966942,371712
20260626,sae_topk_4x,3,30,12288,0.03305785123966942,371712
20260626,sae_topk_4x,3,31,12288,0.03305785123966942,371712
20260626,sae_l1_8x,0,0,4149,0.03734372609200472,111103
20260626,sae_l1_8x,0,1,4113,0.03701970243827799,111103
20260626,sae_l1_8x,0,2,3788,0.03409448889768953,111103
20260626,sae_l1_8x,0,3,2683,0.02414876285968876,111103
20260626,sae_l1_8x,0,4,3757,0.033815468529202634,111103
20260626,sae_l1_8x,0,5,2706,0.02435577797179194,111103
20260626,sae_l1_8x,0,6,2721,0.02449078782751141,111103
20260626,sae_l1_8x,0,7,2713,0.024418782571127694,111103
20260626,sae_l1_8x,0,8,4002,0.03602062950595394,111103
20260626,sae_l1_8x,0,9,4100,0.03690269389665445,111103
20260626,sae_l1_8x,0,10,3742,0.03368045867348316,111103
20260626,sae_l1_8x,0,11,2649,0.023842740520057963,111103
20260626,sae_l1_8x,0,12,3697,0.033275429106324764,111103
20260626,sae_l1_8x,0,13,2690,0.024211767459024508,111103
20260626,sae_l1_8x,0,14,2655,0.023896744462345753,111103
20260626,sae_l1_8x,0,15,2673,0.024058756289209112,111103
20260626,sae_l1_8x,0,16,3920,0.03528257562802085,111103
20260626,sae_l1_8x,0,17,4020,0.036182641332817296,111103
20260626,sae_l1_8x,0,18,3628,0.03265438377001521,111103
20260626,sae_l1_8x,0,19,2691,0.024220768116072475,111103
20260626,sae_l1_8x,0,20,3664,0.03297840742374193,111103
20260626,sae_l1_8x,0,21,2654,0.023887743805297786,111103
20260626,sae_l1_8x,0,22,2738,0.024643798997326806,111103
20260626,sae_l1_8x,0,23,2679,0.0241127602314969,111103
20260626,sae_l1_8x,0,24,3951,0.035561595996507746,111103
20260626,sae_l1_8x,0,25,4062,0.03656066892883181,111103
20260626,sae_l1_8x,0,26,3969,0.035723607823371105,111103
20260626,sae_l1_8x,0,27,4010,0.03609263476233765,111103
20260626,sae_l1_8x,0,28,4000,0.036002628191858004,111103
20260626,sae_l1_8x,0,29,4128,0.037154712293997465,111103
20260626,sae_l1_8x,0,30,4083,0.03674968272683906,111103
20260626,sae_l1_8x,0,31,4068,0.036614672871119594,111103
20260626,sae_l1_8x,1,0,2955,0.029299779879826283,100854
20260626,sae_l1_8x,1,1,2940,0.029151050032720567,100854
20260626,sae_l1_8x,1,2,3974,0.03940349415987467,100854
20260626,sae_l1_8x,1,3,1950,0.019334880123743233,100854
20260626,sae_l1_8x,1,4,1944,0.019275388184900946,100854
20260626,sae_l1_8x,1,5,4000,0.03966129256152458,100854
20260626,sae_l1_8x,1,6,2955,0.029299779879826283,100854
20260626,sae_l1_8x,1,7,4983,0.04940805520851924,100854
20260626,sae_l1_8x,1,8,2953,0.029279949233545523,100854
20260626,sae_l1_8x,1,9,2890,0.028655283875701508,100854
20260626,sae_l1_8x,1,10,3942,0.03908620381938247,100854
20260626,sae_l1_8x,1,11,2009,0.01991988418902572,100854
20260626,sae_l1_8x,1,12,2007,0.019900053542744957,100854
20260626,sae_l1_8x,1,13,3995,0.039611715945822676,100854
20260626,sae_l1_8x,1,14,2994,0.02968647748230115,100854
20260626,sae_l1_8x,1,15,4994,0.049517123763063435,100854
20260626,sae_l1_8x,1,16,2946,0.029210541971562854,100854
20260626,sae_l1_8x,1,17,2926,0.02901223550875523,100854
20260626,sae_l1_8x,1,18,4067,0.04032561921193012,100854
20260626,sae_l1_8x,1,19,1911,0.01894818252126837,100854
20260626,sae_l1_8x,1,20,1986,0.019691831756796955,100854
20260626,sae_l1_8x,1,21,4031,0.0399686675788764,100854
20260626,sae_l1_8x,1,22,2974,0.029488171019493525,100854
20260626,sae_l1_8x,1,23,5077,0.05034009558371507,100854
20260626,sae_l1_8x,1,24,2971,0.02945842505007238,100854
20260626,sae_l1_8x,1,25,2917,0.0289229976004918,100854
20260626,sae_l1_8x,1,26,2940,0.029151050032720567,100854
20260626,sae_l1_8x,1,27,2966,0.029408848434370475,100854
20260626,sae_l1_8x,1,28,2905,0.028804013722807227,100854
20260626,sae_l1_8x,1,29,2868,0.028437146766613124,100854
20260626,sae_l1_8x,1,30,2941,0.02916096535586095,100854
20260626,sae_l1_8x,1,31,2943,0.02918079600214171,100854
20260626,sae_l1_8x,2,0,2668,0.02669548338036061,99942
20260626,sae_l1_8x,2,1,2700,0.02701566908807108,99942
20260626,sae_l1_8x,2,2,2799,0.028006243621300355,99942
20260626,sae_l1_8x,2,3,4905,0.0490784655099958,99942
20260626,sae_l1_8x,2,4,3887,0.038892557683456404,99942
20260626,sae_l1_8x,2,5,2869,0.02870664985691701,99942
20260626,sae_l1_8x,2,6,3881,0.03883252286326069,99942
20260626,sae_l1_8x,2,7,1843,0.018440695603450002,99942
20260626,sae_l1_8x,2,8,2801,0.02802625522803226,99942
20260626,sae_l1_8x,2,9,2757,0.02758599987993036,99942
20260626,sae_l1_8x,2,10,2924,0.029256969042044386,99942
20260626,sae_l1_8x,2,11,4993,0.049958976206199594,99942
20260626,sae_l1_8x,2,12,3874,0.038762482239699025,99942
20260626,sae_l1_8x,2,13,2909,0.029106881991555103,99942
20260626,sae_l1_8x,2,14,3912,0.03914270276760521,99942
20260626,sae_l1_8x,2,15,1834,0.01835064337315643,99942
20260626,sae_l1_8x,2,16,2829,0.02830641772227892,99942
20260626,sae_l1_8x,2,17,2804,0.028056272638130115,99942
20260626,sae_l1_8x,2,18,2869,0.02870664985691701,99942
20260626,sae_l1_8x,2,19,4911,0.04913850033019151,99942
20260626,sae_l1_8x,2,20,3922,0.03924276080126474,99942
20260626,sae_l1_8x,2,21,2914,0.029156911008384863,99942
20260626,sae_l1_8x,2,22,3941,0.039432871065217825,99942
20260626,sae_l1_8x,2,23,1812,0.01813051569910548,99942
20260626,sae_l1_8x,2,24,2794,0.02795621460447059,99942
20260626,sae_l1_8x,2,25,2766,0.02767605211022393,99942
20260626,sae_l1_8x,2,26,2836,0.02837645834584059,99942
20260626,sae_l1_8x,2,27,2768,0.027696063716955835,99942
20260626,sae_l1_8x,2,28,2830,0.028316423525644875,99942
20260626,sae_l1_8x,2,29,2771,0.02772608112705369,99942
20260626,sae_l1_8x,2,30,2799,0.028006243621300355,99942
20260626,sae_l1_8x,2,31,2820,0.028216365491985352,99942
20260626,sae_l1_8x,3,0,2516,0.03094063971863202,81317
20260626,sae_l1_8x,3,1,2535,0.031174293198224234,81317
20260626,sae_l1_8x,3,2,1727,0.02123787153977643,81317
20260626,sae_l1_8x,3,3,2750,0.03381826678308349,81317
20260626,sae_l1_8x,3,4,2700,0.033203389205209245,81317
20260626,sae_l1_8x,3,5,2713,0.03336325737545655,81317
20260626,sae_l1_8x,3,6,2731,0.03358461330349127,81317
20260626,sae_l1_8x,3,7,2749,0.033805969231526005,81317
20260626,sae_l1_8x,3,8,2532,0.03113740054355178,81317
20260626,sae_l1_8x,3,9,2541,0.03124807850756914,81317
20260626,sae_l1_8x,3,10,1680,0.02065988661657464,81317
20260626,sae_l1_8x,3,11,2637,0.032428643457087694,81317
20260626,sae_l1_8x,3,12,2710,0.03332636472078409,81317
20260626,sae_l1_8x,3,13,2694,0.033129603895864335,81317
20260626,sae_l1_8x,3,14,2727,0.03353542309726133,81317
20260626,sae_l1_8x,3,15,2787,0.03427327619071043,81317
20260626,sae_l1_8x,3,16,2593,0.031887551188558357,81317
20260626,sae_l1_8x,3,17,2538,0.03121118585289669,81317
20260626,sae_l1_8x,3,18,1724,0.021200978885103975,81317
20260626,sae_l1_8x,3,19,2775,0.03412570557202061,81317
20260626,sae_l1_8x,3,20,2716,0.033400150030129,81317
20260626,sae_l1_8x,3,21,2689,0.033068116138076906,81317
20260626,sae_l1_8x,3,22,2635,0.032404048353972724,81317
20260626,sae_l1_8x,3,23,2720,0.03344934023635894,81317
20260626,sae_l1_8x,3,24,2572,0.03162930260585117,81317
20260626,sae_l1_8x,3,25,2543,0.031272673610684115,81317
20260626,sae_l1_8x,3,26,2543,0.031272673610684115,81317
20260626,sae_l1_8x,3,27,2544,0.0312849711622416,81317
20260626,sae_l1_8x,3,28,2553,0.03139564912625896,81317
20260626,sae_l1_8x,3,29,2521,0.031002127476419446,81317
20260626,sae_l1_8x,3,30,2465,0.03031346458920029,81317
20260626,sae_l1_8x,3,31,2457,0.03021508417674041,81317
20260626,sae_topk_8x,0,4,1024,0.16666666666666666,6144
20260626,sae_topk_8x,0,5,1024,0.16666666666666666,6144
20260626,sae_topk_8x,0,12,1024,0.16666666666666666,6144
20260626,sae_topk_8x,0,13,1024,0.16666666666666666,6144
20260626,sae_topk_8x,0,20,1024,0.16666666666666666,6144
20260626,sae_topk_8x,0,21,1024,0.16666666666666666,6144
20260626,sae_topk_8x,1,5,1024,0.3333333333333333,3072
20260626,sae_topk_8x,1,13,1024,0.3333333333333333,3072
20260626,sae_topk_8x,1,21,1024,0.3333333333333333,3072
20260626,sae_topk_8x,2,0,12173,0.03227790873728227,377131
20260626,sae_topk_8x,2,1,12156,0.03223283156250746,377131
20260626,sae_topk_8x,2,2,11161,0.029594491038922813,377131
20260626,sae_topk_8x,2,3,12192,0.032328289109089414,377131
20260626,sae_topk_8x,2,4,11169,0.02961570382705214,377131
20260626,sae_topk_8x,2,5,10128,0.026855389771723883,377131
20260626,sae_topk_8x,2,6,12196,0.03233889550315407,377131
20260626,sae_topk_8x,2,7,12184,0.03230707632096009,377131
20260626,sae_topk_8x,2,8,12131,0.03216654159960332,377131
20260626,sae_topk_8x,2,9,12132,0.032169193198119485,377131
20260626,sae_topk_8x,2,10,11148,0.029560020258212662,377131
20260626,sae_topk_8x,2,11,12180,0.03229646992689543,377131
20260626,sae_topk_8x,2,12,11169,0.02961570382705214,377131
20260626,sae_topk_8x,2,13,10146,0.026903118545014863,377131
20260626,sae_topk_8x,2,14,12194,0.03233359230612175,377131
20260626,sae_topk_8x,2,15,12176,0.032285863532830764,377131
20260626,sae_topk_8x,2,16,12116,0.03212676762186084,377131
20260626,sae_topk_8x,2,17,12149,0.0322142703728943,377131
20260626,sae_topk_8x,2,18,11176,0.029634265016665298,377131
20260626,sae_topk_8x,2,19,12199,0.03234685029870257,377131
20260626,sae_topk_8x,2,20,11168,0.029613052228535972,377131
20260626,sae_topk_8x,2,21,10158,0.026934937727208848,377131
20260626,sae_topk_8x,2,22,12205,0.032362759889799565,377131
20260626,sae_topk_8x,2,23,12186,0.03231237951799242,377131
20260626,sae_topk_8x,2,24,12140,0.03219040598624881,377131
20260626,sae_topk_8x,2,25,12148,0.032211618774378135,377131
20260626,sae_topk_8x,2,26,12153,0.03222487676695896,377131
20260626,sae_topk_8x,2,27,12155,0.032230179963991294,377131
20260626,sae_topk_8x,2,28,12126,0.03215328360702249,377131
20260626,sae_topk_8x,2,29,12163,0.03225139275212061,377131
20260626,sae_topk_8x,2,30,12122,0.03214267721295783,377131
20260626,sae_topk_8x,2,31,12132,0.032169193198119485,377131
20260626,sae_topk_8x,3,0,115,0.01674188382588441,6869
20260626,sae_topk_8x,3,1,132,0.019216771000145582,6869
20260626,sae_topk_8x,3,2,1127,0.1640704614936672,6869
20260626,sae_topk_8x,3,3,96,0.013975833454651332,6869
20260626,sae_topk_8x,3,4,95,0.01383025185616538,6869
20260626,sae_topk_8x,3,5,112,0.016305139030426553,6869
20260626,sae_topk_8x,3,6,92,0.013393507060707526,6869
20260626,sae_topk_8x,3,7,104,0.015140486242538944,6869
20260626,sae_topk_8x,3,8,157,0.022856310962294367,6869
20260626,sae_topk_8x,3,9,156,0.022710729363808413,6869
20260626,sae_topk_8x,3,10,1140,0.16596302227398457,6869
20260626,sae_topk_8x,3,11,108,0.015722812636482748,6869
20260626,sae_topk_8x,3,12,95,0.01383025185616538,6869
20260626,sae_topk_8x,3,13,94,0.01368467025767943,6869
20260626,sae_topk_8x,3,14,94,0.01368467025767943,6869
20260626,sae_topk_8x,3,15,112,0.016305139030426553,6869
20260626,sae_topk_8x,3,16,172,0.025040034939583636,6869
20260626,sae_topk_8x,3,17,139,0.020235842189547243,6869
20260626,sae_topk_8x,3,18,1112,0.16188673751637794,6869
20260626,sae_topk_8x,3,19,89,0.012956762265249673,6869
20260626,sae_topk_8x,3,20,96,0.013975833454651332,6869
20260626,sae_topk_8x,3,21,82,0.011937691075848012,6869
20260626,sae_topk_8x,3,22,83,0.012083272674333964,6869
20260626,sae_topk_8x,3,23,102,0.01484932304556704,6869
20260626,sae_topk_8x,3,24,148,0.021546076575920805,6869
20260626,sae_topk_8x,3,25,140,0.020381423788033193,6869
20260626,sae_topk_8x,3,26,135,0.019653515795603437,6869
20260626,sae_topk_8x,3,27,133,0.019362352598631533,6869
20260626,sae_topk_8x,3,28,162,0.023584218954724123,6869
20260626,sae_topk_8x,3,29,125,0.01819769981074392,6869
20260626,sae_topk_8x,3,30,166,0.02416654534866793,6869
20260626,sae_topk_8x,3,31,156,0.022710729363808413,6869
20260628,all_position,0,0,1509,0.021756369036462463,69359
20260628,all_position,0,1,1483,0.021381507807205987,69359
20260628,all_position,0,2,4039,0.05823325019103505,69359
20260628,all_position,0,3,3064,0.044175954093917155,69359
20260628,all_position,0,4,3041,0.04384434608342104,69359
20260628,all_position,0,5,2002,0.028864314652748743,69359
20260628,all_position,0,6,1029,0.014835854034804424,69359
20260628,all_position,0,7,3053,0.04401735895846249,69359
20260628,all_position,0,8,1453,0.020948975619602357,69359
20260628,all_position,0,9,1449,0.02089130466125521,69359
20260628,all_position,0,10,4059,0.0585216049827708,69359
20260628,all_position,0,11,3042,0.04385876382300783,69359
20260628,all_position,0,12,3055,0.04404619443763607,69359
20260628,all_position,0,13,2013,0.029022909788203405,69359
20260628,all_position,0,14,964,0.01389870096166323,69359
20260628,all_position,0,15,3040,0.04382992834383426,69359
20260628,all_position,0,16,1517,0.021871710953156764,69359
20260628,all_position,0,17,1453,0.020948975619602357,69359
20260628,all_position,0,18,4111,0.05927132744128376,69359
20260628,all_position,0,19,3019,0.043527155812511716,69359
20260628,all_position,0,20,3066,0.04420478957309073,69359
20260628,all_position,0,21,2040,0.02941218875704667,69359
20260628,all_position,0,22,999,0.014403321847200796,69359
20260628,all_position,0,23,3050,0.04397410573970213,69359
20260628,all_position,0,24,1502,0.02165544485935495,69359
20260628,all_position,0,25,1450,0.020905722400841997,69359
20260628,all_position,0,26,1452,0.02093455788001557,69359
20260628,all_position,0,27,1482,0.0213670900676192,69359
20260628,all_position,0,28,1470,0.021194077192577748,69359
20260628,all_position,0,29,1470,0.021194077192577748,69359
20260628,all_position,0,30,1448,0.02087688692166842,69359
20260628,all_position,0,31,1535,0.02213123026571894,69359
20260628,all_position,1,0,4263,0.03473959564186353,122713
20260628,all_position,1,1,4272,0.03481293750458387,122713
20260628,all_position,1,2,2849,0.023216774098913727,122713
20260628,all_position,1,3,3814,0.03108065160170479,122713
20260628,all_position,1,4,3899,0.03177332474961903,122713
20260628,all_position,1,5,3926,0.03199335033778002,122713
20260628,all_position,1,6,3860,0.03145551001116426,122713
20260628,all_position,1,7,2820,0.022980450319037102,122713
20260628,all_position,1,8,4269,0.03478849021701042,122713
20260628,all_position,1,9,4225,0.034429929999266584,122713
20260628,all_position,1,10,2824,0.02301304670246836,122713
20260628,all_position,1,11,3874,0.03156959735317367,122713
20260628,all_position,1,12,3895,0.03174072836618777,122713
20260628,all_position,1,13,3859,0.03144736091530645,122713
20260628,all_position,1,14,3867,0.031512553682168966,122713
20260628,all_position,1,15,2794,0.022768573826733925,122713
20260628,all_position,1,16,4285,0.034918875750735455,122713
20260628,all_position,1,17,4271,0.03480478840872605,122713
20260628,all_position,1,18,2847,0.023200475907198096,122713
20260628,all_position,1,19,3871,0.03154515006560022,122713
20260628,all_position,1,20,3923,0.03196890305020658,122713
20260628,all_position,1,21,3843,0.031316975381581416,122713
20260628,all_position,1,22,3847,0.03134957176501267,122713
20260628,all_position,1,23,2769,0.022564846430288558,122713
20260628,all_position,1,24,4182,0.03407951887738055,122713
20260628,all_position,1,25,4199,0.0342180535069634,122713
20260628,all_position,1,26,4153,0.033843195097503935,122713
20260628,all_position,1,27,4182,0.03407951887738055,122713
20260628,all_position,1,28,4203,0.03425064989039466,122713
20260628,all_position,1,29,4299,0.03503296309274486,122713
20260628,all_position,1,30,4235,0.03451142095784473,122713
20260628,all_position,1,31,4294,0.034992217613455785,122713
20260628,all_position,2,0,3567,0.03410786001147447,104580
20260628,all_position,2,1,3544,0.03388793268311341,104580
20260628,all_position,2,2,2405,0.022996748900363358,104580
20260628,all_position,2,3,3361,0.03213807611397973,104580
20260628,all_position,2,4,2352,0.02248995983935743,104580
20260628,all_position,2,5,3358,0.032109389940715244,104580
20260628,all_position,2,6,3412,0.032625741059476,104580
20260628,all_position,2,7,3405,0.032558806655192195,104580
20260628,all_position,2,8,3522,0.03367756741250717,104580
20260628,all_position,2,9,3558,0.03402180149168101,104580
20260628,all_position,2,10,2367,0.02263339070567986,104580
20260628,all_position,2,11,3376,0.03228150698030216,104580
20260628,all_position,2,12,2382,0.022776821572002295,104580
20260628,all_position,2,13,3418,0.03268311340600497,104580
20260628,all_position,2,14,3338,0.03191814878561867,104580
20260628,all_position,2,15,3340,0.03193727290112832,104580
20260628,all_position,2,16,3506,0.03352457448842991,104580
20260628,all_position,2,17,3533,0.03378275004781029,104580
20260628,all_position,2,18,2348,0.022451711608338115,104580
20260628,all_position,2,19,3343,0.03196595907439281,104580
20260628,all_position,2,20,2300,0.02199273283610633,104580
20260628,all_position,2,21,3380,0.03231975521132148,104580
20260628,all_position,2,22,3425,0.03275004781028877,104580
20260628,all_position,2,23,3454,0.03302734748517881,104580
20260628,all_position,2,24,3581,0.034241728820042075,104580
20260628,all_position,2,25,3598,0.034404283801874165,104580
20260628,all_position,2,26,3596,0.034385159686364505,104580
20260628,all_position,2,27,3652,0.03492063492063492,104580
20260628,all_position,2,28,3561,0.0340504876649455,104580
20260628,all_position,2,29,3552,0.033964429145152034,104580
20260628,all_position,2,30,3572,0.03415567030024862,104580
20260628,all_position,2,31,3474,0.03321858864027539,104580
20260628,all_position,3,0,2949,0.030539331427861315,96564
20260628,all_position,3,1,2989,0.030953564475373844,96564
20260628,all_position,3,2,2995,0.031015699432500723,96564
20260628,all_position,3,3,2049,0.021219087858829377,96564
20260628,all_position,3,4,2996,0.03102605525868854,96564
20260628,all_position,3,5,3002,0.03108819021581542,96564
20260628,all_position,3,6,3987,0.041288679010811485,96564
20260628,all_position,3,7,3010,0.031171036825317924,96564
20260628,all_position,3,8,3044,0.03152313491570358,96564
20260628,all_position,3,9,3056,0.031647404829957336,96564
20260628,all_position,3,10,3038,0.031460999958576694,96564
20260628,all_position,3,11,1996,0.020670229070875273,96564
20260628,all_position,3,12,2956,0.030611822211176008,96564
20260628,all_position,3,13,2998,0.031046766911064165,96564
20260628,all_position,3,14,4119,0.04265564806760283,96564
20260628,all_position,3,15,3114,0.0322480427488505,96564
20260628,all_position,3,16,2980,0.030860362039683526,96564
20260628,all_position,3,17,3031,0.031388509175262,96564
20260628,all_position,3,18,2982,0.03088107369205915,96564
20260628,all_position,3,19,2055,0.021281222815956256,96564
20260628,all_position,3,20,2999,0.031057122737251978,96564
20260628,all_position,3,21,3025,0.031326374218135125,96564
20260628,all_position,3,22,4017,0.04159935379644588,96564
20260628,all_position,3,23,3015,0.03122281595625699,96564
20260628,all_position,3,24,3023,0.0313056625657595,96564
20260628,all_position,3,25,3041,0.031492067437140135,96564
20260628,all_position,3,26,3087,0.03196843544177955,96564
20260628,all_position,3,27,2972,0.03077751543018102,96564
20260628,all_position,3,28,3054,0.03162669317758171,96564
20260628,all_position,3,29,2967,0.030725736299241954,96564
20260628,all_position,3,30,3033,0.03140922082763763,96564
20260628,all_position,3,31,2985,0.030912141170622593,96564
20260628,route_only,0,5,1024,0.3333333333333333,3072
20260628,route_only,0,13,1024,0.3333333333333333,3072
20260628,route_only,0,21,1024,0.3333333333333333,3072
20260628,route_only,1,5,1024,0.3333333333333333,3072
20260628,route_only,1,13,1024,0.3333333333333333,3072
20260628,route_only,1,21,1024,0.3333333333333333,3072
20260628,route_only,2,5,1024,0.3333333333333333,3072
20260628,route_only,2,13,1024,0.3333333333333333,3072
20260628,route_only,2,21,1024,0.3333333333333333,3072
20260628,route_only,3,5,1024,0.3333333333333333,3072
20260628,route_only,3,13,1024,0.3333333333333333,3072
20260628,route_only,3,21,1024,0.3333333333333333,3072
20260628,slot_offset_3,0,5,1024,0.3333333333333333,3072
20260628,slot_offset_3,0,13,1024,0.3333333333333333,3072
20260628,slot_offset_3,0,21,1024,0.3333333333333333,3072
20260628,slot_offset_3,1,5,1024,0.3333333333333333,3072
20260628,slot_offset_3,1,13,1024,0.3333333333333333,3072
20260628,slot_offset_3,1,21,1024,0.3333333333333333,3072
20260628,slot_offset_3,2,5,1024,0.3333333333333333,3072
20260628,slot_offset_3,2,13,1024,0.3333333333333333,3072
20260628,slot_offset_3,2,21,1024,0.3333333333333333,3072
20260628,slot_offset_3,3,5,1024,0.3333333333333333,3072
20260628,slot_offset_3,3,13,1024,0.3333333333333333,3072
20260628,slot_offset_3,3,21,1024,0.3333333333333333,3072
20260628,selector_stability_top1_position,0,2,8192,1.0,8192
20260628,selector_stability_top1_position,1,2,2048,1.0,2048
20260628,selector_stability_top1_position,2,2,1024,1.0,1024
20260628,selector_stability_top1_position,3,2,1024,1.0,1024
20260628,selector_stability_top3_positions,0,2,8179,0.32000469501936696,25559
20260628,selector_stability_top3_positions,0,4,9202,0.3600297351226574,25559
20260628,selector_stability_top3_positions,0,22,8178,0.31996556985797564,25559
20260628,selector_stability_top3_positions,1,2,2048,0.6666666666666666,3072
20260628,selector_stability_top3_positions,1,22,1024,0.3333333333333333,3072
20260628,selector_stability_top3_positions,2,2,1037,0.20093005231544275,5161
20260628,selector_stability_top3_positions,2,4,3086,0.597946134470064,5161
20260628,selector_stability_top3_positions,2,22,1038,0.20112381321449332,5161
20260628,selector_stability_top3_positions,3,2,1024,0.3333333333333333,3072
20260628,selector_stability_top3_positions,3,22,2048,0.6666666666666666,3072
20260628,selector_stability_threshold_positions,0,6,2048,0.3333333333333333,6144
20260628,selector_stability_threshold_positions,0,14,2048,0.3333333333333333,6144
20260628,selector_stability_threshold_positions,0,22,2048,0.3333333333333333,6144
20260628,selector_stability_threshold_positions,1,2,12288,0.2,61440
20260628,selector_stability_threshold_positions,1,4,12288,0.2,61440
20260628,selector_stability_threshold_positions,1,6,8192,0.13333333333333333,61440
20260628,selector_stability_threshold_positions,1,11,12288,0.2,61440
20260628,selector_stability_threshold_positions,1,14,8192,0.13333333333333333,61440
20260628,selector_stability_threshold_positions,1,22,8192,0.13333333333333333,61440
20260628,selector_stability_threshold_positions,2,6,1024,0.3333333333333333,3072
20260628,selector_stability_threshold_positions,2,14,1024,0.3333333333333333,3072
20260628,selector_stability_threshold_positions,2,22,1024,0.3333333333333333,3072
20260628,selector_stability_threshold_positions,3,6,1024,0.3333333333333333,3072
20260628,selector_stability_threshold_positions,3,14,1024,0.3333333333333333,3072
20260628,selector_stability_threshold_positions,3,22,1024,0.3333333333333333,3072
20260628,pca_q4,0,0,1357,0.02739974962645883,49526
20260628,pca_q4,0,1,1188,0.02398740055728304,49526
20260628,pca_q4,0,2,2745,0.05542543310584339,49526
20260628,pca_q4,0,3,2785,0.0562330896902637,49526
20260628,pca_q4,0,4,1749,0.03531478415377781,49526
20260628,pca_q4,0,5,1755,0.03543593264144086,49526
20260628,pca_q4,0,6,1767,0.03567822961676695,49526
20260628,pca_q4,0,7,711,0.014356095788070912,49526
20260628,pca_q4,0,8,1113,0.022473044461494972,49526
20260628,pca_q4,0,9,1032,0.020837539878043855,49526
20260628,pca_q4,0,10,2762,0.05576868715422202,49526
20260628,pca_q4,0,11,2751,0.05554658159350644,49526
20260628,pca_q4,0,12,1742,0.03517344425150426,49526
20260628,pca_q4,0,13,1714,0.034608084642410046,49526
20260628,pca_q4,0,14,1738,0.035092678593062226,49526
20260628,pca_q4,0,15,671,0.013548439203650607,49526
20260628,pca_q4,0,16,1039,0.02097887978031741,49526
20260628,pca_q4,0,17,1055,0.02130194241408553,49526
20260628,pca_q4,0,18,2774,0.056010984129548115,49526
20260628,pca_q4,0,19,2775,0.05603117554415862,49526
20260628,pca_q4,0,20,1713,0.03458789322779954,49526
20260628,pca_q4,0,21,1736,0.03505229576384122,49526
20260628,pca_q4,0,22,1740,0.03513306142228324,49526
20260628,pca_q4,0,23,689,0.013911884666639745,49526
20260628,pca_q4,0,24,1073,0.021665387877074668,49526
20260628,pca_q4,0,25,984,0.01986835197673949,49526
20260628,pca_q4,0,26,1031,0.020817348463433347,49526
20260628,pca_q4,0,27,1066,0.021524047974801116,49526
20260628,pca_q4,0,28,1047,0.02114041109720147,49526
20260628,pca_q4,0,29,1083,0.021867302023179745,49526
20260628,pca_q4,0,30,1055,0.02130194241408553,49526
20260628,pca_q4,0,31,1086,0.021927876267011266,49526
20260628,pca_q4,1,0,3665,0.029334080358572115,124940
20260628,pca_q4,1,1,3798,0.03039859132383544,124940
20260628,pca_q4,1,2,4580,0.036657595645910035,124940
20260628,pca_q4,1,3,2537,0.020305746758444054,124940
20260628,pca_q4,1,4,2553,0.020433808227949414,124940
20260628,pca_q4,1,5,4566,0.036545541860092845,124940
20260628,pca_q4,1,6,4506,0.03606531134944774,124940
20260628,pca_q4,1,7,4641,0.03714582999839923,124940
20260628,pca_q4,1,8,3913,0.031319033135905235,124940
20260628,pca_q4,1,9,3874,0.031006883303985912,124940
20260628,pca_q4,1,10,4620,0.036977749319673445,124940
20260628,pca_q4,1,11,2639,0.021122138626540738,124940
20260628,pca_q4,1,12,2563,0.020513846646390266,124940
20260628,pca_q4,1,13,4644,0.03716984152393149,124940
20260628,pca_q4,1,14,4623,0.0370017608452057,124940
20260628,pca_q4,1,15,4700,0.03761805666720026,124940
20260628,pca_q4,1,16,3864,0.030926844885545063,124940
20260628,pca_q4,1,17,3927,0.031431086921722425,124940
20260628,pca_q4,1,18,4651,0.037225868416840086,124940
20260628,pca_q4,1,19,2591,0.020737954218024653,124940
20260628,pca_q4,1,20,2668,0.02135425004001921,124940
20260628,pca_q4,1,21,4563,0.03652153033456059,124940
20260628,pca_q4,1,22,4588,0.03672162638066272,124940
20260628,pca_q4,1,23,4590,0.03673763406435089,124940
20260628,pca_q4,1,24,3962,0.031711221386265406,124940
20260628,pca_q4,1,25,3944,0.031567152233071875,124940
20260628,pca_q4,1,26,3948,0.031599167600448216,124940
20260628,pca_q4,1,27,3806,0.030462622058588122,124940
20260628,pca_q4,1,28,3842,0.030750760364975187,124940
20260628,pca_q4,1,29,3809,0.030486633584120376,124940
20260628,pca_q4,1,30,3871,0.030982871778453658,124940
20260628,pca_q4,1,31,3894,0.031166960140867617,124940
20260628,pca_q4,2,0,5158,0.03507197301946705,147069
20260628,pca_q4,2,1,5378,0.03656786950343036,147069
20260628,pca_q4,2,2,3648,0.024804683515900698,147069
20260628,pca_q4,2,3,4638,0.031536217693735595,147069
20260628,pca_q4,2,4,3592,0.024423909865437313,147069
20260628,pca_q4,2,5,4703,0.03197818710945203,147069
20260628,pca_q4,2,6,3745,0.025464237874739067,147069
20260628,pca_q4,2,7,3667,0.02493387457587935,147069
20260628,pca_q4,2,8,5367,0.0364930746792322,147069
20260628,pca_q4,2,9,5422,0.036867048800223026,147069
20260628,pca_q4,2,10,3609,0.02453950186647084,147069
20260628,pca_q4,2,11,4553,0.030958257688567952,147069
20260628,pca_q4,2,12,3593,0.02443070939490987,147069
20260628,pca_q4,2,13,4645,0.031583814400043514,147069
20260628,pca_q4,2,14,3598,0.024464707042272674,147069
20260628,pca_q4,2,15,3583,0.024362714100184268,147069
20260628,pca_q4,2,16,5510,0.037465407393808346,147069
20260628,pca_q4,2,17,5367,0.0364930746792322,147069
20260628,pca_q4,2,18,3605,0.0245123037485806,147069
20260628,pca_q4,2,19,4597,0.03125743698536061,147069
20260628,pca_q4,2,20,3580,0.024342315511766587,147069
20260628,pca_q4,2,21,4645,0.031583814400043514,147069
20260628,pca_q4,2,22,3581,0.024349115041239145,147069
20260628,pca_q4,2,23,3655,0.024852280222208624,147069
20260628,pca_q4,2,24,5389,0.03664266432762853,147069
20260628,pca_q4,2,25,5503,0.03741781068750043,147069
20260628,pca_q4,2,26,5424,0.03688064785916815,147069
20260628,pca_q4,2,27,5491,0.0373362163338297,147069
20260628,pca_q4,2,28,5453,0.0370778342138724,147069
20260628,pca_q4,2,29,5481,0.03726822103910409,147069
20260628,pca_q4,2,30,5419,0.036846650211805346,147069
20260628,pca_q4,2,31,5470,0.03719342621490593,147069
20260628,pca_q4,3,0,2108,0.029408071873997292,71681
20260628,pca_q4,3,1,1924,0.026841143399227132,71681
20260628,pca_q4,3,2,1315,0.01834516817566719,71681
20260628,pca_q4,3,3,2328,0.032477225485135534,71681
20260628,pca_q4,3,4,4394,0.06129936803337007,71681
20260628,pca_q4,3,5,1264,0.01763368256581242,71681
20260628,pca_q4,3,6,2270,0.03166808498765363,71681
20260628,pca_q4,3,7,3269,0.04560483252186772,71681
20260628,pca_q4,3,8,1895,0.02643657315048618,71681
20260628,pca_q4,3,9,1960,0.027343368535595207,71681
20260628,pca_q4,3,10,1297,0.018094055607483155,71681
20260628,pca_q4,3,11,2345,0.032714387355087124,71681
20260628,pca_q4,3,12,4390,0.061243565240440286,71681
20260628,pca_q4,3,13,1285,0.017926647228693797,71681
20260628,pca_q4,3,14,2329,0.03249117618336798,71681
20260628,pca_q4,3,15,3334,0.046511627906976744,71681
20260628,pca_q4,3,16,1875,0.026157559185837252,71681
20260628,pca_q4,3,17,1939,0.02705040387271383,71681
20260628,pca_q4,3,18,1258,0.017549978376417738,71681
20260628,pca_q4,3,19,2325,0.03243537339043819,71681
20260628,pca_q4,3,20,4327,0.060364671251796155,71681
20260628,pca_q4,3,21,1344,0.018749738424408142,71681
20260628,pca_q4,3,22,2379,0.0331887110949903,71681
20260628,pca_q4,3,23,3354,0.046790641871625675,71681
20260628,pca_q4,3,24,1864,0.02600410150528034,71681
20260628,pca_q4,3,25,1857,0.025906446617653213,71681
20260628,pca_q4,3,26,1885,0.026297066168161718,71681
20260628,pca_q4,3,27,1925,0.026855094097459578,71681
20260628,pca_q4,3,28,1946,0.027148058760340956,71681
20260628,pca_q4,3,29,1915,0.026715587115135112,71681
20260628,pca_q4,3,30,1943,0.027106206665643614,71681
20260628,pca_q4,3,31,1838,0.02564138335123673,71681
20260628,pca_q8,0,0,1783,0.025608249791744465,69626
20260628,pca_q8,0,1,1720,0.024703415390802286,69626
20260628,pca_q8,0,2,4116,0.059115847528222215,69626
20260628,pca_q8,0,3,3154,0.04529916985034326,69626
20260628,pca_q8,0,4,2122,0.03047712061586189,69626
20260628,pca_q8,0,5,2149,0.03086490678769425,69626
20260628,pca_q8,0,6,3152,0.04527044494872605,69626
20260628,pca_q8,0,7,1083,0.015554534225720278,69626
20260628,pca_q8,0,8,1620,0.023267170309941687,69626
20260628,pca_q8,0,9,1589,0.022821934334874904,69626
20260628,pca_q8,0,10,4174,0.05994886967512136,69626
20260628,pca_q8,0,11,3089,0.044365610547783874,69626
20260628,pca_q8,0,12,2073,0.029773360526240196,69626
20260628,pca_q8,0,13,2061,0.029601011116536926,69626
20260628,pca_q8,0,14,3095,0.04445178525263551,69626
20260628,pca_q8,0,15,1022,0.014678424726395313,69626
20260628,pca_q8,0,16,1607,0.02308045844942981,69626
20260628,pca_q8,0,17,1625,0.023338982563984718,69626
20260628,pca_q8,0,18,4186,0.06012121908482464,69626
20260628,pca_q8,0,19,3135,0.04502628328497975,69626
20260628,pca_q8,0,20,2065,0.02965846091977135,69626
20260628,pca_q8,0,21,2121,0.030462758165053283,69626
20260628,pca_q8,0,22,3046,0.043748025163013814,69626
20260628,pca_q8,0,23,1037,0.014893861488524401,69626
20260628,pca_q8,0,24,1636,0.023496969522879385,69626
20260628,pca_q8,0,25,1563,0.02244851061385115,69626
20260628,pca_q8,0,26,1579,0.022678309826788843,69626
20260628,pca_q8,0,27,1603,0.023023008646195386,69626
20260628,pca_q8,0,28,1586,0.022778846982449086,69626
20260628,pca_q8,0,29,1609,0.023109183351047023,69626
20260628,pca_q8,0,30,1593,0.02287938413810933,69626
20260628,pca_q8,0,31,1633,0.023453882170453567,69626
20260628,pca_q8,1,0,2565,0.0311789660495703,82267
20260628,pca_q8,1,1,2409,0.02928270144772509,82267
20260628,pca_q8,1,2,2602,0.03162872111539256,82267
20260628,pca_q8,1,3,1612,0.019594734219067184,82267
20260628,pca_q8,1,4,3661,0.04450144043176486,82267
20260628,pca_q8,1,5,1476,0.017941580463612383,82267
20260628,pca_q8,1,6,3571,0.04340744162300801,82267
20260628,pca_q8,1,7,3564,0.04332235282677137,82267
20260628,pca_q8,1,8,2326,0.028273791435204882,82267
20260628,pca_q8,1,9,2306,0.02803068058881447,82267
20260628,pca_q8,1,10,2622,0.031871831961782976,82267
20260628,pca_q8,1,11,1536,0.018670913002783618,82267
20260628,pca_q8,1,12,3591,0.043650552469398425,82267
20260628,pca_q8,1,13,1592,0.019351623372676773,82267
20260628,pca_q8,1,14,3589,0.04362624138475938,82267
20260628,pca_q8,1,15,3624,0.0440516853659426,82267
20260628,pca_q8,1,16,2184,0.026547704425832958,82267
20260628,pca_q8,1,17,2419,0.029404256870920298,82267
20260628,pca_q8,1,18,2533,0.030789988695345643,82267
20260628,pca_q8,1,19,1614,0.019619045303706225,82267
20260628,pca_q8,1,20,3604,0.04380857451955219,82267
20260628,pca_q8,1,21,1532,0.01862229083350554,82267
20260628,pca_q8,1,22,3644,0.04429479621233302,82267
20260628,pca_q8,1,23,3622,0.04402737428130356,82267
20260628,pca_q8,1,24,2282,0.027738947573145975,82267
20260628,pca_q8,1,25,2282,0.027738947573145975,82267
20260628,pca_q8,1,26,2316,0.028152236012009675,82267
20260628,pca_q8,1,27,2254,0.0273985923881994,82267
20260628,pca_q8,1,28,2382,0.028954501805098034,82267
20260628,pca_q8,1,29,2396,0.029124679397571324,82267
20260628,pca_q8,1,30,2315,0.028140080469690156,82267
20260628,pca_q8,1,31,2242,0.02725272588036515,82267
20260628,pca_q8,2,0,5827,0.033928997734961365,171741
20260628,pca_q8,2,1,5983,0.03483734227703344,171741
20260628,pca_q8,2,2,4110,0.02393138505074502,171741
20260628,pca_q8,2,3,5055,0.02943385679598931,171741
20260628,pca_q8,2,4,4067,0.02368100802953284,171741
20260628,pca_q8,2,5,6164,0.03589125485469399,171741
20260628,pca_q8,2,6,4121,0.023995434986403944,171741
20260628,pca_q8,2,7,5164,0.030068533431155054,171741
20260628,pca_q8,2,8,6165,0.03589707757611753,171741
20260628,pca_q8,2,9,6172,0.0359378366260823,171741
20260628,pca_q8,2,10,4056,0.023616958093873916,171741
20260628,pca_q8,2,11,5146,0.029963724445531352,171741
20260628,pca_q8,2,12,4080,0.02375670340803885,171741
20260628,pca_q8,2,13,6158,0.03585631852615275,171741
20260628,pca_q8,2,14,4108,0.02391973960789794,171741
20260628,pca_q8,2,15,5140,0.02992878811699012,171741
20260628,pca_q8,2,16,6222,0.03622897269725924,171741
20260628,pca_q8,2,17,6063,0.03530315999091656,171741
20260628,pca_q8,2,18,4144,0.02412935757914534,171741
20260628,pca_q8,2,19,5109,0.029748283752860413,171741
20260628,pca_q8,2,20,4066,0.023675185308109303,171741
20260628,pca_q8,2,21,6179,0.03597859567604707,171741
20260628,pca_q8,2,22,4069,0.02369265347237992,171741
20260628,pca_q8,2,23,5141,0.02993461083841366,171741
20260628,pca_q8,2,24,6198,0.03608922738309431,171741
20260628,pca_q8,2,25,6232,0.036287199911494636,171741
20260628,pca_q8,2,26,6178,0.03597277295462353,171741
20260628,pca_q8,2,27,6201,0.036106695547364925,171741
20260628,pca_q8,2,28,6083,0.03541961441938733,171741
20260628,pca_q8,2,29,6037,0.03515176923390454,171741
20260628,pca_q8,2,30,6228,0.03626390902580048,171741
20260628,pca_q8,2,31,6075,0.03537303264799902,171741
20260628,pca_q8,3,0,2113,0.030367048949440947,69582
20260628,pca_q8,3,1,2176,0.031272455520105776,69582
20260628,pca_q8,3,2,1460,0.020982437986835675,69582
20260628,pca_q8,3,3,2467,0.035454571584605216,69582
20260628,pca_q8,3,4,2438,0.03503779713144204,69582
20260628,pca_q8,3,5,2499,0.03591446063637148,69582
20260628,pca_q8,3,6,1444,0.020752493460952544,69582
20260628,pca_q8,3,7,2477,0.03559828691328217,69582
20260628,pca_q8,3,8,2177,0.03128682705297347,69582
20260628,pca_q8,3,9,2221,0.03191917449915208,69582
20260628,pca_q8,3,10,1436,0.02063752119801098,69582
20260628,pca_q8,3,11,2517,0.03617314822799,69582
20260628,pca_q8,3,12,2544,0.03656117961541778,69582
20260628,pca_q8,3,13,2477,0.03559828691328217,69582
20260628,pca_q8,3,14,1496,0.02149981317007272,69582
20260628,pca_q8,3,15,2502,0.03595757523497456,69582
20260628,pca_q8,3,16,2275,0.032695237274007645,69582
20260628,pca_q8,3,17,2181,0.03134431318444425,69582
20260628,pca_q8,3,18,1425,0.020479434336466328,69582
20260628,pca_q8,3,19,2430,0.03492282486850047,69582
20260628,pca_q8,3,20,2553,0.03669052341122704,69582
20260628,pca_q8,3,21,2456,0.03529648472306056,69582
20260628,pca_q8,3,22,1529,0.021974073754706676,69582
20260628,pca_q8,3,23,2488,0.03575637377482682,69582
20260628,pca_q8,3,24,2172,0.03121496938863499,69582
20260628,pca_q8,3,25,2211,0.031775459170475126,69582
20260628,pca_q8,3,26,2215,0.03183294530194591,69582
20260628,pca_q8,3,27,2230,0.03204851829496134,69582
20260628,pca_q8,3,28,2237,0.03214911902503521,69582
20260628,pca_q8,3,29,2246,0.03227846282084447,69582
20260628,pca_q8,3,30,2152,0.03092753873128108,69582
20260628,pca_q8,3,31,2338,0.03360064384467247,69582
20260628,pca_q16,0,0,6454,0.033177401943145016,194530
20260628,pca_q16,0,1,6549,0.0336657584948337,194530
20260628,pca_q16,0,2,5278,0.027132061892767182,194530
20260628,pca_q16,0,3,5315,0.027322263918161723,194530
20260628,pca_q16,0,4,5367,0.027589574872770268,194530
20260628,pca_q16,0,5,6366,0.032725029558422866,194530
20260628,pca_q16,0,6,6381,0.03280213848763687,194530
20260628,pca_q16,0,7,5343,0.02746620058602786,194530
20260628,pca_q16,0,8,6535,0.03359379016090063,194530
20260628,pca_q16,0,9,6519,0.0335115406364057,194530
20260628,pca_q16,0,10,5268,0.027080655939957846,194530
20260628,pca_q16,0,11,5410,0.02781062046985041,194530
20260628,pca_q16,0,12,5368,0.0275947154680512,194530
20260628,pca_q16,0,13,6426,0.033033465275278874,194530
20260628,pca_q16,0,14,6438,0.03309515241865008,194530
20260628,pca_q16,0,15,5446,0.027995681899964014,194530
20260628,pca_q16,0,16,6568,0.03376342980517144,194530
20260628,pca_q16,0,17,6561,0.03372744563820491,194530
20260628,pca_q16,0,18,5424,0.027882588803783477,194530
20260628,pca_q16,0,19,5341,0.027455919395465996,194530
20260628,pca_q16,0,20,5429,0.027908291780188145,194530
20260628,pca_q16,0,21,6458,0.03319796432426875,194530
20260628,pca_q16,0,22,6508,0.033454994088315426,194530
20260628,pca_q16,0,23,5323,0.02736338868040919,194530
20260628,pca_q16,0,24,6548,0.03366061789955277,194530
20260628,pca_q16,0,25,6621,0.034035881355060915,194530
20260628,pca_q16,0,26,6556,0.03370174266180024,194530
20260628,pca_q16,0,27,6533,0.033583508970338766,194530
20260628,pca_q16,0,28,6505,0.033439572302472624,194530
20260628,pca_q16,0,29,6578,0.03381483575798078,194530
20260628,pca_q16,0,30,6561,0.03372744563820491,194530
20260628,pca_q16,0,31,6553,0.03368632087595744,194530
20260628,pca_q16,1,0,3289,0.029097954561540094,113032
20260628,pca_q16,1,1,3332,0.029478377804515534,113032
20260628,pca_q16,1,2,2376,0.021020595937433648,113032
20260628,pca_q16,1,3,3292,0.029124495718026753,113032
20260628,pca_q16,1,4,5332,0.04717248212895463,113032
20260628,pca_q16,1,5,3302,0.02921296623964895,113032
20260628,pca_q16,1,6,2278,0.02015358482553613,113032
20260628,pca_q16,1,7,5343,0.04726979970273905,113032
20260628,pca_q16,1,8,3415,0.03021268313397976,113032
20260628,pca_q16,1,9,3449,0.030513482907495223,113032
20260628,pca_q16,1,10,2335,0.020657866798782645,113032
20260628,pca_q16,1,11,3233,0.0286025196404558,113032
20260628,pca_q16,1,12,5328,0.04713709392030575,113032
20260628,pca_q16,1,13,3273,0.02895640172694458,113032
20260628,pca_q16,1,14,2250,0.019905867364993984,113032
20260628,pca_q16,1,15,5287,0.046774364781654754,113032
20260628,pca_q16,1,16,3399,0.030071130299384245,113032
20260628,pca_q16,1,17,3358,0.029708401160733245,113032
20260628,pca_q16,1,18,2206,0.019516597069856322,113032
20260628,pca_q16,1,19,3263,0.028867931205322387,113032
20260628,pca_q16,1,20,5325,0.0471105527638191,113032
20260628,pca_q16,1,21,3304,0.029230660343973387,113032
20260628,pca_q16,1,22,2301,0.02035706702526718,113032
20260628,pca_q16,1,23,5420,0.04795102271922995,113032
20260628,pca_q16,1,24,3394,0.030026895038573146,113032
20260628,pca_q16,1,25,3406,0.030133059664519783,113032
20260628,pca_q16,1,26,3407,0.030141906716682,113032
20260628,pca_q16,1,27,3481,0.030796588576686247,113032
20260628,pca_q16,1,28,3482,0.03080543562884847,113032
20260628,pca_q16,1,29,3411,0.030177294925330878,113032
20260628,pca_q16,1,30,3378,0.029885342203977636,113032
20260628,pca_q16,1,31,3383,0.02992957746478873,113032
20260628,pca_q16,2,6,1024,0.3333333333333333,3072
20260628,pca_q16,2,14,1024,0.3333333333333333,3072
20260628,pca_q16,2,22,1024,0.3333333333333333,3072
20260628,pca_q16,3,0,2545,0.03081785376958659,82582
20260628,pca_q16,3,1,2407,0.029146787435518635,82582
20260628,pca_q16,3,2,4634,0.05611392313094863,82582
20260628,pca_q16,3,3,3681,0.04457387808481267,82582
20260628,pca_q16,3,4,1589,0.019241481194449152,82582
20260628,pca_q16,3,5,2620,0.031726041994623526,82582
20260628,pca_q16,3,6,2605,0.03154440434961614,82582
20260628,pca_q16,3,7,1602,0.019398900486788887,82582
20260628,pca_q16,3,8,2338,0.02831125426848466,82582
20260628,pca_q16,3,9,2320,0.028093289094475792,82582
20260628,pca_q16,3,10,4685,0.05673149112397375,82582
20260628,pca_q16,3,11,3645,0.04413794773679494,82582
20260628,pca_q16,3,12,1592,0.01927780872345063,82582
20260628,pca_q16,3,13,2589,0.03135065752827493,82582
20260628,pca_q16,3,14,2576,0.031193238235935193,82582
20260628,pca_q16,3,15,1555,0.018829769199099077,82582
20260628,pca_q16,3,16,2321,0.028105398270809618,82582
20260628,pca_q16,3,17,2369,0.028686638734833257,82582
20260628,pca_q16,3,18,4658,0.056404543362960455,82582
20260628,pca_q16,3,19,3684,0.044610205613814145,82582
20260628,pca_q16,3,20,1534,0.018575476496088737,82582
20260628,pca_q16,3,21,2526,0.030587779419243902,82582
20260628,pca_q16,3,22,2455,0.029728027899542275,82582
20260628,pca_q16,3,23,1545,0.01870867743576082,82582
20260628,pca_q16,3,24,2346,0.028408127679155265,82582
20260628,pca_q16,3,25,2261,0.027378847690780073,82582
20260628,pca_q16,3,26,2325,0.02815383497614492,82582
20260628,pca_q16,3,27,2274,0.027536266983119808,82582
20260628,pca_q16,3,28,2301,0.027863214744133103,82582
20260628,pca_q16,3,29,2299,0.02783899639146545,82582
20260628,pca_q16,3,30,2349,0.028444455208156742,82582
20260628,pca_q16,3,31,2352,0.02848078273715822,82582
20260628,pca_q32,0,0,3347,0.034203319162851534,97856
20260628,pca_q32,0,1,3407,0.03481646500981033,97856
20260628,pca_q32,0,2,4220,0.04312459123610203,97856
20260628,pca_q32,0,3,2205,0.022533109875735775,97856
20260628,pca_q32,0,4,2238,0.022870340091563114,97856
20260628,pca_q32,0,5,2278,0.023279103989535643,97856
20260628,pca_q32,0,6,3283,0.033549296926095484,97856
20260628,pca_q32,0,7,2293,0.023432390451275344,97856
20260628,pca_q32,0,8,3336,0.03409090909090909,97856
20260628,pca_q32,0,9,3443,0.035184352517985615,97856
20260628,pca_q32,0,10,4322,0.04416693917593198,97856
20260628,pca_q32,0,11,2359,0.02410685088293002,97856
20260628,pca_q32,0,12,2273,0.023228008502289076,97856
20260628,pca_q32,0,13,2263,0.023125817527795946,97856
20260628,pca_q32,0,14,3359,0.0343259483322433,97856
20260628,pca_q32,0,15,2233,0.022819244604316547,97856
20260628,pca_q32,0,16,3392,0.03466317854807063,97856
20260628,pca_q32,0,17,3356,0.034295291039895356,97856
20260628,pca_q32,0,18,4283,0.04376839437540876,97856
20260628,pca_q32,0,19,2277,0.023268884892086332,97856
20260628,pca_q32,0,20,2292,0.02342217135382603,97856
20260628,pca_q32,0,21,2288,0.023381294964028777,97856
20260628,pca_q32,0,22,3429,0.03504128515369523,97856
20260628,pca_q32,0,23,2302,0.023524362328319164,97856
20260628,pca_q32,0,24,3426,0.03501062786134729,97856
20260628,pca_q32,0,25,3375,0.034489453891432306,97856
20260628,pca_q32,0,26,3402,0.03476536952256377,97856
20260628,pca_q32,0,27,3464,0.03539895356442119,97856
20260628,pca_q32,0,28,3454,0.03529676258992806,97856
20260628,pca_q32,0,29,3426,0.03501062786134729,97856
20260628,pca_q32,0,30,3441,0.035163914323086985,97856
20260628,pca_q32,0,31,3390,0.03464274035317201,97856
20260628,pca_q32,1,0,1892,0.026335203151316065,71843
20260628,pca_q32,1,1,1917,0.026683184165471933,71843
20260628,pca_q32,1,2,2335,0.03250142672215804,71843
20260628,pca_q32,1,3,3368,0.04688000222707849,71843
20260628,pca_q32,1,4,3405,0.04739501412802918,71843
20260628,pca_q32,1,5,2355,0.032779811533482736,71843
20260628,pca_q32,1,6,2348,0.03268237684951909,71843
20260628,pca_q32,1,7,1368,0.01904152109460908,71843
20260628,pca_q32,1,8,1964,0.027337388472084962,71843
20260628,pca_q32,1,9,1865,0.025959383656027728,71843
20260628,pca_q32,1,10,2322,0.03232047659479699,71843
20260628,pca_q32,1,11,3328,0.0463232326044291,71843
20260628,pca_q32,1,12,3334,0.04640674804782651,71843
20260628,pca_q32,1,13,2328,0.0324039920381944,71843
20260628,pca_q32,1,14,2321,0.032306557354230755,71843
20260628,pca_q32,1,15,1269,0.017663516278551842,71843
20260628,pca_q32,1,16,1959,0.02726779226925379,71843
20260628,pca_q32,1,17,1989,0.02768536948624083,71843
20260628,pca_q32,1,18,2355,0.032779811533482736,71843
20260628,pca_q32,1,19,3367,0.04686608298651226,71843
20260628,pca_q32,1,20,3311,0.04608660551480311,71843
20260628,pca_q32,1,21,2294,0.03193073785894242,71843
20260628,pca_q32,1,22,2292,0.03190289937780995,71843
20260628,pca_q32,1,23,1244,0.017315535264395974,71843
20260628,pca_q32,1,24,1924,0.026780618849435577,71843
20260628,pca_q32,1,25,1889,0.02629344542961736,71843
20260628,pca_q32,1,26,1871,0.026042899099425136,71843
20260628,pca_q32,1,27,1863,0.02593154517489526,71843
20260628,pca_q32,1,28,1915,0.026655345684339464,71843
20260628,pca_q32,1,29,1924,0.026780618849435577,71843
20260628,pca_q32,1,30,1903,0.026488314797544647,71843
20260628,pca_q32,1,31,2024,0.028172542906059046,71843
20260628,pca_q32,2,0,4655,0.034035490498577896,136769
20260628,pca_q32,2,1,4513,0.03299724352740753,136769
20260628,pca_q32,2,2,3085,0.02255628102859566,136769
20260628,pca_q32,2,3,5054,0.03695281825559886,136769
20260628,pca_q32,2,4,3016,0.022051780739787526,136769
20260628,pca_q32,2,5,5072,0.03708442702659228,136769
20260628,pca_q32,2,6,4063,0.029707024252571854,136769
20260628,pca_q32,2,7,3987,0.029151342775044053,136769
20260628,pca_q32,2,8,4614,0.033735714964648424,136769
20260628,pca_q32,2,9,4558,0.03332626545489109,136769
20260628,pca_q32,2,10,3010,0.022007911149456383,136769
20260628,pca_q32,2,11,5045,0.036887013870102146,136769
20260628,pca_q32,2,12,3040,0.022227259101112094,136769
20260628,pca_q32,2,13,5060,0.03699668784593,136769
20260628,pca_q32,2,14,3983,0.029122096381489958,136769
20260628,pca_q32,2,15,4095,0.029940995401004613,136769
20260628,pca_q32,2,16,4638,0.03391119332597299,136769
20260628,pca_q32,2,17,4489,0.032821765166082956,136769
20260628,pca_q32,2,18,3102,0.022680578201200563,136769
20260628,pca_q32,2,19,5041,0.03685776747654805,136769
20260628,pca_q32,2,20,3105,0.022702512996366137,136769
20260628,pca_q32,2,21,5077,0.037120985018534905,136769
20260628,pca_q32,2,22,3982,0.029114784783101432,136769
20260628,pca_q32,2,23,4040,0.02953885748963581,136769
20260628,pca_q32,2,24,4521,0.033055736314515714,136769
20260628,pca_q32,2,25,4618,0.03376496135820252,136769
20260628,pca_q32,2,26,4541,0.03320196828228619,136769
20260628,pca_q32,2,27,4591,0.03356754820171238,136769
20260628,pca_q32,2,28,4487,0.03280714196930591,136769
20260628,pca_q32,2,29,4599,0.03362604098882056,136769
20260628,pca_q32,2,30,4555,0.033304330659725524,136769
20260628,pca_q32,2,31,4533,0.033143475495178,136769
20260628,pca_q32,3,0,2394,0.02759717803292295,86748
20260628,pca_q32,3,1,2451,0.028254253700373495,86748
20260628,pca_q32,3,2,2648,0.030525199428228893,86748
20260628,pca_q32,3,3,1661,0.019147415502374695,86748
20260628,pca_q32,3,4,3629,0.04183381749435146,86748
20260628,pca_q32,3,5,2583,0.0297759026144695,86748
20260628,pca_q32,3,6,2594,0.029902706690644165,86748
20260628,pca_q32,3,7,4640,0.0534882648591322,86748
20260628,pca_q32,3,8,2374,0.027366625167150826,86748
20260628,pca_q32,3,9,2422,0.02791995204500392,86748
20260628,pca_q32,3,10,2634,0.030363812422188406,86748
20260628,pca_q32,3,11,1556,0.017937012957071057,86748
20260628,pca_q32,3,12,3641,0.04197214921381473,86748
20260628,pca_q32,3,13,2637,0.030398395352054228,86748
20260628,pca_q32,3,14,2625,0.030260063632590952,86748
20260628,pca_q32,3,15,4691,0.05407617466685111,86748
20260628,pca_q32,3,16,2299,0.026502051920505372,86748
20260628,pca_q32,3,17,2454,0.028288836630239313,86748
20260628,pca_q32,3,18,2548,0.029372435099368287,86748
20260628,pca_q32,3,19,1603,0.01847881219163554,86748
20260628,pca_q32,3,20,3580,0.041268962973209755,86748
20260628,pca_q32,3,21,2629,0.030306174205745377,86748
20260628,pca_q32,3,22,2585,0.02979895790104671,86748
20260628,pca_q32,3,23,4702,0.05420297874302578,86748
20260628,pca_q32,3,24,2417,0.02786231382856089,86748
20260628,pca_q32,3,25,2406,0.02773550975238622,86748
20260628,pca_q32,3,26,2474,0.028519389496011436,86748
20260628,pca_q32,3,27,2370,0.027320514593996405,86748
20260628,pca_q32,3,28,2432,0.02803522847788998,86748
20260628,pca_q32,3,29,2339,0.026963157652049614,86748
20260628,pca_q32,3,30,2389,0.02753953981647992,86748
20260628,pca_q32,3,31,2341,0.026986212938626828,86748
20260628,bottleneck_ae_q4,0,0,3434,0.03445542567601465,99665
20260628,bottleneck_ae_q4,0,1,3362,0.033733005568654995,99665
20260628,bottleneck_ae_q4,0,2,2270,0.02277630060703356,99665
20260628,bottleneck_ae_q4,0,3,2274,0.022816435057442432,99665
20260628,bottleneck_ae_q4,0,4,2289,0.022966939246475693,99665
20260628,bottleneck_ae_q4,0,5,2669,0.026779712035318315,99665
20260628,bottleneck_ae_q4,0,6,4311,0.04325490392815933,99665
20260628,bottleneck_ae_q4,0,7,3332,0.033431997190588474,99665
20260628,bottleneck_ae_q4,0,8,3533,0.035448753323634175,99665
20260628,bottleneck_ae_q4,0,9,3481,0.03492700546831887,99665
20260628,bottleneck_ae_q4,0,10,2292,0.022997040084282345,99665
20260628,bottleneck_ae_q4,0,11,2373,0.02380976270506196,99665
20260628,bottleneck_ae_q4,0,12,2334,0.023418451813575478,99665
20260628,bottleneck_ae_q4,0,13,2362,0.023699392966437565,99665
20260628,bottleneck_ae_q4,0,14,4380,0.04394722319771233,99665
20260628,bottleneck_ae_q4,0,15,3293,0.03304068629910199,99665
20260628,bottleneck_ae_q4,0,16,3459,0.03470626599107009,99665
20260628,bottleneck_ae_q4,0,17,3414,0.0342547534239703,99665
20260628,bottleneck_ae_q4,0,18,2284,0.022916771183464607,99665
20260628,bottleneck_ae_q4,0,19,2338,0.02345858626398435,99665
20260628,bottleneck_ae_q4,0,20,2330,0.023378317363166607,99665
20260628,bottleneck_ae_q4,0,21,2361,0.02368935935383535,99665
20260628,bottleneck_ae_q4,0,22,4388,0.044027492098530074,99665
20260628,bottleneck_ae_q4,0,23,3314,0.03325139216374856,99665
20260628,bottleneck_ae_q4,0,24,3503,0.035147744945567654,99665
20260628,bottleneck_ae_q4,0,25,3510,0.035217980233783176,99665
20260628,bottleneck_ae_q4,0,26,3439,0.03450559373902574,99665
20260628,bottleneck_ae_q4,0,27,3460,0.034716299603672306,99665
20260628,bottleneck_ae_q4,0,28,3426,0.03437515677519691,99665
20260628,bottleneck_ae_q4,0,29,3508,0.03519791300857874,99665
20260628,bottleneck_ae_q4,0,30,3543,0.035549089449656346,99665
20260628,bottleneck_ae_q4,0,31,3399,0.03410424923493704,99665
20260628,bottleneck_ae_q4,1,0,3494,0.033435406698564596,104500
20260628,bottleneck_ae_q4,1,1,3497,0.033464114832535884,104500
20260628,bottleneck_ae_q4,1,2,3260,0.03119617224880383,104500
20260628,bottleneck_ae_q4,1,3,3304,0.03161722488038277,104500
20260628,bottleneck_ae_q4,1,4,4323,0.04136842105263158,104500
20260628,bottleneck_ae_q4,1,5,3416,0.032688995215311004,104500
20260628,bottleneck_ae_q4,1,6,2332,0.02231578947368421,104500
20260628,bottleneck_ae_q4,1,7,2263,0.021655502392344497,104500
20260628,bottleneck_ae_q4,1,8,3357,0.0321244019138756,104500
20260628,bottleneck_ae_q4,1,9,3456,0.03307177033492823,104500
20260628,bottleneck_ae_q4,1,10,3305,0.031626794258373205,104500
20260628,bottleneck_ae_q4,1,11,3270,0.031291866028708135,104500
20260628,bottleneck_ae_q4,1,12,4359,0.041712918660287084,104500
20260628,bottleneck_ae_q4,1,13,3385,0.03239234449760765,104500
20260628,bottleneck_ae_q4,1,14,2239,0.021425837320574164,104500
20260628,bottleneck_ae_q4,1,15,2223,0.021272727272727273,104500
20260628,bottleneck_ae_q4,1,16,3424,0.03276555023923445,104500
20260628,bottleneck_ae_q4,1,17,3471,0.03321531100478469,104500
20260628,bottleneck_ae_q4,1,18,3295,0.0315311004784689,104500
20260628,bottleneck_ae_q4,1,19,3228,0.030889952153110047,104500
20260628,bottleneck_ae_q4,1,20,4321,0.04134928229665072,104500
20260628,bottleneck_ae_q4,1,21,3341,0.031971291866028706,104500
20260628,bottleneck_ae_q4,1,22,2293,0.021942583732057416,104500
20260628,bottleneck_ae_q4,1,23,2252,0.02155023923444976,104500
20260628,bottleneck_ae_q4,1,24,3436,0.032880382775119614,104500
20260628,bottleneck_ae_q4,1,25,3409,0.03262200956937799,104500
20260628,bottleneck_ae_q4,1,26,3424,0.03276555023923445,104500
20260628,bottleneck_ae_q4,1,27,3496,0.03345454545454545,104500
20260628,bottleneck_ae_q4,1,28,3456,0.03307177033492823,104500
20260628,bottleneck_ae_q4,1,29,3354,0.03209569377990431,104500
20260628,bottleneck_ae_q4,1,30,3372,0.03226794258373206,104500
20260628,bottleneck_ae_q4,1,31,3445,0.03296650717703349,104500
20260628,bottleneck_ae_q4,2,0,2648,0.028118761415282675,94172
20260628,bottleneck_ae_q4,2,1,2632,0.027948859533619336,94172
20260628,bottleneck_ae_q4,2,2,3939,0.041827719491993376,94172
20260628,bottleneck_ae_q4,2,3,3816,0.040521598776706455,94172
20260628,bottleneck_ae_q4,2,4,1755,0.018636112644947543,94172
20260628,bottleneck_ae_q4,2,5,4374,0.04644692689971541,94172
20260628,bottleneck_ae_q4,2,6,2708,0.028755893471520196,94172
20260628,bottleneck_ae_q4,2,7,2789,0.02961602174744085,94172
20260628,bottleneck_ae_q4,2,8,2548,0.027056874654886803,94172
20260628,bottleneck_ae_q4,2,9,2432,0.025825086012827594,94172
20260628,bottleneck_ae_q4,2,10,3768,0.040011893131716436,94172
20260628,bottleneck_ae_q4,2,11,3725,0.039555281824746207,94172
20260628,bottleneck_ae_q4,2,12,1700,0.018052074926729812,94172
20260628,bottleneck_ae_q4,2,13,4708,0.04999362867943762,94172
20260628,bottleneck_ae_q4,2,14,2825,0.029998300981183366,94172
20260628,bottleneck_ae_q4,2,15,2789,0.02961602174744085,94172
20260628,bottleneck_ae_q4,2,16,2594,0.027545342564668902,94172
20260628,bottleneck_ae_q4,2,17,2546,0.027035636919678887,94172
20260628,bottleneck_ae_q4,2,18,3765,0.039980036528904556,94172
20260628,bottleneck_ae_q4,2,19,3783,0.04017117614577582,94172
20260628,bottleneck_ae_q4,2,20,1656,0.01758484475215563,94172
20260628,bottleneck_ae_q4,2,21,4788,0.05084313808775432,94172
20260628,bottleneck_ae_q4,2,22,2729,0.02897888969120333,94172
20260628,bottleneck_ae_q4,2,23,2743,0.029127553837658752,94172
20260628,bottleneck_ae_q4,2,24,2488,0.02641974259864928,94172
20260628,bottleneck_ae_q4,2,25,2580,0.027396678418213482,94172
20260628,bottleneck_ae_q4,2,26,2561,0.027194919933738265,94172
20260628,bottleneck_ae_q4,2,27,2616,0.027778957651955996,94172
20260628,bottleneck_ae_q4,2,28,2575,0.02734358408019369,94172
20260628,bottleneck_ae_q4,2,29,2561,0.027194919933738265,94172
20260628,bottleneck_ae_q4,2,30,2466,0.02618612751136219,94172
20260628,bottleneck_ae_q4,2,31,2565,0.0272373954041541,94172
20260628,bottleneck_ae_q4,3,0,2712,0.02858377512410544,94879
20260628,bottleneck_ae_q4,3,1,2797,0.029479653031756238,94879
20260628,bottleneck_ae_q4,3,2,2819,0.029711527313736445,94879
20260628,bottleneck_ae_q4,3,3,2894,0.030502007820487148,94879
20260628,bottleneck_ae_q4,3,4,3921,0.04132632089292678,94879
20260628,bottleneck_ae_q4,3,5,1829,0.01927718462462716,94879
20260628,bottleneck_ae_q4,3,6,2937,0.03095521664435755,94879
20260628,bottleneck_ae_q4,3,7,3904,0.04114714531139662,94879
20260628,bottleneck_ae_q4,3,8,2850,0.030038259256526735,94879
20260628,bottleneck_ae_q4,3,9,2919,0.030765501322737383,94879
20260628,bottleneck_ae_q4,3,10,2923,0.030807660283097418,94879
20260628,bottleneck_ae_q4,3,11,2920,0.03077604106282739,94879
20260628,bottleneck_ae_q4,3,12,3895,0.041052287650586536,94879
20260628,bottleneck_ae_q4,3,13,1833,0.019319343584987193,94879
20260628,bottleneck_ae_q4,3,14,2844,0.02997502081598668,94879
20260628,bottleneck_ae_q4,3,15,3983,0.04197978477850736,94879
20260628,bottleneck_ae_q4,3,16,2811,0.029627209393016368,94879
20260628,bottleneck_ae_q4,3,17,2857,0.030112037437156798,94879
20260628,bottleneck_ae_q4,3,18,2944,0.031028994824987617,94879
20260628,bottleneck_ae_q4,3,19,2939,0.030976296124537568,94879
20260628,bottleneck_ae_q4,3,20,3981,0.04195870529832734,94879
20260628,bottleneck_ae_q4,3,21,1798,0.018950452681836864,94879
20260628,bottleneck_ae_q4,3,22,2878,0.030333371979046998,94879
20260628,bottleneck_ae_q4,3,23,3979,0.04193762581814733,94879
20260628,bottleneck_ae_q4,3,24,2861,0.030154196397516837,94879
20260628,bottleneck_ae_q4,3,25,2789,0.02939533511103616,94879
20260628,bottleneck_ae_q4,3,26,2864,0.030185815617786865,94879
20260628,bottleneck_ae_q4,3,27,2716,0.02862593408446548,94879
20260628,bottleneck_ae_q4,3,28,2831,0.029838004194816557,94879
20260628,bottleneck_ae_q4,3,29,2865,0.030196355357876875,94879
20260628,bottleneck_ae_q4,3,30,2907,0.030639024441657267,94879
20260628,bottleneck_ae_q4,3,31,2879,0.030343911719137005,94879
20260628,bottleneck_ae_q8,0,0,3523,0.030443649435716633,115722
20260628,bottleneck_ae_q8,0,1,3556,0.030728815609823542,115722
20260628,bottleneck_ae_q8,0,2,3319,0.028680803995782995,115722
20260628,bottleneck_ae_q8,0,3,3306,0.028568465805983306,115722
20260628,bottleneck_ae_q8,0,4,3303,0.028542541608337222,115722
20260628,bottleneck_ae_q8,0,5,4247,0.03670002246763796,115722
20260628,bottleneck_ae_q8,0,6,4301,0.03716665802526745,115722
20260628,bottleneck_ae_q8,0,7,4300,0.03715801662605209,115722
20260628,bottleneck_ae_q8,0,8,3302,0.02853390020912186,115722
20260628,bottleneck_ae_q8,0,9,3361,0.029043742762828156,115722
20260628,bottleneck_ae_q8,0,10,3323,0.02871536959264444,115722
20260628,bottleneck_ae_q8,0,11,3218,0.027808022675031543,115722
20260628,bottleneck_ae_q8,0,12,3236,0.027963567860908038,115722
20260628,bottleneck_ae_q8,0,13,4336,0.037469106997805084,115722
20260628,bottleneck_ae_q8,0,14,4267,0.03687285045194518,115722
20260628,bottleneck_ae_q8,0,15,4320,0.03733084461035931,115722
20260628,bottleneck_ae_q8,0,16,3267,0.02823145123658423,115722
20260628,bottleneck_ae_q8,0,17,3434,0.029674564905549507,115722
20260628,bottleneck_ae_q8,0,18,3239,0.02798949205855412,115722
20260628,bottleneck_ae_q8,0,19,3268,0.028240092635799588,115722
20260628,bottleneck_ae_q8,0,20,3299,0.02850797601147578,115722
20260628,bottleneck_ae_q8,0,21,4331,0.03742590000172828,115722
20260628,bottleneck_ae_q8,0,22,4345,0.037546879590743334,115722
20260628,bottleneck_ae_q8,0,23,4257,0.03678643645979157,115722
20260628,bottleneck_ae_q8,0,24,3363,0.02906102556125888,115722
20260628,bottleneck_ae_q8,0,25,3333,0.02880178358479805,115722
20260628,bottleneck_ae_q8,0,26,3384,0.02924249494478146,115722
20260628,bottleneck_ae_q8,0,27,3420,0.02955358531653445,115722
20260628,bottleneck_ae_q8,0,28,3316,0.028654879798136915,115722
20260628,bottleneck_ae_q8,0,29,3459,0.02989059988593353,115722
20260628,bottleneck_ae_q8,0,30,3412,0.029484454122811567,115722
20260628,bottleneck_ae_q8,0,31,3377,0.029182005150273933,115722
20260628,bottleneck_ae_q8,1,0,2048,0.025495785974827892,80327
20260628,bottleneck_ae_q8,1,1,2258,0.028110099966387393,80327
20260628,bottleneck_ae_q8,1,2,3588,0.044667421912930896,80327
20260628,bottleneck_ae_q8,1,3,3558,0.044293948485565254,80327
20260628,bottleneck_ae_q8,1,4,2598,0.03234279880986468,80327
20260628,bottleneck_ae_q8,1,5,1546,0.019246330623576134,80327
20260628,bottleneck_ae_q8,1,6,2602,0.03239259526684676,80327
20260628,bottleneck_ae_q8,1,7,1603,0.019955930135570853,80327
20260628,bottleneck_ae_q8,1,8,2472,0.030774210414928976,80327
20260628,bottleneck_ae_q8,1,9,2431,0.0302637967308626,80327
20260628,bottleneck_ae_q8,1,10,3601,0.044829260398122676,80327
20260628,bottleneck_ae_q8,1,11,3692,0.04596212979446512,80327
20260628,bottleneck_ae_q8,1,12,2578,0.03209381652495425,80327
20260628,bottleneck_ae_q8,1,13,1550,0.01929612708055822,80327
20260628,bottleneck_ae_q8,1,14,2568,0.03196932538249903,80327
20260628,bottleneck_ae_q8,1,15,1556,0.019370821766031346,80327
20260628,bottleneck_ae_q8,1,16,2423,0.030164203816898428,80327
20260628,bottleneck_ae_q8,1,17,2361,0.0293923587336761,80327
20260628,bottleneck_ae_q8,1,18,3704,0.04611151916541138,80327
20260628,bottleneck_ae_q8,1,19,3645,0.04537702142492562,80327
20260628,bottleneck_ae_q8,1,20,2650,0.032990152750631795,80327
20260628,bottleneck_ae_q8,1,21,1622,0.02019246330623576,80327
20260628,bottleneck_ae_q8,1,22,2665,0.033176889464314616,80327
20260628,bottleneck_ae_q8,1,23,1639,0.020404098248409625,80327
20260628,bottleneck_ae_q8,1,24,2527,0.03145891169843266,80327
20260628,bottleneck_ae_q8,1,25,2398,0.02985297596076039,80327
20260628,bottleneck_ae_q8,1,26,2404,0.02992767064623352,80327
20260628,bottleneck_ae_q8,1,27,2418,0.030101958245670822,80327
20260628,bottleneck_ae_q8,1,28,2418,0.030101958245670822,80327
20260628,bottleneck_ae_q8,1,29,2460,0.03062482104398272,80327
20260628,bottleneck_ae_q8,1,30,2404,0.02992767064623352,80327
20260628,bottleneck_ae_q8,1,31,2340,0.02913092733452015,80327
20260628,bottleneck_ae_q8,2,0,2918,0.034625973039681034,84272
20260628,bottleneck_ae_q8,2,1,2719,0.032264571862540344,84272
20260628,bottleneck_ae_q8,2,2,2787,0.03307148281754319,84272
20260628,bottleneck_ae_q8,2,3,2809,0.03333254224416176,84272
20260628,bottleneck_ae_q8,2,4,3886,0.04611258781089805,84272
20260628,bottleneck_ae_q8,2,5,1793,0.021276343269413328,84272
20260628,bottleneck_ae_q8,2,6,2864,0.03398519081070818,84272
20260628,bottleneck_ae_q8,2,7,1808,0.0214543383330169,84272
20260628,bottleneck_ae_q8,2,8,2646,0.03139832921966964,84272
20260628,bottleneck_ae_q8,2,9,2610,0.030971141067021073,84272
20260628,bottleneck_ae_q8,2,10,2836,0.033652933358648184,84272
20260628,bottleneck_ae_q8,2,11,2786,0.03305961647996962,84272
20260628,bottleneck_ae_q8,2,12,3859,0.045792196696411616,84272
20260628,bottleneck_ae_q8,2,13,1773,0.021039016517941902,84272
20260628,bottleneck_ae_q8,2,14,2840,0.033700398708942474,84272
20260628,bottleneck_ae_q8,2,15,1735,0.020588095690146194,84272
20260628,bottleneck_ae_q8,2,16,2554,0.03030662616290108,84272
20260628,bottleneck_ae_q8,2,17,2611,0.030983007404594646,84272
20260628,bottleneck_ae_q8,2,18,2782,0.033012151129675336,84272
20260628,bottleneck_ae_q8,2,19,2779,0.032976552116954626,84272
20260628,bottleneck_ae_q8,2,20,3775,0.04479542434023163,84272
20260628,bottleneck_ae_q8,2,21,1715,0.020350768938674768,84272
20260628,bottleneck_ae_q8,2,22,2794,0.03315454718055819,84272
20260628,bottleneck_ae_q8,2,23,1726,0.020481298651984052,84272
20260628,bottleneck_ae_q8,2,24,2584,0.030662616290108222,84272
20260628,bottleneck_ae_q8,2,25,2654,0.03149325992025821,84272
20260628,bottleneck_ae_q8,2,26,2606,0.03092367571672679,84272
20260628,bottleneck_ae_q8,2,27,2624,0.03113726979305107,84272
20260628,bottleneck_ae_q8,2,28,2637,0.0312915321815075,84272
20260628,bottleneck_ae_q8,2,29,2563,0.030413423201063224,84272
20260628,bottleneck_ae_q8,2,30,2634,0.03125593316878678,84272
20260628,bottleneck_ae_q8,2,31,2565,0.030437155876210365,84272
20260628,bottleneck_ae_q8,3,0,3799,0.033650737410868506,112895
20260628,bottleneck_ae_q8,3,1,3755,0.033260994729616015,112895
20260628,bottleneck_ae_q8,3,2,2594,0.022977102617476416,112895
20260628,bottleneck_ae_q8,3,3,2615,0.02316311616989238,112895
20260628,bottleneck_ae_q8,3,4,2501,0.022153328313920015,112895
20260628,bottleneck_ae_q8,3,5,4702,0.04164932016475486,112895
20260628,bottleneck_ae_q8,3,6,2521,0.02233048407812569,112895
20260628,bottleneck_ae_q8,3,7,4577,0.040542096638469374,112895
20260628,bottleneck_ae_q8,3,8,3868,0.03426192479737809,112895
20260628,bottleneck_ae_q8,3,9,3886,0.034421364985163204,112895
20260628,bottleneck_ae_q8,3,10,2528,0.02239248859559768,112895
20260628,bottleneck_ae_q8,3,11,2592,0.022959387041055847,112895
20260628,bottleneck_ae_q8,3,12,2615,0.02316311616989238,112895
20260628,bottleneck_ae_q8,3,13,4629,0.041002701625404134,112895
20260628,bottleneck_ae_q8,3,14,2613,0.02314540059347181,112895
20260628,bottleneck_ae_q8,3,15,4677,0.04142787545949776,112895
20260628,bottleneck_ae_q8,3,16,4044,0.03582089552238806,112895
20260628,bottleneck_ae_q8,3,17,3882,0.034385933832322066,112895
20260628,bottleneck_ae_q8,3,18,2563,0.022702511182957616,112895
20260628,bottleneck_ae_q8,3,19,2596,0.022994818193896985,112895
20260628,bottleneck_ae_q8,3,20,2564,0.0227113689711679,112895
20260628,bottleneck_ae_q8,3,21,4620,0.04092298153151158,112895
20260628,bottleneck_ae_q8,3,22,2484,0.022002745914345187,112895
20260628,bottleneck_ae_q8,3,23,4666,0.04133043978918464,112895
20260628,bottleneck_ae_q8,3,24,3814,0.03378360423402276,112895
20260628,bottleneck_ae_q8,3,25,3903,0.03457194738473803,112895
20260628,bottleneck_ae_q8,3,26,3894,0.03449222729084547,112895
20260628,bottleneck_ae_q8,3,27,3826,0.03388989769254617,112895
20260628,bottleneck_ae_q8,3,28,3917,0.034695956419682004,112895
20260628,bottleneck_ae_q8,3,29,3806,0.03371274192834049,112895
20260628,bottleneck_ae_q8,3,30,3838,0.033996191151069576,112895
20260628,bottleneck_ae_q8,3,31,4006,0.035484299570397275,112895
20260628,bottleneck_ae_q16,0,0,2705,0.030036532418357263,90057
20260628,bottleneck_ae_q16,0,1,2656,0.02949243257048314,90057
20260628,bottleneck_ae_q16,0,2,3767,0.0418290638151393,90057
20260628,bottleneck_ae_q16,0,3,2935,0.03259047047980723,90057
20260628,bottleneck_ae_q16,0,4,1727,0.019176743617930866,90057
20260628,bottleneck_ae_q16,0,5,3829,0.04251751668387799,90057
20260628,bottleneck_ae_q16,0,6,2757,0.030613944501815517,90057
20260628,bottleneck_ae_q16,0,7,2750,0.030536215952119212,90057
20260628,bottleneck_ae_q16,0,8,2619,0.029081581664945535,90057
20260628,bottleneck_ae_q16,0,9,2589,0.028748459309104232,90057
20260628,bottleneck_ae_q16,0,10,3793,0.04211776985686843,90057
20260628,bottleneck_ae_q16,0,11,2867,0.03183539313990028,90057
20260628,bottleneck_ae_q16,0,12,1747,0.019398825188491734,90057
20260628,bottleneck_ae_q16,0,13,3735,0.04147373330224191,90057
20260628,bottleneck_ae_q16,0,14,2810,0.031202460663801813,90057
20260628,bottleneck_ae_q16,0,15,2786,0.030935962779128773,90057
20260628,bottleneck_ae_q16,0,16,2632,0.029225934685810098,90057
20260628,bottleneck_ae_q16,0,17,2631,0.029214830607282055,90057
20260628,bottleneck_ae_q16,0,18,3751,0.04165139855869061,90057
20260628,bottleneck_ae_q16,0,19,2810,0.031202460663801813,90057
20260628,bottleneck_ae_q16,0,20,1802,0.020009549507534117,90057
20260628,bottleneck_ae_q16,0,21,3771,0.041873480129251475,90057
20260628,bottleneck_ae_q16,0,22,2849,0.03163551972639551,90057
20260628,bottleneck_ae_q16,0,23,2760,0.030647256737399646,90057
20260628,bottleneck_ae_q16,0,24,2564,0.02847085734590315,90057
20260628,bottleneck_ae_q16,0,25,2583,0.028681834837935974,90057
20260628,bottleneck_ae_q16,0,26,2630,0.029203726528754012,90057
20260628,bottleneck_ae_q16,0,27,2605,0.02892612456555293,90057
20260628,bottleneck_ae_q16,0,28,2749,0.03052511187359117,90057
20260628,bottleneck_ae_q16,0,29,2581,0.028659626680879888,90057
20260628,bottleneck_ae_q16,0,30,2616,0.029048269429361406,90057
20260628,bottleneck_ae_q16,0,31,2651,0.02943691217784292,90057
20260628,bottleneck_ae_q16,1,0,3985,0.031657888255995935,125877
20260628,bottleneck_ae_q16,1,1,4203,0.03338973760099145,125877
20260628,bottleneck_ae_q16,1,2,3854,0.030617189796388538,125877
20260628,bottleneck_ae_q16,1,3,3731,0.029640045441184648,125877
20260628,bottleneck_ae_q16,1,4,2795,0.02220421522597456,125877
20260628,bottleneck_ae_q16,1,5,2779,0.022077107017167554,125877
20260628,bottleneck_ae_q16,1,6,3832,0.0304424160092789,125877
20260628,bottleneck_ae_q16,1,7,4927,0.03914138404950865,125877
20260628,bottleneck_ae_q16,1,8,4225,0.033564511388101084,125877
20260628,bottleneck_ae_q16,1,9,4249,0.0337551737013116,125877
20260628,bottleneck_ae_q16,1,10,3910,0.031062068527213074,125877
20260628,bottleneck_ae_q16,1,11,3801,0.030196143854715318,125877
20260628,bottleneck_ae_q16,1,12,2786,0.02213271685852062,125877
20260628,bottleneck_ae_q16,1,13,2893,0.0229827530049175,125877
20260628,bottleneck_ae_q16,1,14,3802,0.030204088117765756,125877
20260628,bottleneck_ae_q16,1,15,4907,0.03898249878849989,125877
20260628,bottleneck_ae_q16,1,16,4315,0.03427949506264051,125877
20260628,bottleneck_ae_q16,1,17,4346,0.034525767217204094,125877
20260628,bottleneck_ae_q16,1,18,3932,0.03123684231432271,125877
20260628,bottleneck_ae_q16,1,19,3863,0.03068868816384248,125877
20260628,bottleneck_ae_q16,1,20,2870,0.022800034954757423,125877
20260628,bottleneck_ae_q16,1,21,2862,0.022736480850353916,125877
20260628,bottleneck_ae_q16,1,22,3820,0.030347084852673643,125877
20260628,bottleneck_ae_q16,1,23,4921,0.03909371847120602,125877
20260628,bottleneck_ae_q16,1,24,4236,0.0336518982816559,125877
20260628,bottleneck_ae_q16,1,25,4343,0.03450193442805278,125877
20260628,bottleneck_ae_q16,1,26,4324,0.034350993430094456,125877
20260628,bottleneck_ae_q16,1,27,4274,0.03395378027757255,125877
20260628,bottleneck_ae_q16,1,28,4220,0.03352479007284889,125877
20260628,bottleneck_ae_q16,1,29,4309,0.03423182948433789,125877
20260628,bottleneck_ae_q16,1,30,4276,0.03396966880367343,125877
20260628,bottleneck_ae_q16,1,31,4287,0.03405705569722824,125877
20260628,bottleneck_ae_q16,2,0,2302,0.029431318400327297,78216
20260628,bottleneck_ae_q16,2,1,2246,0.028715352357573897,78216
20260628,bottleneck_ae_q16,2,2,2446,0.03127237393883604,78216
20260628,bottleneck_ae_q16,2,3,2440,0.03119566329139818,78216
20260628,bottleneck_ae_q16,2,4,4569,0.058415158023933725,78216
20260628,bottleneck_ae_q16,2,5,1508,0.01927994272271658,78216
20260628,bottleneck_ae_q16,2,6,3511,0.04488851385905697,78216
20260628,bottleneck_ae_q16,2,7,1453,0.01857676178786949,78216
20260628,bottleneck_ae_q16,2,8,2252,0.02879206300501176,78216
20260628,bottleneck_ae_q16,2,9,2177,0.027833179912038458,78216
20260628,bottleneck_ae_q16,2,10,2498,0.0319371995499642,78216
20260628,bottleneck_ae_q16,2,11,2477,0.03166871228393168,78216
20260628,bottleneck_ae_q16,2,12,4551,0.05818502608162013,78216
20260628,bottleneck_ae_q16,2,13,1455,0.01860233200368211,78216
20260628,bottleneck_ae_q16,2,14,3538,0.04523371177252736,78216
20260628,bottleneck_ae_q16,2,15,1431,0.018295489413930655,78216
20260628,bottleneck_ae_q16,2,16,2185,0.027935460775288943,78216
20260628,bottleneck_ae_q16,2,17,2139,0.02734734581159865,78216
20260628,bottleneck_ae_q16,2,18,2464,0.03150250588114964,78216
20260628,bottleneck_ae_q16,2,19,2456,0.03140022501789915,78216
20260628,bottleneck_ae_q16,2,20,4486,0.05735399406770993,78216
20260628,bottleneck_ae_q16,2,21,1445,0.018474480924619004,78216
20260628,bottleneck_ae_q16,2,22,3461,0.044249258463741434,78216
20260628,bottleneck_ae_q16,2,23,1484,0.01897310013296512,78216
20260628,bottleneck_ae_q16,2,24,2197,0.02808888207016467,78216
20260628,bottleneck_ae_q16,2,25,2141,0.027372916027411272,78216
20260628,bottleneck_ae_q16,2,26,2136,0.027308990487879718,78216
20260628,bottleneck_ae_q16,2,27,2187,0.027961030991101563,78216
20260628,bottleneck_ae_q16,2,28,2136,0.027308990487879718,78216
20260628,bottleneck_ae_q16,2,29,2149,0.027475196890661756,78216
20260628,bottleneck_ae_q16,2,30,2176,0.027820394804132148,78216
20260628,bottleneck_ae_q16,2,31,2120,0.027104428761378745,78216
20260628,bottleneck_ae_q16,3,0,3296,0.03327074879373347,99066
20260628,bottleneck_ae_q16,3,1,3183,0.03213009508812307,99066
20260628,bottleneck_ae_q16,3,2,2221,0.022419397169563725,99066
20260628,bottleneck_ae_q16,3,3,3182,0.032120000807542445,99066
20260628,bottleneck_ae_q16,3,4,3197,0.03227141501625179,99066
20260628,bottleneck_ae_q16,3,5,4172,0.04211333858235924,99066
20260628,bottleneck_ae_q16,3,6,2188,0.022086285910403167,99066
20260628,bottleneck_ae_q16,3,7,3158,0.03187773807360749,99066
20260628,bottleneck_ae_q16,3,8,3192,0.03222094361334868,99066
20260628,bottleneck_ae_q16,3,9,3273,0.03303858034037914,99066
20260628,bottleneck_ae_q16,3,10,2087,0.021066763571760242,99066
20260628,bottleneck_ae_q16,3,11,3143,0.03172632386489815,99066
20260628,bottleneck_ae_q16,3,12,3204,0.03234207498031615,99066
20260628,bottleneck_ae_q16,3,13,4205,0.042446449841519795,99066
20260628,bottleneck_ae_q16,3,14,2138,0.021581571881372014,99066
20260628,bottleneck_ae_q16,3,15,3164,0.03193830375709123,99066
20260628,bottleneck_ae_q16,3,16,3156,0.03185754951244625,99066
20260628,bottleneck_ae_q16,3,17,3172,0.03201905800173622,99066
20260628,bottleneck_ae_q16,3,18,2141,0.021611854723113885,99066
20260628,bottleneck_ae_q16,3,19,3159,0.031887832354188114,99066
20260628,bottleneck_ae_q16,3,20,3130,0.03159509821735005,99066
20260628,bottleneck_ae_q16,3,21,4210,0.04249692124442291,99066
20260628,bottleneck_ae_q16,3,22,2158,0.021783457492984475,99066
20260628,bottleneck_ae_q16,3,23,3123,0.031524438253285686,99066
20260628,bottleneck_ae_q16,3,24,3291,0.033220277390830354,99066
20260628,bottleneck_ae_q16,3,25,3221,0.032513677750186744,99066
20260628,bottleneck_ae_q16,3,26,3198,0.03228150929683241,99066
20260628,bottleneck_ae_q16,3,27,3222,0.03252377203076737,99066
20260628,bottleneck_ae_q16,3,28,3183,0.03213009508812307,99066
20260628,bottleneck_ae_q16,3,29,3249,0.03279631760644419,99066
20260628,bottleneck_ae_q16,3,30,3220,0.03250358346960612,99066
20260628,bottleneck_ae_q16,3,31,3230,0.032604526275412354,99066
20260628,bottleneck_ae_q32,0,0,3461,0.030857978405656256,112159
20260628,bottleneck_ae_q32,0,1,3611,0.03219536550789504,112159
20260628,bottleneck_ae_q32,0,2,3438,0.030652912383312976,112159
20260628,bottleneck_ae_q32,0,3,2517,0.02244135557556683,112159
20260628,bottleneck_ae_q32,0,4,3448,0.030742071523462228,112159
20260628,bottleneck_ae_q32,0,5,3449,0.030750987437477152,112159
20260628,bottleneck_ae_q32,0,6,2469,0.022013391702850417,112159
20260628,bottleneck_ae_q32,0,7,4526,0.04035342683155164,112159
20260628,bottleneck_ae_q32,0,8,3746,0.03339901389990995,112159
20260628,bottleneck_ae_q32,0,9,3859,0.0344065121835965,112159
20260628,bottleneck_ae_q32,0,10,3479,0.03101846485792491,112159
20260628,bottleneck_ae_q32,0,11,2505,0.022334364607387726,112159
20260628,bottleneck_ae_q32,0,12,3508,0.031277026364357745,112159
20260628,bottleneck_ae_q32,0,13,3537,0.031535587870790575,112159
20260628,bottleneck_ae_q32,0,14,2509,0.022370028263447427,112159
20260628,bottleneck_ae_q32,0,15,4544,0.04051391328382029,112159
20260628,bottleneck_ae_q32,0,16,3735,0.033300938845745774,112159
20260628,bottleneck_ae_q32,0,17,3782,0.03371998680444726,112159
20260628,bottleneck_ae_q32,0,18,3506,0.03125919453632789,112159
20260628,bottleneck_ae_q32,0,19,2523,0.02249485105965638,112159
20260628,bottleneck_ae_q32,0,20,3511,0.03130377410640252,112159
20260628,bottleneck_ae_q32,0,21,3539,0.031553419698820424,112159
20260628,bottleneck_ae_q32,0,22,2485,0.022156046327089222,112159
20260628,bottleneck_ae_q32,0,23,4538,0.04046041779973074,112159
20260628,bottleneck_ae_q32,0,24,3761,0.033532752610133824,112159
20260628,bottleneck_ae_q32,0,25,3823,0.03408553927905919,112159
20260628,bottleneck_ae_q32,0,26,3785,0.03374673454649203,112159
20260628,bottleneck_ae_q32,0,27,3763,0.03355058443816368,112159
20260628,bottleneck_ae_q32,0,28,3749,0.033425761641954724,112159
20260628,bottleneck_ae_q32,0,29,3707,0.03305129325332787,112159
20260628,bottleneck_ae_q32,0,30,3743,0.03337226615786518,112159
20260628,bottleneck_ae_q32,0,31,3603,0.03212403819577564,112159
20260628,bottleneck_ae_q32,1,0,2386,0.029427725703009375,81080
20260628,bottleneck_ae_q32,1,1,2360,0.029107054760730142,81080
20260628,bottleneck_ae_q32,1,2,4690,0.057844104588061176,81080
20260628,bottleneck_ae_q32,1,3,2619,0.032301430685742476,81080
20260628,bottleneck_ae_q32,1,4,1643,0.020263936852491365,81080
20260628,bottleneck_ae_q32,1,5,2686,0.03312777503700049,81080
20260628,bottleneck_ae_q32,1,6,2626,0.03238776517020227,81080
20260628,bottleneck_ae_q32,1,7,1625,0.0200419338924519,81080
20260628,bottleneck_ae_q32,1,8,2432,0.02999506660088801,81080
20260628,bottleneck_ae_q32,1,9,2357,0.029070054267390233,81080
20260628,bottleneck_ae_q32,1,10,4707,0.058053774050320674,81080
20260628,bottleneck_ae_q32,1,11,2664,0.03285643808584114,81080
20260628,bottleneck_ae_q32,1,12,1663,0.020510606808090776,81080
20260628,bottleneck_ae_q32,1,13,2590,0.031943759250123334,81080
20260628,bottleneck_ae_q32,1,14,2679,0.0330414405525407,81080
20260628,bottleneck_ae_q32,1,15,1618,0.019955599407992106,81080
20260628,bottleneck_ae_q32,1,16,2392,0.029501726689689197,81080
20260628,bottleneck_ae_q32,1,17,2353,0.02902072027627035,81080
20260628,bottleneck_ae_q32,1,18,4665,0.057535767143561914,81080
20260628,bottleneck_ae_q32,1,19,2663,0.032844104588061175,81080
20260628,bottleneck_ae_q32,1,20,1612,0.019881598421312284,81080
20260628,bottleneck_ae_q32,1,21,2623,0.032350764676862355,81080
20260628,bottleneck_ae_q32,1,22,2562,0.031598421312284165,81080
20260628,bottleneck_ae_q32,1,23,1582,0.019511593487913172,81080
20260628,bottleneck_ae_q32,1,24,2389,0.029464726196349284,81080
20260628,bottleneck_ae_q32,1,25,2357,0.029070054267390233,81080
20260628,bottleneck_ae_q32,1,26,2431,0.02998273310310804,81080
20260628,bottleneck_ae_q32,1,27,2393,0.029514060187469167,81080
20260628,bottleneck_ae_q32,1,28,2431,0.02998273310310804,81080
20260628,bottleneck_ae_q32,1,29,2412,0.029748396645288604,81080
20260628,bottleneck_ae_q32,1,30,2367,0.029193389245189934,81080
20260628,bottleneck_ae_q32,1,31,2503,0.030870744943265912,81080
20260628,bottleneck_ae_q32,2,0,2525,0.02863720909132151,88172
20260628,bottleneck_ae_q32,2,1,2429,0.027548428072403937,88172
20260628,bottleneck_ae_q32,2,2,1593,0.01806696003266343,88172
20260628,bottleneck_ae_q32,2,3,2577,0.029226965476568525,88172
20260628,bottleneck_ae_q32,2,4,4637,0.05259039150750805,88172
20260628,bottleneck_ae_q32,2,5,2510,0.028467087057115637,88172
20260628,bottleneck_ae_q32,2,6,3582,0.040625141768361836,88172
20260628,bottleneck_ae_q32,2,7,3574,0.04053441001678537,88172
20260628,bottleneck_ae_q32,2,8,2275,0.025801841854557,88172
20260628,bottleneck_ae_q32,2,9,2266,0.02569976863403348,88172
20260628,bottleneck_ae_q32,2,10,1496,0.016966837544798802,88172
20260628,bottleneck_ae_q32,2,11,2563,0.029068184911309712,88172
20260628,bottleneck_ae_q32,2,12,4611,0.052295513314884544,88172
20260628,bottleneck_ae_q32,2,13,2580,0.0292609898834097,88172
20260628,bottleneck_ae_q32,2,14,3591,0.04072721498888536,88172
20260628,bottleneck_ae_q32,2,15,3615,0.04099941024361475,88172
20260628,bottleneck_ae_q32,2,16,2282,0.02588123213718641,88172
20260628,bottleneck_ae_q32,2,17,2331,0.02643696411559225,88172
20260628,bottleneck_ae_q32,2,18,1581,0.017930862405298734,88172
20260628,bottleneck_ae_q32,2,19,2609,0.029589892482874382,88172
20260628,bottleneck_ae_q32,2,20,4640,0.05262441591434923,88172
20260628,bottleneck_ae_q32,2,21,2592,0.029397087510774394,88172
20260628,bottleneck_ae_q32,2,22,3615,0.04099941024361475,88172
20260628,bottleneck_ae_q32,2,23,3554,0.04030758063784421,88172
20260628,bottleneck_ae_q32,2,24,2289,0.025960622419815813,88172
20260628,bottleneck_ae_q32,2,25,2301,0.02609672004718051,88172
20260628,bottleneck_ae_q32,2,26,2311,0.02621013473665109,88172
20260628,bottleneck_ae_q32,2,27,2218,0.025155378124574693,88172
20260628,bottleneck_ae_q32,2,28,2285,0.02591525654402758,88172
20260628,bottleneck_ae_q32,2,29,2347,0.02661842761874518,88172
20260628,bottleneck_ae_q32,2,30,2343,0.026573061742956948,88172
20260628,bottleneck_ae_q32,2,31,2450,0.027786598920292158,88172
20260628,bottleneck_ae_q32,3,0,3916,0.03502526720629668,111805
20260628,bottleneck_ae_q32,3,1,3888,0.03477483117928536,111805
20260628,bottleneck_ae_q32,3,2,2567,0.022959617190644425,111805
20260628,bottleneck_ae_q32,3,3,4575,0.040919457984884396,111805
20260628,bottleneck_ae_q32,3,4,2560,0.022897008183891596,111805
20260628,bottleneck_ae_q32,3,5,3643,0.03258351594293636,111805
20260628,bottleneck_ae_q32,3,6,3611,0.03229730334063772,111805
20260628,bottleneck_ae_q32,3,7,2563,0.022923840615357096,111805
20260628,bottleneck_ae_q32,3,8,3835,0.03430079155672823,111805
20260628,bottleneck_ae_q32,3,9,3806,0.03404141138589509,111805
20260628,bottleneck_ae_q32,3,10,2606,0.0233084387996959,111805
20260628,bottleneck_ae_q32,3,11,4556,0.04074951925226958,111805
20260628,bottleneck_ae_q32,3,12,2506,0.022414024417512633,111805
20260628,bottleneck_ae_q32,3,13,3581,0.032028979025982736,111805
20260628,bottleneck_ae_q32,3,14,3509,0.031385000670810785,111805
20260628,bottleneck_ae_q32,3,15,2511,0.022458745136621796,111805
20260628,bottleneck_ae_q32,3,16,3879,0.03469433388488887,111805
20260628,bottleneck_ae_q32,3,17,3822,0.034184517687044405,111805
20260628,bottleneck_ae_q32,3,18,2536,0.022682348732167613,111805
20260628,bottleneck_ae_q32,3,19,4493,0.04018603819149412,111805
20260628,bottleneck_ae_q32,3,20,2525,0.022583963150127454,111805
20260628,bottleneck_ae_q32,3,21,3534,0.0316086042663566,111805
20260628,bottleneck_ae_q32,3,22,3626,0.03243146549796521,111805
20260628,bottleneck_ae_q32,3,23,2614,0.02337999195027056,111805
20260628,bottleneck_ae_q32,3,24,3849,0.03442600957023389,111805
20260628,bottleneck_ae_q32,3,25,3807,0.03405035552971692,111805
20260628,bottleneck_ae_q32,3,26,3761,0.03363892491391261,111805
20260628,bottleneck_ae_q32,3,27,3914,0.035007378918653013,111805
20260628,bottleneck_ae_q32,3,28,3823,0.03419346183086624,111805
20260628,bottleneck_ae_q32,3,29,3822,0.034184517687044405,111805
20260628,bottleneck_ae_q32,3,30,3835,0.03430079155672823,111805
20260628,bottleneck_ae_q32,3,31,3732,0.03337954474307947,111805
20260628,sae_l1_4x,0,0,2044,0.02862745098039216,71400
20260628,sae_l1_4x,0,1,2071,0.02900560224089636,71400
20260628,sae_l1_4x,0,2,1398,0.019579831932773108,71400
20260628,sae_l1_4x,0,3,2419,0.03387955182072829,71400
20260628,sae_l1_4x,0,4,4427,0.06200280112044818,71400
20260628,sae_l1_4x,0,5,1358,0.019019607843137255,71400
20260628,sae_l1_4x,0,6,1308,0.018319327731092436,71400
20260628,sae_l1_4x,0,7,3356,0.047002801120448176,71400
20260628,sae_l1_4x,0,8,1974,0.027647058823529413,71400
20260628,sae_l1_4x,0,9,2077,0.029089635854341735,71400
20260628,sae_l1_4x,0,10,1364,0.019103641456582634,71400
20260628,sae_l1_4x,0,11,2375,0.03326330532212885,71400
20260628,sae_l1_4x,0,12,4465,0.06253501400560224,71400
20260628,sae_l1_4x,0,13,1341,0.018781512605042017,71400
20260628,sae_l1_4x,0,14,1339,0.018753501400560223,71400
20260628,sae_l1_4x,0,15,3447,0.04827731092436975,71400
20260628,sae_l1_4x,0,16,1954,0.027366946778711484,71400
20260628,sae_l1_4x,0,17,1986,0.027815126050420167,71400
20260628,sae_l1_4x,0,18,1353,0.018949579831932774,71400
20260628,sae_l1_4x,0,19,2380,0.03333333333333333,71400
20260628,sae_l1_4x,0,20,4445,0.062254901960784315,71400
20260628,sae_l1_4x,0,21,1394,0.019523809523809523,71400
20260628,sae_l1_4x,0,22,1436,0.02011204481792717,71400
20260628,sae_l1_4x,0,23,3439,0.048165266106442575,71400
20260628,sae_l1_4x,0,24,1990,0.027871148459383755,71400
20260628,sae_l1_4x,0,25,2000,0.028011204481792718,71400
20260628,sae_l1_4x,0,26,2044,0.02862745098039216,71400
20260628,sae_l1_4x,0,27,2014,0.028207282913165266,71400
20260628,sae_l1_4x,0,28,2094,0.029327731092436974,71400
20260628,sae_l1_4x,0,29,2053,0.028753501400560225,71400
20260628,sae_l1_4x,0,30,2029,0.02841736694677871,71400
20260628,sae_l1_4x,0,31,2026,0.028375350140056023,71400
20260628,sae_l1_4x,1,0,3052,0.03115048583326529,97976
20260628,sae_l1_4x,1,1,3016,0.030783048909937126,97976
20260628,sae_l1_4x,1,2,5113,0.05218624969380256,97976
20260628,sae_l1_4x,1,3,3028,0.03090552788437985,97976
20260628,sae_l1_4x,1,4,2038,0.020801012492855393,97976
20260628,sae_l1_4x,1,5,2038,0.020801012492855393,97976
20260628,sae_l1_4x,1,6,3146,0.032109904466399934,97976
20260628,sae_l1_4x,1,7,3157,0.032222176859639094,97976
20260628,sae_l1_4x,1,8,3133,0.031977218910753655,97976
20260628,sae_l1_4x,1,9,3038,0.03100759369641545,97976
20260628,sae_l1_4x,1,10,5124,0.05229852208704172,97976
20260628,sae_l1_4x,1,11,3063,0.03126275822650445,97976
20260628,sae_l1_4x,1,12,2097,0.021403200783865435,97976
20260628,sae_l1_4x,1,13,2029,0.020709153262023352,97976
20260628,sae_l1_4x,1,14,3015,0.030772842328733566,97976
20260628,sae_l1_4x,1,15,3052,0.03115048583326529,97976
20260628,sae_l1_4x,1,16,3079,0.03142606352576141,97976
20260628,sae_l1_4x,1,17,3081,0.03144647668816853,97976
20260628,sae_l1_4x,1,18,5096,0.05201273781334204,97976
20260628,sae_l1_4x,1,19,3055,0.03118110557687597,97976
20260628,sae_l1_4x,1,20,2005,0.020464195313137912,97976
20260628,sae_l1_4x,1,21,2072,0.021148036253776436,97976
20260628,sae_l1_4x,1,22,3009,0.030711602841512208,97976
20260628,sae_l1_4x,1,23,3057,0.03120151873928309,97976
20260628,sae_l1_4x,1,24,3051,0.03114027925206173,97976
20260628,sae_l1_4x,1,25,3034,0.030966767371601207,97976
20260628,sae_l1_4x,1,26,3000,0.030619743610680168,97976
20260628,sae_l1_4x,1,27,3069,0.031323997713725814,97976
20260628,sae_l1_4x,1,28,3016,0.030783048909937126,97976
20260628,sae_l1_4x,1,29,3016,0.030783048909937126,97976
20260628,sae_l1_4x,1,30,3074,0.03137503061974361,97976
20260628,sae_l1_4x,1,31,3123,0.03187515309871805,97976
20260628,sae_l1_4x,2,0,3058,0.030084212183220525,101648
20260628,sae_l1_4x,2,1,3181,0.031294270423422005,101648
20260628,sae_l1_4x,2,2,2101,0.020669368802140722,101648
20260628,sae_l1_4x,2,3,4154,0.04086651975444672,101648
20260628,sae_l1_4x,2,4,2035,0.020020069258617976,101648
20260628,sae_l1_4x,2,5,4172,0.04104360144813474,101648
20260628,sae_l1_4x,2,6,3076,0.030261293876908547,101648
20260628,sae_l1_4x,2,7,3134,0.030831890445458837,101648
20260628,sae_l1_4x,2,8,3236,0.03183535337635763,101648
20260628,sae_l1_4x,2,9,3190,0.031382811270266014,101648
20260628,sae_l1_4x,2,10,2178,0.02142688493625059,101648
20260628,sae_l1_4x,2,11,4170,0.041023925704391624,101648
20260628,sae_l1_4x,2,12,2109,0.020748071777113176,101648
20260628,sae_l1_4x,2,13,4143,0.040758303163859595,101648
20260628,sae_l1_4x,2,14,3194,0.031422162757752246,101648
20260628,sae_l1_4x,2,15,3164,0.031127026601605542,101648
20260628,sae_l1_4x,2,16,3233,0.03180583976074296,101648
20260628,sae_l1_4x,2,17,3170,0.031186053832834883,101648
20260628,sae_l1_4x,2,18,2166,0.02130883047379191,101648
20260628,sae_l1_4x,2,19,4189,0.0412108452699512,101648
20260628,sae_l1_4x,2,20,2146,0.021112073036360774,101648
20260628,sae_l1_4x,2,21,4157,0.04089603337006139,101648
20260628,sae_l1_4x,2,22,3197,0.03145167637336691,101648
20260628,sae_l1_4x,2,23,3172,0.031205729576577995,101648
20260628,sae_l1_4x,2,24,3280,0.032268219738706125,101648
20260628,sae_l1_4x,2,25,3212,0.031599244451440266,101648
20260628,sae_l1_4x,2,26,3336,0.0328191405635133,101648
20260628,sae_l1_4x,2,27,3229,0.03176648827325673,101648
20260628,sae_l1_4x,2,28,3242,0.03189438060758697,101648
20260628,sae_l1_4x,2,29,3208,0.03155989296395404,101648
20260628,sae_l1_4x,2,30,3188,0.0313631355265229,101648
20260628,sae_l1_4x,2,31,3228,0.03175665040138517,101648
20260628,sae_l1_4x,3,0,4134,0.033832002095063506,122192
20260628,sae_l1_4x,3,1,4020,0.03289904412727511,122192
20260628,sae_l1_4x,3,2,3676,0.030083802540264503,122192
20260628,sae_l1_4x,3,3,2687,0.02198998297760901,122192
20260628,sae_l1_4x,3,4,3788,0.03100039282440749,122192
20260628,sae_l1_4x,3,5,4720,0.03862773340316878,122192
20260628,sae_l1_4x,3,6,4758,0.038938719392431584,122192
20260628,sae_l1_4x,3,7,2641,0.021613526253764566,122192
20260628,sae_l1_4x,3,8,3945,0.03228525599057221,122192
20260628,sae_l1_4x,3,9,3983,0.03259624197983502,122192
20260628,sae_l1_4x,3,10,3622,0.02964187508183842,122192
20260628,sae_l1_4x,3,11,2680,0.021932696084850073,122192
20260628,sae_l1_4x,3,12,3617,0.02960095587272489,122192
20260628,sae_l1_4x,3,13,4775,0.039077844703417575,122192
20260628,sae_l1_4x,3,14,4740,0.03879141023962289,122192
20260628,sae_l1_4x,3,15,2625,0.021482584784601282,122192
20260628,sae_l1_4x,3,16,4022,0.03291541181092052,122192
20260628,sae_l1_4x,3,17,4051,0.03315274322377897,122192
20260628,sae_l1_4x,3,18,3673,0.030059251014796385,122192
20260628,sae_l1_4x,3,19,2664,0.02180175461568679,122192
20260628,sae_l1_4x,3,20,3692,0.030214744009427787,122192
20260628,sae_l1_4x,3,21,4665,0.03817762210291999,122192
20260628,sae_l1_4x,3,22,4646,0.038022129108288595,122192
20260628,sae_l1_4x,3,23,2620,0.021441665575487757,122192
20260628,sae_l1_4x,3,24,3967,0.03246530051067173,122192
20260628,sae_l1_4x,3,25,4042,0.033079088647374626,122192
20260628,sae_l1_4x,3,26,3908,0.03198245384313212,122192
20260628,sae_l1_4x,3,27,3976,0.03253895508707608,122192
20260628,sae_l1_4x,3,28,3936,0.032211601414167866,122192
20260628,sae_l1_4x,3,29,4011,0.03282538955087076,122192
20260628,sae_l1_4x,3,30,3997,0.03271081576535289,122192
20260628,sae_l1_4x,3,31,3911,0.03200700536860024,122192
20260628,sae_topk_4x,0,4,1024,0.08333333333333333,12288
20260628,sae_topk_4x,0,5,1024,0.08333333333333333,12288
20260628,sae_topk_4x,0,6,2048,0.16666666666666666,12288
20260628,sae_topk_4x,0,12,1024,0.08333333333333333,12288
20260628,sae_topk_4x,0,13,1024,0.08333333333333333,12288
20260628,sae_topk_4x,0,14,2048,0.16666666666666666,12288
20260628,sae_topk_4x,0,20,1024,0.08333333333333333,12288
20260628,sae_topk_4x,0,21,1024,0.08333333333333333,12288
20260628,sae_topk_4x,0,22,2048,0.16666666666666666,12288
20260628,sae_topk_4x,1,0,308,0.02704126426690079,11390
20260628,sae_topk_4x,1,1,340,0.029850746268656716,11390
20260628,sae_topk_4x,1,2,256,0.02247585601404741,11390
20260628,sae_topk_4x,1,3,191,0.016769095697980685,11390
20260628,sae_topk_4x,1,4,230,0.02019315188762072,11390
20260628,sae_topk_4x,1,5,189,0.01659350307287094,11390
20260628,sae_topk_4x,1,6,197,0.01729587357330992,11390
20260628,sae_topk_4x,1,7,1257,0.11035996488147498,11390
20260628,sae_topk_4x,1,8,328,0.028797190517998245,11390
20260628,sae_topk_4x,1,9,297,0.02607550482879719,11390
20260628,sae_topk_4x,1,10,226,0.019841966637401228,11390
20260628,sae_topk_4x,1,11,219,0.01922739244951712,11390
20260628,sae_topk_4x,1,12,218,0.01913959613696225,11390
20260628,sae_topk_4x,1,13,209,0.018349429323968394,11390
20260628,sae_topk_4x,1,14,225,0.019754170324846356,11390
20260628,sae_topk_4x,1,15,1256,0.11027216856892011,11390
20260628,sae_topk_4x,1,16,306,0.026865671641791045,11390
20260628,sae_topk_4x,1,17,323,0.028358208955223882,11390
20260628,sae_topk_4x,1,18,210,0.018437225636523266,11390
20260628,sae_topk_4x,1,19,243,0.021334503950834065,11390
20260628,sae_topk_4x,1,20,202,0.017734855136084283,11390
20260628,sae_topk_4x,1,21,197,0.01729587357330992,11390
20260628,sae_topk_4x,1,22,196,0.017208077260755048,11390
20260628,sae_topk_4x,1,23,1210,0.10623353819139596,11390
20260628,sae_topk_4x,1,24,318,0.02791922739244952,11390
20260628,sae_topk_4x,1,25,344,0.030201931518876207,11390
20260628,sae_topk_4x,1,26,321,0.028182616330114135,11390
20260628,sae_topk_4x,1,27,308,0.02704126426690079,11390
20260628,sae_topk_4x,1,28,317,0.027831431079894643,11390
20260628,sae_topk_4x,1,29,323,0.028358208955223882,11390
20260628,sae_topk_4x,1,30,320,0.028094820017559263,11390
20260628,sae_topk_4x,1,31,306,0.026865671641791045,11390
20260628,sae_topk_4x,2,3,1024,0.3333333333333333,3072
20260628,sae_topk_4x,2,11,1024,0.3333333333333333,3072
20260628,sae_topk_4x,2,19,1024,0.3333333333333333,3072
20260628,sae_topk_4x,3,0,11980,0.032690617956372486,366466
20260628,sae_topk_4x,3,1,11948,0.032603297440963144,366466
20260628,sae_topk_4x,3,2,12032,0.032832513793912665,366466
20260628,sae_topk_4x,3,3,11073,0.030215627097738944,366466
20260628,sae_topk_4x,3,4,11034,0.03010920521958381,366466
20260628,sae_topk_4x,3,5,11075,0.030221084629952027,366466
20260628,sae_topk_4x,3,6,10043,0.027404998008000742,366466
20260628,sae_topk_4x,3,7,11031,0.030101018921264183,366466
20260628,sae_topk_4x,3,8,11960,0.03263604263424165,366466
20260628,sae_topk_4x,3,9,11991,0.03272063438354445,366466
20260628,sae_topk_4x,3,10,12062,0.03291437677710893,366466
20260628,sae_topk_4x,3,11,11045,0.03013922164675577,366466
20260628,sae_topk_4x,3,12,11046,0.03014195041286231,366466
20260628,sae_topk_4x,3,13,11055,0.03016650930782119,366466
20260628,sae_topk_4x,3,14,10015,0.027328592557017566,366466
20260628,sae_topk_4x,3,15,11032,0.030103747687370723,366466
20260628,sae_topk_4x,3,16,11982,0.03269607548858557,366466
20260628,sae_topk_4x,3,17,11965,0.032649686464774355,366466
20260628,sae_topk_4x,3,18,12078,0.0329580370348136,366466
20260628,sae_topk_4x,3,19,11021,0.030073731260198765,366466
20260628,sae_topk_4x,3,20,11062,0.030185610670566982,366466
20260628,sae_topk_4x,3,21,11067,0.03019925450109969,366466
20260628,sae_topk_4x,3,22,10044,0.027407726774107286,366466
20260628,sae_topk_4x,3,23,11078,0.030229270928271653,366466
20260628,sae_topk_4x,3,24,11970,0.03266333029530707,366466
20260628,sae_topk_4x,3,25,11944,0.03259238237653698,366466
20260628,sae_topk_4x,3,26,11967,0.03265514399698744,366466
20260628,sae_topk_4x,3,27,11980,0.032690617956372486,366466
20260628,sae_topk_4x,3,28,11971,0.03266605906141361,366466
20260628,sae_topk_4x,3,29,11965,0.032649686464774355,366466
20260628,sae_topk_4x,3,30,11968,0.03265787276309398,366466
20260628,sae_topk_4x,3,31,11982,0.03269607548858557,366466
20260628,sae_l1_8x,0,0,4501,0.03577361129877046,125819
20260628,sae_l1_8x,0,1,4469,0.03551927769255836,125819
20260628,sae_l1_8x,0,2,2924,0.023239733267630486,125819
20260628,sae_l1_8x,0,3,2906,0.02309667061413618,125819
20260628,sae_l1_8x,0,4,2873,0.022834389082729955,125819
20260628,sae_l1_8x,0,5,4950,0.039342229710933964,125819
20260628,sae_l1_8x,0,6,2900,0.02304898306297141,125819
20260628,sae_l1_8x,0,7,5061,0.040224449407482175,125819
20260628,sae_l1_8x,0,8,4378,0.0347960164998927,125819
20260628,sae_l1_8x,0,9,4394,0.034923183302998755,125819
20260628,sae_l1_8x,0,10,2918,0.023192045716465718,125819
20260628,sae_l1_8x,0,11,2888,0.022953607960641876,125819
20260628,sae_l1_8x,0,12,2915,0.023168201940883332,125819
20260628,sae_l1_8x,0,13,5012,0.0398350010729699,125819
20260628,sae_l1_8x,0,14,2912,0.023144358165300947,125819
20260628,sae_l1_8x,0,15,4955,0.039381969336904604,125819
20260628,sae_l1_8x,0,16,4403,0.034994714629745904,125819
20260628,sae_l1_8x,0,17,4282,0.034033015681256405,125819
20260628,sae_l1_8x,0,18,2730,0.02169783577996964,125819
20260628,sae_l1_8x,0,19,2806,0.022301878094723372,125819
20260628,sae_l1_8x,0,20,2975,0.023645077452531017,125819
20260628,sae_l1_8x,0,21,4949,0.03933428178573983,125819
20260628,sae_l1_8x,0,22,2924,0.023239733267630486,125819
20260628,sae_l1_8x,0,23,4953,0.03936607348651634,125819
20260628,sae_l1_8x,0,24,4317,0.03431119306305089,125819
20260628,sae_l1_8x,0,25,4396,0.03493907915338701,125819
20260628,sae_l1_8x,0,26,4388,0.03487549575183398,125819
20260628,sae_l1_8x,0,27,4419,0.035121881432851956,125819
20260628,sae_l1_8x,0,28,4387,0.03486754782663985,125819
20260628,sae_l1_8x,0,29,4305,0.03421581796072135,125819
20260628,sae_l1_8x,0,30,4294,0.03412839078358595,125819
20260628,sae_l1_8x,0,31,4335,0.034454255716545194,125819
20260628,sae_l1_8x,1,0,4324,0.034547226794074876,125162
20260628,sae_l1_8x,1,1,4350,0.03475495757498282,125162
20260628,sae_l1_8x,1,2,3945,0.03151915118007063,125162
20260628,sae_l1_8x,1,3,3959,0.031631006215944134,125162
20260628,sae_l1_8x,1,4,3911,0.031247503235806395,125162
20260628,sae_l1_8x,1,5,3928,0.03138332720793851,125162
20260628,sae_l1_8x,1,6,2889,0.023082085617040317,125162
20260628,sae_l1_8x,1,7,2844,0.022722551573161182,125162
20260628,sae_l1_8x,1,8,4269,0.03410779629600039,125162
20260628,sae_l1_8x,1,9,4335,0.03463511289368978,125162
20260628,sae_l1_8x,1,10,3834,0.030632300538502102,125162
20260628,sae_l1_8x,1,11,3947,0.0315351304709097,125162
20260628,sae_l1_8x,1,12,3914,0.031271472172065,125162
20260628,sae_l1_8x,1,13,3819,0.030512455857209058,125162
20260628,sae_l1_8x,1,14,2931,0.02341765072466084,125162
20260628,sae_l1_8x,1,15,2895,0.023130023489557533,125162
20260628,sae_l1_8x,1,16,4381,0.035002636582988446,125162
20260628,sae_l1_8x,1,17,4416,0.03528227417267222,125162
20260628,sae_l1_8x,1,18,4013,0.03206244706859909,125162
20260628,sae_l1_8x,1,19,3957,0.031615026925105066,125162
20260628,sae_l1_8x,1,20,3909,0.031231523944967324,125162
20260628,sae_l1_8x,1,21,3918,0.03130343075374315,125162
20260628,sae_l1_8x,1,22,2853,0.02279445838193701,125162
20260628,sae_l1_8x,1,23,2899,0.023161982071235678,125162
20260628,sae_l1_8x,1,24,4341,0.034683050766206994,125162
20260628,sae_l1_8x,1,25,4395,0.03511449161886195,125162
20260628,sae_l1_8x,1,26,4321,0.03452325785781627,125162
20260628,sae_l1_8x,1,27,4348,0.03473897828414375,125162
20260628,sae_l1_8x,1,28,4284,0.03422764097729343,125162
20260628,sae_l1_8x,1,29,4311,0.034443361403620906,125162
20260628,sae_l1_8x,1,30,4380,0.03499464693756891,125162
20260628,sae_l1_8x,1,31,4342,0.03469104041162653,125162
20260628,sae_l1_8x,2,0,1978,0.027607961365603104,71646
20260628,sae_l1_8x,2,1,1979,0.02762191887893253,71646
20260628,sae_l1_8x,2,2,1409,0.019666136281160148,71646
20260628,sae_l1_8x,2,3,2363,0.032981603997431816,71646
20260628,sae_l1_8x,2,4,2463,0.03437735533037434,71646
20260628,sae_l1_8x,2,5,1323,0.018465790134829577,71646
20260628,sae_l1_8x,2,6,3355,0.04682745722022164,71646
20260628,sae_l1_8x,2,7,3331,0.04649247690031544,71646
20260628,sae_l1_8x,2,8,2050,0.02861290232532172,71646
20260628,sae_l1_8x,2,9,2014,0.028110431845462414,71646
20260628,sae_l1_8x,2,10,1399,0.019526561147865898,71646
20260628,sae_l1_8x,2,11,2386,0.0333026268040086,71646
20260628,sae_l1_8x,2,12,2407,0.03359573458392653,71646
20260628,sae_l1_8x,2,13,1395,0.019470731094548194,71646
20260628,sae_l1_8x,2,14,3387,0.047274097646763255,71646
20260628,sae_l1_8x,2,15,3463,0.04833486865979957,71646
20260628,sae_l1_8x,2,16,1992,0.027803366552215058,71646
20260628,sae_l1_8x,2,17,2032,0.028361667085392065,71646
20260628,sae_l1_8x,2,18,1393,0.019442816067889345,71646
20260628,sae_l1_8x,2,19,2401,0.03351198950394998,71646
20260628,sae_l1_8x,2,20,2354,0.03285598637746699,71646
20260628,sae_l1_8x,2,21,1383,0.01930324093459509,71646
20260628,sae_l1_8x,2,22,3434,0.04793010077324624,71646
20260628,sae_l1_8x,2,23,3453,0.04819529352650532,71646
20260628,sae_l1_8x,2,24,2042,0.02850124221868632,71646
20260628,sae_l1_8x,2,25,2038,0.028445412165368618,71646
20260628,sae_l1_8x,2,26,2094,0.02922703291181643,71646
20260628,sae_l1_8x,2,27,2012,0.02808251681880356,71646
20260628,sae_l1_8x,2,28,2031,0.028347709572062642,71646
20260628,sae_l1_8x,2,29,2078,0.02900371269854563,71646
20260628,sae_l1_8x,2,30,2110,0.029450353125087234,71646
20260628,sae_l1_8x,2,31,2097,0.029268905451804706,71646
20260628,sae_l1_8x,3,0,1485,0.02103727209621896,70589
20260628,sae_l1_8x,3,1,1490,0.021108104662199492,70589
20260628,sae_l1_8x,3,2,4010,0.056807717916389236,70589
20260628,sae_l1_8x,3,3,3060,0.04334953038008755,70589
20260628,sae_l1_8x,3,4,3041,0.043080366629361516,70589
20260628,sae_l1_8x,3,5,2087,0.029565513040275396,70589
20260628,sae_l1_8x,3,6,3144,0.04453951748856054,70589
20260628,sae_l1_8x,3,7,1052,0.014903171882304608,70589
20260628,sae_l1_8x,3,8,1591,0.022538922495006303,70589
20260628,sae_l1_8x,3,9,1545,0.02188726288798538,70589
20260628,sae_l1_8x,3,10,4137,0.05860686509229483,70589
20260628,sae_l1_8x,3,11,3067,0.043448695972460295,70589
20260628,sae_l1_8x,3,12,3052,0.043236198274518696,70589
20260628,sae_l1_8x,3,13,2062,0.02921135021037272,70589
20260628,sae_l1_8x,3,14,3058,0.043321197353695336,70589
20260628,sae_l1_8x,3,15,975,0.013812350366204366,70589
20260628,sae_l1_8x,3,16,1512,0.02141976795251385,70589
20260628,sae_l1_8x,3,17,1558,0.02207142755953477,70589
20260628,sae_l1_8x,3,18,4152,0.05881936279023644,70589
20260628,sae_l1_8x,3,19,3124,0.0442561872246384,70589
20260628,sae_l1_8x,3,20,3050,0.043207865248126476,70589
20260628,sae_l1_8x,3,21,2038,0.02887135389366615,70589
20260628,sae_l1_8x,3,22,3077,0.04359036110442137,70589
20260628,sae_l1_8x,3,23,983,0.013925682471773223,70589
20260628,sae_l1_8x,3,24,1588,0.022496422955417983,70589
20260628,sae_l1_8x,3,25,1459,0.020668942753120173,70589
20260628,sae_l1_8x,3,26,1485,0.02103727209621896,70589
20260628,sae_l1_8x,3,27,1509,0.021377268412925525,70589
20260628,sae_l1_8x,3,28,1586,0.02246808992902577,70589
20260628,sae_l1_8x,3,29,1594,0.022581422034594626,70589
20260628,sae_l1_8x,3,30,1504,0.021306435846944992,70589
20260628,sae_l1_8x,3,31,1514,0.02144810097890606,70589
20260628,sae_topk_8x,0,0,355,0.037709793923943066,9414
20260628,sae_topk_8x,0,1,365,0.03877204164011047,9414
20260628,sae_topk_8x,0,2,216,0.022944550669216062,9414
20260628,sae_topk_8x,0,3,235,0.024962821329934142,9414
20260628,sae_topk_8x,0,4,235,0.024962821329934142,9414
20260628,sae_topk_8x,0,5,268,0.028468238793286596,9414
20260628,sae_topk_8x,0,6,232,0.02464414701508392,9414
20260628,sae_topk_8x,0,7,230,0.024431697471850436,9414
20260628,sae_topk_8x,0,8,373,0.0396218398130444,9414
20260628,sae_topk_8x,0,9,399,0.04238368387507967,9414
20260628,sae_topk_8x,0,10,237,0.02517527087316762,9414
20260628,sae_topk_8x,0,11,266,0.028255789250053114,9414
20260628,sae_topk_8x,0,12,242,0.025706394731251327,9414
20260628,sae_topk_8x,0,13,258,0.027405991077119184,9414
20260628,sae_topk_8x,0,14,250,0.026556192904185257,9414
20260628,sae_topk_8x,0,15,251,0.026662417675802,9414
20260628,sae_topk_8x,0,16,351,0.0372848948374761,9414
20260628,sae_topk_8x,0,17,388,0.04121521138729552,9414
20260628,sae_topk_8x,0,18,227,0.024113023157000212,9414
20260628,sae_topk_8x,0,19,221,0.023475674527299765,9414
20260628,sae_topk_8x,0,20,238,0.025281495644784362,9414
20260628,sae_topk_8x,0,21,236,0.025069046101550883,9414
20260628,sae_topk_8x,0,22,252,0.02676864244741874,9414
20260628,sae_topk_8x,0,23,241,0.025600169959634586,9414
20260628,sae_topk_8x,0,24,347,0.036859995751009136,9414
20260628,sae_topk_8x,0,25,347,0.036859995751009136,9414
20260628,sae_topk_8x,0,26,338,0.03590397280645847,9414
20260628,sae_topk_8x,0,27,377,0.04004673889951137,9414
20260628,sae_topk_8x,0,28,367,0.038984491183343954,9414
20260628,sae_topk_8x,0,29,356,0.037816018695559804,9414
20260628,sae_topk_8x,0,30,360,0.03824091778202677,9414
20260628,sae_topk_8x,0,31,356,0.037816018695559804,9414
20260628,sae_topk_8x,1,5,1024,0.16666666666666666,6144
20260628,sae_topk_8x,1,7,1024,0.16666666666666666,6144
20260628,sae_topk_8x,1,13,1024,0.16666666666666666,6144
20260628,sae_topk_8x,1,15,1024,0.16666666666666666,6144
20260628,sae_topk_8x,1,21,1024,0.16666666666666666,6144
20260628,sae_topk_8x,1,23,1024,0.16666666666666666,6144
20260628,sae_topk_8x,2,3,1024,0.3333333333333333,3072
20260628,sae_topk_8x,2,11,1024,0.3333333333333333,3072
20260628,sae_topk_8x,2,19,1024,0.3333333333333333,3072
20260628,sae_topk_8x,3,0,11933,0.03185650291254879,374586
20260628,sae_topk_8x,3,1,11923,0.03182980677334444,374586
20260628,sae_topk_8x,3,2,12072,0.03222757924748923,374586
20260628,sae_topk_8x,3,3,11029,0.029443171928475703,374586
20260628,sae_topk_8x,3,4,12053,0.032176856583000964,374586
20260628,sae_topk_8x,3,5,10996,0.029355074669101356,374586
20260628,sae_topk_8x,3,6,12056,0.032184865424762274,374586
20260628,sae_topk_8x,3,7,11034,0.029456519998077878,374586
20260628,sae_topk_8x,3,8,11915,0.03180844986198096,374586
20260628,sae_topk_8x,3,9,11889,0.031739039900049656,374586
20260628,sae_topk_8x,3,10,12051,0.0321715173551601,374586
20260628,sae_topk_8x,3,11,10998,0.029360413896942224,374586
20260628,sae_topk_8x,3,12,12046,0.032158169285557925,374586
20260628,sae_topk_8x,3,13,11006,0.0293817708083057,374586
20260628,sae_topk_8x,3,14,12038,0.03213681237419445,374586
20260628,sae_topk_8x,3,15,11013,0.029400458105748747,374586
20260628,sae_topk_8x,3,16,11937,0.031867181368230524,374586
20260628,sae_topk_8x,3,17,11900,0.03176840565317444,374586
20260628,sae_topk_8x,3,18,12061,0.03219821349436444,374586
20260628,sae_topk_8x,3,19,11043,0.02948054652336179,374586
20260628,sae_topk_8x,3,20,12050,0.03216884774123966,374586
20260628,sae_topk_8x,3,21,11028,0.029440502314555268,374586
20260628,sae_topk_8x,3,22,12036,0.032131473146353576,374586
20260628,sae_topk_8x,3,23,11023,0.029427154244953097,374586
20260628,sae_topk_8x,3,24,11941,0.031877859823912266,374586
20260628,sae_topk_8x,3,25,11941,0.031877859823912266,374586
20260628,sae_topk_8x,3,26,11950,0.031901886349196176,374586
20260628,sae_topk_8x,3,27,11911,0.03179777140629922,374586
20260628,sae_topk_8x,3,28,11921,0.03182446754550357,374586
20260628,sae_topk_8x,3,29,11932,0.03185383329862835,374586
20260628,sae_topk_8x,3,30,11928,0.031843154842946614,374586
20260628,sae_topk_8x,3,31,11932,0.03185383329862835,374586
20260630,all_position,0,0,2733,0.03119969861981575,87597
20260630,all_position,0,1,2757,0.03147368060550019,87597
20260630,all_position,0,2,2868,0.03274084728929073,87597
20260630,all_position,0,3,3859,0.04405402011484411,87597
20260630,all_position,0,4,1747,0.019943605374613285,87597
20260630,all_position,0,5,2918,0.033311643092799985,87597
20260630,all_position,0,6,2894,0.03303766110711554,87597
20260630,all_position,0,7,1855,0.021176524310193272,87597
20260630,all_position,0,8,2751,0.03140518510907908,87597
20260630,all_position,0,9,2773,0.031656335262623146,87597
20260630,all_position,0,10,2865,0.03270659954108018,87597
20260630,all_position,0,11,3919,0.04473897507905522,87597
20260630,all_position,0,12,1818,0.020754135415596425,87597
20260630,all_position,0,13,2912,0.03324314759637887,87597
20260630,all_position,0,14,2822,0.03221571515006222,87597
20260630,all_position,0,15,1847,0.02108519698163179,87597
20260630,all_position,0,16,2882,0.03290067011427332,87597
20260630,all_position,0,17,2845,0.032478281219676476,87597
20260630,all_position,0,18,2843,0.032455449387536105,87597
20260630,all_position,0,19,3957,0.04517277988972225,87597
20260630,all_position,0,20,1844,0.021050949233421237,87597
20260630,all_position,0,21,2873,0.032797926869641655,87597
20260630,all_position,0,22,2849,0.03252394488395721,87597
20260630,all_position,0,23,1805,0.020605728506684018,87597
20260630,all_position,0,24,2847,0.03250111305181684,87597
20260630,all_position,0,25,2815,0.03213580373757092,87597
20260630,all_position,0,26,2745,0.03133668961265797,87597
20260630,all_position,0,27,2771,0.03163350343048278,87597
20260630,all_position,0,28,2792,0.03187323766795667,87597
20260630,all_position,0,29,2853,0.032569608548237955,87597
20260630,all_position,0,30,2791,0.03186182175188648,87597
20260630,all_position,0,31,2747,0.03135952144479834,87597
20260630,all_position,1,0,2778,0.028433981576253837,97700
20260630,all_position,1,1,2646,0.027082906857727736,97700
20260630,all_position,1,2,3770,0.03858751279426817,97700
20260630,all_position,1,3,2764,0.028290685772773796,97700
20260630,all_position,1,4,3851,0.03941658137154555,97700
20260630,all_position,1,5,3873,0.039641760491299895,97700
20260630,all_position,1,6,1782,0.018239508700102353,97700
20260630,all_position,1,7,3827,0.03917093142272262,97700
20260630,all_position,1,8,2668,0.027308085977482088,97700
20260630,all_position,1,9,2694,0.027574206755373594,97700
20260630,all_position,1,10,3825,0.03915046059365404,97700
20260630,all_position,1,11,2821,0.02887410440122825,97700
20260630,all_position,1,12,3860,0.03950870010235415,97700
20260630,all_position,1,13,3843,0.03933469805527124,97700
20260630,all_position,1,14,1825,0.018679631525076765,97700
20260630,all_position,1,15,3896,0.03987717502558854,97700
20260630,all_position,1,16,2706,0.027697031729785056,97700
20260630,all_position,1,17,2763,0.02828045035823951,97700
20260630,all_position,1,18,3893,0.039846468781985674,97700
20260630,all_position,1,19,2803,0.028689866939611054,97700
20260630,all_position,1,20,3793,0.03882292732855681,97700
20260630,all_position,1,21,3834,0.039242579324462644,97700
20260630,all_position,1,22,1739,0.017799385875127943,97700
20260630,all_position,1,23,3830,0.039201637666325485,97700
20260630,all_position,1,24,2732,0.027963152507676562,97700
20260630,all_position,1,25,2683,0.02746161719549642,97700
20260630,all_position,1,26,2691,0.027543500511770725,97700
20260630,all_position,1,27,2766,0.028311156601842375,97700
20260630,all_position,1,28,2714,0.027778915046059366,97700
20260630,all_position,1,29,2709,0.02772773797338792,97700
20260630,all_position,1,30,2652,0.02714431934493347,97700
20260630,all_position,1,31,2669,0.027318321392016377,97700
20260630,all_position,2,0,4130,0.03346378537802734,123417
20260630,all_position,2,1,4142,0.03356101671568747,123417
20260630,all_position,2,2,2858,0.023157263586053786,123417
20260630,all_position,2,3,3840,0.031114028051240916,123417
20260630,all_position,2,4,3874,0.03138951684127794,123417
20260630,all_position,2,5,2771,0.022452336388017857,123417
20260630,all_position,2,6,3804,0.03082233403826053,123417
20260630,all_position,2,7,4937,0.04000259283567094,123417
20260630,all_position,2,8,4205,0.03407148123840314,123417
20260630,all_position,2,9,4211,0.0341200969072332,123417
20260630,all_position,2,10,2789,0.02259818339450805,123417
20260630,all_position,2,11,3794,0.030741307923543758,123417
20260630,all_position,2,12,3756,0.03043340868762002,123417
20260630,all_position,2,13,2755,0.022322694604471022,123417
20260630,all_position,2,14,3781,0.030635973974411954,123417
20260630,all_position,2,15,4831,0.03914371601967314,123417
20260630,all_position,2,16,4065,0.03293711563236831,123417
20260630,all_position,2,17,4064,0.03292901302089663,123417
20260630,all_position,2,18,2762,0.022379412884772763,123417
20260630,all_position,2,19,3779,0.030619768751468598,123417
20260630,all_position,2,20,3794,0.030741307923543758,123417
20260630,all_position,2,21,2784,0.022557670337149664,123417
20260630,all_position,2,22,3821,0.030960078433279047,123417
20260630,all_position,2,23,4827,0.039111305573786434,123417
20260630,all_position,2,24,4122,0.03339896448625392,123417
20260630,all_position,2,25,4134,0.03349619582391405,123417
20260630,all_position,2,26,4202,0.03404717340398811,123417
20260630,all_position,2,27,4119,0.03337465665183889,123417
20260630,all_position,2,28,4119,0.03337465665183889,123417
20260630,all_position,2,29,4015,0.03253198505878445,123417
20260630,all_position,2,30,4129,0.03345568276655566,123417
20260630,all_position,2,31,4203,0.03405527601545978,123417
20260630,all_position,3,0,2647,0.03132470237390831,84502
20260630,all_position,3,1,2743,0.03246077015928617,84502
20260630,all_position,3,2,2792,0.03304063809140612,84502
20260630,all_position,3,3,1825,0.021597121961610375,84502
20260630,all_position,3,4,2816,0.03332465503775059,84502
20260630,all_position,3,5,2726,0.03225959148895884,84502
20260630,all_position,3,6,3808,0.045064022153321816,84502
20260630,all_position,3,7,1669,0.019751011810371352,84502
20260630,all_position,3,8,2664,0.03152588104423564,84502
20260630,all_position,3,9,2610,0.03088684291496059,84502
20260630,all_position,3,10,2809,0.03324181676173345,84502
20260630,all_position,3,11,1754,0.020756905162008,84502
20260630,all_position,3,12,2854,0.033774348536129324,84502
20260630,all_position,3,13,2778,0.03287496153937185,84502
20260630,all_position,3,14,3860,0.04567939220373482,84502
20260630,all_position,3,15,1714,0.020283543584767225,84502
20260630,all_position,3,16,2635,0.031182693900736077,84502
20260630,all_position,3,17,2616,0.03095784715154671,84502
20260630,all_position,3,18,2790,0.033016970012544083,84502
20260630,all_position,3,19,1749,0.0206977349648529,84502
20260630,all_position,3,20,2857,0.03380985065442238,84502
20260630,all_position,3,21,2797,0.03309980828856122,84502
20260630,all_position,3,22,3879,0.04590423895292419,84502
20260630,all_position,3,23,1826,0.021608956001041395,84502
20260630,all_position,3,24,2587,0.030614660008047148,84502
20260630,all_position,3,25,2656,0.031431208728787484,84502
20260630,all_position,3,26,2650,0.031360204492201366,84502
20260630,all_position,3,27,2632,0.031147191782443018,84502
20260630,all_position,3,28,2663,0.03151404700480462,84502
20260630,all_position,3,29,2711,0.03208208089749355,84502
20260630,all_position,3,30,2716,0.032141251094648646,84502
20260630,all_position,3,31,2669,0.03158505124139074,84502
20260630,route_only,0,5,1024,0.3333333333333333,3072
20260630,route_only,0,13,1024,0.3333333333333333,3072
20260630,route_only,0,21,1024,0.3333333333333333,3072
20260630,route_only,1,5,1024,0.3333333333333333,3072
20260630,route_only,1,13,1024,0.3333333333333333,3072
20260630,route_only,1,21,1024,0.3333333333333333,3072
20260630,route_only,2,5,1024,0.3333333333333333,3072
20260630,route_only,2,13,1024,0.3333333333333333,3072
20260630,route_only,2,21,1024,0.3333333333333333,3072
20260630,route_only,3,5,1024,0.3333333333333333,3072
20260630,route_only,3,13,1024,0.3333333333333333,3072
20260630,route_only,3,21,1024,0.3333333333333333,3072
20260630,slot_offset_3,0,5,1024,0.3333333333333333,3072
20260630,slot_offset_3,0,13,1024,0.3333333333333333,3072
20260630,slot_offset_3,0,21,1024,0.3333333333333333,3072
20260630,slot_offset_3,1,5,1024,0.3333333333333333,3072
20260630,slot_offset_3,1,13,1024,0.3333333333333333,3072
20260630,slot_offset_3,1,21,1024,0.3333333333333333,3072
20260630,slot_offset_3,2,5,1024,0.3333333333333333,3072
20260630,slot_offset_3,2,13,1024,0.3333333333333333,3072
20260630,slot_offset_3,2,21,1024,0.3333333333333333,3072
20260630,slot_offset_3,3,5,1024,0.3333333333333333,3072
20260630,slot_offset_3,3,13,1024,0.3333333333333333,3072
20260630,slot_offset_3,3,21,1024,0.3333333333333333,3072
20260630,selector_stability_top1_position,0,5,1024,1.0,1024
20260630,selector_stability_top1_position,1,5,1024,1.0,1024
20260630,selector_stability_top1_position,2,5,1024,1.0,1024
20260630,selector_stability_top1_position,3,5,9216,1.0,9216
20260630,selector_stability_top3_positions,0,5,1024,0.3333333333333333,3072
20260630,selector_stability_top3_positions,0,22,2048,0.6666666666666666,3072
20260630,selector_stability_top3_positions,1,5,1067,0.20262058488416254,5266
20260630,selector_stability_top3_positions,1,10,3118,0.5921002658564375,5266
20260630,selector_stability_top3_positions,1,22,1081,0.2052791492593999,5266
20260630,selector_stability_top3_positions,2,5,1024,0.3333333333333333,3072
20260630,selector_stability_top3_positions,2,10,1024,0.3333333333333333,3072
20260630,selector_stability_top3_positions,2,22,1024,0.3333333333333333,3072
20260630,selector_stability_top3_positions,3,5,9173,0.36037557947670307,25454
20260630,selector_stability_top3_positions,3,10,8146,0.32002828632042113,25454
20260630,selector_stability_top3_positions,3,22,8135,0.3195961342028758,25454
20260630,selector_stability_threshold_positions,0,2,1065,0.16784869976359337,6345
20260630,selector_stability_threshold_positions,0,5,32,0.00504334121355398,6345
20260630,selector_stability_threshold_positions,0,10,1061,0.16721828211189912,6345
20260630,selector_stability_threshold_positions,0,12,1049,0.16532702915681638,6345
20260630,selector_stability_threshold_positions,0,19,2086,0.32876280535855,6345
20260630,selector_stability_threshold_positions,0,22,1052,0.16579984239558707,6345
20260630,selector_stability_threshold_positions,1,2,2068,0.49320295730980207,4193
20260630,selector_stability_threshold_positions,1,5,17,0.004054376341521584,4193
20260630,selector_stability_threshold_positions,1,10,2060,0.4912950155020272,4193
20260630,selector_stability_threshold_positions,1,12,19,0.004531361793465299,4193
20260630,selector_stability_threshold_positions,1,19,15,0.0035773908895778677,4193
20260630,selector_stability_threshold_positions,1,22,14,0.00333889816360601,4193
20260630,selector_stability_threshold_positions,2,2,1167,0.10540101156069365,11072
20260630,selector_stability_threshold_positions,2,5,2191,0.1978865606936416,11072
20260630,selector_stability_threshold_positions,2,10,1169,0.10558164739884393,11072
20260630,selector_stability_threshold_positions,2,12,3208,0.2897398843930636,11072
20260630,selector_stability_threshold_positions,2,19,146,0.013186416184971099,11072
20260630,selector_stability_threshold_positions,2,22,3191,0.2882044797687861,11072
20260630,selector_stability_threshold_positions,3,2,7988,0.15326758509536054,52118
20260630,selector_stability_threshold_positions,3,5,10048,0.19279327679496527,52118
20260630,selector_stability_threshold_positions,3,10,7998,0.15345945738516442,52118
20260630,selector_stability_threshold_positions,3,12,8012,0.1537280785908899,52118
20260630,selector_stability_threshold_positions,3,19,10041,0.19265896619210254,52118
20260630,selector_stability_threshold_positions,3,22,8031,0.15409263594151731,52118
20260630,pca_q4,0,0,2857,0.03211158692158119,88971
20260630,pca_q4,0,1,2893,0.03251621314810444,88971
20260630,pca_q4,0,2,2929,0.03292083937462769,88971
20260630,pca_q4,0,3,2831,0.03181935686909217,88971
20260630,pca_q4,0,4,2927,0.032898360139820844,88971
20260630,pca_q4,0,5,2882,0.03239257735666678,88971
20260630,pca_q4,0,6,1883,0.021164199570646615,88971
20260630,pca_q4,0,7,3108,0.03493273088984051,88971
20260630,pca_q4,0,8,2858,0.032122826538984614,88971
20260630,pca_q4,0,9,2915,0.03276348473097976,88971
20260630,pca_q4,0,10,2969,0.03337042407076463,88971
20260630,pca_q4,0,11,2847,0.03199919074754695,88971
20260630,pca_q4,0,12,2921,0.0328309224354003,88971
20260630,pca_q4,0,13,2889,0.03247125467849074,88971
20260630,pca_q4,0,14,1863,0.020939407222578144,88971
20260630,pca_q4,0,15,2998,0.03369637297546391,88971
20260630,pca_q4,0,16,2874,0.03230266041743939,88971
20260630,pca_q4,0,17,2787,0.03132481370334154,88971
20260630,pca_q4,0,18,2864,0.03219026424340515,88971
20260630,pca_q4,0,19,2871,0.03226894156522912,88971
20260630,pca_q4,0,20,2902,0.03261736970473525,88971
20260630,pca_q4,0,21,2876,0.03232513965224624,88971
20260630,pca_q4,0,22,1882,0.02115295995324319,88971
20260630,pca_q4,0,23,2977,0.03346034100999202,88971
20260630,pca_q4,0,24,2807,0.03154960605141001,88971
20260630,pca_q4,0,25,2775,0.031189938294500456,88971
20260630,pca_q4,0,26,2792,0.031381011790358654,88971
20260630,pca_q4,0,27,2768,0.03111126097267649,88971
20260630,pca_q4,0,28,2801,0.03148216834698947,88971
20260630,pca_q4,0,29,2792,0.031381011790358654,88971
20260630,pca_q4,0,30,2786,0.031313574085938115,88971
20260630,pca_q4,0,31,2847,0.03199919074754695,88971
20260630,pca_q4,1,0,2101,0.03089115316189552,68013
20260630,pca_q4,1,1,2076,0.03052357637510476,68013
20260630,pca_q4,1,2,2439,0.035860791319306605,68013
20260630,pca_q4,1,3,1442,0.02120182906209107,68013
20260630,pca_q4,1,4,3445,0.05065208121976681,68013
20260630,pca_q4,1,5,1410,0.020731330774998898,68013
20260630,pca_q4,1,6,3419,0.05026980136150442,68013
20260630,pca_q4,1,7,1387,0.0203931601311514,68013
20260630,pca_q4,1,8,1993,0.029303221442959434,68013
20260630,pca_q4,1,9,1939,0.02850925558349139,68013
20260630,pca_q4,1,10,2301,0.03383176745622161,68013
20260630,pca_q4,1,11,1389,0.02042256627409466,68013
20260630,pca_q4,1,12,3311,0.048681869642568334,68013
20260630,pca_q4,1,13,1354,0.019907958772587594,68013
20260630,pca_q4,1,14,3423,0.05032861364739094,68013
20260630,pca_q4,1,15,1299,0.01909928984164792,68013
20260630,pca_q4,1,16,1970,0.028965050799111935,68013
20260630,pca_q4,1,17,2006,0.02949436137209063,68013
20260630,pca_q4,1,18,2333,0.03430226574331378,68013
20260630,pca_q4,1,19,1337,0.019658006557569878,68013
20260630,pca_q4,1,20,3365,0.049475835502036374,68013
20260630,pca_q4,1,21,1334,0.019613897343154985,68013
20260630,pca_q4,1,22,3352,0.04928469557290518,68013
20260630,pca_q4,1,23,1426,0.020966579918544986,68013
20260630,pca_q4,1,24,1973,0.029009160013526825,68013
20260630,pca_q4,1,25,1991,0.029273815300016173,68013
20260630,pca_q4,1,26,2017,0.029656095158278564,68013
20260630,pca_q4,1,27,2044,0.030053078088012587,68013
20260630,pca_q4,1,28,2025,0.029773719730051607,68013
20260630,pca_q4,1,29,2055,0.030214811874200522,68013
20260630,pca_q4,1,30,2071,0.030450061017746607,68013
20260630,pca_q4,1,31,1986,0.02920029994265802,68013
20260630,pca_q4,2,0,4945,0.03290020824600973,150303
20260630,pca_q4,2,1,5063,0.033685289049453435,150303
20260630,pca_q4,2,2,4396,0.029247586541852125,150303
20260630,pca_q4,2,3,4419,0.02940061076625217,150303
20260630,pca_q4,2,4,3361,0.02236149644385009,150303
20260630,pca_q4,2,5,5402,0.03594073305256715,150303
20260630,pca_q4,2,6,4494,0.029899602802339276,150303
20260630,pca_q4,2,7,4394,0.02923428008755647,150303
20260630,pca_q4,2,8,5102,0.03394476490821873,150303
20260630,pca_q4,2,9,4982,0.03314637765047936,150303
20260630,pca_q4,2,10,4373,0.02909456231745208,150303
20260630,pca_q4,2,11,4433,0.029493755946321764,150303
20260630,pca_q4,2,12,3435,0.022853835252789365,150303
20260630,pca_q4,2,13,5369,0.03572117655668882,150303
20260630,pca_q4,2,14,4381,0.029147788134634704,150303
20260630,pca_q4,2,15,4420,0.029407263993399997,150303
20260630,pca_q4,2,16,5044,0.0335588777336447,150303
20260630,pca_q4,2,17,5110,0.033997990725401356,150303
20260630,pca_q4,2,18,4439,0.02953367530920873,150303
20260630,pca_q4,2,19,4427,0.029453836583434794,150303
20260630,pca_q4,2,20,3376,0.02246129485106751,150303
20260630,pca_q4,2,21,5388,0.035847587872497554,150303
20260630,pca_q4,2,22,4483,0.029826417303713167,150303
20260630,pca_q4,2,23,4398,0.029260892996147782,150303
20260630,pca_q4,2,24,5065,0.033698595503749096,150303
20260630,pca_q4,2,25,5160,0.03433065208279276,150303
20260630,pca_q4,2,26,5093,0.03388488586388828,150303
20260630,pca_q4,2,27,5062,0.03367863582230561,150303
20260630,pca_q4,2,28,5029,0.033459079326427284,150303
20260630,pca_q4,2,29,5138,0.034184281085540544,150303
20260630,pca_q4,2,30,5054,0.03362541000512299,150303
20260630,pca_q4,2,31,5068,0.03371855518519258,150303
20260630,pca_q4,3,0,2385,0.027755472541284083,85929
20260630,pca_q4,3,1,2256,0.026254233145969346,85929
20260630,pca_q4,3,2,2524,0.02937308708352244,85929
20260630,pca_q4,3,3,3596,0.04184850283373483,85929
20260630,pca_q4,3,4,2555,0.029733850038985675,85929
20260630,pca_q4,3,5,2594,0.030187713111987802,85929
20260630,pca_q4,3,6,2492,0.029000686613366848,85929
20260630,pca_q4,3,7,3399,0.03955591243933945,85929
20260630,pca_q4,3,8,2335,0.027173596806665968,85929
20260630,pca_q4,3,9,2452,0.028535186025672357,85929
20260630,pca_q4,3,10,2645,0.03078122636129828,85929
20260630,pca_q4,3,11,3619,0.04211616567165916,85929
20260630,pca_q4,3,12,2621,0.030501926008681585,85929
20260630,pca_q4,3,13,2676,0.03114198931676151,85929
20260630,pca_q4,3,14,2621,0.030501926008681585,85929
20260630,pca_q4,3,15,3571,0.04155756496642577,85929
20260630,pca_q4,3,16,2400,0.02793003526166952,85929
20260630,pca_q4,3,17,2385,0.027755472541284083,85929
20260630,pca_q4,3,18,2652,0.03086268896414482,85929
20260630,pca_q4,3,19,3653,0.04251184117119948,85929
20260630,pca_q4,3,20,2645,0.03078122636129828,85929
20260630,pca_q4,3,21,2690,0.03130491452245458,85929
20260630,pca_q4,3,22,2571,0.02992005027406347,85929
20260630,pca_q4,3,23,3487,0.040580013732267335,85929
20260630,pca_q4,3,24,2443,0.028430448393441096,85929
20260630,pca_q4,3,25,2362,0.02748780970335975,85929
20260630,pca_q4,3,26,2386,0.027767110055976447,85929
20260630,pca_q4,3,27,2414,0.02809296046736259,85929
20260630,pca_q4,3,28,2433,0.028314073246517475,85929
20260630,pca_q4,3,29,2303,0.026801196336510374,85929
20260630,pca_q4,3,30,2377,0.027662372423745186,85929
20260630,pca_q4,3,31,2387,0.027778747570668807,85929
20260630,pca_q8,0,0,3350,0.032922862225192376,101753
20260630,pca_q8,0,1,3416,0.03357149174962901,101753
20260630,pca_q8,0,2,3309,0.032519925702436295,101753
20260630,pca_q8,0,3,2285,0.02245634035360137,101753
20260630,pca_q8,0,4,3317,0.03259854746297407,101753
20260630,pca_q8,0,5,3244,0.03188112389806689,101753
20260630,pca_q8,0,6,4329,0.04254420017100233,101753
20260630,pca_q8,0,7,2240,0.022014092950576394,101753
20260630,pca_q8,0,8,3297,0.032401993061629636,101753
20260630,pca_q8,0,9,3337,0.0327951018643185,101753
20260630,pca_q8,0,10,3207,0.03151749825557969,101753
20260630,pca_q8,0,11,2206,0.02167995046829086,101753
20260630,pca_q8,0,12,3157,0.03102611225221861,101753
20260630,pca_q8,0,13,3204,0.031488015095378026,101753
20260630,pca_q8,0,14,4282,0.04208229732784292,101753
20260630,pca_q8,0,15,2149,0.02111977042445923,101753
20260630,pca_q8,0,16,3291,0.0323430267412263,101753
20260630,pca_q8,0,17,3253,0.03196957337867188,101753
20260630,pca_q8,0,18,3163,0.031085078572621938,101753
20260630,pca_q8,0,19,2163,0.021257358505400333,101753
20260630,pca_q8,0,20,3209,0.03153715369571413,101753
20260630,pca_q8,0,21,3224,0.03168456949672246,101753
20260630,pca_q8,0,22,4214,0.04141401236327184,101753
20260630,pca_q8,0,23,2268,0.022289269112458602,101753
20260630,pca_q8,0,24,3282,0.03225457726062131,101753
20260630,pca_q8,0,25,3288,0.03231354358102464,101753
20260630,pca_q8,0,26,3356,0.032981828545595705,101753
20260630,pca_q8,0,27,3312,0.032549408862637956,101753
20260630,pca_q8,0,28,3329,0.032716480103780726,101753
20260630,pca_q8,0,29,3332,0.03274596326398239,101753
20260630,pca_q8,0,30,3371,0.03312924434660403,101753
20260630,pca_q8,0,31,3369,0.03310958890646959,101753
20260630,pca_q8,1,0,1631,0.02841562423777832,57398
20260630,pca_q8,1,1,1460,0.025436426356319035,57398
20260630,pca_q8,1,2,966,0.01682985469876999,57398
20260630,pca_q8,1,3,1996,0.03477473082685808,57398
20260630,pca_q8,1,4,1016,0.017700965190424755,57398
20260630,pca_q8,1,5,3143,0.05475800550541831,57398
20260630,pca_q8,1,6,2979,0.05190076309279069,57398
20260630,pca_q8,1,7,1982,0.03453081988919474,57398
20260630,pca_q8,1,8,1530,0.0266559810446357,57398
20260630,pca_q8,1,9,1486,0.025889403811979513,57398
20260630,pca_q8,1,10,980,0.017073765636433324,57398
20260630,pca_q8,1,11,2057,0.035837485626676886,57398
20260630,pca_q8,1,12,996,0.01735252099376285,57398
20260630,pca_q8,1,13,3034,0.052858984633610925,57398
20260630,pca_q8,1,14,3069,0.05346876197776926,57398
20260630,pca_q8,1,15,2025,0.03527997491201784,57398
20260630,pca_q8,1,16,1509,0.026290114638140703,57398
20260630,pca_q8,1,17,1544,0.026899891982299036,57398
20260630,pca_q8,1,18,1035,0.018031987177253562,57398
20260630,pca_q8,1,19,2038,0.03550646363984808,57398
20260630,pca_q8,1,20,999,0.017404787623262134,57398
20260630,pca_q8,1,21,3051,0.05315516220077355,57398
20260630,pca_q8,1,22,3013,0.05249311822711593,57398
20260630,pca_q8,1,23,2018,0.035158019443186174,57398
20260630,pca_q8,1,24,1535,0.026743092093801178,57398
20260630,pca_q8,1,25,1506,0.026237848008641415,57398
20260630,pca_q8,1,26,1464,0.025506115195651418,57398
20260630,pca_q8,1,27,1476,0.02571518171364856,57398
20260630,pca_q8,1,28,1502,0.026168159169309035,57398
20260630,pca_q8,1,29,1459,0.02541900414648594,57398
20260630,pca_q8,1,30,1458,0.025401581936652845,57398
20260630,pca_q8,1,31,1441,0.025105404369490224,57398
20260630,pca_q8,2,0,4278,0.03163078197089791,135248
20260630,pca_q8,2,1,4496,0.03324263575062108,135248
20260630,pca_q8,2,2,3990,0.029501360463740682,135248
20260630,pca_q8,2,3,6025,0.0445477936827162,135248
20260630,pca_q8,2,4,3917,0.02896161126227375,135248
20260630,pca_q8,2,5,3929,0.0290503371584053,135248
20260630,pca_q8,2,6,3072,0.022713829409677037,135248
20260630,pca_q8,2,7,2982,0.022048385188690407,135248
20260630,pca_q8,2,8,4546,0.03361232698450255,135248
20260630,pca_q8,2,9,4478,0.03310954690642375,135248
20260630,pca_q8,2,10,4011,0.029656630781970898,135248
20260630,pca_q8,2,11,6060,0.04480657754643322,135248
20260630,pca_q8,2,12,4026,0.029767538152135335,135248
20260630,pca_q8,2,13,4052,0.029959777593753695,135248
20260630,pca_q8,2,14,2930,0.021663906305453687,135248
20260630,pca_q8,2,15,3023,0.022351532000473205,135248
20260630,pca_q8,2,16,4584,0.03389329232225245,135248
20260630,pca_q8,2,17,4508,0.033331361646752634,135248
20260630,pca_q8,2,18,4023,0.02974535667810245,135248
20260630,pca_q8,2,19,6054,0.04476221459836744,135248
20260630,pca_q8,2,20,4059,0.030011534366497103,135248
20260630,pca_q8,2,21,4036,0.029841476398911628,135248
20260630,pca_q8,2,22,3076,0.022743404708387555,135248
20260630,pca_q8,2,23,2994,0.022137111084821956,135248
20260630,pca_q8,2,24,4497,0.03325002957529871,135248
20260630,pca_q8,2,25,4521,0.03342748136756181,135248
20260630,pca_q8,2,26,4525,0.03345705666627233,135248
20260630,pca_q8,2,27,4545,0.033604933159824914,135248
20260630,pca_q8,2,28,4502,0.03328699869868686,135248
20260630,pca_q8,2,29,4507,0.033323967822075,135248
20260630,pca_q8,2,30,4497,0.03325002957529871,135248
20260630,pca_q8,2,31,4505,0.03330918017271974,135248
20260630,pca_q8,3,0,3029,0.030652620500521165,98817
20260630,pca_q8,3,1,2916,0.029509092565044477,98817
20260630,pca_q8,3,2,4023,0.04071161844621877,98817
20260630,pca_q8,3,3,1982,0.020057277593936267,98817
20260630,pca_q8,3,4,4038,0.04086341418986612,98817
20260630,pca_q8,3,5,1972,0.0199560804315047,98817
20260630,pca_q8,3,6,1908,0.019308418591942683,98817
20260630,pca_q8,3,7,5084,0.05144863738020786,98817
20260630,pca_q8,3,8,2915,0.02949897284880132,98817
20260630,pca_q8,3,9,2987,0.03022759241830859,98817
20260630,pca_q8,3,10,4090,0.04138963943451025,98817
20260630,pca_q8,3,11,1965,0.019885242417802606,98817
20260630,pca_q8,3,12,4109,0.04158191404313023,98817
20260630,pca_q8,3,13,1998,0.02021919305382677,98817
20260630,pca_q8,3,14,2007,0.02031027050001518,98817
20260630,pca_q8,3,15,5091,0.051519475393909955,98817
20260630,pca_q8,3,16,2904,0.0293876559701266,98817
20260630,pca_q8,3,17,2983,0.030187113553335965,98817
20260630,pca_q8,3,18,4067,0.041156885960917655,98817
20260630,pca_q8,3,19,2033,0.02057338312233725,98817
20260630,pca_q8,3,20,4021,0.04069137901373245,98817
20260630,pca_q8,3,21,1977,0.020006679012720484,98817
20260630,pca_q8,3,22,1985,0.020087636742665737,98817
20260630,pca_q8,3,23,5008,0.050679538945727964,98817
20260630,pca_q8,3,24,2974,0.030096036107147554,98817
20260630,pca_q8,3,25,2973,0.0300859163909044,98817
20260630,pca_q8,3,26,2943,0.029782324903609703,98817
20260630,pca_q8,3,27,2955,0.02990376149852758,98817
20260630,pca_q8,3,28,2955,0.02990376149852758,98817
20260630,pca_q8,3,29,2990,0.03025795156703806,98817
20260630,pca_q8,3,30,2962,0.029974599512229676,98817
20260630,pca_q8,3,31,2973,0.0300859163909044,98817
20260630,pca_q16,0,0,1343,0.02364311744098023,56803
20260630,pca_q16,0,1,1309,0.02304455750576554,56803
20260630,pca_q16,0,2,3903,0.06871115962185095,56803
20260630,pca_q16,0,3,844,0.014858370156505818,56803
20260630,pca_q16,0,4,2871,0.05054310511768745,56803
20260630,pca_q16,0,5,1833,0.032269422389662517,56803
20260630,pca_q16,0,6,2844,0.05006777811031107,56803
20260630,pca_q16,0,7,822,0.01447106666901396,56803
20260630,pca_q16,0,8,1207,0.021248877700121474,56803
20260630,pca_q16,0,9,1242,0.021865042339313065,56803
20260630,pca_q16,0,10,3883,0.0683590655423129,56803
20260630,pca_q16,0,11,792,0.01394292554970688,56803
20260630,pca_q16,0,12,2824,0.04971568403077302,56803
20260630,pca_q16,0,13,1830,0.03221660827773181,56803
20260630,pca_q16,0,14,2901,0.05107124623699452,56803
20260630,pca_q16,0,15,810,0.014259810221291129,56803
20260630,pca_q16,0,16,1224,0.02154815766772882,56803
20260630,pca_q16,0,17,1246,0.021935461155220676,56803
20260630,pca_q16,0,18,3876,0.06823583261447459,56803
20260630,pca_q16,0,19,827,0.014559090188898473,56803
20260630,pca_q16,0,20,2833,0.049874126366565144,56803
20260630,pca_q16,0,21,1887,0.03322007640441526,56803
20260630,pca_q16,0,22,2866,0.05045508159780293,56803
20260630,pca_q16,0,23,862,0.015175254828090066,56803
20260630,pca_q16,0,24,1261,0.022199531714874213,56803
20260630,pca_q16,0,25,1237,0.02177701881942855,56803
20260630,pca_q16,0,26,1222,0.02151294825977501,56803
20260630,pca_q16,0,27,1238,0.021794623523405453,56803
20260630,pca_q16,0,28,1215,0.021389715331936694,56803
20260630,pca_q16,0,29,1276,0.022463602274527754,56803
20260630,pca_q16,0,30,1277,0.022481206978504656,56803
20260630,pca_q16,0,31,1198,0.02109043536432935,56803
20260630,pca_q16,1,0,3489,0.03349268517451907,104172
20260630,pca_q16,1,1,3408,0.03271512498560074,104172
20260630,pca_q16,1,2,2228,0.021387704949506585,104172
20260630,pca_q16,1,3,3229,0.030996812963176284,104172
20260630,pca_q16,1,4,4237,0.040673117536382135,104172
20260630,pca_q16,1,5,3214,0.030852820335598816,104172
20260630,pca_q16,1,6,3220,0.030910417386629804,104172
20260630,pca_q16,1,7,3257,0.031265599201320896,104172
20260630,pca_q16,1,8,3333,0.031995161847713394,104172
20260630,pca_q16,1,9,3321,0.031879967745651425,104172
20260630,pca_q16,1,10,2187,0.02099412510079484,104172
20260630,pca_q16,1,11,3217,0.03088161886111431,104172
20260630,pca_q16,1,12,4213,0.04044272933225819,104172
20260630,pca_q16,1,13,3297,0.03164957954152747,104172
20260630,pca_q16,1,14,3205,0.030766424759052335,104172
20260630,pca_q16,1,15,3237,0.0310736090312176,104172
20260630,pca_q16,1,16,3222,0.030929616403640135,104172
20260630,pca_q16,1,17,3232,0.03102561148869178,104172
20260630,pca_q16,1,18,2196,0.02108052067734132,104172
20260630,pca_q16,1,19,3211,0.030824021810083323,104172
20260630,pca_q16,1,20,4231,0.04061552048535115,104172
20260630,pca_q16,1,21,3251,0.031208002150289904,104172
20260630,pca_q16,1,22,3198,0.030699228199516183,104172
20260630,pca_q16,1,23,3220,0.030910417386629804,104172
20260630,pca_q16,1,24,3267,0.031361594286372536,104172
20260630,pca_q16,1,25,3249,0.031188803133279576,104172
20260630,pca_q16,1,26,3301,0.03168797757554813,104172
20260630,pca_q16,1,27,3267,0.031361594286372536,104172
20260630,pca_q16,1,28,3302,0.0316975770840533,104172
20260630,pca_q16,1,29,3161,0.0303440463848251,104172
20260630,pca_q16,1,30,3228,0.03098721345467112,104172
20260630,pca_q16,1,31,3344,0.03210075644127021,104172
20260630,pca_q16,2,0,4695,0.0346653081114606,135438
20260630,pca_q16,2,1,4808,0.03549963821084186,135438
20260630,pca_q16,2,2,3323,0.02453521168357477,135438
20260630,pca_q16,2,3,3283,0.02423987359529822,135438
20260630,pca_q16,2,4,3372,0.024897000841713552,135438
20260630,pca_q16,2,5,4334,0.03199988186476469,135438
20260630,pca_q16,2,6,3338,0.02464596346667848,135438
20260630,pca_q16,2,7,4320,0.031896513533867896,135438
20260630,pca_q16,2,8,4951,0.036555471876430545,135438
20260630,pca_q16,2,9,4940,0.03647425390215449,135438
20260630,pca_q16,2,10,3376,0.024926534650541208,135438
20260630,pca_q16,2,11,3359,0.02480101596302367,135438
20260630,pca_q16,2,12,3370,0.024882233937299724,135438
20260630,pca_q16,2,13,4296,0.03171931068090196,135438
20260630,pca_q16,2,14,3337,0.024638580014471567,135438
20260630,pca_q16,2,15,4362,0.032206618526558276,135438
20260630,pca_q16,2,16,5010,0.03699109555663846,135438
20260630,pca_q16,2,17,4996,0.03688772722574167,135438
20260630,pca_q16,2,18,3297,0.02434324192619501,135438
20260630,pca_q16,2,19,3335,0.02462381311005774,135438
20260630,pca_q16,2,20,3341,0.024668113823299222,135438
20260630,pca_q16,2,21,4307,0.03180052865517802,135438
20260630,pca_q16,2,22,3344,0.024690264179919964,135438
20260630,pca_q16,2,23,4338,0.03202941567359235,135438
20260630,pca_q16,2,24,5014,0.037020629365466115,135438
20260630,pca_q16,2,25,4977,0.0367474416338103,135438
20260630,pca_q16,2,26,5064,0.037389801975811814,135438
20260630,pca_q16,2,27,4969,0.036688374016155,135438
20260630,pca_q16,2,28,4973,0.036717907824982646,135438
20260630,pca_q16,2,29,5032,0.037153531505190567,135438
20260630,pca_q16,2,30,5021,0.037072313530914516,135438
20260630,pca_q16,2,31,4956,0.03659238913746511,135438
20260630,pca_q16,3,0,2761,0.028521843331301717,96803
20260630,pca_q16,3,1,2763,0.02854250384802124,96803
20260630,pca_q16,3,2,2834,0.02927595219156431,96803
20260630,pca_q16,3,3,4932,0.0509488342303441,96803
20260630,pca_q16,3,4,1808,0.01867710711444893,96803
20260630,pca_q16,3,5,2907,0.030030061051826908,96803
20260630,pca_q16,3,6,2886,0.029813125626271912,96803
20260630,pca_q16,3,7,3889,0.040174374761112776,96803
20260630,pca_q16,3,8,2797,0.028893732632253134,96803
20260630,pca_q16,3,9,2785,0.028769769531935992,96803
20260630,pca_q16,3,10,2842,0.029358594258442405,96803
20260630,pca_q16,3,11,4920,0.05082487113002696,96803
20260630,pca_q16,3,12,1881,0.01943121597471153,96803
20260630,pca_q16,3,13,2865,0.02959619020071692,96803
20260630,pca_q16,3,14,2845,0.029389585033521688,96803
20260630,pca_q16,3,15,3879,0.04007107217751516,96803
20260630,pca_q16,3,16,2832,0.029255291674844787,96803
20260630,pca_q16,3,17,2814,0.02906934702436908,96803
20260630,pca_q16,3,18,2919,0.030154024152144045,96803
20260630,pca_q16,3,19,4915,0.050773219838228155,96803
20260630,pca_q16,3,20,1883,0.019451876491431052,96803
20260630,pca_q16,3,21,2843,0.029368924516802165,96803
20260630,pca_q16,3,22,2880,0.029751144076113345,96803
20260630,pca_q16,3,23,3868,0.03995743933555778,96803
20260630,pca_q16,3,24,2746,0.028366889455905292,96803
20260630,pca_q16,3,25,2825,0.029182979866326456,96803
20260630,pca_q16,3,26,2701,0.02790202782971602,96803
20260630,pca_q16,3,27,2814,0.02906934702436908,96803
20260630,pca_q16,3,28,2798,0.028904062890612894,96803
20260630,pca_q16,3,29,2819,0.029120998316167886,96803
20260630,pca_q16,3,30,2762,0.028532173589661477,96803
20260630,pca_q16,3,31,2790,0.028821420823734803,96803
20260630,pca_q32,0,0,2777,0.03310760866973461,83878
20260630,pca_q32,0,1,2726,0.032499582727294404,83878
20260630,pca_q32,0,2,1751,0.020875557357113904,83878
20260630,pca_q32,0,3,1802,0.021483583299554115,83878
20260630,pca_q32,0,4,1742,0.02076825866138916,83878
20260630,pca_q32,0,5,1833,0.02185316769593934,83878
20260630,pca_q32,0,6,3888,0.04635303655308901,83878
20260630,pca_q32,0,7,3915,0.04667493264026324,83878
20260630,pca_q32,0,8,2758,0.03288108920098238,83878
20260630,pca_q32,0,9,2742,0.03269033596413839,83878
20260630,pca_q32,0,10,1834,0.02186508977324209,83878
20260630,pca_q32,0,11,1875,0.022353894942654808,83878
20260630,pca_q32,0,12,1886,0.02248503779298505,83878
20260630,pca_q32,0,13,1849,0.022043920932783328,83878
20260630,pca_q32,0,14,3888,0.04635303655308901,83878
20260630,pca_q32,0,15,3929,0.04684184172250173,83878
20260630,pca_q32,0,16,2744,0.03271418011874389,83878
20260630,pca_q32,0,17,2735,0.032606881423019145,83878
20260630,pca_q32,0,18,1887,0.0224969598702878,83878
20260630,pca_q32,0,19,1895,0.022592336488709792,83878
20260630,pca_q32,0,20,1836,0.02188893392784759,83878
20260630,pca_q32,0,21,1918,0.022866544266673026,83878
20260630,pca_q32,0,22,3885,0.04631727032118076,83878
20260630,pca_q32,0,23,3855,0.045959608002098286,83878
20260630,pca_q32,0,24,2755,0.03284532296907413,83878
20260630,pca_q32,0,25,2712,0.03233267364505592,83878
20260630,pca_q32,0,26,2641,0.03148620615656072,83878
20260630,pca_q32,0,27,2698,0.032165764562817424,83878
20260630,pca_q32,0,28,2768,0.03300030997400987,83878
20260630,pca_q32,0,29,2750,0.03278571258256038,83878
20260630,pca_q32,0,30,2831,0.033751400844083075,83878
20260630,pca_q32,0,31,2773,0.03305992036052362,83878
20260630,pca_q32,1,0,4125,0.03346068673496703,123279
20260630,pca_q32,1,1,4339,0.03519658660436895,123279
20260630,pca_q32,1,2,3960,0.032122259265568345,123279
20260630,pca_q32,1,3,3937,0.0319356905880158,123279
20260630,pca_q32,1,4,3907,0.03169234013903422,123279
20260630,pca_q32,1,5,3888,0.03153821818801256,123279
20260630,pca_q32,1,6,2944,0.023880790726725557,123279
20260630,pca_q32,1,7,2791,0.022639703436919508,123279
20260630,pca_q32,1,8,4295,0.0348396726125293,123279
20260630,pca_q32,1,9,4328,0.03510735810640904,123279
20260630,pca_q32,1,10,3888,0.03153821818801256,123279
20260630,pca_q32,1,11,3893,0.03157877659617615,123279
20260630,pca_q32,1,12,3815,0.03094606542882405,123279
20260630,pca_q32,1,13,3836,0.031116410743111153,123279
20260630,pca_q32,1,14,2864,0.023231856196108014,123279
20260630,pca_q32,1,15,2805,0.022753266979777576,123279
20260630,pca_q32,1,16,4307,0.034937012792121934,123279
20260630,pca_q32,1,17,4257,0.03453142871048597,123279
20260630,pca_q32,1,18,3874,0.03142465464515449,123279
20260630,pca_q32,1,19,3775,0.030621598163515278,123279
20260630,pca_q32,1,20,3838,0.031132634106376594,123279
20260630,pca_q32,1,21,3823,0.031010958881885802,123279
20260630,pca_q32,1,22,2890,0.023442759918558716,123279
20260630,pca_q32,1,23,2813,0.02281816043283933,123279
20260630,pca_q32,1,24,4291,0.034807225885998425,123279
20260630,pca_q32,1,25,4276,0.034685550661507636,123279
20260630,pca_q32,1,26,4276,0.034685550661507636,123279
20260630,pca_q32,1,27,4231,0.03432052498803527,123279
20260630,pca_q32,1,28,4250,0.034474646939056934,123279
20260630,pca_q32,1,29,4235,0.034352971714566145,123279
20260630,pca_q32,1,30,4257,0.03453142871048597,123279
20260630,pca_q32,1,31,4271,0.03464499225334404,123279
20260630,pca_q32,2,0,3144,0.030927226583249718,101658
20260630,pca_q32,2,1,3019,0.029697613567058176,101658
20260630,pca_q32,2,2,3107,0.03056326113045702,101658
20260630,pca_q32,2,3,5114,0.050305927718428456,101658
20260630,pca_q32,2,4,2047,0.020136142753152727,101658
20260630,pca_q32,2,5,3063,0.0301304373487576,101658
20260630,pca_q32,2,6,4056,0.039898483149383226,101658
20260630,pca_q32,2,7,2056,0.02022467489031852,101658
20260630,pca_q32,2,8,3110,0.03059277184284562,101658
20260630,pca_q32,2,9,3090,0.030396033760254973,101658
20260630,pca_q32,2,10,3078,0.030277990910700586,101658
20260630,pca_q32,2,11,5116,0.05032560152668752,101658
20260630,pca_q32,2,12,2026,0.019929567766432548,101658
20260630,pca_q32,2,13,3077,0.03026815400657105,101658
20260630,pca_q32,2,14,4083,0.0401640795608806,101658
20260630,pca_q32,2,15,2059,0.020254185602707114,101658
20260630,pca_q32,2,16,3086,0.030356686143736843,101658
20260630,pca_q32,2,17,3073,0.03022880639005292,101658
20260630,pca_q32,2,18,3057,0.030071415923980403,101658
20260630,pca_q32,2,19,5135,0.050512502705148635,101658
20260630,pca_q32,2,20,2064,0.02030337012335478,101658
20260630,pca_q32,2,21,3077,0.03026815400657105,101658
20260630,pca_q32,2,22,4031,0.03965256054614492,101658
20260630,pca_q32,2,23,2114,0.020795215329831397,101658
20260630,pca_q32,2,24,3122,0.03071081469240001,101658
20260630,pca_q32,2,25,3038,0.02988451474551929,101658
20260630,pca_q32,2,26,3160,0.031084617049322236,101658
20260630,pca_q32,2,27,3122,0.03071081469240001,101658
20260630,pca_q32,2,28,3130,0.030789509925436265,101658
20260630,pca_q32,2,29,3018,0.02968777666292864,101658
20260630,pca_q32,2,30,3092,0.030415707568514038,101658
20260630,pca_q32,2,31,3094,0.030435381376773103,101658
20260630,pca_q32,3,0,2242,0.02656366630727124,84401
20260630,pca_q32,3,1,2204,0.02611343467494461,84401
20260630,pca_q32,3,2,3470,0.04111325695193185,84401
20260630,pca_q32,3,3,1435,0.01700216822075568,84401
20260630,pca_q32,3,4,4592,0.05440693830641817,84401
20260630,pca_q32,3,5,3504,0.041516095780855675,84401
20260630,pca_q32,3,6,1400,0.01658748119098115,84401
20260630,pca_q32,3,7,3526,0.041776756199571094,84401
20260630,pca_q32,3,8,2125,0.025177426807739246,84401
20260630,pca_q32,3,9,2128,0.025212971410291347,84401
20260630,pca_q32,3,10,3488,0.04132652456724446,84401
20260630,pca_q32,3,11,1404,0.01663487399438395,84401
20260630,pca_q32,3,12,4561,0.054039644080046446,84401
20260630,pca_q32,3,13,3526,0.041776756199571094,84401
20260630,pca_q32,3,14,1453,0.017215435836068292,84401
20260630,pca_q32,3,15,3495,0.04140946197319937,84401
20260630,pca_q32,3,16,2151,0.025485480029857465,84401
20260630,pca_q32,3,17,2223,0.026338550491107924,84401
20260630,pca_q32,3,18,3470,0.04111325695193185,84401
20260630,pca_q32,3,19,1483,0.017570881861589317,84401
20260630,pca_q32,3,20,4550,0.05390931387068874,84401
20260630,pca_q32,3,21,3470,0.04111325695193185,84401
20260630,pca_q32,3,22,1482,0.01755903366073862,84401
20260630,pca_q32,3,23,3506,0.04153979218255708,84401
20260630,pca_q32,3,24,2120,0.02511818580348574,84401
20260630,pca_q32,3,25,2262,0.026800630324285257,84401
20260630,pca_q32,3,26,2211,0.026196372080899515,84401
20260630,pca_q32,3,27,2237,0.026504425303017737,84401
20260630,pca_q32,3,28,2140,0.025355149820499755,84401
20260630,pca_q32,3,29,2285,0.027073138943851376,84401
20260630,pca_q32,3,30,2108,0.024976007393277332,84401
20260630,pca_q32,3,31,2150,0.025473631829006766,84401
20260630,bottleneck_ae_q4,0,0,2727,0.029693267566066703,91839
20260630,bottleneck_ae_q4,0,1,2934,0.031947211968771434,91839
20260630,bottleneck_ae_q4,0,2,2977,0.03241542264179706,91839
20260630,bottleneck_ae_q4,0,3,3055,0.03326473502542493,91839
20260630,bottleneck_ae_q4,0,4,2008,0.021864349568266207,91839
20260630,bottleneck_ae_q4,0,5,3071,0.03343895295027167,91839
20260630,bottleneck_ae_q4,0,6,3058,0.03329740088633369,91839
20260630,bottleneck_ae_q4,0,7,2006,0.02184257232766036,91839
20260630,bottleneck_ae_q4,0,8,2996,0.032622306427552566,91839
20260630,bottleneck_ae_q4,0,9,2978,0.03242631126209998,91839
20260630,bottleneck_ae_q4,0,10,3073,0.033460730190877516,91839
20260630,bottleneck_ae_q4,0,11,3200,0.034843584969348536,91839
20260630,bottleneck_ae_q4,0,12,2001,0.021788129226145755,91839
20260630,bottleneck_ae_q4,0,13,3053,0.03324295778481909,91839
20260630,bottleneck_ae_q4,0,14,3125,0.03402693844662943,91839
20260630,bottleneck_ae_q4,0,15,2112,0.022996766079770033,91839
20260630,bottleneck_ae_q4,0,16,3064,0.03336273260815122,91839
20260630,bottleneck_ae_q4,0,17,2978,0.03242631126209998,91839
20260630,bottleneck_ae_q4,0,18,3031,0.03300340813815481,91839
20260630,bottleneck_ae_q4,0,19,3274,0.035649342871764717,91839
20260630,bottleneck_ae_q4,0,20,2096,0.02282254815492329,91839
20260630,bottleneck_ae_q4,0,21,3077,0.0335042846720892,91839
20260630,bottleneck_ae_q4,0,22,3057,0.03328651226603077,91839
20260630,bottleneck_ae_q4,0,23,2043,0.022245451278868456,91839
20260630,bottleneck_ae_q4,0,24,3048,0.03318851468330448,91839
20260630,bottleneck_ae_q4,0,25,3116,0.033928940863903134,91839
20260630,bottleneck_ae_q4,0,26,3081,0.03354783915330088,91839
20260630,bottleneck_ae_q4,0,27,3091,0.0336567253563301,91839
20260630,bottleneck_ae_q4,0,28,3123,0.034005161206023586,91839
20260630,bottleneck_ae_q4,0,29,3098,0.03373294569845055,91839
20260630,bottleneck_ae_q4,0,30,3165,0.03446248325874628,91839
20260630,bottleneck_ae_q4,0,31,3123,0.034005161206023586,91839
20260630,bottleneck_ae_q4,1,0,3455,0.03290225506628067,105008
20260630,bottleneck_ae_q4,1,1,3267,0.031111915282645133,105008
20260630,bottleneck_ae_q4,1,2,2729,0.025988496114581747,105008
20260630,bottleneck_ae_q4,1,3,3145,0.029950099040073137,105008
20260630,bottleneck_ae_q4,1,4,4185,0.03985410635380161,105008
20260630,bottleneck_ae_q4,1,5,4088,0.03893036721011733,105008
20260630,bottleneck_ae_q4,1,6,4136,0.03938747523998171,105008
20260630,bottleneck_ae_q4,1,7,3079,0.0293215754990096,105008
20260630,bottleneck_ae_q4,1,8,2970,0.02828355934785921,105008
20260630,bottleneck_ae_q4,1,9,2990,0.028474021026969373,105008
20260630,bottleneck_ae_q4,1,10,2399,0.022845878409264057,105008
20260630,bottleneck_ae_q4,1,11,2900,0.02761694347097364,105008
20260630,bottleneck_ae_q4,1,12,4097,0.0390160749657169,105008
20260630,bottleneck_ae_q4,1,13,4029,0.03836850525674235,105008
20260630,bottleneck_ae_q4,1,14,4105,0.03909225963736096,105008
20260630,bottleneck_ae_q4,1,15,2977,0.028350220935547767,105008
20260630,bottleneck_ae_q4,1,16,2959,0.02817880542434862,105008
20260630,bottleneck_ae_q4,1,17,2987,0.02844545177510285,105008
20260630,bottleneck_ae_q4,1,18,2313,0.022026893189090357,105008
20260630,bottleneck_ae_q4,1,19,2806,0.026721773579155873,105008
20260630,bottleneck_ae_q4,1,20,4032,0.03839707450860887,105008
20260630,bottleneck_ae_q4,1,21,4111,0.03914939814109401,105008
20260630,bottleneck_ae_q4,1,22,4080,0.03885418253847326,105008
20260630,bottleneck_ae_q4,1,23,3038,0.028931129056833767,105008
20260630,bottleneck_ae_q4,1,24,3016,0.028721621209812587,105008
20260630,bottleneck_ae_q4,1,25,2969,0.028274036263903703,105008
20260630,bottleneck_ae_q4,1,26,3024,0.02879780588145665,105008
20260630,bottleneck_ae_q4,1,27,3037,0.028921605972878257,105008
20260630,bottleneck_ae_q4,1,28,3010,0.028664482706079537,105008
20260630,bottleneck_ae_q4,1,29,3011,0.028674005790035043,105008
20260630,bottleneck_ae_q4,1,30,3051,0.02905492914825537,105008
20260630,bottleneck_ae_q4,1,31,3013,0.02869305195794606,105008
20260630,bottleneck_ae_q4,2,0,3301,0.032727561147298814,100863
20260630,bottleneck_ae_q4,2,1,3150,0.03123048094940662,100863
20260630,bottleneck_ae_q4,2,2,4495,0.044565400592883414,100863
20260630,bottleneck_ae_q4,2,3,3080,0.03053647026164203,100863
20260630,bottleneck_ae_q4,2,4,3108,0.030814074536747865,100863
20260630,bottleneck_ae_q4,2,5,3112,0.030853732290334415,100863
20260630,bottleneck_ae_q4,2,6,1998,0.01980904791648077,100863
20260630,bottleneck_ae_q4,2,7,3106,0.030794245659954592,100863
20260630,bottleneck_ae_q4,2,8,3178,0.031508085224512455,100863
20260630,bottleneck_ae_q4,2,9,3228,0.03200380714434431,100863
20260630,bottleneck_ae_q4,2,10,4750,0.047093582384025855,100863
20260630,bottleneck_ae_q4,2,11,3038,0.030120063848983275,100863
20260630,bottleneck_ae_q4,2,12,3168,0.03140894084054609,100863
20260630,bottleneck_ae_q4,2,13,3144,0.0311709943190268,100863
20260630,bottleneck_ae_q4,2,14,2013,0.019957764492430325,100863
20260630,bottleneck_ae_q4,2,15,3025,0.029991176149826992,100863
20260630,bottleneck_ae_q4,2,16,3128,0.031012363304680605,100863
20260630,bottleneck_ae_q4,2,17,3179,0.031517999662909094,100863
20260630,bottleneck_ae_q4,2,18,4886,0.04844194600596849,100863
20260630,bottleneck_ae_q4,2,19,3083,0.03056621357683194,100863
20260630,bottleneck_ae_q4,2,20,3068,0.030417497000882386,100863
20260630,bottleneck_ae_q4,2,21,3060,0.030338181493709288,100863
20260630,bottleneck_ae_q4,2,22,2056,0.02038408534348572,100863
20260630,bottleneck_ae_q4,2,23,3071,0.030447240316072297,100863
20260630,bottleneck_ae_q4,2,24,3097,0.03070501571438486,100863
20260630,bottleneck_ae_q4,2,25,3129,0.031022277743077243,100863
20260630,bottleneck_ae_q4,2,26,3076,0.03049681250805548,100863
20260630,bottleneck_ae_q4,2,27,2991,0.029654085244341336,100863
20260630,bottleneck_ae_q4,2,28,3089,0.030625700207211764,100863
20260630,bottleneck_ae_q4,2,29,3023,0.02997134727303372,100863
20260630,bottleneck_ae_q4,2,30,2992,0.02966399968273797,100863
20260630,bottleneck_ae_q4,2,31,3041,0.030149807164173186,100863
20260630,bottleneck_ae_q4,3,0,2805,0.029369882520469917,95506
20260630,bottleneck_ae_q4,3,1,2937,0.030751994639080266,95506
20260630,bottleneck_ae_q4,3,2,2087,0.021852030238937867,95506
20260630,bottleneck_ae_q4,3,3,3008,0.03149540343015098,95506
20260630,bottleneck_ae_q4,3,4,2987,0.031275521956735705,95506
20260630,bottleneck_ae_q4,3,5,2017,0.021119091994220258,95506
20260630,bottleneck_ae_q4,3,6,3096,0.03241681150922455,95506
20260630,bottleneck_ae_q4,3,7,4097,0.04289782840868637,95506
20260630,bottleneck_ae_q4,3,8,3144,0.032919397734173766,95506
20260630,bottleneck_ae_q4,3,9,3092,0.03237492932381212,95506
20260630,bottleneck_ae_q4,3,10,2066,0.021632148765522587,95506
20260630,bottleneck_ae_q4,3,11,3150,0.03298222101229242,95506
20260630,bottleneck_ae_q4,3,12,3022,0.03164199107909451,95506
20260630,bottleneck_ae_q4,3,13,2062,0.02159026658011015,95506
20260630,bottleneck_ae_q4,3,14,3045,0.03188281364521601,95506
20260630,bottleneck_ae_q4,3,15,4174,0.043704060477875735,95506
20260630,bottleneck_ae_q4,3,16,3137,0.03284610390970201,95506
20260630,bottleneck_ae_q4,3,17,3144,0.032919397734173766,95506
20260630,bottleneck_ae_q4,3,18,2058,0.021548384394697716,95506
20260630,bottleneck_ae_q4,3,19,3125,0.0327204573534647,95506
20260630,bottleneck_ae_q4,3,20,3092,0.03237492932381212,95506
20260630,bottleneck_ae_q4,3,21,2040,0.02135991456034176,95506
20260630,bottleneck_ae_q4,3,22,3095,0.03240634096287144,95506
20260630,bottleneck_ae_q4,3,23,4136,0.0433061797164576,95506
20260630,bottleneck_ae_q4,3,24,3127,0.032741398446170925,95506
20260630,bottleneck_ae_q4,3,25,3074,0.03218645948945616,95506
20260630,bottleneck_ae_q4,3,26,3107,0.03253198751910875,95506
20260630,bottleneck_ae_q4,3,27,3169,0.033181161393001486,95506
20260630,bottleneck_ae_q4,3,28,3066,0.03210269511863129,95506
20260630,bottleneck_ae_q4,3,29,3156,0.03304504429041107,95506
20260630,bottleneck_ae_q4,3,30,3080,0.03224928276757481,95506
20260630,bottleneck_ae_q4,3,31,3111,0.03257386970452118,95506
20260630,bottleneck_ae_q8,0,0,2776,0.02989478671965022,92859
20260630,bottleneck_ae_q8,0,1,3023,0.0325547335207142,92859
20260630,bottleneck_ae_q8,0,2,3013,0.03244704336682497,92859
20260630,bottleneck_ae_q8,0,3,3981,0.04287145026330243,92859
20260630,bottleneck_ae_q8,0,4,1980,0.02132265047006752,92859
20260630,bottleneck_ae_q8,0,5,3018,0.03250088844376959,92859
20260630,bottleneck_ae_q8,0,6,1962,0.02112880819306691,92859
20260630,bottleneck_ae_q8,0,7,3025,0.03257627155149205,92859
20260630,bottleneck_ae_q8,0,8,3004,0.03235012222832467,92859
20260630,bottleneck_ae_q8,0,9,3005,0.03236089124371359,92859
20260630,bottleneck_ae_q8,0,10,3063,0.032985494136271123,92859
20260630,bottleneck_ae_q8,0,11,4100,0.04415296309458426,92859
20260630,bottleneck_ae_q8,0,12,1930,0.020784199700621373,92859
20260630,bottleneck_ae_q8,0,13,3027,0.03259780958226989,92859
20260630,bottleneck_ae_q8,0,14,1968,0.021193422285400446,92859
20260630,bottleneck_ae_q8,0,15,3015,0.032468581397602815,92859
20260630,bottleneck_ae_q8,0,16,3017,0.03249011942838066,92859
20260630,bottleneck_ae_q8,0,17,3019,0.03251165745915851,92859
20260630,bottleneck_ae_q8,0,18,3017,0.03249011942838066,92859
20260630,bottleneck_ae_q8,0,19,4031,0.043409901032748575,92859
20260630,bottleneck_ae_q8,0,20,2026,0.02181802517795798,92859
20260630,bottleneck_ae_q8,0,21,3039,0.032727037766936966,92859
20260630,bottleneck_ae_q8,0,22,2044,0.022011867454958593,92859
20260630,bottleneck_ae_q8,0,23,3010,0.0324147363206582,92859
20260630,bottleneck_ae_q8,0,24,3003,0.03233935321293574,92859
20260630,bottleneck_ae_q8,0,25,3065,0.033007032167048964,92859
20260630,bottleneck_ae_q8,0,26,2982,0.032113203889768356,92859
20260630,bottleneck_ae_q8,0,27,2959,0.03186551653582313,92859
20260630,bottleneck_ae_q8,0,28,2967,0.031951668658934514,92859
20260630,bottleneck_ae_q8,0,29,2932,0.03157475312032221,92859
20260630,bottleneck_ae_q8,0,30,2926,0.03151013902798867,92859
20260630,bottleneck_ae_q8,0,31,2932,0.03157475312032221,92859
20260630,bottleneck_ae_q8,1,0,3802,0.034482758620689655,110258
20260630,bottleneck_ae_q8,1,1,3753,0.034038346423842264,110258
20260630,bottleneck_ae_q8,1,2,2558,0.023200130602768054,110258
20260630,bottleneck_ae_q8,1,3,2553,0.023154782419416278,110258
20260630,bottleneck_ae_q8,1,4,4635,0.04203776596709536,110258
20260630,bottleneck_ae_q8,1,5,2582,0.02341780188285657,110258
20260630,bottleneck_ae_q8,1,6,2506,0.022728509495909596,110258
20260630,bottleneck_ae_q8,1,7,4658,0.04224636761051352,110258
20260630,bottleneck_ae_q8,1,8,3749,0.03400206787716084,110258
20260630,bottleneck_ae_q8,1,9,3831,0.03474577808412995,110258
20260630,bottleneck_ae_q8,1,10,2494,0.022619673855865333,110258
20260630,bottleneck_ae_q8,1,11,2539,0.023027807506031308,110258
20260630,bottleneck_ae_q8,1,12,4579,0.04152986631355548,110258
20260630,bottleneck_ae_q8,1,13,2471,0.022411072212447168,110258
20260630,bottleneck_ae_q8,1,14,2552,0.023145712782745922,110258
20260630,bottleneck_ae_q8,1,15,4552,0.041284986123455894,110258
20260630,bottleneck_ae_q8,1,16,3825,0.034691360264107816,110258
20260630,bottleneck_ae_q8,1,17,3829,0.03472763881078924,110258
20260630,bottleneck_ae_q8,1,18,2468,0.022383863302436104,110258
20260630,bottleneck_ae_q8,1,19,2507,0.022737579132579948,110258
20260630,bottleneck_ae_q8,1,20,4512,0.0409222006566417,110258
20260630,bottleneck_ae_q8,1,21,2468,0.022383863302436104,110258
20260630,bottleneck_ae_q8,1,22,2477,0.0224654900324693,110258
20260630,bottleneck_ae_q8,1,23,4494,0.04075894719657531,110258
20260630,bottleneck_ae_q8,1,24,3688,0.03344882004026919,110258
20260630,bottleneck_ae_q8,1,25,3697,0.03353044677030238,110258
20260630,bottleneck_ae_q8,1,26,3705,0.03360300386366522,110258
20260630,bottleneck_ae_q8,1,27,3801,0.0344736889840193,110258
20260630,bottleneck_ae_q8,1,28,3764,0.03413811242721616,110258
20260630,bottleneck_ae_q8,1,29,3716,0.03370276986703913,110258
20260630,bottleneck_ae_q8,1,30,3742,0.03393858042046836,110258
20260630,bottleneck_ae_q8,1,31,3751,0.03402020715050155,110258
20260630,bottleneck_ae_q8,2,0,2861,0.030497814731904913,93810
20260630,bottleneck_ae_q8,2,1,2804,0.029890203603027396,93810
20260630,bottleneck_ae_q8,2,2,3851,0.04105106065451444,93810
20260630,bottleneck_ae_q8,2,3,2893,0.030838929751625627,93810
20260630,bottleneck_ae_q8,2,4,2810,0.02995416266922503,93810
20260630,bottleneck_ae_q8,2,5,3786,0.04035817077070675,93810
20260630,bottleneck_ae_q8,2,6,3928,0.041871868670717405,93810
20260630,bottleneck_ae_q8,2,7,1772,0.01888924421703443,93810
20260630,bottleneck_ae_q8,2,8,2601,0.02772625519667413,93810
20260630,bottleneck_ae_q8,2,9,2600,0.027715595352307856,93810
20260630,bottleneck_ae_q8,2,10,3753,0.040006395906619766,93810
20260630,bottleneck_ae_q8,2,11,2759,0.029410510606545145,93810
20260630,bottleneck_ae_q8,2,12,2808,0.029932842980492484,93810
20260630,bottleneck_ae_q8,2,13,3782,0.040315531393241656,93810
20260630,bottleneck_ae_q8,2,14,3786,0.04035817077070675,93810
20260630,bottleneck_ae_q8,2,15,1751,0.018665387485342712,93810
20260630,bottleneck_ae_q8,2,16,2572,0.027417119710052233,93810
20260630,bottleneck_ae_q8,2,17,2591,0.027619656753011406,93810
20260630,bottleneck_ae_q8,2,18,3794,0.04044344952563692,93810
20260630,bottleneck_ae_q8,2,19,2784,0.02967700671570195,93810
20260630,bottleneck_ae_q8,2,20,2755,0.029367871229080054,93810
20260630,bottleneck_ae_q8,2,21,3758,0.040059695128451124,93810
20260630,bottleneck_ae_q8,2,22,3837,0.040901822833386635,93810
20260630,bottleneck_ae_q8,2,23,1834,0.01955015456774331,93810
20260630,bottleneck_ae_q8,2,24,2627,0.028003411150197208,93810
20260630,bottleneck_ae_q8,2,25,2648,0.028227267881888923,93810
20260630,bottleneck_ae_q8,2,26,2646,0.02820594819315638,93810
20260630,bottleneck_ae_q8,2,27,2609,0.027811533951604305,93810
20260630,bottleneck_ae_q8,2,28,2636,0.028099349749493657,93810
20260630,bottleneck_ae_q8,2,29,2783,0.029666346871335677,93810
20260630,bottleneck_ae_q8,2,30,2719,0.028984116831894256,93810
20260630,bottleneck_ae_q8,2,31,2672,0.02848310414667946,93810
20260630,bottleneck_ae_q8,3,0,2849,0.029588011091609634,96289
20260630,bottleneck_ae_q8,3,1,2708,0.02812366937033306,96289
20260630,bottleneck_ae_q8,3,2,2866,0.029764562930345108,96289
20260630,bottleneck_ae_q8,3,3,2861,0.02971263591895232,96289
20260630,bottleneck_ae_q8,3,4,2863,0.029733406723509437,96289
20260630,bottleneck_ae_q8,3,5,2902,0.030138437412373167,96289
20260630,bottleneck_ae_q8,3,6,3892,0.04041998566814486,96289
20260630,bottleneck_ae_q8,3,7,2833,0.029421844655152716,96289
20260630,bottleneck_ae_q8,3,8,2934,0.030470770285287,96289
20260630,bottleneck_ae_q8,3,9,2852,0.029619167298445305,96289
20260630,bottleneck_ae_q8,3,10,2978,0.03092772798554352,96289
20260630,bottleneck_ae_q8,3,11,2890,0.03001381258503048,96289
20260630,bottleneck_ae_q8,3,12,2971,0.03085503016959362,96289
20260630,bottleneck_ae_q8,3,13,3008,0.031239290053900238,96289
20260630,bottleneck_ae_q8,3,14,3982,0.04135467187321501,96289
20260630,bottleneck_ae_q8,3,15,2970,0.030844644767315063,96289
20260630,bottleneck_ae_q8,3,16,2874,0.029847646148573565,96289
20260630,bottleneck_ae_q8,3,17,2849,0.029588011091609634,96289
20260630,bottleneck_ae_q8,3,18,3009,0.031249675456178794,96289
20260630,bottleneck_ae_q8,3,19,2966,0.030803103158200833,96289
20260630,bottleneck_ae_q8,3,20,2995,0.031104279824278994,96289
20260630,bottleneck_ae_q8,3,21,3023,0.0313950710880786,96289
20260630,bottleneck_ae_q8,3,22,3930,0.04081463095473003,96289
20260630,bottleneck_ae_q8,3,23,2950,0.030636936721743918,96289
20260630,bottleneck_ae_q8,3,24,2970,0.030844644767315063,96289
20260630,bottleneck_ae_q8,3,25,2878,0.029889187757687796,96289
20260630,bottleneck_ae_q8,3,26,2955,0.030688863733136704,96289
20260630,bottleneck_ae_q8,3,27,2919,0.03031498925110864,96289
20260630,bottleneck_ae_q8,3,28,2921,0.030335760055665757,96289
20260630,bottleneck_ae_q8,3,29,2857,0.02967109430983809,96289
20260630,bottleneck_ae_q8,3,30,2901,0.03012805201009461,96289
20260630,bottleneck_ae_q8,3,31,2933,0.030460384883008444,96289
20260630,bottleneck_ae_q16,0,0,2445,0.028133522040802238,86907
20260630,bottleneck_ae_q16,0,1,2424,0.02789188442818185,86907
20260630,bottleneck_ae_q16,0,2,1636,0.018824720678426363,86907
20260630,bottleneck_ae_q16,0,3,2718,0.03127481100486727,86907
20260630,bottleneck_ae_q16,0,4,2651,0.030503871955078418,86907
20260630,bottleneck_ae_q16,0,5,1618,0.018617602724751745,86907
20260630,bottleneck_ae_q16,0,6,3636,0.04183782664227277,86907
20260630,bottleneck_ae_q16,0,7,4693,0.0540002531441656,86907
20260630,bottleneck_ae_q16,0,8,2467,0.028386666206404548,86907
20260630,bottleneck_ae_q16,0,9,2434,0.02800694995800108,86907
20260630,bottleneck_ae_q16,0,10,1671,0.019227450032793678,86907
20260630,bottleneck_ae_q16,0,11,2714,0.031228784792939578,86907
20260630,bottleneck_ae_q16,0,12,2708,0.031159745475048038,86907
20260630,bottleneck_ae_q16,0,13,1646,0.018939786208245595,86907
20260630,bottleneck_ae_q16,0,14,3748,0.043126560576248175,86907
20260630,bottleneck_ae_q16,0,15,4781,0.05501282980657485,86907
20260630,bottleneck_ae_q16,0,16,2470,0.028421185865350317,86907
20260630,bottleneck_ae_q16,0,17,2551,0.029353216656886096,86907
20260630,bottleneck_ae_q16,0,18,1691,0.01945758109243214,86907
20260630,bottleneck_ae_q16,0,19,2769,0.03186164520694536,86907
20260630,bottleneck_ae_q16,0,20,2694,0.030998653733301115,86907
20260630,bottleneck_ae_q16,0,21,1755,0.020194000483275226,86907
20260630,bottleneck_ae_q16,0,22,3781,0.04350627682465164,86907
20260630,bottleneck_ae_q16,0,23,4790,0.05511638878341215,86907
20260630,bottleneck_ae_q16,0,24,2591,0.029813478776163024,86907
20260630,bottleneck_ae_q16,0,25,2589,0.02979046567019918,86907
20260630,bottleneck_ae_q16,0,26,2487,0.02861679726604301,86907
20260630,bottleneck_ae_q16,0,27,2569,0.029560334610560714,86907
20260630,bottleneck_ae_q16,0,28,2478,0.028513238289205704,86907
20260630,bottleneck_ae_q16,0,29,2532,0.029134592150229555,86907
20260630,bottleneck_ae_q16,0,30,2596,0.02987101154107264,86907
20260630,bottleneck_ae_q16,0,31,2574,0.02961786737547033,86907
20260630,bottleneck_ae_q16,1,0,3054,0.031552194396231095,96792
20260630,bottleneck_ae_q16,1,1,2922,0.030188445326060007,96792
20260630,bottleneck_ae_q16,1,2,3964,0.04095379783453178,96792
20260630,bottleneck_ae_q16,1,3,2915,0.030116125299611538,96792
20260630,bottleneck_ae_q16,1,4,2872,0.029671873708570957,96792
20260630,bottleneck_ae_q16,1,5,2935,0.030322753946607158,96792
20260630,bottleneck_ae_q16,1,6,2903,0.029992148111414166,96792
20260630,bottleneck_ae_q16,1,7,3010,0.03109761137284073,96792
20260630,bottleneck_ae_q16,1,8,2895,0.02990949665261592,96792
20260630,bottleneck_ae_q16,1,9,2919,0.030157451029010664,96792
20260630,bottleneck_ae_q16,1,10,3998,0.04130506653442433,96792
20260630,bottleneck_ae_q16,1,11,2980,0.030787668402347302,96792
20260630,bottleneck_ae_q16,1,12,2939,0.03036407967600628,96792
20260630,bottleneck_ae_q16,1,13,2899,0.029950822382015043,96792
20260630,bottleneck_ae_q16,1,14,2938,0.0303537482436565,96792
20260630,bottleneck_ae_q16,1,15,2926,0.03022977105545913,96792
20260630,bottleneck_ae_q16,1,16,2922,0.030188445326060007,96792
20260630,bottleneck_ae_q16,1,17,2919,0.030157451029010664,96792
20260630,bottleneck_ae_q16,1,18,3966,0.040974460699231344,96792
20260630,bottleneck_ae_q16,1,19,2944,0.030415736837755187,96792
20260630,bottleneck_ae_q16,1,20,3009,0.03108727994049095,96792
20260630,bottleneck_ae_q16,1,21,2931,0.030281428217208035,96792
20260630,bottleneck_ae_q16,1,22,2940,0.030374411108356064,96792
20260630,bottleneck_ae_q16,1,23,2961,0.030591371187701465,96792
20260630,bottleneck_ae_q16,1,24,2844,0.02938259360277709,96792
20260630,bottleneck_ae_q16,1,25,2979,0.030777336969997522,96792
20260630,bottleneck_ae_q16,1,26,2835,0.029289610711629062,96792
20260630,bottleneck_ae_q16,1,27,2881,0.029764856599718986,96792
20260630,bottleneck_ae_q16,1,28,2926,0.03022977105545913,96792
20260630,bottleneck_ae_q16,1,29,2954,0.030519051161252995,96792
20260630,bottleneck_ae_q16,1,30,2871,0.029661542276221177,96792
20260630,bottleneck_ae_q16,1,31,2841,0.029351599305727748,96792
20260630,bottleneck_ae_q16,2,0,3740,0.03238375616936531,115490
20260630,bottleneck_ae_q16,2,1,3775,0.032686812711057237,115490
20260630,bottleneck_ae_q16,2,2,4666,0.04040176638670015,115490
20260630,bottleneck_ae_q16,2,3,2524,0.021854706035154558,115490
20260630,bottleneck_ae_q16,2,4,3577,0.030972378560914365,115490
20260630,bottleneck_ae_q16,2,5,5629,0.04874015066239501,115490
20260630,bottleneck_ae_q16,2,6,3599,0.031162871244263573,115490
20260630,bottleneck_ae_q16,2,7,2508,0.02171616590180968,115490
20260630,bottleneck_ae_q16,2,8,3580,0.03099835483591653,115490
20260630,bottleneck_ae_q16,2,9,3610,0.031258117585938175,115490
20260630,bottleneck_ae_q16,2,10,4442,0.038462204519871854,115490
20260630,bottleneck_ae_q16,2,11,2392,0.020711749935059313,115490
20260630,bottleneck_ae_q16,2,12,3387,0.029327214477443936,115490
20260630,bottleneck_ae_q16,2,13,5533,0.047908909862325745,115490
20260630,bottleneck_ae_q16,2,14,3385,0.029309896960775825,115490
20260630,bottleneck_ae_q16,2,15,2380,0.020607844835050654,115490
20260630,bottleneck_ae_q16,2,16,3540,0.030652004502554335,115490
20260630,bottleneck_ae_q16,2,17,3507,0.030366265477530522,115490
20260630,bottleneck_ae_q16,2,18,4360,0.03775218633647935,115490
20260630,bottleneck_ae_q16,2,19,2303,0.019941120443328426,115490
20260630,bottleneck_ae_q16,2,20,3359,0.029084769244090397,115490
20260630,bottleneck_ae_q16,2,21,5360,0.04641094467053425,115490
20260630,bottleneck_ae_q16,2,22,3308,0.028643172569053597,115490
20260630,bottleneck_ae_q16,2,23,2400,0.02078102000173175,115490
20260630,bottleneck_ae_q16,2,24,3573,0.030937743527578145,115490
20260630,bottleneck_ae_q16,2,25,3497,0.030279677894189973,115490
20260630,bottleneck_ae_q16,2,26,3608,0.031240800069270068,115490
20260630,bottleneck_ae_q16,2,27,3581,0.031007013594250586,115490
20260630,bottleneck_ae_q16,2,28,3589,0.031076283660923024,115490
20260630,bottleneck_ae_q16,2,29,3590,0.031084942419257078,115490
20260630,bottleneck_ae_q16,2,30,3588,0.031067624902588967,115490
20260630,bottleneck_ae_q16,2,31,3600,0.031171530002597626,115490
20260630,bottleneck_ae_q16,3,0,3049,0.03242685611579653,94027
20260630,bottleneck_ae_q16,3,1,3167,0.033681814797877206,94027
20260630,bottleneck_ae_q16,3,2,2022,0.021504461484467226,94027
20260630,bottleneck_ae_q16,3,3,4131,0.043934189115892246,94027
20260630,bottleneck_ae_q16,3,4,3188,0.03390515490231529,94027
20260630,bottleneck_ae_q16,3,5,2106,0.022397821902219575,94027
20260630,bottleneck_ae_q16,3,6,2150,0.02286577259723271,94027
20260630,bottleneck_ae_q16,3,7,2077,0.022089399853233646,94027
20260630,bottleneck_ae_q16,3,8,3346,0.035585523307135186,94027
20260630,bottleneck_ae_q16,3,9,3325,0.0353621832026971,94027
20260630,bottleneck_ae_q16,3,10,2177,0.02315292416008168,94027
20260630,bottleneck_ae_q16,3,11,4202,0.044689291373754346,94027
20260630,bottleneck_ae_q16,3,12,3254,0.03460708094483499,94027
20260630,bottleneck_ae_q16,3,13,2210,0.02350388718134153,94027
20260630,bottleneck_ae_q16,3,14,2217,0.023578333882820893,94027
20260630,bottleneck_ae_q16,3,15,2201,0.023408169993725206,94027
20260630,bottleneck_ae_q16,3,16,3356,0.03569187573781999,94027
20260630,bottleneck_ae_q16,3,17,3311,0.035213289799738375,94027
20260630,bottleneck_ae_q16,3,18,2271,0.02415263700851883,94027
20260630,bottleneck_ae_q16,3,19,4272,0.04543375838854797,94027
20260630,bottleneck_ae_q16,3,20,3226,0.03430929413891755,94027
20260630,bottleneck_ae_q16,3,21,2242,0.0238442149595329,94027
20260630,bottleneck_ae_q16,3,22,2259,0.024025014091697067,94027
20260630,bottleneck_ae_q16,3,23,2137,0.022727514437342465,94027
20260630,bottleneck_ae_q16,3,24,3280,0.034883597264615485,94027
20260630,bottleneck_ae_q16,3,25,3223,0.0342773884097121,94027
20260630,bottleneck_ae_q16,3,26,3358,0.03571314622395695,94027
20260630,bottleneck_ae_q16,3,27,3257,0.03463898667404044,94027
20260630,bottleneck_ae_q16,3,28,3295,0.03504312591064269,94027
20260630,bottleneck_ae_q16,3,29,3212,0.03416040073595882,94027
20260630,bottleneck_ae_q16,3,30,3233,0.03438374084039691,94027
20260630,bottleneck_ae_q16,3,31,3273,0.03480915056313612,94027
20260630,bottleneck_ae_q32,0,0,2981,0.03097110679369565,96251
20260630,bottleneck_ae_q32,0,1,2826,0.029360733914452836,96251
20260630,bottleneck_ae_q32,0,2,3988,0.04143333575755057,96251
20260630,bottleneck_ae_q32,0,3,4046,0.042035926899460785,96251
20260630,bottleneck_ae_q32,0,4,1958,0.020342645790693083,96251
20260630,bottleneck_ae_q32,0,5,2998,0.031147728335290024,96251
20260630,bottleneck_ae_q32,0,6,2971,0.03086721176922837,96251
20260630,bottleneck_ae_q32,0,7,1918,0.01992706569282397,96251
20260630,bottleneck_ae_q32,0,8,2886,0.029984104061256508,96251
20260630,bottleneck_ae_q32,0,9,2903,0.03016072560285088,96251
20260630,bottleneck_ae_q32,0,10,4056,0.04213982192392806,96251
20260630,bottleneck_ae_q32,0,11,4030,0.04186969486031314,96251
20260630,bottleneck_ae_q32,0,12,2081,0.021620554591640605,96251
20260630,bottleneck_ae_q32,0,13,2999,0.03115811783773675,96251
20260630,bottleneck_ae_q32,0,14,3055,0.03173992997475351,96251
20260630,bottleneck_ae_q32,0,15,1985,0.020623162356754734,96251
20260630,bottleneck_ae_q32,0,16,3017,0.03134512888177785,96251
20260630,bottleneck_ae_q32,0,17,3005,0.031220454852417118,96251
20260630,bottleneck_ae_q32,0,18,4003,0.04158917829425149,96251
20260630,bottleneck_ae_q32,0,19,4068,0.042264495953288794,96251
20260630,bottleneck_ae_q32,0,20,2005,0.02083095240568929,96251
20260630,bottleneck_ae_q32,0,21,2982,0.03098149629614238,96251
20260630,bottleneck_ae_q32,0,22,3095,0.03215551007262262,96251
20260630,bottleneck_ae_q32,0,23,2037,0.021163416483984582,96251
20260630,bottleneck_ae_q32,0,24,2988,0.031043833310822746,96251
20260630,bottleneck_ae_q32,0,25,3104,0.032249015594643174,96251
20260630,bottleneck_ae_q32,0,26,3023,0.031407465896458216,96251
20260630,bottleneck_ae_q32,0,27,3054,0.031729540472306784,96251
20260630,bottleneck_ae_q32,0,28,3070,0.03189577251145442,96251
20260630,bottleneck_ae_q32,0,29,3069,0.0318853830090077,96251
20260630,bottleneck_ae_q32,0,30,3043,0.03161525594539277,96251
20260630,bottleneck_ae_q32,0,31,3007,0.031241233857310573,96251
20260630,bottleneck_ae_q32,1,0,3858,0.033773669144102736,114231
20260630,bottleneck_ae_q32,1,1,3700,0.032390506955204804,114231
20260630,bottleneck_ae_q32,1,2,2426,0.021237667533331582,114231
20260630,bottleneck_ae_q32,1,3,3487,0.030525864257513285,114231
20260630,bottleneck_ae_q32,1,4,2422,0.021202650769055684,114231
20260630,bottleneck_ae_q32,1,5,3439,0.03010566308620252,114231
20260630,bottleneck_ae_q32,1,6,4486,0.03927130113541858,114231
20260630,bottleneck_ae_q32,1,7,4496,0.03935884304610832,114231
20260630,bottleneck_ae_q32,1,8,3713,0.03250431143910147,114231
20260630,bottleneck_ae_q32,1,9,3699,0.03238175276413583,114231
20260630,bottleneck_ae_q32,1,10,2446,0.021412751354711067,114231
20260630,bottleneck_ae_q32,1,11,3451,0.03021071337903021,114231
20260630,bottleneck_ae_q32,1,12,2388,0.02090500827271056,114231
20260630,bottleneck_ae_q32,1,13,3475,0.030420813964685593,114231
20260630,bottleneck_ae_q32,1,14,4492,0.039323826281832425,114231
20260630,bottleneck_ae_q32,1,15,4588,0.04016422862445396,114231
20260630,bottleneck_ae_q32,1,16,3652,0.03197030578389404,114231
20260630,bottleneck_ae_q32,1,17,3691,0.032311719235584034,114231
20260630,bottleneck_ae_q32,1,18,2507,0.021946757009918497,114231
20260630,bottleneck_ae_q32,1,19,3473,0.030403305582547644,114231
20260630,bottleneck_ae_q32,1,20,2454,0.021482784883262863,114231
20260630,bottleneck_ae_q32,1,21,3473,0.030403305582547644,114231
20260630,bottleneck_ae_q32,1,22,4535,0.03970025649779832,114231
20260630,bottleneck_ae_q32,1,23,4501,0.039402614001453194,114231
20260630,bottleneck_ae_q32,1,24,3745,0.032784445553308644,114231
20260630,bottleneck_ae_q32,1,25,3674,0.032162897987411475,114231
20260630,bottleneck_ae_q32,1,26,3658,0.03202283093030788,114231
20260630,bottleneck_ae_q32,1,27,3632,0.03179522196251455,114231
20260630,bottleneck_ae_q32,1,28,3683,0.032241685707032244,114231
20260630,bottleneck_ae_q32,1,29,3623,0.03171643424289378,114231
20260630,bottleneck_ae_q32,1,30,3667,0.03210161864992865,114231
20260630,bottleneck_ae_q32,1,31,3697,0.03236424438199788,114231
20260630,bottleneck_ae_q32,2,0,4269,0.03384683691834421,126127
20260630,bottleneck_ae_q32,2,1,4456,0.0353294695029613,126127
20260630,bottleneck_ae_q32,2,2,4000,0.03171406598111427,126127
20260630,bottleneck_ae_q32,2,3,3868,0.030667501803737503,126127
20260630,bottleneck_ae_q32,2,4,3926,0.03112735576046366,126127
20260630,bottleneck_ae_q32,2,5,3947,0.03129385460686451,126127
20260630,bottleneck_ae_q32,2,6,2872,0.022770699374440047,126127
20260630,bottleneck_ae_q32,2,7,3960,0.03139692532130313,126127
20260630,bottleneck_ae_q32,2,8,4298,0.03407676389670729,126127
20260630,bottleneck_ae_q32,2,9,4342,0.03442561862249954,126127
20260630,bottleneck_ae_q32,2,10,3856,0.030572359605794158,126127
20260630,bottleneck_ae_q32,2,11,3876,0.03073092993569973,126127
20260630,bottleneck_ae_q32,2,12,3897,0.03089742878210058,126127
20260630,bottleneck_ae_q32,2,13,3865,0.030643716254251666,126127
20260630,bottleneck_ae_q32,2,14,2780,0.02204127585687442,126127
20260630,bottleneck_ae_q32,2,15,3816,0.030255218945983018,126127
20260630,bottleneck_ae_q32,2,16,4240,0.03361690993998113,126127
20260630,bottleneck_ae_q32,2,17,4211,0.03338698296161805,126127
20260630,bottleneck_ae_q32,2,18,3841,0.030453431858364983,126127
20260630,bottleneck_ae_q32,2,19,3820,0.030286933011964133,126127
20260630,bottleneck_ae_q32,2,20,3820,0.030286933011964133,126127
20260630,bottleneck_ae_q32,2,21,3896,0.030889500265605302,126127
20260630,bottleneck_ae_q32,2,22,2780,0.02204127585687442,126127
20260630,bottleneck_ae_q32,2,23,3817,0.030263147462478296,126127
20260630,bottleneck_ae_q32,2,24,4156,0.03295091455437773,126127
20260630,bottleneck_ae_q32,2,25,4210,0.03337905444512277,126127
20260630,bottleneck_ae_q32,2,26,4243,0.033640695489466965,126127
20260630,bottleneck_ae_q32,2,27,4229,0.03352969625853307,126127
20260630,bottleneck_ae_q32,2,28,4187,0.03319669856573137,126127
20260630,bottleneck_ae_q32,2,29,4170,0.033061913785311633,126127
20260630,bottleneck_ae_q32,2,30,4201,0.033307697796665266,126127
20260630,bottleneck_ae_q32,2,31,4278,0.033918193566801716,126127
20260630,bottleneck_ae_q32,3,0,1180,0.020845478474393626,56607
20260630,bottleneck_ae_q32,3,1,1306,0.02307135159962549,56607
20260630,bottleneck_ae_q32,3,2,1874,0.03310544632289293,56607
20260630,bottleneck_ae_q32,3,3,887,0.015669440175243344,56607
20260630,bottleneck_ae_q32,3,4,3982,0.07034465702121646,56607
20260630,bottleneck_ae_q32,3,5,1904,0.0336354161146148,56607
20260630,bottleneck_ae_q32,3,6,1959,0.03460702739943823,56607
20260630,bottleneck_ae_q32,3,7,1914,0.03381207271185543,56607
20260630,bottleneck_ae_q32,3,8,1391,0.02457293267617079,56607
20260630,bottleneck_ae_q32,3,9,1344,0.023742646669139857,56607
20260630,bottleneck_ae_q32,3,10,1930,0.034094723267440424,56607
20260630,bottleneck_ae_q32,3,11,931,0.01644672920310209,56607
20260630,bottleneck_ae_q32,3,12,3922,0.06928471743777272,56607
20260630,bottleneck_ae_q32,3,13,1949,0.03443037080219761,56607
20260630,bottleneck_ae_q32,3,14,1961,0.03464235871888636,56607
20260630,bottleneck_ae_q32,3,15,1899,0.03354708781599449,56607
20260630,bottleneck_ae_q32,3,16,1379,0.024360944759482042,56607
20260630,bottleneck_ae_q32,3,17,1381,0.024396276078930166,56607
20260630,bottleneck_ae_q32,3,18,1937,0.03421838288550886,56607
20260630,bottleneck_ae_q32,3,19,927,0.01637606656420584,56607
20260630,bottleneck_ae_q32,3,20,4009,0.07082162983376614,56607
20260630,bottleneck_ae_q32,3,21,1937,0.03421838288550886,56607
20260630,bottleneck_ae_q32,3,22,1878,0.03317610896178918,56607
20260630,bottleneck_ae_q32,3,23,1933,0.03414772024661261,56607
20260630,bottleneck_ae_q32,3,24,1399,0.02471425795396329,56607
20260630,bottleneck_ae_q32,3,25,1300,0.022965357641281114,56607
20260630,bottleneck_ae_q32,3,26,1364,0.024095959863621105,56607
20260630,bottleneck_ae_q32,3,27,1373,0.024254950801137667,56607
20260630,bottleneck_ae_q32,3,28,1348,0.02381330930803611,56607
20260630,bottleneck_ae_q32,3,29,1426,0.025191230766512977,56607
20260630,bottleneck_ae_q32,3,30,1377,0.02432561344003392,56607
20260630,bottleneck_ae_q32,3,31,1306,0.02307135159962549,56607
20260630,sae_l1_4x,0,0,1322,0.021087556427557386,62691
20260630,sae_l1_4x,0,1,1330,0.021215166451324752,62691
20260630,sae_l1_4x,0,2,3959,0.0631510105118757,62691
20260630,sae_l1_4x,0,3,847,0.013510711266369973,62691
20260630,sae_l1_4x,0,4,2972,0.04740712382957681,62691
20260630,sae_l1_4x,0,5,2932,0.04676907371073998,62691
20260630,sae_l1_4x,0,6,868,0.013845687578759312,62691
20260630,sae_l1_4x,0,7,2960,0.04721570879392576,62691
20260630,sae_l1_4x,0,8,1306,0.020832336380022652,62691
20260630,sae_l1_4x,0,9,1356,0.021629899028568694,62691
20260630,sae_l1_4x,0,10,3944,0.0629117417173119,62691
20260630,sae_l1_4x,0,11,914,0.014579445215421672,62691
20260630,sae_l1_4x,0,12,2960,0.04721570879392576,62691
20260630,sae_l1_4x,0,13,2950,0.04705619626421655,62691
20260630,sae_l1_4x,0,14,893,0.014244468903032333,62691
20260630,sae_l1_4x,0,15,2944,0.04696048874639103,62691
20260630,sae_l1_4x,0,16,1348,0.021502289004801327,62691
20260630,sae_l1_4x,0,17,1354,0.021597996522626853,62691
20260630,sae_l1_4x,0,18,3963,0.06321481552375939,62691
20260630,sae_l1_4x,0,19,894,0.014260420156003255,62691
20260630,sae_l1_4x,0,20,2929,0.046721219951827216,62691
20260630,sae_l1_4x,0,21,2931,0.04675312245776906,62691
20260630,sae_l1_4x,0,22,887,0.014148761385206808,62691
20260630,sae_l1_4x,0,23,2980,0.04753473385334418,62691
20260630,sae_l1_4x,0,24,1352,0.021566094016685012,62691
20260630,sae_l1_4x,0,25,1373,0.02190107032907435,62691
20260630,sae_l1_4x,0,26,1335,0.021294922716179356,62691
20260630,sae_l1_4x,0,27,1376,0.021948924087987112,62691
20260630,sae_l1_4x,0,28,1356,0.021629899028568694,62691
20260630,sae_l1_4x,0,29,1372,0.021885119076103427,62691
20260630,sae_l1_4x,0,30,1410,0.02249126668899842,62691
20260630,sae_l1_4x,0,31,1374,0.021917021582045268,62691
20260630,sae_l1_4x,1,0,1647,0.02393721386527142,68805
20260630,sae_l1_4x,1,1,1631,0.023704672625535935,68805
20260630,sae_l1_4x,1,2,1104,0.01604534554174842,68805
20260630,sae_l1_4x,1,3,3207,0.04660998473948114,68805
20260630,sae_l1_4x,1,4,1078,0.015667466027178258,68805
20260630,sae_l1_4x,1,5,3182,0.04624663905239445,68805
20260630,sae_l1_4x,1,6,4239,0.061608894702419884,68805
20260630,sae_l1_4x,1,7,2125,0.030884383402369014,68805
20260630,sae_l1_4x,1,8,1686,0.024504033137126662,68805
20260630,sae_l1_4x,1,9,1639,0.023820943245403677,68805
20260630,sae_l1_4x,1,10,1148,0.016684833951021,68805
20260630,sae_l1_4x,1,11,3169,0.04605769929510937,68805
20260630,sae_l1_4x,1,12,1141,0.016583097158636727,68805
20260630,sae_l1_4x,1,13,3181,0.04623210522491098,68805
20260630,sae_l1_4x,1,14,4193,0.060940338638180366,68805
20260630,sae_l1_4x,1,15,2160,0.031393067364290386,68805
20260630,sae_l1_4x,1,16,1788,0.025986483540440374,68805
20260630,sae_l1_4x,1,17,1722,0.0250272509265315,68805
20260630,sae_l1_4x,1,18,1204,0.017498728290095196,68805
20260630,sae_l1_4x,1,19,3169,0.04605769929510937,68805
20260630,sae_l1_4x,1,20,1139,0.01655402950366979,68805
20260630,sae_l1_4x,1,21,3202,0.046537315602063804,68805
20260630,sae_l1_4x,1,22,4202,0.061071143085531576,68805
20260630,sae_l1_4x,1,23,2197,0.031930818981178694,68805
20260630,sae_l1_4x,1,24,1705,0.02478017585931255,68805
20260630,sae_l1_4x,1,25,1707,0.024809243514279485,68805
20260630,sae_l1_4x,1,26,1675,0.024344161034808517,68805
20260630,sae_l1_4x,1,27,1663,0.024169755105006904,68805
20260630,sae_l1_4x,1,28,1718,0.02496911561659763,68805
20260630,sae_l1_4x,1,29,1706,0.024794709686796017,68805
20260630,sae_l1_4x,1,30,1774,0.025783009955671825,68805
20260630,sae_l1_4x,1,31,1704,0.024765642031829082,68805
20260630,sae_l1_4x,2,0,4855,0.0350185010206216,138641
20260630,sae_l1_4x,2,1,4851,0.034989649526474854,138641
20260630,sae_l1_4x,2,2,4328,0.03121731666678688,138641
20260630,sae_l1_4x,2,3,4343,0.0313255097698372,138641
20260630,sae_l1_4x,2,4,4316,0.03113076218434662,138641
20260630,sae_l1_4x,2,5,3250,0.023441838994236915,138641
20260630,sae_l1_4x,2,6,3213,0.023174962673379446,138641
20260630,sae_l1_4x,2,7,4269,0.030791757128122273,138641
20260630,sae_l1_4x,2,8,4920,0.03548733780050634,138641
20260630,sae_l1_4x,2,9,4852,0.03499686240001154,138641
20260630,sae_l1_4x,2,10,4311,0.03109469781666318,138641
20260630,sae_l1_4x,2,11,4302,0.031029781954832986,138641
20260630,sae_l1_4x,2,12,4207,0.0303445589688476,138641
20260630,sae_l1_4x,2,13,3262,0.023528393476677175,138641
20260630,sae_l1_4x,2,14,3228,0.02328315577642977,138641
20260630,sae_l1_4x,2,15,4254,0.030683564025071948,138641
20260630,sae_l1_4x,2,16,4821,0.034773263320374205,138641
20260630,sae_l1_4x,2,17,4719,0.034037550219632,138641
20260630,sae_l1_4x,2,18,4252,0.03066913827799857,138641
20260630,sae_l1_4x,2,19,4319,0.03115240080495669,138641
20260630,sae_l1_4x,2,20,4246,0.030625861036778442,138641
20260630,sae_l1_4x,2,21,3193,0.023030705202645683,138641
20260630,sae_l1_4x,2,22,3205,0.02311725968508594,138641
20260630,sae_l1_4x,2,23,4229,0.03050324218665474,138641
20260630,sae_l1_4x,2,24,4891,0.03527816446794239,138641
20260630,sae_l1_4x,2,25,4838,0.034895882170497904,138641
20260630,sae_l1_4x,2,26,4942,0.03564602101831348,138641
20260630,sae_l1_4x,2,27,4820,0.03476605044683752,138641
20260630,sae_l1_4x,2,28,4918,0.03547291205343297,138641
20260630,sae_l1_4x,2,29,4804,0.034650644470250506,138641
20260630,sae_l1_4x,2,30,4748,0.03424672355219596,138641
20260630,sae_l1_4x,2,31,4935,0.03559553090355667,138641
20260630,sae_l1_4x,3,0,4464,0.036269387954078275,123079
20260630,sae_l1_4x,3,1,4476,0.03636688630879354,123079
20260630,sae_l1_4x,3,2,2897,0.02353772780084336,123079
20260630,sae_l1_4x,3,3,3891,0.03161384151642441,123079
20260630,sae_l1_4x,3,4,3922,0.03186571226610551,123079
20260630,sae_l1_4x,3,5,2924,0.023757099098952704,123079
20260630,sae_l1_4x,3,6,3968,0.032239455959180686,123079
20260630,sae_l1_4x,3,7,2934,0.02383834772788209,123079
20260630,sae_l1_4x,3,8,4376,0.03555440001949967,123079
20260630,sae_l1_4x,3,9,4441,0.03608251610754069,123079
20260630,sae_l1_4x,3,10,2885,0.023440229446128096,123079
20260630,sae_l1_4x,3,11,3903,0.03171133987113967,123079
20260630,sae_l1_4x,3,12,3980,0.03233695431389595,123079
20260630,sae_l1_4x,3,13,2895,0.023521478075057483,123079
20260630,sae_l1_4x,3,14,3974,0.03228820513653832,123079
20260630,sae_l1_4x,3,15,2930,0.023805848276310337,123079
20260630,sae_l1_4x,3,16,4331,0.03518878118931743,123079
20260630,sae_l1_4x,3,17,4493,0.0365050089779735,123079
20260630,sae_l1_4x,3,18,2869,0.023310231639841077,123079
20260630,sae_l1_4x,3,19,3906,0.031735714459818494,123079
20260630,sae_l1_4x,3,20,3974,0.03228820513653832,123079
20260630,sae_l1_4x,3,21,2962,0.024065843888884376,123079
20260630,sae_l1_4x,3,22,3994,0.032450702394397096,123079
20260630,sae_l1_4x,3,23,2882,0.02341585485744928,123079
20260630,sae_l1_4x,3,24,4340,0.035261904955353876,123079
20260630,sae_l1_4x,3,25,4370,0.035505650842142036,123079
20260630,sae_l1_4x,3,26,4336,0.035229405503782125,123079
20260630,sae_l1_4x,3,27,4429,0.03598501775282542,123079
20260630,sae_l1_4x,3,28,4296,0.03490441098806458,123079
20260630,sae_l1_4x,3,29,4406,0.03579814590628783,123079
20260630,sae_l1_4x,3,30,4356,0.0353919027616409,123079
20260630,sae_l1_4x,3,31,4275,0.03473378886731286,123079
20260630,sae_topk_4x,0,4,1024,0.16666666666666666,6144
20260630,sae_topk_4x,0,5,1024,0.16666666666666666,6144
20260630,sae_topk_4x,0,12,1024,0.16666666666666666,6144
20260630,sae_topk_4x,0,13,1024,0.16666666666666666,6144
20260630,sae_topk_4x,0,20,1024,0.16666666666666666,6144
20260630,sae_topk_4x,0,21,1024,0.16666666666666666,6144
20260630,sae_topk_4x,1,3,1024,0.16666666666666666,6144
20260630,sae_topk_4x,1,7,1024,0.16666666666666666,6144
20260630,sae_topk_4x,1,11,1024,0.16666666666666666,6144
20260630,sae_topk_4x,1,15,1024,0.16666666666666666,6144
20260630,sae_topk_4x,1,19,1024,0.16666666666666666,6144
20260630,sae_topk_4x,1,23,1024,0.16666666666666666,6144
20260630,sae_topk_4x,2,2,1024,0.16666666666666666,6144
20260630,sae_topk_4x,2,7,1024,0.16666666666666666,6144
20260630,sae_topk_4x,2,10,1024,0.16666666666666666,6144
20260630,sae_topk_4x,2,15,1024,0.16666666666666666,6144
20260630,sae_topk_4x,2,18,1024,0.16666666666666666,6144
20260630,sae_topk_4x,2,23,1024,0.16666666666666666,6144
20260630,sae_topk_4x,3,0,12288,0.03278688524590164,374784
20260630,sae_topk_4x,3,1,12288,0.03278688524590164,374784
20260630,sae_topk_4x,3,2,11264,0.030054644808743168,374784
20260630,sae_topk_4x,3,3,11264,0.030054644808743168,374784
20260630,sae_topk_4x,3,4,11264,0.030054644808743168,374784
20260630,sae_topk_4x,3,5,11264,0.030054644808743168,374784
20260630,sae_topk_4x,3,6,12288,0.03278688524590164,374784
20260630,sae_topk_4x,3,7,10240,0.0273224043715847,374784
20260630,sae_topk_4x,3,8,12288,0.03278688524590164,374784
20260630,sae_topk_4x,3,9,12288,0.03278688524590164,374784
20260630,sae_topk_4x,3,10,11264,0.030054644808743168,374784
20260630,sae_topk_4x,3,11,11264,0.030054644808743168,374784
20260630,sae_topk_4x,3,12,11264,0.030054644808743168,374784
20260630,sae_topk_4x,3,13,11264,0.030054644808743168,374784
20260630,sae_topk_4x,3,14,12288,0.03278688524590164,374784
20260630,sae_topk_4x,3,15,10240,0.0273224043715847,374784
20260630,sae_topk_4x,3,16,12288,0.03278688524590164,374784
20260630,sae_topk_4x,3,17,12288,0.03278688524590164,374784
20260630,sae_topk_4x,3,18,11264,0.030054644808743168,374784
20260630,sae_topk_4x,3,19,11264,0.030054644808743168,374784
20260630,sae_topk_4x,3,20,11264,0.030054644808743168,374784
20260630,sae_topk_4x,3,21,11264,0.030054644808743168,374784
20260630,sae_topk_4x,3,22,12288,0.03278688524590164,374784
20260630,sae_topk_4x,3,23,10240,0.0273224043715847,374784
20260630,sae_topk_4x,3,24,12288,0.03278688524590164,374784
20260630,sae_topk_4x,3,25,12288,0.03278688524590164,374784
20260630,sae_topk_4x,3,26,12288,0.03278688524590164,374784
20260630,sae_topk_4x,3,27,12288,0.03278688524590164,374784
20260630,sae_topk_4x,3,28,12288,0.03278688524590164,374784
20260630,sae_topk_4x,3,29,12288,0.03278688524590164,374784
20260630,sae_topk_4x,3,30,12288,0.03278688524590164,374784
20260630,sae_topk_4x,3,31,12288,0.03278688524590164,374784
20260630,sae_l1_8x,0,0,2276,0.027173199297985888,83759
20260630,sae_l1_8x,0,1,2339,0.0279253572750391,83759
20260630,sae_l1_8x,0,2,1556,0.018577108131663463,83759
20260630,sae_l1_8x,0,3,3659,0.04368485774663021,83759
20260630,sae_l1_8x,0,4,2596,0.030993684260795854,83759
20260630,sae_l1_8x,0,5,5716,0.06824341264819303,83759
20260630,sae_l1_8x,0,6,1621,0.019353144139734237,83759
20260630,sae_l1_8x,0,7,1535,0.01832638880597906,83759
20260630,sae_l1_8x,0,8,2423,0.028928234577776716,83759
20260630,sae_l1_8x,0,9,2384,0.028462612972934252,83759
20260630,sae_l1_8x,0,10,1572,0.018768132379803962,83759
20260630,sae_l1_8x,0,11,3599,0.04296851681610334,83759
20260630,sae_l1_8x,0,12,2642,0.03154287897419979,83759
20260630,sae_l1_8x,0,13,5675,0.06775391301233301,83759
20260630,sae_l1_8x,0,14,1661,0.019830704760085482,83759
20260630,sae_l1_8x,0,15,1542,0.018409961914540526,83759
20260630,sae_l1_8x,0,16,2454,0.029298344058548934,83759
20260630,sae_l1_8x,0,17,2354,0.02810444250767082,83759
20260630,sae_l1_8x,0,18,1604,0.019150180876084957,83759
20260630,sae_l1_8x,0,19,3662,0.043720674793156555,83759
20260630,sae_l1_8x,0,20,2649,0.031626452082761256,83759
20260630,sae_l1_8x,0,21,5667,0.06765840088826275,83759
20260630,sae_l1_8x,0,22,1658,0.01979488771355914,83759
20260630,sae_l1_8x,0,23,1674,0.01998591196169964,83759
20260630,sae_l1_8x,0,24,2360,0.028176076600723503,83759
20260630,sae_l1_8x,0,25,2399,0.02864169820556597,83759
20260630,sae_l1_8x,0,26,2431,0.029023746701846966,83759
20260630,sae_l1_8x,0,27,2447,0.029214770949987465,83759
20260630,sae_l1_8x,0,28,2388,0.028510369034969375,83759
20260630,sae_l1_8x,0,29,2411,0.028784966391671343,83759
20260630,sae_l1_8x,0,30,2426,0.028964051624303058,83759
20260630,sae_l1_8x,0,31,2379,0.028402917895390345,83759
20260630,sae_l1_8x,1,0,4833,0.03625275664971421,133314
20260630,sae_l1_8x,1,1,4786,0.03590020552980182,133314
20260630,sae_l1_8x,1,2,5224,0.03918568192387896,133314
20260630,sae_l1_8x,1,3,4183,0.03137704967220247,133314
20260630,sae_l1_8x,1,4,3153,0.02365092938476079,133314
20260630,sae_l1_8x,1,5,3047,0.02285581409304349,133314
20260630,sae_l1_8x,1,6,4154,0.03115951813012887,133314
20260630,sae_l1_8x,1,7,3081,0.023110851073405644,133314
20260630,sae_l1_8x,1,8,4672,0.03504508153682284,133314
20260630,sae_l1_8x,1,9,4671,0.03503758044916513,133314
20260630,sae_l1_8x,1,10,5179,0.038848132979281996,133314
20260630,sae_l1_8x,1,11,4088,0.030664446344719983,133314
20260630,sae_l1_8x,1,12,3067,0.023005835846197698,133314
20260630,sae_l1_8x,1,13,3061,0.022960829320251435,133314
20260630,sae_l1_8x,1,14,4122,0.030919483325082136,133314
20260630,sae_l1_8x,1,15,3044,0.02283331083007036,133314
20260630,sae_l1_8x,1,16,4723,0.03542763700736607,133314
20260630,sae_l1_8x,1,17,4667,0.03500757609853429,133314
20260630,sae_l1_8x,1,18,5102,0.038270549229638295,133314
20260630,sae_l1_8x,1,19,4078,0.03058943546814288,133314
20260630,sae_l1_8x,1,20,3052,0.022893319531332043,133314
20260630,sae_l1_8x,1,21,3036,0.022773302128808678,133314
20260630,sae_l1_8x,1,22,4075,0.03056693220516975,133314
20260630,sae_l1_8x,1,23,3029,0.022720794515204704,133314
20260630,sae_l1_8x,1,24,4588,0.03441499017357517,133314
20260630,sae_l1_8x,1,25,4670,0.03503007936150742,133314
20260630,sae_l1_8x,1,26,4682,0.035120092413399945,133314
20260630,sae_l1_8x,1,27,4626,0.034700031504568164,133314
20260630,sae_l1_8x,1,28,4680,0.03510509023808452,133314
20260630,sae_l1_8x,1,29,4635,0.03476754129348755,133314
20260630,sae_l1_8x,1,30,4702,0.03527011416655415,133314
20260630,sae_l1_8x,1,31,4604,0.034535007576098536,133314
20260630,sae_l1_8x,2,0,2308,0.026129879539896747,88328
20260630,sae_l1_8x,2,1,2400,0.027171451861244453,88328
20260630,sae_l1_8x,2,2,2574,0.029141382121184674,88328
20260630,sae_l1_8x,2,3,1597,0.01808033692600308,88328
20260630,sae_l1_8x,2,4,4701,0.05322208133321257,88328
20260630,sae_l1_8x,2,5,1657,0.018759623222534192,88328
20260630,sae_l1_8x,2,6,3667,0.04151571415632642,88328
20260630,sae_l1_8x,2,7,3660,0.04143646408839779,88328
20260630,sae_l1_8x,2,8,2434,0.027556380762612083,88328
20260630,sae_l1_8x,2,9,2430,0.027511095009510007,88328
20260630,sae_l1_8x,2,10,2680,0.03034145457838964,88328
20260630,sae_l1_8x,2,11,1708,0.019337016574585635,88328
20260630,sae_l1_8x,2,12,4734,0.053595688796304684,88328
20260630,sae_l1_8x,2,13,1693,0.019167195000452858,88328
20260630,sae_l1_8x,2,14,3669,0.041538357032877456,88328
20260630,sae_l1_8x,2,15,3774,0.0427271080518069,88328
20260630,sae_l1_8x,2,16,2450,0.027737523775020378,88328
20260630,sae_l1_8x,2,17,2459,0.027839416719500045,88328
20260630,sae_l1_8x,2,18,2697,0.030533919029073455,88328
20260630,sae_l1_8x,2,19,1654,0.018725658907707634,88328
20260630,sae_l1_8x,2,20,4706,0.05327868852459016,88328
20260630,sae_l1_8x,2,21,1679,0.0190086948645956,88328
20260630,sae_l1_8x,2,22,3675,0.041606285662530565,88328
20260630,sae_l1_8x,2,23,3677,0.04162892853908161,88328
20260630,sae_l1_8x,2,24,2530,0.02864323883706186,88328
20260630,sae_l1_8x,2,25,2391,0.027069558916764786,88328
20260630,sae_l1_8x,2,26,2411,0.027295987682275157,88328
20260630,sae_l1_8x,2,27,2433,0.027545059324336565,88328
20260630,sae_l1_8x,2,28,2466,0.027918666787428676,88328
20260630,sae_l1_8x,2,29,2502,0.028326238565347342,88328
20260630,sae_l1_8x,2,30,2468,0.027941309663979712,88328
20260630,sae_l1_8x,2,31,2444,0.02766959514536727,88328
20260630,sae_l1_8x,3,0,2871,0.03269373113932699,87815
20260630,sae_l1_8x,3,1,2763,0.031463872914650116,87815
20260630,sae_l1_8x,3,2,2934,0.03341114843705517,87815
20260630,sae_l1_8x,3,3,2849,0.03244320446392985,87815
20260630,sae_l1_8x,3,4,1838,0.02093036497181575,87815
20260630,sae_l1_8x,3,5,1868,0.021271992256448213,87815
20260630,sae_l1_8x,3,6,2846,0.032409041735466604,87815
20260630,sae_l1_8x,3,7,4012,0.04568695553151512,87815
20260630,sae_l1_8x,3,8,2759,0.031418322610032454,87815
20260630,sae_l1_8x,3,9,2803,0.03191937596082674,87815
20260630,sae_l1_8x,3,10,2857,0.032534305073165175,87815
20260630,sae_l1_8x,3,11,2893,0.03294425781472413,87815
20260630,sae_l1_8x,3,12,1845,0.021010078004896657,87815
20260630,sae_l1_8x,3,13,1859,0.021169504071058474,87815
20260630,sae_l1_8x,3,14,2836,0.03229516597392245,87815
20260630,sae_l1_8x,3,15,3928,0.04473039913454421,87815
20260630,sae_l1_8x,3,16,2661,0.030302340146899732,87815
20260630,sae_l1_8x,3,17,2808,0.03197631384159882,87815
20260630,sae_l1_8x,3,18,2885,0.032853157205488814,87815
20260630,sae_l1_8x,3,19,2894,0.03295564539087855,87815
20260630,sae_l1_8x,3,20,1881,0.021420030746455616,87815
20260630,sae_l1_8x,3,21,1906,0.021704720150316006,87815
20260630,sae_l1_8x,3,22,2880,0.032796219324716734,87815
20260630,sae_l1_8x,3,23,3908,0.0445026476114559,87815
20260630,sae_l1_8x,3,24,2810,0.031999088993907646,87815
20260630,sae_l1_8x,3,25,2828,0.032204065364687125,87815
20260630,sae_l1_8x,3,26,2764,0.031475260490804534,87815
20260630,sae_l1_8x,3,27,2782,0.03168023686158401,87815
20260630,sae_l1_8x,3,28,2754,0.03136138472926038,87815
20260630,sae_l1_8x,3,29,2740,0.03120195866309856,87815
20260630,sae_l1_8x,3,30,2692,0.030655355007686614,87815
20260630,sae_l1_8x,3,31,2861,0.03257985537778284,87815
20260630,sae_topk_8x,0,2,1024,0.3333333333333333,3072
20260630,sae_topk_8x,0,10,1024,0.3333333333333333,3072
20260630,sae_topk_8x,0,18,1024,0.3333333333333333,3072
20260630,sae_topk_8x,1,6,2048,0.3333333333333333,6144
20260630,sae_topk_8x,1,14,2048,0.3333333333333333,6144
20260630,sae_topk_8x,1,22,2048,0.3333333333333333,6144
20260630,sae_topk_8x,2,0,773,0.03819924886341174,20236
20260630,sae_topk_8x,2,1,785,0.03879225143308954,20236
20260630,sae_topk_8x,2,2,511,0.025252026092113068,20236
20260630,sae_topk_8x,2,3,523,0.025845028661790868,20236
20260630,sae_topk_8x,2,4,478,0.02362126902549911,20236
20260630,sae_topk_8x,2,5,491,0.024263688475983397,20236
20260630,sae_topk_8x,2,6,537,0.026536864993081638,20236
20260630,sae_topk_8x,2,7,539,0.026635698754694605,20236
20260630,sae_topk_8x,2,8,767,0.03790274757857284,20236
20260630,sae_topk_8x,2,9,789,0.03898991895631548,20236
20260630,sae_topk_8x,2,10,526,0.025993279304210318,20236
20260630,sae_topk_8x,2,11,533,0.0263391974698557,20236
20260630,sae_topk_8x,2,12,528,0.026092113065823284,20236
20260630,sae_topk_8x,2,13,486,0.024016604071950977,20236
20260630,sae_topk_8x,2,14,510,0.02520260921130658,20236
20260630,sae_topk_8x,2,15,505,0.024955524807274164,20236
20260630,sae_topk_8x,2,16,834,0.04121367859260724,20236
20260630,sae_topk_8x,2,17,798,0.03943467088357383,20236
20260630,sae_topk_8x,2,18,521,0.0257461949001779,20236
20260630,sae_topk_8x,2,19,558,0.02757461949001779,20236
20260630,sae_topk_8x,2,20,496,0.024510772880015814,20236
20260630,sae_topk_8x,2,21,519,0.025647361138564934,20236
20260630,sae_topk_8x,2,22,524,0.02589444554259735,20236
20260630,sae_topk_8x,2,23,489,0.02416485471437043,20236
20260630,sae_topk_8x,2,24,752,0.03716149436647559,20236
20260630,sae_topk_8x,2,25,810,0.04002767345325163,20236
20260630,sae_topk_8x,2,26,810,0.04002767345325163,20236
20260630,sae_topk_8x,2,27,720,0.035580154180668115,20236
20260630,sae_topk_8x,2,28,742,0.036667325558410756,20236
20260630,sae_topk_8x,2,29,801,0.03958292152599328,20236
20260630,sae_topk_8x,2,30,787,0.03889108519470251,20236
20260630,sae_topk_8x,2,31,794,0.0392370033603479,20236
20260630,sae_topk_8x,3,0,11515,0.03165513904619478,363764
20260630,sae_topk_8x,3,1,11503,0.03162215062513058,363764
20260630,sae_topk_8x,3,2,10753,0.029560374308617677,363764
20260630,sae_topk_8x,3,3,11765,0.03234239781836575,363764
20260630,sae_topk_8x,3,4,11810,0.032466104397356525,363764
20260630,sae_topk_8x,3,5,11797,0.03243036694120364,363764
20260630,sae_topk_8x,3,6,9703,0.02667388746549961,363764
20260630,sae_topk_8x,3,7,11749,0.03229841325694681,363764
20260630,sae_topk_8x,3,8,11521,0.03167163325672689,363764
20260630,sae_topk_8x,3,9,11499,0.03161115448477585,363764
20260630,sae_topk_8x,3,10,10738,0.029519138782287416,363764
20260630,sae_topk_8x,3,11,11755,0.032314907467478914,363764
20260630,sae_topk_8x,3,12,11760,0.03232865264292233,363764
20260630,sae_topk_8x,3,13,11802,0.03244411211664706,363764
20260630,sae_topk_8x,3,14,9730,0.026748111412894075,363764
20260630,sae_topk_8x,3,15,11783,0.032391880449962066,363764
20260630,sae_topk_8x,3,16,11454,0.03148744790578507,363764
20260630,sae_topk_8x,3,17,11490,0.03158641316897769,363764
20260630,sae_topk_8x,3,18,10743,0.029532883957730835,363764
20260630,sae_topk_8x,3,19,11730,0.03224618159026182,363764
20260630,sae_topk_8x,3,20,11792,0.03241662176576022,363764
20260630,sae_topk_8x,3,21,11769,0.032353393958720486,363764
20260630,sae_topk_8x,3,22,9716,0.0267096249216525,363764
20260630,sae_topk_8x,3,23,11799,0.03243586501138101,363764
20260630,sae_topk_8x,3,24,11536,0.031712868783057145,363764
20260630,sae_topk_8x,3,25,11478,0.031553424747913485,363764
20260630,sae_topk_8x,3,26,11478,0.031553424747913485,363764
20260630,sae_topk_8x,3,27,11568,0.03180083790589503,363764
20260630,sae_topk_8x,3,28,11546,0.031740359133943984,363764
20260630,sae_topk_8x,3,29,11487,0.03157816606371164,363764
20260630,sae_topk_8x,3,30,11501,0.03161665255495321,363764
20260630,sae_topk_8x,3,31,11494,0.03159740930933243,363764
