centered_active_experts,centered_active_experts_ratio,centered_gini_load,centered_max_load,centered_routing_entropy,common_margin,common_winner_agreement,delta_active_experts,delta_max_load,dominance_ratio,gate_reconstruction_max_error,gate_weight_std,layer,lm_loss,model_seed,num_experts,raw_active_experts,raw_active_experts_ratio,raw_gini_load,raw_max_load,raw_routing_entropy,residual_margin,step,token_count,variant
8,1.0,0.07248222827911377,0.1549663543701172,0.9957801103591919,0.22573815286159515,0.36598682403564453,0,0.21102046966552734,0.921260017418697,0.0,0.020257946103811264,0,,0,8,8,1.0,0.4077019691467285,0.36598682403564453,0.8614068627357483,0.24503196556179319,0,2097152,normal
8,1.0,0.06554520130157471,0.1422581672668457,0.9963375926017761,0.029365643858909607,0.25419139862060547,0,0.11193323135375977,0.12991627363927297,0.0,0.020085640251636505,1,,0,8,8,1.0,0.29007720947265625,0.25419139862060547,0.9338400363922119,0.22603514583897777,0,2097152,normal
8,1.0,0.08092010021209717,0.14537763595581055,0.9947232007980347,0.31275689601898193,0.43079471588134766,0,0.2854170799255371,1.4008002362655243,0.0,0.020141582936048508,2,,0,8,8,1.0,0.45247673988342285,0.43079471588134766,0.8153420090675354,0.2232701622415334,0,2097152,normal
8,1.0,0.08607947826385498,0.16413021087646484,0.9934484958648682,0.08045519888401031,0.27244997024536133,0,0.10831975936889648,0.3552331852343642,0.0,0.019879065454006195,3,,0,8,8,1.0,0.3076876401901245,0.27244997024536133,0.9243545532226562,0.22648559376830235,0,2097152,normal
8,1.0,0.03903055191040039,0.15029573440551758,0.9984450340270996,0.17560437321662903,0.2869076728820801,0,0.1366119384765625,0.7399161718182706,0.0,0.020487409085035324,4,,0,8,8,1.0,0.2889453172683716,0.2869076728820801,0.9261310696601868,0.23733009211719036,0,2097152,normal
8,1.0,0.03948771953582764,0.1386866569519043,0.9986173510551453,0.19357463717460632,0.2796797752380371,0,0.1409931182861328,0.8270530395058406,0.0,0.0203376654535532,5,,0,8,8,1.0,0.2927817106246948,0.2796797752380371,0.9310333132743835,0.2340534741160809,0,2097152,normal
8,1.0,0.07204842567443848,0.1523914337158203,0.9956924319267273,0.14076730608940125,0.30218982696533203,0,0.14979839324951172,0.5747077335066835,0.0,0.02026110701262951,0,11.998552322387695,0,8,8,1.0,0.3753303289413452,0.30218982696533203,0.8859143257141113,0.24493720526515972,1,2097152,normal
8,1.0,0.07316172122955322,0.1465163230895996,0.9951871037483215,0.07310452312231064,0.2433910369873047,0,0.09687471389770508,0.3275272697245297,0.0,0.020080702379345894,1,11.998552322387695,0,8,8,1.0,0.2557382583618164,0.2433910369873047,0.9478853940963745,0.22320133277389687,1,2097152,normal
8,1.0,0.0822756290435791,0.15659570693969727,0.9949135780334473,0.2896924316883087,0.5277786254882812,0,0.371182918548584,1.328439619846744,0.0,0.020149683579802513,2,11.998552322387695,0,8,8,1.0,0.5517849922180176,0.5277786254882812,0.7246859073638916,0.2180697017465718,1,2097152,normal
8,1.0,0.11988437175750732,0.17332220077514648,0.9881811141967773,0.0013636350631713867,0.2479238510131836,0,0.10589981079101562,0.005933165711132425,0.0,0.01988733373582363,3,11.998552322387695,0,8,8,1.0,0.39710164070129395,0.2792220115661621,0.8719983100891113,0.2298326272284612,1,2097152,normal
8,1.0,0.08782649040222168,0.16755008697509766,0.9938222765922546,0.23507075011730194,0.3918461799621582,0,0.22429609298706055,1.0347661445964689,0.0,0.020482074469327927,4,11.998552322387695,0,8,8,1.0,0.4541749954223633,0.3918461799621582,0.830284059047699,0.2271728267733124,1,2097152,normal
8,1.0,0.12128698825836182,0.17426824569702148,0.9881867170333862,0.32344722747802734,0.45370960235595703,0,0.27944135665893555,1.3307164345900675,0.0,0.020340153947472572,5,11.998552322387695,0,8,8,1.0,0.5025055408477783,0.45370960235595703,0.7839404344558716,0.2430624730186537,1,2097152,normal
8,1.0,0.07288086414337158,0.15098190307617188,0.9955543875694275,0.050538480281829834,0.24857521057128906,0,0.09759330749511719,0.20896630408193728,0.0,0.020267421379685402,0,12.003191947937012,0,8,8,1.0,0.35819149017333984,0.24857521057128906,0.8924076557159424,0.24184990256617311,2,2097152,normal
8,1.0,0.09524226188659668,0.16430902481079102,0.9923890829086304,0.21650752425193787,0.5007953643798828,0,0.3364863395690918,1.0641966372491733,0.0,0.020080527290701866,1,12.003191947937012,0,8,8,1.0,0.5534235239028931,0.5007953643798828,0.7248361110687256,0.20344691636273637,2,2097152,normal
8,1.0,0.10161590576171875,0.15388822555541992,0.9920992255210876,0.007940053939819336,0.42168712615966797,0,0.26779890060424805,0.04135108805187327,0.0,0.02015763334929943,2,12.003191947937012,0,8,8,1.0,0.6307003498077393,0.42168712615966797,0.6282970905303955,0.19201559895736864,2,2097152,normal
8,1.0,0.14349853992462158,0.18918657302856445,0.9827355742454529,0.11011093854904175,0.4232044219970703,0,0.23401784896850586,0.5515619052540519,0.0,0.019898148253560066,3,12.003191947937012,0,8,8,1.0,0.571250319480896,0.4232044219970703,0.7217230796813965,0.19963477807323216,2,2097152,normal
8,1.0,0.13546371459960938,0.19249773025512695,0.985084056854248,0.3236789107322693,0.5964508056640625,0,0.40395307540893555,1.6926766907417063,0.0,0.02048415318131447,4,12.003191947937012,0,8,8,1.0,0.6401299238204956,0.5964508056640625,0.6228919625282288,0.19122311573300976,2,2097152,normal
8,1.0,0.23923146724700928,0.25678396224975586,0.9485077261924744,0.12708735466003418,0.47315120697021484,0,0.21636724472045898,0.5640489642882445,0.0,0.020341966301202774,5,12.003191947937012,0,8,8,1.0,0.6479064226150513,0.47315120697021484,0.5890830159187317,0.22531262834672816,2,2097152,normal
8,1.0,0.07244956493377686,0.1493358612060547,0.9955266118049622,0.014372378587722778,0.20930767059326172,0,0.062346458435058594,0.0606116969030409,0.0,0.020271973684430122,0,11.793728828430176,0,8,8,1.0,0.33916425704956055,0.21168231964111328,0.8935297131538391,0.23712219459412154,3,2097152,normal
8,1.0,0.11990070343017578,0.18986797332763672,0.9875335693359375,0.4308125972747803,0.760810375213623,0,0.5709424018859863,2.4161320293954915,0.0,0.02008361928164959,1,11.793728828430176,0,8,8,1.0,0.7335019111633301,0.760810375213623,0.43808072805404663,0.1783067282885895,3,2097152,normal
8,1.0,0.13079655170440674,0.1776585578918457,0.9869607090950012,0.19421619176864624,0.6643991470336914,0,0.4867405891418457,1.2369647531515027,0.0,0.020160427317023277,2,11.793728828430176,0,8,8,1.0,0.7317955493927002,0.6643991470336914,0.4863903224468231,0.15701028770126868,3,2097152,normal
8,1.0,0.18995928764343262,0.20128107070922852,0.9721408486366272,0.21603751182556152,0.6448774337768555,0,0.44359636306762695,1.3931318363623644,0.0,0.01990780420601368,3,11.793728828430176,0,8,8,1.0,0.7187294960021973,0.6448774337768555,0.507550060749054,0.1550732717369101,3,2097152,normal
8,1.0,0.15109121799468994,0.19049739837646484,0.9813780784606934,0.11691391468048096,0.5098757743835449,0,0.3193783760070801,0.8210715986962213,0.0,0.020487109199166298,4,11.793728828430176,0,8,8,1.0,0.6588066816329956,0.5098757743835449,0.6058555245399475,0.14239186310442165,3,2097152,normal
8,1.0,0.31829631328582764,0.3094630241394043,0.9051179885864258,0.21021270751953125,0.6336369514465332,0,0.3241739273071289,1.1655788769716258,0.0,0.020345477387309074,5,11.793728828430176,0,8,8,1.0,0.7404791116714478,0.6336369514465332,0.4461140036582947,0.18035047792363912,3,2097152,normal
8,1.0,0.07391202449798584,0.14836788177490234,0.9952964186668396,0.01359984278678894,0.23166370391845703,0,0.08329582214355469,0.06004779320090089,0.0,0.02029053121805191,0,11.428421020507812,0,8,8,1.0,0.3584291934967041,0.23166370391845703,0.8744012713432312,0.2264836401445791,5,2097152,normal
8,1.0,0.13784360885620117,0.2137894630432129,0.9813725352287292,0.6383557319641113,0.9287986755371094,0,0.7150092124938965,4.841893837378909,0.0,0.020094698294997215,1,11.428421020507812,0,8,8,1.0,0.8280856609344482,0.9287986755371094,0.17946366965770721,0.13184009261749452,5,2097152,normal
8,1.0,0.16923761367797852,0.20316553115844727,0.9776887893676758,0.47587645053863525,0.9272575378417969,0,0.7240920066833496,4.886087774814112,0.0,0.02017582394182682,2,11.428421020507812,0,8,8,1.0,0.8326961994171143,0.9272575378417969,0.17945964634418488,0.09739416737284046,5,2097152,normal
8,1.0,0.26039278507232666,0.25155019760131836,0.9479101300239563,0.5714231729507446,0.950408935546875,0,0.6988587379455566,6.640719013997284,0.0,0.01992214098572731,3,11.428421020507812,0,8,8,1.0,0.8444256782531738,0.950408935546875,0.1324416548013687,0.08604838899918832,5,2097152,normal
8,1.0,0.19172072410583496,0.2128891944885254,0.9690190553665161,0.23530489206314087,0.8921957015991211,0,0.6793065071105957,3.2230350231656426,0.0,0.020496554672718048,4,11.428421020507812,0,8,8,1.0,0.823399543762207,0.8921957015991211,0.22859357297420502,0.07300724018568872,5,2097152,normal
8,1.0,0.41169989109039307,0.38486433029174805,0.8402360677719116,0.45984888076782227,0.9175739288330078,0,0.5327095985412598,4.7326200923191575,0.0,0.02035575918853283,5,11.428421020507812,0,8,8,1.0,0.8402860164642334,0.9175739288330078,0.17528989911079407,0.09716581339671393,5,2097152,normal
8,1.0,0.08780479431152344,0.15436267852783203,0.9935728907585144,0.02487945556640625,0.25858402252197266,0,0.10422134399414062,0.12269958306606067,0.0,0.020345114171504974,0,10.723121643066406,0,8,8,1.0,0.42129313945770264,0.25858402252197266,0.8265531659126282,0.20276723803544883,10,2097152,normal
8,1.0,0.12748420238494873,0.1673126220703125,0.9877974987030029,0.07109087705612183,0.6397309303283691,0,0.47241830825805664,0.9544817921806545,0.0,0.020117929205298424,1,10.723121643066406,0,8,8,1.0,0.7647631168365479,0.6397309303283691,0.40200087428092957,0.0744811243530421,10,2097152,normal
8,1.0,0.21247458457946777,0.2200183868408203,0.9645629525184631,0.12602734565734863,0.8406143188476562,0,0.6205959320068359,2.613059494449231,0.0,0.02019333280622959,2,10.723121643066406,0,8,8,1.0,0.8250206708908081,0.8406143188476562,0.25048622488975525,0.04822980338758498,10,2097152,normal
8,1.0,0.25298237800598145,0.2129983901977539,0.9486797451972961,0.44110730290412903,0.9857158660888672,0,0.7727174758911133,11.048510913926158,0.0,0.01993696205317974,3,10.723121643066406,0,8,8,1.0,0.865818977355957,0.9857158660888672,0.04737896844744682,0.03992459312758001,10,2097152,normal
8,1.0,0.27570462226867676,0.23628997802734375,0.939681351184845,0.7139877080917358,0.9910297393798828,0,0.7547397613525391,24.763382357835,0.0,0.020520703867077827,4,10.723121643066406,0,8,8,1.0,0.8682975769042969,0.9910297393798828,0.032393936067819595,0.028832398489612387,10,2097152,normal
8,1.0,0.41864216327667236,0.3793168067932129,0.8490330576896667,1.1637189388275146,0.9913163185119629,0,0.61199951171875,33.02841312525897,0.0,0.020406344905495644,5,10.723121643066406,0,8,8,1.0,0.8701272010803223,0.9913163185119629,0.03026117943227291,0.035233873768447665,10,2097152,normal
8,1.0,0.10608386993408203,0.16491270065307617,0.991366446018219,0.047807514667510986,0.29858875274658203,0,0.13367605209350586,0.27886085343547284,0.0,0.02041138894855976,0,9.5305757522583,0,8,8,1.0,0.4698183536529541,0.29858875274658203,0.8045392632484436,0.17143860128999222,20,2097152,normal
8,1.0,0.11210274696350098,0.15525531768798828,0.9895457625389099,0.13839244842529297,0.9054369926452637,0,0.7501816749572754,2.9941876863860855,0.0,0.020156174898147583,1,9.5305757522583,0,8,8,1.0,0.8455600738525391,0.9054369926452637,0.16934919357299805,0.04622036522778217,20,2097152,normal
8,1.0,0.3348654508590698,0.35097599029541016,0.8985165357589722,0.7942472696304321,0.9950571060180664,0,0.6440811157226562,26.181176512187967,0.0,0.020219963043928146,2,9.5305757522583,0,8,8,1.0,0.87163245677948,0.9950571060180664,0.018978899344801903,0.030336576710396912,20,2097152,normal
8,1.0,0.26906466484069824,0.22004985809326172,0.9433642625808716,0.5023443102836609,0.995110034942627,0,0.7750601768493652,25.94576368298621,0.0,0.019946154206991196,3,9.5305757522583,0,8,8,1.0,0.8725029230117798,0.995110034942627,0.018035974353551865,0.01936132296668802,20,2097152,normal
8,1.0,0.20619630813598633,0.26856279373168945,0.9589986205101013,0.02010321617126465,0.7817540168762207,0,0.5131912231445312,1.3923508722373878,0.0,0.02053469605743885,4,9.5305757522583,0,8,8,1.0,0.8181833028793335,0.7817540168762207,0.26595538854599,0.014438326266827062,20,2097152,normal
8,1.0,0.36300134658813477,0.2644314765930176,0.8962147235870361,0.1306138038635254,0.9598073959350586,0,0.695375919342041,7.147001832701933,0.0,0.020389501005411148,5,9.5305757522583,0,8,8,1.0,0.8636690378189087,0.9598073959350586,0.08865978568792343,0.018275328161507787,20,2097152,normal
8,1.0,0.29151010513305664,0.24995994567871094,0.9273812770843506,0.7065680027008057,0.6477656364440918,0,0.39780569076538086,1.4922468745743527,0.0,0.02076849155128002,0,8.048175811767578,0,8,8,1.0,0.7746829986572266,0.6477656364440918,0.36093732714653015,0.4734927006647922,50,2097152,normal
8,1.0,0.6693371534347534,0.49252843856811523,0.5682554244995117,1.1125514507293701,0.6632022857666016,0,0.17067384719848633,4.627913102580115,0.0,0.02035941369831562,1,8.048175811767578,0,8,8,1.0,0.7875864505767822,0.6632022857666016,0.3220025897026062,0.24040024651912972,50,2097152,normal
8,1.0,0.5990903377532959,0.36495208740234375,0.6655563116073608,0.020171165466308594,0.03488302230834961,0,0.1162862777709961,0.09330595196615238,0.0,0.02036198228597641,2,8.048175811767578,0,8,8,1.0,0.7111536264419556,0.48123836517333984,0.48043254017829895,0.2161830520053627,50,2097152,normal
8,1.0,0.5824849605560303,0.33121347427368164,0.6675775051116943,0.27076923847198486,0.9869012832641602,0,0.6556878089904785,1.7282119855216764,0.0,0.02007785625755787,3,8.048175811767578,0,8,8,1.0,0.8690855503082275,0.9869012832641602,0.041003357619047165,0.15667594064871082,50,2097152,normal
8,1.0,0.504549503326416,0.31596803665161133,0.7821406126022339,0.7390861511230469,0.9962344169616699,0,0.6802663803100586,17.49752253235534,0.0,0.020681895315647125,4,8.048175811767578,0,8,8,1.0,0.8739837408065796,0.9962344169616699,0.012201006524264812,0.04223947417449381,50,2097152,normal
8,1.0,0.5898239612579346,0.3818473815917969,0.6940225958824158,0.02446448802947998,0.5838947296142578,1,0.20204734802246094,0.260596189148517,0.0,0.02057630941271782,5,8.048175811767578,0,8,7,0.875,0.7699728012084961,0.5838947296142578,0.3372442126274109,0.09387891706865048,50,2097152,normal
8,1.0,0.4508087635040283,0.320465087890625,0.8312737941741943,0.3633155822753906,0.3698258399963379,0,0.04936075210571289,0.1879298968824407,0.0,0.021343404427170753,0,7.308693885803223,0,8,8,1.0,0.6098449230194092,0.3698258399963379,0.6420314311981201,1.933250580681488,100,2097152,normal
8,1.0,0.642180323600769,0.5149779319763184,0.6274612545967102,2.428311347961426,0.7766613960266113,0,0.26168346405029297,2.786678872346472,0.0,0.02043730393052101,1,7.308693885803223,0,8,8,1.0,0.8028078079223633,0.7766613960266113,0.3285033702850342,0.8713997770100832,100,2097152,normal
8,1.0,0.6314612627029419,0.5062165260314941,0.6498300433158875,0.20329022407531738,0.6814312934875488,0,0.1752147674560547,0.7036418728905315,0.0,0.020592112094163895,2,7.308693885803223,0,8,8,1.0,0.7066062688827515,0.6814312934875488,0.513504683971405,0.28891149305854924,100,2097152,normal
8,1.0,0.4947439432144165,0.3470783233642578,0.7931455969810486,0.1900157332420349,0.6750993728637695,0,0.3280210494995117,1.3852424325645893,0.0,0.02016669139266014,3,7.308693885803223,0,8,8,1.0,0.73055100440979,0.6750993728637695,0.48323944211006165,0.13717146455746843,100,2097152,normal
8,1.0,0.5337536334991455,0.5431356430053711,0.720326840877533,0.7467384338378906,0.8829574584960938,0,0.33982181549072266,6.323099391817264,0.0,0.02080909162759781,4,7.308693885803223,0,8,8,1.0,0.8211109638214111,0.8829574584960938,0.24140992760658264,0.11809689956862712,100,2097152,normal
8,1.0,0.5411585569381714,0.5032405853271484,0.7363163232803345,0.08928442001342773,0.6374034881591797,0,0.13416290283203125,0.6700523198781397,0.0,0.020872270688414574,5,7.308693885803223,0,8,8,1.0,0.7323822975158691,0.6374034881591797,0.48638293147087097,0.13324992297566496,100,2097152,normal
8,1.0,0.45100998878479004,0.3035883903503418,0.8209498524665833,0.158758282661438,0.30811595916748047,0,0.004527568817138672,0.057100311630246835,0.0,0.02179248444736004,0,7.578973293304443,0,8,8,1.0,0.4893397092819214,0.30811595916748047,0.7807716727256775,2.780340038938448,200,2097152,normal
8,1.0,0.5276244878768921,0.4857611656188965,0.7549173831939697,3.047670364379883,0.857943058013916,0,0.37218189239501953,3.328969345315591,0.0,0.020605813711881638,1,7.578973293304443,0,8,8,1.0,0.8216586112976074,0.857943058013916,0.2594597339630127,0.9154996782017406,200,2097152,normal
8,1.0,0.3529859781265259,0.24100446701049805,0.8837754726409912,0.09680485725402832,0.6278796195983887,0,0.3868751525878906,0.5347764854064896,0.0,0.02054634876549244,2,7.578973293304443,0,8,8,1.0,0.658618688583374,0.6278796195983887,0.5907084941864014,0.1810192854318302,200,2097152,normal
8,1.0,0.4605520963668823,0.2980036735534668,0.8111363649368286,0.0130348801612854,0.5743346214294434,0,0.27633094787597656,0.11032039297073626,0.0,0.020192498341202736,3,7.578973293304443,0,8,8,1.0,0.6459147930145264,0.5743346214294434,0.6205691695213318,0.11815476549963932,200,2097152,normal
8,1.0,0.49547278881073,0.3363523483276367,0.7921457290649414,0.09825742244720459,0.5777616500854492,0,0.2414093017578125,0.6403986910861593,0.0,0.020758770406246185,4,7.578973293304443,0,8,8,1.0,0.6381800174713135,0.5777616500854492,0.624591588973999,0.15343164159276057,200,2097152,normal
8,1.0,0.569016695022583,0.4761686325073242,0.7187455296516418,0.2241806983947754,0.6875505447387695,1,0.2113819122314453,1.2412108058212505,0.0,0.0208401158452034,5,7.578973293304443,0,8,7,0.875,0.7392275333404541,0.6875505447387695,0.4725010097026825,0.18061452361143893,200,2097152,normal
8,1.0,0.4850027561187744,0.3000459671020508,0.7952933311462402,0.15118515491485596,0.1790328025817871,0,0.004127979278564453,0.04688589249008327,0.0,0.022171253338456154,0,7.88822603225708,0,8,8,1.0,0.5096205472946167,0.30417394638061523,0.7599082589149475,3.224534009816125,300,2097152,normal
8,1.0,0.5166186094284058,0.48097658157348633,0.76529860496521,3.4340577125549316,0.7978353500366211,0,0.31685876846313477,2.9073305163285483,0.0,0.02064546011388302,1,7.88822603225708,0,8,8,1.0,0.8159734010696411,0.7978353500366211,0.2856428623199463,1.1811721072881483,300,2097152,normal
8,1.0,0.4172172546386719,0.2565269470214844,0.8281000256538391,0.028260767459869385,0.3038959503173828,0,0.04736900329589844,0.12622665399117125,0.0,0.020581021904945374,2,7.88822603225708,0,8,8,1.0,0.47752153873443604,0.3038959503173828,0.7934350371360779,0.22388906436390243,300,2097152,normal
8,1.0,0.4480702877044678,0.29026079177856445,0.8344064354896545,0.08638995885848999,0.5693469047546387,0,0.2790861129760742,0.7594628502744688,0.0,0.020168181508779526,3,7.88822603225708,0,8,8,1.0,0.645226240158081,0.5693469047546387,0.6172778606414795,0.11375139524898259,300,2097152,normal
8,1.0,0.5424805879592896,0.40940380096435547,0.7486622333526611,0.04761064052581787,0.39212656021118164,0,-0.017277240753173828,0.27602555514786936,0.0,0.020738469436764717,4,7.88822603225708,0,8,8,1.0,0.5716264247894287,0.39212656021118164,0.7193132042884827,0.1724863500421634,300,2097152,normal
8,1.0,0.3550999164581299,0.29265928268432617,0.8921282291412354,0.12601125240325928,0.49257421493530273,0,0.19991493225097656,0.6168929533237906,0.0,0.020842522382736206,5,7.88822603225708,0,8,8,1.0,0.5407732725143433,0.49257421493530273,0.7364905476570129,0.20426761519047432,300,2097152,normal
8,1.0,0.05763113498687744,0.15427350997924805,0.9972195029258728,0.06416909396648407,0.24878501892089844,0,0.09451150894165039,0.26158784837415644,0.0,0.019942229613661766,0,,1,8,8,1.0,0.26895761489868164,0.24878501892089844,0.9441054463386536,0.24530609646171797,0,2097152,freeze_last_layer_hidden_producer
8,1.0,0.06660902500152588,0.14426851272583008,0.9964878559112549,0.054410964250564575,0.25443601608276367,0,0.1101675033569336,0.23312420939857015,0.0,0.020152654498815536,1,,1,8,8,1.0,0.3324393033981323,0.25443601608276367,0.9116486310958862,0.23339902960287873,0,2097152,freeze_last_layer_hidden_producer
8,1.0,0.12348878383636475,0.1817302703857422,0.9878276586532593,0.0698438286781311,0.21942424774169922,0,0.03769397735595703,0.2810867469487524,0.0,0.020417630672454834,2,,1,8,8,1.0,0.1900726556777954,0.21942424774169922,0.9665151834487915,0.2484778433572501,0,2097152,freeze_last_layer_hidden_producer
8,1.0,0.09278810024261475,0.1707172393798828,0.9927377700805664,0.06765773892402649,0.28710317611694336,0,0.11638593673706055,0.27167692023038836,0.0,0.020175108686089516,3,,1,8,8,1.0,0.3958088159561157,0.28710317611694336,0.8719810843467712,0.24903749227814842,0,2097152,freeze_last_layer_hidden_producer
8,1.0,0.09533870220184326,0.15886449813842773,0.9931086301803589,0.0821462869644165,0.20162534713745117,0,0.04276084899902344,0.3430869672286348,0.0,0.02030816301703453,4,,1,8,8,1.0,0.2509191036224365,0.20162534713745117,0.9454596042633057,0.23943284009874333,0,2097152,freeze_last_layer_hidden_producer
8,1.0,0.06305074691772461,0.15040159225463867,0.9967972040176392,0.1882818341255188,0.29226016998291016,0,0.14185857772827148,0.7760971128955882,0.0,0.020159326493740082,5,,1,8,8,1.0,0.2544659376144409,0.29226016998291016,0.9416900873184204,0.24260086914000567,0,2097152,freeze_last_layer_hidden_producer
8,1.0,0.05763113498687744,0.15427350997924805,0.9972195029258728,0.06416909396648407,0.24878501892089844,0,0.09451150894165039,0.26158784837415644,0.0,0.019942229613661766,0,12.017239570617676,1,8,8,1.0,0.26895761489868164,0.24878501892089844,0.9441054463386536,0.24530609646171797,1,2097152,freeze_last_layer_hidden_producer
8,1.0,0.06660902500152588,0.14426851272583008,0.9964878559112549,0.054410964250564575,0.25443601608276367,0,0.1101675033569336,0.23312420939857015,0.0,0.020152654498815536,1,12.017239570617676,1,8,8,1.0,0.3324393033981323,0.25443601608276367,0.9116486310958862,0.23339902960287873,1,2097152,freeze_last_layer_hidden_producer
8,1.0,0.12348878383636475,0.1817302703857422,0.9878276586532593,0.0698438286781311,0.21942424774169922,0,0.03769397735595703,0.2810867469487524,0.0,0.020417630672454834,2,12.017239570617676,1,8,8,1.0,0.1900726556777954,0.21942424774169922,0.9665151834487915,0.2484778433572501,1,2097152,freeze_last_layer_hidden_producer
8,1.0,0.09278810024261475,0.1707172393798828,0.9927377700805664,0.06765773892402649,0.28710317611694336,0,0.11638593673706055,0.27167692023038836,0.0,0.020175108686089516,3,12.017239570617676,1,8,8,1.0,0.3958088159561157,0.28710317611694336,0.8719810843467712,0.24903749227814842,1,2097152,freeze_last_layer_hidden_producer
8,1.0,0.09533870220184326,0.15886449813842773,0.9931086301803589,0.0821462869644165,0.20162534713745117,0,0.04276084899902344,0.3430869672286348,0.0,0.02030816301703453,4,12.017239570617676,1,8,8,1.0,0.2509191036224365,0.20162534713745117,0.9454596042633057,0.23943284009874333,1,2097152,freeze_last_layer_hidden_producer
8,1.0,0.06744039058685303,0.1495680809020996,0.9963845610618591,0.1979997754096985,0.2938847541809082,0,0.1443166732788086,0.8111893070074312,0.0,0.02016284316778183,5,12.017239570617676,1,8,8,1.0,0.2474151849746704,0.2938847541809082,0.942366898059845,0.2440857808396686,1,2097152,freeze_last_layer_hidden_producer
8,1.0,0.05763113498687744,0.15427350997924805,0.9972195029258728,0.06416909396648407,0.24878501892089844,0,0.09451150894165039,0.26158784837415644,0.0,0.019942229613661766,0,12.032292366027832,1,8,8,1.0,0.26895761489868164,0.24878501892089844,0.9441054463386536,0.24530609646171797,2,2097152,freeze_last_layer_hidden_producer
8,1.0,0.06660902500152588,0.14426851272583008,0.9964878559112549,0.054410964250564575,0.25443601608276367,0,0.1101675033569336,0.23312420939857015,0.0,0.020152654498815536,1,12.032292366027832,1,8,8,1.0,0.3324393033981323,0.25443601608276367,0.9116486310958862,0.23339902960287873,2,2097152,freeze_last_layer_hidden_producer
8,1.0,0.12348878383636475,0.1817302703857422,0.9878276586532593,0.0698438286781311,0.21942424774169922,0,0.03769397735595703,0.2810867469487524,0.0,0.020417630672454834,2,12.032292366027832,1,8,8,1.0,0.1900726556777954,0.21942424774169922,0.9665151834487915,0.2484778433572501,2,2097152,freeze_last_layer_hidden_producer
8,1.0,0.09278810024261475,0.1707172393798828,0.9927377700805664,0.06765773892402649,0.28710317611694336,0,0.11638593673706055,0.27167692023038836,0.0,0.020175108686089516,3,12.032292366027832,1,8,8,1.0,0.3958088159561157,0.28710317611694336,0.8719810843467712,0.24903749227814842,2,2097152,freeze_last_layer_hidden_producer
8,1.0,0.09533870220184326,0.15886449813842773,0.9931086301803589,0.0821462869644165,0.20162534713745117,0,0.04276084899902344,0.3430869672286348,0.0,0.02030816301703453,4,12.032292366027832,1,8,8,1.0,0.2509191036224365,0.20162534713745117,0.9454596042633057,0.23943284009874333,2,2097152,freeze_last_layer_hidden_producer
8,1.0,0.0712059736251831,0.14991140365600586,0.9959691762924194,0.19605490565299988,0.2882194519042969,0,0.13830804824829102,0.801206323773851,0.0,0.02016250416636467,5,12.032292366027832,1,8,8,1.0,0.24187088012695312,0.2882194519042969,0.9449477791786194,0.24469964831223479,2,2097152,freeze_last_layer_hidden_producer
8,1.0,0.05763113498687744,0.15427350997924805,0.9972195029258728,0.06416909396648407,0.24878501892089844,0,0.09451150894165039,0.26158784837415644,0.0,0.019942229613661766,0,12.028708457946777,1,8,8,1.0,0.26895761489868164,0.24878501892089844,0.9441054463386536,0.24530609646171797,3,2097152,freeze_last_layer_hidden_producer
8,1.0,0.06660902500152588,0.14426851272583008,0.9964878559112549,0.054410964250564575,0.25443601608276367,0,0.1101675033569336,0.23312420939857015,0.0,0.020152654498815536,1,12.028708457946777,1,8,8,1.0,0.3324393033981323,0.25443601608276367,0.9116486310958862,0.23339902960287873,3,2097152,freeze_last_layer_hidden_producer
8,1.0,0.12348878383636475,0.1817302703857422,0.9878276586532593,0.0698438286781311,0.21942424774169922,0,0.03769397735595703,0.2810867469487524,0.0,0.020417630672454834,2,12.028708457946777,1,8,8,1.0,0.1900726556777954,0.21942424774169922,0.9665151834487915,0.2484778433572501,3,2097152,freeze_last_layer_hidden_producer
8,1.0,0.09278810024261475,0.1707172393798828,0.9927377700805664,0.06765773892402649,0.28710317611694336,0,0.11638593673706055,0.27167692023038836,0.0,0.020175108686089516,3,12.028708457946777,1,8,8,1.0,0.3958088159561157,0.28710317611694336,0.8719810843467712,0.24903749227814842,3,2097152,freeze_last_layer_hidden_producer
8,1.0,0.09533870220184326,0.15886449813842773,0.9931086301803589,0.0821462869644165,0.20162534713745117,0,0.04276084899902344,0.3430869672286348,0.0,0.02030816301703453,4,12.028708457946777,1,8,8,1.0,0.2509191036224365,0.20162534713745117,0.9454596042633057,0.23943284009874333,3,2097152,freeze_last_layer_hidden_producer
8,1.0,0.07476532459259033,0.1542949676513672,0.9955393671989441,0.18927881121635437,0.2812075614929199,0,0.12691259384155273,0.7709663241211357,0.0,0.020165858790278435,5,12.028708457946777,1,8,8,1.0,0.23768103122711182,0.2812075614929199,0.9475800395011902,0.24550853298569564,3,2097152,freeze_last_layer_hidden_producer
8,1.0,0.05763113498687744,0.15427350997924805,0.9972195029258728,0.06416909396648407,0.24878501892089844,0,0.09451150894165039,0.26158784837415644,0.0,0.019942229613661766,0,11.988272666931152,1,8,8,1.0,0.26895761489868164,0.24878501892089844,0.9441054463386536,0.24530609646171797,5,2097152,freeze_last_layer_hidden_producer
8,1.0,0.06660902500152588,0.14426851272583008,0.9964878559112549,0.054410964250564575,0.25443601608276367,0,0.1101675033569336,0.23312420939857015,0.0,0.020152654498815536,1,11.988272666931152,1,8,8,1.0,0.3324393033981323,0.25443601608276367,0.9116486310958862,0.23339902960287873,5,2097152,freeze_last_layer_hidden_producer
8,1.0,0.12348878383636475,0.1817302703857422,0.9878276586532593,0.0698438286781311,0.21942424774169922,0,0.03769397735595703,0.2810867469487524,0.0,0.020417630672454834,2,11.988272666931152,1,8,8,1.0,0.1900726556777954,0.21942424774169922,0.9665151834487915,0.2484778433572501,5,2097152,freeze_last_layer_hidden_producer
8,1.0,0.09278810024261475,0.1707172393798828,0.9927377700805664,0.06765773892402649,0.28710317611694336,0,0.11638593673706055,0.27167692023038836,0.0,0.020175108686089516,3,11.988272666931152,1,8,8,1.0,0.3958088159561157,0.28710317611694336,0.8719810843467712,0.24903749227814842,5,2097152,freeze_last_layer_hidden_producer
8,1.0,0.09533870220184326,0.15886449813842773,0.9931086301803589,0.0821462869644165,0.20162534713745117,0,0.04276084899902344,0.3430869672286348,0.0,0.02030816301703453,4,11.988272666931152,1,8,8,1.0,0.2509191036224365,0.20162534713745117,0.9454596042633057,0.23943284009874333,5,2097152,freeze_last_layer_hidden_producer
8,1.0,0.08015656471252441,0.15913772583007812,0.99479740858078,0.18802353739738464,0.27322959899902344,0,0.11409187316894531,0.7582769411787723,0.0,0.020174015313386917,5,11.988272666931152,1,8,8,1.0,0.2447422742843628,0.27322959899902344,0.9475198984146118,0.24796156547381543,5,2097152,freeze_last_layer_hidden_producer
8,1.0,0.05763113498687744,0.15427350997924805,0.9972195029258728,0.06416909396648407,0.24878501892089844,0,0.09451150894165039,0.26158784837415644,0.0,0.019942229613661766,0,11.791674613952637,1,8,8,1.0,0.26895761489868164,0.24878501892089844,0.9441054463386536,0.24530609646171797,10,2097152,freeze_last_layer_hidden_producer
8,1.0,0.06660902500152588,0.14426851272583008,0.9964878559112549,0.054410964250564575,0.25443601608276367,0,0.1101675033569336,0.23312420939857015,0.0,0.020152654498815536,1,11.791674613952637,1,8,8,1.0,0.3324393033981323,0.25443601608276367,0.9116486310958862,0.23339902960287873,10,2097152,freeze_last_layer_hidden_producer
8,1.0,0.12348878383636475,0.1817302703857422,0.9878276586532593,0.0698438286781311,0.21942424774169922,0,0.03769397735595703,0.2810867469487524,0.0,0.020417630672454834,2,11.791674613952637,1,8,8,1.0,0.1900726556777954,0.21942424774169922,0.9665151834487915,0.2484778433572501,10,2097152,freeze_last_layer_hidden_producer
8,1.0,0.09278810024261475,0.1707172393798828,0.9927377700805664,0.06765773892402649,0.28710317611694336,0,0.11638593673706055,0.27167692023038836,0.0,0.020175108686089516,3,11.791674613952637,1,8,8,1.0,0.3958088159561157,0.28710317611694336,0.8719810843467712,0.24903749227814842,10,2097152,freeze_last_layer_hidden_producer
8,1.0,0.09533870220184326,0.15886449813842773,0.9931086301803589,0.0821462869644165,0.20162534713745117,0,0.04276084899902344,0.3430869672286348,0.0,0.02030816301703453,4,11.791674613952637,1,8,8,1.0,0.2509191036224365,0.20162534713745117,0.9454596042633057,0.23943284009874333,10,2097152,freeze_last_layer_hidden_producer
8,1.0,0.09411299228668213,0.16965961456298828,0.9925732016563416,0.1854122430086136,0.2867569923400879,0,0.11709737777709961,0.7243344434873751,0.0,0.02021397091448307,5,11.791674613952637,1,8,8,1.0,0.29584062099456787,0.2867569923400879,0.9291725158691406,0.25597601311892504,10,2097152,freeze_last_layer_hidden_producer
8,1.0,0.05763113498687744,0.15427350997924805,0.9972195029258728,0.06416909396648407,0.24878501892089844,0,0.09451150894165039,0.26158784837415644,0.0,0.019942229613661766,0,11.451997756958008,1,8,8,1.0,0.26895761489868164,0.24878501892089844,0.9441054463386536,0.24530609646171797,20,2097152,freeze_last_layer_hidden_producer
8,1.0,0.06660902500152588,0.14426851272583008,0.9964878559112549,0.054410964250564575,0.25443601608276367,0,0.1101675033569336,0.23312420939857015,0.0,0.020152654498815536,1,11.451997756958008,1,8,8,1.0,0.3324393033981323,0.25443601608276367,0.9116486310958862,0.23339902960287873,20,2097152,freeze_last_layer_hidden_producer
8,1.0,0.12348878383636475,0.1817302703857422,0.9878276586532593,0.0698438286781311,0.21942424774169922,0,0.03769397735595703,0.2810867469487524,0.0,0.020417630672454834,2,11.451997756958008,1,8,8,1.0,0.1900726556777954,0.21942424774169922,0.9665151834487915,0.2484778433572501,20,2097152,freeze_last_layer_hidden_producer
8,1.0,0.09278810024261475,0.1707172393798828,0.9927377700805664,0.06765773892402649,0.28710317611694336,0,0.11638593673706055,0.27167692023038836,0.0,0.020175108686089516,3,11.451997756958008,1,8,8,1.0,0.3958088159561157,0.28710317611694336,0.8719810843467712,0.24903749227814842,20,2097152,freeze_last_layer_hidden_producer
8,1.0,0.09533870220184326,0.15886449813842773,0.9931086301803589,0.0821462869644165,0.20162534713745117,0,0.04276084899902344,0.3430869672286348,0.0,0.02030816301703453,4,11.451997756958008,1,8,8,1.0,0.2509191036224365,0.20162534713745117,0.9454596042633057,0.23943284009874333,20,2097152,freeze_last_layer_hidden_producer
8,1.0,0.12184357643127441,0.18139934539794922,0.9880568385124207,0.23794607818126678,0.34278154373168945,0,0.16138219833374023,0.8586285186089802,0.0,0.02033473551273346,5,11.451997756958008,1,8,8,1.0,0.4082587957382202,0.34278154373168945,0.8680102229118347,0.27712342768063536,20,2097152,freeze_last_layer_hidden_producer
8,1.0,0.05763113498687744,0.15427350997924805,0.9972195029258728,0.06416909396648407,0.24878501892089844,0,0.09451150894165039,0.26158784837415644,0.0,0.019942229613661766,0,9.389542579650879,1,8,8,1.0,0.26895761489868164,0.24878501892089844,0.9441054463386536,0.24530609646171797,50,2097152,freeze_last_layer_hidden_producer
8,1.0,0.06660902500152588,0.14426851272583008,0.9964878559112549,0.054410964250564575,0.25443601608276367,0,0.1101675033569336,0.23312420939857015,0.0,0.020152654498815536,1,9.389542579650879,1,8,8,1.0,0.3324393033981323,0.25443601608276367,0.9116486310958862,0.23339902960287873,50,2097152,freeze_last_layer_hidden_producer
8,1.0,0.12348878383636475,0.1817302703857422,0.9878276586532593,0.0698438286781311,0.21942424774169922,0,0.03769397735595703,0.2810867469487524,0.0,0.020417630672454834,2,9.389542579650879,1,8,8,1.0,0.1900726556777954,0.21942424774169922,0.9665151834487915,0.2484778433572501,50,2097152,freeze_last_layer_hidden_producer
8,1.0,0.09278810024261475,0.1707172393798828,0.9927377700805664,0.06765773892402649,0.28710317611694336,0,0.11638593673706055,0.27167692023038836,0.0,0.020175108686089516,3,9.389542579650879,1,8,8,1.0,0.3958088159561157,0.28710317611694336,0.8719810843467712,0.24903749227814842,50,2097152,freeze_last_layer_hidden_producer
8,1.0,0.09533870220184326,0.15886449813842773,0.9931086301803589,0.0821462869644165,0.20162534713745117,0,0.04276084899902344,0.3430869672286348,0.0,0.02030816301703453,4,9.389542579650879,1,8,8,1.0,0.2509191036224365,0.20162534713745117,0.9454596042633057,0.23943284009874333,50,2097152,freeze_last_layer_hidden_producer
8,1.0,0.22196340560913086,0.21878623962402344,0.9592314958572388,0.3782445788383484,0.5200700759887695,0,0.3012838363647461,0.9761717638312253,0.0,0.021059516817331314,5,9.389542579650879,1,8,8,1.0,0.6527622938156128,0.5200700759887695,0.620776891708374,0.3874774838332087,50,2097152,freeze_last_layer_hidden_producer
8,1.0,0.05763113498687744,0.15427350997924805,0.9972195029258728,0.06416909396648407,0.24878501892089844,0,0.09451150894165039,0.26158784837415644,0.0,0.019942229613661766,0,8.589926719665527,1,8,8,1.0,0.26895761489868164,0.24878501892089844,0.9441054463386536,0.24530609646171797,100,2097152,freeze_last_layer_hidden_producer
8,1.0,0.06660902500152588,0.14426851272583008,0.9964878559112549,0.054410964250564575,0.25443601608276367,0,0.1101675033569336,0.23312420939857015,0.0,0.020152654498815536,1,8.589926719665527,1,8,8,1.0,0.3324393033981323,0.25443601608276367,0.9116486310958862,0.23339902960287873,100,2097152,freeze_last_layer_hidden_producer
8,1.0,0.12348878383636475,0.1817302703857422,0.9878276586532593,0.0698438286781311,0.21942424774169922,0,0.03769397735595703,0.2810867469487524,0.0,0.020417630672454834,2,8.589926719665527,1,8,8,1.0,0.1900726556777954,0.21942424774169922,0.9665151834487915,0.2484778433572501,100,2097152,freeze_last_layer_hidden_producer
8,1.0,0.09278810024261475,0.1707172393798828,0.9927377700805664,0.06765773892402649,0.28710317611694336,0,0.11638593673706055,0.27167692023038836,0.0,0.020175108686089516,3,8.589926719665527,1,8,8,1.0,0.3958088159561157,0.28710317611694336,0.8719810843467712,0.24903749227814842,100,2097152,freeze_last_layer_hidden_producer
8,1.0,0.09533870220184326,0.15886449813842773,0.9931086301803589,0.0821462869644165,0.20162534713745117,0,0.04276084899902344,0.3430869672286348,0.0,0.02030816301703453,4,8.589926719665527,1,8,8,1.0,0.2509191036224365,0.20162534713745117,0.9454596042633057,0.23943284009874333,100,2097152,freeze_last_layer_hidden_producer
8,1.0,0.2903425693511963,0.25217580795288086,0.931188702583313,0.5289039015769958,0.5781135559082031,0,0.32593774795532227,1.0334991917457952,0.0,0.022043129429221153,5,8.589926719665527,1,8,8,1.0,0.7136417627334595,0.5781135559082031,0.5163422226905823,0.5117603436956415,100,2097152,freeze_last_layer_hidden_producer
8,1.0,0.05763113498687744,0.15427350997924805,0.9972195029258728,0.06416909396648407,0.24878501892089844,0,0.09451150894165039,0.26158784837415644,0.0,0.019942229613661766,0,7.7596235275268555,1,8,8,1.0,0.26895761489868164,0.24878501892089844,0.9441054463386536,0.24530609646171797,200,2097152,freeze_last_layer_hidden_producer
8,1.0,0.06660902500152588,0.14426851272583008,0.9964878559112549,0.054410964250564575,0.25443601608276367,0,0.1101675033569336,0.23312420939857015,0.0,0.020152654498815536,1,7.7596235275268555,1,8,8,1.0,0.3324393033981323,0.25443601608276367,0.9116486310958862,0.23339902960287873,200,2097152,freeze_last_layer_hidden_producer
8,1.0,0.12348878383636475,0.1817302703857422,0.9878276586532593,0.0698438286781311,0.21942424774169922,0,0.03769397735595703,0.2810867469487524,0.0,0.020417630672454834,2,7.7596235275268555,1,8,8,1.0,0.1900726556777954,0.21942424774169922,0.9665151834487915,0.2484778433572501,200,2097152,freeze_last_layer_hidden_producer
8,1.0,0.09278810024261475,0.1707172393798828,0.9927377700805664,0.06765773892402649,0.28710317611694336,0,0.11638593673706055,0.27167692023038836,0.0,0.020175108686089516,3,7.7596235275268555,1,8,8,1.0,0.3958088159561157,0.28710317611694336,0.8719810843467712,0.24903749227814842,200,2097152,freeze_last_layer_hidden_producer
8,1.0,0.09533870220184326,0.15886449813842773,0.9931086301803589,0.0821462869644165,0.20162534713745117,0,0.04276084899902344,0.3430869672286348,0.0,0.02030816301703453,4,7.7596235275268555,1,8,8,1.0,0.2509191036224365,0.20162534713745117,0.9454596042633057,0.23943284009874333,200,2097152,freeze_last_layer_hidden_producer
8,1.0,0.2902330160140991,0.24066686630249023,0.9345273375511169,0.6351951360702515,0.5780429840087891,0,0.33737611770629883,1.1206029855112085,0.0,0.022841617465019226,5,7.7596235275268555,1,8,8,1.0,0.7093487977981567,0.5780429840087891,0.5303705334663391,0.5668333426583558,200,2097152,freeze_last_layer_hidden_producer
8,1.0,0.05763113498687744,0.15427350997924805,0.9972195029258728,0.06416909396648407,0.24878501892089844,0,0.09451150894165039,0.26158784837415644,0.0,0.019942229613661766,0,7.728395462036133,1,8,8,1.0,0.26895761489868164,0.24878501892089844,0.9441054463386536,0.24530609646171797,300,2097152,freeze_last_layer_hidden_producer
8,1.0,0.06660902500152588,0.14426851272583008,0.9964878559112549,0.054410964250564575,0.25443601608276367,0,0.1101675033569336,0.23312420939857015,0.0,0.020152654498815536,1,7.728395462036133,1,8,8,1.0,0.3324393033981323,0.25443601608276367,0.9116486310958862,0.23339902960287873,300,2097152,freeze_last_layer_hidden_producer
8,1.0,0.12348878383636475,0.1817302703857422,0.9878276586532593,0.0698438286781311,0.21942424774169922,0,0.03769397735595703,0.2810867469487524,0.0,0.020417630672454834,2,7.728395462036133,1,8,8,1.0,0.1900726556777954,0.21942424774169922,0.9665151834487915,0.2484778433572501,300,2097152,freeze_last_layer_hidden_producer
8,1.0,0.09278810024261475,0.1707172393798828,0.9927377700805664,0.06765773892402649,0.28710317611694336,0,0.11638593673706055,0.27167692023038836,0.0,0.020175108686089516,3,7.728395462036133,1,8,8,1.0,0.3958088159561157,0.28710317611694336,0.8719810843467712,0.24903749227814842,300,2097152,freeze_last_layer_hidden_producer
8,1.0,0.09533870220184326,0.15886449813842773,0.9931086301803589,0.0821462869644165,0.20162534713745117,0,0.04276084899902344,0.3430869672286348,0.0,0.02030816301703453,4,7.728395462036133,1,8,8,1.0,0.2509191036224365,0.20162534713745117,0.9454596042633057,0.23943284009874333,300,2097152,freeze_last_layer_hidden_producer
8,1.0,0.2815355062484741,0.23981332778930664,0.9339196681976318,0.6469253301620483,0.5707306861877441,0,0.3309173583984375,1.0823161624320867,0.0,0.023179030045866966,5,7.728395462036133,1,8,8,1.0,0.7078700065612793,0.5707306861877441,0.5319505333900452,0.5977230615389999,300,2097152,freeze_last_layer_hidden_producer
8,1.0,0.05763113498687744,0.15427350997924805,0.9972195029258728,0.06416909396648407,0.24878501892089844,0,0.09451150894165039,0.26158784837415644,0.0,0.019942229613661766,0,,1,8,8,1.0,0.26895761489868164,0.24878501892089844,0.9441054463386536,0.24530609646171797,0,2097152,normal
8,1.0,0.06660902500152588,0.14426851272583008,0.9964878559112549,0.054410964250564575,0.25443601608276367,0,0.1101675033569336,0.23312420939857015,0.0,0.020152654498815536,1,,1,8,8,1.0,0.3324393033981323,0.25443601608276367,0.9116486310958862,0.23339902960287873,0,2097152,normal
8,1.0,0.12348878383636475,0.1817302703857422,0.9878276586532593,0.0698438286781311,0.21942424774169922,0,0.03769397735595703,0.2810867469487524,0.0,0.020417630672454834,2,,1,8,8,1.0,0.1900726556777954,0.21942424774169922,0.9665151834487915,0.2484778433572501,0,2097152,normal
8,1.0,0.09278810024261475,0.1707172393798828,0.9927377700805664,0.06765773892402649,0.28710317611694336,0,0.11638593673706055,0.27167692023038836,0.0,0.020175108686089516,3,,1,8,8,1.0,0.3958088159561157,0.28710317611694336,0.8719810843467712,0.24903749227814842,0,2097152,normal
8,1.0,0.09533870220184326,0.15886449813842773,0.9931086301803589,0.0821462869644165,0.20162534713745117,0,0.04276084899902344,0.3430869672286348,0.0,0.02030816301703453,4,,1,8,8,1.0,0.2509191036224365,0.20162534713745117,0.9454596042633057,0.23943284009874333,0,2097152,normal
8,1.0,0.06305074691772461,0.15040159225463867,0.9967972040176392,0.1882818341255188,0.29226016998291016,0,0.14185857772827148,0.7760971128955882,0.0,0.020159326493740082,5,,1,8,8,1.0,0.2544659376144409,0.29226016998291016,0.9416900873184204,0.24260086914000567,0,2097152,normal
8,1.0,0.06186544895172119,0.15453243255615234,0.996955931186676,0.17156106233596802,0.2976875305175781,0,0.14315509796142578,0.7033223794256447,0.0,0.019937394186854362,0,12.017239570617676,1,8,8,1.0,0.3043036460876465,0.2976875305175781,0.9238637089729309,0.24392948007152881,1,2097152,normal
8,1.0,0.07961070537567139,0.15378522872924805,0.9950277805328369,0.09395372867584229,0.37891674041748047,0,0.22513151168823242,0.40811810829810297,0.0,0.02014755643904209,1,12.017239570617676,1,8,8,1.0,0.4834897518157959,0.37891674041748047,0.8049949407577515,0.23021210469596554,1,2097152,normal
8,1.0,0.10883474349975586,0.17018890380859375,0.9909249544143677,0.07994885742664337,0.2727651596069336,0,0.10257625579833984,0.3387663001322996,0.0,0.02042541466653347,2,12.017239570617676,1,8,8,1.0,0.3736445903778076,0.2727651596069336,0.8904395699501038,0.2360000312764896,1,2097152,normal
8,1.0,0.09277963638305664,0.17488908767700195,0.9920345544815063,0.11584705114364624,0.34841156005859375,0,0.1735224723815918,0.4983911214971879,0.0,0.02016460709273815,3,12.017239570617676,1,8,8,1.0,0.40445923805236816,0.34841156005859375,0.8645111322402954,0.23244204430375248,1,2097152,normal
8,1.0,0.08057916164398193,0.1547536849975586,0.9951840043067932,0.011364728212356567,0.3101539611816406,0,0.15540027618408203,0.05143545103853378,0.0,0.02031426690518856,4,12.017239570617676,1,8,8,1.0,0.4009745121002197,0.3101539611816406,0.8673055768013,0.22095126965723466,1,2097152,normal
8,1.0,0.1059795618057251,0.16818571090698242,0.991267740726471,0.19291654229164124,0.37813854217529297,0,0.20995283126831055,0.8383430031271413,0.0,0.020162831991910934,5,12.017239570617676,1,8,8,1.0,0.444057822227478,0.37813854217529297,0.8390878438949585,0.230116481645382,1,2097152,normal
8,1.0,0.06200277805328369,0.15454435348510742,0.9969648718833923,0.17375418543815613,0.32217979431152344,0,0.16763544082641602,0.7237349748612454,0.0,0.019932100549340248,0,12.001359939575195,1,8,8,1.0,0.35787642002105713,0.32217979431152344,0.8985022306442261,0.24007985170464963,2,2097152,normal
8,1.0,0.11191177368164062,0.17057466506958008,0.9905349016189575,0.2050786018371582,0.5409379005432129,0,0.3703632354736328,0.960803795118696,0.0,0.020150715485215187,1,12.001359939575195,1,8,8,1.0,0.6435827016830444,0.5409379005432129,0.6245673894882202,0.213444829088985,2,2097152,normal
8,1.0,0.0962904691696167,0.1605987548828125,0.9927439093589783,0.0917634665966034,0.3602447509765625,0,0.19964599609375,0.4499617977678537,0.0,0.020433001220226288,2,12.001359939575195,1,8,8,1.0,0.5254439115524292,0.3602447509765625,0.7686015367507935,0.20393612758198287,2,2097152,normal
8,1.0,0.11523067951202393,0.18981456756591797,0.9882330894470215,0.07611018419265747,0.46495771408081055,0,0.2751431465148926,0.388464650340944,0.0,0.020162057131528854,3,12.001359939575195,1,8,8,1.0,0.5970790386199951,0.46495771408081055,0.689468264579773,0.1959256373156677,2,2097152,normal
8,1.0,0.09987843036651611,0.17188119888305664,0.9920856952667236,0.0036139488220214844,0.3986945152282715,0,0.24814653396606445,0.019726546092983938,0.0,0.020321710035204887,4,12.001359939575195,1,8,8,1.0,0.6081728935241699,0.4200277328491211,0.644840657711029,0.18320231047982816,2,2097152,normal
8,1.0,0.1647632122039795,0.21632051467895508,0.9775403141975403,0.1993304044008255,0.5715079307556152,0,0.35518741607666016,1.0389624281255558,0.0,0.020166730508208275,5,12.001359939575195,1,8,8,1.0,0.6469646692276001,0.5715079307556152,0.6154764294624329,0.19185525771172252,2,2097152,normal
8,1.0,0.06349897384643555,0.1561570167541504,0.9967717528343201,0.13491007685661316,0.34091901779174805,0,0.18476200103759766,0.5713844685537293,0.0,0.019937576726078987,0,11.76008129119873,1,8,8,1.0,0.41651344299316406,0.34091901779174805,0.8630759716033936,0.23611085754237138,3,2097152,normal
8,1.0,0.13992595672607422,0.18615293502807617,0.9850459694862366,0.30495983362197876,0.6715273857116699,0,0.48537445068359375,1.5928044858801493,0.0,0.020154006779193878,1,11.76008129119873,1,8,8,1.0,0.7288568019866943,0.6715273857116699,0.48004674911499023,0.1914609334198758,3,2097152,normal
8,1.0,0.08974158763885498,0.1585993766784668,0.9924914836883545,0.0011222362518310547,0.3322916030883789,0,0.1736922264099121,0.006734439901218573,0.0,0.02043701335787773,2,11.76008129119873,1,8,8,1.0,0.5679454803466797,0.3322916030883789,0.700005292892456,0.16664136413601227,3,2097152,normal
8,1.0,0.14469826221466064,0.20642852783203125,0.9818587899208069,0.11014533042907715,0.5855417251586914,0,0.37911319732666016,0.7146577595498079,0.0,0.020165668800473213,3,11.76008129119873,1,8,8,1.0,0.6952147483825684,0.5855417251586914,0.5365086197853088,0.15412318547896575,3,2097152,normal
8,1.0,0.14449095726013184,0.20319557189941406,0.9820279479026794,0.08349335193634033,0.5922679901123047,0,0.3890724182128906,0.5950352822545362,0.0,0.020329901948571205,4,11.76008129119873,1,8,8,1.0,0.7160688638687134,0.5922679901123047,0.4896336793899536,0.14031664075446315,3,2097152,normal
8,1.0,0.23636746406555176,0.2962307929992676,0.9446256756782532,0.6400498151779175,0.8795337677001953,0,0.5833029747009277,4.322530000246708,0.0,0.02017195336520672,5,11.76008129119873,1,8,8,1.0,0.7929600477218628,0.8795337677001953,0.27547815442085266,0.1480729607756075,3,2097152,normal
8,1.0,0.06827020645141602,0.15880918502807617,0.9962238073348999,0.058815717697143555,0.35930538177490234,0,0.20049619674682617,0.2599226089066201,0.0,0.019952921196818352,0,11.326565742492676,1,8,8,1.0,0.519803524017334,0.35930538177490234,0.7726973295211792,0.22628165339119732,5,2097152,normal
8,1.0,0.17366492748260498,0.20264291763305664,0.9761949777603149,0.41144269704818726,0.8292689323425293,0,0.6266260147094727,2.817309175693703,0.0,0.02016526274383068,1,11.326565742492676,1,8,8,1.0,0.8068914413452148,0.8292689323425293,0.29650744795799255,0.14604101693839766,5,2097152,normal
8,1.0,0.08826565742492676,0.15219831466674805,0.9938715696334839,0.07028967142105103,0.5836458206176758,0,0.43144750595092773,0.6817970405441388,0.0,0.020451299846172333,2,11.326565742492676,1,8,8,1.0,0.7225593328475952,0.5836458206176758,0.5039954781532288,0.1030947147628467,5,2097152,normal
8,1.0,0.1684945821762085,0.21895217895507812,0.9761176705360413,0.38934117555618286,0.9315366744995117,0,0.7125844955444336,4.297809666266426,0.0,0.020172715187072754,3,11.326565742492676,1,8,8,1.0,0.8288556337356567,0.9315366744995117,0.17471657693386078,0.09059060446816147,5,2097152,normal
8,1.0,0.1955167055130005,0.20336198806762695,0.971225380897522,0.2501607835292816,0.9055042266845703,0,0.7021422386169434,3.2241862181254617,0.0,0.0203437190502882,4,11.326565742492676,1,8,8,1.0,0.8295552730560303,0.9055042266845703,0.20421302318572998,0.07758881361223757,5,2097152,normal
8,1.0,0.37294304370880127,0.398681640625,0.8692498207092285,1.142559289932251,0.9710021018981934,0,0.5723204612731934,14.11274765120432,0.0,0.02018587850034237,5,11.326565742492676,1,8,8,1.0,0.8531460762023926,0.9710021018981934,0.08839722722768784,0.08095937929101638,5,2097152,normal
8,1.0,0.09913110733032227,0.1776437759399414,0.9918596148490906,0.0014013051986694336,0.4088592529296875,0,0.2312154769897461,0.006798524385588937,0.0,0.020012561231851578,0,10.91488265991211,1,8,8,1.0,0.6491280794143677,0.4088592529296875,0.59135502576828,0.2061190221866127,10,2097152,normal
8,1.0,0.20754492282867432,0.22485876083374023,0.9655138254165649,0.7013166546821594,0.9778966903686523,0,0.7530379295349121,8.777600624359458,0.0,0.020191682502627373,1,10.91488265991211,1,8,8,1.0,0.8618443012237549,0.9778966903686523,0.06714585423469543,0.07989844659095979,10,2097152,normal
8,1.0,0.1336221694946289,0.20150184631347656,0.9847405552864075,0.2619847059249878,0.9612736701965332,0,0.7597718238830566,5.22452861745448,0.0,0.02049952745437622,2,10.91488265991211,1,8,8,1.0,0.857450008392334,0.9612736701965332,0.0971437394618988,0.050145137505751336,10,2097152,normal
8,1.0,0.18017983436584473,0.18730974197387695,0.9749736785888672,0.9566776752471924,0.9903740882873535,0,0.8030643463134766,24.305517063576858,0.0,0.020195933058857918,3,10.91488265991211,1,8,8,1.0,0.8661916255950928,0.9903740882873535,0.035028595477342606,0.039360515258522355,10,2097152,normal
8,1.0,0.3077840805053711,0.29013538360595703,0.9232181906700134,1.1529502868652344,0.9907989501953125,0,0.7006635665893555,33.23505197460034,0.0,0.020392652601003647,4,10.91488265991211,1,8,8,1.0,0.8694019317626953,0.9907989501953125,0.032150592654943466,0.034690792352193967,10,2097152,normal
8,1.0,0.4746042490005493,0.5240354537963867,0.7657891511917114,1.9276708364486694,0.9913721084594727,0,0.46733665466308594,61.490512450465154,0.0,0.02026619389653206,5,10.91488265991211,1,8,8,1.0,0.8692291975021362,0.9913721084594727,0.030781351029872894,0.03134907743697113,10,2097152,normal
8,1.0,0.12045252323150635,0.18891429901123047,0.9880591034889221,0.06900006532669067,0.49793338775634766,0,0.3090190887451172,0.37996322755874967,0.0,0.02006380446255207,0,9.32682991027832,1,8,8,1.0,0.7084695100784302,0.49793338775634766,0.5004523992538452,0.1815966923168162,20,2097152,normal
8,1.0,0.24836277961730957,0.2791748046875,0.9469360113143921,0.5925883054733276,0.9843130111694336,0,0.7051382064819336,10.93232307764263,0.0,0.02020624279975891,1,9.32682991027832,1,8,8,1.0,0.8655725717544556,0.9843130111694336,0.050430092960596085,0.05420515852529206,20,2097152,normal
8,1.0,0.146270751953125,0.17319297790527344,0.9833469390869141,0.35790228843688965,0.9928436279296875,0,0.8196506500244141,12.292707855389354,0.0,0.02052391692996025,2,9.32682991027832,1,8,8,1.0,0.8689835071563721,0.9928436279296875,0.02689874731004238,0.029115008072039927,20,2097152,normal
8,1.0,0.2535589933395386,0.23118305206298828,0.9450098872184753,0.5820258855819702,0.9940786361694336,0,0.7628955841064453,28.811974589486503,0.0,0.02022300474345684,3,9.32682991027832,1,8,8,1.0,0.8708648681640625,0.9940786361694336,0.022379649803042412,0.0202008329479213,20,2097152,normal
8,1.0,0.30948948860168457,0.22706365585327148,0.9229188561439514,0.25035208463668823,0.9935121536254883,0,0.7664484977722168,12.481208769750655,0.0,0.020394260063767433,4,9.32682991027832,1,8,8,1.0,0.8718216419219971,0.9935121536254883,0.022769026458263397,0.0200583204123177,20,2097152,normal
8,1.0,0.3204003572463989,0.32729053497314453,0.9124377369880676,1.091959834098816,0.9951591491699219,0,0.6678686141967773,78.13034209480081,0.0,0.020245635882019997,5,9.32682991027832,1,8,8,1.0,0.8734314441680908,0.9951591491699219,0.01616811752319336,0.01397613020526478,20,2097152,normal
8,1.0,0.4261600971221924,0.4600696563720703,0.8201793432235718,1.6560312509536743,0.8680238723754883,0,0.40795421600341797,3.622058083362445,0.0,0.020344214513897896,0,8.076764106750488,1,8,8,1.0,0.8339000940322876,0.8680238723754883,0.21858333051204681,0.45720725975115784,50,2097152,normal
8,1.0,0.4025120735168457,0.27116823196411133,0.8672453165054321,0.4222404956817627,0.8476543426513672,0,0.5764861106872559,3.2352193067987667,0.0,0.020335204899311066,1,8.076764106750488,1,8,8,1.0,0.8329395055770874,0.8476543426513672,0.2213285118341446,0.13051371658002608,50,2097152,normal
8,1.0,0.45369160175323486,0.27158308029174805,0.8147227764129639,0.17260360717773438,0.7469539642333984,0,0.4753708839416504,1.7260874114885636,0.0,0.02077454701066017,2,8.076764106750488,1,8,8,1.0,0.805155873298645,0.7469539642333984,0.3128185272216797,0.0999970256598317,50,2097152,normal
8,1.0,0.516660213470459,0.4318661689758301,0.7706370949745178,0.25032615661621094,0.8826003074645996,0,0.45073413848876953,3.3806331285724416,0.0,0.02042391151189804,3,8.076764106750488,1,8,8,1.0,0.8426440954208374,0.8826003074645996,0.1928328573703766,0.07404712286006543,50,2097152,normal
8,1.0,0.456249475479126,0.3232889175415039,0.8275060057640076,0.43730413913726807,0.9966011047363281,0,0.6733121871948242,5.875871012564457,0.0,0.020520653575658798,4,8.076764106750488,1,8,8,1.0,0.8738442659378052,0.9966011047363281,0.01207122765481472,0.07442371321667451,50,2097152,normal
8,1.0,0.6922328472137451,0.5485658645629883,0.5587537288665771,0.0907278060913086,0.9145011901855469,0,0.3659353256225586,0.5832636206031241,0.0,0.02043510414659977,5,8.076764106750488,1,8,8,1.0,0.8449395895004272,0.9145011901855469,0.17011451721191406,0.15555197150388267,50,2097152,normal
8,1.0,0.5924501419067383,0.5217318534851074,0.6878750920295715,3.2607860565185547,0.8551840782165527,0,0.3334522247314453,3.4382639500394285,0.0,0.020695362240076065,0,8.076175689697266,1,8,8,1.0,0.8229950666427612,0.8551840782165527,0.25719624757766724,0.9483815390267409,100,2097152,normal
8,1.0,0.4598177671432495,0.41110897064208984,0.7966170907020569,0.5731390118598938,0.8634157180786133,0,0.45230674743652344,1.2334823401544024,0.0,0.020453594624996185,1,8.076175689697266,1,8,8,1.0,0.8363674879074097,0.8634157180786133,0.21523922681808472,0.4646511694591027,100,2097152,normal
8,1.0,0.3259265422821045,0.3638935089111328,0.8977216482162476,0.001978278160095215,0.20881080627441406,0,0.19081926345825195,0.01410599925608049,0.0,0.02097347378730774,2,8.076175689697266,1,8,8,1.0,0.6561336517333984,0.5547127723693848,0.6162669658660889,0.14024374481959967,100,2097152,normal
8,1.0,0.4519975185394287,0.33504724502563477,0.8340953588485718,0.016175031661987305,0.29140472412109375,0,0.15092086791992188,0.10829715160624351,0.0,0.020555531606078148,3,8.076175689697266,1,8,8,1.0,0.660433292388916,0.48596811294555664,0.5969468355178833,0.1493578678855556,100,2097152,normal
8,1.0,0.41327905654907227,0.30973005294799805,0.8627280592918396,0.2803835868835449,0.7720770835876465,0,0.46234703063964844,2.0843575375647285,0.0,0.020585957914590836,4,8.076175689697266,1,8,8,1.0,0.7848125696182251,0.7720770835876465,0.3619025647640228,0.13451799023459898,100,2097152,normal
8,1.0,0.5984858274459839,0.4792900085449219,0.6877052187919617,0.05992233753204346,0.43463706970214844,1,0.0030732154846191406,0.3126269125780861,0.0,0.020677534863352776,5,8.076175689697266,1,8,7,0.875,0.7243449687957764,0.482363224029541,0.4469769299030304,0.19167363755695987,100,2097152,normal
8,1.0,0.5981705188751221,0.48470163345336914,0.686843991279602,4.014551639556885,0.8752350807189941,0,0.390533447265625,3.557276282700602,0.0,0.021159302443265915,0,7.308852672576904,1,8,8,1.0,0.8306751251220703,0.8752350807189941,0.23138296604156494,1.1285464834654704,200,2097152,normal
8,1.0,0.5175998210906982,0.3667011260986328,0.7782490849494934,1.652108073234558,0.8345170021057129,0,0.4678158760070801,3.3637790405689816,0.0,0.020524557679891586,1,7.308852672576904,1,8,8,1.0,0.8082389831542969,0.8345170021057129,0.29873859882354736,0.49114643182838336,200,2097152,normal
8,1.0,0.3901658058166504,0.2440323829650879,0.8506549596786499,0.013040661811828613,0.020511150360107422,0,0.05182647705078125,0.08162446641332427,0.0,0.02094997651875019,2,7.308852672576904,1,8,8,1.0,0.46328186988830566,0.29585886001586914,0.8174326419830322,0.15976412937015994,200,2097152,normal
8,1.0,0.34866225719451904,0.24385881423950195,0.8939894437789917,0.04110527038574219,0.34372997283935547,0,0.09987115859985352,0.20435174633768605,0.0,0.020548785105347633,3,7.308852672576904,1,8,8,1.0,0.4572333097457886,0.34372997283935547,0.8262083530426025,0.2011495919286972,200,2097152,normal
8,1.0,0.3840458393096924,0.3191103935241699,0.8680866360664368,0.3400612473487854,0.6625795364379883,0,0.34346914291381836,1.9427944758586193,0.0,0.0205164086073637,4,7.308852672576904,1,8,8,1.0,0.7248257398605347,0.6625795364379883,0.4992147386074066,0.17503717020736076,200,2097152,normal
8,1.0,0.5307673215866089,0.4794921875,0.7553672790527344,0.3603171706199646,0.5359148979187012,0,0.05642271041870117,0.8417463055133148,0.0,0.020620284602046013,5,7.308852672576904,1,8,8,1.0,0.6161143779754639,0.5359148979187012,0.656078040599823,0.42805910552851856,200,2097152,normal
8,1.0,0.5580974817276001,0.46311521530151367,0.7287378311157227,4.2719221115112305,0.8886451721191406,0,0.42552995681762695,3.6527595152470815,0.0,0.021785510703921318,0,6.8845953941345215,1,8,8,1.0,0.8349130153656006,0.8886451721191406,0.21432574093341827,1.1695054365554824,300,2097152,normal
8,1.0,0.2754392623901367,0.24548816680908203,0.939170241355896,1.4346290826797485,0.8183259963989258,0,0.5728378295898438,3.250857706973629,0.0,0.020525675266981125,1,6.8845953941345215,1,8,8,1.0,0.7789499759674072,0.8183259963989258,0.34626081585884094,0.4413078676443547,300,2097152,normal
8,1.0,0.49527108669281006,0.4445457458496094,0.775111973285675,0.039351701736450195,0.19929790496826172,0,-0.08290243148803711,0.21068457242699978,0.0,0.020975112915039062,2,6.8845953941345215,1,8,8,1.0,0.5424059629440308,0.36164331436157227,0.7323703765869141,0.18678017703496153,300,2097152,normal
8,1.0,0.3577229976654053,0.23234796524047852,0.8793118000030518,0.06453812122344971,0.36396265029907227,0,0.13161468505859375,0.3095235755754039,0.0,0.020536214113235474,3,6.8845953941345215,1,8,8,1.0,0.42671775817871094,0.36396265029907227,0.8530738949775696,0.2085079338576179,300,2097152,normal
8,1.0,0.3652592897415161,0.2811150550842285,0.8944799304008484,0.32101649045944214,0.4917793273925781,0,0.2106642723083496,1.5465806080115843,0.0,0.020507145673036575,4,6.8845953941345215,1,8,8,1.0,0.5532395839691162,0.4917793273925781,0.7259469032287598,0.2075653146021068,300,2097152,normal
8,1.0,0.4867163896560669,0.37336063385009766,0.8080088496208191,0.08912956714630127,0.3065805435180664,0,-0.06678009033203125,0.24486158361476393,0.0,0.020618118345737457,5,6.8845953941345215,1,8,8,1.0,0.3985038995742798,0.3065805435180664,0.8685756921768188,0.36399979870475363,300,2097152,normal
8,1.0,0.040023207664489746,0.1458892822265625,0.9986531734466553,0.2093672752380371,0.32822179794311523,0,0.18233251571655273,0.8846702865359727,0.0,0.019894761964678764,0,,2,8,8,1.0,0.33019423484802246,0.32822179794311523,0.9044507145881653,0.23666136234533042,0,2097152,freeze_last_layer_hidden_producer
8,1.0,0.07520878314971924,0.15634489059448242,0.9955740571022034,0.0840168297290802,0.2647862434387207,0,0.10844135284423828,0.38444610410661884,0.0,0.01959526166319847,1,,2,8,8,1.0,0.26593780517578125,0.2647862434387207,0.9417837858200073,0.21853994313278235,0,2097152,freeze_last_layer_hidden_producer
8,1.0,0.08645784854888916,0.15458297729492188,0.994135856628418,0.06157518923282623,0.24300193786621094,0,0.08841896057128906,0.26151084381038403,0.0,0.01987035572528839,2,,2,8,8,1.0,0.2573871612548828,0.24300193786621094,0.9471424221992493,0.2354594109201571,0,2097152,freeze_last_layer_hidden_producer
8,1.0,0.08331596851348877,0.15655755996704102,0.9946222305297852,0.04675722122192383,0.2644205093383789,0,0.10786294937133789,0.20516058082415217,0.0,0.019870931282639503,3,,2,8,8,1.0,0.36781322956085205,0.2644205093383789,0.8909686803817749,0.22790548278862843,0,2097152,freeze_last_layer_hidden_producer
8,1.0,0.10422837734222412,0.16774940490722656,0.9917723536491394,0.21841707825660706,0.30916786193847656,0,0.14141845703125,0.9228473616662671,0.0,0.020197296515107155,4,,2,8,8,1.0,0.3221471309661865,0.30916786193847656,0.9122177958488464,0.23667736109928228,0,2097152,freeze_last_layer_hidden_producer
8,1.0,0.09961259365081787,0.17229938507080078,0.9918144345283508,0.0628061443567276,0.2026205062866211,0,0.030321121215820312,0.2520971037538297,0.0,0.020149381831288338,5,,2,8,8,1.0,0.1719515323638916,0.2026205062866211,0.9776960015296936,0.24913473190099467,0,2097152,freeze_last_layer_hidden_producer
8,1.0,0.040023207664489746,0.1458892822265625,0.9986531734466553,0.2093672752380371,0.32822179794311523,0,0.18233251571655273,0.8846702865359727,0.0,0.019894761964678764,0,12.02901554107666,2,8,8,1.0,0.33019423484802246,0.32822179794311523,0.9044507145881653,0.23666136234533042,1,2097152,freeze_last_layer_hidden_producer
8,1.0,0.07520878314971924,0.15634489059448242,0.9955740571022034,0.0840168297290802,0.2647862434387207,0,0.10844135284423828,0.38444610410661884,0.0,0.01959526166319847,1,12.02901554107666,2,8,8,1.0,0.26593780517578125,0.2647862434387207,0.9417837858200073,0.21853994313278235,1,2097152,freeze_last_layer_hidden_producer
8,1.0,0.08645784854888916,0.15458297729492188,0.994135856628418,0.06157518923282623,0.24300193786621094,0,0.08841896057128906,0.26151084381038403,0.0,0.01987035572528839,2,12.02901554107666,2,8,8,1.0,0.2573871612548828,0.24300193786621094,0.9471424221992493,0.2354594109201571,1,2097152,freeze_last_layer_hidden_producer
8,1.0,0.08331596851348877,0.15655755996704102,0.9946222305297852,0.04675722122192383,0.2644205093383789,0,0.10786294937133789,0.20516058082415217,0.0,0.019870931282639503,3,12.02901554107666,2,8,8,1.0,0.36781322956085205,0.2644205093383789,0.8909686803817749,0.22790548278862843,1,2097152,freeze_last_layer_hidden_producer
8,1.0,0.10422837734222412,0.16774940490722656,0.9917723536491394,0.21841707825660706,0.30916786193847656,0,0.14141845703125,0.9228473616662671,0.0,0.020197296515107155,4,12.02901554107666,2,8,8,1.0,0.3221471309661865,0.30916786193847656,0.9122177958488464,0.23667736109928228,1,2097152,freeze_last_layer_hidden_producer
8,1.0,0.09525108337402344,0.16825437545776367,0.9926300644874573,0.09443791210651398,0.21625137329101562,0,0.04799699783325195,0.38054667879707077,0.0,0.020150387659668922,5,12.02901554107666,2,8,8,1.0,0.18601393699645996,0.21625137329101562,0.9729488492012024,0.24816380583069986,1,2097152,freeze_last_layer_hidden_producer
8,1.0,0.040023207664489746,0.1458892822265625,0.9986531734466553,0.2093672752380371,0.32822179794311523,0,0.18233251571655273,0.8846702865359727,0.0,0.019894761964678764,0,12.07979965209961,2,8,8,1.0,0.33019423484802246,0.32822179794311523,0.9044507145881653,0.23666136234533042,2,2097152,freeze_last_layer_hidden_producer
8,1.0,0.07520878314971924,0.15634489059448242,0.9955740571022034,0.0840168297290802,0.2647862434387207,0,0.10844135284423828,0.38444610410661884,0.0,0.01959526166319847,1,12.07979965209961,2,8,8,1.0,0.26593780517578125,0.2647862434387207,0.9417837858200073,0.21853994313278235,2,2097152,freeze_last_layer_hidden_producer
8,1.0,0.08645784854888916,0.15458297729492188,0.994135856628418,0.06157518923282623,0.24300193786621094,0,0.08841896057128906,0.26151084381038403,0.0,0.01987035572528839,2,12.07979965209961,2,8,8,1.0,0.2573871612548828,0.24300193786621094,0.9471424221992493,0.2354594109201571,2,2097152,freeze_last_layer_hidden_producer
8,1.0,0.08331596851348877,0.15655755996704102,0.9946222305297852,0.04675722122192383,0.2644205093383789,0,0.10786294937133789,0.20516058082415217,0.0,0.019870931282639503,3,12.07979965209961,2,8,8,1.0,0.36781322956085205,0.2644205093383789,0.8909686803817749,0.22790548278862843,2,2097152,freeze_last_layer_hidden_producer
8,1.0,0.10422837734222412,0.16774940490722656,0.9917723536491394,0.21841707825660706,0.30916786193847656,0,0.14141845703125,0.9228473616662671,0.0,0.020197296515107155,4,12.07979965209961,2,8,8,1.0,0.3221471309661865,0.30916786193847656,0.9122177958488464,0.23667736109928228,2,2097152,freeze_last_layer_hidden_producer
8,1.0,0.09051334857940674,0.16466474533081055,0.9933304190635681,0.11289706826210022,0.22801446914672852,0,0.06334972381591797,0.4546569382908682,0.0,0.02016335539519787,5,12.07979965209961,2,8,8,1.0,0.19511806964874268,0.22801446914672852,0.9696168303489685,0.24831264796375763,2,2097152,freeze_last_layer_hidden_producer
8,1.0,0.040023207664489746,0.1458892822265625,0.9986531734466553,0.2093672752380371,0.32822179794311523,0,0.18233251571655273,0.8846702865359727,0.0,0.019894761964678764,0,12.010194778442383,2,8,8,1.0,0.33019423484802246,0.32822179794311523,0.9044507145881653,0.23666136234533042,3,2097152,freeze_last_layer_hidden_producer
8,1.0,0.07520878314971924,0.15634489059448242,0.9955740571022034,0.0840168297290802,0.2647862434387207,0,0.10844135284423828,0.38444610410661884,0.0,0.01959526166319847,1,12.010194778442383,2,8,8,1.0,0.26593780517578125,0.2647862434387207,0.9417837858200073,0.21853994313278235,3,2097152,freeze_last_layer_hidden_producer
8,1.0,0.08645784854888916,0.15458297729492188,0.994135856628418,0.06157518923282623,0.24300193786621094,0,0.08841896057128906,0.26151084381038403,0.0,0.01987035572528839,2,12.010194778442383,2,8,8,1.0,0.2573871612548828,0.24300193786621094,0.9471424221992493,0.2354594109201571,3,2097152,freeze_last_layer_hidden_producer
8,1.0,0.08331596851348877,0.15655755996704102,0.9946222305297852,0.04675722122192383,0.2644205093383789,0,0.10786294937133789,0.20516058082415217,0.0,0.019870931282639503,3,12.010194778442383,2,8,8,1.0,0.36781322956085205,0.2644205093383789,0.8909686803817749,0.22790548278862843,3,2097152,freeze_last_layer_hidden_producer
8,1.0,0.10422837734222412,0.16774940490722656,0.9917723536491394,0.21841707825660706,0.30916786193847656,0,0.14141845703125,0.9228473616662671,0.0,0.020197296515107155,4,12.010194778442383,2,8,8,1.0,0.3221471309661865,0.30916786193847656,0.9122177958488464,0.23667736109928228,3,2097152,freeze_last_layer_hidden_producer
8,1.0,0.08594405651092529,0.1625657081604004,0.9939932227134705,0.09252341091632843,0.22434663772583008,0,0.06178092956542969,0.37263746132078596,0.0,0.02017146535217762,5,12.010194778442383,2,8,8,1.0,0.19220376014709473,0.22434663772583008,0.9706097841262817,0.24829336961556692,3,2097152,freeze_last_layer_hidden_producer
8,1.0,0.040023207664489746,0.1458892822265625,0.9986531734466553,0.2093672752380371,0.32822179794311523,0,0.18233251571655273,0.8846702865359727,0.0,0.019894761964678764,0,11.966578483581543,2,8,8,1.0,0.33019423484802246,0.32822179794311523,0.9044507145881653,0.23666136234533042,5,2097152,freeze_last_layer_hidden_producer
8,1.0,0.07520878314971924,0.15634489059448242,0.9955740571022034,0.0840168297290802,0.2647862434387207,0,0.10844135284423828,0.38444610410661884,0.0,0.01959526166319847,1,11.966578483581543,2,8,8,1.0,0.26593780517578125,0.2647862434387207,0.9417837858200073,0.21853994313278235,5,2097152,freeze_last_layer_hidden_producer
8,1.0,0.08645784854888916,0.15458297729492188,0.994135856628418,0.06157518923282623,0.24300193786621094,0,0.08841896057128906,0.26151084381038403,0.0,0.01987035572528839,2,11.966578483581543,2,8,8,1.0,0.2573871612548828,0.24300193786621094,0.9471424221992493,0.2354594109201571,5,2097152,freeze_last_layer_hidden_producer
8,1.0,0.08331596851348877,0.15655755996704102,0.9946222305297852,0.04675722122192383,0.2644205093383789,0,0.10786294937133789,0.20516058082415217,0.0,0.019870931282639503,3,11.966578483581543,2,8,8,1.0,0.36781322956085205,0.2644205093383789,0.8909686803817749,0.22790548278862843,5,2097152,freeze_last_layer_hidden_producer
8,1.0,0.10422837734222412,0.16774940490722656,0.9917723536491394,0.21841707825660706,0.30916786193847656,0,0.14141845703125,0.9228473616662671,0.0,0.020197296515107155,4,11.966578483581543,2,8,8,1.0,0.3221471309661865,0.30916786193847656,0.9122177958488464,0.23667736109928228,5,2097152,freeze_last_layer_hidden_producer
8,1.0,0.07876825332641602,0.15882015228271484,0.9949658513069153,0.06643983721733093,0.21631240844726562,0,0.05749225616455078,0.2669209345811789,0.0,0.02018250711262226,5,11.966578483581543,2,8,8,1.0,0.19220423698425293,0.21631240844726562,0.9706249237060547,0.24891205075982725,5,2097152,freeze_last_layer_hidden_producer
8,1.0,0.040023207664489746,0.1458892822265625,0.9986531734466553,0.2093672752380371,0.32822179794311523,0,0.18233251571655273,0.8846702865359727,0.0,0.019894761964678764,0,11.751493453979492,2,8,8,1.0,0.33019423484802246,0.32822179794311523,0.9044507145881653,0.23666136234533042,10,2097152,freeze_last_layer_hidden_producer
8,1.0,0.07520878314971924,0.15634489059448242,0.9955740571022034,0.0840168297290802,0.2647862434387207,0,0.10844135284423828,0.38444610410661884,0.0,0.01959526166319847,1,11.751493453979492,2,8,8,1.0,0.26593780517578125,0.2647862434387207,0.9417837858200073,0.21853994313278235,10,2097152,freeze_last_layer_hidden_producer
8,1.0,0.08645784854888916,0.15458297729492188,0.994135856628418,0.06157518923282623,0.24300193786621094,0,0.08841896057128906,0.26151084381038403,0.0,0.01987035572528839,2,11.751493453979492,2,8,8,1.0,0.2573871612548828,0.24300193786621094,0.9471424221992493,0.2354594109201571,10,2097152,freeze_last_layer_hidden_producer
8,1.0,0.08331596851348877,0.15655755996704102,0.9946222305297852,0.04675722122192383,0.2644205093383789,0,0.10786294937133789,0.20516058082415217,0.0,0.019870931282639503,3,11.751493453979492,2,8,8,1.0,0.36781322956085205,0.2644205093383789,0.8909686803817749,0.22790548278862843,10,2097152,freeze_last_layer_hidden_producer
8,1.0,0.10422837734222412,0.16774940490722656,0.9917723536491394,0.21841707825660706,0.30916786193847656,0,0.14141845703125,0.9228473616662671,0.0,0.020197296515107155,4,11.751493453979492,2,8,8,1.0,0.3221471309661865,0.30916786193847656,0.9122177958488464,0.23667736109928228,10,2097152,freeze_last_layer_hidden_producer
8,1.0,0.06889975070953369,0.1511082649230957,0.9963922500610352,0.11697326600551605,0.28431272506713867,0,0.13320446014404297,0.4627193780875616,0.0,0.02022460103034973,5,11.751493453979492,2,8,8,1.0,0.28454840183258057,0.28431272506713867,0.9330453872680664,0.25279526111262385,10,2097152,freeze_last_layer_hidden_producer
8,1.0,0.040023207664489746,0.1458892822265625,0.9986531734466553,0.2093672752380371,0.32822179794311523,0,0.18233251571655273,0.8846702865359727,0.0,0.019894761964678764,0,11.486833572387695,2,8,8,1.0,0.33019423484802246,0.32822179794311523,0.9044507145881653,0.23666136234533042,20,2097152,freeze_last_layer_hidden_producer
8,1.0,0.07520878314971924,0.15634489059448242,0.9955740571022034,0.0840168297290802,0.2647862434387207,0,0.10844135284423828,0.38444610410661884,0.0,0.01959526166319847,1,11.486833572387695,2,8,8,1.0,0.26593780517578125,0.2647862434387207,0.9417837858200073,0.21853994313278235,20,2097152,freeze_last_layer_hidden_producer
8,1.0,0.08645784854888916,0.15458297729492188,0.994135856628418,0.06157518923282623,0.24300193786621094,0,0.08841896057128906,0.26151084381038403,0.0,0.01987035572528839,2,11.486833572387695,2,8,8,1.0,0.2573871612548828,0.24300193786621094,0.9471424221992493,0.2354594109201571,20,2097152,freeze_last_layer_hidden_producer
8,1.0,0.08331596851348877,0.15655755996704102,0.9946222305297852,0.04675722122192383,0.2644205093383789,0,0.10786294937133789,0.20516058082415217,0.0,0.019870931282639503,3,11.486833572387695,2,8,8,1.0,0.36781322956085205,0.2644205093383789,0.8909686803817749,0.22790548278862843,20,2097152,freeze_last_layer_hidden_producer
8,1.0,0.10422837734222412,0.16774940490722656,0.9917723536491394,0.21841707825660706,0.30916786193847656,0,0.14141845703125,0.9228473616662671,0.0,0.020197296515107155,4,11.486833572387695,2,8,8,1.0,0.3221471309661865,0.30916786193847656,0.9122177958488464,0.23667736109928228,20,2097152,freeze_last_layer_hidden_producer
8,1.0,0.11791431903839111,0.19361019134521484,0.9879566431045532,0.4226909577846527,0.5478515625,0,0.35424137115478516,1.5428214592299545,0.0,0.020373959094285965,5,11.486833572387695,2,8,8,1.0,0.5245860815048218,0.5478515625,0.730247974395752,0.273972698043508,20,2097152,freeze_last_layer_hidden_producer
8,1.0,0.040023207664489746,0.1458892822265625,0.9986531734466553,0.2093672752380371,0.32822179794311523,0,0.18233251571655273,0.8846702865359727,0.0,0.019894761964678764,0,9.239448547363281,2,8,8,1.0,0.33019423484802246,0.32822179794311523,0.9044507145881653,0.23666136234533042,50,2097152,freeze_last_layer_hidden_producer
8,1.0,0.07520878314971924,0.15634489059448242,0.9955740571022034,0.0840168297290802,0.2647862434387207,0,0.10844135284423828,0.38444610410661884,0.0,0.01959526166319847,1,9.239448547363281,2,8,8,1.0,0.26593780517578125,0.2647862434387207,0.9417837858200073,0.21853994313278235,50,2097152,freeze_last_layer_hidden_producer
8,1.0,0.08645784854888916,0.15458297729492188,0.994135856628418,0.06157518923282623,0.24300193786621094,0,0.08841896057128906,0.26151084381038403,0.0,0.01987035572528839,2,9.239448547363281,2,8,8,1.0,0.2573871612548828,0.24300193786621094,0.9471424221992493,0.2354594109201571,50,2097152,freeze_last_layer_hidden_producer
8,1.0,0.08331596851348877,0.15655755996704102,0.9946222305297852,0.04675722122192383,0.2644205093383789,0,0.10786294937133789,0.20516058082415217,0.0,0.019870931282639503,3,9.239448547363281,2,8,8,1.0,0.36781322956085205,0.2644205093383789,0.8909686803817749,0.22790548278862843,50,2097152,freeze_last_layer_hidden_producer
8,1.0,0.10422837734222412,0.16774940490722656,0.9917723536491394,0.21841707825660706,0.30916786193847656,0,0.14141845703125,0.9228473616662671,0.0,0.020197296515107155,4,9.239448547363281,2,8,8,1.0,0.3221471309661865,0.30916786193847656,0.9122177958488464,0.23667736109928228,50,2097152,freeze_last_layer_hidden_producer
8,1.0,0.26685869693756104,0.34476423263549805,0.9191956520080566,1.6738004684448242,0.848656177520752,0,0.5038919448852539,3.869243709521151,0.0,0.021208729594945908,5,9.239448547363281,2,8,8,1.0,0.7697509527206421,0.848656177520752,0.33089372515678406,0.43259111963561736,50,2097152,freeze_last_layer_hidden_producer
8,1.0,0.040023207664489746,0.1458892822265625,0.9986531734466553,0.2093672752380371,0.32822179794311523,0,0.18233251571655273,0.8846702865359727,0.0,0.019894761964678764,0,8.210413932800293,2,8,8,1.0,0.33019423484802246,0.32822179794311523,0.9044507145881653,0.23666136234533042,100,2097152,freeze_last_layer_hidden_producer
8,1.0,0.07520878314971924,0.15634489059448242,0.9955740571022034,0.0840168297290802,0.2647862434387207,0,0.10844135284423828,0.38444610410661884,0.0,0.01959526166319847,1,8.210413932800293,2,8,8,1.0,0.26593780517578125,0.2647862434387207,0.9417837858200073,0.21853994313278235,100,2097152,freeze_last_layer_hidden_producer
8,1.0,0.08645784854888916,0.15458297729492188,0.994135856628418,0.06157518923282623,0.24300193786621094,0,0.08841896057128906,0.26151084381038403,0.0,0.01987035572528839,2,8.210413932800293,2,8,8,1.0,0.2573871612548828,0.24300193786621094,0.9471424221992493,0.2354594109201571,100,2097152,freeze_last_layer_hidden_producer
8,1.0,0.08331596851348877,0.15655755996704102,0.9946222305297852,0.04675722122192383,0.2644205093383789,0,0.10786294937133789,0.20516058082415217,0.0,0.019870931282639503,3,8.210413932800293,2,8,8,1.0,0.36781322956085205,0.2644205093383789,0.8909686803817749,0.22790548278862843,100,2097152,freeze_last_layer_hidden_producer
8,1.0,0.10422837734222412,0.16774940490722656,0.9917723536491394,0.21841707825660706,0.30916786193847656,0,0.14141845703125,0.9228473616662671,0.0,0.020197296515107155,4,8.210413932800293,2,8,8,1.0,0.3221471309661865,0.30916786193847656,0.9122177958488464,0.23667736109928228,100,2097152,freeze_last_layer_hidden_producer
8,1.0,0.32502830028533936,0.3686981201171875,0.896449863910675,2.3264975547790527,0.8862876892089844,0,0.5175895690917969,4.233130307639022,0.0,0.02219952642917633,5,8.210413932800293,2,8,8,1.0,0.8066768646240234,0.8862876892089844,0.2569532096385956,0.5495927093434148,100,2097152,freeze_last_layer_hidden_producer
8,1.0,0.040023207664489746,0.1458892822265625,0.9986531734466553,0.2093672752380371,0.32822179794311523,0,0.18233251571655273,0.8846702865359727,0.0,0.019894761964678764,0,7.537511348724365,2,8,8,1.0,0.33019423484802246,0.32822179794311523,0.9044507145881653,0.23666136234533042,200,2097152,freeze_last_layer_hidden_producer
8,1.0,0.07520878314971924,0.15634489059448242,0.9955740571022034,0.0840168297290802,0.2647862434387207,0,0.10844135284423828,0.38444610410661884,0.0,0.01959526166319847,1,7.537511348724365,2,8,8,1.0,0.26593780517578125,0.2647862434387207,0.9417837858200073,0.21853994313278235,200,2097152,freeze_last_layer_hidden_producer
8,1.0,0.08645784854888916,0.15458297729492188,0.994135856628418,0.06157518923282623,0.24300193786621094,0,0.08841896057128906,0.26151084381038403,0.0,0.01987035572528839,2,7.537511348724365,2,8,8,1.0,0.2573871612548828,0.24300193786621094,0.9471424221992493,0.2354594109201571,200,2097152,freeze_last_layer_hidden_producer
8,1.0,0.08331596851348877,0.15655755996704102,0.9946222305297852,0.04675722122192383,0.2644205093383789,0,0.10786294937133789,0.20516058082415217,0.0,0.019870931282639503,3,7.537511348724365,2,8,8,1.0,0.36781322956085205,0.2644205093383789,0.8909686803817749,0.22790548278862843,200,2097152,freeze_last_layer_hidden_producer
8,1.0,0.10422837734222412,0.16774940490722656,0.9917723536491394,0.21841707825660706,0.30916786193847656,0,0.14141845703125,0.9228473616662671,0.0,0.020197296515107155,4,7.537511348724365,2,8,8,1.0,0.3221471309661865,0.30916786193847656,0.9122177958488464,0.23667736109928228,200,2097152,freeze_last_layer_hidden_producer
8,1.0,0.297046422958374,0.34332942962646484,0.9141224026679993,2.4785821437835693,0.8810138702392578,0,0.537684440612793,4.258172828893252,0.0,0.02292349934577942,5,7.537511348724365,2,8,8,1.0,0.8016988039016724,0.8810138702392578,0.2676674425601959,0.5820764547097497,200,2097152,freeze_last_layer_hidden_producer
8,1.0,0.040023207664489746,0.1458892822265625,0.9986531734466553,0.2093672752380371,0.32822179794311523,0,0.18233251571655273,0.8846702865359727,0.0,0.019894761964678764,0,7.621632099151611,2,8,8,1.0,0.33019423484802246,0.32822179794311523,0.9044507145881653,0.23666136234533042,300,2097152,freeze_last_layer_hidden_producer
8,1.0,0.07520878314971924,0.15634489059448242,0.9955740571022034,0.0840168297290802,0.2647862434387207,0,0.10844135284423828,0.38444610410661884,0.0,0.01959526166319847,1,7.621632099151611,2,8,8,1.0,0.26593780517578125,0.2647862434387207,0.9417837858200073,0.21853994313278235,300,2097152,freeze_last_layer_hidden_producer
8,1.0,0.08645784854888916,0.15458297729492188,0.994135856628418,0.06157518923282623,0.24300193786621094,0,0.08841896057128906,0.26151084381038403,0.0,0.01987035572528839,2,7.621632099151611,2,8,8,1.0,0.2573871612548828,0.24300193786621094,0.9471424221992493,0.2354594109201571,300,2097152,freeze_last_layer_hidden_producer
8,1.0,0.08331596851348877,0.15655755996704102,0.9946222305297852,0.04675722122192383,0.2644205093383789,0,0.10786294937133789,0.20516058082415217,0.0,0.019870931282639503,3,7.621632099151611,2,8,8,1.0,0.36781322956085205,0.2644205093383789,0.8909686803817749,0.22790548278862843,300,2097152,freeze_last_layer_hidden_producer
8,1.0,0.10422837734222412,0.16774940490722656,0.9917723536491394,0.21841707825660706,0.30916786193847656,0,0.14141845703125,0.9228473616662671,0.0,0.020197296515107155,4,7.621632099151611,2,8,8,1.0,0.3221471309661865,0.30916786193847656,0.9122177958488464,0.23667736109928228,300,2097152,freeze_last_layer_hidden_producer
8,1.0,0.28175973892211914,0.33278560638427734,0.9217122793197632,2.529736042022705,0.8798818588256836,0,0.5470962524414062,4.335460543128809,0.0,0.02330591343343258,5,7.621632099151611,2,8,8,1.0,0.7988170385360718,0.8798818588256836,0.2716277539730072,0.5834988040733151,300,2097152,freeze_last_layer_hidden_producer
8,1.0,0.040023207664489746,0.1458892822265625,0.9986531734466553,0.2093672752380371,0.32822179794311523,0,0.18233251571655273,0.8846702865359727,0.0,0.019894761964678764,0,,2,8,8,1.0,0.33019423484802246,0.32822179794311523,0.9044507145881653,0.23666136234533042,0,2097152,normal
8,1.0,0.07520878314971924,0.15634489059448242,0.9955740571022034,0.0840168297290802,0.2647862434387207,0,0.10844135284423828,0.38444610410661884,0.0,0.01959526166319847,1,,2,8,8,1.0,0.26593780517578125,0.2647862434387207,0.9417837858200073,0.21853994313278235,0,2097152,normal
8,1.0,0.08645784854888916,0.15458297729492188,0.994135856628418,0.06157518923282623,0.24300193786621094,0,0.08841896057128906,0.26151084381038403,0.0,0.01987035572528839,2,,2,8,8,1.0,0.2573871612548828,0.24300193786621094,0.9471424221992493,0.2354594109201571,0,2097152,normal
8,1.0,0.08331596851348877,0.15655755996704102,0.9946222305297852,0.04675722122192383,0.2644205093383789,0,0.10786294937133789,0.20516058082415217,0.0,0.019870931282639503,3,,2,8,8,1.0,0.36781322956085205,0.2644205093383789,0.8909686803817749,0.22790548278862843,0,2097152,normal
8,1.0,0.10422837734222412,0.16774940490722656,0.9917723536491394,0.21841707825660706,0.30916786193847656,0,0.14141845703125,0.9228473616662671,0.0,0.020197296515107155,4,,2,8,8,1.0,0.3221471309661865,0.30916786193847656,0.9122177958488464,0.23667736109928228,0,2097152,normal
8,1.0,0.09961259365081787,0.17229938507080078,0.9918144345283508,0.0628061443567276,0.2026205062866211,0,0.030321121215820312,0.2520971037538297,0.0,0.020149381831288338,5,,2,8,8,1.0,0.1719515323638916,0.2026205062866211,0.9776960015296936,0.24913473190099467,0,2097152,normal
8,1.0,0.03708076477050781,0.14194011688232422,0.9989252090454102,0.11278868466615677,0.2807927131652832,0,0.13885259628295898,0.4806859457637781,0.0,0.019888395443558693,0,12.02901554107666,2,8,8,1.0,0.3181774616241455,0.2807927131652832,0.9196812510490417,0.23464111164503265,1,2097152,normal
8,1.0,0.1075061559677124,0.17358112335205078,0.9907586574554443,0.04182526469230652,0.36382246017456055,0,0.19024133682250977,0.18989491386598964,0.0,0.019595736637711525,1,12.02901554107666,2,8,8,1.0,0.4716416597366333,0.36382246017456055,0.8068774342536926,0.2202547916676849,1,2097152,normal
8,1.0,0.09709584712982178,0.1567401885986328,0.9926867485046387,0.01563270390033722,0.22644567489624023,0,0.06970548629760742,0.06955914014994379,0.0,0.01986764743924141,2,12.02901554107666,2,8,8,1.0,0.2741518020629883,0.22644567489624023,0.937936007976532,0.22473975190951023,1,2097152,normal
8,1.0,0.09627890586853027,0.14989566802978516,0.9924404621124268,0.20139500498771667,0.4040522575378418,0,0.25415658950805664,0.9441578707621435,0.0,0.01987449824810028,3,12.02901554107666,2,8,8,1.0,0.46378231048583984,0.4040522575378418,0.8202124834060669,0.2133064937806921,1,2097152,normal
8,1.0,0.1440054178237915,0.16688776016235352,0.9840441346168518,0.2260875701904297,0.3298497200012207,0,0.1629619598388672,0.9868822427748494,0.0,0.020200565457344055,4,12.02901554107666,2,8,8,1.0,0.35961008071899414,0.3298497200012207,0.8938942551612854,0.2290927533103968,1,2097152,normal
8,1.0,0.08904719352722168,0.1515946388244629,0.9932282567024231,0.10726410150527954,0.3281850814819336,0,0.1765904426574707,0.48922111635362836,0.0,0.02015036530792713,5,12.02901554107666,2,8,8,1.0,0.4058581590652466,0.3281850814819336,0.8631892204284668,0.219254848001583,1,2097152,normal
8,1.0,0.03955817222595215,0.14325714111328125,0.9987720251083374,0.08037906885147095,0.28223133087158203,0,0.13897418975830078,0.348040163861153,0.0,0.019881395623087883,0,11.9784574508667,2,8,8,1.0,0.3556126356124878,0.28223133087158203,0.9008930325508118,0.23094768132432364,2,2097152,normal
8,1.0,0.14155220985412598,0.19064998626708984,0.9842023849487305,0.042566895484924316,0.4415726661682129,0,0.25092267990112305,0.20848717330313135,0.0,0.01959528960287571,1,11.9784574508667,2,8,8,1.0,0.5977822542190552,0.4415726661682129,0.6614412069320679,0.20417033245030325,2,2097152,normal
8,1.0,0.10604321956634521,0.1649155616760254,0.9915958046913147,0.11358435451984406,0.31522464752197266,0,0.15030908584594727,0.597119057099018,0.0,0.019864648580551147,2,11.9784574508667,2,8,8,1.0,0.36636924743652344,0.31522464752197266,0.8914313912391663,0.19022061541909352,2,2097152,normal
8,1.0,0.10379660129547119,0.15398836135864258,0.9912459850311279,0.22974032163619995,0.5113372802734375,0,0.3573489189147949,1.2995985466008022,0.0,0.01987256482243538,3,11.9784574508667,2,8,8,1.0,0.5704807043075562,0.5113372802734375,0.7165783643722534,0.1767779151778086,2,2097152,normal
8,1.0,0.2362290620803833,0.25289440155029297,0.9555649757385254,0.022257640957832336,0.42287397384643555,0,0.16997957229614258,0.11048865408506146,0.0,0.02020474523305893,4,11.9784574508667,2,8,8,1.0,0.5300096273422241,0.42287397384643555,0.7651852369308472,0.2014472992013907,2,2097152,normal
8,1.0,0.10254967212677002,0.15544939041137695,0.9906108975410461,0.08170861005783081,0.4345097541809082,0,0.27906036376953125,0.4589227100900737,0.0,0.020156852900981903,5,11.9784574508667,2,8,8,1.0,0.5689244270324707,0.4345097541809082,0.726582407951355,0.17804438146413304,2,2097152,normal
8,1.0,0.04378020763397217,0.14719104766845703,0.9984167218208313,0.06945805251598358,0.2976951599121094,0,0.15050411224365234,0.30630358449891537,0.0,0.0198807530105114,0,11.729630470275879,2,8,8,1.0,0.41540729999542236,0.2976951599121094,0.8590920567512512,0.22676212761143688,3,2097152,normal
8,1.0,0.1846386194229126,0.22570180892944336,0.9717168807983398,0.13720452785491943,0.6007833480834961,0,0.37508153915405273,0.7541472976153765,0.0,0.01959603652358055,1,11.729630470275879,2,8,8,1.0,0.713695764541626,0.6007833480834961,0.4956316351890564,0.1819333282619482,3,2097152,normal
8,1.0,0.11334168910980225,0.18755435943603516,0.9892610311508179,0.1533460021018982,0.5072112083435059,0,0.3196568489074707,1.0121637033066402,0.0,0.019863979890942574,2,11.729630470275879,2,8,8,1.0,0.546923041343689,0.5072112083435059,0.7336663007736206,0.1515031625822303,3,2097152,normal
8,1.0,0.10794174671173096,0.15636253356933594,0.9908413290977478,0.1286379098892212,0.4875345230102539,0,0.33117198944091797,0.9360466009648349,0.0,0.019871216267347336,3,11.729630470275879,2,8,8,1.0,0.5898746252059937,0.4875345230102539,0.6963986158370972,0.13742682229349157,3,2097152,normal
8,1.0,0.28621339797973633,0.3248929977416992,0.923877477645874,0.32519176602363586,0.7855892181396484,0,0.4606962203979492,2.109536664984947,0.0,0.020210644230246544,4,11.729630470275879,2,8,8,1.0,0.7436734437942505,0.7855892181396484,0.41586920619010925,0.15415317089355085,3,2097152,normal
8,1.0,0.14218401908874512,0.17265987396240234,0.9825209379196167,0.07839655876159668,0.5617599487304688,0,0.3891000747680664,0.5962206943021844,0.0,0.020162245258688927,5,11.729630470275879,2,8,8,1.0,0.6780663728713989,0.5617599487304688,0.5798637270927429,0.13148916082718642,3,2097152,normal
8,1.0,0.05642414093017578,0.15193748474121094,0.997158944606781,0.003133714199066162,0.3290696144104004,0,0.17713212966918945,0.014431981072543463,0.0,0.019891049712896347,0,11.210721015930176,2,8,8,1.0,0.5370055437088013,0.3290696144104004,0.7465757727622986,0.21713680078391917,5,2097152,normal
8,1.0,0.20876812934875488,0.25600147247314453,0.9582788348197937,0.2557896375656128,0.8193645477294922,0,0.5633630752563477,1.996344664380811,0.0,0.019606096670031548,1,11.210721015930176,2,8,8,1.0,0.8104742765426636,0.8193645477294922,0.2847171425819397,0.1281289960243157,5,2097152,normal
8,1.0,0.12344086170196533,0.17052412033081055,0.9879181981086731,0.09121251106262207,0.6124868392944336,0,0.44196271896362305,1.044854976524368,0.0,0.019861262291669846,2,11.210721015930176,2,8,8,1.0,0.7205841541290283,0.6124868392944336,0.508857786655426,0.08729681449767668,5,2097152,normal
8,1.0,0.11858367919921875,0.16434478759765625,0.9893608093261719,0.00904303789138794,0.47437143325805664,0,0.3277912139892578,0.11986708886511417,0.0,0.019878843799233437,3,11.210721015930176,2,8,8,1.0,0.7248417139053345,0.49213600158691406,0.41989806294441223,0.0754422083409736,5,2097152,normal
8,1.0,0.23812103271484375,0.31321239471435547,0.9379388093948364,0.5390356779098511,0.9663019180297852,0,0.6530895233154297,7.561871334112656,0.0,0.020228076726198196,4,11.210721015930176,2,8,8,1.0,0.8493790626525879,0.9663019180297852,0.10031335800886154,0.07128337075482705,5,2097152,normal
8,1.0,0.1844770908355713,0.22321796417236328,0.9718886613845825,0.5109056234359741,0.9622154235839844,0,0.7389974594116211,8.345775402344238,0.0,0.020177211612462997,5,11.210721015930176,2,8,8,1.0,0.8457902669906616,0.9622154235839844,0.1103539764881134,0.061217274465889204,5,2097152,normal
8,1.0,0.10870635509490967,0.1767110824584961,0.990290105342865,0.21675878763198853,0.5736517906188965,0,0.3969407081604004,1.079592533982917,0.0,0.019929181784391403,0,10.70031452178955,2,8,8,1.0,0.7064036130905151,0.5736517906188965,0.5345705151557922,0.20077833146206103,10,2097152,normal
8,1.0,0.1709744930267334,0.1776418685913086,0.9764392971992493,0.2976776361465454,0.9368162155151367,0,0.7591743469238281,4.151258794928579,0.0,0.01961345411837101,1,10.70031452178955,2,8,8,1.0,0.8470065593719482,0.9368162155151367,0.14784517884254456,0.07170780017622747,10,2097152,normal
8,1.0,0.1678011417388916,0.19155550003051758,0.9777531027793884,0.3203107714653015,0.971369743347168,0,0.7798142433166504,6.95292236051973,0.0,0.01985430158674717,2,10.70031452178955,2,8,8,1.0,0.8553061485290527,0.971369743347168,0.08635809272527695,0.0460685097368696,10,2097152,normal
8,1.0,0.1647176742553711,0.2122197151184082,0.9779529571533203,0.6645888090133667,0.9908585548400879,0,0.7786388397216797,18.1925096622378,0.0,0.01989111863076687,3,10.70031452178955,2,8,8,1.0,0.868302583694458,0.9908585548400879,0.03281152993440628,0.03653090317675378,10,2097152,normal
8,1.0,0.24987304210662842,0.31902217864990234,0.933228075504303,1.0012903213500977,0.9916825294494629,0,0.6726603507995605,33.7343186660156,0.0,0.020272260531783104,4,10.70031452178955,2,8,8,1.0,0.8701841831207275,0.9916825294494629,0.029223859310150146,0.029681652422368643,10,2097152,normal
8,1.0,0.28387880325317383,0.2706632614135742,0.934113621711731,1.1811401844024658,0.9920511245727539,0,0.7213878631591797,47.11047214191904,0.0,0.020219793543219566,5,10.70031452178955,2,8,8,1.0,0.8705902099609375,0.9920511245727539,0.02796286903321743,0.025071711886994308,10,2097152,normal
8,1.0,0.14349746704101562,0.19917774200439453,0.9835929870605469,0.3650516867637634,0.6955981254577637,0,0.49642038345336914,2.0485797057665986,0.0,0.020003264769911766,0,9.249417304992676,2,8,8,1.0,0.7470793724060059,0.6955981254577637,0.44704341888427734,0.17819745345332194,20,2097152,normal
8,1.0,0.2397838830947876,0.2230381965637207,0.9546734690666199,0.3909258246421814,0.9825825691223145,0,0.7595443725585938,7.639558303059998,0.0,0.01962118409574032,1,9.249417304992676,2,8,8,1.0,0.8641105890274048,0.9825825691223145,0.055763863027095795,0.05117126005643513,20,2097152,normal
8,1.0,0.23087477684020996,0.21327447891235352,0.9580102562904358,0.12413030862808228,0.9783706665039062,0,0.7650961875915527,4.4879271399516245,0.0,0.019858691841363907,2,9.249417304992676,2,8,8,1.0,0.8636599779129028,0.9783706665039062,0.0642862617969513,0.027658717433951097,20,2097152,normal
8,1.0,0.2267289161682129,0.25629758834838867,0.9563933610916138,0.327970027923584,0.9930934906005859,0,0.7367959022521973,15.869514914574731,0.0,0.019914919510483742,3,9.249417304992676,2,8,8,1.0,0.8706954717636108,0.9930934906005859,0.025220388546586037,0.02066667000781308,20,2097152,normal
8,1.0,0.216971755027771,0.2046680450439453,0.9637237191200256,0.42358726263046265,0.9952073097229004,0,0.7905392646789551,23.962277952901093,0.0,0.020240308716893196,4,9.249417304992676,2,8,8,1.0,0.8729158639907837,0.9952073097229004,0.01715131662786007,0.017677253534202464,20,2097152,normal
8,1.0,0.2048330307006836,0.21890926361083984,0.9673784375190735,0.04176509380340576,0.9264340400695801,0,0.7075247764587402,2.763598944237824,0.0,0.020200038328766823,5,9.249417304992676,2,8,8,1.0,0.8512500524520874,0.9264340400695801,0.15057629346847534,0.015112574091290298,20,2097152,normal
8,1.0,0.3752567768096924,0.3102717399597168,0.8860692381858826,0.6998368501663208,0.7244253158569336,0,0.4141535758972168,1.2059748388041531,0.0,0.020280878990888596,0,7.642361164093018,2,8,8,1.0,0.781592845916748,0.7244253158569336,0.37988367676734924,0.5803080028272234,50,2097152,normal
8,1.0,0.393185019493103,0.32378244400024414,0.8780940771102905,0.22131729125976562,0.7396359443664551,0,0.41585350036621094,1.72015623442651,0.0,0.01965494640171528,1,7.642361164093018,2,8,8,1.0,0.7692116498947144,0.7396359443664551,0.4078569710254669,0.1286611569521483,50,2097152,normal
8,1.0,0.4890248775482178,0.3217892646789551,0.7999728918075562,0.3464229702949524,0.5487546920776367,0,0.22696542739868164,1.697329801016115,0.0,0.019978782162070274,2,7.642361164093018,2,8,8,1.0,0.758692741394043,0.5487546920776367,0.3506547808647156,0.20409879687940702,50,2097152,normal
8,1.0,0.4882603883743286,0.4246797561645508,0.7945094108581543,0.18008708953857422,0.8484506607055664,0,0.4237709045410156,2.3111473421485766,0.0,0.020018035545945168,3,7.642361164093018,2,8,8,1.0,0.8349082469940186,0.8484506607055664,0.2190367728471756,0.07792107679779292,50,2097152,normal
8,1.0,0.7291486263275146,0.6729483604431152,0.4889651834964752,0.17726171016693115,0.8305859565734863,0,0.1576375961303711,2.3987964140044165,0.0,0.020329687744379044,4,7.642361164093018,2,8,8,1.0,0.8290315866470337,0.8305859565734863,0.239784836769104,0.07389610436803196,50,2097152,normal
8,1.0,0.5334773063659668,0.4323301315307617,0.7562446594238281,0.41796743869781494,0.9948687553405762,0,0.5625386238098145,5.235941465753965,0.0,0.02038842812180519,5,7.642361164093018,2,8,8,1.0,0.8736910820007324,0.9948687553405762,0.015618205070495605,0.07982660643392592,50,2097152,normal
8,1.0,0.5560710430145264,0.3552985191345215,0.7284536361694336,0.2772841453552246,0.5145416259765625,0,0.15924310684204102,0.17118284102883916,0.0,0.020849181339144707,0,7.885587692260742,2,8,8,1.0,0.7244186401367188,0.5145416259765625,0.468440979719162,1.6198127317475155,100,2097152,normal
8,1.0,0.4946610927581787,0.34199094772338867,0.7963151931762695,0.02064681053161621,0.24940776824951172,0,0.008339405059814453,0.0694078254026454,0.0,0.019858309999108315,1,7.885587692260742,2,8,8,1.0,0.5196778774261475,0.3503303527832031,0.7666537165641785,0.29747093230253085,100,2097152,normal
8,1.0,0.4071863889694214,0.3271293640136719,0.8289570808410645,0.00733339786529541,0.29675912857055664,0,-0.030370235443115234,0.014908240008757368,0.0,0.02013527974486351,2,7.885587692260742,2,8,8,1.0,0.5467641353607178,0.29675912857055664,0.7022756934165955,0.49190232119872235,100,2097152,normal
8,1.0,0.35231995582580566,0.2466135025024414,0.8986332416534424,0.5339958667755127,0.8298792839050293,0,0.5832657814025879,3.273624385377425,0.0,0.02017947845160961,3,7.885587692260742,2,8,8,1.0,0.8196943998336792,0.8298792839050293,0.27581486105918884,0.16312068945990177,100,2097152,normal
8,1.0,0.62937331199646,0.4516720771789551,0.6443189978599548,0.3150050640106201,0.7247686386108398,0,0.27309656143188477,1.0408911612103804,0.0,0.0203795675188303,4,7.885587692260742,2,8,8,1.0,0.7865502834320068,0.7247686386108398,0.3641960322856903,0.3026301651407266,100,2097152,normal
8,1.0,0.32050108909606934,0.2580399513244629,0.9210202693939209,0.4742708206176758,0.8888339996337891,0,0.6307940483093262,5.359720970905978,0.0,0.020747628062963486,5,7.885587692260742,2,8,8,1.0,0.828429102897644,0.8888339996337891,0.22608615458011627,0.08848796853271779,100,2097152,normal
8,1.0,0.5829581022262573,0.4034576416015625,0.7043367624282837,3.725592613220215,0.7189955711364746,0,0.3155379295349121,1.7662557108969454,0.0,0.02172447368502617,0,6.906022071838379,2,8,8,1.0,0.7854039669036865,0.7189955711364746,0.37008094787597656,2.1093166692880914,200,2097152,normal
8,1.0,0.43856871128082275,0.36565208435058594,0.8247938752174377,0.05966472625732422,0.4313392639160156,0,0.06568717956542969,0.3358070203479039,0.0,0.019792286679148674,1,6.906022071838379,2,8,8,1.0,0.5873404741287231,0.4313392639160156,0.708359956741333,0.17767563702363987,200,2097152,normal
8,1.0,0.41686129570007324,0.3067946434020996,0.8577180504798889,0.1594797968864441,0.26446962356567383,0,0.02392864227294922,0.3200747585404244,0.0,0.020061608403921127,2,6.906022071838379,2,8,8,1.0,0.511489748954773,0.33072328567504883,0.773840606212616,0.4982579620264005,200,2097152,normal
8,1.0,0.4589654207229614,0.36138010025024414,0.8280854821205139,0.20016580820083618,0.3712801933288574,0,0.009900093078613281,0.8054433484687604,0.0,0.02018451876938343,3,6.906022071838379,2,8,8,1.0,0.5789957046508789,0.3712801933288574,0.70196533203125,0.248516309162369,200,2097152,normal
8,1.0,0.3883150815963745,0.2666926383972168,0.8709338903427124,0.0371628999710083,0.4086112976074219,0,0.14191865921020508,0.136758940597816,0.0,0.020439688116312027,4,6.906022071838379,2,8,8,1.0,0.5598454475402832,0.4086112976074219,0.7263327836990356,0.271740186115494,200,2097152,normal
8,1.0,0.3118116855621338,0.29527711868286133,0.9231114983558655,0.0565410852432251,0.29462099075317383,0,0.0200042724609375,0.3699637188735161,0.0,0.020685801282525063,5,6.906022071838379,2,8,8,1.0,0.5363609790802002,0.31528139114379883,0.7397224307060242,0.15282872984244023,200,2097152,normal
8,1.0,0.5922430753707886,0.4057579040527344,0.6976912021636963,3.1082589626312256,0.6868529319763184,0,0.281095027923584,1.3652021599619033,0.0,0.022186150774359703,0,7.013782024383545,2,8,8,1.0,0.7741873264312744,0.6868529319763184,0.3939065933227539,2.2767755968961865,300,2097152,normal
8,1.0,0.5691930055618286,0.4601755142211914,0.7268526554107666,0.09825456142425537,0.29984569549560547,0,-0.16032981872558594,0.3085920257520055,0.0,0.0197647362947464,1,7.013782024383545,2,8,8,1.0,0.4870133399963379,0.29984569549560547,0.7863125801086426,0.318396307178773,300,2097152,normal
8,1.0,0.44803285598754883,0.2880983352661133,0.8221640586853027,0.17234346270561218,0.35861825942993164,0,0.07051992416381836,0.443352741166623,0.0,0.01995517872273922,2,7.013782024383545,2,8,8,1.0,0.5027576684951782,0.35861825942993164,0.7908275127410889,0.3887276353634661,300,2097152,normal
8,1.0,0.5046693086624146,0.4255189895629883,0.7907282710075378,0.11107957363128662,0.3642911911010742,0,-0.06122779846191406,0.4425469109840266,0.0,0.020208582282066345,3,7.013782024383545,2,8,8,1.0,0.5440069437026978,0.3642911911010742,0.7453910112380981,0.2510006755765062,300,2097152,normal
8,1.0,0.20901358127593994,0.20516347885131836,0.9664614200592041,0.20602840185165405,0.5118899345397949,0,0.30672645568847656,1.7032891730362376,0.0,0.020453188568353653,4,7.013782024383545,2,8,8,1.0,0.5964500904083252,0.5118899345397949,0.6878406405448914,0.12095914487872506,300,2097152,normal
8,1.0,0.3370554447174072,0.24568700790405273,0.9024609327316284,0.022627651691436768,0.3364992141723633,0,0.09081220626831055,0.14507548907342063,0.0,0.020634092390537262,5,7.013782024383545,2,8,8,1.0,0.5548855066299438,0.3364992141723633,0.7272679209709167,0.1559715692565078,300,2097152,normal
8,1.0,0.07248222827911377,0.1549663543701172,0.9957801103591919,0.22573815286159515,0.36598682403564453,0,0.21102046966552734,0.921260017418697,0.0,0.020257946103811264,0,,0,8,8,1.0,0.4077019691467285,0.36598682403564453,0.8614068627357483,0.24503196556179319,0,2097152,freeze_last_layer_hidden_producer
8,1.0,0.06554520130157471,0.1422581672668457,0.9963375926017761,0.029365643858909607,0.25419139862060547,0,0.11193323135375977,0.12991627363927297,0.0,0.020085640251636505,1,,0,8,8,1.0,0.29007720947265625,0.25419139862060547,0.9338400363922119,0.22603514583897777,0,2097152,freeze_last_layer_hidden_producer
8,1.0,0.08092010021209717,0.14537763595581055,0.9947232007980347,0.31275689601898193,0.43079471588134766,0,0.2854170799255371,1.4008002362655243,0.0,0.020141582936048508,2,,0,8,8,1.0,0.45247673988342285,0.43079471588134766,0.8153420090675354,0.2232701622415334,0,2097152,freeze_last_layer_hidden_producer
8,1.0,0.08607947826385498,0.16413021087646484,0.9934484958648682,0.08045519888401031,0.27244997024536133,0,0.10831975936889648,0.3552331852343642,0.0,0.019879065454006195,3,,0,8,8,1.0,0.3076876401901245,0.27244997024536133,0.9243545532226562,0.22648559376830235,0,2097152,freeze_last_layer_hidden_producer
8,1.0,0.03903055191040039,0.15029573440551758,0.9984450340270996,0.17560437321662903,0.2869076728820801,0,0.1366119384765625,0.7399161718182706,0.0,0.020487409085035324,4,,0,8,8,1.0,0.2889453172683716,0.2869076728820801,0.9261310696601868,0.23733009211719036,0,2097152,freeze_last_layer_hidden_producer
8,1.0,0.03948771953582764,0.1386866569519043,0.9986173510551453,0.19357463717460632,0.2796797752380371,0,0.1409931182861328,0.8270530395058406,0.0,0.0203376654535532,5,,0,8,8,1.0,0.2927817106246948,0.2796797752380371,0.9310333132743835,0.2340534741160809,0,2097152,freeze_last_layer_hidden_producer
8,1.0,0.07248222827911377,0.1549663543701172,0.9957801103591919,0.22573815286159515,0.36598682403564453,0,0.21102046966552734,0.921260017418697,0.0,0.020257946103811264,0,11.998552322387695,0,8,8,1.0,0.4077019691467285,0.36598682403564453,0.8614068627357483,0.24503196556179319,1,2097152,freeze_last_layer_hidden_producer
8,1.0,0.06554520130157471,0.1422581672668457,0.9963375926017761,0.029365643858909607,0.25419139862060547,0,0.11193323135375977,0.12991627363927297,0.0,0.020085640251636505,1,11.998552322387695,0,8,8,1.0,0.29007720947265625,0.25419139862060547,0.9338400363922119,0.22603514583897777,1,2097152,freeze_last_layer_hidden_producer
8,1.0,0.08092010021209717,0.14537763595581055,0.9947232007980347,0.31275689601898193,0.43079471588134766,0,0.2854170799255371,1.4008002362655243,0.0,0.020141582936048508,2,11.998552322387695,0,8,8,1.0,0.45247673988342285,0.43079471588134766,0.8153420090675354,0.2232701622415334,1,2097152,freeze_last_layer_hidden_producer
8,1.0,0.08607947826385498,0.16413021087646484,0.9934484958648682,0.08045519888401031,0.27244997024536133,0,0.10831975936889648,0.3552331852343642,0.0,0.019879065454006195,3,11.998552322387695,0,8,8,1.0,0.3076876401901245,0.27244997024536133,0.9243545532226562,0.22648559376830235,1,2097152,freeze_last_layer_hidden_producer
8,1.0,0.03903055191040039,0.15029573440551758,0.9984450340270996,0.17560437321662903,0.2869076728820801,0,0.1366119384765625,0.7399161718182706,0.0,0.020487409085035324,4,11.998552322387695,0,8,8,1.0,0.2889453172683716,0.2869076728820801,0.9261310696601868,0.23733009211719036,1,2097152,freeze_last_layer_hidden_producer
8,1.0,0.04055500030517578,0.13843774795532227,0.9985917806625366,0.18002523481845856,0.28022146224975586,0,0.1417837142944336,0.7682751679162545,0.0,0.020340140908956528,5,11.998552322387695,0,8,8,1.0,0.3008537292480469,0.28022146224975586,0.9283740520477295,0.23432390156085603,1,2097152,freeze_last_layer_hidden_producer
8,1.0,0.07248222827911377,0.1549663543701172,0.9957801103591919,0.22573815286159515,0.36598682403564453,0,0.21102046966552734,0.921260017418697,0.0,0.020257946103811264,0,12.081409454345703,0,8,8,1.0,0.4077019691467285,0.36598682403564453,0.8614068627357483,0.24503196556179319,2,2097152,freeze_last_layer_hidden_producer
8,1.0,0.06554520130157471,0.1422581672668457,0.9963375926017761,0.029365643858909607,0.25419139862060547,0,0.11193323135375977,0.12991627363927297,0.0,0.020085640251636505,1,12.081409454345703,0,8,8,1.0,0.29007720947265625,0.25419139862060547,0.9338400363922119,0.22603514583897777,2,2097152,freeze_last_layer_hidden_producer
8,1.0,0.08092010021209717,0.14537763595581055,0.9947232007980347,0.31275689601898193,0.43079471588134766,0,0.2854170799255371,1.4008002362655243,0.0,0.020141582936048508,2,12.081409454345703,0,8,8,1.0,0.45247673988342285,0.43079471588134766,0.8153420090675354,0.2232701622415334,2,2097152,freeze_last_layer_hidden_producer
8,1.0,0.08607947826385498,0.16413021087646484,0.9934484958648682,0.08045519888401031,0.27244997024536133,0,0.10831975936889648,0.3552331852343642,0.0,0.019879065454006195,3,12.081409454345703,0,8,8,1.0,0.3076876401901245,0.27244997024536133,0.9243545532226562,0.22648559376830235,2,2097152,freeze_last_layer_hidden_producer
8,1.0,0.03903055191040039,0.15029573440551758,0.9984450340270996,0.17560437321662903,0.2869076728820801,0,0.1366119384765625,0.7399161718182706,0.0,0.020487409085035324,4,12.081409454345703,0,8,8,1.0,0.2889453172683716,0.2869076728820801,0.9261310696601868,0.23733009211719036,2,2097152,freeze_last_layer_hidden_producer
8,1.0,0.04248166084289551,0.13909053802490234,0.9985098242759705,0.16773204505443573,0.27648162841796875,0,0.1373910903930664,0.713910443928564,0.0,0.020343730226159096,5,12.081409454345703,0,8,8,1.0,0.30004799365997314,0.27648162841796875,0.9293250441551208,0.23494829986157129,2,2097152,freeze_last_layer_hidden_producer
8,1.0,0.07248222827911377,0.1549663543701172,0.9957801103591919,0.22573815286159515,0.36598682403564453,0,0.21102046966552734,0.921260017418697,0.0,0.020257946103811264,0,12.045735359191895,0,8,8,1.0,0.4077019691467285,0.36598682403564453,0.8614068627357483,0.24503196556179319,3,2097152,freeze_last_layer_hidden_producer
8,1.0,0.06554520130157471,0.1422581672668457,0.9963375926017761,0.029365643858909607,0.25419139862060547,0,0.11193323135375977,0.12991627363927297,0.0,0.020085640251636505,1,12.045735359191895,0,8,8,1.0,0.29007720947265625,0.25419139862060547,0.9338400363922119,0.22603514583897777,3,2097152,freeze_last_layer_hidden_producer
8,1.0,0.08092010021209717,0.14537763595581055,0.9947232007980347,0.31275689601898193,0.43079471588134766,0,0.2854170799255371,1.4008002362655243,0.0,0.020141582936048508,2,12.045735359191895,0,8,8,1.0,0.45247673988342285,0.43079471588134766,0.8153420090675354,0.2232701622415334,3,2097152,freeze_last_layer_hidden_producer
8,1.0,0.08607947826385498,0.16413021087646484,0.9934484958648682,0.08045519888401031,0.27244997024536133,0,0.10831975936889648,0.3552331852343642,0.0,0.019879065454006195,3,12.045735359191895,0,8,8,1.0,0.3076876401901245,0.27244997024536133,0.9243545532226562,0.22648559376830235,3,2097152,freeze_last_layer_hidden_producer
8,1.0,0.03903055191040039,0.15029573440551758,0.9984450340270996,0.17560437321662903,0.2869076728820801,0,0.1366119384765625,0.7399161718182706,0.0,0.020487409085035324,4,12.045735359191895,0,8,8,1.0,0.2889453172683716,0.2869076728820801,0.9261310696601868,0.23733009211719036,3,2097152,freeze_last_layer_hidden_producer
8,1.0,0.043582797050476074,0.1393718719482422,0.9984878301620483,0.16754546761512756,0.28154802322387695,0,0.14217615127563477,0.7107926927425902,0.0,0.02034997008740902,5,12.045735359191895,0,8,8,1.0,0.3075978755950928,0.28154802322387695,0.9255856275558472,0.23571636192355072,3,2097152,freeze_last_layer_hidden_producer
8,1.0,0.07248222827911377,0.1549663543701172,0.9957801103591919,0.22573815286159515,0.36598682403564453,0,0.21102046966552734,0.921260017418697,0.0,0.020257946103811264,0,11.95040512084961,0,8,8,1.0,0.4077019691467285,0.36598682403564453,0.8614068627357483,0.24503196556179319,5,2097152,freeze_last_layer_hidden_producer
8,1.0,0.06554520130157471,0.1422581672668457,0.9963375926017761,0.029365643858909607,0.25419139862060547,0,0.11193323135375977,0.12991627363927297,0.0,0.020085640251636505,1,11.95040512084961,0,8,8,1.0,0.29007720947265625,0.25419139862060547,0.9338400363922119,0.22603514583897777,5,2097152,freeze_last_layer_hidden_producer
8,1.0,0.08092010021209717,0.14537763595581055,0.9947232007980347,0.31275689601898193,0.43079471588134766,0,0.2854170799255371,1.4008002362655243,0.0,0.020141582936048508,2,11.95040512084961,0,8,8,1.0,0.45247673988342285,0.43079471588134766,0.8153420090675354,0.2232701622415334,5,2097152,freeze_last_layer_hidden_producer
8,1.0,0.08607947826385498,0.16413021087646484,0.9934484958648682,0.08045519888401031,0.27244997024536133,0,0.10831975936889648,0.3552331852343642,0.0,0.019879065454006195,3,11.95040512084961,0,8,8,1.0,0.3076876401901245,0.27244997024536133,0.9243545532226562,0.22648559376830235,5,2097152,freeze_last_layer_hidden_producer
8,1.0,0.03903055191040039,0.15029573440551758,0.9984450340270996,0.17560437321662903,0.2869076728820801,0,0.1366119384765625,0.7399161718182706,0.0,0.020487409085035324,4,11.95040512084961,0,8,8,1.0,0.2889453172683716,0.2869076728820801,0.9261310696601868,0.23733009211719036,5,2097152,freeze_last_layer_hidden_producer
8,1.0,0.04493594169616699,0.13991785049438477,0.9984724521636963,0.14896160364151,0.2874770164489746,0,0.14755916595458984,0.6286881109348915,0.0,0.020363284274935722,5,11.95040512084961,0,8,8,1.0,0.3249194622039795,0.2874770164489746,0.9168744087219238,0.236940385941125,5,2097152,freeze_last_layer_hidden_producer
8,1.0,0.07248222827911377,0.1549663543701172,0.9957801103591919,0.22573815286159515,0.36598682403564453,0,0.21102046966552734,0.921260017418697,0.0,0.020257946103811264,0,11.73714828491211,0,8,8,1.0,0.4077019691467285,0.36598682403564453,0.8614068627357483,0.24503196556179319,10,2097152,freeze_last_layer_hidden_producer
8,1.0,0.06554520130157471,0.1422581672668457,0.9963375926017761,0.029365643858909607,0.25419139862060547,0,0.11193323135375977,0.12991627363927297,0.0,0.020085640251636505,1,11.73714828491211,0,8,8,1.0,0.29007720947265625,0.25419139862060547,0.9338400363922119,0.22603514583897777,10,2097152,freeze_last_layer_hidden_producer
8,1.0,0.08092010021209717,0.14537763595581055,0.9947232007980347,0.31275689601898193,0.43079471588134766,0,0.2854170799255371,1.4008002362655243,0.0,0.020141582936048508,2,11.73714828491211,0,8,8,1.0,0.45247673988342285,0.43079471588134766,0.8153420090675354,0.2232701622415334,10,2097152,freeze_last_layer_hidden_producer
8,1.0,0.08607947826385498,0.16413021087646484,0.9934484958648682,0.08045519888401031,0.27244997024536133,0,0.10831975936889648,0.3552331852343642,0.0,0.019879065454006195,3,11.73714828491211,0,8,8,1.0,0.3076876401901245,0.27244997024536133,0.9243545532226562,0.22648559376830235,10,2097152,freeze_last_layer_hidden_producer
8,1.0,0.03903055191040039,0.15029573440551758,0.9984450340270996,0.17560437321662903,0.2869076728820801,0,0.1366119384765625,0.7399161718182706,0.0,0.020487409085035324,4,11.73714828491211,0,8,8,1.0,0.2889453172683716,0.2869076728820801,0.9261310696601868,0.23733009211719036,10,2097152,freeze_last_layer_hidden_producer
8,1.0,0.047087907791137695,0.13947296142578125,0.9982359409332275,0.22581015527248383,0.4015979766845703,0,0.26212501525878906,0.9271076468086915,0.0,0.02041059359908104,5,11.73714828491211,0,8,8,1.0,0.44383811950683594,0.4015979766845703,0.8335687518119812,0.24356411690678215,10,2097152,freeze_last_layer_hidden_producer
8,1.0,0.07248222827911377,0.1549663543701172,0.9957801103591919,0.22573815286159515,0.36598682403564453,0,0.21102046966552734,0.921260017418697,0.0,0.020257946103811264,0,11.403026580810547,0,8,8,1.0,0.4077019691467285,0.36598682403564453,0.8614068627357483,0.24503196556179319,20,2097152,freeze_last_layer_hidden_producer
8,1.0,0.06554520130157471,0.1422581672668457,0.9963375926017761,0.029365643858909607,0.25419139862060547,0,0.11193323135375977,0.12991627363927297,0.0,0.020085640251636505,1,11.403026580810547,0,8,8,1.0,0.29007720947265625,0.25419139862060547,0.9338400363922119,0.22603514583897777,20,2097152,freeze_last_layer_hidden_producer
8,1.0,0.08092010021209717,0.14537763595581055,0.9947232007980347,0.31275689601898193,0.43079471588134766,0,0.2854170799255371,1.4008002362655243,0.0,0.020141582936048508,2,11.403026580810547,0,8,8,1.0,0.45247673988342285,0.43079471588134766,0.8153420090675354,0.2232701622415334,20,2097152,freeze_last_layer_hidden_producer
8,1.0,0.08607947826385498,0.16413021087646484,0.9934484958648682,0.08045519888401031,0.27244997024536133,0,0.10831975936889648,0.3552331852343642,0.0,0.019879065454006195,3,11.403026580810547,0,8,8,1.0,0.3076876401901245,0.27244997024536133,0.9243545532226562,0.22648559376830235,20,2097152,freeze_last_layer_hidden_producer
8,1.0,0.03903055191040039,0.15029573440551758,0.9984450340270996,0.17560437321662903,0.2869076728820801,0,0.1366119384765625,0.7399161718182706,0.0,0.020487409085035324,4,11.403026580810547,0,8,8,1.0,0.2889453172683716,0.2869076728820801,0.9261310696601868,0.23733009211719036,20,2097152,freeze_last_layer_hidden_producer
8,1.0,0.10738170146942139,0.18799877166748047,0.9893285036087036,0.4171304404735565,0.6129860877990723,0,0.4249873161315918,1.5569451826446479,0.0,0.020560670644044876,5,11.403026580810547,0,8,8,1.0,0.6363862752914429,0.6129860877990723,0.614573061466217,0.26791594535461627,20,2097152,freeze_last_layer_hidden_producer
8,1.0,0.07248222827911377,0.1549663543701172,0.9957801103591919,0.22573815286159515,0.36598682403564453,0,0.21102046966552734,0.921260017418697,0.0,0.020257946103811264,0,8.446533203125,0,8,8,1.0,0.4077019691467285,0.36598682403564453,0.8614068627357483,0.24503196556179319,50,2097152,freeze_last_layer_hidden_producer
8,1.0,0.06554520130157471,0.1422581672668457,0.9963375926017761,0.029365643858909607,0.25419139862060547,0,0.11193323135375977,0.12991627363927297,0.0,0.020085640251636505,1,8.446533203125,0,8,8,1.0,0.29007720947265625,0.25419139862060547,0.9338400363922119,0.22603514583897777,50,2097152,freeze_last_layer_hidden_producer
8,1.0,0.08092010021209717,0.14537763595581055,0.9947232007980347,0.31275689601898193,0.43079471588134766,0,0.2854170799255371,1.4008002362655243,0.0,0.020141582936048508,2,8.446533203125,0,8,8,1.0,0.45247673988342285,0.43079471588134766,0.8153420090675354,0.2232701622415334,50,2097152,freeze_last_layer_hidden_producer
8,1.0,0.08607947826385498,0.16413021087646484,0.9934484958648682,0.08045519888401031,0.27244997024536133,0,0.10831975936889648,0.3552331852343642,0.0,0.019879065454006195,3,8.446533203125,0,8,8,1.0,0.3076876401901245,0.27244997024536133,0.9243545532226562,0.22648559376830235,50,2097152,freeze_last_layer_hidden_producer
8,1.0,0.03903055191040039,0.15029573440551758,0.9984450340270996,0.17560437321662903,0.2869076728820801,0,0.1366119384765625,0.7399161718182706,0.0,0.020487409085035324,4,8.446533203125,0,8,8,1.0,0.2889453172683716,0.2869076728820801,0.9261310696601868,0.23733009211719036,50,2097152,freeze_last_layer_hidden_producer
8,1.0,0.2730141878128052,0.34576892852783203,0.9173662662506104,1.6439404487609863,0.8900642395019531,0,0.5442953109741211,3.8663884424704853,0.0,0.02140980027616024,5,8.446533203125,0,8,8,1.0,0.8015559911727905,0.8900642395019531,0.2529408931732178,0.42518760678649414,50,2097152,freeze_last_layer_hidden_producer
8,1.0,0.07248222827911377,0.1549663543701172,0.9957801103591919,0.22573815286159515,0.36598682403564453,0,0.21102046966552734,0.921260017418697,0.0,0.020257946103811264,0,7.4869890213012695,0,8,8,1.0,0.4077019691467285,0.36598682403564453,0.8614068627357483,0.24503196556179319,100,2097152,freeze_last_layer_hidden_producer
8,1.0,0.06554520130157471,0.1422581672668457,0.9963375926017761,0.029365643858909607,0.25419139862060547,0,0.11193323135375977,0.12991627363927297,0.0,0.020085640251636505,1,7.4869890213012695,0,8,8,1.0,0.29007720947265625,0.25419139862060547,0.9338400363922119,0.22603514583897777,100,2097152,freeze_last_layer_hidden_producer
8,1.0,0.08092010021209717,0.14537763595581055,0.9947232007980347,0.31275689601898193,0.43079471588134766,0,0.2854170799255371,1.4008002362655243,0.0,0.020141582936048508,2,7.4869890213012695,0,8,8,1.0,0.45247673988342285,0.43079471588134766,0.8153420090675354,0.2232701622415334,100,2097152,freeze_last_layer_hidden_producer
8,1.0,0.08607947826385498,0.16413021087646484,0.9934484958648682,0.08045519888401031,0.27244997024536133,0,0.10831975936889648,0.3552331852343642,0.0,0.019879065454006195,3,7.4869890213012695,0,8,8,1.0,0.3076876401901245,0.27244997024536133,0.9243545532226562,0.22648559376830235,100,2097152,freeze_last_layer_hidden_producer
8,1.0,0.03903055191040039,0.15029573440551758,0.9984450340270996,0.17560437321662903,0.2869076728820801,0,0.1366119384765625,0.7399161718182706,0.0,0.020487409085035324,4,7.4869890213012695,0,8,8,1.0,0.2889453172683716,0.2869076728820801,0.9261310696601868,0.23733009211719036,100,2097152,freeze_last_layer_hidden_producer
8,1.0,0.3291597366333008,0.36336421966552734,0.8955850005149841,2.103083610534668,0.9036531448364258,0,0.5402889251708984,4.0427719066750365,0.0,0.022314749658107758,5,7.4869890213012695,0,8,8,1.0,0.820723295211792,0.9036531448364258,0.21752381324768066,0.5202083271287847,100,2097152,freeze_last_layer_hidden_producer
8,1.0,0.07248222827911377,0.1549663543701172,0.9957801103591919,0.22573815286159515,0.36598682403564453,0,0.21102046966552734,0.921260017418697,0.0,0.020257946103811264,0,7.977423191070557,0,8,8,1.0,0.4077019691467285,0.36598682403564453,0.8614068627357483,0.24503196556179319,200,2097152,freeze_last_layer_hidden_producer
8,1.0,0.06554520130157471,0.1422581672668457,0.9963375926017761,0.029365643858909607,0.25419139862060547,0,0.11193323135375977,0.12991627363927297,0.0,0.020085640251636505,1,7.977423191070557,0,8,8,1.0,0.29007720947265625,0.25419139862060547,0.9338400363922119,0.22603514583897777,200,2097152,freeze_last_layer_hidden_producer
8,1.0,0.08092010021209717,0.14537763595581055,0.9947232007980347,0.31275689601898193,0.43079471588134766,0,0.2854170799255371,1.4008002362655243,0.0,0.020141582936048508,2,7.977423191070557,0,8,8,1.0,0.45247673988342285,0.43079471588134766,0.8153420090675354,0.2232701622415334,200,2097152,freeze_last_layer_hidden_producer
8,1.0,0.08607947826385498,0.16413021087646484,0.9934484958648682,0.08045519888401031,0.27244997024536133,0,0.10831975936889648,0.3552331852343642,0.0,0.019879065454006195,3,7.977423191070557,0,8,8,1.0,0.3076876401901245,0.27244997024536133,0.9243545532226562,0.22648559376830235,200,2097152,freeze_last_layer_hidden_producer
8,1.0,0.03903055191040039,0.15029573440551758,0.9984450340270996,0.17560437321662903,0.2869076728820801,0,0.1366119384765625,0.7399161718182706,0.0,0.020487409085035324,4,7.977423191070557,0,8,8,1.0,0.2889453172683716,0.2869076728820801,0.9261310696601868,0.23733009211719036,200,2097152,freeze_last_layer_hidden_producer
8,1.0,0.3357665538787842,0.336578369140625,0.9041963815689087,2.2325868606567383,0.8943266868591309,0,0.5577483177185059,3.9423403311603087,0.0,0.023114852607250214,5,7.977423191070557,0,8,8,1.0,0.818355917930603,0.8943266868591309,0.23482252657413483,0.5663100273231976,200,2097152,freeze_last_layer_hidden_producer
8,1.0,0.07248222827911377,0.1549663543701172,0.9957801103591919,0.22573815286159515,0.36598682403564453,0,0.21102046966552734,0.921260017418697,0.0,0.020257946103811264,0,8.282465934753418,0,8,8,1.0,0.4077019691467285,0.36598682403564453,0.8614068627357483,0.24503196556179319,300,2097152,freeze_last_layer_hidden_producer
8,1.0,0.06554520130157471,0.1422581672668457,0.9963375926017761,0.029365643858909607,0.25419139862060547,0,0.11193323135375977,0.12991627363927297,0.0,0.020085640251636505,1,8.282465934753418,0,8,8,1.0,0.29007720947265625,0.25419139862060547,0.9338400363922119,0.22603514583897777,300,2097152,freeze_last_layer_hidden_producer
8,1.0,0.08092010021209717,0.14537763595581055,0.9947232007980347,0.31275689601898193,0.43079471588134766,0,0.2854170799255371,1.4008002362655243,0.0,0.020141582936048508,2,8.282465934753418,0,8,8,1.0,0.45247673988342285,0.43079471588134766,0.8153420090675354,0.2232701622415334,300,2097152,freeze_last_layer_hidden_producer
8,1.0,0.08607947826385498,0.16413021087646484,0.9934484958648682,0.08045519888401031,0.27244997024536133,0,0.10831975936889648,0.3552331852343642,0.0,0.019879065454006195,3,8.282465934753418,0,8,8,1.0,0.3076876401901245,0.27244997024536133,0.9243545532226562,0.22648559376830235,300,2097152,freeze_last_layer_hidden_producer
8,1.0,0.03903055191040039,0.15029573440551758,0.9984450340270996,0.17560437321662903,0.2869076728820801,0,0.1366119384765625,0.7399161718182706,0.0,0.020487409085035324,4,8.282465934753418,0,8,8,1.0,0.2889453172683716,0.2869076728820801,0.9261310696601868,0.23733009211719036,300,2097152,freeze_last_layer_hidden_producer
8,1.0,0.3193761110305786,0.3314175605773926,0.9118198752403259,2.2720770835876465,0.8926496505737305,0,0.5612320899963379,3.9670690233015247,0.0,0.023448579013347626,5,8.282465934753418,0,8,8,1.0,0.816637396812439,0.8926496505737305,0.23740456998348236,0.5727344470797107,300,2097152,freeze_last_layer_hidden_producer
